Temp./°C,DSC/(mW/mg),pore radius in nm
-0.31664,0.0003077329,204.80825164224356
-0.31682,0.0005142406,204.69221450665995
-0.31783,0.0006884142,204.04355504514993
-0.32045,-0.0002277681,202.3799547511312
-0.32433,-0.001952721,199.9656772423149
-0.32942,-0.003126348,196.88473498876814
-0.33556,-0.004254282,193.29261294552387
-0.34264,-0.007440392,189.31036890030353
-0.34966,-0.009025673,185.52109534976833
-0.3578,-0.009355974,181.31343208496367
-0.36614,-0.01153182,177.19642704976238
-0.37459,-0.0128581,173.21208868362743
-0.38332,-0.01375718,169.2802160075133
-0.39201,-0.01529858,165.54028137037318
-0.40047,-0.01642622,162.05525482557994
-0.40898,-0.0172433,158.69509169152525
-0.41725,-0.01788836,155.56101258238465
-0.42568,-0.01788244,152.49163127231722
-0.43395,-0.01827866,149.59638552828667
-0.44228,-0.01831236,146.78958940037984
-0.45046,-0.01858438,144.13435643564355
-0.4586,-0.01763889,141.5861360662887
-0.46706,-0.01792533,139.03186785423713
-0.47496,-0.01906364,136.72883442816237
-0.48308,-0.01787808,134.44016643206095
-0.49141,-0.01736603,132.17090352251682
-0.4998,-0.01747167,129.96175670268107
-0.5081,-0.01717339,127.8480948632159
-0.51671,-0.01661006,125.72724487623618
-0.52538,-0.01599076,123.6618573223191
-0.53407,-0.01601406,121.65899582451738
-0.54274,-0.01556741,119.72465968972251
-0.55168,-0.01464326,117.79375290023202
-0.56062,-0.01477845,115.92442902500802
-0.56947,-0.01444297,114.13173283930671
-0.57845,-0.01373228,112.3687725818999
-0.58745,-0.01354752,110.65596476295855
-0.59645,-0.01337417,108.99484701148461
-0.60533,-0.01306857,107.40428873507011
-0.61433,-0.01225034,105.83915501440593
-0.6234,-0.0120926,104.30756817452679
-0.63216,-0.01233903,102.87005062009617
-0.64104,-0.01187704,101.452940222139
-0.64989,-0.01217398,100.07914770191879
-0.65837,-0.01245104,98.79744049698498
-0.66719,-0.0119805,97.49891080501807
-0.67577,-0.01184205,96.26824052562262
-0.68453,-0.01197049,95.04358041283801
-0.69301,-0.01224612,93.8875567452129
-0.70158,-0.01193244,92.74765614755266
-0.71019,-0.01221441,91.63013883608612
-0.71858,-0.0123264,90.56693840630132
-0.72713,-0.01224985,89.50870422070331
-0.73549,-0.01260589,88.49777604046282
-0.74382,-0.01268692,87.51307762630744
-0.75221,-0.01265321,86.5433319152896
-0.76051,-0.01279459,85.60504227426331
-0.76888,-0.01293814,84.6793538653626
-0.77705,-0.0130904,83.795017695129
-0.78539,-0.0130593,82.91125720979385
-0.79359,-0.01296379,82.06044216787005
-0.80199,-0.01269374,81.20691567226524
-0.81035,-0.01301685,80.37502252113283
-0.81862,-0.01319116,79.5688028633554
-0.82701,-0.01293734,78.7673615796665
-0.83537,-0.01279949,77.98479823311825
-0.84383,-0.01279377,77.20865944562293
-0.85219,-0.01283377,76.45683274856546
-0.86061,-0.01287543,75.71437433913154
-0.86894,-0.01298941,74.99401086381107
-0.87734,-0.01271457,74.28144596165681
-0.88579,-0.01285636,73.57827509906411
-0.89412,-0.0130238,72.89809913658121
-0.90248,-0.01275009,72.22809768637532
-0.91097,-0.0123908,71.56026312611831
-0.91942,-0.01246792,70.90782167018337
-0.92787,-0.01232949,70.26726362529233
-0.93639,-0.01193413,69.63310404852679
-0.94499,-0.01182476,69.0045866093821
-0.95348,-0.01190769,68.39522968494357
-0.96199,-0.01202796,67.7952310315076
-0.97038,-0.01212586,67.21399513592613
-0.97881,-0.01239222,66.64002380441556
-0.98711,-0.01241148,66.08448166870966
-0.9955,-0.01204413,65.53233048719235
-1.00392,-0.01221717,64.98748346481791
-1.01222,-0.01261289,64.45927308292664
-1.02046,-0.01251888,63.94338063226389
-1.02889,-0.01258634,63.42414378602183
-1.03713,-0.01256823,62.92476748334345
-1.04552,-0.01244164,62.42438824699671
-1.05382,-0.01257935,61.9372164126701
-1.06206,-0.01252248,61.46109843135039
-1.07048,-0.01245456,60.9821515581795
-1.07881,-0.01243404,60.515680889127836
-1.0872,-0.01247511,60.05307579102281
-1.09563,-0.01248295,59.59540091089145
-1.10387,-0.01242146,59.154797122849615
-1.11229,-0.01248207,58.71131206789597
-1.12068,-0.01301367,58.27603562122997
-1.12898,-0.01387808,57.851794185902314
-1.13683,-0.01392421,57.45625388140707
-1.14461,-0.01320346,57.06959374808888
-1.15315,-0.0127115,56.65116897194641
-1.16173,-0.01251653,56.23697941862567
-1.17027,-0.01234683,55.830751792321436
-1.17873,-0.0122074,55.434133431744335
-1.18727,-0.01230817,55.03949724999368
-1.19576,-0.01246041,54.65275908209006
-1.20403,-0.01239702,54.28128626363131
-1.21242,-0.01215971,53.909601788159215
-1.22084,-0.01202796,53.541724386488
-1.22942,-0.01194322,53.17203998633502
-1.23787,-0.01189571,52.81296573953646
-1.24626,-0.01188303,52.46125864586844
-1.25475,-0.01192878,52.11014743972903
-1.26317,-0.01201046,51.76659269931997
-1.27147,-0.01195616,51.43238763006598
-1.27983,-0.01195004,51.10014853535235
-1.28828,-0.01213806,50.76871456515664
-1.29662,-0.012414,50.44583100677145
-1.30483,-0.01258861,50.13201190959742
-1.313,-0.01268508,49.82361766945926
-1.3214,-0.01278421,49.51051763281369
-1.32964,-0.01293491,49.207225113564576
-1.33809,-0.0129632,48.90008243092767
-1.34624,-0.01275231,48.607497028761586
-1.35481,-0.0126066,48.30363054598062
-1.36336,-0.01259453,48.00428001408286
-1.37184,-0.01252909,47.711066013529276
-1.38036,-0.01239094,47.42009707612507
-1.38893,-0.01231557,47.131021793754904
-1.39751,-0.01234001,46.84516082174725
-1.40605,-0.01238801,46.564096938231216
-1.41451,-0.01238498,46.28901223745326
-1.42296,-0.01238934,46.017517850115254
-1.43141,-0.01230625,45.74922887223088
-1.43993,-0.01228328,45.48190543984777
-1.44841,-0.01228768,45.21895989395268
-1.45671,-0.01225889,44.96456034488677
-1.46507,-0.01221417,44.71123557236173
-1.47368,-0.01222737,44.45333966668476
-1.48204,-0.01222988,44.20579930366252
-1.4904,-0.01224073,43.96103596349973
-1.4988,-0.01227567,43.71785161462504
-1.50703,-0.01230837,43.48221807130581
-1.51534,-0.01233942,43.24689099476026
-1.52373,-0.01235651,43.01190243678342
-1.53203,-0.01236788,42.78196712858104
-1.54036,-0.01238901,42.553692123919085
-1.54851,-0.01239504,42.33272675023087
-1.55672,-0.01239835,42.1124739195231
-1.5649,-0.01240205,41.89532430187233
-1.57317,-0.01239465,41.67808113554162
-1.58147,-0.01238089,41.46233434715803
-1.58977,-0.01238127,41.24884033539443
-1.59813,-0.0123737,41.03604468973112
-1.60634,-0.01232915,40.829222829537954
-1.61467,-0.01227504,40.621527556714376
-1.62288,-0.01223382,40.418910578724244
-1.63115,-0.01220611,40.21687490420869
-1.63957,-0.01219146,40.01326866190526
-1.6479,-0.01216833,39.81388615814067
-1.65627,-0.01213056,39.61556624221897
-1.66475,-0.01213577,39.416673674725935
-1.67323,-0.01219083,39.21979709902404
-1.6815,-0.01219923,39.0297085935177
-1.68987,-0.01219632,38.83921597519336
-1.69814,-0.01223793,38.652843581801264
-1.70656,-0.01230646,38.46494655915995
-1.71486,-0.01236735,38.28153330301016
-1.72325,-0.01244023,38.09792688234441
-1.73158,-0.0125163,37.917393709791064
-1.73982,-0.01254808,37.74051189203481
-1.74809,-0.01257195,37.56466274619728
-1.7563,-0.01259783,37.391727495302625
-1.76454,-0.01259141,37.21977841250411
-1.77284,-0.01263123,37.04819318156179
-1.78114,-0.01263821,36.87820710331586
-1.78954,-0.01260988,36.70777842350549
-1.79775,-0.01253028,36.54274370741204
-1.80602,-0.01249949,36.37801984474148
-1.81444,-0.01271818,36.21185092921232
-1.82286,-0.01297281,36.047217120349345
-1.83125,-0.01311609,35.88467576791809
-1.83931,-0.0130656,35.729924101973026
-1.84715,-0.01283336,35.58069214736215
-1.85555,-0.01273134,35.42220015628789
-1.86382,-0.01267955,35.26755663100514
-1.87245,-0.01266111,35.10763785414831
-1.88072,-0.01263371,34.95576715300523
-1.88905,-0.01259302,34.80413885286255
-1.89739,-0.01258281,34.65366229399333
-1.90581,-0.01259672,34.50307832365241
-1.91417,-0.01260278,34.35487804113532
-1.92247,-0.01257275,34.20901647359907
-1.93083,-0.0125565,34.0633681370188
-1.93913,-0.01253606,33.92000747758015
-1.94753,-0.0125278,33.77616370479531
-1.95589,-0.0124762,33.634231628568074
-1.96422,-0.01248427,33.49401054871654
-1.97261,-0.01247283,33.35397655897517
-1.98091,-0.01246236,33.21661191068751
-1.98927,-0.01244968,33.07941300074902
-1.99767,-0.01244296,32.94271421205705
-2.00627,-0.01244906,32.8039465774796
-2.01457,-0.01243133,32.67114317199204
-2.02284,-0.01238432,32.53990369974887
-2.03114,-0.01234143,32.409262680071286
-2.03948,-0.01230469,32.279063094514285
-2.04781,-0.01226569,32.1500782299139
-2.05617,-0.01224648,32.021679579023136
-2.06459,-0.01223757,31.89341045921951
-2.07301,-0.01222516,31.766183327625047
-2.08135,-0.01220083,31.641179763134506
-2.0898,-0.01218681,31.51554502823237
-2.09816,-0.01216957,31.392244252106607
-2.10649,-0.01214466,31.27035936557971
-2.11482,-0.0121139,31.149434656377377
-2.12315,-0.01208244,31.0294588229753
-2.13152,-0.01206151,30.909851373667617
-2.13988,-0.01203936,30.791320821728327
-2.1483,-0.01202451,30.672872038355912
-2.15663,-0.01205574,30.556599463051153
-2.16505,-0.01208235,30.439979908085267
-2.17345,-0.01210279,30.324537716533623
-2.18175,-0.01211086,30.211342958634123
-2.19017,-0.01213243,30.097388284927654
-2.19856,-0.01216782,29.984707808747544
-2.20689,-0.01220788,29.873680745302213
-2.2152,-0.01223752,29.76375225713254
-2.22347,-0.01226718,29.655168677787426
-2.23177,-0.01228893,29.54700031813314
-2.24001,-0.01231098,29.440406828540947
-2.24837,-0.01233675,29.333059460853864
-2.2567,-0.01238815,29.226888376833433
-2.26494,-0.01240399,29.122632740823157
-2.27327,-0.01242214,29.018006616020095
-2.28151,-0.01245358,28.915262567334793
-2.28978,-0.01247193,28.812887963035752
-2.29817,-0.01246997,28.709780782100545
-2.3065,-0.01249775,28.6081530457403
-2.31468,-0.01249313,28.509067171272054
-2.32307,-0.01252974,28.408162431609895
-2.33138,-0.01254072,28.308935737631792
-2.33955,-0.01252802,28.212067919044262
-2.34786,-0.01259565,28.114231768504087
-2.35631,-0.01268556,28.01545496984692
-2.36446,-0.01267811,27.920853894758213
-2.37285,-0.01266893,27.824145858355983
-2.38118,-0.01266274,27.728803618374084
-2.38942,-0.01259923,27.635145516485174
-2.39751,-0.01250698,27.54381867020367
-2.40596,-0.0124353,27.449083609037558
-2.41429,-0.01238598,27.35634298282311
-2.42271,-0.01237201,27.263248469688904
-2.43111,-0.01236281,27.171017642147007
-2.43956,-0.0123281,27.078878650248406
-2.44789,-0.01224734,26.988670773605023
-2.45622,-0.01214383,26.89907475714716
-2.46458,-0.01205697,26.809764990383755
-2.47301,-0.01199213,26.720318842220614
-2.48155,-0.0119985,26.63032519997582
-2.48988,-0.01199918,26.54313926775588
-2.49837,-0.01200222,26.454876939764727
-2.50679,-0.0120101,26.367932814475882
-2.51503,-0.01198007,26.28341097322895
-2.52348,-0.01205542,26.197308320256152
-2.53182,-0.01216098,26.112890094872462
-2.54021,-0.01222402,26.028525082571914
-2.54854,-0.01226328,25.94531292426252
-2.55666,-0.01224822,25.86472045559441
-2.56499,-0.01226357,25.782573928163465
-2.57335,-0.01230333,25.70066625216158
-2.58162,-0.01232012,25.620162301190724
-2.59001,-0.01235427,25.539015563646473
-2.59822,-0.01236784,25.460117080154877
-2.60655,-0.01237475,25.380573363257948
-2.61482,-0.0124023,25.302103930672093
-2.62306,-0.01241002,25.224411260131298
-2.63142,-0.01238975,25.14608439549749
-2.63973,-0.01238143,25.06871767188311
-2.648,-0.01234973,24.992205438066463
-2.65633,-0.01233378,24.915619708394665
-2.66466,-0.0123095,24.839512808388314
-2.67284,-0.01227833,24.7652380239745
-2.68132,-0.01226978,24.688717646532307
-2.68965,-0.01226789,24.61402059747551
-2.69798,-0.01226106,24.539784801962952
-2.70631,-0.01226132,24.466006000790742
-2.71474,-0.01225875,24.391802456220486
-2.72313,-0.01225261,24.31840716381517
-2.73149,-0.01225035,24.245722774017114
-2.73988,-0.01226583,24.173223498839366
-2.74822,-0.0122808,24.1015949960338
-2.75652,-0.01227567,24.030740353779404
-2.76485,-0.01227642,23.96005732679892
-2.77318,-0.01227854,23.88979893119091
-2.78142,-0.01226295,23.820713664243446
-2.78975,-0.01225756,23.751288645936015
-2.79817,-0.01227549,23.68153360946619
-2.8065,-0.01229122,23.61293604133262
-2.8148,-0.01231071,23.54498934204917
-2.82311,-0.01232747,23.477361030919806
-2.83144,-0.0123409,23.409968355324498
-2.8398,-0.01237229,23.342730473977042
-2.8481,-0.01240777,23.27636564727362
-2.85649,-0.01243864,23.209673165318275
-2.86482,-0.01247166,23.143844080954477
-2.87303,-0.01249605,23.079336832542648
-2.88139,-0.01251401,23.014028750013015
-2.8896,-0.01252315,22.950260243632336
-2.89784,-0.0125395,22.88662203572316
-2.90617,-0.01255573,22.822655556970172
-2.91441,-0.01255479,22.759739947364988
-2.92268,-0.01253446,22.696951975584053
-2.93099,-0.01251861,22.634217209884717
-2.93929,-0.01251253,22.571912026373717
-2.94756,-0.01250171,22.51018103109012
-2.95592,-0.01248972,22.4481293133779
-2.96416,-0.01246413,22.3873108064342
-2.97249,-0.01240799,22.326170752466787
-2.98082,-0.01237271,22.265372414302107
-2.98915,-0.01234446,22.204912935115335
-2.99764,-0.01232174,22.143637928503757
-3.006,-0.01230618,22.083639387890887
-3.01433,-0.01226599,22.024187165970545
-3.02275,-0.01224614,21.964425605822516
-3.03114,-0.01221267,21.905207215767003
-3.03948,-0.0121361,21.84666574545646
-3.04784,-0.01209769,21.788305422856844
-3.0562,-0.01203693,21.730264380603366
-3.06465,-0.01198518,21.67192028453494
-3.07307,-0.01199298,21.614102477327233
-3.08141,-0.01200827,21.557145495081798
-3.08986,-0.01207601,21.499750862498626
-3.09825,-0.01221233,21.443073509239085
-3.10661,-0.01233526,21.386903312614074
-3.11485,-0.01244793,21.331834438255452
-3.12315,-0.01251775,21.27665834173831
-3.1313,-0.01253155,21.222764027720117
-3.13954,-0.01255371,21.168559024570477
-3.14781,-0.01255807,21.11444200888872
-3.15605,-0.01259277,21.060803377639772
-3.16438,-0.01266074,21.00686282936942
-3.17265,-0.0126839,20.953591004365435
-3.18099,-0.01269165,20.900148790156525
-3.18926,-0.01263755,20.847431128224102
-3.1975,-0.01254274,20.795175918686475
-3.20577,-0.01246595,20.743000558368195
-3.21419,-0.01238165,20.690154689050743
-3.22252,-0.01226887,20.63814542656058
-3.231,-0.01221173,20.585475085112968
-3.23943,-0.01219416,20.533388620837616
-3.24779,-0.01214827,20.48200169961728
-3.2563,-0.01214248,20.429963762552592
-3.26476,-0.01218159,20.378500471703894
-3.27312,-0.0121859,20.327906828958305
-3.28145,-0.0121542,20.27775114659678
-3.28981,-0.01207242,20.227670199798773
-3.29814,-0.01195041,20.17802149090093
-3.30653,-0.01193666,20.12826803325541
-3.3149,-0.011988,20.078884129234666
-3.32353,-0.01213739,20.028226644561656
-3.3318,-0.01228703,19.979928567140885
-3.34007,-0.01229197,19.931869661414282
-3.34834,-0.01227616,19.884048155205267
-3.35646,-0.01228705,19.837323310869188
-3.36479,-0.01227477,19.789624404494784
-3.37328,-0.01231068,19.741251719394775
-3.38152,-0.01234793,19.69453571175093
-3.38966,-0.01228282,19.6486096540656
-3.39812,-0.01227473,19.60111132037715
-3.40633,-0.01222566,19.55524218146803
-3.41466,-0.01212132,19.508928033830603
-3.42308,-0.01215619,19.46234256868084
-3.43138,-0.01219487,19.416644790142744
-3.4398,-0.01225897,19.370511657654514
-3.44832,-0.01230675,19.324059948032666
-3.45647,-0.01229279,19.279839807665045
-3.4648,-0.01227247,19.234858000461788
-3.47307,-0.01225858,19.190413639805705
-3.48137,-0.01224916,19.146020359800882
-3.48964,-0.01223395,19.10199756994991
-3.49797,-0.01221426,19.057865819318064
-3.50633,-0.01219677,19.013785952833874
-3.51473,-0.01217596,18.969706378583847
-3.52309,-0.01215977,18.926045403324924
-3.53148,-0.01212742,18.882435579417127
-3.53978,-0.01210473,18.83949697438824
-3.54811,-0.0120932,18.796605150347652
-3.5565,-0.01208864,18.75360747926332
-3.56484,-0.01209046,18.711066639736988
-3.5732,-0.01209671,18.66862308295086
-3.58159,-0.01209242,18.626226424576796
-3.58995,-0.01208072,18.584178470452237
-3.5984,-0.01208278,18.54187638950645
-3.60671,-0.01207108,18.500468487901717
-3.61498,-0.01206523,18.45944890428163
-3.6234,-0.01206615,18.417877683943257
-3.63173,-0.01206327,18.376940493924383
-3.64,-0.01206057,18.336483516483515
-3.64827,-0.01205039,18.296209957048134
-3.6566,-0.0120537,18.255828365147952
-3.66505,-0.01208341,18.215052591369833
-3.67333,-0.01209646,18.175279133647127
-3.68181,-0.01211787,18.134730390758893
-3.69011,-0.01213905,18.09522282533583
-3.69844,-0.01214111,18.055750748964428
-3.7068,-0.01215216,18.016314880759687
-3.71504,-0.01217099,17.97761876049787
-3.7234,-0.01218379,17.938534135467584
-3.73171,-0.01219232,17.899856821671566
-3.73988,-0.01219381,17.86199867375424
-3.74834,-0.01222563,17.822970648340334
-3.75658,-0.01225049,17.785126524658068
-3.76488,-0.01225737,17.747174305688365
-3.77321,-0.01227402,17.709252784764168
-3.7816,-0.01230617,17.67122699386503
-3.78984,-0.01232196,17.63404492010217
-3.79811,-0.012329,17.596889689872068
-3.80644,-0.01234434,17.55962810395015
-3.81484,-0.01235901,17.522218179530466
-3.82311,-0.01232443,17.485547813167816
-3.83128,-0.01225292,17.449476310789084
-3.83968,-0.01220542,17.412549379114928
-3.84798,-0.0121646,17.37622040655097
-3.85634,-0.01211405,17.339786896383618
-3.86467,-0.01206062,17.303640905950573
-3.873,-0.01199781,17.26765040020656
-3.88152,-0.01196706,17.230998783981534
-3.89,-0.01196983,17.194678663239074
-3.89839,-0.01197923,17.15889952005828
-3.90672,-0.01195716,17.123528279477416
-3.91512,-0.01197258,17.088012219293407
-3.92351,-0.01199831,17.05269024419461
-3.93193,-0.01204874,17.01739351921321
-3.94029,-0.01213055,16.982497557286393
-3.94862,-0.0122114,16.94787378881736
-3.95686,-0.01226094,16.9137675328417
-3.96516,-0.01229386,16.879556234805154
-3.97347,-0.01234606,16.845446901574697
-3.98174,-0.01241388,16.81164310075495
-3.98988,-0.01242256,16.778507524035813
-3.99812,-0.01240066,16.7451022980801
-4.00636,-0.01238567,16.711834483171756
-4.01473,-0.01239517,16.678181621180006
-4.02303,-0.01238459,16.644948484102777
-4.03124,-0.01235297,16.612210337265953
-4.03954,-0.01235655,16.579248577808368
-4.04796,-0.01236819,16.54594837893655
-4.05635,-0.01235996,16.512904335178177
-4.06468,-0.0123193,16.480231555743625
-4.07307,-0.01228345,16.44745852636954
-4.08135,-0.01226137,16.415247283374374
-4.08965,-0.01221511,16.38308913965743
-4.09798,-0.01217369,16.350945734239797
-4.10637,-0.01215168,16.31870262543317
-4.11485,-0.01215818,16.286247250811087
-4.12322,-0.01215933,16.254343789562526
-4.13155,-0.01214526,16.22272113371495
-4.13991,-0.01213493,16.191112536262864
-4.14827,-0.01215245,16.159631340293664
-4.15663,-0.01218159,16.12827677710068
-4.16505,-0.01220914,16.096824407870255
-4.17342,-0.01225168,16.06568459440938
-4.18169,-0.01227758,16.035039254464106
-4.19002,-0.01230249,16.004293869719
-4.19835,-0.01231687,15.973670489597106
-4.20662,-0.01233643,15.943387660401939
-4.21489,-0.01235842,15.913223666572557
-4.2231,-0.01235755,15.88339537306718
-4.23137,-0.01235845,15.853466111448538
-4.23961,-0.01236651,15.82376154882171
-4.24791,-0.0123568,15.793957193066708
-4.25627,-0.01233918,15.764054888435181
-4.26454,-0.01233156,15.734589850253485
-4.27303,-0.01235681,15.704459622328885
-4.2813,-0.01232735,15.675225048466588
-4.28957,-0.01229076,15.64610319915516
-4.29799,-0.01226021,15.616568279591156
-4.30632,-0.01222667,15.587462705976332
-4.31459,-0.01218545,15.558677950859758
-4.32307,-0.01216304,15.52927662517609
-4.33144,-0.01213817,15.500369576861276
-4.33986,-0.01214357,15.471402349384544
-4.34825,-0.01218121,15.442649916633128
-4.35661,-0.01223706,15.414110443670653
-4.36504,-0.01228771,15.385442699265072
-4.37334,-0.01232485,15.357325019321618
-4.38185,-0.01239697,15.328606524641419
-4.39006,-0.01245393,15.301005954360534
-4.39833,-0.01248641,15.273307846387153
-4.40651,-0.01247851,15.246013443745731
-4.41472,-0.01252643,15.218720643664831
-4.42308,-0.01252006,15.191033307107267
-4.43132,-0.01247959,15.163845626133973
-4.43965,-0.01244259,15.136463572578919
-4.44789,-0.01242577,15.109478269471593
-4.45628,-0.01238816,15.082104266338742
-4.46468,-0.01235508,15.054800702401963
-4.47307,-0.01231188,15.02763200665315
-4.48131,-0.01221103,15.001048064070552
-4.48967,-0.01211055,14.974176698955603
-4.49806,-0.0120543,14.947309328910688
-4.50646,-0.01200835,14.920510156530849
-4.51491,-0.01199267,14.893652077228559
-4.52327,-0.01198772,14.8671788109045
-4.53175,-0.01198836,14.84042533237712
-4.54009,-0.01202506,14.81421101784326
-4.54845,-0.01205992,14.788030318020425
-4.55678,-0.01208843,14.762039115340219
-4.5652,-0.01213564,14.73586348900377
-4.57344,-0.01215308,14.710340750069971
-4.58171,-0.01216093,14.684817393505918
-4.59004,-0.01226094,14.659201837021028
-4.59831,-0.0122921,14.633862592996124
-4.60671,-0.01234394,14.608218164373275
-4.61507,-0.01240841,14.582788538418702
-4.62322,-0.01245184,14.558086225617645
-4.63142,-0.01246888,14.533320104849052
-4.63982,-0.01247505,14.508040699854735
-4.64806,-0.01246076,14.483331583499353
-4.65639,-0.01248542,14.458441475048268
-4.66457,-0.01249262,14.434086078673918
-4.6729,-0.01246325,14.409371696376981
-4.68132,-0.01243436,14.384479676672392
-4.68971,-0.01238407,14.359765252009188
-4.69789,-0.01228099,14.335754413151436
-4.70622,-0.01220536,14.31138905533528
-4.71455,-0.012169,14.287109798390091
-4.72313,-0.01214288,14.262191406969531
-4.73155,-0.0121244,14.237825553993934
-4.73995,-0.01210453,14.213603835483497
-4.74825,-0.01207349,14.189754646448693
-4.75658,-0.01207483,14.165902938666019
-4.76506,-0.01211141,14.141707386685583
-4.77342,-0.01214213,14.11793837542056
-4.78182,-0.01215283,14.09413934443371
-4.79012,-0.01216675,14.070705619065912
-4.79839,-0.01214612,14.04743722373546
-4.80675,-0.01213367,14.023996983408749
-4.81508,-0.01213269,14.000721815629232
-4.82347,-0.01217482,13.977360261388585
-4.83174,-0.0122032,13.954412240724874
-4.84013,-0.01221634,13.931211372421815
-4.84844,-0.01221378,13.908310879375634
-4.8568,-0.01222873,13.885351671882722
-4.86513,-0.01222128,13.862553333621097
-4.87331,-0.01221335,13.8402413759847
-4.88167,-0.01222333,13.817515706715122
-4.88997,-0.01224142,13.795030010409063
-4.89824,-0.01222938,13.772701378454302
-4.90663,-0.0122422,13.750125666699956
-4.91502,-0.01227453,13.727627028984623
-4.92333,-0.01229256,13.705418507392356
-4.93172,-0.01230413,13.683072112772015
-4.94011,-0.01232465,13.660801621826236
-4.94838,-0.01235018,13.638923566904724
-4.95671,-0.01236508,13.616960584742703
-4.96489,-0.01235552,13.595464813923371
-4.97337,-0.01236844,13.573255337929815
-4.98161,-0.01238799,13.551746864969358
-4.98991,-0.01237715,13.530153589944508
-4.99818,-0.01236194,13.508709690327281
-5.00649,-0.01234502,13.487233431006553
-5.01482,-0.0123272,13.465776917217367
-5.02309,-0.01230059,13.44454534957566
-5.03136,-0.01227309,13.423383578197544
-5.03972,-0.01225623,13.402062098688024
-5.04808,-0.01224554,13.38081123912458
-5.05635,-0.01221561,13.35985829699289
-5.06471,-0.0121808,13.33874687790614
-5.07307,-0.012163,13.317705038566391
-5.08147,-0.01215361,13.296632254052469
-5.08989,-0.0121465,13.275579098958918
-5.09825,-0.01214015,13.254744765360662
-5.10658,-0.01214168,13.23405304528667
-5.11495,-0.01213566,13.213329846821573
-5.12328,-0.01212274,13.192772911103823
-5.13161,-0.0121077,13.17228271439178
-5.14006,-0.01211512,13.151565195737016
-5.14842,-0.01213647,13.131135260915
-5.15675,-0.01214844,13.110844524167355
-5.16509,-0.01217255,13.090594994472507
-5.17348,-0.0122067,13.070289940233655
-5.18175,-0.01223126,13.050339653591934
-5.19011,-0.01228138,13.030236873592276
-5.19844,-0.01235664,13.010270542701273
-5.20668,-0.01240437,12.990582789800794
-5.21498,-0.01245251,12.970814576470094
-5.22331,-0.01252414,12.951038077387711
-5.23158,-0.01260271,12.931466325660699
-5.2397,-0.01262943,12.91230967421799
-5.248,-0.01263361,12.892789634146341
-5.25627,-0.01266076,12.873401461492657
-5.26454,-0.01266854,12.854074202114525
-5.27275,-0.01264903,12.83494713384856
-5.28096,-0.01259576,12.815879537053869
-5.28932,-0.01255469,12.796524392549516
-5.29765,-0.0125248,12.777299462969431
-5.30595,-0.01248704,12.758203808931484
-5.31426,-0.0124528,12.739144904464592
-5.32268,-0.01242374,12.719894414092149
-5.33104,-0.01236147,12.70084126174255
-5.33943,-0.01233597,12.681779721805512
-5.34779,-0.01229728,12.662845829772673
-5.35616,-0.01226914,12.64394850041821
-5.36449,-0.0122354,12.625200028334474
-5.37288,-0.01219916,12.606375277318682
-5.38146,-0.01217465,12.58718492751038
-5.38976,-0.01213415,12.568678976429378
-5.39815,-0.01211046,12.550030195529951
-5.40651,-0.01209031,12.53150566631709
-5.41487,-0.01206103,12.51303833702379
-5.42317,-0.01203844,12.494759872915658
-5.43156,-0.0120232,12.476339983356532
-5.44005,-0.01202183,12.45775838457367
-5.44835,-0.01202212,12.439648609211964
-5.4568,-0.01203003,12.4212681425011
-5.46507,-0.01205118,12.4033342482347
-5.47344,-0.01209764,12.385238679879564
-5.48186,-0.01214763,12.3670907684618
-5.49007,-0.01218011,12.349449078062758
-5.49843,-0.01223215,12.331539203008859
-5.5067,-0.01229887,12.313875642399259
-5.51497,-0.01234385,12.29626505674555
-5.52327,-0.01238891,12.278643611483778
-5.53154,-0.01244486,12.261138453305952
-5.53984,-0.01249346,12.24362234288355
-5.54817,-0.01251566,12.2260956135086
-5.55638,-0.01249089,12.208872791277775
-5.56465,-0.01247864,12.191575480937704
-5.57286,-0.01247671,12.174454445293799
-5.58119,-0.0124574,12.157134643328753
-5.58949,-0.01242935,12.139928562355422
-5.59789,-0.01241896,12.122567127971433
-5.60631,-0.01245198,12.10521656847374
-5.61461,-0.01247558,12.088164217995551
-5.62294,-0.01245461,12.071100847599299
-5.63127,-0.01242053,12.054087958844098
-5.63969,-0.01239183,12.036942331936686
-5.64803,-0.01237893,12.020010003487942
-5.65627,-0.01236679,12.003329738502583
-5.66457,-0.01233072,11.986577074694107
-5.67296,-0.01232983,11.969692576714802
-5.68141,-0.01235274,11.952737735878946
-5.68974,-0.01235494,11.93607296642729
-5.69811,-0.01234992,11.919377249649447
-5.70644,-0.01236118,11.902809948058685
-5.71474,-0.01238598,11.886350350147165
-5.72307,-0.01239266,11.869879260606634
-5.73143,-0.01239639,11.853396988186196
-5.7397,-0.0123995,11.837139397529489
-5.74797,-0.01239869,11.820928588701753
-5.7563,-0.01240469,11.804647256049893
-5.76469,-0.012413,11.788296213673243
-5.77293,-0.01238956,11.772283762318269
-5.78111,-0.01234643,11.756433055243717
-5.78948,-0.01233196,11.740260541533955
-5.79793,-0.01233672,11.72398081729169
-5.80626,-0.01232857,11.707978664407037
-5.81453,-0.01230175,11.6921371288823
-5.82289,-0.0122798,11.676168929861289
-5.83128,-0.01225954,11.66018946097598
-5.83971,-0.01225506,11.64418005346156
-5.84807,-0.01226014,11.628349164767181
-5.85643,-0.01226397,11.612563472969029
-5.86476,-0.0122725,11.596879190282296
-5.87312,-0.01226739,11.58118315307707
-5.88146,-0.01223519,11.56556912739354
-5.88985,-0.01220274,11.549906109663235
-5.89824,-0.01221707,11.534287651909722
-5.90654,-0.01222823,11.518880393597607
-5.91487,-0.01221266,11.503460921372746
-5.92317,-0.01220074,11.488140117538414
-5.93144,-0.01217514,11.472917335419393
-5.9398,-0.01215596,11.457571972120274
-5.94835,-0.01218233,11.441922465893905
-5.95674,-0.01220884,11.426609487739938
-5.96492,-0.01221091,11.411721263654835
-5.97328,-0.0122141,11.396547558460345
-5.98161,-0.01222183,11.381470490386368
-5.98988,-0.01222189,11.366543503375693
-5.99837,-0.01223733,11.351262242909323
-6.00667,-0.01225741,11.33636472454788
-6.01503,-0.01227779,11.321401073643855
-6.0233,-0.0123049,11.30663938372653
-6.03151,-0.01231031,11.29202483291912
-6.03984,-0.01231436,11.277237277808684
-6.0482,-0.01235823,11.262437419397507
-6.05644,-0.01237043,11.247889981573334
-6.0648,-0.01237707,11.23317108560876
-6.07317,-0.01239882,11.218475178531147
-6.08141,-0.01241394,11.204047038433522
-6.08965,-0.01242089,11.189657944216828
-6.09798,-0.01242791,11.175151214008574
-6.10634,-0.01242423,11.160632031626147
-6.11452,-0.01240946,11.146463892505055
-6.12285,-0.01239854,11.132074850763942
-6.13115,-0.01240226,11.11777651827145
-6.13954,-0.0123997,11.103362434319184
-6.1479,-0.01239099,11.08903902145448
-6.1562,-0.01237457,11.074856892238719
-6.16448,-0.01235726,11.060746989202658
-6.17284,-0.01233305,11.046539161876868
-6.18129,-0.01232677,11.032217433577781
-6.18968,-0.01232421,11.018036085871968
-6.19801,-0.01230219,11.003994136827789
-6.20631,-0.01224213,10.99004024935912
-6.21471,-0.01221425,10.975956191037072
-6.2231,-0.01220426,10.96192685317607
-6.2314,-0.01218364,10.948085181500145
-6.23979,-0.01217229,10.934130844146999
-6.24818,-0.01214294,10.920213982311651
-6.25652,-0.01210457,10.906417049733719
-6.26485,-0.01209024,10.892673328172263
-6.2733,-0.01212143,10.878768909505364
-6.28182,-0.01219478,10.864787179511671
-6.29005,-0.01219881,10.85131731862227
-6.29836,-0.01219462,10.83775224026572
-6.30669,-0.01225425,10.824190391473183
-6.31496,-0.01231312,10.810761620026097
-6.32323,-0.01235065,10.797367974911557
-6.33159,-0.01244046,10.78386413207425
-6.33992,-0.01253669,10.77044416964252
-6.34807,-0.01255385,10.757348280658531
-6.35637,-0.01253662,10.744045878386563
-6.36458,-0.01250751,10.730921851873966
-6.37282,-0.01245115,10.717783869621298
-6.38106,-0.01240028,10.704679818086651
-6.38942,-0.01235093,10.691419471563929
-6.39775,-0.01231906,10.67824117853933
-6.4062,-0.01235245,10.664908057818987
-6.41457,-0.0123955,10.651735798346577
-6.4229,-0.01240354,10.63866057388407
-6.43129,-0.01243505,10.625525407810876
-6.43965,-0.01240727,10.612471252319613
-6.44789,-0.01236336,10.599637602378452
-6.45619,-0.01237991,10.586743621237913
-6.46455,-0.01239856,10.573789900302419
-6.47286,-0.01240041,10.56094681485464
-6.48116,-0.01239003,10.54815205919928
-6.4897,-0.01242888,10.535021495600722
-6.49806,-0.01247265,10.522201118487672
-6.50627,-0.01247413,10.509642836832779
-6.51466,-0.01248203,10.496841922679005
-6.52293,-0.01247438,10.484256323462004
-6.53124,-0.01246266,10.471641954667108
-6.53957,-0.01246682,10.459029401015663
-6.54796,-0.01247019,10.44635843835332
-6.55623,-0.01243631,10.433900442784955
-6.5645,-0.01239595,10.421473836545054
-6.57274,-0.01237249,10.40912340971954
-6.58113,-0.01234945,10.39657993384115
-6.58946,-0.01232762,10.384157761030496
-6.59789,-0.01230919,10.371618396184235
-6.60619,-0.01227824,10.359303668226316
-6.61461,-0.01225424,10.346842474461836
-6.62309,-0.01222289,10.334324507140927
-6.63139,-0.01217289,10.322103254370502
-6.63969,-0.01213185,10.309912556158496
-6.64809,-0.01210542,10.297605974046682
-6.65642,-0.0120757,10.285432619936843
-6.66475,-0.01203295,10.27328969578754
-6.67314,-0.01201129,10.261089951656942
-6.68153,-0.01199709,10.2489208459739
-6.69008,-0.01198355,10.236551072632913
-6.69847,-0.01199341,10.224443477391105
-6.7068,-0.01198293,10.212452436333274
-6.71513,-0.01198653,10.200491144624156
-6.72353,-0.011991,10.188459350965937
-6.73192,-0.01203788,10.176471853497963
-6.74019,-0.01208459,10.16468501629776
-6.74861,-0.01214698,10.152714070008491
-6.75682,-0.01222893,10.141070414780918
-6.76527,-0.01229443,10.129115896335254
-6.77354,-0.01236313,10.11744491063757
-6.78182,-0.01241549,10.105788328206883
-6.79002,-0.0124687,10.094272388004748
-6.79823,-0.01250681,10.082770235781961
-6.80641,-0.0125349,10.071337709600217
-6.81474,-0.01258101,10.059723745880255
-6.82295,-0.01258654,10.048304838816057
-6.83131,-0.01257563,10.036705507435617
-6.83949,-0.01256259,10.025383369227823
-6.84779,-0.01253576,10.013922783847052
-6.85603,-0.01248957,10.002572494577766
-6.86437,-0.01243935,9.991112206946887
-6.87282,-0.01241281,9.979529130691624
-6.88112,-0.01239356,9.968179366149696
-6.88951,-0.01236975,9.956734325082627
-6.89784,-0.01235854,9.94539867552741
-6.90624,-0.01235664,9.933995459178945
-6.91466,-0.01235083,9.922592896830793
-6.92302,-0.01233763,9.911299028458679
-6.93132,-0.01232422,9.900113167477478
-6.93968,-0.01233911,9.88887349272589
-6.94795,-0.01230328,9.877781431933162
-6.95635,-0.01227464,9.866542008380833
-6.96477,-0.01226912,9.855303032260936
-6.97313,-0.01227008,9.844170996381825
-6.98149,-0.01227807,9.833065620662639
-6.98979,-0.01227381,9.822066228026879
-6.99809,-0.01225065,9.811092926784308
-7.00642,-0.01224388,9.800106102688677
-7.01482,-0.0122552,9.789053375567727
-7.02324,-0.012281,9.778000865697313
-7.03166,-0.01232132,9.76697482529019
-7.03999,-0.01236337,9.756092593881526
-7.04833,-0.01239343,9.745223067024387
-7.0566,-0.01240731,9.734470141427883
-7.06496,-0.01241671,9.723625781320772
-7.07329,-0.01245623,9.712845832703028
-7.08159,-0.01250377,9.702129931272497
-7.08992,-0.01255079,9.69140052356021
-7.09816,-0.01257624,9.680811816019927
-7.10637,-0.0125768,9.670286081360807
-7.11467,-0.012583,9.659669654390155
-7.123,-0.01258617,9.649039730450653
-7.13136,-0.01260315,9.638396490991902
-7.1396,-0.0125991,9.62793041626982
-7.14787,-0.01257005,9.617450499239634
-7.15611,-0.0125503,9.607032689547813
-7.16441,-0.01252912,9.596563248055318
-7.17275,-0.01251253,9.586067756439302
-7.18111,-0.01249519,9.575571562056563
-7.18947,-0.01248426,9.565099777869579
-7.19786,-0.01247924,9.554614871642405
-7.20613,-0.01247193,9.544303821884979
-7.21462,-0.01246724,9.533743066162875
-7.22292,-0.01244776,9.523442652002238
-7.23125,-0.01242588,9.513128781331028
-7.23964,-0.01242912,9.502764612605048
-7.24791,-0.01240533,9.492572162181926
-7.25633,-0.0123957,9.48221871111154
-7.26466,-0.01239346,9.471999542993066
-7.273,-0.01239069,9.461791557816582
-7.28139,-0.0124014,9.451545968558202
-7.28972,-0.01241706,9.441396980954002
-7.29814,-0.01242833,9.43116188508305
-7.30641,-0.01244718,9.42113208812536
-7.31477,-0.01245581,9.411016190529573
-7.32323,-0.01248285,9.400802801496061
-7.33153,-0.01250042,9.390805479893011
-7.33986,-0.01250264,9.380794756303255
-7.34816,-0.01251365,9.370842659931194
-7.35649,-0.01252916,9.36087717104217
-7.36473,-0.01253189,9.351041531733005
-7.37306,-0.01253093,9.34112081008428
-7.38136,-0.0125259,9.331258087940434
-7.38963,-0.01250486,9.32145304974674
-7.39797,-0.01250209,9.311587219196618
-7.40627,-0.01251151,9.301790766472193
-7.41463,-0.01251667,9.291945666877512
-7.42302,-0.01251655,9.282087533106472
-7.43129,-0.01250357,9.272392182245614
-7.43962,-0.01248827,9.262648280422926
-7.44798,-0.01246855,9.252891200030076
-7.45635,-0.01245606,9.243144366881921
-7.46471,-0.01245519,9.233430997319386
-7.47313,-0.01245409,9.223669881294718
-7.4814,-0.01244045,9.214104044697518
-7.48964,-0.01241698,9.204593919066872
-7.49797,-0.01240258,9.19500116698253
-7.50639,-0.01239779,9.185326408566569
-7.51469,-0.01238142,9.17581075200707
-7.52306,-0.01236593,9.16623610605259
-7.53151,-0.01236643,9.156591533437519
-7.53984,-0.01236023,9.147105084458026
-7.54817,-0.01234751,9.137639573565513
-7.5565,-0.01234296,9.128194931515914
-7.56484,-0.01233335,9.1187597887067
-7.57314,-0.01232605,9.109390530216
-7.58147,-0.01233893,9.100008032742991
-7.58983,-0.01235972,9.09061245113527
-7.59825,-0.01238897,9.081170335274571
-7.60658,-0.01242882,9.07184971432628
-7.61491,-0.01245066,9.062549485154783
-7.62325,-0.01245984,9.05325845275965
-7.63158,-0.01246892,9.043998831172576
-7.63994,-0.01248781,9.034726162770912
-7.64827,-0.01250644,9.025506931632906
-7.65642,-0.01251149,9.016506330634945
-7.66475,-0.01251034,9.007326722985095
-7.67293,-0.01246814,8.998331810664245
-7.6812,-0.01242085,8.989257407696716
-7.68959,-0.01240753,8.980071278182583
-7.69798,-0.01241888,8.97090517252578
-7.70628,-0.0124387,8.961857030889094
-7.71468,-0.01246132,8.952719698030249
-7.72292,-0.01246254,8.943775722136188
-7.73134,-0.0124681,8.934656062209138
-7.73979,-0.01251186,8.92552385788245
-7.74815,-0.01254634,8.916508521388977
-7.75652,-0.0125674,8.907501869395038
-7.76476,-0.01256985,8.898654073017067
-7.77297,-0.01256662,8.889857145981523
-7.78124,-0.01255595,8.881014696886357
-7.78963,-0.01255523,8.872063127516968
-7.79793,-0.01255071,8.863226535760132
-7.80626,-0.01255608,8.854376897515584
-7.81459,-0.01255695,8.8455461259004
-7.82292,-0.01252414,8.836734160645898
-7.83125,-0.01249449,8.827940941739826
-7.83952,-0.0124797,8.819229544666
-7.84792,-0.01246928,8.810400004077513
-7.85628,-0.01246911,8.80163125550515
-7.86458,-0.01245681,8.792943882572242
-7.87288,-0.01244415,8.784274827001047
-7.88124,-0.01245649,8.775561561378666
-7.88976,-0.01247582,8.766700533349557
-7.89806,-0.01247484,8.758086694707309
-7.90639,-0.0124772,8.749459905215907
-7.91472,-0.01249348,8.740851274587099
-7.92305,-0.01251135,8.732260745546224
-7.93129,-0.01252107,8.72378078471472
-7.93971,-0.01252509,8.715133764331444
-7.94807,-0.01252666,8.706566487210102
-7.95635,-0.01253895,8.698098939840506
-7.96462,-0.01254486,8.68965919278007
-7.97295,-0.01255492,8.681175913557718
-7.98134,-0.01257239,8.672649429794998
-7.98961,-0.01256926,8.66426242332229
-7.99785,-0.01255891,8.65592309183093
-8.00618,-0.01254594,8.647510123429651
-8.01448,-0.01253479,8.639144847825436
-8.02287,-0.01255119,8.630706455420567
-8.0313,-0.01257266,8.62224558913252
-8.03954,-0.01256269,8.613992566738894
-8.0479,-0.01255414,8.6056366257036
-8.05623,-0.01255844,8.597327918890102
-8.06456,-0.0125679,8.589036376442113
-8.07289,-0.01258037,8.580761945226556
-8.08128,-0.01258603,8.57244515720282
-8.08965,-0.01259509,8.564165384163715
-8.09807,-0.01260083,8.555853419394992
-8.10634,-0.0125968,8.547706338495548
-8.11458,-0.01258347,8.539605327694101
-8.12297,-0.01258125,8.531373733991385
-8.1313,-0.01258549,8.523217812649884
-8.13957,-0.01256224,8.515137150979719
-8.14787,-0.01253625,8.507043669081613
-8.15617,-0.01251601,8.498966659596356
-8.16451,-0.01251131,8.490867265763653
-8.17284,-0.01252763,8.482794083819089
-8.18126,-0.01254535,8.474650383926193
-8.18959,-0.01253726,8.466610208813872
-8.19798,-0.01252459,8.45852863754242
-8.20641,-0.01254436,8.450425179828938
-8.21474,-0.01257188,8.442434185378964
-8.22307,-0.01258312,8.43445938074223
-8.23143,-0.01258459,8.426472083222478
-8.23955,-0.01257438,8.418729602951618
-8.24788,-0.01257193,8.410802727488761
-8.2563,-0.01259685,8.402806462943449
-8.26469,-0.01264897,8.394854894738943
-8.273,-0.01268164,8.386995044119425
-8.28124,-0.01267927,8.37921697716767
-8.28954,-0.01267585,8.371397906277068
-8.29796,-0.01268435,8.363481771423338
-8.30623,-0.01269752,8.35572228315373
-8.31447,-0.01269855,8.348006295049474
-8.32283,-0.01270204,8.340193551952881
-8.33098,-0.01271335,8.33259215602486
-8.33931,-0.01271931,8.32483823002143
-8.34764,-0.01271878,8.317099779099243
-8.356,-0.0127077,8.309348970799427
-8.36437,-0.01270684,8.30160441252599
-8.37276,-0.01271247,8.293856888290122
-8.38103,-0.01273175,8.286235355320288
-8.38942,-0.01274745,8.278518586505385
-8.39766,-0.01272232,8.270954789786678
-8.4059,-0.01268302,8.263405822101143
-8.41426,-0.01266223,8.25576202779567
-8.42271,-0.01265826,8.248051363516018
-8.43111,-0.01265323,8.240401643437222
-8.43938,-0.01264354,8.232885188248426
-8.44762,-0.012623,8.225410636368586
-8.45592,-0.01260137,8.217896385017832
-8.46431,-0.01257445,8.210315631161903
-8.4727,-0.01257887,8.20274989082583
-8.48119,-0.01261094,8.195109212268562
-8.48949,-0.01262603,8.18765429961046
-8.49782,-0.01264569,8.180187083275476
-8.50609,-0.0126584,8.172788120041053
-8.51439,-0.01265209,8.16537676803623
-8.52278,-0.01264636,8.157899722860382
-8.53117,-0.01268122,8.15043738432126
-8.53941,-0.01270272,8.143122733303588
-8.54771,-0.01270667,8.135769077331823
-8.55605,-0.0127117,8.12839435253417
-8.56429,-0.01271383,8.121122159571897
-8.57259,-0.01270443,8.113811146922925
-8.58098,-0.01270847,8.106435232339429
-8.58937,-0.01270526,8.09907372717673
-8.59764,-0.01269239,8.09183157238498
-8.60597,-0.01268179,8.084550945448335
-8.61424,-0.01267237,8.077336689017255
-8.62267,-0.01266821,8.069997100666036
-8.63091,-0.01265458,8.062836792412387
-8.6393,-0.01262934,8.055560172699177
-8.64769,-0.01260777,8.048297672557641
-8.65605,-0.01259371,8.041075143974446
-8.66444,-0.01260079,8.033840709843913
-8.67287,-0.01261461,8.026585882182022
-8.6812,-0.01262001,8.019430954245957
-8.6895,-0.01262596,8.012315438172507
-8.69786,-0.01263451,8.005162212314293
-8.70619,-0.01264239,7.998048319643841
-8.71449,-0.01265444,7.990973573898186
-8.72301,-0.01267856,7.983725308121852
-8.73131,-0.01269928,7.976677806652152
-8.73967,-0.01271807,7.96959289080709
-8.74797,-0.01272441,7.962572219612093
-8.75624,-0.01272208,7.955590161987337
-8.76454,-0.0127242,7.948596024434825
-8.77287,-0.01272237,7.941589912993127
-8.78111,-0.01271358,7.934672575562771
-8.78938,-0.01271855,7.927743094507235
-8.79771,-0.012724,7.920776508886972
-8.80595,-0.01270867,7.913898159766977
-8.81432,-0.01269213,7.906924459288976
-8.82265,-0.0126749,7.899997223056565
-8.83092,-0.01265764,7.893132810624487
-8.83937,-0.01264601,7.886132258294426
-8.84767,-0.01264477,7.879268993983726
-8.85606,-0.01265478,7.872344383393971
-8.86437,-0.01265506,7.865498721285326
-8.87257,-0.01264443,7.858756245371973
-8.88091,-0.01264473,7.851911425743533
-8.88933,-0.01265219,7.845013977431371
-8.89778,-0.01267627,7.838105077895836
-8.90608,-0.01269812,7.831331584715162
-8.91448,-0.01270664,7.824489325232657
-8.92284,-0.01272172,7.81769243873027
-8.93108,-0.01273136,7.811005567075875
-8.93938,-0.0127388,7.804282467016729
-8.94774,-0.01274496,7.797523374617502
-8.95604,-0.01275884,7.790825275456564
-8.96428,-0.01275836,7.784187865617763
-8.9727,-0.01276253,7.777418056995108
-8.98085,-0.01275304,7.770877422515686
-8.98927,-0.01274333,7.764132560263515
-8.99757,-0.01273514,7.757496179524028
-9.00594,-0.01272548,7.750816216852433
-9.01415,-0.01269976,7.744275999400942
-9.0226,-0.01268415,7.737557023474387
-9.03081,-0.01266994,7.731040925454084
-9.0392,-0.012652,7.724394194176477
-9.0475,-0.01263659,7.717830892511745
-9.05592,-0.01262184,7.71118499280029
-9.06426,-0.01261596,7.704614408677597
-9.07259,-0.01260677,7.698063761285367
-9.08098,-0.01259783,7.691478078357182
-9.08937,-0.01259091,7.68490455334088
-9.09779,-0.01260062,7.678319712809375
-9.10613,-0.01260671,7.671809440453848
-9.11449,-0.01260578,7.66529551296891
-9.12276,-0.01259671,7.658863457988592
-9.13112,-0.0126008,7.652373246655395
-9.13948,-0.01261766,7.645894908681894
-9.14781,-0.01261919,7.639451595518491
-9.15611,-0.01262041,7.633043148236533
-9.16451,-0.01262079,7.626569309215659
-9.17287,-0.01262712,7.620138070200494
-9.18117,-0.01261765,7.613764574667499
-9.18947,-0.01260765,7.6074025923149
-9.19783,-0.012606,7.601006226468635
-9.20616,-0.01260334,7.594644368553229
-9.21449,-0.01260167,7.588294013016457
-9.22273,-0.01259937,7.582023554847643
-9.23106,-0.01259167,7.575695987243069
-9.23943,-0.01258909,7.569349526972984
-9.24785,-0.01259201,7.562976745946356
-9.25612,-0.01259108,7.55672878052575
-9.26454,-0.01259351,7.550378950277079
-9.27284,-0.01259886,7.544130902722359
-9.28117,-0.01260691,7.537871507579325
-9.28957,-0.01261373,7.53157088002997
-9.29796,-0.01262595,7.5252891171826946
-9.30617,-0.01263217,7.519153088757244
-9.31456,-0.01265428,7.512893706197609
-9.32289,-0.01269667,7.506690232320666
-9.33122,-0.01272896,7.500497834152448
-9.33952,-0.01277198,7.494338724045775
-9.34786,-0.01280381,7.488160948067258
-9.35622,-0.01283657,7.481979410488424
-9.36455,-0.01288735,7.475831032991442
-9.37282,-0.01292682,7.469737752352014
-9.38103,-0.01293461,7.463699305939753
-9.38927,-0.01292558,7.457649412574141
-9.39757,-0.01291701,7.451566192111366
-9.40578,-0.01298319,7.445559496394771
-9.41414,-0.012991,7.439453821591776
-9.42241,-0.01299614,7.433424537883621
-9.43068,-0.01299533,7.427405828635899
-9.43898,-0.01289822,7.421375890191525
-9.44734,-0.01274854,7.415313072251025
-9.45573,-0.01267823,7.40923927607916
-9.46416,-0.01275276,7.40314736859901
-9.47249,-0.01284268,7.397138376498682
-9.48079,-0.01296586,7.391161527678601
-9.48906,-0.01306541,7.385216681104346
-9.49736,-0.01321635,7.379260678757044
-9.50563,-0.01350211,7.373336548971505
-9.51375,-0.01368387,7.3675298909473135
-9.52193,-0.0138568,7.361690340088617
-9.53014,-0.01433556,7.355839452515913
-9.53816,-0.01487765,7.350133694549054
-9.54604,-0.01518308,7.3445368760239855
-9.55403,-0.01543561,7.3388713558571625
-9.56191,-0.01590415,7.33329310775776
-9.5699,-0.01667023,7.327646370390496
-9.57756,-0.01725818,7.3222416983031176
-9.58522,-0.01738317,7.316845664470926
-9.59309,-0.01753099,7.311310672577866
-9.60097,-0.0182147,7.305777739124276
-9.60863,-0.01891137,7.300407976995681
-9.61629,-0.01973977,7.295046769596175
-9.62361,-0.02006523,7.289931501796104
-9.63152,-0.02039907,7.284412678372677
-9.63908,-0.02137015,7.2791465160575495
-9.64641,-0.02180465,7.274048449112158
-9.65416,-0.02235486,7.268666688764223
-9.66155,-0.02345183,7.263542961533088
-9.66875,-0.02423071,7.258558500323208
-9.67613,-0.02479593,7.253457125937746
-9.68343,-0.02509689,7.248418700811594
-9.69103,-0.02585913,7.243181282072185
-9.69829,-0.0267515,7.238185834822428
-9.70564,-0.02758744,7.233136073458319
-9.71263,-0.02811194,7.228340737781631
-9.72032,-0.02889812,7.22307314985515
-9.72731,-0.02957516,7.218292282244527
-9.73457,-0.03028242,7.213334014753606
-9.74181,-0.03102668,7.208396766104041
-9.74907,-0.03165424,7.2034532422066935
-9.7563,-0.03232271,7.198537457847751
-9.76354,-0.03306437,7.193622169827747
-9.77074,-0.03375018,7.188741262176663
-9.778,-0.03440794,7.183826958478217
-9.78523,-0.0352858,7.178940208865812
-9.79247,-0.0362534,7.174053931234919
-9.79942,-0.03679371,7.169370166805791
-9.80672,-0.0373129,7.1644576780003915
-9.81398,-0.03803814,7.159579355164775
-9.82118,-0.03883026,7.154748472179515
-9.82832,-0.03942591,7.149964836309767
-9.83556,-0.04010119,7.1451212945678755
-9.84279,-0.04090716,7.140291553512775
-9.84987,-0.0415303,7.135568885680725
-9.85719,-0.04202542,7.1306932604525235
-9.86449,-0.04244843,7.125838162946083
-9.87181,-0.04297196,7.120976973827495
-9.87914,-0.04308707,7.116116362355428
-9.88683,-0.04345055,7.111024777405903
-9.89418,-0.04422083,7.106165705495554
-9.90166,-0.04485762,7.101228097106951
-9.90895,-0.04507146,7.096423082163095
-9.91667,-0.04532696,7.091342345767279
-9.92412,-0.04586304,7.086446798305543
-9.93166,-0.04614885,7.081499588185661
-9.93929,-0.04648873,7.076500967372922
-9.94692,-0.0471551,7.071510015160472
-9.95436,-0.04731995,7.066650713858049
-9.96227,-0.04764767,7.0614924008283255
-9.96971,-0.04840752,7.056648056964547
-9.97731,-0.04850893,7.051706993167498
-9.98509,-0.04876284,7.046656695132444
-9.99266,-0.04902887,7.0417502646942856
-10.00063,-0.04954334,7.036592604665907
-10.00813,-0.05005967,7.0317466000141895
-10.01579,-0.04976517,7.02680470537022
-10.02382,-0.04981327,7.021632212070847
-10.03178,-0.05064492,7.016512981744018
-10.03929,-0.05063287,7.0116905976418655
-10.04732,-0.05033017,7.006542281921947
-10.05547,-0.05082496,7.0013254377965435
-10.06313,-0.05117064,6.9964299477399186
-10.07118,-0.05128436,6.991293234755014
-10.07906,-0.05132341,6.986272946088227
-10.08714,-0.05140853,6.981133383694487
-10.09511,-0.05154005,6.976071850628671
-10.1032,-0.05157181,6.970942275714626
-10.11128,-0.05161616,6.965827234534104
-10.11934,-0.05132245,6.960732992467889
-10.12767,-0.05110076,6.955476619992555
-10.13591,-0.05097935,6.950285539236241
-10.14427,-0.05095174,6.945027478566718
-10.15257,-0.05121044,6.939815721536517
-10.16072,-0.05125488,6.934706438126433
-10.16905,-0.05108373,6.929492774644633
-10.17738,-0.0510398,6.924287645739867
-10.18572,-0.05102877,6.919084797147379
-10.19402,-0.05090483,6.91391535429595
-10.20241,-0.05076547,6.908698405572801
-10.2108,-0.05062264,6.90349003016414
-10.21925,-0.05043614,6.898253051838442
-10.22771,-0.05023087,6.893018544718222
-10.23619,-0.0501419,6.887780346007646
-10.24471,-0.05014146,6.882526172043914
-10.25313,-0.04996328,6.877342245733742
-10.2617,-0.04975473,6.872074704970912
-10.27013,-0.04966082,6.866901791895526
-10.2787,-0.04938393,6.861651668012492
-10.28731,-0.04910531,6.856385848195496
-10.29588,-0.04893899,6.851153237994227
-10.30446,-0.04872821,6.845923241004381
-10.3131,-0.04854014,6.840665464312379
-10.32167,-0.04835719,6.835458980959477
-10.33028,-0.04811079,6.830236895805341
-10.33888,-0.04781683,6.825029558327402
-10.34764,-0.04788614,6.8197342389182465
-10.35606,-0.04766291,6.814652889226212
-10.36479,-0.04739457,6.809393176320987
-10.37331,-0.04708394,6.8042685218122285
-10.3821,-0.0469149,6.7989902813496315
-10.39061,-0.04673532,6.79388868410998
-10.39934,-0.04649433,6.788663876746025
-10.40804,-0.04653193,6.783465743790378
-10.41652,-0.04602627,6.778407414376395
-10.42537,-0.04547074,6.7731371548443855
-10.43416,-0.04532045,6.7679114753846985
-10.44283,-0.04521486,6.762765754110715
-10.45155,-0.04501192,6.75759896857404
-10.46025,-0.04487201,6.752452618245262
-10.46892,-0.04483707,6.747332523316636
-10.47759,-0.04501744,6.742220901944055
-10.48592,-0.04489593,6.737317698399377
-10.49458,-0.04467307,6.73222850271283
-10.50313,-0.0446042,6.7272121834158005
-10.51167,-0.04446961,6.72220987721266
-10.52019,-0.04422832,6.717227378973194
-10.52882,-0.04419491,6.712188773290835
-10.53728,-0.04411029,6.707257432658143
-10.54585,-0.04388815,6.702270039873506
-10.55443,-0.04377716,6.6972849410152895
-10.56288,-0.04353204,6.69238328940592
-10.57146,-0.04308423,6.687414245525217
-10.58019,-0.04256855,6.682366602112061
-10.58885,-0.04223742,6.677367655599994
-10.59773,-0.04258465,6.672250198863342
-10.60609,-0.04255742,6.667440244237038
-10.61473,-0.04201884,6.6624771520330714
-10.6234,-0.04170238,6.657504941920666
-10.63219,-0.04160997,6.652472190583502
-10.6407,-0.04130782,6.647607676186717
-10.64955,-0.04103339,6.6425570564014444
-10.65807,-0.04101077,6.637702689136026
-10.66682,-0.04116965,6.6327253483231186
-10.67531,-0.04112224,6.627903704904121
-10.68391,-0.04077815,6.623027402889019
-10.69249,-0.04074064,6.618170257816468
-10.70107,-0.04097894,6.613320901554705
-10.70946,-0.04088243,6.608586446001946
-10.71794,-0.04072956,6.6038087356339
-10.72652,-0.04076904,6.598982372661403
-10.73491,-0.04080104,6.59427034786505
-10.74336,-0.04074337,6.5895320644565585
-10.75176,-0.04055133,6.584829200056549
-10.7603,-0.04053199,6.580055481724488
-10.76872,-0.04059446,6.575356254039478
-10.77715,-0.04034365,6.570658801260073
-10.78554,-0.04007293,6.565990928595139
-10.79424,-0.04010297,6.561158247361556
-10.80263,-0.03994618,6.556505138100629
-10.81117,-0.039756,6.551776255483912
-10.81969,-0.03973643,6.547065886360885
-10.82814,-0.03983412,6.542401538953136
-10.83666,-0.03980439,6.537705916767713
-10.84505,-0.03972245,6.533089151271779
-10.85347,-0.03955679,6.528463053751474
-10.86195,-0.03914801,6.523811240154853
-10.87056,-0.03897202,6.519095538776292
-10.87914,-0.03905984,6.514403693674317
-10.88756,-0.03883686,6.5098065314909865
-10.89616,-0.03884143,6.505118427042188
-10.90459,-0.03899742,6.500530171239817
-10.91301,-0.03885666,6.495954434202846
-10.92149,-0.03880506,6.491353221950485
-10.92998,-0.03888185,6.486753736054412
-10.93831,-0.03887052,6.482247870100592
-10.94679,-0.03892053,6.477667909953512
-10.95509,-0.03888729,6.473192032196906
-10.96352,-0.03882806,6.468652987361724
-10.97191,-0.03887581,6.464142405469969
-10.9803,-0.03899252,6.459638716610658
-10.98863,-0.03921397,6.455174038983932
-10.99696,-0.03929499,6.450716125183688
-11.0052,-0.03938789,6.446313015665322
-11.01332,-0.03945142,6.441980474552633
-11.02153,-0.03948789,6.437606403103744
-11.0298,-0.03952843,6.433206948448748
-11.03813,-0.03958028,6.428782239382939
-11.04634,-0.03962189,6.42442780142563
-11.05455,-0.03963181,6.420079831381648
-11.06288,-0.03962546,6.415674905630361
-11.07118,-0.03961117,6.411292436759226
-11.07939,-0.03956297,6.4069639483762195
-11.08766,-0.03949094,6.402610307314619
-11.09599,-0.03946431,6.398231640439474
-11.10442,-0.03945829,6.393807096633593
-11.11278,-0.03946819,6.389425922226482
-11.12117,-0.0394755,6.38503564822766
-11.1295,-0.03947419,6.380683319106878
-11.13786,-0.03949206,6.376321860752425
-11.14613,-0.03952295,6.372013793128199
-11.1545,-0.03952658,6.367660137164373
-11.16283,-0.03955518,6.363333769304021
-11.17113,-0.03958746,6.359029399890612
-11.17952,-0.0395905,6.354684852301351
-11.1877,-0.03960986,6.350455321469114
-11.19606,-0.03961311,6.346139106078389
-11.20436,-0.03960644,6.341860240120811
-11.21272,-0.03961037,6.337556846153298
-11.22102,-0.03961835,6.333290681239317
-11.22926,-0.03961089,6.329061594441664
-11.23756,-0.03959464,6.324807983227676
-11.2459,-0.03958602,6.3205401968717485
-11.25426,-0.03958489,6.316268524096653
-11.26247,-0.03957179,6.312079668136741
-11.2708,-0.03955322,6.307835823544026
-11.27916,-0.03955429,6.303582997315404
-11.28758,-0.0395782,6.2993060159928
-11.29591,-0.03957844,6.295081024901934
-11.30422,-0.03956267,6.290872382172322
-11.31255,-0.03956149,6.286659815868218
-11.32094,-0.03956444,6.28242317334073
-11.32933,-0.03956854,6.278192805752856
-11.3376,-0.03956822,6.274029071408411
-11.34593,-0.03956163,6.269841264664951
-11.35432,-0.03956791,6.265629504893292
-11.36253,-0.03956727,6.26151412581529
-11.3708,-0.03952537,6.257374679002358
-11.3792,-0.03951531,6.253176321709787
-11.38756,-0.03952128,6.249004106235225
-11.39589,-0.03950468,6.244852951371065
-11.40425,-0.03947257,6.240692943420217
-11.41255,-0.03944078,6.236568821166173
-11.42091,-0.03943375,6.232420945441301
-11.42937,-0.03948127,6.22822963120452
-11.43767,-0.03944817,6.22412361084032
-11.446,-0.0393773,6.220008736676569
-11.45427,-0.03926152,6.21592942195356
-11.46272,-0.03916422,6.2117673990117535
-11.47109,-0.03907577,6.207650824812638
-11.47954,-0.038989,6.203500993942266
-11.48799,-0.03889925,6.199357267894558
-11.49645,-0.03885244,6.195214740202411
-11.50484,-0.03887223,6.1911125056932566
-11.51338,-0.0389074,6.18694306971541
-11.52177,-0.03892484,6.182852886318682
-11.53001,-0.03889434,6.178841622860691
-11.53838,-0.03894008,6.174772940395446
-11.54683,-0.03901453,6.170671353089983
-11.55519,-0.0390845,6.1666193545930446
-11.56343,-0.03917156,6.162631252145774
-11.57176,-0.03929248,6.1586053634019375
-11.58003,-0.03948757,6.154614202208458
-11.58827,-0.03965988,6.150643184875741
-11.59648,-0.0397497,6.146692237644527
-11.60463,-0.03978775,6.142775693839442
-11.61272,-0.03972659,6.13889342031841
-11.62105,-0.03967115,6.1349016224867805
-11.62932,-0.03962122,6.1309442340566775
-11.63765,-0.03956764,6.1269638200152094
-11.64601,-0.03953138,6.12297479565963
-11.65434,-0.03946358,6.119005778104981
-11.66264,-0.03945956,6.115056693853194
-11.6711,-0.0395502,6.111037262982925
-11.67937,-0.03953322,6.107113731305713
-11.68767,-0.03931469,6.103181549444843
-11.69609,-0.0392236,6.09919821923395
-11.70458,-0.03926907,6.095187576145407
-11.71291,-0.03917086,6.091258167270132
-11.72124,-0.0389057,6.0873343434653675
-11.72981,-0.03855738,6.083303284537431
-11.73818,-0.03828514,6.079371981005574
-11.74693,-0.03837347,6.075268184964072
-11.7553,-0.03839916,6.071348327988227
-11.76378,-0.03831024,6.067382644014084
-11.77223,-0.03822665,6.063436672576054
-11.78066,-0.03820766,6.059505681345528
-11.78917,-0.03819047,6.055543087426851
-11.79747,-0.03808694,6.051683784743679
-11.80599,-0.03806242,6.047727831380512
-11.81441,-0.03802738,6.043823915032575
-11.82289,-0.03789818,6.0398977999457
-11.83122,-0.03765212,6.03604661226822
-11.83986,-0.03762621,6.032057828386485
-11.84822,-0.03756117,6.028203848341777
-11.85664,-0.03727245,6.02432770160855
-11.86528,-0.03731661,6.020355996655789
-11.87367,-0.03741507,6.016504745373587
-11.88203,-0.03698755,6.012672674618731
-11.8907,-0.03670622,6.008704197397966
-11.89928,-0.03672426,6.004782608695653
-11.9077,-0.03656594,6.000939644095838
-11.9164,-0.03652854,5.996974589641168
-11.92482,-0.03647495,5.993142655402766
-11.93333,-0.03610368,5.9892752567807985
-11.94185,-0.03569701,5.985408835314462
-11.95067,-0.03581351,5.981412079824813
-11.95909,-0.03568127,5.977602083436115
-11.9677,-0.03527621,5.973711657210659
-11.97636,-0.03503821,5.969804281100435
-11.98497,-0.03493799,5.965925062807834
-11.99361,-0.03475716,5.962037926862721
-12.00227,-0.03487083,5.95814740878184
-12.0107,-0.03489146,5.954365607333462
-12.0193,-0.03471193,5.950513008245073
-12.02779,-0.03442219,5.946715090635936
-12.03633,-0.03409719,5.942900211277026
-12.04503,-0.03405267,5.9390194212882825
-12.05354,-0.03392278,5.935228804152142
-12.06212,-0.03378881,5.931412421697016
-12.07069,-0.03362799,5.927605903225085
-12.07924,-0.03342932,5.923813650527682
-12.08788,-0.03339629,5.919986929056212
-12.09636,-0.03318628,5.916236388467275
-12.105,-0.03308761,5.9124204874019
-12.11348,-0.03325012,5.908680544319222
-12.12187,-0.03297292,5.904985443665046
-12.13048,-0.03256727,5.901198765423957
-12.13918,-0.03277428,5.897377961279099
-12.14757,-0.03287984,5.893698484552878
-12.15599,-0.03259927,5.8900109575608415
-12.16463,-0.03257646,5.886232388490238
-12.17302,-0.03250207,5.882568286259286
-12.18153,-0.03221419,5.878856933406559
-12.19011,-0.0320552,5.875120298340212
-12.19862,-0.03181371,5.871419340876264
-12.2072,-0.03180078,5.867693164689691
-12.21574,-0.03216263,5.86398955773453
-12.22405,-0.03207856,5.860390664305202
-12.23241,-0.03198719,5.856775050868962
-12.24086,-0.03188717,5.853125532029613
-12.24931,-0.03181886,5.849481048320273
-12.25768,-0.03184147,5.8458760222162764
-12.26622,-0.03188932,5.842202846516694
-12.27449,-0.03186716,5.838650673062588
-12.28291,-0.03175221,5.835038985061359
-12.29128,-0.03166236,5.8314536484401955
-12.2997,-0.03169366,5.827851817524005
-12.30815,-0.03179014,5.824242107871614
-12.31654,-0.03178499,5.8206629296864225
-12.32481,-0.03170189,5.817139712498611
-12.33321,-0.03160415,5.813565949173006
-12.34151,-0.03151631,5.810039508941776
-12.35002,-0.03147301,5.8064287669169765
-12.35838,-0.03146083,5.802886511015198
-12.36681,-0.03141745,5.799319444545522
-12.37529,-0.03139163,5.795736124163556
-12.38371,-0.03138099,5.792183013006603
-12.39198,-0.03140717,5.788697899770659
-12.4005,-0.03148608,5.785112293859119
-12.40889,-0.03154914,5.7815862095642725
-12.41728,-0.0315778,5.778064890217504
-12.42558,-0.031585,5.774586023348609
-12.43379,-0.03158354,5.771149448398276
-12.44206,-0.03162432,5.767692343550827
-12.45046,-0.03167168,5.7641855963554764
-12.45882,-0.03173059,5.760700242880145
-12.46721,-0.03184005,5.757207081616497
-12.47545,-0.0318724,5.753780945777507
-12.48366,-0.03189078,5.750371781993422
-12.49193,-0.03192941,5.746942233906211
-12.50029,-0.03196734,5.743479975264575
-12.50838,-0.03196725,5.740133942205146
-12.51674,-0.03195046,5.736680781097954
-12.5251,-0.0319542,5.733232229682797
-12.53334,-0.0319429,5.729837680937404
-12.54167,-0.03190707,5.7264105896583155
-12.54997,-0.03186671,5.723000365737926
-12.55827,-0.03183837,5.719594649581511
-12.56673,-0.03182152,5.716127910761193
-12.57506,-0.03181408,5.712719000943137
-12.58339,-0.03177056,5.709314604411054
-12.59178,-0.03174237,5.705890239505456
-12.60021,-0.03172812,5.702454141637322
-12.60851,-0.03170265,5.699075521215433
-12.6169,-0.03166534,5.695664782949853
-12.6252,-0.03161824,5.692295092354973
-12.63362,-0.03158781,5.688881207444897
-12.64204,-0.03155336,5.685471870046291
-12.65038,-0.03148218,5.682099399385631
-12.65871,-0.03143633,5.6787354082683
-12.66707,-0.03140664,5.675363750259532
-12.67546,-0.03138164,5.671984464469141
-12.68388,-0.03133875,5.668597590011889
-12.69222,-0.03129176,5.665247324739092
-12.7007,-0.03128671,5.6618453313596895
-12.70912,-0.03127183,5.658471900493504
-12.71739,-0.03121967,5.655162914717565
-12.72575,-0.03116303,5.651822289452489
-12.73409,-0.03112146,5.648494026663861
-12.74254,-0.03112224,5.645126309197382
-12.75093,-0.0311212,5.641786920640299
-12.75929,-0.03112222,5.638463840856349
-12.76772,-0.03113503,5.635117342798871
-12.77608,-0.03116171,5.6318029943456835
-12.78453,-0.03122114,5.6284573699619775
-12.79286,-0.03127138,5.625163583436386
-12.80122,-0.03128609,5.621862244379833
-12.80953,-0.03128568,5.618584920758217
-12.81776,-0.03126723,5.615343336121132
-12.82613,-0.03125691,5.612050875829265
-12.83443,-0.03126328,5.608790191695308
-12.84264,-0.03124603,5.605569010732997
-12.85091,-0.0312513,5.602328449891876
-12.85936,-0.0312797,5.599021662042279
-12.86766,-0.03129677,5.5957778026463245
-12.87605,-0.03134111,5.592503019171253
-12.88445,-0.03139017,5.589228605023886
-12.89269,-0.03139322,5.586020706307218
-12.90102,-0.03140485,5.5827819350718
-12.90932,-0.03140986,5.579558985291247
-12.91756,-0.03138985,5.576363430864653
-12.92595,-0.03138086,5.573113891048627
-12.93422,-0.03137146,5.569914954284062
-12.9424,-0.03134646,5.566754852268513
-12.95076,-0.03131713,5.563529337274415
-12.95915,-0.03131648,5.560296431478917
-12.96742,-0.0313086,5.557113859194813
-12.97585,-0.03129043,5.553873888801119
-12.98421,-0.0312863,5.55066497692197
-12.99254,-0.03127501,5.547471687599192
-13.0009,-0.0312197,5.5442710120068615
-13.00917,-0.03114287,5.5411088409176
-13.01753,-0.0310896,5.53791634050392
-13.02596,-0.03104072,5.53470125810305
-13.03429,-0.03096644,5.531528399322096
-13.04265,-0.03092633,5.5283481884432994
-13.05116,-0.03093002,5.525115100879923
-13.05953,-0.03089518,5.521939311751648
-13.06795,-0.0308732,5.518748656063117
-13.07634,-0.03086424,5.515573455569372
-13.08479,-0.0308626,5.512379663716422
-13.093,-0.03083492,5.509280531581761
-13.10143,-0.030821,5.506102394929409
-13.10979,-0.03083826,5.50295468501021
-13.11812,-0.03083257,5.499822261116685
-13.12651,-0.03083483,5.496671293435956
-13.13481,-0.03070469,5.493558087250596
-13.14317,-0.03059067,5.490426350720565
-13.15169,-0.03053112,5.487238773115851
-13.16002,-0.03046422,5.4841262703248175
-13.16841,-0.03034802,5.480995328972899
-13.1769,-0.03029821,5.477831128717681
-13.18535,-0.03027767,5.474685882437706
-13.19368,-0.0301856,5.471589245760091
-13.20216,-0.03006024,5.468440861192412
-13.21065,-0.02980653,5.4652928129955765
-13.21907,-0.02951439,5.462174714257508
-13.22774,-0.02955592,5.4589681835294614
-13.23622,-0.02959212,5.455835986406996
-13.24458,-0.02949248,5.452752038947253
-13.25316,-0.02953061,5.449590980566144
-13.26161,-0.02952152,5.446481814802276
-13.26991,-0.02942289,5.443431696220999
-13.27846,-0.02945657,5.4402936936964075
-13.28688,-0.02950157,5.4372073504088245
-13.29518,-0.02940275,5.4341688190757855
-13.30357,-0.02933061,5.4311011931383835
-13.31212,-0.02941512,5.427979044660055
-13.32048,-0.02950094,5.424930152667172
-13.32881,-0.02933726,5.42189600571994
-13.33714,-0.02932609,5.418865648857252
-13.34551,-0.02929748,5.415824550729047
-13.35408,-0.0293426,5.412714735870985
-13.36232,-0.02937031,5.409728430392327
-13.37071,-0.02937264,5.4066915444280825
-13.37904,-0.02929571,5.403680144464775
-13.38738,-0.02914907,5.400668883680003
-13.39583,-0.02902896,5.397621730045843
-13.40422,-0.02891685,5.394600014025434
-13.41271,-0.02890914,5.391546130498609
-13.42113,-0.02895581,5.3885212422500945
-13.42946,-0.02887532,5.385532419025039
-13.43794,-0.02878478,5.382493581605514
-13.4463,-0.02854536,5.3795014985535055
-13.45482,-0.02825525,5.376455976371293
-13.46333,-0.02797667,5.373417876558029
-13.47191,-0.02769677,5.370358672229848
-13.48055,-0.02768791,5.367282010007011
-13.48903,-0.02760893,5.364266155535276
-13.49767,-0.02760348,5.36119729553323
-13.50609,-0.02757102,5.358210355476678
-13.5146,-0.02737787,5.3551952703002685
-13.52315,-0.02716919,5.352169834690883
-13.53166,-0.0270106,5.349162349630422
-13.54024,-0.02718273,5.3461339533124965
-13.54863,-0.02739433,5.343176328529158
-13.55705,-0.02734165,5.340211808616181
-13.56545,-0.02730932,5.337257997338828
-13.57381,-0.02738743,5.334321881623509
-13.58217,-0.02734025,5.3313893803420225
-13.59056,-0.02740631,5.328449982929328
-13.59889,-0.02750096,5.325535194416603
-13.60722,-0.02737103,5.322623974625236
-13.61556,-0.02730655,5.319712828557915
-13.62401,-0.02729946,5.316766921046007
-13.63249,-0.02729745,5.3138142261611785
-13.6407,-0.0272459,5.310959041691409
-13.64912,-0.02724229,5.308034393426097
-13.65752,-0.02728246,5.305120285381241
-13.66588,-0.02729126,5.302223610920044
-13.67421,-0.0273034,5.299340854060308
-13.6826,-0.02733371,5.296440881119086
-13.69096,-0.0273667,5.29355481281079
-13.69923,-0.02740234,5.290703280403352
-13.70763,-0.02744529,5.28781044571527
-13.71574,-0.02746287,5.285020844664597
-13.7242,-0.02750423,5.282114367321958
-13.73244,-0.0275536,5.2792869147798935
-13.74077,-0.02759386,5.276432026735038
-13.74907,-0.02761163,5.273590861054603
-13.75734,-0.02761053,5.270763374315093
-13.76555,-0.02761663,5.267959761869305
-13.77385,-0.0276282,5.265128812931752
-13.78212,-0.02763464,5.262311487637606
-13.79045,-0.02763485,5.2594771381644545
-13.79866,-0.02760255,5.256686968154879
-13.80702,-0.02758795,5.25384923031907
-13.81548,-0.02759896,5.250981044451586
-13.82378,-0.02759506,5.248170514866412
-13.83199,-0.02756674,5.2453937792031375
-13.84041,-0.02755156,5.242549440370625
-13.84868,-0.02753213,5.239759139499216
-13.85713,-0.02751406,5.236911546618961
-13.86552,-0.02750735,5.2340876072444456
-13.87383,-0.02748581,5.2312939613646705
-13.88216,-0.02747117,5.228496948601658
-13.89055,-0.02747669,5.225683180291638
-13.89885,-0.0274653,5.222902938012858
-13.90721,-0.02745026,5.2201059522362865
-13.91557,-0.02744255,5.217312327127096
-13.924,-0.02744191,5.214498707268027
-13.93233,-0.02742651,5.211721808197193
-13.94069,-0.02742859,5.208938244807109
-13.94902,-0.02745522,5.2061679888623
-13.95732,-0.02746478,5.203410998673099
-13.96559,-0.02747093,5.200667232820096
-13.97398,-0.02749361,5.197886972787996
-13.98232,-0.02749087,5.195126588434538
-13.99071,-0.02748599,5.19235297565313
-13.99907,-0.02750797,5.189592587221866
-14.00737,-0.02752335,5.186855269761562
-14.01561,-0.02750863,5.184140947129665
-14.02388,-0.02749723,5.181419949400595
-14.03215,-0.02746934,5.17870215897065
-14.04042,-0.02744272,5.175987570172403
-14.04887,-0.02745535,5.173217198251532
-14.05727,-0.02747823,5.170466520170701
-14.0656,-0.02746035,5.167742008872711
-14.07393,-0.02743027,5.165020722712136
-14.08226,-0.02743741,5.162302655965734
-14.09056,-0.02747474,5.159597574546363
-14.09901,-0.02751941,5.156846877901357
-14.10732,-0.02754629,5.15414496871128
-14.11552,-0.02754842,5.151481943279454
-14.12386,-0.02758791,5.148776623387658
-14.13222,-0.02770103,5.146068020452555
-14.14052,-0.02788261,5.1433820255549305
-14.14879,-0.02804015,5.140708873338286
-14.15703,-0.02811243,5.138048524302061
-14.16518,-0.02818795,5.135420277045545
-14.17323,-0.02824872,5.132827245447933
-14.18163,-0.02836664,5.130124611909915
-14.18987,-0.02843639,5.127476566029146
-14.19798,-0.02842209,5.124873298877728
-14.20619,-0.02845106,5.122240959750645
-14.21443,-0.02850159,5.11960205931578
-14.22276,-0.02847118,5.1169374439279025
-14.231,-0.02841692,5.114304686951023
-14.23918,-0.02834992,5.111694114408274
-14.24757,-0.0283417,5.1090196363309675
-14.25606,-0.02837439,5.106316485761144
-14.26436,-0.02834856,5.103676940290346
-14.27263,-0.02830748,5.101049988684637
-14.28093,-0.02828475,5.098416566708191
-14.28929,-0.02828389,5.095767200469723
-14.29775,-0.02831259,5.093089297267053
-14.30605,-0.02829081,5.090465117904663
-14.31435,-0.02829549,5.087843981738605
-14.32271,-0.02833228,5.08520696851364
-14.33101,-0.02831886,5.082591924784087
-14.3394,-0.0283352,5.079951601880135
-14.34773,-0.02836317,5.07733321577699
-14.356,-0.02834178,5.074736695458346
-14.36421,-0.02829413,5.0721619706200345
-14.37267,-0.02827407,5.0695119208887425
-14.38097,-0.02825644,5.066915020335903
-14.38933,-0.02829491,5.0643023754406915
-14.39766,-0.0284138,5.0617021238173425
-14.40599,-0.02848938,5.059104879289796
-14.41423,-0.02851583,5.05653864965385
-14.42253,-0.02854407,5.053956698304667
-14.4308,-0.02863371,5.051387033289908
-14.4391,-0.02871966,5.04881100622615
-14.44731,-0.02879536,5.046265823880017
-14.45552,-0.0288949,5.043723532602079
-14.46385,-0.02900295,5.041147032083436
-14.47203,-0.02908431,5.038619813529961
-14.48024,-0.02910327,5.03608619746634
-14.48845,-0.02915934,5.033555452791707
-14.49672,-0.02921703,5.031009111026495
-14.50502,-0.02925717,5.028456451628471
-14.51311,-0.0292551,5.025971187429849
-14.52147,-0.02925051,5.023405887971397
-14.52977,-0.0293199,5.020861920044158
-14.53804,-0.02937466,5.018330036235971
-14.54634,-0.02943405,5.015791862420375
-14.55458,-0.02948268,5.013274900409356
-14.56282,-0.02951926,5.01076078671576
-14.57112,-0.02956429,5.0082312409753
-14.57936,-0.02958845,5.0057228300830765
-14.5876,-0.02957886,5.003217253009406
-14.59584,-0.02957785,5.0007145049548365
-14.60414,-0.0296096,4.998196388147472
-14.61241,-0.02963569,4.995690218109128
-14.62074,-0.02965248,4.993168731541632
-14.62907,-0.02969527,4.990650116514584
-14.63728,-0.02972,4.988170589071194
-14.64555,-0.02972573,4.985675751337437
-14.65389,-0.02977535,4.98316264827974
-14.66225,-0.02980785,4.9806463878327
-14.67049,-0.02982801,4.978169052294778
-14.67873,-0.02989366,4.9756944980935005
-14.68712,-0.02999021,4.973177750300945
-14.69542,-0.03007773,4.970690827482304
-14.7036,-0.03008937,4.968242607252646
-14.71184,-0.03011428,4.965779181937814
-14.72011,-0.0302164,4.963309560866054
-14.72844,-0.03035128,4.960824825982929
-14.73671,-0.03045089,4.958360767091162
-14.74489,-0.03049405,4.955926242922125
-14.75307,-0.03051169,4.953494418449855
-14.76134,-0.03055972,4.951038577798493
-14.76955,-0.03055469,4.948603274981296
-14.77785,-0.03060163,4.946144026363781
-14.78603,-0.03065682,4.943723034512983
-14.79439,-0.03067343,4.941251535210307
-14.8026,-0.03064228,4.938827097942254
-14.81081,-0.03069569,4.936405348525841
-14.81911,-0.0307385,4.933959778961085
-14.82747,-0.03082077,4.931499298261943
-14.8358,-0.03090253,4.929050405101174
-14.84383,-0.03087594,4.926692309195134
-14.85219,-0.03095754,4.924240014435582
-14.86037,-0.03110496,4.921843190983805
-14.8687,-0.03121076,4.919405126204712
-14.877,-0.03128178,4.916978557504874
-14.88506,-0.03130608,4.914624744542515
-14.8932,-0.03135611,4.912250154432896
-14.90154,-0.03143774,4.9098199112306515
-14.90981,-0.03152838,4.9074127503972225
-14.91805,-0.03152707,4.905016976079314
-14.92613,-0.03153896,4.90267029028958
-14.93446,-0.03160203,4.900253654969782
-14.9428,-0.03170669,4.8978368177316165
-14.95097,-0.03174819,4.895471859016506
-14.95918,-0.0317745,4.89309792381668
-14.96742,-0.03183248,4.890717932683121
-14.97572,-0.03190515,4.888323259248971
-14.98399,-0.03196099,4.88593987983174
-14.99214,-0.03198223,4.8835936564092925
-15.00044,-0.03202845,4.88120687126511
-15.00868,-0.03213156,4.878839951281526
-15.01701,-0.03228043,4.876449819238317
-15.02522,-0.03238103,4.874096712061455
-15.03343,-0.03235185,4.871746175024596
-15.04149,-0.03234229,4.869441079307968
-15.04991,-0.03247371,4.867035663336193
-15.05815,-0.03259664,4.864684273964598
-15.0663,-0.03262118,4.862361097283341
-15.07451,-0.03264344,4.860023357309791
-15.08278,-0.03269742,4.857671105724542
-15.09105,-0.03268748,4.85532143223964
-15.09929,-0.03266355,4.852982842239602
-15.10762,-0.03274226,4.850621302362649
-15.11589,-0.03288007,4.848279347097657
-15.12416,-0.03297667,4.845939953028797
-15.13234,-0.03306383,4.843628533326638
-15.14064,-0.03315857,4.84128575806571
-15.14882,-0.03320674,4.838979366049633
-15.15703,-0.03322095,4.836667018538592
-15.16521,-0.0331897,4.834365610499295
-15.17354,-0.0331946,4.8320245506322195
-15.18184,-0.03318858,4.829694477085782
-15.19014,-0.03329647,4.827366949876697
-15.19844,-0.03351988,4.825041964833233
-15.20659,-0.03370668,4.822761467232299
-15.21483,-0.03385288,4.82045826999053
-15.22289,-0.03407096,4.818207797599537
-15.23106,-0.0340794,4.815929042364747
-15.23912,-0.03399156,4.813683362293887
-15.24745,-0.03412595,4.811364949548941
-15.25572,-0.03429013,4.809065740587793
-15.26375,-0.03433177,4.8068356399967245
-15.27199,-0.03433837,4.804549655938748
-15.2802,-0.03431943,4.802274446669546
-15.28844,-0.03429719,4.799993380619606
-15.29671,-0.03426867,4.797706480674603
-15.30498,-0.03429441,4.79542205216864
-15.31331,-0.03440356,4.793123544158644
-15.32146,-0.03451781,4.7908771226762985
-15.32973,-0.03465168,4.788600066667842
-15.33791,-0.03471986,4.786350206775238
-15.34612,-0.0347963,4.784094507276106
-15.35439,-0.03496179,4.781824761517716
-15.36244,-0.03495915,4.779617743014782
-15.37077,-0.03509598,4.777336392386329
-15.37895,-0.03533412,4.775098527532764
-15.38707,-0.03538354,4.77287943058685
-15.39528,-0.03536834,4.770638117656841
-15.40355,-0.03547849,4.768382840319278
-15.4117,-0.03564767,4.766162655644738
-15.41988,-0.03558027,4.763936658391636
-15.42812,-0.03553229,4.761696720015141
-15.43642,-0.03568909,4.759442888960005
-15.4446,-0.03575427,4.757224013571087
-15.45284,-0.03588429,4.7549912378566015
-15.46101,-0.03594655,4.752779779587492
-15.46922,-0.03600718,4.750559847232116
-15.47746,-0.03597291,4.748334171110764
-15.48561,-0.03582828,4.746135134489375
-15.49403,-0.03606012,4.743865676005533
-15.50224,-0.0361175,4.741655193055972
-15.51036,-0.03602635,4.739471243736445
-15.51854,-0.03600094,4.737273467736012
-15.52696,-0.03608361,4.735013627909134
-15.53526,-0.03615566,4.732788392341036
-15.54344,-0.03619438,4.7305976540585615
-15.55174,-0.03624682,4.728377133362569
-15.56004,-0.03631776,4.726158981596448
-15.56828,-0.03637126,4.723959204228085
-15.57655,-0.03640639,4.721753758052971
-15.58482,-0.03646493,4.7195506524939015
-15.59309,-0.03660097,4.7173498838267465
-15.6013,-0.03674151,4.715167389896996
-15.60951,-0.03687052,4.712987191782446
-15.61772,-0.03708003,4.710809285862469
-15.62593,-0.03715736,4.70863366852405
-15.63396,-0.0370606,4.706507960874916
-15.64232,-0.03707332,4.704297214223978
-15.65056,-0.03709993,4.70212051198168
-15.6588,-0.0370836,4.699946100595193
-15.66707,-0.03708082,4.69776607240537
-15.67537,-0.03711936,4.6955804488187525
-15.68364,-0.0372069,4.693405025874096
-15.69188,-0.0372634,4.691239774966416
-15.70018,-0.03729821,4.689061055350958
-15.70845,-0.03739383,4.686892500533153
-15.71654,-0.03743743,4.684773353422573
-15.72487,-0.03745676,4.682593617626092
-15.7332,-0.03750116,4.680416189967712
-15.74129,-0.03746755,4.678303703190781
-15.74959,-0.0374356,4.67613863598989
-15.75792,-0.03739317,4.6739680363905896
-15.76622,-0.03735771,4.671807535350896
-15.77455,-0.03736677,4.669641511168306
-15.78291,-0.0374372,4.667469984939406
-15.79121,-0.03755423,4.665316318382189
-15.79952,-0.03760916,4.6631623239187014
-15.80769,-0.03764075,4.661046825943576
-15.81603,-0.03775085,4.658889563310136
-15.82427,-0.03783317,4.656760400321785
-15.83247,-0.03786719,4.6546437732078445
-15.84078,-0.03795978,4.652500987956401
-15.84901,-0.03820397,4.650381045882361
-15.85722,-0.03848306,4.648268448063407
-15.86531,-0.03856934,4.646188867409462
-15.87346,-0.03866481,4.64409600679373
-15.88173,-0.03882024,4.641974526704585
-15.88976,-0.03873279,4.63991672624382
-15.89806,-0.03870777,4.637791919265622
-15.9063,-0.03880983,4.635684665824233
-15.91448,-0.03897254,4.633594914819712
-15.92271,-0.03915593,4.63149455714511
-15.9308,-0.03914393,4.629432043588521
-15.93898,-0.03901072,4.627348713656708
-15.94734,-0.03902566,4.625221748580015
-15.95555,-0.0391402,4.623135115994121
-15.96376,-0.03908598,4.621050629676217
-15.972,-0.03901659,4.618960681192086
-15.98039,-0.03910524,4.616834902026797
-15.98869,-0.03921223,4.614734121432088
-15.9969,-0.03926693,4.612658265038852
-16.00508,-0.03922913,4.610592112004439
-16.01344,-0.03923605,4.608482674553375
-16.02174,-0.03927606,4.606390554334299
-16.02995,-0.03917091,4.604323251164227
-16.03835,-0.03917663,4.602210295946902
-16.04665,-0.03937843,4.600124667765547
-16.05495,-0.03963556,4.5980411960174274
-16.0631,-0.03989331,4.595997472467955
-16.07127,-0.03995888,4.593950814092477
-16.07942,-0.03993705,4.591911238091922
-16.08769,-0.04006733,4.589843743881192
-16.09587,-0.04026572,4.587800839594256
-16.10402,-0.04047244,4.585767491595267
-16.11214,-0.04056981,4.58374367402468
-16.12035,-0.0406962,4.581699497839688
-16.12846,-0.04078105,4.57968226352671
-16.13661,-0.04069339,4.577657122530693
-16.14488,-0.04058219,4.575604253484697
-16.15315,-0.04057486,4.573553486471679
-16.16142,-0.04072804,4.571504818264732
-16.16966,-0.04085251,4.569465665944739
-16.17781,-0.04087187,4.567450829253156
-16.18608,-0.04090221,4.5654084003044595
-16.19435,-0.04098012,4.563368057378036
-16.20253,-0.04091071,4.561351967871684
-16.21071,-0.04072741,4.5593379130217
-16.2191,-0.04057314,4.557274263060219
-16.22752,-0.04058809,4.5552053795034615
-16.23586,-0.04067742,4.553158268179204
-16.24431,-0.04078291,4.551086300372254
-16.25252,-0.0408223,4.54907524494663
-16.26082,-0.04079079,4.547044208102667
-16.269,-0.04075801,4.545044563279858
-16.27739,-0.0407914,4.542995670681847
-16.28581,-0.0408838,4.5409415742907475
-16.29405,-0.0409631,4.5389334450305485
-16.30235,-0.04108903,4.536912745708441
-16.31062,-0.04122293,4.534901395532481
-16.31883,-0.04129951,4.53290665445991
-16.32707,-0.0413839,4.530906641546831
-16.33528,-0.04148966,4.528915916960101
-16.34355,-0.04156403,4.52691266585289
-16.3517,-0.04154601,4.524940464905789
-16.35991,-0.04160459,4.522955731419061
-16.36824,-0.04178888,4.520944023303667
-16.37654,-0.04193317,4.518941595721685
-16.38463,-0.04196287,4.516991784373525
-16.39272,-0.04192323,4.515043897535003
-16.40105,-0.04193851,4.5130402321802565
-16.40932,-0.0419908,4.511053011337459
-16.41756,-0.04195767,4.509074990437068
-16.42586,-0.04188184,4.507084572740788
-16.43404,-0.04178279,4.505124899294391
-16.44246,-0.04174325,4.503109765813631
-16.45079,-0.04173108,4.501118201618281
-16.45921,-0.04177439,4.49910716857006
-16.46751,-0.04179406,4.4971268090925705
-16.47588,-0.04183681,4.495131768378988
-16.48409,-0.04184195,4.49317683293406
-16.49248,-0.04189316,4.491181047362192
-16.50075,-0.04192955,4.48921579322152
-16.50905,-0.04194393,4.48724538964992
-16.51738,-0.04197891,4.485269855146519
-16.52553,-0.04200364,4.483338936784478
-16.53389,-0.04204368,4.481360242507964
-16.54219,-0.04216292,4.4793977278703725
-16.55055,-0.04227829,4.4774230161535415
-16.55876,-0.04231238,4.4754856764636965
-16.56697,-0.04223452,4.4735502569268855
-16.57518,-0.04206572,4.471616754689844
-16.58357,-0.04191165,4.4696428392680225
-16.59197,-0.04180379,4.467668571001515
-16.60051,-0.04171751,4.465663446484475
-16.60884,-0.04154791,4.463709614879787
-16.61726,-0.04126431,4.461736664167257
-16.62581,-0.04118553,4.459735297107329
-16.63432,-0.04128449,4.457745336148397
-16.64266,-0.04120194,4.455797102145931
-16.65123,-0.04113263,4.453797172941578
-16.65959,-0.0408939,4.451848232759629
-16.66817,-0.04071054,4.449850037526615
-16.67662,-0.04076255,4.447884127598998
-16.68507,-0.04058116,4.445920208905327
-16.69359,-0.04022336,4.443942034038215
-16.70226,-0.04019568,4.441931103934438
-16.71071,-0.04021671,4.439973208798429
-16.71916,-0.03999432,4.438017292734803
-16.72774,-0.03975653,4.436033307547822
-16.73631,-0.03956808,4.434053665353952
-16.74483,-0.0393802,4.432087581659533
-16.7534,-0.0392642,4.430111977270286
-16.76195,-0.03916299,4.428142996489073
-16.77049,-0.03904854,4.426178322756223
-16.7791,-0.03891617,4.424199569702785
-16.78758,-0.0384515,4.422252677276892
-16.7964,-0.03831413,4.4202298111500085
-16.80486,-0.03836356,4.418291506147626
-16.81343,-0.0383031,4.4163299873969795
-16.82204,-0.03822202,4.414361325974733
-16.83055,-0.03795128,4.412417508637567
-16.83913,-0.03782988,4.410459691207325
-16.84773,-0.03777594,4.408499311183169
-16.85619,-0.03745616,4.406572796106356
-16.86482,-0.03711184,4.404609560019022
-16.87349,-0.03701733,4.4026392465340605
-16.88207,-0.03692978,4.40069137848617
-16.89061,-0.03647866,4.398754556525786
-16.89928,-0.03622361,4.3967902537859604
-16.90804,-0.03621303,4.3948076063222
-16.91649,-0.03575661,4.392897066708283
-16.92537,-0.03561007,4.390891360129793
-16.93391,-0.03537121,4.388964432904155
-16.94276,-0.03516191,4.38696960825745
-16.95131,-0.03516105,4.385044383000488
-16.95992,-0.03489135,4.383107608998156
-16.96858,-0.0346109,4.381161570384794
-16.97734,-0.03477779,4.379195080030205
-16.98576,-0.03485439,4.377306826424017
-16.99422,-0.03447748,4.375411486964392
-17.00288,-0.03423018,4.373473293936086
-17.01152,-0.03396077,4.371541543612799
-17.02013,-0.03378521,4.369618451797959
-17.02882,-0.03375008,4.367679463403806
-17.03734,-0.03344527,4.365780327210703
-17.04607,-0.0331818,4.363836350548836
-17.05467,-0.03312013,4.3619232679377555
-17.0634,-0.03305702,4.359983238979336
-17.07188,-0.03285272,4.358100666124645
-17.08052,-0.0326968,4.3561844955539994
-17.08913,-0.03252,4.354276905845997
-17.09779,-0.03228604,4.352360176373672
-17.10637,-0.03216149,4.350463067266755
-17.11498,-0.03196445,4.348561236998233
-17.12358,-0.031941,4.346663524800305
-17.1321,-0.03204637,4.3447853444703215
-17.14064,-0.03208532,4.342904628998684
-17.149,-0.03154908,4.341065368243046
-17.15782,-0.03119722,4.339126847116941
-17.16638,-0.03135725,4.337247375393065
-17.17482,-0.03118556,4.335396085664945
-17.18344,-0.03075639,4.333507190644015
-17.19219,-0.03086383,4.331591746019559
-17.20053,-0.0309659,4.329767867618033
-17.20906,-0.03079322,4.3279042667060255
-17.21755,-0.03060182,4.326051238416616
-17.22601,-0.0303509,4.324206574824931
-17.2347,-0.03053999,4.322313646306579
-17.24304,-0.03054091,4.320498751960211
-17.25153,-0.03044354,4.31865301802217
-17.26,-0.03028318,4.316813441483198
-17.26849,-0.03022574,4.314971332177857
-17.27696,-0.03027551,4.313135366407053
-17.2854,-0.03032884,4.311307693197728
-17.29379,-0.03029575,4.309492615557376
-17.30222,-0.03025728,4.307670657291377
-17.31061,-0.0302151,4.305859106062698
-17.31902,-0.02997029,4.304044997927135
-17.32758,-0.02979112,4.30220034188271
-17.33604,-0.02963104,4.300379025429106
-17.34464,-0.02953006,4.298529390059408
-17.35301,-0.02926439,4.2967309821178
-17.36171,-0.02929683,4.2948635071084595
-17.37012,-0.02952743,4.293060059458426
-17.37846,-0.0292397,4.291273346430006
-17.38698,-0.02874311,4.289449841203015
-17.39569,-0.02866137,4.287587517367808
-17.40422,-0.02878331,4.285765486761258
-17.41266,-0.02871823,4.283964437369133
-17.42114,-0.02873713,4.2821566097281805
-17.42961,-0.02850737,4.280352669967946
-17.43819,-0.02813102,4.278527089107299
-17.44678,-0.02805175,4.276701179243391
-17.45525,-0.02808508,4.274902536486158
-17.46376,-0.02820382,4.273097156626065
-17.47221,-0.02825828,4.271306245746818
-17.48064,-0.02823053,4.269521298991341
-17.48901,-0.02803256,4.267750758905164
-17.49754,-0.02785094,4.265948116135182
-17.50603,-0.02782794,4.2641556709316735
-17.51445,-0.02771016,4.262379720744871
-17.52287,-0.02739858,4.260605477299095
-17.53156,-0.02744264,4.258776127167235
-17.53993,-0.02749351,4.25701585468129
-17.54834,-0.02736821,4.255248861145841
-17.55687,-0.02737151,4.2534583840969376
-17.56523,-0.02729882,4.251705277983835
-17.57373,-0.02723854,4.249924523706691
-17.58217,-0.02716402,4.2481580430629435
-17.59058,-0.02705613,4.246399527474364
-17.59912,-0.02718196,4.244615548959266
-17.60741,-0.02730692,4.242885449932727
-17.61577,-0.02733153,4.2411423911642805
-17.62412,-0.02733618,4.239403068068079
-17.63248,-0.02720479,4.237663312251027
-17.64084,-0.02707347,4.2359252053757075
-17.64929,-0.02704388,4.234170060098735
-17.65768,-0.02699688,4.232429039375502
-17.66608,-0.0268337,4.230687600192006
-17.67452,-0.02667358,4.2289395355574015
-17.68303,-0.02664228,4.2271786622541505
-17.69147,-0.02655065,4.225433946415985
-17.69995,-0.02634324,4.223682637521575
-17.70837,-0.02611331,4.221945379501332
-17.717,-0.02600781,4.220166506744935
-17.72548,-0.02607132,4.2184202402417315
-17.73393,-0.02606119,4.216681812773593
-17.7424,-0.02587658,4.214940932455587
-17.75095,-0.02583928,4.213185294308192
-17.75942,-0.02577599,4.211447749982827
-17.76785,-0.02565666,4.209720056168867
-17.77632,-0.02569159,4.207985814836817
-17.78479,-0.02571741,4.206253225368418
-17.79318,-0.02565234,4.204538626597382
-17.80159,-0.02553948,4.202821562568287
-17.81009,-0.02550293,4.201087771033162
-17.8185,-0.02545664,4.199373965260825
-17.8269,-0.02526705,4.19766381143104
-17.8354,-0.02530396,4.195934938380973
-17.84387,-0.025387,4.194213805637455
-17.85214,-0.02521153,4.192534889374608
-17.86064,-0.02519199,4.190810900393267
-17.8691,-0.02513961,4.189096652881231
-17.87746,-0.02501657,4.187404262126723
-17.88579,-0.02495705,4.185719518120251
-17.89444,-0.02494165,4.183971714119023
-17.90277,-0.02491453,4.182290165153214
-17.91116,-0.02488685,4.180598085216145
-17.91963,-0.02490438,4.178891478228066
-17.92796,-0.02493334,4.1772146524200195
-17.93631,-0.02491305,4.175535363739811
-17.9447,-0.02489774,4.173849604618634
-17.95303,-0.02486683,4.172177459737995
-17.96146,-0.02482919,4.170486820113733
-17.96982,-0.02477326,4.168811785538197
-17.97826,-0.02473053,4.1671223021582735
-17.98662,-0.02469401,4.165450395905402
-17.99495,-0.02464898,4.163786034415211
-18.0034,-0.02463248,4.162099270137863
-18.01177,-0.0246266,4.160430035471251
-18.02022,-0.02461194,4.158746419300098
-18.02857,-0.02454879,4.157084277898913
-18.0369,-0.02445763,4.155427651093038
-18.04527,-0.02438035,4.153764609784171
-18.05371,-0.02433472,4.152089221550585
-18.0621,-0.02430506,4.150425310456702
-18.07053,-0.02424162,4.148755022680574
-18.07892,-0.02412867,4.14709420695484
-18.08731,-0.02404105,4.1454349320048145
-18.09572,-0.02396089,4.143773245828296
-18.10431,-0.02393484,4.1420775881544225
-18.11266,-0.02392952,4.1404308478158365
-18.12109,-0.02391281,4.138769869803638
-18.12952,-0.02383417,4.137110436459432
-18.13785,-0.0237147,4.13547220315528
-18.14644,-0.02377688,4.1337844117083025
-18.15471,-0.02362953,4.132161003948838
-18.16313,-0.02338693,4.13050966986417
-18.17177,-0.02331838,4.128816780093519
-18.18012,-0.02320963,4.127182240821293
-18.18871,-0.02317318,4.125502286858167
-18.19713,-0.02310309,4.123857119227043
-18.20557,-0.02299018,4.122209571026889
-18.2141,-0.02300483,4.120546005567116
-18.22258,-0.0231745,4.118893735135201
-18.23091,-0.02320422,4.117272187729521
-18.23926,-0.02309451,4.11564823353579
-18.24767,-0.02319469,4.11401411248669
-18.25606,-0.0233141,4.112385377786882
-18.26428,-0.02326348,4.110791096062917
-18.27269,-0.02328981,4.109161448040765
-18.28102,-0.02323153,4.107548780100891
-18.28929,-0.02315173,4.1059491811874596
-18.29773,-0.02315346,4.10431819138221
-18.30609,-0.02317242,4.10270414381225
-18.31444,-0.02320481,4.101093497808287
-18.32277,-0.023205,4.099488172366952
-18.33109,-0.02314348,4.09788623044238
-18.33943,-0.02307883,4.096281896438439
-18.34772,-0.02301457,4.094688626161725
-18.35599,-0.02291081,4.0931006336351246
-18.36449,-0.02282243,4.091469967311916
-18.37299,-0.02274204,4.089840809797425
-18.3813,-0.02265442,4.088249525332811
-18.38971,-0.02257544,4.086640556050096
-18.39815,-0.02247671,4.085027326117028
-18.40666,-0.02249627,4.083402214198557
-18.41513,-0.02254714,4.081786232299201
-18.42348,-0.02257216,4.080194599500203
-18.43189,-0.02251327,4.078592987479852
-18.44019,-0.02223655,4.077013756365851
-18.44865,-0.02205585,4.075405544579143
-18.45721,-0.02208999,4.073779823711168
-18.46561,-0.02199604,4.072185955405751
-18.47403,-0.02177029,4.070589746795908
-18.48262,-0.02174012,4.0689628093852495
-18.49104,-0.02167654,4.067369536813505
-18.49951,-0.02150136,4.06576826629462
-18.508,-0.02139882,4.064164685541388
-18.51656,-0.02143774,4.062549372021586
-18.52492,-0.02144891,4.060973240370268
-18.53331,-0.02135162,4.059392882329169
-18.54181,-0.02136396,4.057793262901518
-18.55025,-0.02151792,4.0562063853586885
-18.55862,-0.02160197,4.05463409456091
-18.56688,-0.02157902,4.053083856846169
-18.57533,-0.02167643,4.051499386551948
-18.5836,-0.02153742,4.049950063496847
-18.59184,-0.02143086,4.048407731563955
-18.60024,-0.02134484,4.046836858019036
-18.60872,-0.02128767,4.045252462286498
-18.61717,-0.02122122,4.043675107441142
-18.62552,-0.02114831,4.042117825435209
-18.63397,-0.02112998,4.040543314172986
-18.64238,-0.02114551,4.038977673451566
-18.65079,-0.0211391,4.037413444685185
-18.65923,-0.02113574,4.0358450536276145
-18.66753,-0.02109617,4.034304061651435
-18.67577,-0.02102738,4.032775564273923
-18.68424,-0.02099171,4.031205807675346
-18.69258,-0.0209474,4.029661534148844
-18.70099,-0.02095361,4.028105693869683
-18.70938,-0.0209969,4.026554947304508
-18.71774,-0.02094393,4.025011128480255
-18.72598,-0.02074433,4.023490818638064
-18.73439,-0.02054371,4.021940522216096
-18.74295,-0.02049976,4.020364003531995
-18.75147,-0.02057416,4.018796281038234
-18.75977,-0.02052481,4.017270408965569
-18.76813,-0.02031811,4.015734870762298
-18.77667,-0.02028282,4.014167682555001
-18.7851,-0.02025575,4.0126220781363955
-18.79346,-0.02011759,4.011090677288802
-18.80194,-0.0200738,4.009538685901561
-18.81033,-0.01995616,4.008004543248311
-18.81883,-0.01965275,4.0064516816401445
-18.82735,-0.0195109,4.004896573336131
-18.83585,-0.01954076,4.003346517412275
-18.84428,-0.01949771,4.001810607781247
-18.85281,-0.01956064,4.00025787667727
-18.86118,-0.0195023,3.9987356358403874
-18.86963,-0.01936178,3.997200215372532
-18.8781,-0.01935295,3.9956625401920745
-18.88655,-0.01941059,3.994129870198633
-18.89494,-0.01944587,3.9926094393525466
-18.90335,-0.01959909,3.991086738593953
-18.91171,-0.01982823,3.989574432983585
-18.91995,-0.01991107,3.988085142931139
-18.92819,-0.01987929,3.9865971495425603
-18.93649,-0.01974498,3.9850996303961295
-18.94482,-0.01971993,3.983598017822286
-18.95329,-0.01979919,3.982072521446145
-18.96158,-0.01977135,3.9805807638393
-18.9699,-0.01969149,3.9790849187396877
-18.9782,-0.01957734,3.97759397624643
-18.98659,-0.01941163,3.9760881917184707
-18.99498,-0.01930293,3.974583737387457
-19.00339,-0.01921902,3.9730770299404474
-19.01187,-0.01917708,3.9715591312164453
-19.0204,-0.01916246,3.970033648083111
-19.02881,-0.01913151,3.968530964364035
-19.03723,-0.01904163,3.967027823900851
-19.04564,-0.01895333,3.9655277953379358
-19.05403,-0.01891383,3.9640326534596615
-19.06239,-0.01887436,3.962544166812241
-19.07092,-0.01889704,3.9610267569682005
-19.07935,-0.01890979,3.959528469261269
-19.08768,-0.01888109,3.9580492548072894
-19.09609,-0.01888857,3.9565571433733293
-19.1044,-0.0189267,3.9550840644040117
-19.11279,-0.01896585,3.9535981036782175
-19.12112,-0.0190387,3.9521240596785123
-19.12944,-0.01902367,3.9506530666867405
-19.13771,-0.01896189,3.9491921813006887
-19.14606,-0.01895542,3.9477184444214632
-19.15447,-0.018925,3.9462354165894435
-19.16272,-0.0187951,3.94478186812728
-19.17113,-0.01872741,3.9433014172873477
-19.17952,-0.01871753,3.9418257808328883
-19.18791,-0.0186896,3.94035143483579
-19.1963,-0.01858073,3.9388783776040173
-19.20468,-0.01829163,3.9374083608787025
-19.21314,-0.01796141,3.9359256113264154
-19.22176,-0.01777269,3.9344161616834255
-19.23038,-0.01766982,3.9329080652592405
-19.2388,-0.01765092,3.931436264216063
-19.24754,-0.01769274,3.9299098897833176
-19.25589,-0.01763298,3.928452920119506
-19.26433,-0.01755453,3.926981530112908
-19.27283,-0.01761642,3.9255009824711786
-19.28134,-0.01775032,3.9240200006845996
-19.28966,-0.01784169,3.9225733475862197
-19.298,-0.01786744,3.9211244688568767
-19.30634,-0.0178574,3.9196768419078913
-19.3147,-0.01786262,3.9182269980895383
-19.32307,-0.0178869,3.9167766767910064
-19.33138,-0.01790212,3.9153379944939264
-19.33972,-0.01794627,3.913895361463351
-19.34804,-0.01792684,3.912457427212265
-19.35642,-0.01792915,3.9110103727858765
-19.36456,-0.01786989,3.909605960579533
-19.37302,-0.01779651,3.908147588760038
-19.38135,-0.01774887,3.9067128708784473
-19.38966,-0.0176663,3.905282826001075
-19.398,-0.01761961,3.903848850396948
-19.40653,-0.01761631,3.9023834812302867
-19.41493,-0.01763577,3.900941703111987
-19.42323,-0.01762922,3.8995183138952685
-19.43158,-0.01759342,3.898087577026675
-19.44003,-0.01754178,3.896640956829799
-19.44829,-0.01743724,3.8952280791781693
-19.45664,-0.0172848,3.89380102628203
-19.46509,-0.01716935,3.89235812934849
-19.47347,-0.01712382,3.890928422104535
-19.48195,-0.01706086,3.889482905971938
-19.49043,-0.01701061,3.8880386476850433
-19.49876,-0.01694585,3.886621159499373
-19.50722,-0.01690207,3.885182788731557
-19.5157,-0.01691548,3.883742269044923
-19.52412,-0.01689142,3.882313179800165
-19.53252,-0.01685739,3.8808887127723404
-19.54091,-0.01685271,3.8794671640164147
-19.54932,-0.01677363,3.8780434511277115
-19.55774,-0.01671225,3.876619271960871
-19.56609,-0.0167141,3.8752081432723657
-19.57446,-0.0166809,3.873794842871783
-19.58308,-0.0166948,3.872340591980424
-19.59142,-0.01673131,3.870934796967244
-19.59964,-0.01669978,3.8695503999053042
-19.60802,-0.01668459,3.868140250774938
-19.61641,-0.01669756,3.866729625859166
-19.62474,-0.01667314,3.8653302820827182
-19.6331,-0.0166364,3.863927092512135
-19.6415,-0.0166461,3.862518392179823
-19.64978,-0.01659653,3.861130994850833
-19.6582,-0.01653215,3.85972133766062
-19.66658,-0.01648122,3.8583195756455875
-19.67487,-0.01635857,3.856934043274492
-19.68329,-0.01624734,3.8555279783003757
-19.69174,-0.01618908,3.854118112467461
-19.70015,-0.01614276,3.8527161214508516
-19.70862,-0.01613987,3.851305337461476
-19.71709,-0.01618225,3.8498957655516106
-19.72545,-0.01616411,3.8485056868157637
-19.73384,-0.01610992,3.8471118038861163
-19.74213,-0.01608081,3.845735698225065
-19.75046,-0.01605694,3.8443541163091894
-19.75894,-0.01605591,3.8429488525194166
-19.76735,-0.01605334,3.8415563795855285
-19.77567,-0.0161084,3.840179973674722
-19.78401,-0.01612754,3.8388014209455013
-19.79237,-0.01612372,3.8374207282907506
-19.80083,-0.01615988,3.8360247070451083
-19.80908,-0.01615716,3.834664487194761
-19.81735,-0.01614244,3.833302106487497
-19.82562,-0.01612108,3.831940862379083
-19.83402,-0.01612788,3.8305593823138224
-19.84241,-0.01614873,3.8291807144394254
-19.85068,-0.0161505,3.827822905814813
-19.85896,-0.01613042,3.8264645882765262
-19.86736,-0.0161273,3.825087741904309
-19.8757,-0.0161312,3.823721881493482
-19.88409,-0.01615098,3.822348988563218
-19.89243,-0.01619168,3.8209854251089483
-19.90076,-0.01619467,3.819624637451032
-19.90909,-0.01617865,3.8182649885052506
-19.91742,-0.01611543,3.816906476842884
-19.92581,-0.01600561,3.815539328137727
-19.93413,-0.01594021,3.814184722383169
-19.94261,-0.01589672,3.8128052296063557
-19.95091,-0.01582841,3.8114561541303127
-19.95938,-0.01576462,3.810080603706127
-19.96776,-0.01566653,3.8087208179585494
-19.9762,-0.01561055,3.807352449414804
-19.98459,-0.01553526,3.805993332862971
-19.99301,-0.01539814,3.8046305033609245
-20.00145,-0.01527144,3.8032655882448525
-20.00989,-0.01518735,3.801901824547761
-20.0184,-0.01511189,3.8005279143188266
-20.0268,-0.01506756,3.799172908302874
-20.03531,-0.01512803,3.7978013167752334
-20.0437,-0.0151367,3.796450206299236
-20.05208,-0.01503493,3.7951018348221233
-20.06047,-0.01501874,3.793752982856334
-20.06896,-0.01510955,3.7923892020313956
-20.07729,-0.01514265,3.79105224360459
-20.08562,-0.01507762,3.789716394116786
-20.09399,-0.01507293,3.7883752455336146
-20.10246,-0.01514617,3.787019210584177
-20.11073,-0.01516057,3.7856962974491726
-20.11908,-0.01507868,3.784361690494794
-20.12738,-0.01501191,3.783036172616605
-20.13573,-0.01498779,3.781703772348954
-20.1442,-0.01499308,3.7803533523297026
-20.1525,-0.01505311,3.779031137575983
-20.161,-0.0150995,3.777678190565944
-20.16927,-0.0151044,3.776362947196403
-20.17761,-0.01509401,3.7750376630334315
-20.18599,-0.0151049,3.7737071255856165
-20.19432,-0.01511731,3.7723856213034157
-20.20253,-0.01516898,3.771084220639692
-20.21085,-0.01516199,3.769766462073589
-20.21907,-0.01510655,3.76846560697401
-20.2274,-0.01506616,3.7671484224368927
-20.23572,-0.01502758,3.7658339016353257
-20.2441,-0.01498985,3.7645109933264504
-20.2525,-0.0149725,3.7631860264164914
-20.26085,-0.01492485,3.76187003506763
-20.26926,-0.0148583,3.7605456834635307
-20.27766,-0.01479761,3.759224003164073
-20.28597,-0.01472383,3.757917560757509
-20.29439,-0.01462436,3.756594916131995
-20.30286,-0.01455392,3.7552655241675312
-20.3113,-0.01453467,3.7539419436471326
-20.31967,-0.01450055,3.75263042657681
-20.3282,-0.01445894,3.751294949872591
-20.33656,-0.01444031,3.7499871758055443
-20.345,-0.01439788,3.748667977390022
-20.35333,-0.01435447,3.74736704509778
-20.36179,-0.014353,3.7460468996095138
-20.37018,-0.01433934,3.7447387602858684
-20.37859,-0.01431783,3.743428583626247
-20.38698,-0.0142782,3.742122599816157
-20.39525,-0.01422456,3.7408363466983734
-20.40364,-0.01419326,3.739532495182232
-20.41203,-0.01417327,3.738229715515801
-20.42043,-0.01413461,3.736926455515383
-20.42883,-0.01411941,3.73562426727326
-20.43724,-0.01413114,3.734321601155538
-20.44559,-0.01413578,3.7330292889566894
-20.45392,-0.01414859,3.7317411234619082
-20.46231,-0.01416908,3.7304447396212845
-20.47064,-0.01417979,3.72915867798955
-20.4791,-0.0141936,3.7278536166140115
-20.48734,-0.01418265,3.726583529145316
-20.49571,-0.01414408,3.7252944494238065
-20.50397,-0.01411722,3.7240233427965412
-20.51227,-0.01408771,3.722747111850614
-20.52052,-0.01404066,3.721479592135092
-20.52889,-0.01400123,3.720194676867575
-20.53725,-0.01397151,3.718912342207452
-20.54567,-0.01394224,3.7176218590097085
-20.554,-0.01393015,3.7163462099834583
-20.56249,-0.01391775,3.715047122211366
-20.57077,-0.01388573,3.7137812002175905
-20.57916,-0.01386141,3.712499499493662
-20.58759,-0.01384908,3.7112127402964603
-20.59596,-0.01384856,3.709936181658927
-20.60434,-0.01384668,3.708659136861457
-20.61273,-0.01384605,3.7073816083556133
-20.62106,-0.01383409,3.706114244369591
-20.62943,-0.01381393,3.7048418254891193
-20.63777,-0.01380347,3.703574993809893
-20.6461,-0.01379867,3.7023107027477344
-20.65447,-0.01378848,3.701041367800771
-20.66278,-0.01375964,3.699782149352604
-20.6711,-0.01373776,3.6985224298658514
-20.67947,-0.01371579,3.697256162754655
-20.68782,-0.01369374,3.6959939423293515
-20.69623,-0.01367091,3.694723681559395
-20.70458,-0.01366472,3.6934635042101793
-20.71289,-0.01366608,3.692210372381642
-20.72128,-0.01366439,3.690946196373969
-20.72971,-0.01370416,3.68967702394293
-20.73808,-0.01374682,3.6884179056113195
-20.74645,-0.0137026,3.6871598032434463
-20.75479,-0.01364983,3.685907219490055
-20.76306,-0.01361771,3.6846661426591263
-20.77142,-0.01355873,3.6834125639941804
-20.77965,-0.01344493,3.682179464042946
-20.78813,-0.013393,3.680909927925215
-20.79666,-0.01339839,3.6796339508363363
-20.80495,-0.01337053,3.6783948771806707
-20.81342,-0.01335054,3.677129919061836
-20.82185,-0.01335245,3.67587195662249
-20.83031,-0.01335742,3.6746105410817216
-20.83862,-0.01334457,3.673372488197395
-20.84695,-0.01333445,3.672132446233142
-20.85529,-0.01334392,3.6708919080003204
-20.86368,-0.01336527,3.669644933204497
-20.87203,-0.01338441,3.668404898804764
-20.8804,-0.01339102,3.667162889599816
-20.88873,-0.01338197,3.6659278041317016
-20.89697,-0.01334393,3.664707031689283
-20.9053,-0.01329096,3.6634739037468966
-20.91362,-0.01322971,3.6622432367041187
-20.922,-0.01318991,3.6610046840646207
-20.93033,-0.01312941,3.65977450427203
-20.93868,-0.01306906,3.658542353195139
-20.9471,-0.01305782,3.6573008674231757
-20.95546,-0.01303932,3.656069215373941
-20.96393,-0.01303476,3.6548223591664346
-20.97235,-0.01303719,3.6535838616082605
-20.98068,-0.01303541,3.6523595803377202
-20.98918,-0.01303209,3.651111315449198
-20.99741,-0.01299946,3.6499036643090745
-21.00577,-0.01296939,3.648677906118176
-21.01418,-0.0129639,3.647445800883023
-21.02246,-0.01294317,3.6462337043333655
-21.03082,-0.01289981,3.6450108650066904
-21.03923,-0.01288149,3.6437816925809545
-21.04758,-0.01286714,3.6425622613146023
-21.05597,-0.01282442,3.6413379625825835
-21.06424,-0.01281503,3.6401321291439896
-21.07268,-0.01281462,3.6389024841643303
-21.08107,-0.0128278,3.6376810996785265
-21.08942,-0.01284165,3.636466503109142
-21.09775,-0.01283552,3.6352557737199462
-21.10622,-0.01284681,3.634025675843424
-21.11458,-0.01286163,3.6328125210162834
-21.12288,-0.01286217,3.6316090230120137
-21.13136,-0.01288647,3.6303804014507346
-21.13954,-0.01289001,3.6291961792924536
-21.14787,-0.01287536,3.6279911830364
-21.15617,-0.01287531,3.6267914702897546
-21.16446,-0.01287471,3.6255941422554603
-21.17287,-0.01288242,3.624380440629919
-21.18121,-0.01288372,3.623177792958948
-21.18956,-0.01287927,3.6219746516680855
-21.19792,-0.01287083,3.620771019043378
-21.20618,-0.01286142,3.6195827159818506
-21.21452,-0.01285511,3.6183838427642954
-21.2229,-0.01285253,3.6171801685914744
-21.23116,-0.01285361,3.6159946606779845
-21.2395,-0.01281824,3.6147986063702064
-21.24786,-0.0127842,3.6136006261336435
-21.25626,-0.01275336,3.612397863029526
-21.26454,-0.01272182,3.611213212230314
-21.27286,-0.01269008,3.6100237673730753
-21.28136,-0.01266077,3.6088095497656165
-21.28944,-0.01260366,3.607656227688469
-21.29793,-0.0125712,3.6064453259072593
-21.30634,-0.01258852,3.605246785698529
-21.31476,-0.01258656,3.6040477678378737
-21.32311,-0.01254749,3.6028596532119375
-21.33144,-0.01249826,3.6016753111838673
-21.3398,-0.01247363,3.6004876334361144
-21.34822,-0.01244817,3.5992923719167216
-21.35648,-0.01241578,3.598120738998187
-21.36487,-0.01238951,3.5969315937798827
-21.37322,-0.01234965,3.5957490448327394
-21.38179,-0.01234667,3.594536299346313
-21.39011,-0.01235334,3.593359861169484
-21.39848,-0.0123567,3.592177276142978
-21.40683,-0.01237366,3.590998438348882
-21.41518,-0.01236496,3.5898205198368633
-21.42348,-0.01236498,3.5886505647075078
-21.43205,-0.01239423,3.587443501671562
-21.44019,-0.01240519,3.586297896613789
-21.44862,-0.01239736,3.585112394177341
-21.45693,-0.01238589,3.583944678945217
-21.4653,-0.01241066,3.582769446502029
-21.47362,-0.01242555,3.5816021425358184
-21.48195,-0.01239079,3.5804343413889335
-21.49031,-0.01240326,3.579263244690281
-21.49864,-0.01240467,3.5780972563845896
-21.50705,-0.0124053,3.5769209863742355
-21.51538,-0.01240342,3.5757568121037138
-21.52358,-0.01237295,3.574611686345859
-21.53195,-0.01234428,3.5734437196816824
-21.54045,-0.01234278,3.5722585414882233
-21.54869,-0.01232738,3.5711105083418064
-21.55704,-0.0122962,3.569948044815058
-21.56537,-0.01228284,3.568789262600178
-21.57373,-0.01227173,3.5676272067927055
-21.58205,-0.01224804,3.566471604875348
-21.59041,-0.01221823,3.5653113442496
-21.59879,-0.01218806,3.564149209284409
-21.60724,-0.01218236,3.562978279502611
-21.61559,-0.01216884,3.5618221061742936
-21.62393,-0.0121335,3.5606682087853594
-21.63242,-0.01211901,3.5594944717234593
-21.64067,-0.01211238,3.558354796778473
-21.649,-0.01211173,3.557204951729872
-21.65736,-0.01212431,3.556051854889054
-21.66582,-0.01213402,3.554885870924802
-21.6741,-0.01214489,3.5537455765175947
-21.68253,-0.01216329,3.5525855193097855
-21.6909,-0.0121813,3.5514346108275823
-21.69925,-0.01222756,3.5502873371199466
-21.70757,-0.01226308,3.549145063219881
-21.71581,-0.01227476,3.5480146354200004
-21.72405,-0.01227831,3.5468850651697084
-21.73238,-0.01231173,3.545744028035586
-21.74069,-0.01229836,3.5446066017223923
-21.74893,-0.01225791,3.5434796148592134
-21.75728,-0.01221227,3.5423384540714644
-21.7655,-0.0121167,3.54121591509499
-21.77385,-0.01201777,3.5400764908364852
-21.78226,-0.01195281,3.5389297621091655
-21.79062,-0.01187172,3.5377907283041967
-21.79901,-0.01183019,3.53664848541287
-21.80751,-0.01184713,3.535492163020904
-21.81595,-0.01186454,3.534344894446494
-21.82436,-0.0118672,3.5332025864675987
-21.83276,-0.01190689,3.5320625152294074
-21.84108,-0.01194965,3.5309341662591773
-21.84935,-0.01196822,3.5298134498280267
-21.85773,-0.01201404,3.528678691703118
-21.8661,-0.01207778,3.5275461559217236
-21.87439,-0.01209144,3.5264252991740572
-21.88268,-0.0120959,3.525305291673597
-21.89096,-0.01212634,3.524187481956022
-21.89923,-0.01214132,3.523071865997115
-21.90756,-0.01210011,3.5219490075572084
-21.91592,-0.01208559,3.5208229633982966
-21.92416,-0.01208131,3.519713922905142
-21.93245,-0.01205285,3.518598993728471
-21.94078,-0.01203337,3.5174795335443862
-21.94899,-0.01200011,3.516377031471608
-21.95746,-0.01197895,3.515240478634596
-21.96581,-0.01196775,3.514120886049729
-21.97421,-0.01193311,3.5129954478454515
-21.98251,-0.01190946,3.5118842525262126
-21.99086,-0.01189379,3.510767209649827
-21.99922,-0.01185778,3.509649678488601
-22.00765,-0.01183304,3.508523649730889
-22.01598,-0.01181683,3.507411825410452
-22.02432,-0.01181521,3.506299508906518
-22.03268,-0.01181495,3.505185370095694
-22.04114,-0.01182629,3.5040587646555488
-22.0495,-0.01184148,3.5029463253134994
-22.05772,-0.01183139,3.501853337516298
-22.06624,-0.01182551,3.5007213190829067
-22.07459,-0.01183146,3.4996127357291797
-22.08293,-0.01184123,3.498506316870089
-22.09119,-0.01184691,3.497411334563688
-22.09953,-0.01185105,3.496306577560699
-22.10788,-0.011855,3.4952013309281575
-22.11621,-0.01185879,3.494099563171086
-22.12448,-0.01184291,3.493006552018398
-22.13292,-0.01185201,3.4918919148490124
-22.14131,-0.01186437,3.4907847232164673
-22.14961,-0.01186686,3.4896902338235303
-22.1579,-0.01185802,3.488597881568199
-22.1662,-0.01183208,3.4875050301810866
-22.17458,-0.01182523,3.486402475266724
-22.1828,-0.01181577,3.4853217808392087
-22.19122,-0.01180384,3.4842156222145513
-22.19956,-0.01179083,3.483120800592444
-22.20789,-0.01177726,3.482028112531177
-22.21623,-0.01176232,3.4809349336048467
-22.22453,-0.01174541,3.479847812304692
-22.23288,-0.01172168,3.478754961120646
-22.24124,-0.01170492,3.47766162318288
-22.24963,-0.01170237,3.4765651878255954
-22.25797,-0.01169887,3.4754761058623043
-22.26624,-0.01167601,3.4743969704808713
-22.27463,-0.01165904,3.473302995380844
-22.28302,-0.01166089,3.4722098440875606
-22.29131,-0.01167014,3.4711305302380167
-22.29968,-0.01169536,3.470041614946941
-22.30808,-0.01171499,3.46894961825491
-22.31641,-0.01172895,3.4678675333532585
-22.32474,-0.01174316,3.466786255965355
-22.33301,-0.01175337,3.465713564808326
-22.34132,-0.01177021,3.464636485221106
-22.34976,-0.01178565,3.46354337585728
-22.35805,-0.01181697,3.4624704972034683
-22.36636,-0.01181799,3.4613958283779747
-22.37456,-0.01180272,3.460336167504523
-22.38281,-0.01178511,3.4592708288190805
-22.39114,-0.01177127,3.4581959560790563
-22.39949,-0.01175032,3.4571193049484608
-22.40779,-0.01172216,3.4560498960406183
-22.41608,-0.01167171,3.4549825660864877
-22.42445,-0.01161634,3.453905736818517
-22.43288,-0.01160666,3.4528220005634584
-22.44119,-0.01158512,3.4517544880641355
-22.44957,-0.01153661,3.4506787836025365
-22.45798,-0.01150531,3.449600035265861
-22.46637,-0.01148006,3.448524657076332
-22.47473,-0.01147032,3.4474539226945105
-22.48323,-0.01146709,3.4463660737358466
-22.49158,-0.01143792,3.4452982227126774
-22.49986,-0.01142077,3.444240106382884
-22.50829,-0.01143047,3.4431636210480674
-22.51663,-0.01144099,3.4420994216274816
-22.52507,-0.01145271,3.4410232643006213
-22.53336,-0.01146473,3.4399670177905115
-22.54169,-0.01147372,3.4389064573241845
-22.55017,-0.01149505,3.437827603960413
-22.5584,-0.01150452,3.4367813320093625
-22.5667,-0.01151129,3.4357269339336276
-22.57501,-0.01151509,3.434672042227224
-22.58334,-0.01152498,3.4336153908146447
-22.59163,-0.01151852,3.43256458697314
-22.59993,-0.01150103,3.4315132878730155
-22.60831,-0.01150505,3.430452638874821
-22.61667,-0.01149862,3.4293953044369485
-22.62494,-0.01148628,3.4283501215914827
-22.63333,-0.01147582,3.427290553356488
-22.64168,-0.01147502,3.4262368163493164
-22.64996,-0.01144517,3.425192680251974
-22.65826,-0.01139981,3.42414678797048
-22.66675,-0.01138822,3.4230777460376984
-22.67506,-0.01138369,3.422032144567644
-22.6834,-0.01137602,3.420983538622958
-22.69179,-0.01138234,3.4199294238136346
-22.70012,-0.01140844,3.4188836182363795
-22.7086,-0.01147805,3.417819768721982
-22.71695,-0.01152717,3.4167730042985522
-22.72524,-0.01157055,3.415734522495692
-22.73352,-0.01163385,3.414698049400181
-22.74184,-0.01168335,3.413657329398149
-22.75012,-0.01171383,3.4126223685853088
-22.75827,-0.01171895,3.4116043926010193
-22.76662,-0.01174223,3.410562191489119
-22.77498,-0.01176611,3.409519507810764
-22.7831,-0.0117612,3.4085074902010697
-22.79141,-0.01174563,3.4074725389960516
-22.7997,-0.01172944,3.406440830361803
-22.80809,-0.01172578,3.405397440118835
-22.81635,-0.01168093,3.4043709664341577
-22.82471,-0.0116405,3.403332822191388
-22.83302,-0.01159411,3.4023016403436777
-22.84134,-0.01155989,3.4012699692750075
-22.84978,-0.01152768,3.400224185965904
-22.85806,-0.01148467,3.3991989783909924
-22.86658,-0.01148071,3.398144829703436
-22.87485,-0.01148694,3.3971223636439145
-22.88333,-0.0114933,3.3960747015403787
-22.89169,-0.0114921,3.3950426246380236
-22.89998,-0.011458,3.3940199336418635
-22.90843,-0.01144846,3.392978266079343
-22.91676,-0.01146484,3.3919521433221798
-22.92522,-0.01147885,3.3909107698857417
-22.93352,-0.01148183,3.3898898381059688
-22.94176,-0.01147451,3.388877017282022
-22.95007,-0.01145517,3.387856328978517
-22.95831,-0.01143311,3.3868449681182975
-22.96678,-0.01145184,3.3858061339029675
-22.97519,-0.01148127,3.3847754164383406
-22.98344,-0.01146722,3.3837650412644926
-22.99179,-0.01143294,3.382743157448811
-23.00012,-0.01147298,3.381724460568032
-23.00841,-0.01153685,3.3807113877056256
-23.01672,-0.01159207,3.3796966031650033
-23.0251,-0.01163195,3.3786740122735623
-23.03346,-0.01164763,3.3776546033466093
-23.04187,-0.01169498,3.3766298438451394
-23.04996,-0.01171169,3.3756447820299904
-23.05824,-0.01168892,3.374637301025577
-23.06642,-0.01166513,3.3736426979132434
-23.07484,-0.01167456,3.372619649800389
-23.08324,-0.01169617,3.3715997754214744
-23.09152,-0.01169241,3.3705951968514847
-23.09979,-0.01166304,3.369592550408467
-23.10817,-0.01166604,3.36857729971694
-23.11647,-0.01165002,3.3675724667304308
-23.12483,-0.01160229,3.3665610990437553
-23.13321,-0.01157356,3.365548045429061
-23.1415,-0.01150808,3.364546593781734
-23.14984,-0.01144813,3.3635398257612144
-23.15813,-0.01137169,3.3625398121523626
-23.16657,-0.01133303,3.36152243944615
-23.17499,-0.01130887,3.360508215969025
-23.18332,-0.01126817,3.3595055583065756
-23.19177,-0.01125728,3.35848919250234
-23.20015,-0.01125826,3.357481977487214
-23.20859,-0.01126093,3.3564682860957946
-23.21692,-0.01125052,3.3554685289866186
-23.22533,-0.01125048,3.3544598978787383
-23.23369,-0.01127091,3.3534579870868555
-23.24199,-0.0112578,3.352463980063669
-23.25035,-0.01123034,3.3514635048504644
-23.25868,-0.0112523,3.3504673352056096
-23.26704,-0.01129216,3.349468295064606
-23.27539,-0.01129503,3.348471166326321
-23.28375,-0.01129307,3.3474735598861867
-23.29204,-0.01132455,3.346485013764359
-23.30052,-0.0113702,3.3454745387656586
-23.30876,-0.01138033,3.344493366442488
-23.31708,-0.01138477,3.343503371777255
-23.32533,-0.01140551,3.3425224037559165
-23.33376,-0.0114525,3.341520749334869
-23.34204,-0.01146819,3.340537622247241
-23.35042,-0.01147763,3.3395433315546357
-23.35877,-0.01148965,3.338553309955961
-23.36694,-0.0114832,3.337585314979197
-23.37532,-0.01147118,3.3365931418265076
-23.38358,-0.0114541,3.3356158723343476
-23.39194,-0.01145425,3.334627474249677
-23.40016,-0.01143793,3.3336563168798845
-23.40843,-0.011416,3.3326799405171554
-23.41682,-0.01142632,3.3316901013886597
-23.4252,-0.01141793,3.3307021498215597
-23.43358,-0.01138792,3.3297149048502193
-23.44182,-0.01138107,3.3287448414841507
-23.45029,-0.01138529,3.327748411640112
-23.45862,-0.01136472,3.326769153513719
-23.46693,-0.01133317,3.325792939255369
-23.47517,-0.01129758,3.32482563065571
-23.48354,-0.01126937,3.323843756094694
-23.49204,-0.01129089,3.322847347441942
-23.50034,-0.0113347,3.3218750792541725
-23.50856,-0.01133428,3.3209128589756243
-23.51698,-0.0113562,3.3199279244188666
-23.52541,-0.01139873,3.3189425264001775
-23.53377,-0.01142885,3.317966007996169
-23.5421,-0.01145936,3.3169936836560883
-23.55046,-0.01149126,3.316018549106896
-23.55867,-0.01150965,3.3150615845461564
-23.56683,-0.01150786,3.3141111087066015
-23.57524,-0.01153364,3.313132201411311
-23.58344,-0.01157287,3.312178409935107
-23.5918,-0.01159459,3.311206690460245
-23.60013,-0.01158631,3.310239142750485
-23.60844,-0.01157034,3.3092745984063323
-23.61672,-0.01154813,3.308314211287596
-23.62506,-0.01152418,3.3073475453607313
-23.6333,-0.01146396,3.306393140187786
-23.64151,-0.0113902,3.305442871457872
-23.64993,-0.0113441,3.3044689815149555
-23.65837,-0.01131353,3.3034934739798216
-23.66678,-0.01127773,3.3025221259503827
-23.67511,-0.01124196,3.3015606981340317
-23.68356,-0.01123686,3.300586111209632
-23.69203,-0.01126671,3.2996099152330975
-23.70035,-0.01130153,3.2986516865784683
-23.70879,-0.01133019,3.2976803244703756
-23.71716,-0.01135199,3.296717701444861
-23.72559,-0.01138112,3.295748864411802
-23.73387,-0.01140845,3.294797936451156
-23.74219,-0.01142665,3.293843082714779
-23.75038,-0.01142129,3.2929038019602213
-23.75868,-0.01139883,3.2919525663883684
-23.76704,-0.01140464,3.2909951260232657
-23.77539,-0.01141463,3.290039503032337
-23.78372,-0.01140587,3.2890868375510642
-23.79202,-0.01139201,3.2881382665280205
-23.80031,-0.01135151,3.2871914987661923
-23.80869,-0.01128701,3.286235122553992
-23.81708,-0.01124232,3.285278279285286
-23.82532,-0.01122469,3.2843391988019466
-23.83371,-0.01121738,3.2833836905794356
-23.84203,-0.01121872,3.282436818509162
-23.85042,-0.0112107,3.2814826489428697
-23.85877,-0.01121415,3.280533694737826
-23.86729,-0.01124956,3.279566104907595
-23.8757,-0.01128137,3.2786116846835904
-23.88393,-0.01128244,3.2776783427183047
-23.89223,-0.01129714,3.276737713474213
-23.9005,-0.01131858,3.275801133867492
-23.90884,-0.0113538,3.2748572829129308
-23.91716,-0.01137189,3.2739163512724754
-23.92549,-0.01137994,3.272974944295812
-23.93384,-0.01140328,3.2720319346999895
-23.94212,-0.01141418,3.2710974800894825
-23.95039,-0.01140762,3.270164798986572
-23.95874,-0.0113876,3.269223748828194
-23.96689,-0.01135627,3.2683058711413953
-23.97528,-0.01135014,3.2673616157976046
-23.9837,-0.0113655,3.266414648281958
-23.99199,-0.01136016,3.2654829507681518
-24.00028,-0.01132663,3.264551896894536
-24.00868,-0.01129571,3.2636091446926696
-24.017,-0.01127945,3.2626760211516843
-24.02536,-0.01126373,3.2617390623907405
-24.03375,-0.01125021,3.2607993966817492
-24.04215,-0.01124049,3.259859267993919
-24.05048,-0.01122018,3.2589276222345664
-24.05878,-0.01118801,3.257999973398485
-24.06717,-0.01116807,3.257062915997186
-24.07564,-0.01117337,3.256117586074555
-24.08397,-0.0111633,3.255188529964121
-24.09226,-0.01113823,3.2542645729375326
-24.10071,-0.01115451,3.2533234373593145
-24.10898,-0.01114651,3.2524029884300374
-24.11739,-0.01111525,3.2514676049108133
-24.12569,-0.01105667,3.250545095290539
-24.13411,-0.01101521,3.2496098965323355
-24.1424,-0.01101458,3.248689774007555
-24.15071,-0.01101954,3.2477680656179464
-24.15912,-0.01105604,3.2468359112418
-24.16751,-0.01110679,3.245906620086223
-24.17606,-0.01117961,3.244960270614815
-24.1843,-0.01126769,3.2440488664133342
-24.19255,-0.01130821,3.243136978119297
-24.20081,-0.01133539,3.2422246073581835
-24.20906,-0.01138631,3.2413139626239102
-24.21736,-0.01144871,3.2403984249315365
-24.22571,-0.01148832,3.239478004979008
-24.23381,-0.01147417,3.2385857485884393
-24.2422,-0.01147843,3.2376621758751267
-24.2504,-0.0114616,3.2367601359152838
-24.25873,-0.01143168,3.235844419720241
-24.267,-0.01138362,3.2349359212098734
-24.27536,-0.01134064,3.2340181649211384
-24.28366,-0.01134492,3.233107620515194
-24.29207,-0.01136105,3.23218564329841
-24.30042,-0.0113707,3.2312708751535983
-24.30878,-0.01136171,3.230355641048214
-24.31722,-0.01136813,3.2294322870788683
-24.32555,-0.0113595,3.228521595606266
-24.33382,-0.01134318,3.227618080515102
-24.34213,-0.01128789,3.2267108137209024
-24.35048,-0.0112496,3.2257998035357
-24.35884,-0.01124172,3.2248883280156195
-24.36722,-0.01121595,3.2239752996033193
-24.37558,-0.01117952,3.2230650757848633
-24.38391,-0.01115142,3.2221587391029574
-24.39223,-0.01111588,3.2212541083779547
-24.40051,-0.01109215,3.2203544393129486
-24.40909,-0.01110747,3.2194228174831587
-24.41744,-0.01111686,3.2185167978297478
-24.42578,-0.01112098,3.217612481566607
-24.4341,-0.01113018,3.2167109490425263
-24.44251,-0.01114079,3.2158002881046177
-24.45093,-0.01116529,3.2148891719047086
-24.45927,-0.01119561,3.213987330774794
-24.46762,-0.01122468,3.2130850242075035
-24.47595,-0.01124605,3.2121854922893696
-24.48425,-0.01126131,3.2112898087546076
-24.49251,-0.01126709,3.2103990444425663
-24.50084,-0.01124608,3.2095013395459095
-24.50905,-0.01123602,3.2086171638639605
-24.51741,-0.01125215,3.207717442421528
-24.52574,-0.01126689,3.206821559716445
-24.534,-0.0112659,3.205933806146572
-24.54227,-0.01126897,3.2050455764686805
-24.55066,-0.01127243,3.2041450698270433
-24.55893,-0.01127118,3.203258045036978
-24.56728,-0.01127585,3.2023630454816323
-24.57581,-0.01130814,3.2014493805087194
-24.58406,-0.0113236,3.20056631003992
-24.59236,-0.01129278,3.199678485513387
-24.60069,-0.01126946,3.1987880543188014
-24.60901,-0.01126401,3.1978992937952397
-24.61726,-0.01125252,3.197018604020106
-24.62564,-0.01124091,3.1961246408215174
-24.63391,-0.01122851,3.1952430085195567
-24.64226,-0.01121582,3.1943534481009452
-24.6506,-0.01119458,3.193465554590963
-24.65889,-0.01117674,3.1925835793906376
-24.66739,-0.01118801,3.1916798777657465
-24.67577,-0.01121152,3.190789543750813
-24.68405,-0.01120526,3.189910427988924
-24.69238,-0.01117982,3.1890265984890886
-24.70076,-0.0111689,3.1881380653874616
-24.70912,-0.01116623,3.1872522534189804
-24.71751,-0.01116086,3.186363865130428
-24.72585,-0.01116463,3.185481368689044
-24.73416,-0.0111443,3.1846026386180086
-24.74252,-0.01112069,3.1837192169593074
-24.75081,-0.01110301,3.182843781678256
-24.75911,-0.0110776,3.1819678776821947
-24.76753,-0.01106406,3.1810799098658604
-24.77593,-0.01105313,3.1801946526326157
-24.78423,-0.01103171,3.17932052357487
-24.79268,-0.01107152,3.1784311982407707
-24.80095,-0.01105312,3.1775614038978346
-24.80928,-0.01102801,3.1766858852816364
-24.81767,-0.01107202,3.175804654506245
-24.826,-0.01108577,3.1749303149923467
-24.83444,-0.01113424,3.17404502779205
-24.84253,-0.01112291,3.1731970173730293
-24.85101,-0.0111322,3.172308719042003
-24.85945,-0.01115463,3.1714252125449276
-24.86762,-0.01112235,3.1705705411293885
-24.87605,-0.01112775,3.1696892593478467
-24.88417,-0.01110736,3.1688409498890255
-24.89256,-0.01108446,3.1679650144460836
-24.90094,-0.01107576,3.1670907122381724
-24.90927,-0.01108583,3.1662222096432373
-24.91766,-0.01112278,3.165348038298941
-24.92598,-0.01115258,3.1644817415403526
-24.9343,-0.01115946,3.1636160229082027
-24.94269,-0.0111932,3.162743605441113
-24.95104,-0.01123301,3.1618759298209613
-24.95931,-0.01124098,3.161017139496244
-24.96755,-0.01123666,3.1601620303153495
-24.97585,-0.01124447,3.159301265022011
-24.98418,-0.01124724,3.15843796354333
-24.99245,-0.01123842,3.157581449597778
-25.00072,-0.01123674,3.1567255023055334
-25.00905,-0.01123043,3.1558639172619514
-25.01737,-0.01120679,3.155003939263
-25.02564,-0.01116788,3.154149696071709
-25.03398,-0.01113992,3.15328879387137
-25.04227,-0.01112056,3.152433621233219
-25.0506,-0.01109634,3.1515748924177465
-25.05904,-0.0110786,3.1507054061129236
-25.06743,-0.01105396,3.1498416510986567
-25.07567,-0.01102396,3.1489939012596673
-25.08406,-0.01100164,3.1481312913459782
-25.0925,-0.01101313,3.14726412274584
-25.10091,-0.01103288,3.146400616551352
-25.10927,-0.01105565,3.1455428174534745
-25.11762,-0.01106903,3.1446866144164933
-25.12595,-0.01107426,3.143833029198896
-25.13435,-0.01109441,3.142972843936684
-25.14273,-0.01111652,3.1421152794465836
-25.151,-0.01111478,3.1412695320265596
-25.15942,-0.01111733,3.140409015788122
-25.16766,-0.0111108,3.139567452834312
-25.17601,-0.01108766,3.138715217383533
-25.1842,-0.0110684,3.137879861182805
-25.19257,-0.01105227,3.1370267066837565
-25.20091,-0.01103975,3.136177173760789
-25.20926,-0.01102372,3.135327185327931
-25.21756,-0.01102407,3.134482844494075
-25.22603,-0.01105089,3.13362178273791
-25.23441,-0.01106552,3.1327704392533846
-25.24272,-0.0110569,3.1319267654198915
-25.25113,-0.01105168,3.131073504433267
-25.25943,-0.01106972,3.1302319608953963
-25.26781,-0.01108103,3.129382866975808
-25.27615,-0.01108654,3.1285383849992976
-25.2845,-0.01108781,3.127693448555439
-25.29273,-0.01106928,3.1268612008272734
-25.30101,-0.01104997,3.126024443292975
-25.3093,-0.01103576,3.1251872236687697
-25.31769,-0.01104207,3.12434046313072
-25.32613,-0.01105364,3.1234892223959996
-25.33427,-0.01103487,3.122668776325507
-25.34267,-0.01103486,3.121822676931831
-25.351,-0.01104302,3.120984182083547
-25.35933,-0.01103301,3.120146238090675
-25.36777,-0.01103903,3.1192977900698406
-25.37602,-0.01104694,3.1184689876505454
-25.3844,-0.01104658,3.1176276768408946
-25.39273,-0.01103263,3.1167919361171483
-25.40103,-0.01102095,3.1159597504510645
-25.40935,-0.01102786,3.115126105154205
-25.41762,-0.01103008,3.114298010592652
-25.42595,-0.01102942,3.113464452655653
-25.4344,-0.01104715,3.112619444531815
-25.44269,-0.0110659,3.1117909820070127
-25.45099,-0.01107941,3.1109620608078505
-25.45935,-0.01110133,3.1101276937549462
-25.46776,-0.01114161,3.109288889168109
-25.47611,-0.01117784,3.1084566168068832
-25.48438,-0.0111974,3.1076328558905493
-25.49269,-0.01120373,3.1068056489919265
-25.50099,-0.01122273,3.105979975679375
-25.50929,-0.01126022,3.1051548396682147
-25.51762,-0.01127896,3.104327260927939
-25.5258,-0.01129833,3.1035151102022267
-25.53415,-0.01132651,3.102686617725673
-25.54234,-0.01132727,3.101874526766146
-25.55071,-0.01129162,3.101045125556198
-25.55896,-0.0112841,3.1002281469981563
-25.56729,-0.01129982,3.099403781159442
-25.57562,-0.01132743,3.0985799523139614
-25.5838,-0.01132296,3.0977714803899343
-25.59226,-0.01130007,3.0969358782694454
-25.60062,-0.01127984,3.096110695756587
-25.6089,-0.01123397,3.0952939407784013
-25.6172,-0.01118313,3.094475742860266
-25.62549,-0.01113241,3.093659059787735
-25.63376,-0.01108305,3.0928448733233047
-25.64217,-0.01107442,3.092017442361547
-25.65065,-0.01108099,3.091183673708074
-25.65906,-0.0110841,3.0903573318741997
-25.66747,-0.01106792,3.0895315315455707
-25.67577,-0.01102956,3.088717062818369
-25.68411,-0.01099149,3.0878991991546525
-25.6924,-0.01097108,3.0870867649577307
-25.70084,-0.01096476,3.0862601689283307
-25.70917,-0.01094386,3.085444878228274
-25.71761,-0.01091105,3.084619360041621
-25.72598,-0.01093198,3.083801223510241
-25.73439,-0.01096953,3.0829797131387218
-25.74266,-0.01095005,3.0821724017642307
-25.75105,-0.01093356,3.081353905957233
-25.75938,-0.01093716,3.080541790990311
-25.76785,-0.01095322,3.0797165654099974
-25.77615,-0.01095259,3.0789084289158772
-25.78447,-0.01093872,3.0780988672638996
-25.79274,-0.01091692,3.0772946883502876
-25.801,-0.01091019,3.076491996434247
-25.80951,-0.0109353,3.075665547311824
-25.8178,-0.01094269,3.0748609873807995
-25.82626,-0.01093322,3.074040461143038
-25.83452,-0.01092718,3.0732398511758685
-25.84285,-0.01091575,3.072432974691259
-25.85124,-0.01091595,3.071620811999734
-25.85954,-0.0109363,3.070817879977757
-25.86795,-0.0109536,3.070004832234483
-25.87621,-0.01094208,3.069206800377644
-25.88443,-0.01091074,3.068413138709255
-25.89282,-0.01089709,3.0676035827692774
-25.90125,-0.01090496,3.066790695429757
-25.90955,-0.01090482,3.0659908605128225
-25.91794,-0.01090614,3.0651828733302104
-25.92625,-0.01089169,3.0643831059254616
-25.93446,-0.01086096,3.063593465990809
-25.94281,-0.01087213,3.0627908734635914
-25.95114,-0.01089288,3.0619907179414856
-25.95953,-0.01090532,3.061185318070088
-25.96793,-0.01093627,3.0603794796119677
-25.97627,-0.0109708,3.0595799127434384
-25.98462,-0.01101057,3.05877990134164
-25.99301,-0.01106127,3.057976575240805
-26.00143,-0.01109833,3.0571708979083074
-26.00952,-0.01110042,3.0563972883774864
-26.01776,-0.01111408,3.055609829593324
-26.02612,-0.01114966,3.054811412534792
-26.03441,-0.01116743,3.0540201871292645
-26.04271,-0.01116496,3.0532285119328977
-26.0509,-0.01115072,3.052447823299771
-26.05914,-0.01113991,3.0516628637783136
-26.06747,-0.01113692,3.050869835085645
-26.07584,-0.01113373,3.050073508657823
-26.08406,-0.01111758,3.049291950716261
-26.09235,-0.01109608,3.048504235915891
-26.10071,-0.01110234,3.0477103764610236
-26.10907,-0.01112379,3.0469170253861972
-26.11749,-0.01115107,3.046118493775627
-26.12578,-0.01116217,3.045332793891704
-26.13413,-0.01117082,3.0445419112861227
-26.1425,-0.01120144,3.0437496413885436
-26.15088,-0.01123472,3.042956932998048
-26.1592,-0.01126075,3.0421704027646106
-26.16748,-0.01126359,3.0413881504829656
-26.17577,-0.01122563,3.0406054492379786
-26.18402,-0.01119587,3.039827016630754
-26.19235,-0.01115914,3.039041533119403
-26.20068,-0.01112445,3.0382565490666655
-26.20892,-0.01108139,3.0374805371606306
-26.2173,-0.01102192,3.036691840883691
-26.22559,-0.01096955,3.0359121110335363
-26.23407,-0.0109474,3.0351150202770674
-26.24243,-0.01092832,3.0343297133687694
-26.25089,-0.0109211,3.0335355220337292
-26.25929,-0.01092305,3.0327474695622008
-26.26761,-0.01091853,3.031967419190402
-26.27608,-0.01090857,3.031173812836618
-26.28449,-0.01089281,3.0303863342982873
-26.29282,-0.01088086,3.029606843237051
-26.30121,-0.01089116,3.0288222366955737
-26.30948,-0.0108891,3.0280493419102164
-26.31784,-0.01088054,3.0272685296361708
-26.32613,-0.01086372,3.0264947449549173
-26.33449,-0.01086797,3.0257149198636464
-26.3429,-0.01089693,3.0249309301557537
-26.35133,-0.01092284,3.024145578230776
-26.35957,-0.01092291,3.0233784124703096
-26.36795,-0.01093537,3.0225987041085864
-26.37618,-0.01093405,3.0218334345610316
-26.38461,-0.01092852,3.0210500628965145
-26.39288,-0.01092913,3.020282045763857
-26.40123,-0.01090954,3.0195070873591874
-26.40953,-0.01088982,3.01873725507421
-26.41786,-0.0108775,3.017965126622671
-26.42622,-0.01087292,3.017190706805589
-26.43449,-0.01086543,3.0164251059884264
-26.44276,-0.01085531,3.015659984056127
-26.45117,-0.01084635,3.014882400287019
-26.45956,-0.01084166,3.014107158244506
-26.4679,-0.01082814,3.0133370233377033
-26.47629,-0.01082839,3.0125627608701975
-26.4847,-0.01084599,3.0117871450309046
-26.49307,-0.01085115,3.0110157071264294
-26.50142,-0.01085284,3.0102465981068183
-26.50978,-0.01084931,3.009477053374264
-26.51808,-0.01084006,3.0087135116871204
-26.52637,-0.01084607,3.0079513668851035
-26.53474,-0.01086941,3.007182350382932
-26.54309,-0.01091997,3.006415654695817
-26.55139,-0.0109926,3.005654027905883
-26.55975,-0.01107407,3.004887376575457
-26.56802,-0.01114318,3.0041294533804175
-26.57634,-0.01120177,3.0033674238062877
-26.58463,-0.01127442,3.0026086163320684
-26.59282,-0.01131603,3.001859426717437
-26.601,-0.0113111,3.0011116123454005
-26.60925,-0.01130432,3.0003578642765203
-26.61749,-0.01130986,2.9996054962357457
-26.62582,-0.01132174,2.9988453839168145
-26.63399,-0.01132888,2.9981003334460965
-26.64232,-0.01135119,2.9973411624813453
-26.6507,-0.01137783,2.9965779135257233
-26.65903,-0.01138768,2.995819694114902
-26.66731,-0.01138911,2.9950664952708013
-26.6756,-0.01136631,2.99431285519351
-26.68387,-0.01131653,2.993561499887385
-26.69215,-0.01124769,2.9928097024780693
-26.70059,-0.0112315,2.9920438574578316
-26.70888,-0.01118989,2.9912920946142254
-26.71726,-0.01112503,2.9905326444403357
-26.7256,-0.01108945,2.9897772921842725
-26.73401,-0.01106556,2.9890160772738543
-26.74239,-0.01102237,2.9882580539734853
-26.75078,-0.01099749,2.9874996018807676
-26.75906,-0.01098084,2.9867515600323777
-26.7675,-0.01095747,2.985989539553563
-26.77597,-0.01096522,2.985225293425411
-26.78438,-0.0109527,2.984466939313137
-26.79266,-0.01091858,2.983720772778813
-26.8011,-0.0109173,2.9829606620623776
-26.80942,-0.01091836,2.9822118270369145
-26.81766,-0.01089815,2.9814706503102806
-26.82607,-0.01088037,2.9807146518293584
-26.83441,-0.01086521,2.9799654138101044
-26.84279,-0.0108666,2.979213051251379
-26.8512,-0.01089269,2.9784584674055536
-26.85953,-0.01090259,2.9777115273424366
-26.86791,-0.01089038,2.9769605711795224
-26.87613,-0.01091333,2.976224408052796
-26.88452,-0.01092653,2.9754734843694437
-26.8929,-0.010958,2.97472392341473
-26.90126,-0.01099419,2.9739766167086596
-26.90953,-0.0110092,2.9732378120316483
-26.91782,-0.0110136,2.972497676260559
-26.92619,-0.01103172,2.971750860407655
-26.93456,-0.01105032,2.971004508705544
-26.94278,-0.01104899,2.9702719838116187
-26.95113,-0.01104957,2.969528331465137
-26.95937,-0.01104308,2.968794927329533
-26.96774,-0.01102637,2.968050411343331
-26.97597,-0.01100437,2.9673187989162204
-26.98428,-0.0109921,2.966580527625714
-26.99266,-0.01100063,2.965836497773839
-27.00102,-0.01100702,2.965094703829707
-27.00942,-0.01100517,2.96434982313578
-27.01773,-0.01100704,2.963613379066265
-27.02611,-0.01102076,2.962871190119481
-27.03447,-0.01103456,2.9621312309803005
-27.04286,-0.01106082,2.961389076451233
-27.05124,-0.0110849,2.9606482660314275
-27.05951,-0.01108785,2.9599176296983942
-27.06781,-0.01109262,2.95918479182468
-27.0761,-0.01110036,2.958453285369754
-27.08443,-0.01110378,2.957718700375086
-27.09276,-0.01109594,2.9569845670946777
-27.101,-0.01108108,2.9562588096380207
-27.1093,-0.01106615,2.955528213565086
-27.11766,-0.01105957,2.9547927881683007
-27.12589,-0.01104883,2.9540692415990777
-27.13425,-0.01104475,2.9533347153505254
-27.14259,-0.01104791,2.9526023971920146
-27.15089,-0.01104033,2.95187403801496
-27.15923,-0.01103624,2.951142617077141
-27.16757,-0.01102022,2.9504116452078706
-27.17603,-0.01101574,2.949670614140476
-27.1844,-0.01102668,2.9489379202778063
-27.19272,-0.0110323,2.9482100503370017
-27.20108,-0.01102371,2.947479129505152
-27.2094,-0.01100097,2.9467521518298825
-27.21768,-0.01097715,2.946029110489946
-27.22606,-0.01097548,2.945297784549068
-27.23428,-0.01097618,2.9445808591231346
-27.24263,-0.0109669,2.943853038418097
-27.25113,-0.01095869,2.9431126012022255
-27.25937,-0.01093429,2.9423952534486304
-27.26776,-0.01092954,2.9416652926386324
-27.27618,-0.01094607,2.940933173193607
-27.28453,-0.01095703,2.940207586496817
-27.29285,-0.01095776,2.9394850482818757
-27.30104,-0.01093622,2.9387742298461887
-27.30942,-0.01092637,2.938047362411944
-27.31783,-0.01094107,2.9373183411713155
-27.32626,-0.01095897,2.936588036562632
-27.3346,-0.01097051,2.9358659720647093
-27.34287,-0.01096978,2.935150403011827
-27.35117,-0.01096626,2.9344326732640686
-27.35951,-0.01094036,2.933711923203303
-27.36787,-0.01091878,2.9329898855848118
-27.37621,-0.01088532,2.9322700147317686
-27.38451,-0.01085844,2.9315540318231
-27.39285,-0.01086869,2.9308350354198267
-27.40118,-0.01085758,2.9301173380124506
-27.40947,-0.01085974,2.9294035200242834
-27.41791,-0.01087332,2.928677229591898
-27.4263,-0.0108692,2.92795568487182
-27.43474,-0.01090201,2.9272302853972736
-27.44309,-0.01091892,2.926513060300425
-27.45129,-0.0109086,2.92580914412401
-27.45964,-0.01090772,2.925092783445085
-27.46785,-0.01089866,2.924388858247005
-27.47614,-0.010896,2.9236785006918726
-27.4847,-0.01092421,2.9229454569269446
-27.49291,-0.01090183,2.9222428146020194
-27.5013,-0.0108883,2.9215252006268795
-27.50958,-0.01090101,2.920817424329997
-27.51796,-0.01091162,2.9201015336892704
-27.52623,-0.01089678,2.9193954675231586
-27.53453,-0.01086537,2.9186872664977392
-27.54289,-0.01085942,2.9179743774164586
-27.55133,-0.01087797,2.9172551052889277
-27.55972,-0.01091953,2.916540530890735
-27.56793,-0.01092048,2.9158417081006807
-27.57631,-0.01089547,2.9151288442869983
-27.58464,-0.01091839,2.9144206630936638
-27.59311,-0.01097897,2.913701018116479
-27.60138,-0.01102365,2.912998792089381
-27.60976,-0.01106011,2.9122876548003314
-27.61795,-0.01108162,2.911593058137914
-27.62624,-0.01108995,2.910890399851735
-27.63466,-0.01112161,2.9101771543416852
-27.64298,-0.01113863,2.909472806477449
-27.65118,-0.01111752,2.9087790322149
-27.65941,-0.01109249,2.908083133371247
-27.66769,-0.01107872,2.907383424492612
-27.67596,-0.01105227,2.9066849785879154
-27.68428,-0.01101594,2.905982730993907
-27.69255,-0.01094339,2.9052851218107394
-27.70093,-0.0108778,2.9045786585504527
-27.70932,-0.01085613,2.9038717803251757
-27.7177,-0.01083513,2.903166171796361
-27.72597,-0.01080594,2.902470243601937
-27.73436,-0.01078145,2.901764641405102
-27.74275,-0.01078841,2.901059465986609
-27.75118,-0.01081925,2.900351358032343
-27.75978,-0.01086213,2.8996294134895884
-27.76802,-0.01087474,2.8989381093790625
-27.77641,-0.01088628,2.8982346422737857
-27.78467,-0.01089684,2.8975424901573423
-27.79308,-0.01089421,2.896838191377134
-27.80133,-0.01089757,2.8961477058831355
-27.80956,-0.01088919,2.8954593024844693
-27.81792,-0.01087995,2.8947604421897823
-27.82626,-0.01088593,2.8940636722290383
-27.8346,-0.01088292,2.8933673198105954
-27.84293,-0.01086006,2.8926722187643326
-27.8513,-0.0108898,2.891974198690905
-27.85967,-0.01089775,2.8912765980357986
-27.86797,-0.01090498,2.8905852453551515
-27.87636,-0.01091708,2.8898868144908447
-27.88471,-0.01092289,2.889192130741184
-27.89302,-0.01091337,2.888501187752348
-27.9014,-0.01091732,2.8878048413341264
-27.90978,-0.01093432,2.887108913076348
-27.91803,-0.01094005,2.886424188956026
-27.92629,-0.01092152,2.885739040166094
-27.93469,-0.01091843,2.885042694227142
-27.94299,-0.01090065,2.884355049334377
-27.95128,-0.01087614,2.883668640577462
-27.95958,-0.01084905,2.8829818116008896
-27.96794,-0.01082554,2.882290429684846
-27.97636,-0.01079836,2.8815945033592647
-27.9846,-0.01074326,2.880913859765728
-27.99301,-0.01070382,2.8802195869611733
-28.0014,-0.01067326,2.879527380773818
-28.00969,-0.01062789,2.878843832259479
-28.01804,-0.01056808,2.878155745369769
-28.02647,-0.01052294,2.877461481949029
-28.0349,-0.0104794,2.876767636053633
-28.04331,-0.0104739,2.8760758519589875
-28.0517,-0.01045191,2.8753861263310245
-28.06001,-0.01049793,2.874703383926093
-28.06848,-0.01054031,2.8740079120778894
-28.07681,-0.01057127,2.8733243448953067
-28.08508,-0.01066073,2.8726461024857324
-28.09349,-0.01084387,2.8719567878536987
-28.10176,-0.0110002,2.8712793504748455
-28.10992,-0.01113047,2.8706113144398846
-28.11816,-0.01123287,2.8699371224859664
-28.12636,-0.01130858,2.869266595464184
-28.13458,-0.01134415,2.8685948253003954
-28.14281,-0.01129392,2.8679226310379096
-28.15106,-0.01116644,2.867249197721151
-28.15933,-0.0110956,2.866574527874065
-28.16777,-0.0111357,2.86588639782276
-28.17609,-0.01117253,2.865208455112118
-28.18434,-0.01113943,2.8645366114658
-28.19264,-0.01108478,2.8638610928242265
-28.201,-0.01102216,2.863181092869047
-28.20938,-0.01092075,2.862499870610414
-28.21771,-0.0109244,2.8618231139238444
-28.22615,-0.01093051,2.861137827865295
-28.23453,-0.01089412,2.860457818848056
-28.24295,-0.01088007,2.859774970390841
-28.25131,-0.01086401,2.859097390528085
-28.25963,-0.01084615,2.8584234506962756
-28.26791,-0.0108194,2.8577531448203985
-28.27635,-0.01080151,2.8570702901895046
-28.28479,-0.01080646,2.8563878430774983
-28.29321,-0.0108174,2.8557074188471367
-28.30156,-0.01081441,2.855033051181631
-28.30989,-0.01081304,2.854360695149292
-28.31816,-0.01079999,2.8536935733112605
-28.32643,-0.01079502,2.8530268410103217
-28.33481,-0.01079389,2.85235163743819
-28.34314,-0.01078339,2.851680858225306
-28.35152,-0.01080173,2.8510064504478065
-28.35983,-0.01081791,2.8503380697274983
-28.3682,-0.01082703,2.8496652589871756
-28.37651,-0.01082049,2.848997663912863
-28.38486,-0.01080085,2.8483272491039235
-28.39314,-0.01079102,2.847662843912297
-28.40141,-0.01078911,2.8469996278353786
-28.40985,-0.01079687,2.84632317664472
-28.41817,-0.01079162,2.8456567365175167
-28.42645,-0.01077122,2.8449938877348386
-28.43474,-0.01075387,2.84433062514375
-28.44313,-0.01074635,2.843659755448855
-28.45157,-0.01075914,2.842985286927927
-28.4599,-0.01077261,2.842320001124389
-28.4682,-0.01079783,2.841657498542233
-28.47661,-0.01082092,2.8409866097123215
-28.48486,-0.0108211,2.8403288694415205
-28.4932,-0.01082356,2.8396643409655633
-28.50159,-0.0108383,2.8389962209125876
-28.50995,-0.01086312,2.838330880973134
-28.5183,-0.01088048,2.837666726277513
-28.52661,-0.01089018,2.837006139180225
-28.53493,-0.01088924,2.8363451426024175
-28.54317,-0.01087961,2.8356908815664132
-28.55132,-0.01084876,2.8350441380643696
-28.55968,-0.0108495,2.834381113513877
-28.56798,-0.01085568,2.8337232313940293
-28.57636,-0.01084373,2.833059395948259
-28.58464,-0.01081896,2.832403864453077
-28.59296,-0.01080591,2.831745548554609
-28.6013,-0.0108198,2.8310860345508773
-28.60973,-0.01082409,2.830419794244825
-28.6181,-0.0108305,2.8297586841893767
-28.62643,-0.01083915,2.829101117393961
-28.63467,-0.01083553,2.828451031564184
-28.64302,-0.01083317,2.827792648959502
-28.65143,-0.01085054,2.827129923358101
-28.65984,-0.01088699,2.8264675866997164
-28.66814,-0.01089258,2.825814294195577
-28.67635,-0.01088423,2.8251684576314626
-28.68474,-0.01090707,2.8245088433780468
-28.69307,-0.01092577,2.823854327891717
-28.70142,-0.01094683,2.823198622228447
-28.7097,-0.01096211,2.8225487901301647
-28.71802,-0.01098563,2.8218961961862274
-28.72633,-0.01101919,2.821244763950007
-28.73456,-0.01102765,2.820599974386244
-28.74295,-0.01104303,2.819943029508105
-28.7513,-0.01105797,2.8192895973399463
-28.75951,-0.0110363,2.8186474908647607
-28.7679,-0.01101483,2.817991685176881
-28.77612,-0.01100012,2.8173495384367317
-28.78444,-0.01099237,2.8166999531691426
-28.79273,-0.0109716,2.816053083538796
-28.80095,-0.01092931,2.8154120436999475
-28.80931,-0.01090347,2.814760461114827
-28.81764,-0.01089663,2.814111592760545
-28.826,-0.01088077,2.813460764587525
-28.83449,-0.01086626,2.8128002021190595
-28.8429,-0.01085938,2.8121462474300434
-28.85118,-0.01083184,2.8115027738900107
-28.85954,-0.01079151,2.810853457816722
-28.86789,-0.01076733,2.8102052938403186
-28.8763,-0.0107579,2.809552851300201
-28.88457,-0.01073006,2.8089116403671577
-28.8929,-0.01071309,2.808266148430929
-28.90134,-0.01071375,2.807612512084215
-28.90979,-0.01069788,2.806958483614028
-28.91814,-0.01067804,2.8063125705871816
-28.92654,-0.010672,2.8056631660751683
-28.93494,-0.01067637,2.805014138615805
-28.94325,-0.01065651,2.8043724357147175
-28.9516,-0.01064877,2.8037280150319845
-28.95987,-0.01064112,2.8030901347278148
-28.9682,-0.01062279,2.802447994697634
-28.97664,-0.01062536,2.80179775156816
-28.985,-0.01065108,2.801154045195791
-28.99338,-0.01066199,2.800509171403955
-29.00165,-0.01063881,2.7998731279082394
-29.01004,-0.01064462,2.799228225814235
-29.01834,-0.01066968,2.798590608559966
-29.02667,-0.01070654,2.797951053289957
-29.03502,-0.01074461,2.7973103307660887
-29.04327,-0.01077078,2.7966776433920835
-29.05168,-0.01081769,2.7960330555754433
-29.06006,-0.01088049,2.795391138215131
-29.06841,-0.01094125,2.7947518870141157
-29.07665,-0.01096173,2.794121417013308
-29.08487,-0.0109769,2.7934928332153453
-29.09316,-0.01100876,2.7928592562650465
-29.10135,-0.01101749,2.7922336764445634
-29.10973,-0.01103075,2.791593948140364
-29.118,-0.01103208,2.7909629782265264
-29.12624,-0.01101348,2.7903346535632476
-29.13463,-0.01101248,2.789695256126472
-29.14285,-0.01099363,2.789069171340483
-29.15118,-0.01098318,2.788435068494654
-29.15952,-0.01097054,2.787800567361877
-29.16782,-0.01095164,2.7871694696415434
-29.17621,-0.01094373,2.7865318936215497
-29.18457,-0.01093238,2.785896961990531
-29.19295,-0.01090421,2.7852608763417193
-29.20125,-0.01086331,2.784631222978468
-29.20958,-0.0108091,2.7839996535383253
-29.21791,-0.01075698,2.783368444217947
-29.22626,-0.01071703,2.7827360804974703
-29.23459,-0.0106955,2.7821055913559927
-29.24298,-0.01067515,2.7814709239619217
-29.2514,-0.01066349,2.780834353227538
-29.25981,-0.01063734,2.780198904230752
-29.2682,-0.01066645,2.7795653302902124
-29.27663,-0.01065428,2.7789291014710367
-29.2849,-0.01059374,2.778305304098699
-29.29321,-0.01049278,2.777678844346523
-29.30156,-0.01042078,2.7770497270452497
-29.30997,-0.01042313,2.7764164514668557
-29.31839,-0.01047607,2.775782786844707
-29.32686,-0.01058625,2.7751457264773656
-29.33521,-0.01071692,2.774518051856455
-29.34355,-0.01085332,2.773891485522372
-29.35176,-0.01093536,2.773275033592534
-29.35999,-0.01093848,2.7726574259732377
-29.36823,-0.01094329,2.772039414700852
-29.37637,-0.01097864,2.771429243980791
-29.38471,-0.01101927,2.770804431964787
-29.39305,-0.01104517,2.7701799745177857
-29.40137,-0.01101424,2.7695573675648446
-29.40949,-0.01092398,2.768950066798166
-29.41779,-0.0109257,2.7683296501878623
-29.42621,-0.01094179,2.7677006213168465
-29.43468,-0.0109556,2.7670682202082713
-29.44298,-0.01096908,2.766448864890714
-29.45128,-0.01093451,2.765829858668282
-29.4595,-0.01086055,2.765217162545189
-29.46785,-0.01083002,2.764595126553176
-29.47626,-0.01080414,2.7639689770683256
-29.48459,-0.01073662,2.763349135938468
-29.49297,-0.01068808,2.7627259275685017
-29.50143,-0.01068819,2.762097128851042
-29.50975,-0.01069993,2.7614790874202595
-29.51813,-0.01068187,2.760856941140919
-29.52654,-0.01068472,2.76023292265196
-29.53499,-0.0106878,2.7596062940938864
-29.54338,-0.01068937,2.7589844696172205
-29.55174,-0.01069855,2.7583652197806288
-29.55995,-0.01067548,2.7577574217818364
-29.56825,-0.01063035,2.7571433040507975
-29.57665,-0.01062567,2.756522138240808
-29.58493,-0.01063787,2.755910191438682
-29.59335,-0.01067346,2.755288248880238
-29.60167,-0.01072042,2.7546740403497507
-29.61,-0.01075936,2.7540594393785884
-29.61841,-0.01082844,2.753439286578854
-29.62674,-0.01090272,2.7528253800451887
-29.63501,-0.01092676,2.7522162368090983
-29.6433,-0.01093479,2.75160596154949
-29.65155,-0.01095019,2.750998969699729
-29.65979,-0.01095547,2.750393050658821
-29.66806,-0.01093652,2.749785264017937
-29.6763,-0.01088692,2.7491800190724582
-29.68466,-0.01083369,2.748566303269096
-29.69305,-0.01081941,2.7479507325788357
-29.70139,-0.01079323,2.7473391750352425
-29.70969,-0.01074194,2.7467308915037485
-29.71808,-0.01069881,2.7461163574497407
-29.72644,-0.01067352,2.7455043658103695
-29.73492,-0.01067671,2.744883941170852
-29.74329,-0.01067808,2.7442719114126244
-29.75162,-0.01068291,2.7436631484268754
-29.76001,-0.01068142,2.743050345077169
-29.7684,-0.01068149,2.742437887155507
-29.77676,-0.01067914,2.7418279624781206
-29.78511,-0.01068415,2.741219109145476
-29.7934,-0.01070571,2.740614968415824
-29.80177,-0.01072221,2.7400053386090826
-29.81003,-0.01076169,2.7394040562857533
-29.81836,-0.01078319,2.7387980157191745
-29.82666,-0.01078272,2.738194494455631
-29.83507,-0.01082737,2.737583317216953
-29.84341,-0.01088106,2.736977567241813
-29.85158,-0.01088341,2.736384492881114
-29.85996,-0.01087976,2.7357765114219843
-29.8681,-0.01086589,2.7351862689625386
-29.87643,-0.0108451,2.734582582323256
-29.88481,-0.01086417,2.7339756116903535
-29.89307,-0.01085778,2.733377665793443
-29.90135,-0.01082338,2.7327786036416413
-29.90968,-0.01081095,2.7321762586560605
-29.91808,-0.01080765,2.731569191605878
-29.92639,-0.01077905,2.7309689641817805
-29.93474,-0.01075794,2.7303661832372685
-29.94312,-0.01076683,2.729761574612131
-29.9514,-0.01078125,2.729164513178015
-29.95979,-0.0107943,2.728559856394187
-29.96809,-0.01079611,2.7279620189341394
-29.97649,-0.01078914,2.727357315683057
-29.98489,-0.01079904,2.7267529512364392
-29.99333,-0.01081712,2.7261460498050734
-30.00157,-0.0107989,2.725553859348027
-30.0098,-0.01078034,2.724962712180688
-30.01811,-0.01078219,2.724366147635544
-30.02644,-0.01077159,2.723768478714093
-30.03479,-0.01073694,2.7231697075291685
-30.0432,-0.01071501,2.7225669702295363
-30.05151,-0.01069207,2.721971731204189
-30.05992,-0.01068619,2.7213696643237903
-30.06828,-0.01069076,2.7207715107082944
-30.07648,-0.01065564,2.720185128046899
-30.08481,-0.01061675,2.719589776368872
-30.09325,-0.01062167,2.718986899055436
-30.10169,-0.01063875,2.7183843598150137
-30.11008,-0.01064642,2.7177857249133845
-30.11836,-0.01066469,2.7171952656120717
-30.12669,-0.01066768,2.716601568243972
-30.13503,-0.0106712,2.7160074869678246
-30.1434,-0.01068443,2.7154115992223837
-30.15178,-0.01068225,2.7148153309688516
-30.16002,-0.01067712,2.714229347328019
-30.16843,-0.0106898,2.713631604296279
-30.17674,-0.01067653,2.7130412960445693
-30.18497,-0.01063963,2.7124569910124143
-30.19333,-0.01061785,2.7118637824976575
-30.20163,-0.01060882,2.7112751563408994
-30.21004,-0.01061879,2.7106790590148173
-30.21837,-0.01063798,2.7100889591331363
-30.22669,-0.01064363,2.7094998923137132
-30.23502,-0.01065234,2.708910442261986
-30.24341,-0.01066764,2.70831707469495
-30.2518,-0.01067118,2.707724036255694
-30.26012,-0.01066935,2.7071362704444
-30.26851,-0.01068231,2.706543886699411
-30.27684,-0.01069231,2.7059560641070863
-30.28514,-0.0106957,2.7053706801421424
-30.29343,-0.01069174,2.7047863216545633
-30.3017,-0.01068013,2.7042036915420584
-30.30995,-0.010679,2.7036227872365344
-30.31827,-0.01068074,2.7030372742244198
-30.32661,-0.01068491,2.702450676155363
-30.33505,-0.01070135,2.7018573729069177
-30.3434,-0.01072226,2.70127072114529
-30.35172,-0.01073228,2.700686498162213
-30.36009,-0.0107326,2.7000990873215462
-30.36842,-0.01073988,2.699514805182489
-30.37674,-0.01075442,2.6989315443329334
-30.38503,-0.01076641,2.6983507042777313
-30.39336,-0.01077102,2.69776738077001
-30.40161,-0.01076887,2.697189974478325
-30.4099,-0.01076392,2.6966100842159952
-30.41827,-0.01075233,2.6960249185768945
-30.42653,-0.01072822,2.6954477589130277
-30.43485,-0.01070801,2.694866723509398
-30.44319,-0.01069877,2.694284610121344
-30.45151,-0.01068014,2.693704210398762
-30.45979,-0.01065949,2.6931269158454474
-30.46812,-0.01064726,2.6925464518322757
-30.47643,-0.01062299,2.691967697660126
-30.48477,-0.01058826,2.6913871713645863
-30.49313,-0.01058127,2.6908055716156394
-30.50159,-0.01059494,2.690217339489515
-30.50995,-0.01060351,2.689636380918356
-30.51831,-0.01060656,2.6890557406357036
-30.52667,-0.01063233,2.688475418380059
-30.53511,-0.01067354,2.6878898651421266
-30.54329,-0.01069276,2.6873226590848596
-30.55182,-0.01072339,2.686731507321004
-30.56017,-0.01075832,2.686153149671615
-30.56844,-0.01077404,2.685580644612548
-30.57677,-0.01079362,2.6850042990152327
-30.58516,-0.01082671,2.6844241194095435
-30.59346,-0.01084921,2.683850476539757
-30.60165,-0.01086569,2.6832847411822565
-30.60992,-0.01087662,2.6827137869030695
-30.61824,-0.01088054,2.6821396918960723
-30.62659,-0.01087269,2.6815638404406106
-30.63493,-0.01086473,2.680988991977458
-30.64327,-0.01086983,2.6804144564206105
-30.65155,-0.0108556,2.6798443634987463
-30.65988,-0.01085312,2.679271138699825
-30.66818,-0.01085172,2.6787002880510027
-30.67639,-0.01082389,2.678135931248755
-30.68475,-0.01078627,2.677561573745916
-30.6931,-0.01077397,2.6769882155924294
-30.70157,-0.01077679,2.676406936192514
-30.70985,-0.01076955,2.6758390060518042
-30.71817,-0.01075915,2.675268640677488
-30.72655,-0.01076059,2.6746944743226946
-30.73488,-0.01074207,2.674124044082814
-30.74312,-0.01071772,2.6735600810848084
-30.75151,-0.01071574,2.6729861623055258
-30.76,-0.01071331,2.672405721716515
-30.76828,-0.01069239,2.6718399468543574
-30.77666,-0.01068372,2.671267648926167
-30.78502,-0.01067836,2.6706970273204305
-30.79332,-0.01068421,2.670130807590737
-30.80162,-0.01067591,2.6695648930153673
-30.81,-0.01066292,2.6689938331710485
-30.81836,-0.01066329,2.6684244456875708
-30.82666,-0.01066688,2.6678594502291197
-30.83508,-0.0106697,2.667286596953859
-30.84351,-0.01068277,2.666713376655251
-30.85179,-0.01069555,2.6661506609503043
-30.86018,-0.01068762,2.6655807775586533
-30.86841,-0.01067364,2.665022063008752
-30.87672,-0.01066922,2.664458219655456
-30.88507,-0.01067333,2.663891967866675
-30.89345,-0.01069016,2.6633239893893363
-30.90172,-0.01069239,2.662763768489262
-30.90997,-0.01068407,2.6622052011050155
-30.91837,-0.01069024,2.6616367842159856
-30.92674,-0.01071741,2.661070704510078
-30.93495,-0.01071377,2.66051574351987
-30.94338,-0.01070683,2.6599462178986264
-30.95178,-0.01069997,2.6593790276358904
-30.96002,-0.01067284,2.65882294003686
-30.96835,-0.01064327,2.6582610794569295
-30.97664,-0.01061582,2.657702216896345
-30.98502,-0.01060572,2.6571375910036528
-30.99323,-0.01059349,2.656584715436242
-31.00157,-0.01058114,2.656023385267262
-31.00993,-0.01056864,2.655461012004864
-31.01834,-0.010565,2.6548955811303894
-31.02678,-0.01058632,2.654328441430274
-31.03511,-0.01060831,2.6537689958244064
-31.04352,-0.01061834,2.6532044819659624
-31.0519,-0.01061192,2.6526422859792795
-31.0601,-0.01060317,2.652092459457632
-31.06841,-0.01062174,2.651535553316053
-31.07677,-0.01066361,2.650975596884747
-31.08511,-0.01075123,2.650417280170474
-31.09352,-0.01085525,2.6498545806328777
-31.10175,-0.01092593,2.6493042192159604
-31.11005,-0.0109877,2.6487494716337645
-31.11827,-0.01102932,2.6482003626808304
-31.12648,-0.01101708,2.6476522112362204
-31.13467,-0.01098808,2.647105683150006
-31.14299,-0.0109628,2.646550774347614
-31.15118,-0.01092673,2.646004825499387
-31.15952,-0.01090286,2.645449172516136
-31.16789,-0.01089543,2.6448918197542404
-31.17625,-0.01087656,2.64433543161862
-31.18456,-0.01084569,2.643782666806907
-31.19293,-0.01082376,2.643226208631251
-31.20123,-0.01081256,2.6426746990423133
-31.20961,-0.01076826,2.642118171294034
-31.21799,-0.01076576,2.641561942328766
-31.22636,-0.01079084,2.641006675129602
-31.23476,-0.01075621,2.640449716917946
-31.24301,-0.01074178,2.639902995902123
-31.25151,-0.01075309,2.6393400094907413
-31.25983,-0.01073359,2.6387892416561445
-31.26819,-0.01071901,2.638236121118619
-31.27651,-0.01069837,2.637685940662817
-31.28482,-0.01066975,2.6371367135882515
-31.29326,-0.01066532,2.6365791930914195
-31.30164,-0.01066211,2.6360259334654668
-31.31001,-0.01065023,2.635473629679454
-31.3183,-0.01063822,2.6349268957765903
-31.32652,-0.01061649,2.6343850641565036
-31.33501,-0.0105913,2.6338257335804265
-31.34331,-0.01056557,2.63327921333133
-31.35169,-0.01055397,2.6327277189842078
-31.36003,-0.01056843,2.6321791497010687
-31.36847,-0.01054468,2.6316242998144315
-31.37674,-0.01052235,2.63108091535322
-31.38507,-0.01050084,2.630533878050933
-31.39342,-0.01048601,2.6299858186842977
-31.40196,-0.01054399,2.6294255899950194
-31.41025,-0.01055666,2.6288820528330716
-31.41849,-0.01056488,2.6283420781838975
-31.42699,-0.01065155,2.627785362199816
-31.43523,-0.01069603,2.627245962571293
-31.44367,-0.01074804,2.626693763800472
-31.45189,-0.01078644,2.6261562437106325
-31.46014,-0.01080318,2.625617044297959
-31.46851,-0.01086111,2.6250702909035097
-31.47665,-0.01090838,2.6245388406961987
-31.48492,-0.01092677,2.6239991843714385
-31.49321,-0.01095915,2.623458507405247
-31.50148,-0.01099911,2.6229194183892313
-31.50981,-0.01103379,2.6223767042708284
-31.51811,-0.01104396,2.621836230027752
-31.52634,-0.01101205,2.6213005949945347
-31.53455,-0.010973,2.620766540191631
-31.54288,-0.01094627,2.6202249636050987
-31.55112,-0.01089475,2.6196895197381265
-31.55943,-0.01084199,2.6191498103736346
-31.56778,-0.01079943,2.6186077893345683
-31.57619,-0.01076777,2.618062163294558
-31.58466,-0.01075194,2.6175129382428053
-31.593,-0.01071604,2.6169724306017152
-31.60135,-0.0106748,2.6164315606769963
-31.60982,-0.01064542,2.6158832097114124
-31.6182,-0.01060973,2.6153409745020273
-31.62653,-0.01057924,2.614802259368954
-31.63498,-0.01055749,2.614256073498387
-31.6433,-0.0105163,2.6137185754962347
-31.65166,-0.01049154,2.613178777985104
-31.66007,-0.01049649,2.6126360396549972
-31.66846,-0.01048945,2.6120948792584167
-31.67688,-0.0104987,2.6115520720474996
-31.68523,-0.01050954,2.611014062388059
-31.69359,-0.01050655,2.6104756924034165
-31.70198,-0.01051943,2.6099356759420074
-31.71033,-0.01052741,2.6093985177700767
-31.71861,-0.01053756,2.608866141990459
-31.72694,-0.01056145,2.6083308317789236
-31.73532,-0.01059161,2.6077925919763847
-31.74358,-0.0106056,2.607262337770346
-31.75194,-0.01062792,2.606725944934388
-31.76029,-0.01068624,2.6061904755907452
-31.7686,-0.0107198,2.6056578508338424
-31.77695,-0.01072837,2.605122942887848
-31.78523,-0.0107361,2.6045927967172173
-31.79346,-0.01074495,2.6040661255490907
-31.80177,-0.01076972,2.603534611438294
-31.81006,-0.01079628,2.6030046532449167
-31.81838,-0.01081725,2.602473054882115
-31.82648,-0.01081622,2.6019557802182334
-31.83487,-0.01081972,2.6014202633778623
-31.84328,-0.01085057,2.600883753181205
-31.85159,-0.0108739,2.6003539007000906
-31.85991,-0.01089586,2.5998236875119862
-31.86818,-0.01090632,2.5992969350618704
-31.87643,-0.01090246,2.5987717288291066
-31.88475,-0.01091169,2.5982423415582683
-31.89299,-0.01090528,2.5977183167837192
-31.9014,-0.01090475,2.597183759960378
-31.90968,-0.01091992,2.596657741475314
-31.91805,-0.0109269,2.5961262827772997
-31.92629,-0.01086806,2.5956033507181697
-31.93465,-0.01079358,2.595073078928374
-31.94301,-0.01073959,2.5945430846999074
-31.95123,-0.01064716,2.5940222363896477
-31.95958,-0.0105418,2.5934934251326207
-31.96806,-0.01049938,2.5929566636198755
-31.9765,-0.01051977,2.5924227166825635
-31.98489,-0.01055422,2.5918922122289616
-31.99333,-0.0106156,2.591358826980499
-32.00174,-0.0106826,2.5908276174982987
-32.01015,-0.010722,2.590296687144546
-32.01837,-0.0107207,2.5897780211797166
-32.02664,-0.01071747,2.589256468989566
-32.03491,-0.01072112,2.5887351860829324
-32.04324,-0.01074279,2.58821039320618
-32.05158,-0.01074386,2.587685243597975
-32.05997,-0.01070393,2.5871572212949667
-32.06827,-0.01064581,2.586635134979218
-32.07657,-0.01062318,2.5861133188492413
-32.08481,-0.01060782,2.5855955419402514
-32.09329,-0.01059612,2.585062961759296
-32.1017,-0.01060218,2.584535055775862
-32.1102,-0.01063513,2.584001781365423
-32.11853,-0.01065568,2.583479446288482
-32.12689,-0.01064894,2.582955502384451
-32.13522,-0.01065333,2.5824337098050054
-32.14351,-0.01068317,2.5819146913327136
-32.1519,-0.01070359,2.5813896845909574
-32.16022,-0.01072204,2.5808693286302145
-32.16858,-0.01076134,2.5803467420694353
-32.17685,-0.01075543,2.5798300486219126
-32.1851,-0.01074482,2.579314869302876
-32.19348,-0.01073706,2.5787918423233522
-32.20181,-0.0107434,2.578272205817002
-32.20998,-0.01071891,2.5777628114019318
-32.21834,-0.01070037,2.5772418380338653
-32.2267,-0.01068796,2.576721134959521
-32.23492,-0.01064175,2.576209415131168
-32.24329,-0.01062038,2.575688625447341
-32.25169,-0.01060732,2.575166240900864
-32.26001,-0.01058153,2.574649099612802
-32.26834,-0.0105564,2.5741316039188873
-32.2767,-0.01052866,2.57361251305121
-32.28505,-0.01051731,2.5730943114537532
-32.29341,-0.0105169,2.5725757577165123
-32.30177,-0.01052656,2.57205747239238
-32.31023,-0.01054462,2.571533260518418
-32.31854,-0.01055284,2.5710186103703943
-32.32694,-0.01058458,2.57049865530112
-32.33531,-0.01063452,2.569980825914457
-32.3437,-0.01067132,2.5694620281538603
-32.35204,-0.01070315,2.568946588839529
-32.36034,-0.01072594,2.568433885428892
-32.36862,-0.01075019,2.5679226794345884
-32.37688,-0.01078125,2.567412968760424
-32.38522,-0.01082259,2.566898585218813
-32.39356,-0.01083312,2.566384466542115
-32.40173,-0.01081633,2.565881084127298
-32.41007,-0.01081299,2.565367489178518
-32.4184,-0.01084351,2.564854773832145
-32.4267,-0.01082989,2.564344166998184
-32.435,-0.01074035,2.563833821489132
-32.44333,-0.01066417,2.5633218938993005
-32.45169,-0.01064138,2.562808386866755
-32.45993,-0.0105791,2.5623025095864347
-32.46832,-0.01049878,2.5617876871978593
-32.47681,-0.01050353,2.5612669994374446
-32.48532,-0.01057364,2.5607453582110318
-32.49364,-0.01064201,2.56023562764898
-32.50195,-0.01068234,2.5597267702399393
-32.51041,-0.01077276,2.5592089949034786
-32.51872,-0.01083271,2.5587006622646893
-32.52701,-0.01084797,2.5581938118505207
-32.53514,-0.01079938,2.5576969946955814
-32.5434,-0.01071307,2.5571924875704446
-32.55159,-0.01067914,2.5566925087223082
-32.56004,-0.01069244,2.5561769211585736
-32.56831,-0.01070927,2.5556725755803726
-32.57663,-0.01070069,2.555165439150704
-32.58518,-0.0107363,2.5546445531373463
-32.59351,-0.01075064,2.5541373328616648
-32.60173,-0.01072359,2.5536370646588384
-32.61,-0.0107162,2.5531340079730143
-32.6183,-0.01069431,2.5526293828924254
-32.62669,-0.01068235,2.5521195469108267
-32.63498,-0.01070327,2.551616045114782
-32.64336,-0.01073442,2.5511073369898196
-32.65169,-0.01076026,2.5506019229019996
-32.65999,-0.01077343,2.5500985854557823
-32.66835,-0.01076838,2.549591867970069
-32.67676,-0.01075522,2.549082381484578
-32.685,-0.01073539,2.5485834480648615
-32.69327,-0.01070549,2.548082951017136
-32.70154,-0.01067421,2.547582707114099
-32.70987,-0.01065003,2.5470790895836637
-32.71826,-0.01063888,2.5465721037732445
-32.72658,-0.01060589,2.5460696045844085
-32.73496,-0.01057916,2.5455637398060054
-32.74339,-0.01056421,2.5450551179948078
-32.7518,-0.01054085,2.5445479637760364
-32.76012,-0.01051883,2.544046493114189
-32.76849,-0.01049907,2.5435422657559137
-32.77687,-0.01050275,2.543037693959185
-32.78522,-0.01049822,2.5425351850620492
-32.79356,-0.01047408,2.5420335334132678
-32.80205,-0.01047016,2.541523121268335
-32.81035,-0.01048519,2.541024387121747
-32.81873,-0.01048479,2.540521101822039
-32.82712,-0.01047773,2.540017473357395
-32.83543,-0.01047844,2.539518900772732
-32.84381,-0.01048577,2.5390163839091753
-32.85214,-0.01048478,2.538517119432707
-32.86044,-0.0104828,2.538019904785207
-32.86879,-0.01049043,2.5375199482548645
-32.87729,-0.01053409,2.5370112713061204
-32.88551,-0.01056954,2.5365196008819693
-32.89378,-0.01056249,2.536025187740661
-32.90216,-0.01057655,2.5355244518900886
-32.9106,-0.01060832,2.535020388567817
-32.91884,-0.010628,2.534528519230933
-32.92717,-0.01063831,2.534031527762635
-32.9355,-0.01064873,2.533534787691093
-32.94382,-0.0106682,2.5330388947001286
-32.95206,-0.01067926,2.5325480167249026
-32.96028,-0.01067643,2.5320585747451174
-32.96857,-0.01066579,2.5315652119579344
-32.97696,-0.01065774,2.53106615042745
-32.98526,-0.01064847,2.5305726921661376
-32.99358,-0.01064639,2.5300782940196243
-33.00192,-0.0106597,2.5295829575976185
-33.0103,-0.01067967,2.529085497556823
-33.01859,-0.01069671,2.5285936286195136
-33.02686,-0.01069663,2.5281031923713004
-33.03517,-0.01070243,2.5276106313362394
-33.04356,-0.01073018,2.527113579771671
-33.05197,-0.01074967,2.5266155965892505
-33.06035,-0.01077278,2.526119641806575
-33.06862,-0.01079149,2.525630443604843
-33.07687,-0.01079729,2.5251426722056833
-33.08521,-0.01080969,2.5246498269166193
-33.09343,-0.01081329,2.524164315998674
-33.10182,-0.01080315,2.523669012761232
-33.11003,-0.01076845,2.523184578811919
-33.11838,-0.01074165,2.5226921304725654
-33.12679,-0.01073903,2.5221963945193604
-33.1351,-0.01069031,2.5217068003416316
-33.14336,-0.01061224,2.521220395276761
-33.15172,-0.01054234,2.520728348333058
-33.16011,-0.01051804,2.5202347851077693
-33.16856,-0.0104933,2.5197379446077854
-33.17682,-0.01044652,2.5192525202837404
-33.18529,-0.01042553,2.5187550056063994
-33.19374,-0.01042633,2.518258918699731
-33.20219,-0.01043851,2.5177630843025716
-33.21056,-0.01045562,2.51727219294104
-33.2188,-0.0104708,2.516789167579804
-33.22723,-0.01049641,2.516295252417972
-33.23557,-0.01050438,2.5158068569306917
-33.2439,-0.01049235,2.5153192916595226
-33.25227,-0.0105194,2.5148296311800666
-33.26053,-0.01056254,2.5143466475128324
-33.26878,-0.01057841,2.5138644879673975
-33.2771,-0.01059693,2.513378479494908
-33.28537,-0.01059895,2.512895632525641
-33.29382,-0.01061671,2.512402523951893
-33.30216,-0.01062938,2.511916079917939
-33.31039,-0.01061867,2.5114362905988195
-33.3187,-0.01062597,2.5109520779622256
-33.32697,-0.01062869,2.5104704358061953
-33.33528,-0.01060487,2.5099867047764413
-33.3436,-0.01058169,2.5095026331889776
-33.35198,-0.01057653,2.5090153148328826
-33.36037,-0.01059533,2.5085276602147997
-33.36876,-0.01061123,2.508040250821427
-33.37717,-0.01062396,2.507551925462824
-33.38544,-0.01061968,2.507071969097906
-33.39363,-0.01058489,2.5065968898858855
-33.40215,-0.01055845,2.5061029155308865
-33.41045,-0.0105783,2.505621938644945
-33.41884,-0.0105933,2.505135989160605
-33.42714,-0.01059721,2.50465549251297
-33.43539,-0.01060386,2.5041781268290877
-33.44377,-0.01061708,2.503693480130978
-33.45204,-0.01061217,2.503215433199291
-33.46037,-0.01061496,2.5027341568548107
-33.46884,-0.01064454,2.5022450374736622
-33.47725,-0.01066249,2.5017596278069436
-33.48547,-0.01065031,2.5012854202136032
-33.49374,-0.01064535,2.5008085630329724
-33.50209,-0.01064836,2.500327331817209
-33.51032,-0.01063738,2.4998532511775475
-33.5186,-0.01062169,2.4993765252725355
-33.52698,-0.01061861,2.4988942815607014
-33.53532,-0.01062261,2.498414579016989
-33.54364,-0.01063309,2.497936264519891
-33.55199,-0.01064508,2.4974564638341867
-33.56041,-0.01066199,2.4969728826316486
-33.56871,-0.01067401,2.49649643075352
-33.57704,-0.01068493,2.496018493589667
-33.58531,-0.01070958,2.495544233475886
-33.59372,-0.0107328,2.4950621842415788
-33.60207,-0.01074339,2.4945838128424827
-33.61041,-0.0107448,2.4941062516047854
-33.61864,-0.01071899,2.493635221412883
-33.627,-0.01070204,2.493156986945014
-33.6353,-0.01069407,2.492682419957604
-33.6436,-0.01067192,2.4922080871250403
-33.6519,-0.01064509,2.491733988274065
-33.66013,-0.01061482,2.4912641187066122
-33.66849,-0.01059894,2.4907870623244466
-33.67688,-0.01058796,2.490308532144308
-33.68527,-0.01057482,2.489830240339472
-33.69373,-0.0105741,2.4893481992050153
-33.70203,-0.01057225,2.4888755098728472
-33.71045,-0.01058112,2.488396224316199
-33.71886,-0.01060327,2.4879177469226423
-33.72719,-0.0106062,2.4874440562643967
-33.73549,-0.01060088,2.4869723042410232
-33.74381,-0.0106117,2.4864996483799544
-33.75221,-0.01064391,2.4860226841442383
-33.76054,-0.01068714,2.485549928999951
-33.76889,-0.01070797,2.4850762728653506
-33.77721,-0.0107168,2.484604551412032
-33.78548,-0.01072132,2.4841358950649806
-33.79375,-0.01072771,2.483667468096911
-33.80217,-0.01074385,2.483190780355226
-33.81044,-0.01075577,2.4827228157929917
-33.81874,-0.01075341,2.4822533837747947
-33.82694,-0.01073857,2.481789833783369
-33.83524,-0.01072245,2.4813208595535308
-33.84361,-0.0107267,2.480848163065347
-33.8519,-0.01072317,2.480380214995318
-33.86028,-0.01072354,2.4799074195488044
-33.86853,-0.010722,2.4794421871867485
-33.87695,-0.01072573,2.478967601864985
-33.88522,-0.01071155,2.4785017007415036
-33.89362,-0.01069807,2.4780287086478223
-33.90195,-0.01069479,2.4775598896228685
-33.91034,-0.01067802,2.4770879265734287
-33.91864,-0.0106498,2.476621256040926
-33.92696,-0.01064457,2.4761536901626315
-33.93529,-0.01063745,2.475685791988222
-33.94367,-0.01063253,2.475215317023763
-33.9519,-0.01062079,2.4747534894954333
-33.96034,-0.0106188,2.474280110269803
-33.9687,-0.01062484,2.473811449952456
-33.97704,-0.01062627,2.473344140631438
-33.98544,-0.01063021,2.472873701208518
-33.99388,-0.01063989,2.472401255755448
-34.00223,-0.01064319,2.4719340790295226
-34.01053,-0.01063951,2.471469927107869
-34.01883,-0.01064212,2.4710060016761304
-34.02713,-0.01064293,2.470542302568568
-34.03548,-0.01064831,2.4700760382988576
-34.04376,-0.01065086,2.469613908686937
-34.05214,-0.01064823,2.4691464266269314
-34.06041,-0.0106377,2.4686853064892644
-34.0688,-0.0106331,2.468217724134692
-34.07716,-0.01064736,2.4677520427171746
-34.08553,-0.01064175,2.4672860331055437
-34.09383,-0.01061452,2.4668241467737713
-34.10213,-0.01058149,2.4663624852758463
-34.11034,-0.01054419,2.4659060507752195
-34.11879,-0.0105592,2.4654365028771537
-34.12703,-0.01058228,2.4649788481447112
-34.13551,-0.01063991,2.464508094356874
-34.14381,-0.01070022,2.4640475594258517
-34.15221,-0.01072126,2.4635817037901795
-34.16052,-0.01072707,2.4631210649018223
-34.16879,-0.0107147,2.462662865732149
-34.17699,-0.01071092,2.4622087638495955
-34.1852,-0.01069158,2.4617543264336614
-34.19348,-0.01068079,2.4612962354226595
-34.20187,-0.01070023,2.460832284901381
-34.21028,-0.01071722,2.4603674567995353
-34.21867,-0.0107155,2.4599039617846046
-34.22694,-0.01069606,2.4594473183988987
-34.23528,-0.01068857,2.4589870332592576
-34.24358,-0.01068192,2.458529178316052
-34.25189,-0.01069009,2.458070994038577
-34.26029,-0.01071436,2.4576080733700736
-34.26866,-0.01074803,2.4571470317193613
-34.27698,-0.01075965,2.456688967347765
-34.28532,-0.0107403,2.4562300249786206
-34.29361,-0.01073696,2.4557740552831855
-34.30188,-0.01073237,2.455319405233766
-34.31017,-0.0107269,2.45486387563804
-34.31851,-0.01072671,2.454405820648973
-34.32674,-0.01071707,2.4539540253458383
-34.33516,-0.01071504,2.453492023919504
-34.34352,-0.01071646,2.4530335387869386
-34.35184,-0.01069998,2.452577468921606
-34.3602,-0.01067119,2.4521194288741044
-34.36855,-0.01064316,2.451662159154227
-34.37682,-0.01059884,2.4512094894175784
-34.38516,-0.01056229,2.4507532086516393
-34.39343,-0.0105356,2.450300976087584
-34.40187,-0.01049287,2.449839671506229
-34.41016,-0.01044894,2.4493867857632745
-34.41861,-0.01044343,2.4489253836805145
-34.42699,-0.0104467,2.4484680275562862
-34.43538,-0.01045081,2.4480103486588503
-34.44383,-0.01046126,2.4475496220948716
-34.4521,-0.01046499,2.447098928657469
-34.46043,-0.01048195,2.4466451840560315
-34.46893,-0.01054546,2.4461824054300494
-34.47728,-0.0105861,2.4457280156671293
-34.48554,-0.01059995,2.44527874001683
-34.49391,-0.01063029,2.44482370076341
-34.50214,-0.01066104,2.4443764879511822
-34.5105,-0.01069784,2.4439224294055433
-34.5188,-0.01073386,2.4434718472252803
-34.52702,-0.01074884,2.4430258215160183
-34.53523,-0.01073767,2.442580550353943
-34.54363,-0.01073329,2.442125193559565
-34.55188,-0.01073444,2.4416781836473156
-34.56015,-0.01071741,2.441230304266619
-34.56848,-0.01069689,2.4407793920936065
-34.5768,-0.01067785,2.4403292381018487
-34.58508,-0.01065131,2.439881463336213
-34.59341,-0.01064053,2.4394312009137002
-34.60176,-0.01064747,2.4389800750019655
-34.61023,-0.01066305,2.4385226882340856
-34.61858,-0.01065575,2.4380720006424297
-34.62694,-0.01063422,2.4376209910549416
-34.63536,-0.0106229,2.4371669646280565
-34.64377,-0.01063118,2.4367136977297794
-34.6521,-0.01063925,2.4362649594108294
-34.66039,-0.01062847,2.4358185900389464
-34.66867,-0.01060221,2.4353729721965105
-34.67696,-0.01057583,2.434927029358975
-34.68538,-0.01055979,2.4344743116552277
-34.69374,-0.01055224,2.434025037369854
-34.70213,-0.01055123,2.433574368489773
-34.71051,-0.0105326,2.4331244542359074
-34.71878,-0.01049805,2.432680658709782
-34.72713,-0.01048286,2.432232784569298
-34.73547,-0.01048594,2.43178566174576
-34.74384,-0.01049106,2.431337146383359
-34.75217,-0.01047961,2.430890988965581
-34.76057,-0.01048785,2.4304412988624753
-34.76892,-0.01049493,2.4299945008358037
-34.77731,-0.01049899,2.4295457785550405
-34.78572,-0.01052021,2.429096203844566
-34.7941,-0.01052884,2.4286484490186555
-34.80234,-0.01051925,2.4282083848384906
-34.81059,-0.01050395,2.4277679953140696
-34.81891,-0.01050436,2.427324080506828
-34.82735,-0.01051333,2.4268739797888728
-34.83562,-0.01050492,2.426433156636799
-34.84395,-0.01050586,2.4259893467876057
-34.85231,-0.01053204,2.425544151879746
-34.86063,-0.0105456,2.425101299087251
-34.86891,-0.01053814,2.4246607852095177
-34.87729,-0.01054129,2.4242151640795484
-34.88562,-0.01055716,2.423772413963117
-34.89397,-0.01058382,2.4233288129725565
-34.90222,-0.01060306,2.4228907330250053
-34.91061,-0.01062098,2.422445431345943
-34.91896,-0.01065511,2.4220024651364187
-34.92725,-0.01067829,2.421562891438633
-34.93541,-0.0106802,2.42113041467096
-34.94379,-0.01069494,2.420686488214358
-34.95212,-0.01071722,2.42024542145083
-34.96045,-0.01072814,2.419804564872592
-34.96872,-0.01073149,2.4193670915034926
-34.97694,-0.01072301,2.4189324680775393
-34.98526,-0.01070785,2.4184927652388466
-34.99361,-0.0106932,2.418051687150883
-35.00183,-0.01066049,2.417617681704071
-35.01015,-0.01063595,2.417178603919149
-35.01849,-0.01063364,2.4167386800515955
-35.02678,-0.01061833,2.4163016012319716
-35.03514,-0.01059091,2.415861041228892
-35.04356,-0.01057019,2.415417531780447
-35.05197,-0.01055465,2.414974761760894
-35.06029,-0.01055128,2.414536939084075
-35.06871,-0.0105592,2.414094065621461
-35.07713,-0.01056831,2.4136514047757043
-35.08547,-0.01057041,2.4132131591795694
-35.09377,-0.01056882,2.4127772222819037
-35.10208,-0.01057578,2.4123409666891535
-35.11055,-0.01060308,2.4118965239792596
-35.11888,-0.01062671,2.411459636525994
-35.12732,-0.01064546,2.411017191177693
-35.13556,-0.01065337,2.410585435382274
-35.14394,-0.01066,2.410146551581866
-35.15225,-0.01067665,2.409711540513054
-35.16058,-0.01067456,2.4092756888538243
-35.16882,-0.01065888,2.4088447494115526
-35.17717,-0.01064021,2.408408263086542
-35.18544,-0.01062635,2.4079761628673677
-35.19379,-0.01059061,2.4075400887486116
-35.20207,-0.01057563,2.4071078746221457
-35.21047,-0.01056952,2.4066696042398754
-35.21878,-0.01055327,2.4062362353267206
-35.22705,-0.01052605,2.405805155413241
-35.23552,-0.01051437,2.4053638601048033
-35.24381,-0.01049691,2.404932148368749
-35.25218,-0.01047481,2.404496476529962
-35.26054,-0.01046627,2.4040615316725154
-35.269,-0.01048021,2.4036215940344214
-35.27739,-0.01051765,2.4031855049367317
-35.28569,-0.01053396,2.4027542978470873
-35.29404,-0.01052594,2.402320697772202
-35.30237,-0.01052769,2.401888340641152
-35.3107,-0.01054641,2.401456187501239
-35.31903,-0.01056446,2.4010242382081275
-35.32745,-0.01057046,2.4005878290111515
-35.33569,-0.01055852,2.4001609505856543
-35.34399,-0.01053952,2.3997311650439013
-35.35217,-0.01051945,2.399307790724021
-35.36047,-0.01051138,2.3988784057451724
-35.36884,-0.01051184,2.398445603531244
-35.37714,-0.01049757,2.3980166231639983
-35.38542,-0.01046664,2.397588877000753
-35.39378,-0.01047687,2.3971572010675324
-35.40221,-0.01050375,2.3967221170655733
-35.41055,-0.01051793,2.3962918819391397
-35.41892,-0.01054671,2.3958603029115513
-35.42719,-0.01055857,2.3954340804337004
-35.43552,-0.01056091,2.395004966767808
-35.44389,-0.01058023,2.3945739956872676
-35.45227,-0.01061702,2.3941427135695403
-35.46063,-0.01067023,2.393712663875402
-35.46886,-0.01068842,2.3932894995779397
-35.47717,-0.01071091,2.392862421100668
-35.4855,-0.01073013,2.3924345155063333
-35.49374,-0.01075237,2.3920114307480698
-35.50208,-0.01079206,2.391583411450822
-35.51041,-0.01084745,2.3911561060545345
-35.51875,-0.01088984,2.3907284884743976
-35.52698,-0.0108938,2.3903067077471825
-35.53525,-0.01091381,2.389883073849206
-35.54361,-0.01096423,2.389455030032121
-35.55183,-0.01099282,2.3890343506930583
-35.56017,-0.01102039,2.388607728815695
-35.56833,-0.01107478,2.3881905082414607
-35.57669,-0.01110357,2.387763260157142
-35.58502,-0.01109278,2.3873377449275
-35.59328,-0.01107628,2.386916002121749
-35.60144,-0.01097572,2.3864995573212773
-35.60973,-0.01086216,2.3860766734260555
-35.61821,-0.01081507,2.385644301047133
-35.6265,-0.01067952,2.3852218152218154
-35.63495,-0.01056488,2.3847913775661254
-35.64334,-0.01056197,2.3843641981924253
-35.65178,-0.01054905,2.383934675912395
-35.6602,-0.01050198,2.3835063740528657
-35.66869,-0.01045725,2.383074716228715
-35.67702,-0.01037914,2.38265139296948
-35.68526,-0.01032336,2.3822328378719955
-35.69377,-0.01034863,2.3818007708347984
-35.70226,-0.01042328,2.381369924480971
-35.71062,-0.01048603,2.38094587548466
-35.71895,-0.01055029,2.3805235456249414
-35.72727,-0.01058511,2.3801019193462025
-35.73549,-0.01060508,2.37968555349318
-35.74387,-0.010636,2.3792612803258293
-35.75209,-0.01063834,2.3788453010719093
-35.76042,-0.01065127,2.378423950277989
-35.76874,-0.01061814,2.378003301206584
-35.77702,-0.01061019,2.377584868722996
-35.78531,-0.01064227,2.377166124870792
-35.7937,-0.01063328,2.3767425273162597
-35.80183,-0.01062483,2.3763322461449596
-35.81038,-0.01063555,2.3759009706124314
-35.81874,-0.01062788,2.375479478060926
-35.82704,-0.01059416,2.3750612051679405
-35.83527,-0.01056847,2.374646651190294
-35.8436,-0.01054905,2.374227253958866
-35.85191,-0.01053925,2.373809057871673
-35.86028,-0.01052583,2.3733880382417536
-35.86867,-0.01051658,2.372966209786981
-35.87701,-0.01052582,2.372547090741397
-35.88532,-0.0105198,2.372129673080803
-35.89378,-0.01053197,2.371704919348143
-35.90227,-0.01056385,2.371278860640288
-35.91057,-0.01057325,2.3708625315610417
-35.91892,-0.01057483,2.3704438886247137
-35.92722,-0.01058912,2.3700279453851425
-35.93561,-0.01061174,2.3696076871938447
-35.94396,-0.01064942,2.369189627408889
-35.95213,-0.01067886,2.3687807676485373
-35.96056,-0.01071137,2.3683590911821173
-35.96884,-0.01074064,2.367945110267665
-35.97716,-0.01075703,2.367529321380565
-35.98554,-0.01080432,2.367110728364782
-35.99379,-0.01084471,2.3666988194352414
-36.00209,-0.01086382,2.3662846045882335
-36.01038,-0.01087316,2.3658710793943305
-36.01851,-0.01086604,2.3654657202643863
-36.02683,-0.01086232,2.3650510772110676
-36.03511,-0.01086687,2.3646386177258787
-36.04344,-0.01085339,2.3642238587659783
-36.05171,-0.01083476,2.3638122768656467
-36.06,-0.01078132,2.363399889073766
-36.06827,-0.01073109,2.3629886850686215
-36.07666,-0.0107046,2.362571707026094
-36.08504,-0.0106755,2.3621554195311965
-36.09331,-0.01062581,2.361744785945096
-36.10178,-0.01058079,2.3613244166908114
-36.11012,-0.01055238,2.3609106920719176
-36.11853,-0.0105287,2.360493688419767
-36.127,-0.01052218,2.3600739059429237
-36.13536,-0.01050495,2.359659768160605
-36.14371,-0.01046869,2.359246316994022
-36.15212,-0.01044246,2.358830087972711
-36.16051,-0.01044888,2.3584150417126306
-36.16895,-0.01045879,2.357997716273212
-36.17726,-0.01045484,2.3575870090769726
-36.18561,-0.01045704,2.3571745149522147
-36.19399,-0.01045356,2.3567607301654223
-36.20235,-0.0104621,2.356348123809642
-36.21074,-0.01050824,2.3559342283532456
-36.21912,-0.01052873,2.3555210176282584
-36.22739,-0.01053293,2.3551134183279556
-36.23569,-0.0105271,2.3547045274976135
-36.24399,-0.01050714,2.3542958239421212
-36.25227,-0.01049244,2.353888291684907
-36.2607,-0.01050915,2.3534735678020557
-36.26888,-0.01052461,2.353071327264586
-36.27721,-0.01051917,2.352661897097379
-36.28554,-0.01051336,2.352252654914327
-36.29381,-0.01051173,2.3518465462843388
-36.3022,-0.0105148,2.3514347339830644
-36.31061,-0.01051849,2.351022130996973
-36.319,-0.0105303,2.3506106996338003
-36.32735,-0.010558,2.3502014184904763
-36.33557,-0.01056371,2.3497986931263224
-36.34386,-0.01054686,2.349392722732258
-36.35225,-0.01056537,2.34898204375245
-36.36058,-0.01057395,2.348574489185816
-36.36887,-0.01057605,2.3481690770155903
-36.37727,-0.01059847,2.3477584739041713
-36.38567,-0.01063331,2.3473480603765164
-36.39398,-0.01065473,2.3469422305557126
-36.40215,-0.01065474,2.3465434184519323
-36.41057,-0.01068879,2.3461325900693124
-36.41884,-0.0106979,2.3457292654021926
-36.42716,-0.01067196,2.3453236870510903
-36.43552,-0.010655,2.3449163453684756
-36.44382,-0.01062295,2.344512112067286
-36.45215,-0.0106063,2.3441066027655433
-36.46037,-0.01060327,2.3437066299656313
-36.46867,-0.01060938,2.3433029474340574
-36.47713,-0.01061885,2.342891672124424
-36.48554,-0.01064251,2.342483016559437
-36.49394,-0.01067131,2.3420750349236066
-36.50232,-0.01070027,2.3416682117739365
-36.51062,-0.01072631,2.341265456461709
-36.51883,-0.01072939,2.3408672484852335
-36.52712,-0.01071745,2.3404653419158152
-36.53548,-0.01069225,2.3400602263881574
-36.54382,-0.01065259,2.3396562647254724
-36.55216,-0.01063193,2.339252487404301
-36.56046,-0.01061095,2.338850829557396
-36.56868,-0.01057056,2.338453222812527
-36.57701,-0.01054103,2.3380504776087494
-36.5854,-0.01053783,2.3376450168646508
-36.59392,-0.0105508,2.3372334639196897
-36.60228,-0.01055083,2.336829825901556
-36.61061,-0.01053949,2.3364278196948916
-36.61894,-0.01052606,2.336025996383292
-36.62727,-0.01052097,2.335624355841972
-36.63553,-0.01051892,2.335226270781397
-36.64389,-0.01050056,2.3348235490282283
-36.65227,-0.01050116,2.3344200481989246
-36.66065,-0.01052048,2.3340167318364515
-36.66898,-0.0105496,2.333616004590256
-36.67731,-0.01053438,2.333215459367113
-36.68562,-0.01049492,2.3328160570817666
-36.69391,-0.01047371,2.332417796304618
-36.70235,-0.01047,2.3320125141850587
-36.71059,-0.01046442,2.331617015689478
-36.71892,-0.01045436,2.3312173778531613
-36.72716,-0.01044236,2.330822236187062
-36.73555,-0.01044459,2.3304200835430526
-36.74394,-0.01046831,2.3300181145516783
-36.7523,-0.01049125,2.329617765418763
-36.76074,-0.01054667,2.3292137699077875
-36.76907,-0.01060135,2.3288152215979356
-36.77741,-0.01065194,2.3284163757045424
-36.78571,-0.01069188,2.328019622293548
-36.79398,-0.01070863,2.327624480961288
-36.80225,-0.01070973,2.327229517217018
-36.81058,-0.01070112,2.326831867359873
-36.81886,-0.01069483,2.3264367826706205
-36.82707,-0.01068554,2.3260452134801928
-36.83537,-0.01067249,2.3256495292432247
-36.84355,-0.01065701,2.3252597401716177
-36.85193,-0.01064739,2.3248606002453602
-36.86028,-0.01064503,2.324463069732514
-36.86868,-0.0106554,2.3240633404830335
-36.87714,-0.01066754,2.3236609400837485
-36.88547,-0.0106633,2.323264903497231
-36.89377,-0.01065042,2.3228704710849555
-36.90204,-0.01061662,2.322477640802514
-36.91039,-0.01057652,2.3220811890635673
-36.91872,-0.01055237,2.3216858655988073
-36.92706,-0.01052006,2.3212902462313547
-36.93539,-0.0104582,2.3208952795679156
-36.94382,-0.01043197,2.320495752740242
-36.95216,-0.01041066,2.3201006707050413
-36.96054,-0.0103902,2.319703873374144
-36.96899,-0.01039077,2.319303943656562
-36.97734,-0.01039649,2.318908926385727
-36.98567,-0.0104107,2.3185150329843967
-36.99416,-0.01045864,2.318113756333432
-37.00261,-0.01051654,2.317714553108551
-37.01088,-0.01054133,2.317324030123034
-37.01924,-0.01057561,2.316929434531881
-37.02757,-0.01061695,2.316536432177429
-37.03586,-0.01065368,2.3161454925037517
-37.04414,-0.01068034,2.315755199067923
-37.05237,-0.01068567,2.315367435335445
-37.06059,-0.01067167,2.314980314668493
-37.06883,-0.01066357,2.3145924244169565
-37.07719,-0.01067208,2.314199061471487
-37.08539,-0.01067283,2.3138133992928216
-37.09369,-0.01067185,2.3134232075590213
-37.10198,-0.01066194,2.313033660198189
-37.11031,-0.01064595,2.3126424085382205
-37.11862,-0.01063837,2.312252271232066
-37.12703,-0.01065021,2.311857616943774
-37.13538,-0.01067494,2.31146595510804
-37.14369,-0.01067198,2.3110763443265867
-37.15198,-0.010638,2.310687844900864
-37.16026,-0.01060306,2.310299987136796
-37.16866,-0.01058463,2.309906684825334
-37.17706,-0.01055746,2.3095135602438708
-37.18538,-0.01051111,2.309124354786747
-37.19362,-0.01046207,2.3087390633124714
-37.20198,-0.01043859,2.308348335223018
-37.21042,-0.01042461,2.307954046205337
-37.21886,-0.01040706,2.3075599360109362
-37.22717,-0.01041125,2.3071720708289134
-37.23564,-0.01041918,2.3067769158795177
-37.2441,-0.01044627,2.3063824068778676
-37.25243,-0.01048412,2.305994135147694
-37.26071,-0.01050292,2.3056083660241575
-37.26906,-0.01052124,2.305219509158535
-37.27753,-0.01056649,2.3048252419084636
-37.28574,-0.01059543,2.3044432482766872
-37.29405,-0.01062983,2.304056773131371
-37.3024,-0.01068649,2.3036686111349405
-37.31062,-0.01071592,2.3032866620817343
-37.31892,-0.01072262,2.3029011664860612
-37.32727,-0.01071452,2.302513521615698
-37.33556,-0.01068863,2.302128833744559
-37.34384,-0.01063839,2.3017447803975166
-37.35205,-0.0105453,2.301364141994884
-37.36035,-0.01046628,2.300979500995039
-37.36878,-0.01039828,2.30058901039852
-37.37723,-0.01036083,2.300197770139735
-37.38557,-0.01038665,2.299811796369562
-37.39404,-0.01043644,2.299419982435704
-37.40241,-0.01048045,2.2990329687311593
-37.41075,-0.01051558,2.2986475144176475
-37.41917,-0.01057129,2.2982585370012214
-37.4274,-0.0105978,2.297878506121184
-37.43559,-0.0106055,2.2975004881718175
-37.44391,-0.01061519,2.297116639261231
-37.45227,-0.01066093,2.2967311166986675
-37.4606,-0.01070125,2.296347148737607
-37.46886,-0.01069866,2.2959665759780257
-37.47711,-0.01067888,2.2955866314131477
-37.48541,-0.01067261,2.2952045529180554
-37.49376,-0.01065085,2.2948203434384813
-37.50205,-0.01061945,2.2944390639978347
-37.51036,-0.01063531,2.2940570338434503
-37.51875,-0.01065369,2.2936714975845414
-37.5271,-0.01064367,2.293287970559942
-37.53545,-0.0106185,2.2929046141714036
-37.54385,-0.01062592,2.292519134292301
-37.55209,-0.01060447,2.292141164446506
-37.56044,-0.01058336,2.2917583180601717
-37.56873,-0.01055826,2.291378391018275
-37.57703,-0.01054587,2.290998173618298
-37.58537,-0.01055421,2.2906162929884686
-37.59384,-0.01056876,2.2902286332016097
-37.6022,-0.01057325,2.289846179212918
-37.61049,-0.01056496,2.2894670954832015
-37.61879,-0.01055244,2.289087721853893
-37.62715,-0.01052877,2.288705774952395
-37.6355,-0.01051849,2.2883244543051107
-37.64388,-0.01051511,2.2879419337220286
-37.65233,-0.01052051,2.2875563902685436
-37.66049,-0.0105069,2.287184242690416
-37.66876,-0.01049438,2.2868072429249064
-37.67717,-0.01049626,2.286424030785752
-37.6855,-0.0105145,2.2860446325509813
-37.6938,-0.01053656,2.2856667674790017
-37.70224,-0.01056573,2.285282699383379
-37.71069,-0.01061193,2.2848983484523884
-37.71899,-0.01063788,2.28452098796919
-37.7274,-0.01066302,2.284138795676352
-37.73564,-0.01068887,2.283764494255298
-37.74394,-0.01069757,2.2833876325577034
-37.75227,-0.01071007,2.2830095753182524
-37.7605,-0.01072261,2.2826362203890307
-37.76878,-0.01072143,2.2822607614013477
-37.77704,-0.01071302,2.2818863733103494
-37.78537,-0.01070412,2.2815089782103497
-37.7937,-0.01069873,2.2811317494714727
-37.80202,-0.01068629,2.280755139540162
-37.8103,-0.01066986,2.2803805047830883
-37.81868,-0.01065938,2.280001512480076
-37.82703,-0.01062559,2.279624043970674
-37.8353,-0.01060373,2.2792503561488875
-37.84364,-0.01059542,2.2788736707145505
-37.85202,-0.01058052,2.2784953458230235
-37.86037,-0.01057674,2.2781185418948624
-37.86876,-0.01057833,2.2777401002831885
-37.87711,-0.01056141,2.2773636293793267
-37.88544,-0.01055644,2.2769882255557805
-37.8938,-0.01057906,2.2766116356765487
-37.90239,-0.01061255,2.2762248581158078
-37.91052,-0.01062706,2.2758589541900243
-37.91888,-0.0106351,2.2754828623630234
-37.92726,-0.01066379,2.275106037188028
-37.9355,-0.01066216,2.2747356697552426
-37.94383,-0.01066388,2.2743614205524323
-37.95227,-0.01069663,2.2739823968368693
-37.9605,-0.01069517,2.2736129661095084
-37.96874,-0.01064946,2.2732432469447237
-37.97714,-0.0106239,2.2728665139081037
-37.98535,-0.01061765,2.2724984632233216
-37.99364,-0.01059738,2.2721269875694987
-38.00192,-0.0105832,2.2717561217959514
-38.01035,-0.01058796,2.2713787034320916
-38.01866,-0.01058045,2.271006821387182
-38.02699,-0.01057423,2.2706342074405574
-38.03539,-0.01058928,2.270258627557125
-38.04395,-0.01063124,2.2698760643939444
-38.05222,-0.01064047,2.2695066253690324
-38.06056,-0.01062365,2.269134221882179
-38.06888,-0.01061332,2.268762874032543
-38.07713,-0.0105966,2.268394810743352
-38.08551,-0.01060097,2.2680211109159365
-38.09381,-0.0106146,2.267651140697137
-38.10213,-0.0106333,2.267280440752262
-38.1104,-0.0106417,2.266912128972669
-38.11867,-0.01064281,2.2665439770065428
-38.12711,-0.01066207,2.2661684218919294
-38.13544,-0.01067777,2.2657979244503275
-38.14392,-0.01069814,2.265420921604282
-38.15219,-0.01072045,2.2650534163307534
-38.16054,-0.01071452,2.264682517595401
-38.16876,-0.0106913,2.2643175518408247
-38.177,-0.01066572,2.263951855829426
-38.18529,-0.01063431,2.263584100055283
-38.19368,-0.01060709,2.2632120706881347
-38.20198,-0.01057869,2.26284419289262
-38.21037,-0.0105676,2.262472488489381
-38.21869,-0.01056673,2.2621040464756903
-38.22699,-0.01054013,2.261736649942881
-38.23544,-0.0105326,2.2613627775697105
-38.24379,-0.01053539,2.260993492015305
-38.2522,-0.0105301,2.2606217158751654
-38.26064,-0.01052465,2.260248777856303
-38.26901,-0.01052653,2.259879095382922
-38.27741,-0.01053037,2.259508250427602
-38.28568,-0.01051084,2.259143303710421
-38.29396,-0.01049911,2.258778073617876
-38.30241,-0.0105059,2.2584055076429914
-38.3107,-0.01049282,2.2580401558833434
-38.31897,-0.01046913,2.2576758430615436
-38.32736,-0.01045829,2.2573064046153974
-38.33574,-0.01046086,2.256937567919649
-38.34407,-0.01044997,2.2565710916968387
-38.35243,-0.0104487,2.2562034556871624
-38.36076,-0.01045405,2.2558372983225565
-38.36902,-0.01042978,2.255474374899333
-38.3774,-0.01041731,2.255106338626379
-38.38574,-0.01048405,2.2547402186332737
-38.3941,-0.01057579,2.2543733802849917
-38.40247,-0.01059979,2.254006263138803
-38.41075,-0.01060651,2.2536432509128304
-38.41911,-0.01065618,2.25327689006851
-38.42749,-0.01073491,2.252909812740827
-38.43572,-0.01074872,2.252549461802719
-38.44373,-0.01067745,2.252198891730849
-38.45213,-0.01068309,2.2518314095994163
-38.46054,-0.01075442,2.251463650796375
-38.46884,-0.01078235,2.251100859812773
-38.47705,-0.01078721,2.2507421566882075
-38.48532,-0.01076306,2.2503809868282243
-38.49376,-0.01075836,2.2500125526838635
-38.50215,-0.01077364,2.249646461301512
-38.51032,-0.01075186,2.249290122751512
-38.51857,-0.01071452,2.248930448352574
-38.5269,-0.01066941,2.2485674424882354
-38.53526,-0.01067137,2.2482032870674806
-38.54372,-0.01069922,2.2478349365344084
-38.55203,-0.01068439,2.247473274429388
-38.56035,-0.01066682,2.2471113332736867
-38.56873,-0.0106373,2.246746939813678
-38.57706,-0.01060446,2.2463848774375235
-38.58537,-0.01057581,2.2460238401238604
-38.59367,-0.01058595,2.2456633924682468
-38.60211,-0.01060369,2.2452970239191585
-38.61041,-0.01059654,2.2449368887820667
-38.61885,-0.01061967,2.244570837816248
-38.62726,-0.01067375,2.2442062470907853
-38.63561,-0.01071829,2.243844414518109
-38.64386,-0.01071749,2.2434870688383617
-38.65212,-0.01070349,2.2431294428352184
-38.6604,-0.01070601,2.242771104282418
-38.66882,-0.01072715,2.2424068642384225
-38.67711,-0.01074449,2.2420484027891434
-38.68541,-0.01074875,2.241689662847053
-38.69359,-0.01074465,2.2413362600885574
-38.70189,-0.01071881,2.240977825630738
-38.71034,-0.01072326,2.2406130713395953
-38.7187,-0.01074569,2.240252358679398
-38.72701,-0.0107496,2.2398939577313093
-38.73534,-0.01074881,2.239534848538828
-38.74368,-0.01075468,2.2391754629400205
-38.75201,-0.01075226,2.238816662671175
-38.76025,-0.01071902,2.238461890725679
-38.76868,-0.01070293,2.2380990944236427
-38.77702,-0.01070855,2.237740326616125
-38.78529,-0.01067737,2.2373847224037773
-38.79364,-0.01065304,2.23702583206938
-38.802,-0.01065517,2.236666666666667
-38.81029,-0.01063686,2.2363106614251014
-38.81867,-0.01061096,2.2359509457691367
-38.8271,-0.01061304,2.235589240504699
-38.8355,-0.01061944,2.2352289786406767
-38.84377,-0.01059247,2.234874444473335
-38.85211,-0.01057453,2.2345170622650867
-38.86058,-0.01059447,2.2341542663542335
-38.8689,-0.01059562,2.2337980493402183
-38.87714,-0.0105681,2.2334454077640484
-38.88547,-0.010572,2.2330890664302117
-38.89386,-0.01059269,2.2327303127023135
-38.90222,-0.01058262,2.232372995679938
-38.91052,-0.01058333,2.232018395025304
-38.91896,-0.0105941,2.2316579682499227
-38.92729,-0.01059777,2.2313023922292046
-38.93558,-0.01058159,2.230948674708326
-38.94392,-0.01057051,2.2305929757456364
-38.95227,-0.01057571,2.2302370028755707
-38.96059,-0.01057447,2.229882460712222
-38.96881,-0.01056181,2.229532328546856
-38.97734,-0.01057883,2.2291691480229283
-38.9855,-0.01059062,2.2288218696694924
-38.99387,-0.01060157,2.2284658050098645
-39.00229,-0.01063889,2.2281077675182663
-39.01064,-0.01066309,2.227752859219946
-39.01903,-0.01067165,2.227396403754783
-39.02736,-0.01069571,2.227042649054407
-39.03565,-0.0107093,2.2266907429490734
-39.04393,-0.01071189,2.2263394105050387
-39.05225,-0.01072317,2.225986530865699
-39.06052,-0.01072826,2.2256359208735574
-39.06877,-0.01072833,2.2252863066843416
-39.07704,-0.01073054,2.2249359931049026
-39.08534,-0.01074511,2.2245845577907213
-39.09377,-0.01077329,2.2242277708187266
-39.10204,-0.01078901,2.223877905091397
-39.11035,-0.01079239,2.2235264961832355
-39.11876,-0.01081186,2.2231710105330538
-39.12703,-0.01081555,2.2228215916209333
-39.13539,-0.01082186,2.222468520180839
-39.14374,-0.01082614,2.222116021616739
-39.15196,-0.01080686,2.2217691579169982
-39.16031,-0.01077228,2.2214169576287826
-39.16856,-0.01074213,2.2210691227862345
-39.17685,-0.01070454,2.2207197490354633
-39.18524,-0.01066423,2.2203663113968424
-39.19354,-0.01062396,2.2200168139953678
-39.20189,-0.01059523,2.2196653605221583
-39.21027,-0.01058009,2.2193127948366587
-39.21861,-0.0105652,2.218962061633495
-39.22705,-0.01055996,2.218607274826937
-39.2354,-0.01055921,2.2182564214969136
-39.24379,-0.01054715,2.2179040378108232
-39.25223,-0.01054754,2.2175497060931315
-39.26062,-0.01055668,2.217197624489883
-39.26892,-0.01054447,2.2168494677215467
-39.27722,-0.0105236,2.216501458097085
-39.28557,-0.01048268,2.216151500410965
-39.2939,-0.01043908,2.215802529145745
-39.30219,-0.01041489,2.215455380476253
-39.31056,-0.01042492,2.2151050303022903
-39.31897,-0.0104466,2.2147531560465596
-39.32729,-0.01046907,2.2144051954762203
-39.33562,-0.01051365,2.214056964145983
-39.34412,-0.01058492,2.213701778054764
-39.35246,-0.01065296,2.213353426952216
-39.36073,-0.01069573,2.2130081454281973
-39.369,-0.01072179,2.212663008966446
-39.3773,-0.01075052,2.212316766258733
-39.38554,-0.0107592,2.2119731708642307
-39.39381,-0.01075119,2.211628469041202
-39.4021,-0.01072675,2.211283078820672
-39.41037,-0.01069741,2.2109386666504274
-39.41872,-0.01068565,2.2105910694208233
-39.42703,-0.01067975,2.210245283502206
-39.43539,-0.01066748,2.209897564091543
-39.44373,-0.01065173,2.2095508234135055
-39.45213,-0.01064853,2.209201736382801
-39.46056,-0.01065597,2.2088515520306857
-39.46887,-0.01066829,2.2085064989192746
-39.4772,-0.01069666,2.208160761148207
-39.48549,-0.01068599,2.207816828409626
-39.49382,-0.01067481,2.2074713815984373
-39.50215,-0.01065898,2.207126080479164
-39.5105,-0.01065306,2.206780096430063
-39.51889,-0.01065653,2.20643260223149
-39.52713,-0.01065646,2.2060914642677067
-39.53537,-0.01064084,2.2057504685045317
-39.54375,-0.01063735,2.205403824877509
-39.55211,-0.01061538,2.205058154925237
-39.56047,-0.01060265,2.2047126310683365
-39.5688,-0.0105938,2.204368492347506
-39.57723,-0.01057289,2.2040203697934393
-39.58566,-0.01057221,2.2036723955088786
-39.59392,-0.01056343,2.203331582222725
-39.60217,-0.01053868,2.202991323455255
-39.61054,-0.01051157,2.202646260313543
-39.61881,-0.01050012,2.2023054629858896
-39.62729,-0.01048893,2.20195615950523
-39.63554,-0.01047027,2.2016164734982797
-39.64406,-0.01049193,2.201265818889387
-39.65242,-0.01052036,2.200921895813673
-39.6608,-0.01054034,2.2005772954655476
-39.66904,-0.01058052,2.2002385941278133
-39.67741,-0.01063821,2.199894693227204
-39.68581,-0.01069388,2.1995497055496664
-39.69409,-0.01070608,2.1992097891650872
-39.70241,-0.01068416,2.1988683734816097
-39.71071,-0.01068158,2.198527921057065
-39.71898,-0.01065314,2.19818884070034
-39.72714,-0.01062711,2.1978544088499703
-39.73544,-0.0106152,2.197514380110048
-39.74378,-0.0106236,2.1971728557273615
-39.75226,-0.01065584,2.196825745253226
-39.76064,-0.01068026,2.1964828735151145
-39.76901,-0.01070445,2.1961405551709734
-39.77731,-0.01070467,2.195801241964326
-39.78557,-0.01067245,2.195463704554189
-39.79381,-0.01067085,2.195127124042659
-39.80214,-0.0106884,2.1947870089397203
-39.81052,-0.010666,2.1944449959457955
-39.8188,-0.01063236,2.194107205641556
-39.82712,-0.01062803,2.193767924971728
-39.83554,-0.01066098,2.193424710698035
-39.84384,-0.0106598,2.1930865298123874
-39.85204,-0.0106409,2.1927525617258237
-39.86043,-0.01064119,2.1924109975732824
-39.86887,-0.01065433,2.1920675429225858
-39.87721,-0.01066055,2.191728300450307
-39.88561,-0.0106695,2.191386760789167
-39.89385,-0.0106672,2.1910518663904335
-39.90212,-0.01066706,2.1907158917872036
-39.91051,-0.01068307,2.190375184381257
-39.91881,-0.01069211,2.19003827268398
-39.92711,-0.01066706,2.1897015010603074
-39.93544,-0.01063069,2.1893636529358385
-39.94385,-0.01063333,2.189022703119504
-39.95224,-0.01061714,2.18868270715234
-39.96051,-0.01059831,2.1883477137804297
-39.96881,-0.01058885,2.1880116445798614
-39.97708,-0.01056349,2.1876769288802485
-39.98538,-0.01052969,2.187341138186007
-39.99371,-0.01053174,2.1870042739220743
-40.00232,-0.01056492,2.1866562339384314
-40.01061,-0.01057695,2.186321270782925
-40.019,-0.01059271,2.185982408356031
-40.02741,-0.01061443,2.185642880715989
-40.03572,-0.01063441,2.185307530375375
-40.04401,-0.01064881,2.1849731258183183
-40.05248,-0.01066833,2.1846316033364226
-40.06078,-0.01068925,2.1842970755936353
-40.06899,-0.01070666,2.183966311604061
-40.07736,-0.01071824,2.1836292410478135
-40.08563,-0.01069645,2.1832963358689885
-40.09396,-0.01066506,2.1829611542486695
-40.1023,-0.01065697,2.182625709747321
-40.1105,-0.01064229,2.182296032211017
-40.11887,-0.0106431,2.1819596588837125
-40.12727,-0.01064321,2.1816222209983382
-40.13547,-0.0106027,2.181292953589431
-40.1438,-0.01056454,2.1809586038192696
-40.15224,-0.010556,2.18061998035477
-40.16069,-0.01056999,2.180281098258023
-40.16904,-0.01058281,2.179946366654518
-40.17735,-0.01057073,2.179613376691096
-40.18556,-0.01053829,2.179284529069646
-40.19391,-0.01051799,2.1789502116116597
-40.20229,-0.01051868,2.1786148326376433
-40.21068,-0.01052504,2.178279193487899
-40.21906,-0.0105311,2.1779440941682875
-40.22743,-0.0105345,2.177609534091539
-40.23567,-0.01052008,2.1772803062556183
-40.244,-0.01052544,2.1769476195209223
-40.25247,-0.01054152,2.1766094825982107
-40.2607,-0.01054905,2.1762810631707845
-40.2691,-0.01055453,2.1759459982964606
-40.27742,-0.01056337,2.1756142622839296
-40.28578,-0.01057197,2.175281069399674
-40.29413,-0.01058959,2.174948413081508
-40.30252,-0.01061972,2.174614302033719
-40.31073,-0.01064665,2.174287493677242
-40.31905,-0.01067714,2.173956442426099
-40.32744,-0.01070883,2.173622744215849
-40.33571,-0.0107313,2.1732939546620105
-40.34406,-0.01074918,2.172962121313522
-40.35237,-0.01077126,2.172632013931276
-40.36075,-0.01080082,2.1722992635171545
-40.36897,-0.0108074,2.17197300054968
-40.37729,-0.01078747,2.171642903721374
-40.38551,-0.01076652,2.17131690797021
-40.39374,-0.01074503,2.1709906485509882
-40.40207,-0.01071539,2.17066056021387
-40.41034,-0.01069146,2.170332984082787
-40.41872,-0.01067037,2.1700011875685328
-40.42702,-0.01065616,2.169672694153564
-40.43533,-0.01063795,2.1693439400642953
-40.44373,-0.01063719,2.1690117627627323
-40.45212,-0.0105987,2.1686801186192466
-40.46051,-0.01060642,2.1683486120170015
-40.46883,-0.01063202,2.1680200070029207
-40.47731,-0.01067283,2.1676852216711042
-40.48564,-0.01070698,2.1673564947966737
-40.49403,-0.01076253,2.1670255368507405
-40.50234,-0.01079735,2.1666978698020904
-40.51064,-0.01080229,2.166370731244927
-40.51889,-0.01075571,2.166045696217246
-40.52716,-0.01068153,2.1657200060403934
-40.53549,-0.01063939,2.1653920872795664
-40.54372,-0.01059033,2.1650682374483643
-40.55199,-0.0105236,2.164742946030515
-40.56038,-0.01047741,2.164413070094511
-40.56882,-0.01046377,2.164081365935711
-40.57733,-0.01047131,2.1637470503850302
-40.58574,-0.01047164,2.1634168010734802
-40.59406,-0.01048841,2.1630902205889235
-40.60246,-0.0105303,2.162760635685621
-40.61079,-0.01057068,2.1624339319673416
-40.61913,-0.0106183,2.162106970287153
-40.62746,-0.01066787,2.1617805346433174
-40.63585,-0.01069409,2.1614518830047853
-40.64414,-0.01074424,2.1611272818172558
-40.65231,-0.01075727,2.160807508847591
-40.66058,-0.01076691,2.16048395276211
-40.66882,-0.01078564,2.1601617012738505
-40.67714,-0.01078592,2.159836453595312
-40.68543,-0.01079704,2.1595125109898063
-40.69382,-0.01079867,2.159184795135969
-40.70201,-0.01075576,2.1588650216537215
-40.71034,-0.0107361,2.158539913938326
-40.71866,-0.01069676,2.158215329286376
-40.72688,-0.01064618,2.1578947761281984
-40.73528,-0.01063884,2.1575673372074524
-40.74358,-0.01062762,2.1572439289821856
-40.75201,-0.01061834,2.1569155901757977
-40.76042,-0.01061735,2.1565881656764083
-40.76888,-0.01061666,2.1562589308315556
-40.77722,-0.01057186,2.155934499703511
-40.78546,-0.01049208,2.155614088942481
-40.79379,-0.0104481,2.1552903101182803
-40.80216,-0.01045774,2.1549651096902713
-40.81055,-0.01044321,2.154639266072131
-40.81902,-0.01046227,2.1543104513533153
-40.82742,-0.01053396,2.153984488855774
-40.83579,-0.01060381,2.1536598238946767
-40.84398,-0.01064932,2.1533422697788023
-40.85242,-0.01077301,2.153015155528118
-40.8607,-0.0108927,2.152694373811511
-40.869,-0.01092373,2.152372947710979
-40.87724,-0.01092361,2.1520539742898492
-40.88551,-0.01088457,2.1517339688315005
-40.8936,-0.01080508,2.151421053661209
-40.9019,-0.01076495,2.1511001444920654
-40.91028,-0.01077236,2.1507762743251817
-40.91873,-0.01075302,2.150449833120432
-40.92712,-0.01074455,2.150125843206167
-40.93547,-0.01074359,2.1498035297994624
-40.9437,-0.01070279,2.149485977085608
-40.95203,-0.01068704,2.1491646958648936
-40.96048,-0.01073505,2.148838919856408
-40.9688,-0.0107932,2.1485182870867585
-40.97717,-0.01084563,2.1481958588160186
-40.98552,-0.01085236,2.147874332203178
-40.99379,-0.01081075,2.1475560151915696
-41.00203,-0.01080965,2.14723898060657
-41.0103,-0.0107958,2.1469209198664725
-41.01865,-0.01078774,2.1465999124788357
-41.02689,-0.01077578,2.146283262026442
-41.03523,-0.01076038,2.145962898221845
-41.04367,-0.01076159,2.1456388256703165
-41.05211,-0.01077807,2.1453148863724665
-41.06049,-0.01077132,2.14499338171561
-41.0687,-0.01073268,2.144678526469063
-41.07712,-0.01069431,2.144355748406899
-41.08547,-0.0106719,2.144035784426952
-41.09375,-0.0106623,2.1437186311787073
-41.10213,-0.01066022,2.143397777682081
-41.11047,-0.01065209,2.1430785855768617
-41.11879,-0.01063964,2.1427602879364884
-41.12718,-0.01065472,2.1424394427237656
-41.13553,-0.01066794,2.1421202571110665
-41.14398,-0.01069417,2.1417973808075934
-41.15236,-0.01074406,2.141477310171276
-41.16065,-0.01078398,2.1411608052836875
-41.16895,-0.01079381,2.140844046301885
-41.17726,-0.01081759,2.1405270336102986
-41.18567,-0.01084127,2.1402063363300874
-41.19386,-0.01084017,2.139894154128795
-41.20221,-0.01084037,2.139576000898981
-41.21053,-0.01085246,2.139259118967895
-41.21881,-0.01084994,2.138943887511551
-41.22698,-0.01080934,2.138632968022397
-41.23526,-0.01078258,2.138317988051973
-41.24365,-0.01077373,2.1379989525660315
-41.25189,-0.01073757,2.1376857472469744
-41.26029,-0.01071981,2.137366589037547
-41.26868,-0.01070605,2.1370479404720477
-41.27704,-0.0106943,2.1367305601370643
-41.28534,-0.01068431,2.136415584805648
-41.29376,-0.01066773,2.1360961849925992
-41.30219,-0.01064667,2.1357765363047334
-41.31044,-0.01061225,2.1354638391651117
-41.31886,-0.01058939,2.1351448273258264
-41.32729,-0.01058404,2.134825566834893
-41.33562,-0.0105842,2.134510221450652
-41.34401,-0.01059601,2.134192733119018
-41.35228,-0.01059992,2.133879911821065
-41.36064,-0.01061296,2.1335638133259063
-41.36908,-0.01064685,2.1332448195608897
-41.37746,-0.01068337,2.1329282222736725
-41.38583,-0.01070724,2.132612130770363
-41.39418,-0.01072862,2.132296921934436
-41.40251,-0.01073829,2.1319825947750513
-41.41078,-0.01074336,2.1316706567710146
-41.41907,-0.01076425,2.1313580894018145
-41.42729,-0.01076289,2.1310482848383274
-41.43559,-0.01074916,2.13073558986369
-41.44382,-0.0107477,2.130425655743124
-41.45218,-0.01075496,2.1301109519451087
-41.46054,-0.01076106,2.129796375059273
-41.46887,-0.01075848,2.1294830531914664
-41.47723,-0.01076057,2.1291687294450474
-41.4855,-0.0107515,2.128857914210989
-41.49381,-0.01073882,2.1285457204339635
-41.50221,-0.01074674,2.12823027255657
-41.51053,-0.01074735,2.127917954793639
-41.51883,-0.01075456,2.127606512514924
-41.52715,-0.01076367,2.127294444718696
-41.53554,-0.01077733,2.12697987795512
-41.54392,-0.01078133,2.1266658129516904
-41.5522,-0.0107516,2.126355620159703
-41.56053,-0.01070669,2.1260436789424966
-41.56882,-0.01064535,2.1257333597633994
-41.57709,-0.01056504,2.125423912544144
-41.58543,-0.0105143,2.125111970707048
-41.59377,-0.01048255,2.1248001539653654
-41.60219,-0.0104838,2.1244854730003397
-41.61067,-0.0105065,2.124168678370235
-41.61905,-0.0105055,2.1238557463469254
-41.62759,-0.01054773,2.1235369691111114
-41.63593,-0.0106049,2.123225783596043
-41.64424,-0.01063863,2.122915841422487
-41.65254,-0.01066268,2.122606395672389
-41.66074,-0.01067774,2.1223007992656875
-41.66914,-0.01073694,2.1219878739997995
-41.67749,-0.01079645,2.121676936399001
-41.68568,-0.01081479,2.1213720778934158
-41.694,-0.01085049,2.1210625029980332
-41.70227,-0.01086261,2.1207549109436967
-41.71057,-0.01089302,2.12044632571552
-41.71878,-0.01090244,2.120141207389094
-41.72707,-0.01090962,2.119833237751896
-41.73543,-0.01092764,2.119522791546655
-41.74364,-0.01093263,2.119218036567966
-41.75191,-0.01091315,2.118911175560591
-41.7603,-0.01089803,2.118599986111211
-41.76856,-0.01087364,2.118293740555097
-41.77681,-0.01085218,2.1179879866366056
-41.78519,-0.01083994,2.1176775383814217
-41.79353,-0.01083851,2.117368695585178
-41.80185,-0.01084138,2.1170607162123205
-41.81015,-0.01085406,2.1167535993054316
-41.81856,-0.01087073,2.1164425365196697
-41.82695,-0.01088121,2.1161323381217136
-41.83534,-0.01087897,2.115822264143186
-41.84369,-0.010854,2.1155137919241827
-41.85205,-0.01084233,2.1152050735865986
-41.86034,-0.01083442,2.114899061976085
-41.86864,-0.01082418,2.1145928026322327
-41.87694,-0.01079928,2.1142866646894447
-41.88524,-0.01077467,2.113980648075551
-41.89354,-0.01074913,2.1136747527184383
-41.90193,-0.01074227,2.113365663586379
-41.91032,-0.01076967,2.113056698207029
-41.91884,-0.01079745,2.112743072088827
-41.92716,-0.01079281,2.1124369310966924
-41.93547,-0.01080219,2.112131279320346
-41.94377,-0.01081526,2.111826116250399
-41.95219,-0.01084811,2.111516664565068
-41.96047,-0.01089125,2.1112124792691787
-41.96886,-0.01095232,2.110904375291585
-41.97714,-0.01098095,2.11060043156823
-41.98541,-0.01098281,2.110296974591888
-41.9937,-0.01102219,2.1099929036974596
-42.00198,-0.01103366,2.1096893194082753
-42.01025,-0.01096418,2.1093862212198213
-42.01854,-0.01089417,2.109082509768307
-42.02693,-0.01086374,2.108775256722297
-42.0351,-0.01078889,2.108476178241517
-42.04344,-0.01067742,2.108170996474123
-42.0519,-0.01066059,2.107861547278482
-42.06035,-0.01068045,2.107552588126347
-42.06874,-0.01066426,2.107245945564331
-42.07709,-0.0106359,2.106940886358824
-42.08553,-0.01062028,2.106632662105004
-42.09384,-0.01062068,2.106329306140756
-42.1022,-0.01064374,2.106024245763879
-42.11055,-0.01067967,2.105719671198785
-42.11893,-0.01071837,2.1054141237681017
-42.1273,-0.01076573,2.1051090622945217
-42.13574,-0.01086224,2.1048015722519646
-42.14394,-0.01087114,2.1045029439582534
-42.15221,-0.01086205,2.104201884076778
-42.16054,-0.01087356,2.1038987593612415
-42.16884,-0.01089373,2.103596845443223
-42.17712,-0.01091256,2.1032957774262444
-42.18553,-0.01091435,2.10299010347861
-42.1936,-0.01087566,2.102696901899814
-42.20198,-0.0108651,2.1023925559890793
-42.21036,-0.01087876,2.102088330921603
-42.21872,-0.01087359,2.1017849522676197
-42.22702,-0.01088259,2.1014838698065836
-42.23532,-0.01087006,2.101182905681785
-42.2437,-0.01087031,2.1008791606795807
-42.25205,-0.01085232,2.100576622909421
-42.2603,-0.01080376,2.1002778257608203
-42.26862,-0.0107746,2.099976611490983
-42.27701,-0.01077701,2.099672983023161
-42.28526,-0.01079056,2.099374538550786
-42.29356,-0.01079368,2.099074402816883
-42.30194,-0.01080673,2.098771493695088
-42.31021,-0.01080758,2.0984726783440686
-42.3187,-0.01084405,2.0981660353460763
-42.3271,-0.01089436,2.0978627640447844
-42.33545,-0.01093449,2.09756141720473
-42.34372,-0.01097053,2.09726307466609
-42.35201,-0.01097583,2.0969641275585267
-42.36026,-0.01095605,2.096666739061564
-42.36855,-0.01093741,2.09636802533955
-42.37686,-0.010918,2.0960687082525697
-42.38521,-0.01088433,2.0957680686258247
-42.39349,-0.01080186,2.095470066276685
-42.4018,-0.010749,2.0951711012268346
-42.41023,-0.01075631,2.0948679387025253
-42.41855,-0.01075929,2.094568850184648
-42.42699,-0.01076413,2.0942655677435518
-42.43536,-0.01077655,2.0939649198215826
-42.44386,-0.01081508,2.0936597236914833
-42.45229,-0.01085473,2.09335716165135
-42.4605,-0.01087006,2.0930626111326998
-42.46881,-0.01087964,2.0927645888829947
-42.4771,-0.01089055,2.0924674000814556
-42.48541,-0.01090113,2.0921696106969425
-42.49371,-0.01089577,2.0918722959233262
-42.50206,-0.01089744,2.091573307270283
-42.51039,-0.01089673,2.091275151792303
-42.5186,-0.01086477,2.0909814057847624
-42.52693,-0.01084233,2.090683482207627
-42.53531,-0.01086036,2.0903838881155443
-42.54363,-0.01085012,2.0900865558486665
-42.552,-0.01085903,2.0897875540515134
-42.56029,-0.01085689,2.089491526021087
-42.56863,-0.01084392,2.0891938288829124
-42.577,-0.01085076,2.088895178147826
-42.58531,-0.01085178,2.0885987844165044
-42.59357,-0.01084048,2.0883042886520196
-42.6019,-0.0108367,2.0880074128149215
-42.61034,-0.01084228,2.0877067350319196
-42.61862,-0.01084406,2.0874118730263906
-42.62698,-0.0108342,2.087114278327951
-42.63522,-0.01082311,2.0868210695289013
-42.64362,-0.01082892,2.0865222839899613
-42.65205,-0.01085952,2.0862225496781512
-42.66039,-0.01086972,2.0859261319458167
-42.66875,-0.01085137,2.085629119671891
-42.67705,-0.01086164,2.085334354178651
-42.68538,-0.01088471,2.0850386385221356
-42.69371,-0.01088997,2.0847430382602026
-42.70209,-0.01089622,2.0844457800543252
-42.71043,-0.01089854,2.084150056555272
-42.71874,-0.01089735,2.0838555116560085
-42.72701,-0.01088497,2.083562498288553
-42.73532,-0.01086894,2.0832681819160355
-42.74376,-0.01087993,2.0829693784543055
-42.75205,-0.01088541,2.082676000332148
-42.76027,-0.01086159,2.0823852117865487
-42.76863,-0.01085137,2.0820895852871604
-42.77695,-0.01085256,2.081795487990612
-42.78534,-0.01086468,2.0814990321451226
-42.79367,-0.01088485,2.0812048113657933
-42.80203,-0.01091387,2.0809096461079064
-42.81041,-0.01095965,2.0806138904065623
-42.81874,-0.01099944,2.08032001408729
-42.82701,-0.0110146,2.0800283676119347
-42.83536,-0.01101485,2.0797340141415877
-42.8437,-0.01102366,2.0794401277200616
-42.85201,-0.01102664,2.079147412221737
-42.86028,-0.01101143,2.0788562183914805
-42.86853,-0.01098063,2.0785658407227867
-42.87672,-0.01095176,2.078277685419967
-42.88506,-0.01092575,2.0779843656508814
-42.89328,-0.01089839,2.0776953779240013
-42.90175,-0.01089129,2.077397716876351
-42.9101,-0.01088737,2.077104388011214
-42.91846,-0.01088459,2.076810822196323
-42.92685,-0.01090063,2.076516317875642
-42.93527,-0.01091095,2.076220876216686
-42.94365,-0.01092402,2.0759269531118107
-42.95195,-0.01094011,2.0756359490081357
-42.96033,-0.01094979,2.0753422541214186
-42.96866,-0.01094355,2.0750504251237993
-42.97696,-0.01093332,2.0747597596479603
-42.98537,-0.01092446,2.0744653564689566
-42.99361,-0.01090602,2.074177016072854
-43.00191,-0.01090524,2.073886687823866
-43.01025,-0.01091167,2.073595073267419
-43.01851,-0.01089367,2.073306367421838
-43.02681,-0.01088563,2.0730163751391286
-43.03523,-0.01090423,2.0727223044933187
-43.04359,-0.01091027,2.0724304431856173
-43.05199,-0.01090514,2.072137299576628
-43.06039,-0.01091707,2.071844270337542
-43.06868,-0.01093252,2.0715551904539447
-43.07698,-0.01093151,2.071265873327239
-43.0853,-0.01092622,2.0709759709227975
-43.09358,-0.01093625,2.070687573415808
-43.10198,-0.01095093,2.0703951094590085
-43.11028,-0.01093046,2.0701062391615177
-43.11855,-0.01092238,2.069818523582078
-43.12706,-0.01092316,2.0695225735304006
-43.13536,-0.0109178,2.0692340390806985
-43.14363,-0.01086876,2.0689466579423197
-43.15198,-0.01083202,2.06865660857277
-43.16025,-0.01078044,2.06836944874045
-43.16859,-0.01069444,2.0680799697187235
-43.17697,-0.01066195,2.0677892149449115
-43.18538,-0.01064317,2.0674975327298264
-43.19377,-0.01060041,2.0672066573489647
-43.20218,-0.01056065,2.0669152019643455
-43.21054,-0.01053016,2.0666255918116274
-43.21903,-0.01055581,2.0663315928191817
-43.22745,-0.01056579,2.066040131906925
-43.23572,-0.01052091,2.0657539737975914
-43.24416,-0.01053028,2.0654620462046203
-43.2525,-0.01058065,2.065173689382117
-43.2609,-0.01062469,2.06488337043381
-43.26912,-0.01063609,2.064599381729973
-43.27756,-0.01069936,2.0643079046046036
-43.28584,-0.0107846,2.064022063566284
-43.29413,-0.01087003,2.063735986841634
-43.30245,-0.0109691,2.063448984988147
-43.31068,-0.01106396,2.0631651962056474
-43.31896,-0.01110866,2.0628797921279736
-43.32716,-0.01111054,2.0625972530855936
-43.3354,-0.01110465,2.062313443512694
-43.34361,-0.01115194,2.0620307745478517
-43.35188,-0.01119694,2.061746148033257
-43.36023,-0.01119131,2.0614588783315955
-43.36856,-0.01114018,2.0611724069233563
-43.3768,-0.01111248,2.0608891388945243
-43.38489,-0.01103684,2.0606111321245715
-43.39334,-0.01102328,2.060320864906919
-43.4017,-0.01099251,2.0600338005193346
-43.41014,-0.0109606,2.059744101262977
-43.41841,-0.01091683,2.0594603464290837
-43.42676,-0.01085959,2.0591739563347575
-43.43503,-0.01082253,2.05889041863215
-43.44347,-0.01083257,2.0586011637652333
-43.45194,-0.01083804,2.0583109937093718
-43.46027,-0.01080261,2.058025730166886
-43.46867,-0.01079641,2.0577381801651624
-43.47704,-0.01078931,2.0574517676456354
-43.48531,-0.01075901,2.057168885308625
-43.49362,-0.01073605,2.056884743095654
-43.50206,-0.01074734,2.0565962669354048
-43.51047,-0.01075235,2.056308927483431
-43.51872,-0.01075021,2.0560271625636046
-43.52713,-0.01077914,2.0557400430490134
-43.53546,-0.01082198,2.0554557641058575
-43.54376,-0.01087214,2.055172617155707
-43.55217,-0.01093076,2.054885827732579
-43.56043,-0.01097208,2.054604261252701
-43.56882,-0.01101576,2.054318372634375
-43.57713,-0.01106285,2.054035318526025
-43.58537,-0.01108875,2.053754755322715
-43.59358,-0.01111916,2.053475319072212
-43.60187,-0.01113353,2.0531932667108084
-43.61008,-0.01111113,2.052914041891232
-43.61839,-0.01109213,2.0526315230800587
-43.62676,-0.01109081,2.0523470732183644
-43.63504,-0.01108543,2.052065789328943
-43.64336,-0.01107581,2.051783254084928
-43.65158,-0.01103346,2.0515042204657883
-43.6599,-0.01099234,2.0512218992714137
-43.66837,-0.0109952,2.0509345986580216
-43.67676,-0.01100938,2.05065012148337
-43.68506,-0.01100502,2.050368803430738
-43.69344,-0.01100693,2.0500848823072753
-43.70175,-0.01099891,2.0498034403656606
-43.71014,-0.0109865,2.049519397558553
-43.71852,-0.01097375,2.049235802126879
-43.72682,-0.01097099,2.048955021197517
-43.73515,-0.01097791,2.048673332548305
-43.74345,-0.01097647,2.0483927650882587
-43.75182,-0.01096941,2.048109939197958
-43.76015,-0.01093643,2.047828572342645
-43.76845,-0.01091228,2.0475483253348017
-43.77683,-0.01090863,2.0472654849608802
-43.78529,-0.0109203,2.046980054260232
-43.79359,-0.01091441,2.0467001289458113
-43.80188,-0.01087416,2.046420646785024
-43.8102,-0.01089061,2.0461402595742544
-43.81862,-0.01092435,2.0458566107284986
-43.82701,-0.01094454,2.0455740809149425
-43.83533,-0.0109734,2.04529401512433
-43.8437,-0.01103564,2.0450123734994996
-43.85211,-0.01110146,2.044729494202217
-43.86023,-0.01112745,2.044456472298481
-43.86867,-0.01117032,2.044172798035591
-43.87697,-0.01117847,2.043893935702488
-43.88522,-0.01116989,2.0436168577940363
-43.89345,-0.01116476,2.0433405553676005
-43.9017,-0.01113059,2.0430636854609276
-43.90996,-0.01106303,2.042786584182723
-43.91832,-0.0110275,2.0425062343004012
-43.92676,-0.0110039,2.0422233098912828
-43.935,-0.01094555,2.041947194719472
-43.94334,-0.01092713,2.041667834079066
-43.95171,-0.01095149,2.0413875751364396
-43.96018,-0.0109433,2.0411040764619255
-43.96851,-0.01092224,2.040825370247934
-43.97699,-0.01092624,2.0405417537671404
-43.98537,-0.01095219,2.0402615892511533
-43.99353,-0.01095514,2.0399888824561248
-44.00185,-0.01094542,2.039710932608515
-44.01024,-0.01092615,2.0394307506616642
-44.01863,-0.01091556,2.0391506755207964
-44.02704,-0.01091705,2.0388700398664095
-44.03537,-0.01092167,2.038592179423041
-44.04356,-0.01089915,2.038319091372269
-44.05191,-0.01087642,2.038040772806446
-44.06041,-0.0108818,2.03775756285518
-44.0687,-0.01091695,2.037481455091709
-44.07709,-0.0109388,2.0372021224631665
-44.08542,-0.0109281,2.036924892628901
-44.0937,-0.0109025,2.036649430644287
-44.10202,-0.01089238,2.0363727421102253
-44.11038,-0.01088991,2.0360948284734794
-44.11873,-0.01089786,2.03581735240339
-44.127,-0.01090595,2.035542638294015
-44.13532,-0.01093014,2.0352663671635325
-44.14372,-0.01096159,2.0349875452272714
-44.15207,-0.0109587,2.0347104880926308
-44.16037,-0.01094922,2.034435193817443
-44.16873,-0.01094956,2.034158014052023
-44.177,-0.01091473,2.033883921497612
-44.18523,-0.01084467,2.033611256521693
-44.19351,-0.01078445,2.0333370374971347
-44.20187,-0.01077807,2.0330602732418335
-44.21034,-0.01080507,2.0327799740965573
-44.21861,-0.01078629,2.0325063971933988
-44.22705,-0.01076304,2.032227302069661
-44.23543,-0.01078616,2.03195029640268
-44.2439,-0.0108384,2.031670422363309
-44.25218,-0.01087459,2.0313969300495476
-44.26042,-0.01089417,2.0311248605413144
-44.26872,-0.01090416,2.0308509123371987
-44.27721,-0.01091687,2.030570799289296
-44.28555,-0.01092337,2.0302957398067765
-44.29379,-0.01090679,2.030024080125002
-44.30212,-0.01087849,2.029749556003189
-44.31033,-0.01083131,2.029479087607788
-44.3186,-0.01078019,2.0292067438953394
-44.32701,-0.01076949,2.0289298939856306
-44.33545,-0.01079753,2.0286521620960203
-44.34383,-0.01082611,2.028376509200942
-44.35217,-0.01087647,2.028102275491819
-44.36058,-0.0109483,2.0278258444772366
-44.36891,-0.01101177,2.02755214631146
-44.37726,-0.01106214,2.0272778941286598
-44.38557,-0.01109645,2.0270050581754386
-44.39385,-0.01113698,2.0267333087803827
-44.40207,-0.01115389,2.026463628835322
-44.41022,-0.01112105,2.026196343994693
-44.41849,-0.01110738,2.025925223932646
-44.42677,-0.01109318,2.025653877155598
-44.43512,-0.01107736,2.0253803387950793
-44.44344,-0.01107957,2.025107885438211
-44.45166,-0.01105459,2.0248388069196968
-44.46007,-0.01101996,2.024563611798182
-44.4684,-0.01100609,2.0242911370771153
-44.47678,-0.01099335,2.024017129837187
-44.48518,-0.01099052,2.0237425722454083
-44.49352,-0.0109875,2.0234700783394977
-44.5018,-0.01097323,2.0231996458570216
-44.51022,-0.01095248,2.0229247440250804
-44.51857,-0.01093791,2.02265223029401
-44.52692,-0.01095205,2.022379818770308
-44.53528,-0.01098913,2.0221071833386923
-44.54366,-0.01102718,2.0218339983737303
-44.55197,-0.01103946,2.0215631968687355
-44.56029,-0.01104183,2.021292170674832
-44.56877,-0.0110857,2.0210160365655145
-44.57712,-0.0111328,2.0207442382998275
-44.58534,-0.01113713,2.0204767710642106
-44.59358,-0.01111137,2.020208752022152
-44.60182,-0.01106584,2.019940832010891
-44.6102,-0.01103829,2.0196684614729365
-44.6185,-0.01102068,2.0193987919809047
-44.6268,-0.01098554,2.019129222798856
-44.63515,-0.0109559,2.018858130867713
-44.64349,-0.01092281,2.0185874648240985
-44.65183,-0.0108956,2.0183168998896575
-44.66025,-0.01091642,2.0180438421191105
-44.66867,-0.01092157,2.0177708872908013
-44.677,-0.01093425,2.0175009512724666
-44.68543,-0.01098499,2.0172278771850243
-44.69374,-0.01099237,2.016958791096919
-44.70209,-0.01101716,2.016688510537203
-44.71051,-0.01104051,2.0164160663790236
-44.71874,-0.01105337,2.0161498691599986
-44.72707,-0.01107565,2.01588053722276
-44.73543,-0.01111729,2.015610336147434
-44.74371,-0.0111392,2.015342820253394
-44.752,-0.01113138,2.015075080443332
-44.76025,-0.01111328,2.014808730961065
-44.76852,-0.01112665,2.0145418343067854
-44.77684,-0.01113086,2.0142734234930377
-44.78519,-0.01108807,2.0140041451202952
-44.79352,-0.01106331,2.013735611758129
-44.8017,-0.01100356,2.0134720111067215
-44.81007,-0.01096348,2.0132023873205287
-44.81842,-0.0109926,2.012933508142411
-44.82689,-0.01104501,2.012660867171468
-44.83527,-0.0110549,2.01239122458725
-44.84361,-0.01105683,2.012122969136517
-44.8519,-0.01100512,2.0118564207982272
-44.86015,-0.01086983,2.011591256382335
-44.86855,-0.01075504,2.01132137098257
-44.87691,-0.01066882,2.0110528710644293
-44.88525,-0.01061759,2.010785113149643
-44.89375,-0.01063168,2.0105123207573437
-44.90225,-0.01068573,2.010239631644294
-44.91069,-0.01076255,2.0099689695259637
-44.91907,-0.0108386,2.0097003321751763
-44.92728,-0.01088064,2.009437241693688
-44.93565,-0.01092223,2.0091691229569393
-44.94389,-0.01097915,2.0089052660995743
-44.95218,-0.01102539,2.0086399057843245
-44.9604,-0.01106251,2.008376882767947
-44.96877,-0.01101762,2.008109158867365
-44.97704,-0.01096606,2.0078447314451995
-44.98532,-0.01095257,2.007580081679979
-44.9935,-0.01092882,2.0073187238156622
-45.00189,-0.01091646,2.0070507549794017
-45.01029,-0.01093968,2.0067825668308292
-45.01866,-0.01094375,2.0065154360436317
-45.02704,-0.01095017,2.0062480855947893
-45.03539,-0.01094306,2.0059817912090914
-45.04369,-0.01090762,2.005717189244487
-45.05206,-0.01089172,2.005450454429831
-45.06036,-0.0108925,2.0051860482250916
-45.06873,-0.01089192,2.004919510711751
-45.07697,-0.01086333,2.0046572096571706
-45.08537,-0.01084573,2.004389914067468
-45.09367,-0.01083917,2.004125898379972
-45.10198,-0.01082004,2.0038616619492093
-45.11044,-0.01082349,2.0035927559119355
-45.11881,-0.01082029,2.0033268098161274
-45.12706,-0.01080166,2.003064773109527
-45.13542,-0.01077943,2.002799340296379
-45.14383,-0.0107914,2.0025324191589413
-45.15221,-0.01081968,2.0022665490792146
-45.16049,-0.0108087,2.0020039485842602
-45.16881,-0.01077962,2.0017401764624747
-45.1772,-0.01077491,2.001474283488131
-45.18561,-0.01081405,2.0012078557753235
-45.19394,-0.01085386,2.0009440601992217
-45.20227,-0.01087611,2.000680361849084
-45.21051,-0.01088729,2.000419608184026
-45.2188,-0.01087705,2.0001573681742992
-45.22723,-0.01089983,1.9998907980877894
-45.23561,-0.01094281,1.9996259075538054
-45.24394,-0.01094769,1.9993626947608893
-45.25208,-0.01092262,1.9991055792352528
-45.26039,-0.01091586,1.9988431893759642
-45.26868,-0.01092541,1.9985815270071932
-45.27698,-0.01092617,1.9983196449939902
-45.28542,-0.01093496,1.9980534441327915
-45.29366,-0.01094301,1.9977936470578883
-45.30205,-0.01096231,1.9975292177727058
-45.31044,-0.01097819,1.9972648864146985
-45.31877,-0.01097718,1.9970025422137447
-45.32709,-0.01098792,1.9967406092030173
-45.33534,-0.01097963,1.9964809748862584
-45.3437,-0.01095823,1.9962179751542113
-45.3521,-0.01096189,1.9959538147075881
-45.36034,-0.01093845,1.9956947809474093
-45.36864,-0.01092773,1.9954339561423926
-45.37705,-0.01092493,1.9951697719441879
-45.38542,-0.01093101,1.9949069414803255
-45.39371,-0.01092388,1.994646718675341
-45.40207,-0.01091603,1.9943843948084305
-45.41045,-0.01092093,1.994121540306251
-45.41879,-0.01092039,1.9938600367821335
-45.42709,-0.01091316,1.9935998828012096
-45.43546,-0.0109161,1.9933376310045063
-45.44389,-0.01092383,1.9930735969125881
-45.4521,-0.01091263,1.992816547530257
-45.4605,-0.01091415,1.992553645472443
-45.46883,-0.01091677,1.9922930301923318
-45.47711,-0.0109127,1.992034073845062
-45.48544,-0.0109035,1.991773648886325
-45.49379,-0.01088917,1.991512694369935
-45.50218,-0.01089616,1.9912505862356484
-45.5105,-0.01092255,1.9909907603739798
-45.5188,-0.01092162,1.9907316537342812
-45.52719,-0.01093044,1.9904698335214626
-45.53558,-0.01096875,1.9902081097901902
-45.54392,-0.01098019,1.9899480413631503
-45.5522,-0.0109936,1.9896899381369066
-45.56056,-0.01102414,1.9894294363370424
-45.56896,-0.01104327,1.9891677843865652
-45.57726,-0.01104926,1.988909342071024
-45.58542,-0.01102936,1.9886553507678553
-45.59384,-0.01104218,1.9883933619102931
-45.60213,-0.0110671,1.9881355125297873
-45.61031,-0.01106368,1.9878811764269964
-45.61874,-0.0110608,1.9876191626511384
-45.62695,-0.01105553,1.9873640797817957
-45.63527,-0.01104802,1.9871056728710053
-45.64368,-0.01105168,1.9868445664328553
-45.65196,-0.01104733,1.98658759010566
-45.66039,-0.01105752,1.9863260541576628
-45.66864,-0.01105686,1.9860701960907967
-45.67687,-0.01103346,1.9858150503745113
-45.68518,-0.01101734,1.9855575177770994
-45.69359,-0.0110195,1.9852969814803347
-45.70189,-0.01101019,1.9850399469256086
-45.71022,-0.0109927,1.9847820771809892
-45.7186,-0.01098595,1.9845227544150519
-45.72694,-0.01096855,1.984264763835061
-45.73529,-0.01093583,1.984006558174224
-45.74361,-0.0108903,1.9837493739562753
-45.75194,-0.01086719,1.9834919743293948
-45.76029,-0.01088167,1.9832340507457449
-45.76866,-0.01090388,1.9829756038302193
-45.77696,-0.01091547,1.9827194116865776
-45.78537,-0.01093245,1.982459918965381
-45.79379,-0.01096164,1.9822002131730088
-45.80214,-0.01100311,1.9819427607531002
-45.81056,-0.01104841,1.9816832450858493
-45.81879,-0.01105672,1.9814296776497153
-45.827,-0.01103521,1.9811768171601893
-45.8353,-0.01103132,1.9809212768324853
-45.8436,-0.0110334,1.980665829036114
-45.85187,-0.01103613,1.9804113965253762
-45.8602,-0.01105466,1.9801552108364113
-45.86852,-0.01108215,1.9798994255755362
-45.8768,-0.01108486,1.9796449621595227
-45.88519,-0.01109903,1.9793872118650921
-45.89351,-0.01109919,1.9791317051147321
-45.90186,-0.01107095,1.9788753701919704
-45.91019,-0.01108512,1.9786197421531035
-45.91853,-0.01110638,1.9783639001509847
-45.92668,-0.01110796,1.9781139764511608
-45.93512,-0.01110756,1.977855253235433
-45.94344,-0.01110629,1.9776003015882138
-45.95175,-0.01109259,1.9773457485297077
-45.96025,-0.01114515,1.9770854705968746
-45.9686,-0.01114943,1.9768298795264592
-45.9769,-0.01114578,1.976575910946584
-45.98514,-0.01112505,1.9763238689715852
-45.99341,-0.01110196,1.9760710001715465
-46.00169,-0.01113351,1.9758179166895822
-46.01009,-0.01117343,1.9755612584109268
-46.01849,-0.01118932,1.9753046938306755
-46.02687,-0.01116612,1.975048833431428
-46.0352,-0.01116041,1.9747945919644097
-46.04353,-0.01117891,1.9745404424899657
-46.05167,-0.01113381,1.9742921787635495
-46.05997,-0.01105594,1.9740391255139769
-46.06836,-0.01102935,1.9737834209856833
-46.07684,-0.01105556,1.9735250681253316
-46.08519,-0.01107754,1.9732707687654103
-46.09346,-0.011071,1.9730189966212128
-46.10179,-0.01106635,1.9727654891491198
-46.11026,-0.01109574,1.9725078149635245
-46.11862,-0.01112874,1.972253580007381
-46.12691,-0.01113064,1.972001564813251
-46.13521,-0.01111829,1.9717493363528638
-46.14343,-0.01109502,1.9714996284411455
-46.15178,-0.01105767,1.9712460624487287
-46.1601,-0.01103837,1.9709934987142574
-46.16843,-0.01100443,1.970740722610667
-46.17674,-0.01102215,1.9704886442828142
-46.18509,-0.0110301,1.9702354439495515
-46.19339,-0.01101793,1.969983850503286
-46.2018,-0.01101978,1.969729014886866
-46.21021,-0.011051,1.969474272027762
-46.21849,-0.01106032,1.9692235574983084
-46.22699,-0.01107139,1.9689662748969812
-46.23526,-0.01108013,1.9687160448540788
-46.2435,-0.01107012,1.968466811551894
-46.25177,-0.01107109,1.9682167601369636
-46.26018,-0.01107618,1.9679625673743595
-46.26857,-0.01109392,1.9677090711902272
-46.2767,-0.01108497,1.9674635183580507
-46.28508,-0.01107269,1.9672105049834632
-46.29352,-0.01107727,1.9669557726437739
-46.30182,-0.01106826,1.9667053562905301
-46.31018,-0.01105528,1.9664532204366294
-46.31847,-0.01103351,1.9662032856439344
-46.32684,-0.01102494,1.9659510296838723
-46.33518,-0.01100766,1.9656997685128235
-46.34348,-0.01097397,1.965449802215975
-46.35191,-0.01094544,1.9651960124189056
-46.36023,-0.01092371,1.964945624730507
-46.36865,-0.0109386,1.9646923190560863
-46.37705,-0.01097104,1.964439706708383
-46.38535,-0.01097329,1.964190191515209
-46.39369,-0.0109609,1.9639395637639514
-46.40202,-0.01095441,1.9636893264560467
-46.41043,-0.01098429,1.9634367770348176
-46.41887,-0.01103526,1.9631834187260484
-46.42723,-0.01105774,1.9629325527282155
-46.43547,-0.01104645,1.9626853760713523
-46.44367,-0.01103816,1.96243948637134
-46.45203,-0.01104641,1.9621888881928302
-46.46039,-0.01105936,1.9619383801987027
-46.46874,-0.01107679,1.9616882618293503
-46.47699,-0.01105836,1.9614412271534793
-46.48518,-0.01102877,1.961196075824596
-46.49356,-0.01102768,1.9609453266215793
-46.50194,-0.01102867,1.9606946677923545
-46.51016,-0.01099239,1.9604488825667339
-46.51849,-0.01098239,1.9601998968582168
-46.52687,-0.01093952,1.9599495065969408
-46.5352,-0.01093414,1.9597006996853992
-46.54359,-0.01096606,1.959450190670724
-46.55194,-0.01096615,1.9592009656310778
-46.56027,-0.0109472,1.9589524266074916
-46.56862,-0.01091663,1.9587033800872775
-46.57698,-0.01093538,1.9584541247629192
-46.58548,-0.01099163,1.9582007870263438
-46.59366,-0.01096248,1.9579570739881778
-46.60196,-0.01090511,1.9577098731469662
-46.61029,-0.01088479,1.957461867325863
-46.61871,-0.01088448,1.9572112720407748
-46.62709,-0.01088449,1.956961957094041
-46.63536,-0.01084249,1.956716002621187
-46.64365,-0.01078328,1.9564695408699793
-46.65212,-0.01077015,1.9562178181827536
-46.66051,-0.01079733,1.9559685631382941
-46.66885,-0.01082671,1.955720882344433
-46.67723,-0.01085642,1.9554721027790207
-46.68558,-0.01090666,1.9552243026647629
-46.69397,-0.01098505,1.9549754047471226
-46.70229,-0.01105816,1.9547286717632049
-46.71056,-0.01112857,1.9544835086541457
-46.71878,-0.01118188,1.9542399137991189
-46.72708,-0.01121919,1.9539940351504952
-46.73529,-0.01125384,1.9537509085746554
-46.7435,-0.01124728,1.9535078674040243
-46.7518,-0.01121201,1.953262248726252
-46.75995,-0.0111797,1.95302115378652
-46.76828,-0.01115826,1.9527748208828721
-46.77655,-0.01114018,1.952530349074483
-46.78482,-0.01112303,1.9522859636950618
-46.79327,-0.01111,1.9520363483894156
-46.80167,-0.01112794,1.951788299434614
-46.80995,-0.01110599,1.951543881162018
-46.81836,-0.01107139,1.9512957139036908
-46.82666,-0.01107204,1.9510508799901594
-46.83499,-0.01112927,1.9508052483837406
-46.8434,-0.01115087,1.950557346392448
-46.8517,-0.01116109,1.9503127741362638
-46.86012,-0.01116891,1.9500647544223102
-46.86849,-0.01118785,1.9498182958315917
-46.8768,-0.01119373,1.9495736910369308
-46.88504,-0.01118377,1.9493312323077894
-46.89325,-0.01117531,1.9490897410608135
-46.90163,-0.01118338,1.9488433365748699
-46.90994,-0.01118737,1.9485990772957713
-46.91827,-0.01117474,1.9483543169856858
-46.92662,-0.01117158,1.9481090562243777
-46.935,-0.01118813,1.947863002024076
-46.94334,-0.01118521,1.9476182095266337
-46.95166,-0.01116447,1.9473740907137258
-46.95995,-0.01113672,1.9471309381717825
-46.96822,-0.01110104,1.9468884577699557
-46.97655,-0.01106935,1.946644304445516
-46.98496,-0.01104807,1.9463978941346336
-46.99336,-0.01103545,1.9461518648592055
-47.00162,-0.01101669,1.9459100218247793
-47.00996,-0.01099454,1.9456659227108468
-47.01837,-0.01096723,1.945419862492043
-47.02675,-0.01094525,1.9451747675525102
-47.03514,-0.0109245,1.9449294676278206
-47.0435,-0.01089008,1.9446851318460574
-47.05194,-0.01087334,1.9444385459983158
-47.06027,-0.01086225,1.9441952606731752
-47.06867,-0.01084437,1.9439500181330809
-47.07694,-0.01081009,1.9437086565099602
-47.08534,-0.0107959,1.9434635876049744
-47.09375,-0.01079428,1.9432183145321833
-47.10204,-0.01078689,1.9429766269146729
-47.11055,-0.01077393,1.9427286138667452
-47.1189,-0.01077819,1.9424853508889215
-47.12724,-0.01079107,1.9422424652918355
-47.13556,-0.010819,1.9420002477959315
-47.14392,-0.01082242,1.941756951903872
-47.15233,-0.01084236,1.9415122879399598
-47.16061,-0.01086914,1.9412714911872428
-47.16895,-0.01091542,1.9410290349901786
-47.17717,-0.01095776,1.940790151253244
-47.18553,-0.01101246,1.9405472843051674
-47.19386,-0.01107796,1.9403053744703231
-47.20223,-0.01117603,1.9400623890015365
-47.21047,-0.01126167,1.9398232616620845
-47.21869,-0.01130072,1.939584797884058
-47.22691,-0.01133329,1.9393464171168513
-47.23526,-0.01138585,1.9391043512833424
-47.24349,-0.01141618,1.938865847971858
-47.25165,-0.01141352,1.9386294552676997
-47.25992,-0.01142166,1.9383899591874045
-47.26823,-0.01143592,1.9381493891351549
-47.27651,-0.01142191,1.937909771681539
-47.28478,-0.01138726,1.9376705273874597
-47.29308,-0.01135894,1.9374304993457816
-47.30144,-0.01132784,1.9371888213128394
-47.30966,-0.01125504,1.9369512737990506
-47.31801,-0.01118794,1.9367100539519728
-47.32645,-0.01114407,1.9364663206304296
-47.33479,-0.01107974,1.9362255605232432
-47.34309,-0.01102004,1.9359860393565356
-47.35155,-0.01098342,1.935741987326708
-47.35994,-0.01095326,1.9355000407517409
-47.36835,-0.01092696,1.9352576034419608
-47.37671,-0.01089467,1.9350166928011676
-47.38516,-0.01086416,1.9347732750084625
-47.39349,-0.01082295,1.93453339899636
-47.40186,-0.01077393,1.9342924560344255
-47.41026,-0.01071589,1.9340507350096794
-47.41861,-0.01066052,1.9338105376770849
-47.42705,-0.0106513,1.9335678373417702
-47.43546,-0.01065723,1.9333260855908216
-47.44386,-0.01068974,1.933084706851424
-47.45223,-0.01072054,1.9328442751794803
-47.46072,-0.01076692,1.9326004830942303
-47.46903,-0.01081416,1.9323619441981434
-47.47731,-0.01083008,1.9321243495050582
-47.48566,-0.01087541,1.9318848300729101
-47.49385,-0.01089871,1.9316499820503075
-47.5022,-0.01091039,1.9314106294024276
-47.5105,-0.01093398,1.9311727933825154
-47.51883,-0.01095531,1.930934181249833
-47.52712,-0.01098076,1.9306967979545155
-47.53531,-0.01101095,1.9304623594544772
-47.54369,-0.01104362,1.930222565812624
-47.552,-0.01103861,1.9299848586810229
-47.56036,-0.01106424,1.9297458051200622
-47.56867,-0.01109746,1.9295082645783452
-47.57697,-0.01110354,1.9292710927156564
-47.58527,-0.01109292,1.9290340035897664
-47.59343,-0.01104533,1.928800994170834
-47.60185,-0.01102183,1.9285606441766445
-47.61018,-0.01103737,1.9283229468991716
-47.61855,-0.01099042,1.9280841919798064
-47.62676,-0.01092047,1.9278500826006222
-47.63519,-0.01089188,1.9276097838593693
-47.64349,-0.01085963,1.927373273872254
-47.65195,-0.01084432,1.9271322894446081
-47.6604,-0.01086664,1.926891675269196
-47.66853,-0.01083176,1.926660253630645
-47.67719,-0.01083601,1.9264138322749305
-47.68556,-0.01086528,1.9261757479622763
-47.69391,-0.01086654,1.9259383158143248
-47.70226,-0.01086392,1.9257009667885754
-47.71065,-0.01085804,1.925462564437919
-47.7188,-0.01084959,1.9252310619713824
-47.7272,-0.01086762,1.9249925409410147
-47.73557,-0.01089227,1.92475495526711
-47.74394,-0.01093496,1.9245174528955924
-47.75234,-0.01101252,1.9242791829677874
-47.76056,-0.01107502,1.924046099961977
-47.76886,-0.01115389,1.9238108299004835
-47.77719,-0.01125487,1.9235747916526695
-47.78546,-0.01133242,1.9233405349660755
-47.7937,-0.01136963,1.923107208690685
-47.80191,-0.01142848,1.9228748119060515
-47.81015,-0.01140214,1.922641646177642
-47.81838,-0.01140774,1.9224088436287472
-47.82671,-0.01142161,1.922173293960634
-47.83508,-0.01141043,1.9219366958307584
-47.84329,-0.01127546,1.9217047009099915
-47.85162,-0.01109565,1.921469396438407
-47.85989,-0.01091551,1.9212358678634658
-47.86847,-0.01081062,1.9209936707816229
-47.87686,-0.0107867,1.9207569209843753
-47.88538,-0.01085824,1.9205165877351291
-47.89375,-0.01092601,1.920280568967767
-47.90215,-0.01093945,1.9200437871786549
-47.9104,-0.01087916,1.9198113144536468
-47.91867,-0.01080485,1.9195783584978465
-47.92706,-0.01076152,1.9193421044395378
-47.93547,-0.01093473,1.9191053701987273
-47.94382,-0.01098487,1.9188704070722773
-47.95223,-0.0110541,1.9186338383011594
-47.96053,-0.01108899,1.9184004451160153
-47.96872,-0.01108876,1.9181702242628114
-47.97694,-0.01108771,1.9179392391428047
-47.98528,-0.01110926,1.9177049628552756
-47.99347,-0.01110789,1.9174749794086572
-48.00186,-0.01110681,1.9172394611375476
-48.01016,-0.0111144,1.9170065502801905
-48.01849,-0.01112634,1.9167728785307494
-48.0268,-0.01114506,1.9165398485845402
-48.03514,-0.01114427,1.9163060584397171
-48.04346,-0.01111334,1.9160729098195675
-48.05177,-0.01108476,1.9158401220183983
-48.06009,-0.01106449,1.9156071347348704
-48.06842,-0.0110157,1.9153739482179777
-48.07669,-0.01094904,1.9151425212509432
-48.08507,-0.01089692,1.9149080972534716
-48.09341,-0.01085698,1.914674873335037
-48.1019,-0.01084943,1.9144375378103566
-48.11017,-0.01085834,1.9142064328602455
-48.11862,-0.01087272,1.9139703798654244
-48.12703,-0.01091544,1.9137355265845408
-48.1355,-0.01096331,1.9134990807200505
-48.14391,-0.01100505,1.9132643921110688
-48.1523,-0.01105224,1.9130303433065503
-48.16061,-0.01109472,1.912798606579111
-48.16887,-0.01112784,1.9125683434134952
-48.17711,-0.01113444,1.9123387164568402
-48.18543,-0.01113079,1.9121069397948718
-48.19371,-0.01112777,1.9118763568938766
-48.20207,-0.01112763,1.9116436265081562
-48.21036,-0.01114122,1.911412924524936
-48.21861,-0.01111069,1.9111834144534652
-48.2269,-0.01106053,1.9109528707007915
-48.23528,-0.01103834,1.9107199046009478
-48.24362,-0.01098685,1.9104881308658017
-48.25209,-0.01097816,1.9102528263542573
-48.2603,-0.01098117,1.910024823716388
-48.26866,-0.01097134,1.909792735079035
-48.27705,-0.01097544,1.9095598944011698
-48.28543,-0.01098823,1.9093274120164199
-48.29378,-0.01099688,1.9090958421560709
-48.30223,-0.01102719,1.9088615805108788
-48.31056,-0.01103238,1.9086307258702857
-48.31888,-0.01103969,1.90840022781985
-48.32721,-0.0110627,1.9081695322366015
-48.33542,-0.01104355,1.9079422378040785
-48.34378,-0.01103127,1.9077108699402485
-48.35202,-0.01104834,1.907482901438244
-48.36032,-0.01106262,1.9072533515080132
-48.36862,-0.01106985,1.9070238803587944
-48.37692,-0.01109239,1.9067944879500391
-48.38536,-0.01110972,1.906561306973845
-48.39359,-0.01109294,1.906334006218592
-48.40189,-0.01109177,1.9061048504510878
-48.41031,-0.01110684,1.9058724618784715
-48.41861,-0.01110371,1.9056434643621531
-48.42683,-0.01109706,1.9054167514165186
-48.43523,-0.01110171,1.9051851534513204
-48.4435,-0.01109909,1.9049572182026484
-48.45174,-0.01109297,1.9047301871924516
-48.46014,-0.01111835,1.9044988272836192
-48.46854,-0.011151,1.9042675475679687
-48.47687,-0.011166,1.904038274335781
-48.48521,-0.01119562,1.9038088047880994
-48.49361,-0.01123372,1.9035777641631548
-48.50189,-0.01124232,1.903350102439307
-48.51016,-0.01125822,1.9031227932457861
-48.51854,-0.01126709,1.902892539635364
-48.52683,-0.01125025,1.9026648371632766
-48.53507,-0.01122465,1.9024385851302985
-48.54334,-0.01121666,1.9022115865945772
-48.55168,-0.01121322,1.9019827449843136
-48.55995,-0.01119002,1.9017559017255992
-48.56822,-0.01115971,1.9015291357187891
-48.5766,-0.01114188,1.9012994322369208
-48.5849,-0.01111435,1.9010719997365437
-48.59322,-0.01108579,1.9008440971806353
-48.60162,-0.01104954,1.900614082411245
-48.61009,-0.01101746,1.900382231343328
-48.61839,-0.01099236,1.9001551120882447
-48.62679,-0.01095716,1.8999253353963934
-48.63519,-0.0109201,1.8996956380760515
-48.64349,-0.01089651,1.899468753167176
-48.65187,-0.01087524,1.8992397599516728
-48.6602,-0.01086194,1.8990122112116268
-48.66873,-0.01088854,1.8987792798373824
-48.67717,-0.01092057,1.8985488864697762
-48.68552,-0.01093302,1.898321028511147
-48.69383,-0.01093262,1.898094339673014
-48.70229,-0.01093544,1.8978636384449272
-48.71062,-0.0109466,1.897636560569338
-48.71896,-0.01095889,1.8974092878829927
-48.72727,-0.01095837,1.8971829101035214
-48.73555,-0.01095121,1.896957426355094
-48.74387,-0.01092761,1.8967309304739244
-48.75221,-0.0109003,1.8965039677175661
-48.76061,-0.01091422,1.8962754506147483
-48.76901,-0.0109382,1.896047012231743
-48.77731,-0.01093008,1.8958213706331897
-48.78565,-0.01092243,1.8955947189388684
-48.79401,-0.01092302,1.8953676014740335
-48.80229,-0.01091445,1.895142734080716
-48.81073,-0.01090942,1.894913599940013
-48.81911,-0.01090652,1.8946861730990179
-48.82735,-0.01088776,1.8944626218707343
-48.83571,-0.01087787,1.8942358921371265
-48.84396,-0.01085148,1.8940122217772677
-48.85225,-0.01082898,1.8937875430507294
-48.86063,-0.01082798,1.893560502596876
-48.86894,-0.0108386,1.8933354355547714
-48.87726,-0.01084471,1.8931101743428336
-48.88561,-0.01085587,1.8928841779820278
-48.89401,-0.01087512,1.8926569062345262
-48.90242,-0.01091073,1.8924294421421273
-48.91081,-0.01095543,1.892202596931026
-48.91917,-0.01099748,1.891976640241443
-48.92752,-0.011039,1.8917510309126642
-48.93576,-0.01106208,1.8915284691603849
-48.94405,-0.01108307,1.8913046325344962
-48.95233,-0.01110561,1.8910811415922386
-48.96062,-0.01111981,1.8908574564619482
-48.96898,-0.01114146,1.8906319592525715
-48.97713,-0.011156,1.8904122005515633
-48.98549,-0.01116232,1.8901868553320584
-48.99371,-0.01116659,1.8899653588185097
-49.00206,-0.0111692,1.8897404354021035
-49.01036,-0.01118243,1.8895169347868492
-49.01865,-0.0111857,1.8892937790004418
-49.02699,-0.01118361,1.8890693534316507
-49.03532,-0.01120587,1.8888452731622838
-49.04367,-0.01119343,1.8886207312788788
-49.05191,-0.01113852,1.8883992223748272
-49.0603,-0.011119,1.8881737576003408
-49.06857,-0.01112228,1.8879515930462207
-49.0769,-0.01111212,1.8877278923485385
-49.08519,-0.01107387,1.8875053412241045
-49.09352,-0.0110307,1.8872817919758047
-49.10187,-0.01100118,1.887057782117056
-49.11043,-0.0109836,1.8868282175497137
-49.11873,-0.01095038,1.886605702142543
-49.127,-0.01089833,1.8863840657886701
-49.13535,-0.01086226,1.8861603611249333
-49.14374,-0.01085266,1.8859356613884088
-49.15213,-0.01084694,1.8857110383619182
-49.16051,-0.01083418,1.8854867595962692
-49.16898,-0.01084919,1.88526014979363
-49.17735,-0.01087454,1.8850362921141541
-49.18573,-0.01088916,1.8848122433071541
-49.19405,-0.01089831,1.884589874181939
-49.20233,-0.01089598,1.8843686488017943
-49.21066,-0.01090029,1.8841461626403713
-49.21899,-0.01091716,1.8839237517876737
-49.22733,-0.01091997,1.88370114934123
-49.2356,-0.01093517,1.8834804897269457
-49.24393,-0.01095017,1.8832583041199191
-49.25224,-0.01095532,1.8830367268574992
-49.26059,-0.01094924,1.8828141583363092
-49.26894,-0.01097155,1.8825916652560415
-49.27721,-0.01096267,1.8823713781685285
-49.28561,-0.01096045,1.8821477039647068
-49.29387,-0.01096098,1.8819278320002062
-49.30216,-0.01095939,1.881707235545055
-49.31046,-0.01095805,1.8814864472973887
-49.31885,-0.01096669,1.8812633404874606
-49.32718,-0.01098412,1.8810419042807638
-49.33543,-0.01097079,1.8808226684149707
-49.3438,-0.01096278,1.8806003185810578
-49.35217,-0.0109904,1.8803780441670548
-49.36049,-0.01102518,1.8801571722647
-49.36888,-0.01103071,1.8799345174531
-49.37723,-0.0110327,1.8797129992913737
-49.38554,-0.01101623,1.8794926166647161
-49.39383,-0.01098244,1.879272838328188
-49.40218,-0.01097799,1.8790515438792377
-49.41055,-0.01097966,1.8788297944467325
-49.41881,-0.01095384,1.8786110329245078
-49.42706,-0.01091722,1.8783926092306524
-49.4355,-0.01092045,1.878169230613628
-49.44383,-0.01093458,1.877948838105786
-49.45226,-0.01094094,1.8777258754200514
-49.46065,-0.01096356,1.8775040461457744
-49.46899,-0.01097378,1.8772836134313637
-49.47737,-0.010959,1.877062198334309
-49.48567,-0.01096649,1.8768429709045065
-49.494,-0.01091627,1.8766230250131328
-49.50234,-0.01089147,1.8764028892371551
-49.51054,-0.01087089,1.8761865210922766
-49.51898,-0.01085058,1.875963895055997
-49.52728,-0.01084257,1.875745035867102
-49.53555,-0.01087062,1.8755270406808848
-49.54408,-0.01095029,1.8753022682023763
-49.55254,-0.01101208,1.8750794167160754
-49.56075,-0.01101793,1.8748632234177247
-49.56909,-0.01105944,1.8746436801643926
-49.57742,-0.01111522,1.8744244738834737
-49.58568,-0.01112837,1.8742071823962076
-49.59378,-0.0111035,1.8739941702366707
-49.60207,-0.01108877,1.8737762335321895
-49.61043,-0.01109166,1.8735565303505735
-49.61876,-0.01108635,1.873337689212709
-49.627,-0.0110477,1.8731212847844922
-49.63529,-0.0110097,1.8729036397289107
-49.64363,-0.01097856,1.8726847553251043
-49.65195,-0.01097058,1.872466469091345
-49.66031,-0.01095729,1.872247207075429
-49.6687,-0.01092315,1.8720272324421616
-49.67705,-0.01089068,1.8718083803285421
-49.68543,-0.01092078,1.8715888158762035
-49.69382,-0.01093718,1.8713690635978475
-49.70216,-0.01094085,1.8711506944567398
-49.71045,-0.01092361,1.8709337070978034
-49.71892,-0.01092816,1.870712083046052
-49.72728,-0.01093529,1.8704934112623897
-49.7357,-0.01093977,1.8702732443697383
-49.74402,-0.01095286,1.8700557654970384
-49.75232,-0.01096079,1.8698388818853071
-49.76064,-0.01094159,1.8696215482759064
-49.76889,-0.01091946,1.8694061149444963
-49.77716,-0.0108747,1.869190231021617
-49.78552,-0.01085788,1.8689720705940203
-49.79387,-0.01086487,1.868754244247334
-49.80231,-0.01088735,1.8685341442997325
-49.81065,-0.01091299,1.868316725439238
-49.81892,-0.01092021,1.868101203317936
-49.82727,-0.01093064,1.8678836689226603
-49.83572,-0.01098639,1.8676636035357772
-49.84407,-0.01103888,1.8674462157684957
-49.85243,-0.01105676,1.8672286406098961
-49.8607,-0.01106179,1.8670134795540374
-49.86896,-0.01105431,1.8667986499016624
-49.87723,-0.01103422,1.866583631448659
-49.88551,-0.01103138,1.866368424418233
-49.8938,-0.01102762,1.8661530290336676
-49.90205,-0.01098773,1.8659387439994948
-49.91042,-0.01094898,1.8657214144861936
-49.91882,-0.01094273,1.86550337928661
-49.92714,-0.01096044,1.8652874929347045
-49.93556,-0.01102029,1.8650690850367955
-49.94394,-0.01106429,1.864851787824509
-49.95226,-0.01108413,1.8646361185660068
-49.96068,-0.01112457,1.8644179302603567
-49.96903,-0.01116734,1.864201628488686
-49.9773,-0.01112204,1.8639874703115216
-49.9855,-0.01104439,1.863775194806494
-49.99378,-0.01097808,1.8635609189783207
-50.00208,-0.01092738,1.8633461967982132
-50.01036,-0.01085579,1.8631320630365389
-50.01889,-0.01078891,1.8629115380209358
-50.0273,-0.01073519,1.8626941889728208
-50.03569,-0.01067644,1.8624774296107436
-50.04402,-0.01063436,1.8622622922778787
-50.05237,-0.01061185,1.8620467102756573
-50.06085,-0.01061901,1.8618278455120119
-50.06937,-0.01068918,1.8616080230288499
-50.07771,-0.01070485,1.861392917128199
-50.08609,-0.01071412,1.8611768516967486
-50.0943,-0.01073702,1.8609652395581935
-50.10271,-0.01076384,1.860748544340216
-50.1109,-0.01075945,1.8605375876306351
-50.11931,-0.0107852,1.8603210359440303
-50.1277,-0.01082652,1.8601050716470136
-50.13591,-0.01084042,1.8598938106439076
-50.14423,-0.01085509,1.859679789678693
-50.15257,-0.01084247,1.8594653255057518
-50.16083,-0.01084174,1.85925298883611
-50.16914,-0.01088344,1.8590394373911932
-50.17755,-0.01090874,1.858823388148684
-50.1857,-0.01090856,1.8586140872798427
-50.19409,-0.01092333,1.8583986939498254
-50.20241,-0.01096492,1.858185168799665
-50.21076,-0.01098892,1.8579709448731707
-50.21907,-0.01100707,1.8577578178966676
-50.2274,-0.01101685,1.8575442487566547
-50.23555,-0.0110257,1.857335363104415
-50.2439,-0.01103928,1.8571214217049237
-50.25221,-0.01105813,1.8569085757621409
-50.26056,-0.01106368,1.8566947761823585
-50.26881,-0.01107209,1.8564836068329447
-50.27705,-0.01107591,1.85627276262231
-50.28539,-0.01109023,1.8560594299855286
-50.29372,-0.01110354,1.8558464237682162
-50.30211,-0.01112417,1.8556319546038922
-50.31041,-0.01115315,1.8554198564472046
-50.31867,-0.01116462,1.8552088499159458
-50.32695,-0.01117843,1.8549974019883981
-50.33536,-0.01119221,1.8547827054380854
-50.34374,-0.01120703,1.8545688460968535
-50.35202,-0.01118316,1.8543576086917666
-50.36035,-0.011154,1.8541451657901504
-50.36864,-0.01114978,1.853933812785098
-50.37697,-0.01110066,1.8537215100471505
-50.38522,-0.01105838,1.8535113154214669
-50.39356,-0.01106157,1.8532988977162956
-50.4019,-0.01104287,1.8530865503086194
-50.41032,-0.0110333,1.8528722372720505
-50.41878,-0.01104422,1.8526569782132771
-50.42705,-0.01104225,1.8524466233896293
-50.43546,-0.01103634,1.8522327782873398
-50.44385,-0.01103964,1.8520195127850076
-50.45209,-0.01101563,1.851810129174034
-50.46048,-0.01100526,1.8515970042298449
-50.46883,-0.01101193,1.851384965730333
-50.47719,-0.01101493,1.8511727435699172
-50.48544,-0.0110106,1.8509633827099456
-50.49381,-0.01100863,1.8507510465144144
-50.50224,-0.01105321,1.8505372593374076
-50.5105,-0.01107651,1.8503278526247016
-50.51895,-0.01108611,1.8501136999086483
-50.52719,-0.01109113,1.849904938311432
-50.53555,-0.01107217,1.8496932060697864
-50.54381,-0.01107213,1.8494840753002197
-50.55222,-0.01107761,1.8492712169712826
-50.56039,-0.01103762,1.8490645008869593
-50.5687,-0.01099557,1.848854311065936
-50.57707,-0.01099605,1.8486426734486598
-50.5854,-0.01099391,1.8484321167767774
-50.59369,-0.01098021,1.8482226400169663
-50.60214,-0.01100823,1.8480091909156413
-50.6105,-0.01103627,1.8477980853775402
-50.61879,-0.01104155,1.8475888163269016
-50.62712,-0.01106269,1.847378606565019
-50.63562,-0.01109446,1.8471641781022923
-50.64392,-0.01111832,1.846954864473366
-50.65219,-0.01114086,1.8467463756256146
-50.66052,-0.01117904,1.8465364429737399
-50.66882,-0.01118517,1.8463273350356295
-50.67697,-0.01116087,1.846122072807431
-50.68533,-0.01115986,1.8459115901977947
-50.69359,-0.01115909,1.8457036935044449
-50.70187,-0.01114005,1.8454953614136915
-50.71027,-0.01114869,1.8452840795365515
-50.71854,-0.01114962,1.845076135866687
-50.72685,-0.01112224,1.844867254718162
-50.73497,-0.01109574,1.8446632155296436
-50.74359,-0.01108491,1.8444466838077478
-50.75186,-0.01107696,1.8442390131120319
-50.76022,-0.01106754,1.8440291511738915
-50.76849,-0.01105716,1.8438216165184351
-50.77701,-0.01106113,1.8436078788412313
-50.78516,-0.01103378,1.843403490310949
-50.79364,-0.01101533,1.8431908955530654
-50.80196,-0.01101371,1.8429823809947488
-50.81032,-0.01097769,1.8427729327427973
-50.81871,-0.01094279,1.8425628021647933
-50.82707,-0.01091618,1.8423534919482867
-50.8354,-0.01090414,1.842145001317979
-50.84369,-0.01090429,1.841937579668195
-50.85213,-0.01091334,1.8417264743876016
-50.86041,-0.01089003,1.8415194391865892
-50.86882,-0.01087444,1.8413092224274124
-50.87729,-0.01089934,1.8410975761484152
-50.88574,-0.01092406,1.8408864998327625
-50.89403,-0.01092118,1.8406794883407738
-50.90234,-0.01089676,1.8404720450965515
-50.91061,-0.01088587,1.8402656676083828
-50.91895,-0.01088996,1.8400576111644091
-50.92735,-0.01094519,1.8398481267923819
-50.93568,-0.0109835,1.8396404563559376
-50.94405,-0.01096461,1.839431857105982
-50.95245,-0.01098793,1.8392225790908974
-50.96074,-0.01101938,1.8390161092637194
-50.96907,-0.0110311,1.8388087108515028
-50.97736,-0.01101546,1.8386023756428345
-50.98546,-0.01096151,1.8384008342770661
-50.99396,-0.01096058,1.8381894090986464
-51.00234,-0.01100195,1.8379810377327788
-51.01059,-0.01101164,1.8377759657357422
-51.01883,-0.01100733,1.8375712085126215
-51.02721,-0.01101368,1.837363040228929
-51.03557,-0.01105496,1.83715543688451
-51.04393,-0.0110955,1.8369479015428474
-51.05225,-0.01111109,1.8367414266756117
-51.06053,-0.01109465,1.8365360112791622
-51.06876,-0.01107198,1.8363319023214975
-51.07713,-0.01106113,1.8361243887430638
-51.08542,-0.01106417,1.8359189255956005
-51.0937,-0.01103592,1.835713776845286
-51.10201,-0.01100459,1.8355079516441721
-51.11035,-0.0110059,1.8353014506846463
-51.11879,-0.01099461,1.8350925422921787
-51.12708,-0.01098792,1.8348874138714746
-51.13544,-0.01099365,1.8346806207201891
-51.14372,-0.0109774,1.8344758730886217
-51.15207,-0.01096487,1.8342694616268704
-51.16046,-0.01095878,1.834062129230269
-51.16882,-0.01095487,1.8338556058161983
-51.17716,-0.01096714,1.833649643708248
-51.18547,-0.01093961,1.8334444892271184
-51.19388,-0.0109359,1.8332369337897418
-51.20224,-0.01095343,1.833030679907754
-51.21053,-0.0109413,1.8328262195294602
-51.21884,-0.01093732,1.8326213323066276
-51.22722,-0.01097241,1.8324147865138882
-51.23558,-0.011051,1.8322088009933721
-51.24396,-0.01112106,1.8320023901353446
-51.25226,-0.01119797,1.8317980163216219
-51.26057,-0.01129108,1.8315934625775716
-51.2688,-0.01136238,1.8313909434197795
-51.2771,-0.01139788,1.8311867675824103
-51.28534,-0.01138925,1.830984133087545
-51.29358,-0.01131135,1.8307815636966653
-51.30177,-0.0112213,1.8305802879705708
-51.31009,-0.01115652,1.8303758831839896
-51.31839,-0.0111016,1.8301720357945759
-51.32678,-0.01108994,1.8299660450158766
-51.3354,-0.01113937,1.829754477417143
-51.34366,-0.01113867,1.82955181223933
-51.35204,-0.01110513,1.8293462693984504
-51.36037,-0.01110254,1.8291420194208103
-51.36868,-0.01110239,1.8289383258436853
-51.37697,-0.01107067,1.8287351881592082
-51.38539,-0.01105641,1.8285289320563685
-51.3938,-0.01109744,1.82832298837603
-51.40207,-0.01108795,1.8281205387253858
-51.41039,-0.01103683,1.8279169307993968
-51.4187,-0.01100166,1.8277136333668489
-51.42717,-0.0110106,1.8275064892740551
-51.43538,-0.01094975,1.8273057689084826
-51.44377,-0.01086275,1.8271007140417588
-51.45216,-0.01082654,1.8268957260492078
-51.46057,-0.01078889,1.8266903164889157
-51.46886,-0.01073187,1.8264879035595505
-51.4773,-0.01075245,1.8262818951265896
-51.48575,-0.01084854,1.8260757102693463
-51.49411,-0.01096885,1.8258717880549833
-51.50252,-0.0110564,1.825666713007441
-51.51086,-0.01112075,1.8254634110166283
-51.51909,-0.011173,1.8252628549921979
-51.52734,-0.01121427,1.8250618758895762
-51.5354,-0.01118837,1.8248655875378863
-51.54379,-0.01117554,1.8246613277758583
-51.55212,-0.01116267,1.8244585945253076
-51.56039,-0.01112123,1.8242573863386218
-51.5687,-0.01104471,1.8240552699602666
-51.57697,-0.01099565,1.8238541911244495
-51.58536,-0.01096857,1.8236502604614953
-51.59378,-0.01093299,1.823445667287801
-51.60213,-0.01092155,1.823242840944744
-51.61047,-0.01091482,1.8230403230197285
-51.61887,-0.0109268,1.8228364142802818
-51.62724,-0.01093536,1.822633299785152
-51.63565,-0.01096765,1.8224292809328437
-51.64403,-0.01100435,1.8222260559448982
-51.65227,-0.01103643,1.8220262904224733
-51.66068,-0.0110145,1.8218224692357903
-51.66904,-0.01102417,1.8216199255879344
-51.67726,-0.01100986,1.821420837714693
-51.68562,-0.01099607,1.821218424002653
-51.69389,-0.01097354,1.821018253801368
-51.70218,-0.01095769,1.8208176637812952
-51.71033,-0.01093773,1.8206205239842794
-51.71881,-0.01093211,1.8204154677959528
-51.72725,-0.01091328,1.8202114456113558
-51.73554,-0.01090089,1.8200111142166486
-51.74394,-0.01087525,1.819808190099169
-51.75229,-0.01088997,1.8196065391502483
-51.76073,-0.01091267,1.8194027808340416
-51.76907,-0.01091704,1.8192015019779184
-51.77737,-0.01090752,1.819001252863944
-51.78568,-0.01091033,1.8188008267922715
-51.79404,-0.01094829,1.8185992596831602
-51.80249,-0.01100017,1.8183955887062573
-51.81072,-0.01103605,1.8181972842685838
-51.81902,-0.01108093,1.8179973569550332
-51.82742,-0.01112653,1.8177950860760577
-51.83576,-0.0111764,1.8175943248444701
-51.84398,-0.01120833,1.817396515468141
-51.85227,-0.01123472,1.8171970851035066
-51.86054,-0.01124292,1.816998199401703
-51.86882,-0.01122018,1.816799136745351
-51.87698,-0.01118045,1.8166030212244428
-51.88532,-0.0111543,1.816402643368105
-51.89362,-0.01112144,1.816203290500836
-51.90195,-0.01109964,1.8160032811869304
-51.91019,-0.011065,1.8158054959922127
-51.91859,-0.01103911,1.815603934929666
-51.92699,-0.01103179,1.8154024390784058
-51.93538,-0.01100613,1.8152012481664714
-51.94374,-0.01098566,1.8150008412948315
-51.95213,-0.01093589,1.8147997801052624
-51.96042,-0.01088705,1.8146011791282675
-51.96878,-0.01086305,1.8144009653488111
-51.97717,-0.01083267,1.8142000978506525
-51.98547,-0.01080364,1.8140014488663851
-51.9939,-0.01080678,1.8137997534326145
-52.00226,-0.01080448,1.813599797393421
-52.01064,-0.01079085,1.813399427501757
-52.01921,-0.010816,1.8131945813863761
-52.02751,-0.01084163,1.8129962533282873
-52.0358,-0.0108512,1.812798227374231
-52.04421,-0.01086768,1.812597399403315
-52.05252,-0.01089977,1.812399023140474
-52.06076,-0.01090786,1.812202380449306
-52.06911,-0.01090274,1.8120031761633721
-52.07748,-0.01090943,1.811803558851158
-52.08582,-0.01093159,1.8116047208242092
-52.0941,-0.01091136,1.8114073762671783
-52.10242,-0.01090587,1.811209141533157
-52.11066,-0.01092448,1.8110128752926942
-52.11899,-0.01098238,1.8108145284473087
-52.12747,-0.01104249,1.8106126750444629
-52.13561,-0.0110682,1.8104189765881706
-52.1441,-0.01113384,1.8102170140054197
-52.15237,-0.01119988,1.8100203480685537
-52.16065,-0.01122109,1.8098235068006248
-52.16876,-0.01121996,1.80963076753214
-52.17705,-0.01121717,1.8094338123753642
-52.18541,-0.01125521,1.8092352575173791
-52.1937,-0.01127585,1.8090384280095106
-52.20192,-0.01129995,1.8088433222379559
-52.21033,-0.01131671,1.8086437703036928
-52.21858,-0.01130517,1.8084480772935612
-52.22693,-0.01130747,1.8082500752006676
-52.2352,-0.01132565,1.8080540325297885
-52.24355,-0.01133954,1.8078561564059106
-52.25176,-0.01132447,1.8076616596263935
-52.26006,-0.011289,1.8074650928452818
-52.26845,-0.01129259,1.80726645806409
-52.27683,-0.01129632,1.807068123679267
-52.28507,-0.01128443,1.80687316474856
-52.29338,-0.01127589,1.8066766118388218
-52.30171,-0.01125869,1.80647964856216
-52.31001,-0.01124618,1.806283457028588
-52.31838,-0.01124003,1.8060856739065696
-52.32678,-0.01123367,1.8058872454983854
-52.33511,-0.01122296,1.8056905335634146
-52.34346,-0.01120468,1.8054934121664865
-52.35178,-0.01118944,1.805297061532578
-52.36018,-0.0111837,1.8050988862146768
-52.36842,-0.01117686,1.8049045474352674
-52.3768,-0.01115496,1.8047069694979454
-52.38516,-0.01114884,1.8045099260935729
-52.39346,-0.01114678,1.8043143590822215
-52.40186,-0.01114758,1.8041164989181682
-52.41023,-0.01115438,1.8039194084818937
-52.41863,-0.01115643,1.8037216749083291
-52.42694,-0.01115916,1.8035261222569923
-52.43529,-0.01116259,1.803329690748349
-52.44365,-0.01116665,1.8031330866558677
-52.4519,-0.01115712,1.802939130898976
-52.4603,-0.01116458,1.8027417113512505
-52.46869,-0.01119009,1.8025445899259158
-52.47696,-0.01121105,1.802350349562932
-52.48531,-0.01124752,1.8021542923153167
-52.49362,-0.01126205,1.8019592361890835
-52.502,-0.01125448,1.8017625995200182
-52.51029,-0.01124499,1.8015681364547786
-52.51866,-0.01122248,1.8013718590687575
-52.52699,-0.01119144,1.8011765817915704
-52.53525,-0.01114534,1.8009830066479173
-52.54346,-0.01108487,1.8007906635763993
-52.55182,-0.01107439,1.8005948680749784
-52.5602,-0.01109304,1.80039866667174
-52.56862,-0.01109423,1.8002015917480807
-52.57706,-0.01110923,1.800004112059518
-52.58543,-0.01114225,1.7998083328404846
-52.59384,-0.01119368,1.799611680759572
-52.60217,-0.01125218,1.7994169613154742
-52.61044,-0.01126893,1.7992237054090405
-52.61871,-0.01127272,1.7990305102500614
-52.62708,-0.01128951,1.7988350408192892
-52.63541,-0.01130194,1.7986405672531096
-52.64369,-0.01130956,1.7984473219867376
-52.65193,-0.01130437,1.7982550706118463
-52.66014,-0.01128328,1.7980635790182098
-52.66849,-0.01126958,1.7978688832734715
-52.67682,-0.01126582,1.797674715368164
-52.6852,-0.0112724,1.7974794439425112
-52.69356,-0.0112629,1.7972847004453674
-52.70189,-0.01126645,1.7970907172399322
-52.71019,-0.01125279,1.7968974936345328
-52.71852,-0.01122555,1.7967036328030455
-52.72688,-0.01121442,1.7965091353783875
-52.7352,-0.01120722,1.7963156297880731
-52.7435,-0.01119538,1.7961226501843828
-52.75185,-0.01117554,1.7959285693297962
-52.76018,-0.01114049,1.7957350145507465
-52.76865,-0.01112039,1.795538269408067
-52.77687,-0.0111087,1.7953473917646119
-52.78531,-0.0111055,1.7951514673305886
-52.79369,-0.01110621,1.7949569977018087
-52.80205,-0.01109345,1.7947630537071952
-52.81035,-0.0110635,1.7945705623992265
-52.81874,-0.01104679,1.7943760453202784
-52.82712,-0.01103799,1.7941818217612466
-52.83556,-0.01107155,1.7939862698531064
-52.84398,-0.01110233,1.7937912435815773
-52.8522,-0.0110855,1.7936009097066914
-52.86049,-0.01107808,1.7934090149372435
-52.86887,-0.01106917,1.7932150980340604
-52.87717,-0.01106515,1.79302309295297
-52.88562,-0.01108795,1.7928276798116385
-52.89392,-0.01109828,1.7926357963259294
-52.90225,-0.01110138,1.7924432798226917
-52.91045,-0.01109081,1.7922538269850286
-52.91876,-0.01108803,1.792061892606705
-52.92716,-0.01108506,1.7918679407699183
-52.93541,-0.01108516,1.7916775122739201
-52.9438,-0.01110481,1.7914839131305271
-52.95212,-0.01112834,1.7912919898202375
-52.96047,-0.01111953,1.7910994351069771
-52.96878,-0.01112351,1.790907863084632
-52.97708,-0.01111755,1.7907165815858481
-52.98544,-0.01109047,1.7905239779078932
-52.99371,-0.01108953,1.7903335075049474
-53.002,-0.01110614,1.7901426361269386
-53.01035,-0.01115872,1.7899504436397797
-53.01869,-0.01116871,1.7897585417519748
-53.02702,-0.01114527,1.7895669302178399
-53.03552,-0.01117138,1.7893714702900998
-53.04372,-0.01117879,1.7891829683136855
-53.05209,-0.01118376,1.7889906184657383
-53.0602,-0.01116767,1.7888043015292063
-53.06859,-0.01111531,1.7886116118781374
-53.07707,-0.01111036,1.78841691713578
-53.08539,-0.01111985,1.7882259563318645
-53.09377,-0.0111103,1.7880336789043234
-53.10201,-0.0110895,1.787844672922927
-53.11028,-0.01108561,1.7876550377817626
-53.11876,-0.01111223,1.7874606485542959
-53.1272,-0.01113513,1.7872672378743846
-53.13551,-0.0111156,1.7870768662990155
-53.14389,-0.01111305,1.7868849514026919
-53.15225,-0.01112188,1.7866935548354022
-53.16037,-0.01106486,1.7865077105370033
-53.16876,-0.01100332,1.7863157463141892
-53.17717,-0.01099315,1.786123385279811
-53.1855,-0.01098321,1.7859329140461218
-53.19392,-0.01097574,1.7857404455246013
-53.20224,-0.01096221,1.78555032269318
-53.21053,-0.01093454,1.7853609445348506
-53.21896,-0.01094286,1.785168428695337
-53.2274,-0.0109902,1.7849757455746476
-53.23575,-0.01102702,1.7847851772540069
-53.2441,-0.01104171,1.7845946687050769
-53.25241,-0.0110717,1.7844051320869796
-53.26073,-0.01111201,1.7842154266379748
-53.26906,-0.01114178,1.7840255525440094
-53.27741,-0.01117672,1.7838352821580479
-53.28563,-0.01118545,1.783648032311901
-53.29388,-0.01116294,1.7834601571512527
-53.30217,-0.01116206,1.7832714296622445
-53.31052,-0.0111961,1.783081395566954
-53.3188,-0.01118154,1.7828930133461367
-53.32715,-0.01110886,1.7827030977653973
-53.33545,-0.01101882,1.7825143783356099
-53.34372,-0.01090861,1.7823263994337104
-53.35204,-0.01077664,1.7821373428270033
-53.36044,-0.01071085,1.7819465281770541
-53.36891,-0.0107401,1.7817541842244857
-53.37738,-0.01075224,1.7815619013147517
-53.38579,-0.01072492,1.7813710408706136
-53.39426,-0.01073036,1.7811788795274999
-53.40253,-0.01072037,1.78099131445645
-53.4108,-0.01073169,1.7808038074696504
-53.41925,-0.01082042,1.7806122792813452
-53.42763,-0.0109228,1.7804223975497324
-53.43601,-0.01095976,1.7802325753737973
-53.44429,-0.01097754,1.78004507684544
-53.45248,-0.01099198,1.7798596734894248
-53.46074,-0.01099161,1.7796727430260035
-53.46901,-0.01099153,1.7794856441142262
-53.47728,-0.0109868,1.779298603070313
-53.48576,-0.01100095,1.7791068725582284
-53.49399,-0.01098861,1.7789208526041898
-53.5023,-0.01095937,1.7787330825029954
-53.51064,-0.01092476,1.7785446931675644
-53.51891,-0.0108746,1.7783579430149081
-53.5273,-0.01083959,1.7781685420336912
-53.53561,-0.01083212,1.7779810055400507
-53.54395,-0.01084641,1.77779285054614
-53.55232,-0.0108841,1.7776040776571396
-53.56072,-0.0109047,1.7774146874799293
-53.56914,-0.01093445,1.777224905981317
-53.57748,-0.01094827,1.7770369864353457
-53.58574,-0.01094854,1.7768509271309867
-53.59413,-0.01094624,1.7766619982449572
-53.60239,-0.01094162,1.7764760545192106
-53.61069,-0.01095293,1.7762892680545614
-53.61896,-0.01097659,1.7761032142361581
-53.62734,-0.01100821,1.7759147442330723
-53.63564,-0.01102402,1.77572813151852
-53.64394,-0.01102702,1.7755415765508649
-53.65227,-0.01103074,1.775354405321527
-53.66061,-0.01103059,1.7751670676125375
-53.66904,-0.01105332,1.7749777674428309
-53.67737,-0.01106876,1.774790771231899
-53.68565,-0.01106788,1.7746049549553744
-53.69388,-0.0110539,1.774420317548294
-53.70216,-0.01103818,1.7742346155163964
-53.71051,-0.01104544,1.7740474015234633
-53.71884,-0.0110776,1.7738606939390351
-53.72723,-0.01109803,1.7736727000442793
-53.73554,-0.01110952,1.773486556569451
-53.74388,-0.0111286,1.77329979897246
-53.7522,-0.01112626,1.7731135469804027
-53.76048,-0.01108972,1.7729282476644554
-53.76881,-0.01107949,1.7727418869787148
-53.77713,-0.01109182,1.772555807645369
-53.7854,-0.01107656,1.772370903628122
-53.79355,-0.01105936,1.772188738240923
-53.80203,-0.01107099,1.7719992554184292
-53.81026,-0.01108314,1.7718154158705048
-53.8186,-0.01110496,1.771629176530047
-53.827,-0.01114508,1.7714416556746615
-53.8355,-0.01118863,1.7712519619953375
-53.84372,-0.01119413,1.7710685740138312
-53.8521,-0.01120201,1.7708816740665636
-53.8604,-0.01121338,1.7706966156953903
-53.86859,-0.01120556,1.7705140658034675
-53.87697,-0.01120292,1.7703273383785318
-53.88515,-0.01119177,1.7701451234709378
-53.89346,-0.0111803,1.769960069366487
-53.90178,-0.0111775,1.7697748497359456
-53.91016,-0.0111538,1.7695883521770295
-53.9185,-0.01111087,1.7694028023776625
-53.92685,-0.01108471,1.7692170875918025
-53.93518,-0.01108326,1.7690318749283862
-53.94357,-0.01108762,1.7688453860209843
-53.95186,-0.01108517,1.768661176834311
-53.96027,-0.01108916,1.7684743590052459
-53.96857,-0.01108511,1.76829004177802
-53.97696,-0.01109339,1.7681037835402362
-53.98547,-0.0111325,1.7679149204406297
-53.99387,-0.01116044,1.7677285569639665
-54.00217,-0.01116364,1.7675444690463364
-54.01047,-0.01116983,1.767360437707726
-54.01877,-0.01117212,1.7671764629220545
-54.02705,-0.01115098,1.7669929877718662
-54.03537,-0.01112193,1.7668086829052898
-54.0437,-0.01112002,1.7666242133680705
-54.05199,-0.01113223,1.766440686087598
-54.06043,-0.01114966,1.7662538958717127
-54.06873,-0.0111563,1.7660702609438026
-54.07709,-0.01113695,1.765885355517466
-54.08534,-0.01111934,1.7657029390958807
-54.09372,-0.0111286,1.765517705197572
-54.10227,-0.01114503,1.7653287727113853
-54.11058,-0.01115938,1.7651452008091577
-54.11879,-0.01112487,1.7649638933169052
-54.12709,-0.01107172,1.7647806541973714
-54.13538,-0.01105678,1.7645976919345538
-54.14377,-0.01106821,1.7644125796929173
-54.15219,-0.01107991,1.7642268632164275
-54.16042,-0.01107151,1.764045393296433
-54.16881,-0.01106305,1.7638604521679544
-54.17714,-0.01106546,1.7636768902898896
-54.18549,-0.01106603,1.763492944328823
-54.194,-0.01110783,1.7633055319777098
-54.20229,-0.01113943,1.7631230211860052
-54.21048,-0.01112131,1.762942766786053
-54.21884,-0.01110905,1.7627588270055208
-54.22713,-0.01111444,1.7625764833949353
-54.23546,-0.01111679,1.762393316107211
-54.24384,-0.0111037,1.7622091061399785
-54.25214,-0.01109759,1.7620267108357384
-54.26048,-0.01110948,1.761843492722512
-54.26871,-0.01109576,1.7616627463597347
-54.2771,-0.01110516,1.7614785425160888
-54.28551,-0.01113847,1.7612939567114685
-54.29387,-0.01113048,1.761110525000336
-54.30211,-0.01112305,1.7609297815499252
-54.31053,-0.01112316,1.7607451464752781
-54.31897,-0.0111239,1.7605601302822937
-54.32723,-0.01111121,1.760379115592678
-54.33551,-0.01111093,1.7601977178460273
-54.34386,-0.01111697,1.760014842523148
-54.35207,-0.01109536,1.7598350881576361
-54.3604,-0.01108296,1.7596527619369984
-54.36878,-0.01108469,1.75946939769478
-54.37715,-0.01108988,1.7592863086792891
-54.38551,-0.01108629,1.7591034946624569
-54.39386,-0.01108979,1.7589209554166594
-54.40231,-0.01111812,1.7587362871172196
-54.41066,-0.01113756,1.7585538605854074
-54.41892,-0.01112065,1.7583734554085235
-54.42722,-0.01108793,1.758192231754626
-54.43561,-0.01105579,1.7580090991907689
-54.44389,-0.01101786,1.7578284229874095
-54.45223,-0.01099814,1.7576464930821016
-54.46057,-0.01098665,1.7574646188976724
-54.46881,-0.01097695,1.7572849801565336
-54.47713,-0.01094837,1.7571036524868324
-54.48544,-0.01092293,1.7569225980372005
-54.4939,-0.01093684,1.7567383321802992
-54.5023,-0.01096757,1.7565554297708537
-54.51071,-0.010977,1.7563723660909938
-54.51906,-0.01098879,1.7561906643291354
-54.52739,-0.01100907,1.7560094532307526
-54.53557,-0.01097738,1.7558315591090365
-54.54402,-0.01097047,1.7556478492051006
-54.55235,-0.01099417,1.755466803904873
-54.56064,-0.01099788,1.7552866828541602
-54.56894,-0.01104227,1.7551063993546512
-54.57733,-0.01113083,1.754924216703162
-54.58568,-0.01119704,1.7547429582264065
-54.59393,-0.011268,1.7545639249638194
-54.6023,-0.0113673,1.7543823428683405
-54.61043,-0.01143503,1.7542060207180201
-54.6187,-0.01147276,1.7540267161246974
-54.62701,-0.01149877,1.7538465989626744
-54.63525,-0.01149319,1.7536680531341946
-54.64343,-0.01152669,1.7534908606579052
-54.65169,-0.01142547,1.7533119890711522
-54.65993,-0.01134187,1.7531336044521098
-54.66841,-0.01137911,1.752950080311463
-54.67676,-0.01142394,1.7527694252548982
-54.6852,-0.01137474,1.7525868790824575
-54.69336,-0.01123876,1.7524104425107545
-54.70166,-0.01109586,1.7522310328425132
-54.71021,-0.01095148,1.7520462761886675
-54.71858,-0.01078152,1.7518654650760306
-54.72702,-0.01064196,1.7516831978061291
-54.73554,-0.0106285,1.7514992598958554
-54.74406,-0.01071756,1.7513153792393186
-54.75246,-0.01075355,1.7511341444749697
-54.76085,-0.01065182,1.75095318096779
-54.76914,-0.01067795,1.7507744288115532
-54.77751,-0.0107856,1.7505940065548797
-54.7861,-0.01098562,1.750408899337606
-54.79431,-0.0110546,1.7502320350415945
-54.80264,-0.01111964,1.7500526397998346
-54.81067,-0.01108785,1.7498797569889222
-54.81915,-0.01109372,1.7496972408364595
-54.82738,-0.01113542,1.7495201594531782
-54.83568,-0.01113552,1.7493416257444059
-54.84404,-0.01119014,1.7491618560558266
-54.85233,-0.01125616,1.7489836457266263
-54.86061,-0.01129036,1.7488057041290643
-54.86893,-0.01124428,1.7486269570046291
-54.87715,-0.01123795,1.7484504115100727
-54.88541,-0.01125361,1.7482730601812029
-54.89368,-0.01129116,1.7480955476113098
-54.90207,-0.01133607,1.7479155139323526
-54.91046,-0.01136677,1.7477355352696007
-54.91873,-0.01137531,1.7475581846120622
-54.927,-0.01136399,1.7473808873595864
-54.93527,-0.01132229,1.7472036434880542
-54.94353,-0.01128447,1.7470266671981212
-54.95183,-0.0112569,1.7468488874710815
-54.96005,-0.01120084,1.7466728742059003
-54.96841,-0.01116511,1.7464939171425917
-54.97681,-0.01115442,1.7463141586425257
-54.98512,-0.01112439,1.7461363801697622
-54.99358,-0.01111261,1.7459554478904629
-55.002,-0.01109768,1.7457754263481329
-55.01035,-0.01104617,1.7455969558455817
-55.01878,-0.0110171,1.7454168303986384
-55.02713,-0.01100322,1.7452384687335138
-55.03543,-0.01098309,1.7450612287393774
-55.04376,-0.01096749,1.7448834018606285
-55.05214,-0.01095392,1.7447045618935069
-55.06053,-0.01094683,1.7445255630485215
-55.069,-0.01097006,1.7443449127458277
-55.07736,-0.01099463,1.7441666630354105
-55.08572,-0.0110045,1.743988467428582
-55.09401,-0.0110036,1.7438118172919341
-55.10234,-0.01100785,1.7436343683408002
-55.11067,-0.01101063,1.743456973032627
-55.11905,-0.01105559,1.7432785670290034
-55.12737,-0.01108589,1.7431014920537655
-55.13565,-0.01099429,1.7429253214571698
-55.14398,-0.0109182,1.742748140413514
-55.15225,-0.01086705,1.742572288528573
-55.1608,-0.01089485,1.742390538208293
-55.16913,-0.01091563,1.7422135186833652
-55.17743,-0.01082238,1.742037189843746
-55.18581,-0.01084426,1.7418592152584154
-55.19415,-0.01098091,1.7416821438503898
-55.20261,-0.01119336,1.7415025793164491
-55.21088,-0.01136645,1.7413271007453601
-55.21903,-0.01145884,1.741154219840515
-55.22722,-0.01153508,1.740980541841505
-55.23552,-0.01155668,1.7408045837171442
-55.24358,-0.01154615,1.740633764140557
-55.25192,-0.01152739,1.7404570628495808
-55.26025,-0.01151106,1.74028062667107
-55.26852,-0.01144629,1.7401055139526078
-55.27678,-0.0113248,1.7399306652811544
-55.28514,-0.01127002,1.739753752997641
-55.29353,-0.0112542,1.7395762596455682
-55.30193,-0.01119571,1.7393986086923188
-55.3102,-0.01122063,1.7392237598128375
-55.31856,-0.01119523,1.7390470612394826
-55.3269,-0.01117718,1.7388708385974994
-55.33547,-0.01119101,1.7386898114355946
-55.34363,-0.01117356,1.738517496954934
-55.35198,-0.0111281,1.7383412228433381
-55.36035,-0.01110503,1.7381645798843395
-55.36867,-0.01107095,1.7379890450682667
-55.37703,-0.01103636,1.7378127194614805
-55.38545,-0.01100949,1.7376351821642686
-55.39374,-0.01095944,1.7374604386705066
-55.40215,-0.01090269,1.7372832191530474
-55.41048,-0.01084711,1.7371077384639153
-55.41884,-0.01081357,1.7369316788297984
-55.42728,-0.01077705,1.736753988288799
-55.4357,-0.01071218,1.7365767727294865
-55.44408,-0.01064251,1.736400452491952
-55.4525,-0.01061651,1.7362233443036832
-55.46092,-0.01066009,1.7360462898920535
-55.46939,-0.01071858,1.7358682383202702
-55.47762,-0.01074475,1.7356952839721673
-55.48605,-0.01080224,1.7355181797947412
-55.49439,-0.01098147,1.735343019357452
-55.50273,-0.01125996,1.7351679115603864
-55.51094,-0.01152866,1.7349955846541238
-55.5191,-0.01170514,1.7348243577435514
-55.52727,-0.01188376,1.7346529714138654
-55.53543,-0.01190936,1.7344818451932396
-55.54358,-0.01157786,1.734310978874606
-55.55176,-0.01120391,1.7341395340129635
-55.56026,-0.01114527,1.7339614357456212
-55.56883,-0.01126031,1.7337819259466145
-55.57709,-0.01131197,1.7336089618941908
-55.58542,-0.01120871,1.7334345841049683
-55.59369,-0.01110177,1.7332615140315384
-55.6021,-0.01121462,1.7330855669120409
-55.61054,-0.01131066,1.73290904565933
-55.61888,-0.01137631,1.7327346685154392
-55.62709,-0.01137618,1.7325630605519722
-55.63542,-0.01136496,1.7323889960748025
-55.64372,-0.01136658,1.7322156103150546
-55.65198,-0.01134501,1.7320431114939665
-55.66026,-0.01133253,1.731870246384045
-55.66861,-0.01127642,1.7316959719310399
-55.67691,-0.01123713,1.7315227928417722
-55.68527,-0.01118727,1.7313484140419897
-55.69367,-0.01117533,1.7311732536211029
-55.7019,-0.01116099,1.7310016893499145
-55.71037,-0.01117213,1.730825174918063
-55.71877,-0.01117789,1.730650172284851
-55.72713,-0.01117634,1.7304760553791305
-55.73552,-0.01119027,1.7303013661664948
-55.74391,-0.01121772,1.7301267295387066
-55.7522,-0.01122794,1.7299542260215741
-55.76048,-0.01122276,1.7297819817906874
-55.76892,-0.01123379,1.7296064618070424
-55.77722,-0.01124141,1.7294339050960232
-55.78551,-0.01124112,1.7292616075393052
-55.79387,-0.01125868,1.7290879069689913
-55.8022,-0.01128087,1.7289148814921274
-55.8105,-0.01129992,1.7287425305274096
-55.81874,-0.011289,1.7285714761744893
-55.82709,-0.01129408,1.7283981898393774
-55.83547,-0.01131986,1.7282243330270166
-55.84381,-0.0113386,1.7280513578855023
-55.85214,-0.01137119,1.7278786417136387
-55.86049,-0.01140022,1.7277055625541418
-55.86874,-0.01141008,1.7275346070092148
-55.87706,-0.01141547,1.727362252058358
-55.88535,-0.01142935,1.7271905696215555
-55.89368,-0.01143985,1.7270181100975996
-55.90201,-0.0114351,1.7268457019702872
-55.91029,-0.01142141,1.7266743796177768
-55.91858,-0.01141823,1.7265029011823976
-55.92691,-0.01140698,1.7263306465527952
-55.93518,-0.01137804,1.72615968340497
-55.94344,-0.01135963,1.7259889774386417
-55.95186,-0.01136003,1.7258150166947086
-55.96004,-0.01134896,1.725646064584657
-55.96838,-0.01133778,1.7254738586323204
-55.97679,-0.01135341,1.7253002592681717
-55.98518,-0.01136358,1.725127124714076
-55.99353,-0.01136162,1.7249548671069674
-56.00191,-0.01137372,1.7247820422553444
-56.01032,-0.0113874,1.7246086506915153
-56.01862,-0.01138625,1.724437578076718
-56.0269,-0.01138361,1.7242669681884952
-56.03523,-0.01139845,1.7240953789250084
-56.04355,-0.01140632,1.7239240465673569
-56.05182,-0.01140335,1.7237537942568144
-56.06009,-0.01139766,1.723583592177608
-56.06853,-0.0113956,1.7234099431534946
-56.07677,-0.01138989,1.7232404594629824
-56.0851,-0.01137995,1.7230691752354903
-56.09349,-0.01137685,1.722896708691151
-56.10181,-0.01136978,1.7227257320218365
-56.11008,-0.01134594,1.7225558331052104
-56.11836,-0.01132137,1.7223857789144228
-56.12669,-0.01131925,1.7222147484556811
-56.13504,-0.01132705,1.7220433583016952
-56.14339,-0.01133589,1.7218720191281647
-56.15178,-0.01135125,1.721699910492597
-56.1601,-0.01135984,1.721529288587449
-56.16847,-0.01135291,1.721357692313855
-56.17685,-0.01135258,1.721185942252013
-56.18518,-0.01134922,1.7210152677271835
-56.1936,-0.01136086,1.7208428006036272
-56.20198,-0.01136338,1.7206712041106025
-56.21027,-0.01134421,1.7205015008823121
-56.21851,-0.01133064,1.7203328707929115
-56.22688,-0.01131976,1.7201616308783274
-56.23509,-0.01129523,1.719993713889317
-56.24352,-0.0112753,1.7198213483082139
-56.25189,-0.01126859,1.7196502606401314
-56.26025,-0.01125774,1.7194794281930847
-56.2686,-0.01125906,1.719308850762237
-56.27692,-0.01127352,1.7191389365302863
-56.28531,-0.0113103,1.7189676436000796
-56.29363,-0.01134882,1.7187978302340778
-56.30196,-0.01137548,1.7186278630441993
-56.31029,-0.01140392,1.7184579461409273
-56.31865,-0.0114423,1.7182874678281528
-56.32701,-0.01147978,1.7181170401198287
-56.33527,-0.01152884,1.7179487006985146
-56.34348,-0.01155611,1.7177814291910973
-56.35179,-0.01157274,1.7176121699062263
-56.35997,-0.01157941,1.7174456072279671
-56.3683,-0.0115975,1.7172760399018596
-56.37657,-0.01160522,1.7171077435182736
-56.38495,-0.01160337,1.7169372589671532
-56.39327,-0.0116082,1.7167680451940455
-56.40141,-0.01157513,1.7166025406102436
-56.40974,-0.01155261,1.716433222347772
-56.41805,-0.01154654,1.7162643604307486
-56.42639,-0.01152827,1.7160949389106763
-56.43468,-0.01147983,1.7159265827324615
-56.44313,-0.01146312,1.7157550281141392
-56.45146,-0.01144184,1.7155859600442573
-56.45989,-0.01141461,1.715414913135679
-56.46829,-0.01139633,1.7152445257329378
-56.47661,-0.01137083,1.7150758110304425
-56.48492,-0.0113396,1.7149073487224555
-56.49333,-0.01130469,1.714736909649334
-56.50179,-0.01127805,1.7145655084555727
-56.51015,-0.01126033,1.7143961836944337
-56.51854,-0.01123191,1.7142263016702128
-56.52699,-0.01122217,1.7140552557282813
-56.53532,-0.01121895,1.7138866888875839
-56.54367,-0.01120838,1.7137177671700474
-56.55197,-0.01119324,1.713549906395834
-56.56032,-0.01117567,1.7133810841239936
-56.56877,-0.01115373,1.7132102907664422
-56.57715,-0.01115917,1.7130409626501155
-56.58548,-0.01117248,1.7128726945499095
-56.59389,-0.01118311,1.7127028606798365
-56.60219,-0.01119062,1.712535297662511
-56.6105,-0.01119346,1.7123675819856738
-56.61885,-0.01118933,1.7121991086007573
-56.62718,-0.01118026,1.7120310882512602
-56.63551,-0.01117073,1.7118631173269208
-56.64401,-0.01118554,1.7116917693503688
-56.65222,-0.01117183,1.711526316179666
-56.66051,-0.01113785,1.7113592994485929
-56.66884,-0.01112251,1.7111915260661767
-56.67716,-0.01111074,1.7110240033198556
-56.68544,-0.01108532,1.7108573347935554
-56.69376,-0.01106213,1.7106899101417863
-56.70212,-0.01105633,1.710521730051716
-56.71051,-0.01106456,1.7103529962964537
-56.71886,-0.01108958,1.7101851165555866
-56.72723,-0.01110484,1.7100168843075894
-56.73563,-0.01111792,1.7098480989811868
-56.74402,-0.01113451,1.709679564472168
-56.75237,-0.01113974,1.7095118829398666
-56.76064,-0.0111365,1.7093458565653945
-56.76907,-0.01112813,1.709176667858043
-56.77736,-0.01113313,1.7090103379234258
-56.78566,-0.01113671,1.7088438560016734
-56.79393,-0.01113676,1.708678024218433
-56.80216,-0.01112006,1.7085130424617656
-56.81052,-0.01111004,1.7083455036144715
-56.81885,-0.01110728,1.7081786150194875
-56.82716,-0.01111028,1.708012175868018
-56.83553,-0.0111188,1.7078445841887988
-56.8439,-0.01113482,1.707677041863771
-56.85237,-0.01116903,1.707507548058243
-56.86066,-0.01118648,1.7073417051437674
-56.86899,-0.01120204,1.7071751107237882
-56.87729,-0.01121749,1.7070091648178032
-56.88562,-0.01123792,1.7068426677954815
-56.89391,-0.01125723,1.7066770186826674
-56.90234,-0.0112682,1.7065086216138035
-56.91057,-0.0112759,1.7063442678574474
-56.91892,-0.01129367,1.7061775662644338
-56.92719,-0.01129898,1.7060125100149857
-56.93549,-0.01129589,1.7058469032232795
-56.9438,-0.01128633,1.7056811452695464
-56.95212,-0.01126311,1.7055152363072699
-56.96036,-0.0112299,1.7053509703941478
-56.96867,-0.01120076,1.7051853571445497
-56.97696,-0.01119111,1.7050201906174003
-56.98541,-0.01119436,1.704851885772165
-56.99367,-0.01119496,1.704687413532064
-57.00205,-0.01117941,1.7045206005748916
-57.01038,-0.01116259,1.7043548315236627
-57.01874,-0.01115978,1.704188514162186
-57.02721,-0.01117453,1.7040200581441738
-57.03557,-0.01118204,1.7038538389289348
-57.04399,-0.01117751,1.703686475998611
-57.05226,-0.01116312,1.703522142681114
-57.06068,-0.01116097,1.7033548776495477
-57.06885,-0.01114075,1.7031926260998778
-57.07718,-0.01112338,1.7030272448638843
-57.08557,-0.01113905,1.7028607211945155
-57.09386,-0.01115487,1.7026962303827418
-57.10214,-0.01116138,1.7025319856663867
-57.11054,-0.01117852,1.7023654092572054
-57.1189,-0.01121149,1.7021996747136239
-57.1273,-0.01125935,1.7020331960376214
-57.13561,-0.01130963,1.701868549228756
-57.14392,-0.01134951,1.7017039503065243
-57.15225,-0.01138304,1.7015390032763364
-57.16052,-0.01139687,1.7013752918972744
-57.16879,-0.01139431,1.701211627882976
-57.17706,-0.01139266,1.7010480112128885
-57.18536,-0.01140578,1.7008838485934161
-57.19365,-0.01141227,1.7007199313210468
-57.2019,-0.011391,1.700556852132534
-57.21016,-0.01136631,1.7003936223915472
-57.21848,-0.01134327,1.7002292546044564
-57.22679,-0.01132166,1.700065132082369
-57.23518,-0.01131267,1.699899477908517
-57.24358,-0.01131428,1.6997336749378706
-57.25186,-0.01130673,1.69957028819675
-57.26021,-0.01129676,1.6994055680200963
-57.26859,-0.01130748,1.6992403043273807
-57.2769,-0.01131956,1.699076468873141
-57.28532,-0.01135922,1.6989105131995421
-57.29373,-0.01138767,1.6987448033144292
-57.30208,-0.01138592,1.6985803237858033
-57.31038,-0.01137845,1.6984168766635293
-57.31874,-0.01139842,1.6982522958460007
-57.327,-0.01141514,1.6980897308423604
-57.33537,-0.01141808,1.6979250487090254
-57.3436,-0.01141883,1.697763167990848
-57.35184,-0.01139414,1.6976011371213198
-57.36026,-0.01138281,1.6974356148315923
-57.36871,-0.01141332,1.69726955164235
-57.37703,-0.01143464,1.6971060910611788
-57.38522,-0.01142775,1.696945230845155
-57.39354,-0.01141481,1.6967818643004073
-57.40193,-0.01140921,1.6966171712344864
-57.41017,-0.01140155,1.6964554694751817
-57.41863,-0.01141671,1.6962894987219306
-57.42696,-0.01141485,1.696126126126126
-57.43527,-0.01139484,1.6959631929997019
-57.4435,-0.01135513,1.695801874885757
-57.45184,-0.01130723,1.6956384477851363
-57.46021,-0.01128078,1.695474480514429
-57.46852,-0.01122879,1.695311735886012
-57.47687,-0.01114688,1.6951482552894754
-57.48531,-0.01111917,1.6949830608898169
-57.49358,-0.0110982,1.6948212409107244
-57.50195,-0.01106961,1.6946575116148233
-57.51038,-0.01108859,1.6944926568038676
-57.51869,-0.01111579,1.694330195976299
-57.52718,-0.01114123,1.694164264613701
-57.53572,-0.01120126,1.693997405437874
-57.54392,-0.01122457,1.6938372359755816
-57.55225,-0.01124613,1.6936745739740844
-57.56064,-0.01130803,1.693510787927306
-57.56885,-0.01132592,1.693350561979265
-57.57707,-0.01133145,1.6931901866489558
-57.58543,-0.01136838,1.6930271268270465
-57.59372,-0.01139374,1.6928654790834834
-57.60213,-0.01139757,1.6927015389882283
-57.61041,-0.01142641,1.6925401798043098
-57.61861,-0.01143427,1.6923804253521562
-57.62695,-0.01146261,1.6922179900202945
-57.63524,-0.01147727,1.6920565751092558
-57.64354,-0.0114679,1.69189501199961
-57.65183,-0.01147558,1.6917336899800057
-57.66023,-0.0114812,1.6915702746936665
-57.66847,-0.01146772,1.6914100183341088
-57.67673,-0.01143706,1.691249418959778
-57.68507,-0.01142313,1.6910873108067648
-57.69334,-0.01140979,1.6909266095531996
-57.7016,-0.01140644,1.6907661485989989
-57.70998,-0.01140985,1.6906034034321271
-57.71835,-0.01141424,1.690440899644567
-57.72665,-0.01141776,1.6902798014435274
-57.73509,-0.01144147,1.690116033420923
-57.74342,-0.01145728,1.689954446757743
-57.75191,-0.01147181,1.6897898043545228
-57.76013,-0.01147938,1.6896304440450534
-57.76849,-0.01147708,1.6894684160863473
-57.77675,-0.01145777,1.689308372312392
-57.78508,-0.01144909,1.6891470185729602
-57.79338,-0.01143918,1.688986292201633
-57.8017,-0.0114156,1.6888252248636286
-57.80992,-0.01138243,1.688666138960234
-57.81825,-0.01136123,1.6885049703164658
-57.82665,-0.01136416,1.6883424943343597
-57.83493,-0.01135431,1.6881823856275093
-57.84332,-0.01133209,1.688020196627718
-57.8517,-0.01133698,1.6878582478993702
-57.86011,-0.0113513,1.6876957665652554
-57.86842,-0.01135204,1.6875352636204686
-57.87682,-0.01134318,1.6873730692183848
-57.88525,-0.01137952,1.6872103428766394
-57.89362,-0.01140064,1.6870488216145407
-57.90193,-0.01140548,1.6868885044073658
-57.91023,-0.01140943,1.6867284260483855
-57.91858,-0.01141905,1.6865674296572877
-57.92693,-0.01144343,1.6864064796805218
-57.9352,-0.01145994,1.6862471174691724
-57.94353,-0.01147513,1.6860866450490675
-57.95183,-0.0115039,1.6859267964445643
-57.96018,-0.01161403,1.6857660310923808
-57.96851,-0.01163492,1.6856056969551227
-57.97676,-0.01161144,1.6854469480529786
-57.985,-0.01158845,1.6852884366646546
-57.99344,-0.01153811,1.685126124609956
-58.00134,-0.01139679,1.6849742402503116
-58.00996,-0.01133094,1.6848085604609966
-58.01822,-0.01127983,1.6846498462034858
-58.02664,-0.01120848,1.6844881040846067
-58.03505,-0.0111965,1.6843266009075548
-58.04349,-0.01120321,1.6841645686708362
-58.05193,-0.01121226,1.6840025835489016
-58.06024,-0.01123563,1.6838431394703157
-58.06873,-0.01127166,1.6836802888577034
-58.07697,-0.01128749,1.68352227914094
-58.08533,-0.01131238,1.6833620141264585
-58.09363,-0.01133972,1.6832029449700423
-58.10194,-0.0113918,1.683043729693019
-58.11028,-0.0114498,1.6828839854153173
-58.11861,-0.01146555,1.6827244784415871
-58.12691,-0.0115025,1.6825655913930397
-58.13524,-0.0115253,1.682406175669009
-58.14337,-0.01154948,1.6822506314993437
-58.1517,-0.01155699,1.6820913060151295
-58.16011,-0.01158937,1.6819304966926643
-58.16834,-0.01160263,1.6817731742043867
-58.1767,-0.01160172,1.681613412242358
-58.18494,-0.01159994,1.6814559884396205
-58.1933,-0.01161902,1.6812963176173201
-58.20157,-0.01162648,1.6811384108710472
-58.20979,-0.01159154,1.6809815032832107
-58.21806,-0.0115509,1.680823685983353
-58.2264,-0.01152186,1.680664578266903
-58.23476,-0.01149325,1.6805051347339628
-58.24306,-0.01148189,1.6803468808129245
-58.25147,-0.01149526,1.6801865755490808
-58.25978,-0.01149132,1.6800282218710745
-58.26808,-0.01148053,1.679870103837298
-58.27649,-0.01148895,1.6797099362024035
-58.28488,-0.01150969,1.6795501955224066
-58.29332,-0.01151722,1.6793895492656792
-58.30167,-0.01150693,1.6792306618318138
-58.31007,-0.01149581,1.6790708688910851
-58.31831,-0.01148316,1.6789141643507848
-58.32666,-0.0114735,1.6787554130478242
-58.33498,-0.01147205,1.6785972773111433
-58.34323,-0.01147604,1.6784405165775018
-58.35155,-0.0114664,1.6782824706455957
-58.35994,-0.01145971,1.6781231406337977
-58.36835,-0.01149124,1.677963476781509
-58.37677,-0.01150674,1.6778036691649776
-58.3851,-0.01148716,1.677645615062747
-58.39343,-0.01148676,1.6774876060543114
-58.40175,-0.01147913,1.6773298317259329
-58.40999,-0.01144457,1.6771736187593937
-58.41832,-0.01141185,1.6770157443760794
-58.42674,-0.0114003,1.676856210016167
-58.43506,-0.0113746,1.676698615522941
-58.4433,-0.01131205,1.6765425805866538
-58.45177,-0.01126318,1.6763822361581178
-58.46019,-0.01125886,1.6762228843252136
-58.46854,-0.01126663,1.6760649025954812
-58.47687,-0.01128464,1.6759073442200307
-58.48526,-0.01130097,1.6757486963381885
-58.49358,-0.01134241,1.6755914170409811
-58.50208,-0.01142441,1.6754307812645295
-58.51038,-0.01148571,1.675273970191272
-58.51874,-0.01152282,1.6751160705100623
-58.52696,-0.0115522,1.6749608590639253
-58.53531,-0.0115798,1.6748032375672053
-58.54356,-0.01158988,1.674647547911333
-58.55177,-0.01157197,1.6744926566694738
-58.56004,-0.01154848,1.6743366773656576
-58.56841,-0.01152235,1.6741788568274263
-58.57669,-0.01143938,1.6740227776612162
-58.58498,-0.01136218,1.6738665541918762
-58.59331,-0.01131809,1.673709621456784
-58.60175,-0.01128585,1.673550661882964
-58.60999,-0.01120029,1.6733955132904814
-58.6185,-0.01115193,1.673235326731322
-58.62698,-0.01119056,1.6730757511302814
-58.63538,-0.01122052,1.672917726464807
-58.64372,-0.01123217,1.6727608753332839
-58.65202,-0.01126622,1.6726048207717312
-58.66049,-0.01134717,1.6724456154389435
-58.6689,-0.01140509,1.6722875833704056
-58.67716,-0.01139483,1.6721324140432152
-58.68543,-0.01139335,1.671977100619353
-58.6937,-0.01140903,1.6718218309631188
-58.7019,-0.01140429,1.671667918755611
-58.71014,-0.01138904,1.6715132990655448
-58.71855,-0.01141752,1.6713555341540278
-58.72694,-0.0114728,1.6711981894510424
-58.73529,-0.01150467,1.6710416395322132
-58.74358,-0.01151144,1.6708862585494448
-58.75185,-0.01150385,1.6707312961208882
-58.76019,-0.01151528,1.670575066214047
-58.76848,-0.01151082,1.6704198168814304
-58.77675,-0.01150757,1.6702649857299017
-58.78505,-0.01152779,1.6701096367188595
-58.79338,-0.01154319,1.6699537703054324
-58.80173,-0.01154112,1.6697975739829425
-58.81007,-0.01156737,1.6696416089965544
-58.81836,-0.01155552,1.6694866228844192
-58.82671,-0.01158941,1.669330559196664
-58.83496,-0.01159471,1.6691764080403897
-58.84325,-0.0115939,1.6690215530243484
-58.85162,-0.01159589,1.668865247889523
-58.85997,-0.01160971,1.6687093605382404
-58.86833,-0.01165751,1.6685533307977312
-58.87659,-0.01168514,1.668399210959738
-58.88486,-0.01166673,1.66824494785247
-58.89323,-0.01161556,1.6680888635247206
-58.90154,-0.01154451,1.667933941964845
-58.90991,-0.0115046,1.6677779460196085
-58.91818,-0.01147118,1.6676238573560824
-58.92644,-0.01142113,1.667469998187571
-58.93477,-0.01136162,1.667314878805839
-58.94316,-0.01134432,1.667158686436221
-58.95172,-0.01137384,1.6669993750818466
-58.96021,-0.01138056,1.666841412199855
-58.96854,-0.0113591,1.666686470446784
-58.97687,-0.01132299,1.6665315724622212
-58.98512,-0.01132365,1.6663782052151457
-58.99356,-0.01134751,1.6662213502626386
-59.00182,-0.01135821,1.6660678840076457
-59.01022,-0.01138914,1.6659118606912497
-59.01862,-0.01146583,1.6657558817878155
-59.02704,-0.01153386,1.665599576058701
-59.03534,-0.01153935,1.6654455416027076
-59.04359,-0.01154021,1.6652924779810983
-59.05191,-0.0115649,1.6651381589520136
-59.06017,-0.01156852,1.664984995810205
-59.06845,-0.01154003,1.6648315048050186
-59.07658,-0.01150231,1.6646808362975651
-59.08501,-0.01150458,1.6645246518533212
-59.09343,-0.01150443,1.6643686971631193
-59.10165,-0.01147219,1.664216489725752
-59.10997,-0.01145665,1.664062473724822
-59.11835,-0.01147032,1.6639073908524171
-59.12672,-0.01148749,1.6637525369240844
-59.13498,-0.01149127,1.6635997610889528
-59.14334,-0.01151216,1.6634451791190688
-59.15176,-0.01153564,1.6632895318752983
-59.16011,-0.011528,1.663135222365205
-59.16843,-0.01149888,1.6629815105792058
-59.17668,-0.01150064,1.6628291347199609
-59.18501,-0.01147078,1.6626753243768988
-59.19328,-0.01144699,1.6625226647349156
-59.20161,-0.01144681,1.662368940641986
-59.20998,-0.01145702,1.662214521943767
-59.21841,-0.01147835,1.6620590404234088
-59.22676,-0.01150393,1.6619050780424254
-59.23511,-0.01151262,1.6617511590676544
-59.24338,-0.0115096,1.6615987575320652
-59.25177,-0.01151222,1.6614441880807949
-59.26015,-0.01152638,1.661289846549494
-59.26857,-0.01154456,1.6611348122622158
-59.27692,-0.01154937,1.6609811103545864
-59.28516,-0.01154159,1.6608294757069055
-59.29349,-0.01155834,1.660676227693799
-59.30173,-0.01156525,1.660524677779215
-59.31003,-0.01156248,1.6603720669168438
-59.31833,-0.01156627,1.6602194987620185
-59.32663,-0.01156698,1.6600669732968147
-59.33501,-0.01157246,1.6599130209972155
-59.34335,-0.01158131,1.6597598467225056
-59.35172,-0.01158652,1.6596061647413083
-59.36012,-0.01160423,1.6594519755013972
-59.36845,-0.01160413,1.6592991142601834
-59.37671,-0.01157464,1.6591475799181192
-59.38506,-0.01154513,1.6589944373214407
-59.39337,-0.01150293,1.6588420710931202
-59.40172,-0.01144618,1.6586890143921758
-59.4101,-0.01138377,1.658535451042836
-59.4185,-0.01132183,1.6583815646642037
-59.42677,-0.01127447,1.6582301023595933
-59.43521,-0.01124526,1.6580755700198586
-59.44353,-0.0112343,1.6579232777730395
-59.45198,-0.01123354,1.6577686495891304
-59.46039,-0.0112791,1.657614797010245
-59.46886,-0.0113564,1.657459890773087
-59.47717,-0.01140526,1.6573079536232136
-59.48554,-0.01142899,1.6571549623656439
-59.49381,-0.01145267,1.6570038412399541
-59.50215,-0.01148553,1.6568514835178223
-59.5105,-0.0115217,1.6566989858932457
-59.51868,-0.01152024,1.6565496345013027
-59.52699,-0.01148675,1.6563979515846508
-59.53531,-0.01145927,1.6562461285579935
-59.54367,-0.01143114,1.6560936183476764
-59.55199,-0.01141449,1.6559418803636956
-59.56039,-0.0114151,1.6557887263666338
-59.56862,-0.01138781,1.6556387138060273
-59.577,-0.0113653,1.6554860097017308
-59.58545,-0.01135884,1.6553320735179478
-59.59383,-0.01136519,1.6551794556584132
-59.60219,-0.01135031,1.6550272448042596
-59.61058,-0.01134209,1.6548745306621746
-59.61894,-0.01136373,1.6547224053295815
-59.62726,-0.0113646,1.6545710502209894
-59.63557,-0.01139299,1.6544199191858149
-59.64406,-0.01145855,1.6542655580455121
-59.65244,-0.01148499,1.6541132399613496
-59.66075,-0.01151099,1.653962236478757
-59.66911,-0.01155421,1.6538103668715687
-59.67735,-0.01157953,1.6536607188489434
-59.68559,-0.01162043,1.6535111121461648
-59.69383,-0.0116383,1.6533615467461211
-59.70178,-0.01159989,1.6532172843087762
-59.71013,-0.0115871,1.6530658047470337
-59.71838,-0.01160457,1.6529161809144854
-59.72662,-0.01160763,1.6527667797039243
-59.73492,-0.01161007,1.6526163322893876
-59.74315,-0.01159588,1.6524671949838599
-59.7515,-0.0115956,1.6523159251232187
-59.75986,-0.01161454,1.65216451644967
-59.76825,-0.0116292,1.652012607027979
-59.77652,-0.01162464,1.6518629120597854
-59.78487,-0.01163304,1.6517118110317877
-59.79314,-0.0116192,1.6515621992757028
-59.80154,-0.01161474,1.6514102780630733
-59.80978,-0.01162361,1.6512612920495608
-59.81821,-0.01159084,1.6511089131553751
-59.82657,-0.01161672,1.650957841975564
-59.83502,-0.01163491,1.6508051873300955
-59.84341,-0.01163549,1.6506536592750982
-59.85169,-0.01159818,1.650504159531669
-59.86,-0.01165417,1.6503541597059805
-59.86844,-0.01171046,1.6502018559361158
-59.87665,-0.01173341,1.6500537438216734
-59.88496,-0.01172556,1.6499038690181975
-59.89331,-0.0116806,1.6497533146857304
-59.90176,-0.01165349,1.6496010000373946
-59.91003,-0.01159584,1.6494519715646945
-59.91827,-0.01150004,1.6493035246177836
-59.92659,-0.01144145,1.6491536778581928
-59.93492,-0.01140809,1.649003692671985
-59.9433,-0.01140518,1.6488528492758991
-59.95163,-0.01146136,1.6487029476929984
-59.95976,-0.01152321,1.6485566853503082
-59.96796,-0.0115462,1.6484092038481881
-59.9763,-0.01155003,1.6482592457353986
-59.98474,-0.01152247,1.6481075320156426
-59.99338,-0.01150249,1.6479522674001696
