Temp./°C,DSC/(mW/mg),pore radius in nm
-0.31441,-0.001331495,206.25684202156418
-0.31224,-0.001292094,207.68632077888802
-0.31392,-0.001767574,206.57790010193682
-0.31676,-0.002473674,204.73087889885088
-0.32112,-0.003022261,201.95888888888888
-0.32677,-0.003387405,198.47678458854853
-0.33342,-0.004603302,194.52957051166698
-0.34093,-0.005528632,190.25703252867157
-0.34883,-0.00590576,185.9611647507382
-0.35762,-0.006879182,181.40440523460657
-0.3662,-0.008009981,177.167487711633
-0.37508,-0.008448665,172.98655113575768
-0.38408,-0.009566843,168.94637992084984
-0.39287,-0.01062346,165.17915824573015
-0.40166,-0.01084103,161.57682168998656
-0.41048,-0.01168329,158.11726174235042
-0.41902,-0.01256404,154.9063085294258
-0.42738,-0.01296814,151.88732884084422
-0.43578,-0.01324443,148.97056909449722
-0.44392,-0.01399683,146.24940169399892
-0.45189,-0.01446908,143.68004890570714
-0.45976,-0.01492698,141.2303445275796
-0.4677,-0.0152697,138.84239683557837
-0.47539,-0.01575823,136.60567597130776
-0.48308,-0.01567962,134.44016643206095
-0.49095,-0.0158216,132.29420816783787
-0.49873,-0.01561558,130.2393601748441
-0.50688,-0.01559887,128.15443813131313
-0.51482,-0.01612558,126.18672040713257
-0.52275,-0.01629179,124.28114299378286
-0.53096,-0.01564517,122.36825222238963
-0.53926,-0.01563037,120.49359900604533
-0.54741,-0.01584415,118.70814142964142
-0.55559,-0.01572696,116.96878327543692
-0.56395,-0.01528526,115.24328663888643
-0.57243,-0.01521571,113.54451216742659
-0.58086,-0.01538752,111.90491719175016
-0.58931,-0.01534621,110.30850774634742
-0.59782,-0.01501944,108.74637415944598
-0.60652,-0.01479052,107.19467849370177
-0.61507,-0.01488807,105.71250410522379
-0.6237,-0.01476132,104.25767035433701
-0.63231,-0.01465969,102.84578244848254
-0.64095,-0.01449463,101.4671058584913
-0.64955,-0.01449754,100.1312347009468
-0.6581,-0.01451291,98.83774046497491
-0.66667,-0.01406955,97.57451497742511
-0.6754,-0.01399473,96.3206662718389
-0.68398,-0.01428608,95.11954823240444
-0.6924,-0.01432637,93.96976891969959
-0.70088,-0.01426778,92.83971806871362
-0.70924,-0.01443708,91.75211042806384
-0.7177,-0.0143928,90.67728716734011
-0.72609,-0.01434537,89.63609373493644
-0.73457,-0.01430501,88.60789972364785
-0.74297,-0.01461008,87.61254545943981
-0.75133,-0.01454831,86.64402872239893
-0.75975,-0.01447088,85.69010529779531
-0.76817,-0.01457803,84.75709400262961
-0.77654,-0.01452251,83.84967651376618
-0.78499,-0.01444195,82.95321507280347
-0.79338,-0.01447435,82.08201189845975
-0.8019,-0.01424386,81.21596583115101
-0.81035,-0.0143517,80.37502252113283
-0.81871,-0.0145361,79.5601186012141
-0.82704,-0.01452291,78.76452505320178
-0.83543,-0.0146083,77.97923835629555
-0.84377,-0.01456898,77.21410917667136
-0.85213,-0.01463469,76.46217607642025
-0.8604,-0.01473977,75.7327150162715
-0.86873,-0.01477186,75.01200154248154
-0.877,-0.01491352,74.3100228050171
-0.8853,-0.01495565,73.61868406189991
-0.89354,-0.01523593,72.94504756362333
-0.90169,-0.01508991,72.29087968148698
-0.91005,-0.01478196,71.63202955881545
-0.91835,-0.01501082,70.98977459574236
-0.92662,-0.01505098,70.3612844531739
-0.93498,-0.01492218,69.73725491454361
-0.94331,-0.01508899,69.12646606099797
-0.95161,-0.01519651,68.52851241580059
-0.95979,-0.01524692,67.94932256014336
-0.96822,-0.01491447,67.36267108714961
-0.97661,-0.01493264,66.78885911469266
-0.985,-0.01495198,66.22482233502538
-0.9933,-0.01506152,65.67621161783953
-1.00169,-0.0148289,65.13089209236391
-1.01015,-0.01475429,64.59019502054149
-1.01857,-0.01472823,64.06097263811029
-1.02696,-0.01500264,63.54226766378437
-1.03526,-0.01504236,63.037399493846955
-1.04363,-0.01460169,62.53640571850177
-1.05199,-0.01456884,62.04396838372988
-1.06047,-0.01455173,61.55239459862137
-1.06899,-0.01454908,61.066356373773374
-1.07741,-0.01454907,60.593575054992996
-1.08586,-0.01457046,60.12648057760669
-1.09419,-0.01459321,59.67308081777388
-1.10255,-0.01459226,59.224936284068754
-1.11092,-0.01459553,58.78301263817377
-1.11928,-0.01460649,58.34821456650704
-1.1277,-0.0146166,57.91681209541545
-1.136,-0.01462059,57.497816901408456
-1.14421,-0.01460964,57.0893452250898
-1.1526,-0.0146172,56.67792989762276
-1.16103,-0.01464405,56.2705417603335
-1.16933,-0.01465232,55.875174758194866
-1.17769,-0.01468384,55.48258310760897
-1.18602,-0.01468993,55.09690511121229
-1.19438,-0.01469272,54.71524690634472
-1.20268,-0.01469764,54.341576811787014
-1.21098,-0.01469741,53.97302895175808
-1.21928,-0.01469592,53.6094987205564
-1.22768,-0.01470411,53.246593249055124
-1.23601,-0.01470658,52.89158315871231
-1.24425,-0.01467768,52.54508539280691
-1.25255,-0.01463853,52.20067342621053
-1.26094,-0.01462914,51.8571349945279
-1.26927,-0.01462941,51.52054637705138
-1.27763,-0.01461269,51.187158332224506
-1.28603,-0.01460038,50.856540749438196
-1.29436,-0.01459295,50.53291603572422
-1.30275,-0.01457217,50.21114373440798
-1.31123,-0.01455755,49.890104024465586
-1.31981,-0.01456192,49.5694771974754
-1.32835,-0.01456653,49.25445816238191
-1.33672,-0.01455917,48.949615775929146
-1.34526,-0.01455826,48.64249156296925
-1.35381,-0.01455878,48.33888928283881
-1.36229,-0.01454334,48.04153689743006
-1.3708,-0.01453263,47.74683104756347
-1.37932,-0.0145365,47.45542180204738
-1.38783,-0.01453814,47.167926258979854
-1.39632,-0.01453413,46.88459837286582
-1.40477,-0.01454666,46.60600589420332
-1.41316,-0.01455127,46.332687876815086
-1.42156,-0.01453956,46.0622760910549
-1.43004,-0.01453211,45.79251125842634
-1.43849,-0.01453541,45.52686448984699
-1.44685,-0.01453927,45.26710059785051
-1.45519,-0.01455213,45.01093211195789
-1.46364,-0.01456484,44.754362274876335
-1.47194,-0.01457437,44.50521475060125
-1.48015,-0.0145761,44.261517751579234
-1.48857,-0.01457839,44.01437950516267
-1.49687,-0.01459635,43.77348460454148
-1.50533,-0.01462687,43.53067971806846
-1.5136,-0.01465321,43.295951374207185
-1.5219,-0.01467016,43.06293646100269
-1.53011,-0.01467305,42.8349352007372
-1.53838,-0.01467483,42.60772799958398
-1.54671,-0.0146926,42.38132856191529
-1.55492,-0.01470413,42.16056414477915
-1.56322,-0.01472657,41.93973682527091
-1.57146,-0.01474162,41.72281330737022
-1.5797,-0.01475798,41.50815281382541
-1.588,-0.01476421,41.29418136020151
-1.59624,-0.01476133,41.08395780083195
-1.6046,-0.01476654,40.87287922223607
-1.6129,-0.0147519,40.66548019096038
-1.62108,-0.01471655,40.463157647987764
-1.62938,-0.01469378,40.259943414059336
-1.63762,-0.01466756,40.06023583004604
-1.64592,-0.01464279,39.86109555749976
-1.65431,-0.01464739,39.6618268039243
-1.66264,-0.01463716,39.465972669970654
-1.6711,-0.0146339,39.26906049907247
-1.67952,-0.01464691,39.07504906163666
-1.68791,-0.01466059,38.88365416402534
-1.69627,-0.01467185,38.69482682591805
-1.70464,-0.01467551,38.50762905950817
-1.71281,-0.01467592,38.32666886578196
-1.72115,-0.01468966,38.143715248525695
-1.7296,-0.01469827,37.960148011100834
-1.73787,-0.01470688,37.7822195561233
-1.74623,-0.01472695,37.60406767722465
-1.7545,-0.01472217,37.42950413223141
-1.76286,-0.01472172,37.25470553532328
-1.7712,-0.01472754,37.08196928635953
-1.77943,-0.01473537,36.91309863270823
-1.78771,-0.01473969,36.74477107584564
-1.79613,-0.01473742,36.57518893398585
-1.8044,-0.01471575,36.41016847705609
-1.8127,-0.01470477,36.246063330942796
-1.82112,-0.01470564,36.08111403971183
-1.82945,-0.01469759,35.9194219574189
-1.83781,-0.01468852,35.758621239409955
-1.84615,-0.01469133,35.59965631178399
-1.85436,-0.01468607,35.444565887961346
-1.86272,-0.01468437,35.288046727366435
-1.87117,-0.01470225,35.13126380820556
-1.87956,-0.0147197,34.97698886973547
-1.88792,-0.01473311,34.82462943345057
-1.89623,-0.01475582,34.674512638234816
-1.90462,-0.01477378,34.52427959382974
-1.91298,-0.01478399,34.37589446831645
-1.92116,-0.01478587,34.23195423598243
-1.92946,-0.0147934,34.08714987613115
-1.93773,-0.01479621,33.94410268716488
-1.94603,-0.01479681,33.801759017075796
-1.95436,-0.01480303,33.66011645756156
-1.96263,-0.01480134,33.520683521601114
-1.97084,-0.01478822,33.38341965862272
-1.97923,-0.01478358,33.244322842721665
-1.9876,-0.01477265,33.10672771181324
-1.99583,-0.01474983,32.97255933621601
-2.00417,-0.0147423,32.83772180004691
-2.01253,-0.01474072,32.70368247926739
-2.02086,-0.0147481,32.57122720030087
-2.02916,-0.01474603,32.440330580141534
-2.03749,-0.01474511,32.310033079916956
-2.04588,-0.01475189,32.1798695915694
-2.05425,-0.01475385,32.05107581842521
-2.06264,-0.01475239,31.9230233099329
-2.07106,-0.01475373,31.795555995480573
-2.07933,-0.01473603,31.67136438179606
-2.08766,-0.01471959,31.547266413113245
-2.09584,-0.01470509,31.426363081151234
-2.1042,-0.01469384,31.303770554129837
-2.1125,-0.01468195,31.183017751479294
-2.12087,-0.01467719,31.06220367113496
-2.12929,-0.01468266,30.941626222825448
-2.13765,-0.01466693,30.822847753374035
-2.14607,-0.01465888,30.704152194476418
-2.15456,-0.01466732,30.58540917867221
-2.16286,-0.01465909,30.470224702477278
-2.1711,-0.01464191,30.356744046796557
-2.1794,-0.01463463,30.243304579241997
-2.18776,-0.01463155,30.129915164369038
-2.19603,-0.01461448,30.01859587528404
-2.20445,-0.01462743,29.90611558438613
-2.21291,-0.01465491,29.793963017022836
-2.22115,-0.01466649,29.685548252031605
-2.2296,-0.01468236,29.57520272694654
-2.2379,-0.01469874,29.467627239823052
-2.24623,-0.01470808,29.360462241177437
-2.25447,-0.0147061,29.25523422356474
-2.26292,-0.01471409,29.148120304739013
-2.2712,-0.01472449,29.04393448397323
-2.27947,-0.01472152,28.940630014871882
-2.28774,-0.01470985,28.838072420817053
-2.29604,-0.01470488,28.735885611748923
-2.30437,-0.01469225,28.634069572160723
-2.31264,-0.01467677,28.533712467137125
-2.321,-0.01465741,28.432990090478242
-2.32933,-0.01465143,28.333348258941413
-2.33769,-0.01464692,28.234061530827443
-2.34602,-0.01464021,28.135834903368256
-2.35439,-0.01463058,28.03783667956456
-2.36278,-0.01462454,27.940301086008855
-2.37099,-0.01461481,27.84552625696439
-2.37941,-0.01461572,27.74900656044986
-2.38777,-0.01462294,27.65384810932376
-2.3962,-0.01462885,27.55856522827811
-2.40456,-0.01463516,27.464733339987358
-2.41286,-0.01464534,27.372218114602592
-2.42113,-0.01465637,27.280668159082747
-2.42952,-0.01467809,27.188426685106524
-2.43785,-0.01471031,27.097472978239022
-2.44615,-0.0147372,27.007462951985776
-2.45445,-0.01474776,26.9180616838803
-2.46275,-0.0147521,26.829263018982843
-2.47118,-0.01478294,26.73968411851828
-2.47942,-0.01481224,26.652712892531316
-2.48775,-0.01483434,26.56537734901015
-2.4959,-0.01484795,26.480493208862537
-2.50423,-0.0148449,26.394305275473897
-2.5125,-0.01483607,26.309303482587065
-2.52086,-0.01484526,26.22394349547377
-2.52928,-0.01486468,26.138541244939272
-2.53749,-0.01485568,26.055814722422554
-2.54576,-0.01482965,25.973023065803535
-2.55406,-0.01481745,25.890470153402816
-2.5623,-0.01479862,25.809043047262225
-2.57079,-0.0147821,25.725691441152332
-2.57912,-0.01477507,25.644443996401872
-2.58748,-0.01478396,25.56342990090745
-2.59584,-0.01480337,25.482937623274164
-2.6042,-0.01480818,25.402962138084632
-2.6126,-0.01479934,25.323119497818265
-2.62087,-0.01478568,25.245012495850617
-2.62926,-0.01478355,25.16627423685752
-2.63768,-0.01479387,25.08775802978375
-2.64595,-0.01478946,25.011127005423383
-2.65416,-0.01475871,24.935524309009253
-2.6624,-0.01472426,24.86011418269231
-2.67076,-0.01470259,24.78408138507391
-2.67918,-0.01469128,24.707982517038797
-2.68755,-0.01468544,24.632808133802165
-2.69597,-0.01468317,24.557655648987193
-2.70427,-0.01465831,24.48403225269666
-2.7126,-0.01464005,24.410595738405956
-2.72105,-0.01462981,24.336560702669928
-2.72936,-0.0146165,24.264199372746727
-2.73775,-0.01462258,24.191587069674004
-2.74611,-0.01462458,24.11967572311379
-2.75447,-0.01462278,24.048200888011124
-2.76271,-0.01461332,23.978175306130574
-2.77116,-0.01460641,23.906797586570246
-2.7795,-0.01460423,23.836774599748157
-2.78786,-0.01459986,23.767004153723647
-2.79622,-0.01460773,23.697650900143767
-2.80449,-0.01459439,23.6294510944949
-2.81282,-0.01456915,23.5611618944689
-2.82118,-0.01455431,23.493032206381727
-2.82948,-0.01454257,23.425789756421675
-2.83785,-0.01453639,23.358378525996795
-2.8463,-0.01452618,23.29072515195166
-2.85451,-0.01452077,23.22537692984085
-2.86299,-0.01452882,23.158273099102686
-2.87123,-0.01452897,23.0934481389509
-2.87962,-0.01453035,23.02782429626131
-2.88805,-0.01454508,22.962271601945954
-2.89644,-0.0145581,22.89740881910207
-2.90474,-0.01456523,22.83361051247272
-2.91304,-0.01457244,22.770175761403895
-2.92152,-0.01460417,22.705737561269476
-2.92973,-0.01462606,22.643706450765087
-2.93807,-0.01464579,22.581048068970446
-2.94634,-0.01466707,22.519265868840662
-2.95464,-0.01466967,22.45760728887445
-2.963,-0.01466654,22.39585217684779
-2.97133,-0.01469275,22.334664308575622
-2.97966,-0.0147136,22.2738185564796
-2.98793,-0.01472286,22.213746674118873
-2.9962,-0.01472933,22.15400640811695
-3.00441,-0.01471527,22.095024880092932
-3.01271,-0.01472541,22.035723551221324
-3.02113,-0.01475781,21.97589779320983
-3.02959,-0.01478271,21.916122742681356
-3.03767,-0.01478329,21.85934347707289
-3.0461,-0.01479406,21.80042579035488
-3.05434,-0.01480331,21.743150336897664
-3.0627,-0.01481216,21.685355731870573
-3.07109,-0.01484141,21.627670078050468
-3.07924,-0.01483599,21.571935542536472
-3.08754,-0.01482739,21.51547762943962
-3.09593,-0.01484316,21.45871518412884
-3.10423,-0.01483848,21.402863544260576
-3.11247,-0.01484285,21.34771030724794
-3.12087,-0.01485794,21.291785912261645
-3.12917,-0.01486421,21.236822192466374
-3.13741,-0.01485473,21.18254346738233
-3.14583,-0.01486996,21.127372776024135
-3.15413,-0.01487647,21.073276656320445
-3.1624,-0.01487313,21.019658487224895
-3.17085,-0.01488623,20.96516218048788
-3.17912,-0.01488847,20.912107249804976
-3.18742,-0.01488157,20.85913666852815
-3.19566,-0.01487314,20.806821188737224
-3.20409,-0.01487418,20.753577864541885
-3.21239,-0.01485757,20.70142862479338
-3.22063,-0.0148379,20.64992225123656
-3.22905,-0.01484163,20.597562286121306
-3.23735,-0.01483214,20.546215114213787
-3.24565,-0.0148127,20.495130559364075
-3.25407,-0.01480311,20.443573709231824
-3.26241,-0.01479772,20.392769057230698
-3.27074,-0.01479163,20.342283947975076
-3.27907,-0.01477207,20.292055338861324
-3.28755,-0.01476655,20.241183708232576
-3.29585,-0.01475728,20.191645402551693
-3.30418,-0.01474367,20.142178271159562
-3.31261,-0.01474459,20.092370577882697
-3.32094,-0.01474138,20.04340210904142
-3.32927,-0.01473288,19.994678683314962
-3.3376,-0.01471968,19.946198465963565
-3.34593,-0.01471,19.89795964051848
-3.35436,-0.01471567,19.849385635411824
-3.36275,-0.01473189,19.801283919411198
-3.37111,-0.01475362,19.753592347921014
-3.37935,-0.01476696,19.70681625164603
-3.38768,-0.01476605,19.65976054408917
-3.39604,-0.01476999,19.612767458569394
-3.4044,-0.01478035,19.566005169780286
-3.41274,-0.01479092,19.51958303298816
-3.42107,-0.01479516,19.473442490215053
-3.4294,-0.01480281,19.427526097859687
-3.43764,-0.01480988,19.38232473441082
-3.44594,-0.01481183,19.337012774453417
-3.45421,-0.01481121,19.292081170513665
-3.46254,-0.01481337,19.24704055404414
-3.47093,-0.01481554,19.201894045688043
-3.47923,-0.01482044,19.157446072837956
-3.48753,-0.01483356,19.113209664146257
-3.49596,-0.01485046,19.06849540612593
-3.50423,-0.01486333,19.024838866170313
-3.51256,-0.01486813,18.981073405151797
-3.5208,-0.01487455,18.937984548966146
-3.52916,-0.01488487,18.89447381246529
-3.53746,-0.014902,18.851478801173727
-3.54585,-0.01493067,18.808222147016934
-3.55428,-0.01494265,18.764964943673544
-3.56242,-0.01494507,18.723390111216535
-3.57073,-0.01496411,18.68114253948072
-3.57906,-0.01497001,18.638990181779572
-3.58736,-0.01496985,18.597184336113468
-3.59566,-0.01495889,18.555571494523953
-3.60393,-0.01495263,18.514299695055122
-3.61217,-0.01494507,18.473365566958368
-3.62056,-0.01495103,18.431877720573613
-3.62898,-0.01496061,18.390434392033026
-3.63713,-0.01495037,18.350502759043533
-3.64552,-0.01495447,18.309581733195813
-3.65385,-0.01495657,18.269139264063934
-3.66225,-0.01495616,18.228543245272718
-3.67055,-0.01496103,18.18861301439839
-3.67885,-0.01497095,18.14886295989236
-3.68715,-0.01497683,18.109291864990578
-3.69545,-0.01496678,18.069898523860424
-3.70375,-0.01495038,18.030681741478233
-3.71202,-0.01492367,17.99178113264476
-3.72035,-0.01492261,17.952773126184365
-3.72878,-0.01494064,17.913474273086642
-3.73708,-0.01494285,17.874954670491398
-3.74535,-0.0149226,17.83674409601239
-3.75365,-0.01490059,17.79856419751442
-3.76204,-0.01490019,17.760141518963117
-3.77043,-0.01491848,17.72188983749864
-3.77885,-0.01493682,17.6836721489342
-3.78716,-0.01494213,17.646120364600385
-3.7954,-0.014925,17.609047267745165
-3.80373,-0.01491912,17.571732509931042
-3.81209,-0.01492775,17.534447324171257
-3.82048,-0.01493858,17.497192394672922
-3.82887,-0.01494511,17.46010073468151
-3.83711,-0.01494091,17.423830096087944
-3.84541,-0.01494294,17.387452495312594
-3.85375,-0.01494916,17.351057411612068
-3.86217,-0.01495876,17.314472666920413
-3.8705,-0.01497236,17.27843560263532
-3.87877,-0.0149744,17.242811226239247
-3.8871,-0.0149685,17.2070816289779
-3.89543,-0.01495859,17.17150484028721
-3.90379,-0.01494932,17.13595257429319
-3.91206,-0.0149428,17.10093255215922
-3.92043,-0.01493665,17.06563950893142
-3.92873,-0.01492896,17.030790128107558
-3.93709,-0.01491882,16.995837357032734
-3.94542,-0.01489867,16.961157341930644
-3.95375,-0.01487878,16.9266234587417
-3.96214,-0.01486943,16.891987612754722
-3.97054,-0.01486032,16.85745712170133
-3.97899,-0.01486379,16.82286819016886
-3.98729,-0.01486302,16.789035986848212
-3.99562,-0.01484809,16.75522281898679
-4.00398,-0.0148309,16.721429327818818
-4.01231,-0.01481789,16.687897171454846
-4.02068,-0.01481733,16.654343941820787
-4.02907,-0.01482181,16.62085044439536
-4.0374,-0.01483108,16.58773418536682
-4.04582,-0.01483999,16.5543987127455
-4.05415,-0.01483593,16.521555813179088
-4.06239,-0.01482885,16.48920027373049
-4.07076,-0.01483435,16.456468374455877
-4.07921,-0.01485109,16.423559880467053
-4.08757,-0.01486177,16.391135784830595
-4.09581,-0.01486204,16.359306632876034
-4.10417,-0.01486752,16.327144562725227
-4.11241,-0.01486612,16.295572109784775
-4.12074,-0.01487201,16.263783155452664
-4.12914,-0.01489472,16.231856948420255
-4.13744,-0.01491362,16.20043814532658
-4.14574,-0.01492149,16.169145146584203
-4.15404,-0.01492849,16.137977198101126
-4.16237,-0.01493532,16.1068215704034
-4.17073,-0.01496076,16.075678861973802
-4.17903,-0.01498527,16.044882927377884
-4.18733,-0.01500075,16.014209078338702
-4.19563,-0.01500585,15.98365659030944
-4.20387,-0.01499773,15.953444302511732
-4.21214,-0.0149133,15.923240870436407
-4.22057,-0.01480712,15.892574912867218
-4.22896,-0.01478214,15.862175854110705
-4.23732,-0.01472583,15.832005229720671
-4.2458,-0.01489359,15.801522916764803
-4.25392,-0.01505651,15.772448565088203
-4.26225,-0.01517493,15.742737403953312
-4.27046,-0.01529167,15.713567671866732
-4.27864,-0.01521229,15.684615859244994
-4.28697,-0.01530056,15.655246689386676
-4.29518,-0.01575899,15.626412071205397
-4.30327,-0.01646867,15.598106532938903
-4.31102,-0.01704254,15.571090229226494
-4.31877,-0.01775821,15.544170886618183
-4.32637,-0.01844296,15.517866225033922
-4.33391,-0.01869146,15.491860398577726
-4.34154,-0.01889716,15.465636110688834
-4.34923,-0.01909553,15.439298703448657
-4.35692,-0.01936463,15.413054267693694
-4.36467,-0.01993854,15.386698627845862
-4.37221,-0.02066142,15.361146811337974
-4.37965,-0.02158289,15.336020115762677
-4.38695,-0.02301903,15.311449070538758
-4.39372,-0.02458857,15.288734921660916
-4.40047,-0.02594933,15.266157455908118
-4.40691,-0.02696963,15.244681352693839
-4.41341,-0.02756551,15.223068715573673
-4.42012,-0.02798771,15.200824502502195
-4.4269,-0.02842144,15.178416725022025
-4.43388,-0.02914992,15.155419542251932
-4.44066,-0.02981112,15.133150522670054
-4.44762,-0.03022632,15.110360912128286
-4.45464,-0.03077158,15.087446976635597
-4.46162,-0.03136726,15.064735096220657
-4.46864,-0.03216083,15.041964624583768
-4.47563,-0.03346188,15.019362436126313
-4.48216,-0.0349489,14.998311349884876
-4.48872,-0.03645179,14.977225222335099
-4.49489,-0.03763121,14.957448858592759
-4.50124,-0.03865041,14.937152162515218
-4.50743,-0.03944991,14.917421923357656
-4.51384,-0.03979776,14.89704748063733
-4.52065,-0.04039852,14.875464922079791
-4.52715,-0.04097105,14.85492539456391
-4.53389,-0.04127268,14.83368967928203
-4.54088,-0.04194088,14.811732879970403
-4.54765,-0.04255217,14.79053148329357
-4.55458,-0.04298149,14.768894299803716
-4.5616,-0.04351392,14.747043142756928
-4.56862,-0.04417058,14.725259137332499
-4.57558,-0.04480954,14.703727308887617
-4.58266,-0.04542975,14.681891346946971
-4.58955,-0.04575175,14.660706060507023
-4.59682,-0.0462618,14.638421212925458
-4.60402,-0.04712242,14.616420302257593
-4.61092,-0.04767368,14.595400570818839
-4.61806,-0.04811795,14.573715846047909
-4.62523,-0.04866749,14.552007381254555
-4.63237,-0.0491819,14.530456526572792
-4.63954,-0.04992332,14.508881871909715
-4.64662,-0.05074471,14.48764336227193
-4.65355,-0.05122515,14.466917407140786
-4.66072,-0.05164674,14.44553854340102
-4.66786,-0.05213963,14.424314396747118
-4.67494,-0.05261981,14.403332620311705
-4.68224,-0.05328088,14.381765308911973
-4.68938,-0.05403677,14.360735662283714
-4.6964,-0.05467941,14.340121795417769
-4.70357,-0.05534833,14.319130979234922
-4.71059,-0.05597219,14.298641210548999
-4.71761,-0.05608586,14.278212421120019
-4.72505,-0.0566116,14.256627654733812
-4.73213,-0.05724714,14.236150338219788
-4.73933,-0.05772208,14.215388694182511
-4.74651,-0.05845926,14.194747446018233
-4.75365,-0.05875399,14.174283024623184
-4.76097,-0.05903948,14.15336641482723
-4.76839,-0.05957961,14.13222959950843
-4.77559,-0.06009625,14.111782271928703
-4.78291,-0.06052693,14.09105726430144
-4.79024,-0.06104742,14.070367413741275
-4.79756,-0.06168915,14.049768882515279
-4.80473,-0.06212814,14.029653299977314
-4.81209,-0.06244686,14.009067016618559
-4.81944,-0.06291842,13.988571452284912
-4.82686,-0.06381842,13.967944005005325
-4.83385,-0.06490968,13.948569877013147
-4.84087,-0.06566738,13.929168909720774
-4.84786,-0.06601394,13.909906680473448
-4.85497,-0.06605866,13.890370671703431
-4.86241,-0.06623619,13.869989100055324
-4.8698,-0.06671098,13.849806152203378
-4.87712,-0.06718262,13.8298746801391
-4.88454,-0.0675016,13.809731888775605
-4.89198,-0.06795059,13.789596155339964
-4.89934,-0.06846613,13.769737107447128
-4.90675,-0.06890853,13.749803332144497
-4.91417,-0.06943425,13.729902893062308
-4.92149,-0.07017273,13.710329453072138
-4.92873,-0.07068101,13.6910271205767
-4.93599,-0.07076788,13.671728326029834
-4.94359,-0.07143493,13.651586458423939
-4.95079,-0.07208433,13.632561732571975
-4.95805,-0.07242092,13.613434414739666
-4.96553,-0.07274215,13.593785980549912
-4.97295,-0.07336946,13.574353552720217
-4.98024,-0.07407202,13.555317976643696
-4.98738,-0.07457127,13.536728021526333
-4.99474,-0.07509821,13.517620897183837
-5.00206,-0.07551792,13.498673386564736
-5.00942,-0.07601887,13.479678166334626
-5.01659,-0.07671721,13.461226909115556
-5.02388,-0.07736275,13.442520840465935
-5.03111,-0.07808341,13.424022273414813
-5.03813,-0.07859741,13.406111811326824
-5.0454,-0.07890286,13.3876160462996
-5.05269,-0.07949133,13.369122843475456
-5.05992,-0.08006392,13.350834479596516
-5.06712,-0.08064791,13.332673866022514
-5.07436,-0.08142447,13.31446432653576
-5.08144,-0.08202799,13.296707390031173
-5.08855,-0.08250999,13.278924939324563
-5.09578,-0.08315431,13.260893248923619
-5.10286,-0.08398462,13.243285177331929
-5.10988,-0.08459897,13.22587450194525
-5.1169,-0.08482745,13.208511598819598
-5.12437,-0.08552556,13.190087932760516
-5.13127,-0.08604527,13.173117746678699
-5.1385,-0.08654936,13.155384839933834
-5.14565,-0.08745827,13.137897155850087
-5.1527,-0.0878801,13.120701573932113
-5.15984,-0.08818062,13.103334366957116
-5.16713,-0.0888865,13.08565182219143
-5.17427,-0.08964157,13.068381414189828
-5.18135,-0.09019684,13.051303135283275
-5.18849,-0.09068423,13.034127327989454
-5.19566,-0.09132338,13.016926858185485
-5.20281,-0.09192467,12.999821577186173
-5.20992,-0.09246625,12.982858546772311
-5.21712,-0.09304355,12.965727911184715
-5.2242,-0.09344531,12.948928831208608
-5.23143,-0.09413221,12.9318207641123
-5.23851,-0.09473402,12.915113400566193
-5.24568,-0.09524412,12.898239618123865
-5.25282,-0.09585411,12.881482213363489
-5.25996,-0.09645461,12.86477030243576
-5.26708,-0.09682987,12.848150322379762
-5.27431,-0.0970694,12.83131949013236
-5.28166,-0.09724215,12.814256540557327
-5.28911,-0.09740974,12.797009837193782
-5.29662,-0.09771889,12.779673338846283
-5.30415,-0.09795382,12.762339960219828
-5.31172,-0.09791479,12.74496404177931
-5.3195,-0.09793842,12.72715762759658
-5.32732,-0.09819454,12.709312074363845
-5.33498,-0.09822939,12.691882368818629
-5.34297,-0.09842248,12.673755027634444
-5.35082,-0.09859725,12.6559980339462
-5.35869,-0.09839961,12.638248023304204
-5.36681,-0.09809533,12.619988727009154
-5.37495,-0.09808754,12.601739830137955
-5.38323,-0.09822428,12.583233690553813
-5.39128,-0.09834211,12.565296107788875
-5.39943,-0.0985223,12.547190184889887
-5.40749,-0.09842992,12.52933788134606
-5.41576,-0.09824853,12.511075675436135
-5.42406,-0.09823215,12.492803213828756
-5.43233,-0.09822607,12.474652331504162
-5.44066,-0.09822886,12.45642554395974
-5.44893,-0.09826153,12.438385169198357
-5.45723,-0.09832401,12.420334327122003
-5.4655,-0.09835465,12.40240325679261
-5.4738,-0.09832835,12.384461617158099
-5.48213,-0.09841519,12.366509750772055
-5.4904,-0.09859113,12.348741075331487
-5.49855,-0.09856772,12.331282519937075
-5.50688,-0.09863681,12.313491777558255
-5.51512,-0.09889369,12.295946126285559
-5.52324,-0.09913366,12.278707208088006
-5.53139,-0.09958791,12.261455493103904
-5.53929,-0.10005,12.24478142505628
-5.5472,-0.10027,12.228133833285261
-5.55516,-0.1006,12.211428869735526
-5.56303,-0.10095,12.19495977911318
-5.57094,-0.10166,12.178453869544457
-5.57854,-0.10285,12.162638934201421
-5.58577,-0.10394,12.147633880378175
-5.59291,-0.10477,12.132853684396853
-5.60002,-0.10569,12.118173042239135
-5.60707,-0.107,12.10365304874025
-5.61379,-0.10827,12.089846663305895
-5.62038,-0.10941,12.07633942900658
-5.62691,-0.11065,12.062986381513124
-5.63323,-0.11179,12.050092238378337
-5.63966,-0.11285,12.037003329987979
-5.64595,-0.11367,12.02422825210992
-5.65242,-0.1146,12.01111725597178
-5.65883,-0.11579,11.99815741063082
-5.66499,-0.11644,11.985730654423044
-5.67162,-0.11704,11.972385914430093
-5.67812,-0.11797,11.959333089121047
-5.68456,-0.11877,11.946430189847588
-5.69112,-0.11941,11.933316886658515
-5.6978,-0.12013,11.919994734809928
-5.70442,-0.12079,11.906823024952581
-5.71117,-0.12144,11.893424096988884
-5.71791,-0.12215,11.880076583926645
-5.72463,-0.12288,11.866799967858185
-5.73143,-0.1237,11.853396988186196
-5.73811,-0.12442,11.840261462397898
-5.74495,-0.12522,11.826842966431387
-5.75154,-0.12589,11.813945099921064
-5.75841,-0.12645,11.800530649953721
-5.76534,-0.12719,11.787031432664856
-5.77205,-0.12766,11.773991649413986
-5.77913,-0.12826,11.76026566282468
-5.78603,-0.12921,11.746920963078312
-5.79286,-0.13012,11.73374295253122
-5.79948,-0.13054,11.720999744804708
-5.80653,-0.13105,11.707460755390914
-5.81349,-0.13175,11.694126815389724
-5.82045,-0.13222,11.68082476440825
-5.82747,-0.13259,11.667440227062517
-5.83464,-0.13326,11.65380294242661
-5.84169,-0.13401,11.640426537525956
-5.84868,-0.1347,11.627195811704523
-5.8557,-0.13522,11.613940092559387
-5.86272,-0.13548,11.600716118115823
-5.87001,-0.136,11.587017006785338
-5.87724,-0.13678,11.573464211092283
-5.88417,-0.13717,11.560505032995309
-5.8915,-0.13778,11.546831027751846
-5.89861,-0.13847,11.533599898959247
-5.90569,-0.13886,11.520456254899937
-5.91292,-0.13951,11.507066626979565
-5.92003,-0.14011,11.49393112872739
-5.92708,-0.14033,11.480937594903393
-5.93468,-0.141,11.466964958515034
-5.94164,-0.14192,11.454200321796677
-5.94865,-0.14233,11.441374177334355
-5.95589,-0.14259,11.428158898166354
-5.96318,-0.14315,11.414884776243548
-5.97035,-0.1437,11.401860778681318
-5.97762,-0.14436,11.38868703597753
-5.98473,-0.14484,11.375834181324805
-5.99202,-0.14515,11.362687607851777
-5.99934,-0.14566,11.34951908043218
-6.00661,-0.14627,11.336472269716197
-6.01387,-0.14673,11.3234748838934
-6.02116,-0.1471,11.310455327544858
-6.02858,-0.14748,11.297235932839907
-6.0359,-0.14795,11.284226544508691
-6.04335,-0.14853,11.271018474852523
-6.05058,-0.14905,11.258231541439002
-6.05788,-0.14941,11.245351773227599
-6.06557,-0.14999,11.231817438427056
-6.07259,-0.15035,11.21949222654584
-6.08,-0.15056,11.206513157894737
-6.08754,-0.1511,11.19333881995026
-6.0949,-0.15158,11.180510426750235
-6.10231,-0.15197,11.167626144853342
-6.10976,-0.15221,11.154703818153251
-6.11717,-0.15233,11.141882095805741
-6.12495,-0.15295,11.128453538396233
-6.13234,-0.15344,11.115729688830038
-6.13982,-0.15366,11.102882071461378
-6.14739,-0.15402,11.089911702364745
-6.15489,-0.15454,11.07709273439493
-6.1624,-0.15511,11.064287939763728
-6.16969,-0.15548,11.05188806893053
-6.17723,-0.15567,11.039093752377685
-6.1848,-0.15606,11.026279912042426
-6.19231,-0.15648,11.01359859244773
-6.19981,-0.15694,11.000964819889642
-6.20732,-0.15732,10.988344792921906
-6.21486,-0.15783,10.975705035994375
-6.22228,-0.15854,10.963296347962485
-6.22957,-0.15894,10.95113385032996
-6.23702,-0.15921,10.938733786327445
-6.24452,-0.15953,10.92628038664301
-6.25197,-0.15985,10.913939590241156
-6.25954,-0.16019,10.901430105087595
-6.2672,-0.16083,10.888802655093185
-6.27446,-0.16139,10.876863060725544
-6.28191,-0.16172,10.864639687610934
-6.28938,-0.16211,10.852412574848396
-6.29686,-0.16258,10.84019816225865
-6.30431,-0.16287,10.828061548369291
-6.31175,-0.16288,10.815969818196223
-6.31963,-0.16335,10.803194031929085
-6.32707,-0.16383,10.791160821675753
-6.33461,-0.16409,10.778994713170977
-6.34224,-0.16438,10.76671283332072
-6.34987,-0.16453,10.75446046926945
-6.35744,-0.16449,10.742333517893995
-6.36549,-0.16515,10.729469263167486
-6.37285,-0.16567,10.717736099233468
-6.38054,-0.16572,10.705505772238714
-6.38823,-0.16588,10.693304890400002
-6.3961,-0.16633,10.68084879848658
-6.40361,-0.16638,10.668991037867704
-6.41158,-0.16659,10.656437352415473
-6.41933,-0.16717,10.644260086332997
-6.42687,-0.16736,10.632440970487968
-6.43474,-0.16764,10.62013411575293
-6.44237,-0.16786,10.608231272031876
-6.45018,-0.16801,10.596076791655427
-6.45799,-0.16827,10.583951709432812
-6.46581,-0.16864,10.571840449997758
-6.4735,-0.16871,10.559959063875803
-6.48134,-0.16875,10.5478749456131
-6.48927,-0.16922,10.535681810126563
-6.49706,-0.16958,10.523732919197299
-6.50487,-0.16977,10.5117820801953
-6.51265,-0.16998,10.499905645167482
-6.52049,-0.17017,10.487966287809659
-6.52831,-0.17026,10.476085954864276
-6.53627,-0.1705,10.46402212576898
-6.54411,-0.17078,10.452168851073715
-6.55196,-0.17094,10.440328878686683
-6.55983,-0.17105,10.428487186405746
-6.5677,-0.17126,10.4166738736544
-6.57573,-0.17172,10.404649537009579
-6.58351,-0.17217,10.39302753394466
-6.5912,-0.17199,10.381566937735164
-6.59929,-0.17189,10.369539041321113
-6.60732,-0.17252,10.357629477609683
-6.61504,-0.17291,10.346206946594428
-6.62273,-0.17293,10.334855278714368
-6.63075,-0.1732,10.323044527391321
-6.63863,-0.17345,10.31146774259147
-6.64647,-0.17347,10.299976965216123
-6.6545,-0.17354,10.288235780299047
-6.66246,-0.17392,10.276624880299469
-6.6703,-0.17424,10.265216107221564
-6.67815,-0.17431,10.25381962070334
-6.68611,-0.17431,10.242290763986833
-6.69411,-0.17423,10.230731598375288
-6.70219,-0.1741,10.219084851369479
-6.7105,-0.17447,10.207135831905225
-6.71837,-0.175,10.195846745564772
-6.72618,-0.17498,10.18466984231763
-6.73436,-0.17479,10.172991227080228
-6.74248,-0.17473,10.161426300115092
-6.75066,-0.17477,10.149804048789305
-6.75887,-0.17498,10.138167459945228
-6.76692,-0.1752,10.126785066174863
-6.77501,-0.17511,10.115373364762561
-6.78319,-0.17493,10.103862386281381
-6.79149,-0.17493,10.092210884503992
-6.79973,-0.17495,10.080671747260553
-6.80803,-0.17493,10.069076825454648
-6.81627,-0.17464,10.057593654594081
-6.82475,-0.17445,10.045804974541193
-6.83318,-0.17451,10.034114804527322
-6.84154,-0.17458,10.022550156836035
-6.84987,-0.17462,10.011055085716956
-6.8582,-0.17444,9.999587938526144
-6.86656,-0.17397,9.988107465747042
-6.87526,-0.17379,9.976189729552047
-6.88371,-0.17373,9.964643295548477
-6.89229,-0.17354,9.952948192835763
-6.90089,-0.17326,9.941255012034679
-6.90947,-0.17299,9.929618031484326
-6.91814,-0.1728,9.917888305238113
-6.9268,-0.17264,9.906201420569383
-6.93556,-0.17251,9.894409276251666
-6.94408,-0.17213,9.882968744599717
-6.9529,-0.17168,9.871154913776985
-6.96175,-0.17138,9.859330987179948
-6.97051,-0.17094,9.847656871591893
-6.97945,-0.17025,9.835773091002874
-6.98863,-0.16998,9.823601921978987
-6.99757,-0.17073,9.811779646362952
-7.0063,-0.17281,9.800264190799709
-7.01344,-0.17383,9.79086736323402
-7.02113,-0.1727,9.780768067248435
-7.02965,-0.17078,9.769604532231334
-7.03886,-0.16918,9.757567304932902
-7.04817,-0.1678,9.745431353103005
-7.05791,-0.16643,9.732769148373952
-7.06767,-0.16547,9.720115950518347
-7.07747,-0.16436,9.707446008248711
-7.08748,-0.16341,9.694540739444768
-7.09743,-0.1628,9.681748900658407
-7.10738,-0.16201,9.668992877825584
-7.11733,-0.16121,9.656272520734602
-7.12727,-0.16033,9.643600410816484
-7.13725,-0.15943,9.630912816561
-7.14726,-0.15856,9.618222675542796
-7.15727,-0.15763,9.605568030827397
-7.16737,-0.15644,9.592835433359797
-7.17763,-0.15528,9.579937820701263
-7.18788,-0.15451,9.56708954517883
-7.19804,-0.15356,9.554390195108668
-7.20824,-0.15211,9.541676858706149
-7.21883,-0.1508,9.52851543809731
-7.22929,-0.14971,9.515553436091235
-7.23976,-0.14839,9.50261655082489
-7.25047,-0.15168,9.48942177541594
-7.25966,-0.16267,9.478130683806128
-7.26192,-0.16942,9.475358362526716
-7.26558,-0.16608,9.470872332284554
-7.27272,-0.1573,9.462133892133894
-7.28349,-0.14778,9.448985211759748
-7.29677,-0.14066,9.432825606398447
-7.31096,-0.13671,9.415623556961057
-7.32472,-0.13461,9.39900643301041
-7.338,-0.13316,9.383028073044427
-7.35109,-0.13202,9.367334817013532
-7.3636,-0.1307,9.35238904883481
-7.37599,-0.12903,9.337636615559404
-7.38841,-0.12726,9.32289812016388
-7.4008,-0.12557,9.308244514106583
-7.41298,-0.12374,9.293887019795008
-7.42528,-0.12188,9.279435873125324
-7.43745,-0.1199,9.265184505442054
-7.44981,-0.1179,9.25075830121842
-7.46214,-0.11589,9.236414728214696
-7.47456,-0.11398,9.22201429916945
-7.48674,-0.11172,9.20793854200894
-7.49934,-0.10932,9.19342552811314
-7.51189,-0.1073,9.179018502667105
-7.5244,-0.1053,9.164705225665834
-7.53691,-0.10331,9.150439463918238
-7.54939,-0.10143,9.136255021928925
-7.56175,-0.09937683,9.122253116011505
-7.57439,-0.09739694,9.107981276380013
-7.58675,-0.09544244,9.094071572148811
-7.59923,-0.09342632,9.080072731053015
-7.61165,-0.09115093,9.066186766338442
-7.62437,-0.08918361,9.052012284293653
-7.63673,-0.08735311,9.038284200174683
-7.64922,-0.08534624,9.024456794287524
-7.66173,-0.08338472,9.010652437504323
-7.67415,-0.08139618,8.996991914413975
-7.68663,-0.0795887,8.983309864010627
-7.69893,-0.07783327,8.969868553162582
-7.71132,-0.07604994,8.95637224236577
-7.7235,-0.07413369,8.943146889363632
-7.73583,-0.07209151,8.929801081461202
-7.74815,-0.07008095,8.916508521388977
-7.76054,-0.06832869,8.903183000152053
-7.77278,-0.06683062,8.890060518887708
-7.78481,-0.06506931,8.877203387108999
-7.79701,-0.06339701,8.864205086308726
-7.80898,-0.06186998,8.851491308724059
-7.82097,-0.06027852,8.838795302884426
-7.8329,-0.05873438,8.826201406886339
-7.84471,-0.0572269,8.813771917636217
-7.85649,-0.05594823,8.801411228169323
-7.86803,-0.05452414,8.78933825875092
-7.87978,-0.05298137,8.777081923607005
-7.89131,-0.0516105,8.765090548970957
-7.90285,-0.05033334,8.753123809764832
-7.9142,-0.04907223,8.741388137777665
-7.92564,-0.04811912,8.729593420846772
-7.93669,-0.04699275,8.718233079533157
-7.94783,-0.04561535,8.706812186471025
-7.959,-0.0443599,8.69539263726599
-7.97011,-0.0432342,8.684066179764145
-7.98116,-0.04240317,8.672832169759785
-7.9919,-0.04153096,8.661943092381035
-8.00267,-0.04063857,8.651052948578412
-8.01329,-0.03981444,8.640343142454599
-8.02385,-0.03888569,8.629721953924863
-8.03441,-0.03789553,8.619128685242602
-8.04494,-0.03707146,8.608593202683924
-8.05537,-0.03659419,8.59818492508724
-8.06545,-0.03584431,8.588151498056526
-8.07573,-0.03486374,8.577944792606985
-8.08604,-0.03412007,8.56773436688416
-8.09615,-0.03350451,8.557747262587773
-8.10625,-0.03293832,8.547794911333849
-8.11617,-0.03239787,8.538044040477219
-8.12602,-0.03187609,8.52838553190861
-8.13585,-0.03134386,8.518769950281778
-8.14565,-0.03088471,8.509206815907877
-8.15529,-0.03028,8.499822238081048
-8.16505,-0.02988749,8.490343414920913
-8.17455,-0.02960692,8.48113883944682
-8.18404,-0.02925077,8.471965288537202
-8.19356,-0.02999442,8.462784088967434
-8.20223,-0.03086977,8.454441182458917
-8.21071,-0.03047155,8.446298152047751
-8.21965,-0.02958029,8.437731594410955
-8.22878,-0.02895686,8.42900218501406
-8.23781,-0.02842777,8.420387420928622
-8.24696,-0.02774841,8.411677418103157
-8.2563,-0.02746401,8.402806462943449
-8.26546,-0.02747223,8.394125940963963
-8.27434,-0.02716374,8.385729109512058
-8.28337,-0.02684268,8.37720890169098
-8.29244,-0.02643223,8.368669631616267
-8.30147,-0.02599476,8.36018655732057
-8.31068,-0.02574846,8.351553374693768
-8.3196,-0.02551202,8.343210250492813
-8.32857,-0.02547544,8.334838381618935
-8.33748,-0.0253371,8.326540345524068
-8.34636,-0.02513226,8.318287876391624
-8.35512,-0.02495625,8.310164114937907
-8.36409,-0.0248294,8.301863239156921
-8.37282,-0.02464078,8.293801538788603
-8.38167,-0.02456179,8.285646165978857
-8.39034,-0.02433528,8.277673348159908
-8.39916,-0.02423604,8.269579481757699
-8.40773,-0.02409499,8.26173129964925
-8.41655,-0.02409185,8.253670862764434
-8.42516,-0.02404872,8.245818619468354
-8.43379,-0.0239039,8.237964224862132
-8.44237,-0.02387889,8.230171255228093
-8.45097,-0.02362781,8.222375999441484
-8.45964,-0.0234154,8.214533337116
-8.46828,-0.02344409,8.206733787734935
-8.47688,-0.0235756,8.19898613640868
-8.48534,-0.0234676,8.191379932919599
-8.49385,-0.02322747,8.183744061880066
-8.50252,-0.02327254,8.175980344650762
-8.51097,-0.02337951,8.168428851235523
-8.51936,-0.02333489,8.160945798745445
-8.52779,-0.02314349,8.153441899952977
-8.53633,-0.02302836,8.145855197725487
-8.54482,-0.02290603,8.138327946053867
-8.55339,-0.02282843,8.13074492101962
-8.56187,-0.02284889,8.123256473177005
-8.57027,-0.0227992,8.115853281168503
-8.57878,-0.0228686,8.108367926441755
-8.58714,-0.02283945,8.101028957254686
-8.59554,-0.02283057,8.093669251728222
-8.60402,-0.02277034,8.08625403009291
-8.61229,-0.02265625,8.079036504808826
-8.62093,-0.02273758,8.071510857877282
-8.62926,-0.02290729,8.064269497036825
-8.63753,-0.0229286,8.057094111395271
-8.64586,-0.02295534,8.0498805439829
-8.65422,-0.02301497,8.042654959083546
-8.66243,-0.02304538,8.035572593371606
-8.67076,-0.02306068,8.0284004170338
-8.679,-0.02300528,8.021319276414333
-8.68739,-0.02307855,8.01412303350028
-8.69569,-0.02333626,8.007017648973227
-8.70384,-0.02348981,8.000053861284215
-8.71202,-0.02352279,7.993077541144304
-8.72023,-0.02359901,7.986088795823045
-8.7285,-0.0238007,7.97906226728533
-8.73656,-0.02380678,7.972226963473037
-8.74486,-0.02388374,7.965201295389521
-8.75298,-0.02418247,7.958340885047149
-8.76103,-0.02425443,7.951552169094274
-8.76924,-0.02433739,7.9446413600266395
-8.77736,-0.02459864,7.9378190253105725
-8.78539,-0.02476205,7.931084709955962
-8.79347,-0.02486248,7.9243208767414925
-8.80153,-0.02493158,7.9175861583156575
-8.80965,-0.02520562,7.910813766721721
-8.81764,-0.02544786,7.904161975313122
-8.8257,-0.02553039,7.897464110495486
-8.8337,-0.02557964,7.890828192037312
-8.84187,-0.02583916,7.884063653955555
-8.84969,-0.02605319,7.87760060521894
-8.85783,-0.02639284,7.870885205518734
-8.86571,-0.0268331,7.864396049498574
-8.87349,-0.02671569,7.858000549952725
-8.88167,-0.02662137,7.8512883162738545
-8.88966,-0.02673894,7.844743915965291
-8.89778,-0.02678898,7.838105077895836
-8.90596,-0.02712188,7.831429424789691
-8.91383,-0.02763058,7.82501832545606
-8.92165,-0.02796203,7.818659160581284
-8.92955,-0.02791444,7.812246249811021
-8.93755,-0.02773281,7.805763716007184
-8.94579,-0.02792874,7.799098827493156
-8.95369,-0.02816398,7.792720464970309
-8.96178,-0.02836966,7.786200353054863
-8.96971,-0.02853604,7.7798206073552
-8.97774,-0.02849247,7.773371895376787
-8.98589,-0.02843401,7.7668385991816065
-8.994,-0.02853923,7.760349121636647
-9.00212,-0.02874855,7.75386335663155
-9.01018,-0.02895996,7.747437076728767
-9.0182,-0.02905889,7.741054090616753
-9.02632,-0.02933869,7.734603071905273
-9.03423,-0.02950069,7.728330040302272
-9.04234,-0.02936723,7.72190979326148
-9.05043,-0.02927723,7.715516842846141
-9.0587,-0.02935886,7.708993453806838
-9.06682,-0.02954765,7.702599963382973
-9.07494,-0.02963969,7.6962179143884155
-9.08305,-0.02986302,7.689855114746699
-9.09111,-0.02995467,7.683542790704325
-9.09923,-0.02995134,7.6771947846136435
-9.10744,-0.03017579,7.670787927233119
-9.11537,-0.03019152,7.664610531443047
-9.12361,-0.03023526,7.658203024899136
-9.13179,-0.03061793,7.651853612489994
-9.13963,-0.03082466,7.6457787787908265
-9.14781,-0.03074886,7.639451595518491
-9.15593,-0.03067758,7.633182003357388
-9.16417,-0.03068718,7.626831115092802
-9.17235,-0.03090673,7.6205377574994415
-9.18044,-0.03112741,7.614324672891495
-9.18855,-0.03122751,7.608107209516192
-9.19667,-0.03141278,7.601893065642239
-9.20467,-0.03151828,7.595781478314812
-9.21281,-0.03156126,7.589573832522326
-9.22099,-0.03173462,7.583346723074204
-9.22899,-0.0318615,7.577267317442105
-9.23711,-0.03185633,7.571107489247179
-9.24526,-0.03197786,7.564935783309502
-9.2534,-0.03227272,7.558782501566992
-9.26137,-0.03239265,7.552768208159269
-9.26939,-0.03238375,7.546726623866296
-9.27763,-0.03252032,7.540530189283254
-9.28566,-0.03250548,7.534502254013177
-9.29387,-0.03254285,7.528349966160492
-9.30205,-0.03259587,7.522230959842187
-9.31026,-0.03276405,7.516100323728876
-9.31838,-0.03307599,7.510047518989353
-9.32634,-0.03304529,7.504124211641438
-9.33455,-0.03303823,7.49802545382477
-9.34273,-0.03328047,7.491959641346802
-9.35075,-0.0335758,7.486022778921478
-9.35881,-0.03381462,7.480066557607217
-9.36678,-0.03416283,7.474186924428673
-9.37474,-0.03440134,7.468324646870208
-9.38268,-0.03454356,7.462487007976399
-9.39064,-0.03454962,7.456644573745773
-9.39879,-0.03488246,7.45067293768666
-9.4066,-0.03540369,7.444960134373739
-9.41441,-0.03574993,7.439256809507978
-9.42223,-0.03600099,7.433555655083775
-9.43007,-0.03635736,7.427849411510201
-9.43779,-0.03678926,7.422239772234814
-9.44554,-0.03724809,7.416617557069263
-9.4532,-0.03775544,7.411069690686752
-9.4608,-0.03801822,7.405574158633519
-9.46828,-0.0379813,7.400174012597853
-9.4764,-0.03848088,7.394321472289056
-9.48384,-0.03899571,7.388967844248743
-9.4915,-0.0391295,7.383464678923247
-9.49922,-0.03927564,7.3779273877223615
-9.507,-0.03990541,7.372356158619965
-9.51445,-0.0403656,7.367029781017295
-9.52214,-0.04069937,7.361540557059653
-9.52968,-0.0411364,7.356167006657096
-9.53725,-0.0413577,7.350780623345305
-9.54494,-0.04166992,7.345317602834591
-9.5526,-0.04219223,7.339884638737098
-9.5601,-0.04256456,7.33457359232644
-9.56773,-0.04281281,7.329179032017
-9.57533,-0.04312979,7.3238142288568655
-9.58302,-0.04360018,7.3183945562046215
-9.59053,-0.04367226,7.313110130514165
-9.59828,-0.04362276,7.307665498401797
-9.60616,-0.04419917,7.30213854443399
-9.61379,-0.0448529,7.296795571777624
-9.62129,-0.04522325,7.2915518916902
-9.62889,-0.04531781,7.2862466286352845
-9.63664,-0.04546582,7.280845273871392
-9.64433,-0.04566266,7.275494316349607
-9.65215,-0.04604357,7.270061644296867
-9.65981,-0.04644937,7.264748654476641
-9.6675,-0.04672254,7.259423325575382
-9.67522,-0.04701,7.254085736551728
-9.68291,-0.04720912,7.248777351023608
-9.69072,-0.04750108,7.243394752918256
-9.69844,-0.04796384,7.238082701960316
-9.70607,-0.04818796,7.232840882045978
-9.71379,-0.04809506,7.22754561298937
-9.72176,-0.04831808,7.222087687826074
-9.72957,-0.04869054,7.216748006335326
-9.73729,-0.04851299,7.211478275783098
-9.74544,-0.04858232,7.205924083468782
-9.75331,-0.04895971,7.200569519475952
-9.76122,-0.04912744,7.195196440608859
-9.76909,-0.0491035,7.18985916804943
-9.77724,-0.04925273,7.184341061485655
-9.7852,-0.04961349,7.178960470915261
-9.79305,-0.04989951,7.173662801680785
-9.80098,-0.05025967,7.16831975986075
-9.80876,-0.05013937,7.163086180108394
-9.81682,-0.0496299,7.1576729939023025
-9.82518,-0.0496541,7.152067707665408
-9.83336,-0.04990018,7.146592334664855
-9.84145,-0.05014117,7.14118615651149
-9.8495,-0.05025752,7.135815523630641
-9.85765,-0.05005731,7.130387110518227
-9.86586,-0.04973872,7.12492780152972
-9.87428,-0.04974983,7.119338280867061
-9.88252,-0.04997797,7.113877472547489
-9.89067,-0.05010249,7.108485259340369
-9.89894,-0.05002517,7.103022727685995
-9.90718,-0.04996983,7.097589081857804
-9.91551,-0.0499626,7.0921052674043
-9.92378,-0.04982896,7.086670059191155
-9.93214,-0.04975665,7.081184900736397
-9.94057,-0.0497071,7.0756631561369225
-9.94887,-0.04961791,7.070235705160487
-9.95729,-0.04951498,7.064739030398834
-9.96565,-0.04940053,7.059290713601221
-9.97414,-0.04925959,7.053767021517645
-9.98253,-0.04913391,7.048317620883684
-9.9911,-0.04906105,7.042760757073797
-9.99959,-0.04909201,7.037265157871474
-10.00798,-0.04903664,7.031843448927757
-10.01637,-0.04889758,7.02643082274317
-10.02495,-0.04884335,7.020904992044848
-10.03334,-0.04881578,7.015510667434772
-10.04179,-0.04871447,7.010086876941262
-10.05028,-0.04859341,7.0046465969107325
-10.05873,-0.04859307,6.999241067212262
-10.06731,-0.04859359,6.993761660264758
-10.07567,-0.04854383,6.988431727120877
-10.08412,-0.04851156,6.983053394842584
-10.09261,-0.04836769,6.977658673029078
-10.101,-0.0481476,6.972336402336402
-10.10967,-0.04813374,6.966845792196977
-10.11806,-0.04825648,6.961541461505467
-10.12642,-0.0480563,6.95626483989406
-10.13506,-0.04796137,6.950820636483653
-10.14348,-0.04787559,6.9455239819075905
-10.15199,-0.04764802,6.940179639656856
-10.16054,-0.04753075,6.934819192680705
-10.16911,-0.04741567,6.9294552522295465
-10.17769,-0.0472489,6.924094101903281
-10.18623,-0.04711834,6.918766913764956
-10.19481,-0.04701767,6.913423761698355
-10.20339,-0.04702559,6.908089595712798
-10.21184,-0.04696107,6.902845011281023
-10.22035,-0.04672408,6.897571952036868
-10.22899,-0.0465025,6.8922273166754495
-10.23756,-0.04638328,6.886934894642865
-10.24611,-0.04628625,6.8816636460080955
-10.25465,-0.04618869,6.8764073371592405
-10.26329,-0.04609837,6.871098380733664
-10.27181,-0.04585543,6.8658719057303434
-10.2805,-0.0455794,6.860550070521862
-10.28914,-0.04551807,6.855267767762904
-10.29768,-0.04551111,6.850055313429822
-10.30629,-0.04532681,6.844808878849713
-10.3149,-0.04512767,6.839571202823101
-10.32356,-0.04487682,6.834311923406267
-10.33217,-0.0445394,6.829091749361461
-10.34099,-0.04433563,6.823753267337074
-10.34966,-0.04419879,6.818514443952749
-10.35835,-0.04415664,6.813272335844995
-10.36702,-0.04428928,6.808051050350053
-10.37547,-0.04408744,6.802970650968101
-10.3842,-0.04387958,6.79773059070511
-10.39275,-0.04360975,6.792607105915182
-10.40154,-0.04330232,6.787348584921079
-10.41026,-0.04335226,6.7821407150253705
-10.41881,-0.04320587,6.7770428388654755
-10.42751,-0.0429731,6.771864107538617
-10.43611,-0.04296915,6.766753387996103
-10.44463,-0.04282256,6.76169850918606
-10.45339,-0.04256864,6.756509830782168
-10.46205,-0.04243473,6.7513889247327254
-10.47069,-0.0422159,6.746288286636316
-10.47939,-0.04195682,6.741160725958286
-10.48808,-0.04180935,6.736047551124706
-10.49675,-0.04167717,6.730954581179889
-10.50545,-0.04173535,6.72585243849621
-10.51402,-0.04186984,6.720834790118338
-10.52248,-0.04169584,6.71588956215645
-10.53114,-0.04142423,6.710835655019305
-10.53966,-0.0411636,6.70587155562893
-10.54842,-0.04124153,6.700775983512223
-10.55684,-0.04093906,6.695886155326784
-10.56563,-0.04066323,6.6907897683337385
-10.5743,-0.04078288,6.685771256726214
-10.58278,-0.04061114,6.68087067859296
-10.59145,-0.04031254,6.675868412729136
-10.60008,-0.03999531,6.670897351718101
-10.60884,-0.03981597,6.665859679286331
-10.61757,-0.03979658,6.660847529142733
-10.62611,-0.03954643,6.655952432263547
-10.63481,-0.0393958,6.650973708039919
-10.64354,-0.03927393,6.64598599714005
-10.65224,-0.03900633,6.64102355936404
-10.661,-0.03879496,6.636035081136854
-10.66966,-0.03878185,6.631111600557094
-10.67827,-0.03861227,6.626224463325989
-10.68706,-0.03848078,6.621243279255474
-10.6956,-0.03852128,6.616411608511911
-10.70415,-0.03805146,6.611582003241733
-10.713,-0.0377064,6.606591057593579
-10.72179,-0.03792773,6.60164210453665
-10.73018,-0.03798108,6.59692592295749
-10.73885,-0.03775771,6.592060090233126
-10.74736,-0.03745776,6.587291688377425
-10.75612,-0.03710641,6.582391085261229
-10.76482,-0.03685556,6.577531942011107
-10.7737,-0.03708531,6.572580357722974
-10.78203,-0.0371244,6.567942873466314
-10.79063,-0.03664781,6.5631625864291525
-10.79939,-0.03612268,6.558301191085793
-10.80824,-0.03580501,6.553397852009208
-10.81706,-0.03614923,6.548519117024405
-10.82555,-0.03641755,6.5438304289389455
-10.83394,-0.03609291,6.53920418610404
-10.84264,-0.03578873,6.534414570621178
-10.8513,-0.03564462,6.5296546035958825
-10.85991,-0.03546336,6.524929644904977
-10.86858,-0.03539125,6.520179324253951
-10.87715,-0.03526726,6.515491236215369
-10.88582,-0.03506247,6.5107559559132895
-10.89446,-0.03481889,6.506044558426944
-10.90315,-0.03472155,6.5013134277708735
-10.91179,-0.03460728,6.4966169895131785
-10.92046,-0.03455927,6.491911714341704
-10.92897,-0.03450162,6.487300532438098
-10.93752,-0.03421934,6.482674902537322
-10.94621,-0.03399856,6.477980935867301
-10.95488,-0.0340171,6.473305193667115
-10.96343,-0.03386308,6.468701410051416
-10.97206,-0.03348944,6.464061826129277
-10.98076,-0.0334013,6.459391991082585
-10.98933,-0.03325691,6.454799164280261
-10.998,-0.03328664,6.4501600290962005
-11.00655,-0.03349022,6.445592260971876
-11.01491,-0.03337024,6.441132855375123
-11.02358,-0.03325834,6.436515233708105
-11.032,-0.03328702,6.432037708484409
-11.04051,-0.03328393,6.427519263149982
-11.04897,-0.03325506,6.423034264732369
-11.05742,-0.0330606,6.41856141848641
-11.0659,-0.03290799,6.4140795597285365
-11.07445,-0.03294754,6.409567653472633
-11.08296,-0.03291722,6.405083768235201
-11.09139,-0.0326089,6.400648818588112
-11.10002,-0.03238575,6.396115628620489
-11.10869,-0.03247841,6.391568519780461
-11.11702,-0.03250745,6.387206409631358
-11.12557,-0.03241082,6.38273588679052
-11.13402,-0.03219641,6.378324396758764
-11.14269,-0.03202169,6.373805005793036
-11.15114,-0.03198524,6.369407056139552
-11.15968,-0.03198164,6.364969031370076
-11.16814,-0.03186054,6.360579272824303
-11.17671,-0.03171913,6.356139212702129
-11.1852,-0.03168912,6.3517473089439624
-11.19371,-0.0315838,6.3473517448638574
-11.20223,-0.03150956,6.342957705742518
-11.21068,-0.0313702,6.338606364645142
-11.21925,-0.0312216,6.33419992423736
-11.22777,-0.03125151,6.329825860344486
-11.23631,-0.03135101,6.325448185391824
-11.24461,-0.03109997,6.321199908222695
-11.25325,-0.03087578,6.3167842623242185
-11.26177,-0.03093274,6.312436579685077
-11.27028,-0.03104896,6.30810056183165
-11.27861,-0.03092315,6.3038625947701
-11.28719,-0.03066689,6.299503977517877
-11.2957,-0.03045824,6.29518746071514
-11.30428,-0.03045973,6.290842017359797
-11.31276,-0.03056493,6.286553696887409
-11.32124,-0.0305633,6.282271800615481
-11.32964,-0.03052389,6.278036618992307
-11.33809,-0.03045174,6.273782559496353
-11.34657,-0.03036809,6.269519766766521
-11.355,-0.03028816,6.265288419198591
-11.36345,-0.03022257,6.261053333274666
-11.3719,-0.03022832,6.2568245411936445
-11.38039,-0.0302009,6.252582055623753
-11.38875,-0.02994418,6.248410712325761
-11.39739,-0.02986347,6.244106089201125
-11.40581,-0.02988534,6.239917349140482
-11.41432,-0.02970923,6.235690115574122
-11.42287,-0.02950683,6.231449355547249
-11.43138,-0.02944973,6.227234734563981
-11.43984,-0.02926549,6.22305109162366
-11.4485,-0.0290865,6.218774948683234
-11.45702,-0.02908912,6.214574243564209
-11.46559,-0.02910237,6.210355184512965
-11.47401,-0.02893543,6.2062161092765304
-11.48265,-0.0289284,6.201975197362978
-11.49104,-0.02888246,6.1978631002937945
-11.49962,-0.02881259,6.193664086291547
-11.50804,-0.02860351,6.189549462810349
-11.51665,-0.02858474,6.185348213239093
-11.52516,-0.02878479,6.181201926914682
-11.53346,-0.0286672,6.177163851957696
-11.54201,-0.02849918,6.173010220923393
-11.55043,-0.02844449,6.168925754279278
-11.55904,-0.02843933,6.1647552737943645
-11.56734,-0.02834898,6.16074082719104
-11.57591,-0.02821594,6.15660183087118
-11.58434,-0.02813405,6.1525364241726335
-11.59288,-0.02817096,6.148423998178193
-11.6013,-0.0282266,6.144375285528346
-11.60967,-0.02822989,6.140356435626509
-11.61809,-0.02824686,6.1363194208342335
-11.62648,-0.02822185,6.132302605775781
-11.63478,-0.02811637,6.128334579596693
-11.64327,-0.0280451,6.124281572101309
-11.65169,-0.02795965,6.120267815226804
-11.66014,-0.02788555,6.116245585387483
-11.66853,-0.0278341,6.112257679416345
-11.67708,-0.02778309,6.108199618397751
-11.68556,-0.02775542,6.104180646883846
-11.69389,-0.02769176,6.100238440758379
-11.70238,-0.02763786,6.0962262890112955
-11.71083,-0.02759058,6.092238816548443
-11.71925,-0.02752014,6.088271220427928
-11.72765,-0.02745098,6.084318725405345
-11.73616,-0.0273768,6.080320241032843
-11.74455,-0.02734408,6.076383812066022
-11.75307,-0.02731355,6.072392140947004
-11.76146,-0.02724687,6.0684670270527645
-11.76985,-0.02715991,6.064547509101645
-11.77834,-0.0270798,6.060586958773478
-11.78682,-0.02699009,6.056636768865563
-11.79524,-0.02694912,6.05272014812755
-11.80373,-0.02698842,6.0487766239993634
-11.81227,-0.02695386,6.044815594293054
-11.82042,-0.02684361,6.041040792120754
-11.82903,-0.02675713,6.037058583839927
-11.83736,-0.02675559,6.033211391729237
-11.8459,-0.02670775,6.0292728285736
-11.8542,-0.02660253,6.025450388891701
-11.86269,-0.0265191,6.021545981560675
-11.8712,-0.02647991,6.0176379809960245
-11.87962,-0.02639142,6.013776821144112
-11.88808,-0.0263134,6.009902827033466
-11.89653,-0.02632914,6.006038912186999
-11.90505,-0.02630337,6.002148542005284
-11.91335,-0.02620007,5.9983639782261085
-11.9218,-0.02607059,5.9945164320824045
-11.93031,-0.02601949,5.990647074552128
-11.93883,-0.02601132,5.986778696069884
-11.94722,-0.02596703,5.982974733871144
-11.95567,-0.02590954,5.979148964466233
-11.96413,-0.02587941,5.975324081232818
-11.97261,-0.02581729,5.971495580328768
-11.981,-0.02579955,5.967713045655622
-11.98949,-0.02577982,5.963890816039715
-11.99791,-0.02579478,5.9601054433647205
-12.00633,-0.02577341,5.9563253800287015
-12.01482,-0.02573114,5.952519255386265
-12.02306,-0.02567043,5.948830347681872
-12.0316,-0.02560977,5.945012467169787
-12.04002,-0.02557157,5.9412535361236944
-12.04845,-0.02553577,5.937495403973125
-12.05693,-0.02550078,5.933720283687474
-12.06532,-0.0254658,5.929990451973094
-12.07381,-0.02542602,5.9262214412848975
-12.08226,-0.02538272,5.922475447474231
-12.09056,-0.02532995,5.918801048090412
-12.09911,-0.02529244,5.915021245364329
-12.10741,-0.02526227,5.9113570697614115
-12.11592,-0.02523929,5.907605398516993
-12.12431,-0.02522323,5.903911785495422
-12.13268,-0.02515398,5.900232067440994
-12.14113,-0.02506259,5.896522325351924
-12.14946,-0.02500469,5.8928703168700505
-12.15797,-0.02493197,5.88914456113973
-12.16646,-0.02486015,5.885432755296118
-12.17479,-0.02474608,5.88179593241444
-12.18327,-0.02467911,5.878098728830602
-12.19182,-0.02469646,5.874376212903406
-12.2003,-0.0247333,5.870689327311624
-12.2087,-0.02474871,5.867042273133094
-12.21706,-0.02469235,5.863417565273479
-12.22539,-0.02460482,5.859810795402028
-12.23384,-0.02457684,5.856157085592096
-12.24226,-0.02455488,5.852521364519297
-12.25078,-0.02453915,5.848847550931451
-12.25917,-0.02452242,5.845234783431506
-12.2675,-0.02446501,5.841652740982271
-12.27596,-0.02444675,5.838019771977101
-12.28432,-0.02440918,5.8344346614220415
-12.29283,-0.02436669,5.830790233005744
-12.30113,-0.02429142,5.827240594969731
-12.30956,-0.02420722,5.823640260090532
-12.31801,-0.0241571,5.820036328920013
-12.32643,-0.02409231,5.81645010761429
-12.33492,-0.02400829,5.8128390293573045
-12.34328,-0.02393995,5.809288098463294
-12.35185,-0.02394609,5.805652958868509
-12.36018,-0.02391771,5.802124451262038
-12.36879,-0.02389484,5.798482333356779
-12.377,-0.0238573,5.79501413912903
-12.38545,-0.02382872,5.791449361952937
-12.39391,-0.02379464,5.787885235571341
-12.40233,-0.02374826,5.7843427888146834
-12.4106,-0.02371749,5.780868128857589
-12.41905,-0.02372157,5.77732262129551
-12.42757,-0.02370525,5.773752624205698
-12.43584,-0.02359343,5.77029205908085
-12.44417,-0.02348025,5.76681103681483
-12.45262,-0.0234432,5.763284626046567
-12.4612,-0.02338805,5.759708856289924
-12.46962,-0.02333936,5.756204551542068
-12.47789,-0.02328757,5.752767278762676
-12.48647,-0.02326956,5.749205972544683
-12.49489,-0.02326459,5.7457158326323805
-12.50328,-0.02323692,5.742242803488365
-12.51164,-0.02318811,5.738786825707901
-12.52013,-0.02318576,5.7352818301407416
-12.52846,-0.02313914,5.7318475055992515
-12.53685,-0.02311021,5.728393057267177
-12.54524,-0.02309103,5.724943229463925
-12.55364,-0.02304339,5.721493909336257
-12.56212,-0.02301918,5.71801641761104
-12.57048,-0.0229936,5.714592728360413
-12.57884,-0.02295103,5.711173589933572
-12.58736,-0.02294372,5.707693686364735
-12.59569,-0.02294464,5.704295937737433
-12.60408,-0.02288979,5.700878255295112
-12.61247,-0.02282802,5.697465119837748
-12.6208,-0.02273521,5.694080882352942
-12.62926,-0.02266059,5.690648399035257
-12.63765,-0.02259739,5.6872488556021095
-12.6461,-0.02251265,5.683829560101533
-12.65456,-0.02242097,5.680410792631274
-12.66301,-0.02235792,5.677000626233416
-12.67149,-0.02231093,5.673582925133509
-12.68007,-0.02231915,5.6701295734171815
-12.68837,-0.02231163,5.666793362740841
-12.69692,-0.02228389,5.663361224611953
-12.70525,-0.02223935,5.660021841364791
-12.7137,-0.02213944,5.656638822687338
-12.72209,-0.02211222,5.653284271688064
-12.73048,-0.02207559,5.649934142310424
-12.73906,-0.02206002,5.646512709728976
-12.74751,-0.02207427,5.643147618632972
-12.75588,-0.0220515,5.639818781612872
-12.76433,-0.02202514,5.636462556201541
-12.77266,-0.02197801,5.633158339766345
-12.78099,-0.02192196,5.629858430371983
-12.78951,-0.0218908,5.626487699685133
-12.7979,-0.02186161,5.62317278616023
-12.80629,-0.02176544,5.619862216145347
-12.81468,-0.02165158,5.616555981109166
-12.82311,-0.02155531,5.613238340776926
-12.83165,-0.02149661,5.609881854632881
-12.84001,-0.02144327,5.606600438784706
-12.8485,-0.02142263,5.603272366424097
-12.85689,-0.02143535,5.599987811982525
-12.86546,-0.02143362,5.5966372131272415
-12.87376,-0.02141287,5.593396428083171
-12.8821,-0.0213749,5.590144231142439
-12.89055,-0.02135267,5.586853431389662
-12.89888,-0.02133452,5.583613585055447
-12.9073,-0.02137726,5.580342984202739
-12.9157,-0.02138674,5.577084401155184
-12.92415,-0.0214181,5.573810695480941
-12.93248,-0.02141629,5.570587667639927
-12.94066,-0.02137842,5.567426715484373
-12.94911,-0.02137014,5.56416562219334
-12.95735,-0.02137581,5.560989669955663
-12.96578,-0.02133579,5.55774466325975
-12.97414,-0.02130658,5.554530766586456
-12.9825,-0.02129756,5.551321009050645
-12.99086,-0.02127347,5.548115382661349
-12.99916,-0.02121111,5.544936842072873
-13.00752,-0.02114643,5.5417394245790135
-13.01607,-0.02112576,5.538473586881448
-13.0244,-0.02108423,5.5352959061453895
-13.03264,-0.0210205,5.532156554619785
-13.04115,-0.02098817,5.528918500285635
-13.04964,-0.0209797,5.525692264307675
-13.05803,-0.02094251,5.522508150157413
-13.06639,-0.02085118,5.519339488565702
-13.07481,-0.02075415,5.516152181178924
-13.08321,-0.02072422,5.512976532517632
-13.09175,-0.02074395,5.509752133977505
-13.10008,-0.02072181,5.506611074130845
-13.10848,-0.0206129,5.503447661361196
-13.1169,-0.02046628,5.500280782806914
-13.12532,-0.02035146,5.497117967409557
-13.13387,-0.02031612,5.493910469648322
-13.14244,-0.02028598,5.490699656989113
-13.15077,-0.02023484,5.487582772719773
-13.15929,-0.02013609,5.484398877143068
-13.16774,-0.02008985,5.481245209884157
-13.17619,-0.02016104,5.478095587571218
-13.18474,-0.02027124,5.474912800707485
-13.19301,-0.02028069,5.4718381703644585
-13.20131,-0.02018596,5.4687562597954305
-13.20973,-0.02010826,5.465633748759437
-13.21809,-0.02012003,5.462537424090773
-13.22661,-0.02010372,5.4593858668245305
-13.23503,-0.02008952,5.4562752861157096
-13.24333,-0.02006541,5.453212907931767
-13.25172,-0.02005906,5.450121221999861
-13.26015,-0.02004416,5.447018736590461
-13.26857,-0.02002779,5.443923866701536
-13.2769,-0.01999809,5.440865940091437
-13.28523,-0.01996906,5.437811848195327
-13.29356,-0.01992004,5.434761583804489
-13.30205,-0.0198618,5.431656661943085
-13.31041,-0.01983085,5.428603153471607
-13.31883,-0.0198094,5.425531604502798
-13.32716,-0.01976222,5.422496705974867
-13.33556,-0.01971627,5.419440143496037
-13.34395,-0.0197167,5.416391061117586
-13.35249,-0.01973413,5.4132914010794995
-13.36086,-0.01971612,5.410257288827216
-13.36925,-0.0196586,5.407219739327188
-13.37755,-0.01962333,5.404218522823687
-13.38585,-0.01956004,5.401221028175275
-13.3943,-0.01948238,5.398173178142942
-13.40279,-0.01943276,5.395114770879795
-13.41115,-0.01937059,5.39210697814878
-13.41951,-0.01931199,5.389102932968491
-13.42802,-0.01927709,5.386048829239159
-13.43651,-0.01927079,5.383005758191674
-13.44502,-0.01927986,5.37995937529286
-13.45335,-0.01929473,5.376981160826114
-13.46175,-0.01930697,5.3739816517169015
-13.47014,-0.01930919,5.370989447771144
-13.47847,-0.01930122,5.368022327460016
-13.4868,-0.01929943,5.365058872378919
-13.49507,-0.01926785,5.362120381739406
-13.50349,-0.01921909,5.359132290985516
-13.51183,-0.01917544,5.3561762618387005
-13.52028,-0.01912278,5.353184963625014
-13.52852,-0.0190622,5.350271603989202
-13.53706,-0.01901593,5.347255918197895
-13.5454,-0.01894588,5.344314527441051
-13.55391,-0.01887477,5.341316911503766
-13.56227,-0.01884605,5.338375795497362
-13.57069,-0.01879212,5.335417233758932
-13.57906,-0.0187449,5.332479877104896
-13.58769,-0.01876127,5.32945506557774
-13.59605,-0.01876794,5.326528550571674
-13.60442,-0.01875782,5.3236021381286385
-13.61287,-0.01878729,5.32065140561836
-13.62126,-0.01882092,5.317725247150411
-13.62959,-0.01883783,5.314823578698992
-13.63792,-0.01885476,5.3119254549080805
-13.64626,-0.01887095,5.309027396517434
-13.65456,-0.01889165,5.306146752440211
-13.66283,-0.01890513,5.303280001288167
-13.67119,-0.01890938,5.30038557726138
-13.67946,-0.01889039,5.297525794146845
-13.68782,-0.01882873,5.294638401147882
-13.69609,-0.01876303,5.29178556069652
-13.70454,-0.01868419,5.288874183299841
-13.71291,-0.0185846,5.2859939064720765
-13.72124,-0.01850157,5.283130883214637
-13.72975,-0.01847684,5.280209581383493
-13.73824,-0.01846572,5.277298751514023
-13.7466,-0.0183372,5.274436005994209
-13.75493,-0.0181812,5.271586994626654
-13.76332,-0.01810759,5.268720948143327
-13.77205,-0.01807766,5.265742463903341
-13.78035,-0.01800122,5.262914185779026
-13.7889,-0.01792872,5.260004278803966
-13.79735,-0.01793831,5.257131949251125
-13.80583,-0.01796299,5.25425295690299
-13.81426,-0.01794046,5.2513944431334
-13.82259,-0.01790376,5.2485732630426
-13.83101,-0.01792105,5.2457250555093236
-13.83943,-0.01797151,5.242880313712343
-13.84782,-0.01799244,5.240049148530238
-13.85619,-0.01796882,5.237228148574753
-13.86452,-0.01793645,5.234424011794133
-13.87291,-0.01787581,5.231603081112759
-13.88127,-0.01786562,5.228795628930206
-13.88963,-0.01787923,5.225991556290556
-13.89812,-0.01787938,5.223147332157155
-13.90651,-0.01783821,5.220340020609053
-13.91487,-0.01781579,5.2175461143366775
-13.9232,-0.01779715,5.214765571133073
-13.93156,-0.01776787,5.211978357054057
-13.93993,-0.01773332,5.20919115806177
-13.9482,-0.01770101,5.206440544299623
-13.95671,-0.01771688,5.2036135092009514
-13.9652,-0.01773634,5.200796551427835
-13.97344,-0.01771246,5.1980658162914795
-13.98183,-0.01766445,5.1952886782345375
-13.99022,-0.01759272,5.192514871102813
-13.99849,-0.01751668,5.1897839909876
-14.00688,-0.01745546,5.187016780325098
-14.01521,-0.01739526,5.18427263665689
-14.02373,-0.01734984,5.181469273866511
-14.03224,-0.0173396,5.178672599670474
-14.04067,-0.01735367,5.175905558637871
-14.049,-0.01736769,5.173174603174604
-14.05739,-0.01737004,5.170427248585976
-14.06581,-0.01737816,5.167673365415856
-14.07417,-0.01739334,5.164942366050716
-14.08247,-0.01739741,5.162234174828706
-14.09071,-0.0173763,5.159548716849613
-14.09911,-0.01735444,5.156814345018941
-14.1075,-0.01736255,5.154086478823321
-14.1158,-0.01737447,5.1513910653310475
-14.12413,-0.0173576,5.1486890944787405
-14.13246,-0.01732209,5.145990308835122
-14.14092,-0.01730435,5.143252659657223
-14.14916,-0.01727635,5.14058934947375
-14.15749,-0.01723068,5.137900100935972
-14.16582,-0.0171815,5.135214015143494
-14.17421,-0.01712035,5.132511773142912
-14.18269,-0.01708627,5.1297837927783805
-14.19112,-0.01705217,5.127075128672015
-14.19948,-0.01700184,5.124392132669648
-14.20787,-0.01697221,5.121702683090429
-14.21632,-0.01695093,5.1189972088416695
-14.22475,-0.01694415,5.116301340972601
-14.23317,-0.01691935,5.113611858777771
-14.24156,-0.01689838,5.110935122275931
-14.24995,-0.01688142,5.108261537759782
-14.25829,-0.01683941,5.105607004767052
-14.26665,-0.016792,5.102949220735071
-14.27504,-0.01673892,5.10028502897365
-14.28349,-0.01670434,5.097604948090418
-14.29182,-0.01666851,5.094966029518984
-14.30031,-0.0166395,5.092279586946018
-14.30867,-0.01661317,5.089637394670505
-14.31709,-0.01660367,5.086979358235507
-14.32558,-0.01660313,5.084302387756726
-14.33394,-0.01656507,5.081669506081371
-14.34233,-0.01651871,5.079030262168002
-14.35063,-0.01647949,5.076422366126087
-14.35902,-0.01643994,5.0737892558127236
-14.36729,-0.01639628,5.071196815822608
-14.37569,-0.01637443,5.068566677495133
-14.3842,-0.0163909,5.0659052293488696
-14.39262,-0.01639412,5.06327502567288
-14.40102,-0.01640529,5.060654134221048
-14.40944,-0.01641319,5.058030069176874
-14.41774,-0.01638227,5.0554464014471066
-14.42601,-0.01632853,5.052875029200729
-14.43434,-0.01630351,5.0502879799145655
-14.44273,-0.01630884,5.047685312956761
-14.451,-0.0162676,5.0451228288699745
-14.4594,-0.01625251,5.042523064580827
-14.46791,-0.01627419,5.039892334138103
-14.47636,-0.01629311,5.037283212078175
-14.48464,-0.0162794,5.034729534182417
-14.49294,-0.01626575,5.032172616460152
-14.50133,-0.01627735,5.029590947864783
-14.50984,-0.01630945,5.0269754042773735
-14.51808,-0.01632388,5.024445766933369
-14.52638,-0.01632166,5.021900611163965
-14.53474,-0.01631654,5.019339995073872
-14.54314,-0.01632704,5.016770092290937
-14.55141,-0.01634179,5.014242860313881
-14.55977,-0.01630904,5.011691043196424
-14.56804,-0.01626952,5.0091695794355315
-14.57646,-0.01623664,5.006605321182235
-14.58473,-0.01620631,5.004089626616331
-14.59319,-0.01617621,5.001519085271966
-14.60155,-0.0161519,4.998981854666114
-14.60997,-0.01609661,4.996429349273134
-14.61836,-0.01604373,4.993888863046197
-14.62669,-0.01599113,4.991369428079764
-14.63506,-0.01592453,4.988840783707071
-14.64348,-0.01584579,4.986299950558201
-14.65202,-0.01582391,4.983725888990051
-14.66042,-0.01581871,4.9811969507012765
-14.66875,-0.01578487,4.978691947166596
-14.6772,-0.01576318,4.976153762297987
-14.68572,-0.01579083,4.973597508327818
-14.69402,-0.0157905,4.971110111460309
-14.70235,-0.01573883,4.968616547694757
-14.71074,-0.01572979,4.9661078776458565
-14.71913,-0.01575426,4.963602067513501
-14.72743,-0.01574285,4.961125946617978
-14.73579,-0.01573364,4.9586347457448845
-14.74422,-0.01576869,4.956125546146219
-14.75252,-0.01577533,4.953657842863457
-14.76082,-0.01574112,4.951192914756769
-14.76918,-0.01571259,4.948712968492496
-14.77751,-0.01570963,4.946244712404188
-14.78584,-0.01570313,4.943779237432571
-14.79408,-0.01566743,4.941343131847334
-14.80245,-0.01563111,4.938871369266574
-14.81093,-0.01562256,4.936369971365742
-14.81935,-0.01562822,4.933889104447902
-14.82762,-0.01561291,4.931455176218436
-14.83598,-0.015577,4.92899751819563
-14.84432,-0.0155495,4.926548498011361
-14.85265,-0.01553961,4.9241051596853085
-14.86116,-0.01553899,4.921611852641383
-14.86955,-0.01553759,4.919156497674779
-14.87792,-0.0155231,4.916709755127061
-14.88622,-0.01549367,4.914286192196542
-14.89455,-0.01546277,4.911856585126775
-14.90309,-0.01545475,4.909368547059704
-14.91133,-0.01543921,4.906970612279388
-14.91963,-0.01539775,4.904557894532237
-14.92802,-0.01537362,4.902121741530357
-14.93639,-0.01536548,4.899694122877081
-14.94481,-0.01535216,4.897254745961976
-14.95317,-0.01533067,4.894835469669642
-14.96156,-0.01531315,4.8924102299492835
-14.96993,-0.01529566,4.889993480263435
-14.97832,-0.01527813,4.887573666472608
-14.98674,-0.01527662,4.885147924098237
-14.99501,-0.01525759,4.882768047503803
-15.00334,-0.01522943,4.880373556821349
-15.0117,-0.01521295,4.877973114304177
-15.02013,-0.01521218,4.875555278150056
-15.02849,-0.01519987,4.87316019773111
-15.03691,-0.01520186,4.870750619641934
-15.04524,-0.01518285,4.86836945106891
-15.05354,-0.01515645,4.86599947919227
-15.062,-0.01515039,4.863586509095738
-15.07036,-0.01515377,4.861204722382213
-15.07875,-0.01514568,4.858817043853105
-15.08702,-0.01513104,4.856466114580614
-15.09554,-0.015129,4.854046811177342
-15.10375,-0.01511102,4.851718116361831
-15.11214,-0.01509645,4.849340980165616
-15.12056,-0.01509978,4.846957996264689
-15.12895,-0.01509464,4.844586141140001
-15.13722,-0.01508398,4.842250783168905
-15.14552,-0.01506171,4.839909517798003
-15.15389,-0.01504271,4.837551104039953
-15.16219,-0.01503141,4.835214985434162
-15.17058,-0.01502,4.832856133384485
-15.17894,-0.01500976,4.830508309539401
-15.1873,-0.0149993,4.828163070460187
-15.19557,-0.01498306,4.825845618163715
-15.20403,-0.01497232,4.823477531943833
-15.2123,-0.0149533,4.8211651755487335
-15.22069,-0.01494056,4.818821833964164
-15.22911,-0.01493429,4.816472709173419
-15.23744,-0.01492799,4.814151248503686
-15.24574,-0.0149136,4.811840671558088
-15.25411,-0.01489444,4.809513154159764
-15.26247,-0.01487932,4.807190965813528
-15.2708,-0.01484489,4.804879639573565
-15.27922,-0.01478994,4.802545902212286
-15.28746,-0.01473256,4.800264543619411
-15.29585,-0.01469291,4.797944180937967
-15.30428,-0.01465379,4.795615318067887
-15.31261,-0.01459186,4.7933165998481
-15.32106,-0.014568,4.79098732072063
-15.32964,-0.01459119,4.788624833981751
-15.33797,-0.01458595,4.7863337130011345
-15.34633,-0.01455222,4.784036841381621
-15.35472,-0.01454315,4.781734241979014
-15.36321,-0.0145508,4.779406758092873
-15.37151,-0.01454134,4.77713384696754
-15.37978,-0.01452238,4.774871591141096
-15.3882,-0.0145255,4.772570801003367
-15.39665,-0.01454914,4.7702643432175185
-15.40495,-0.01456195,4.768001291792574
-15.41332,-0.01460298,4.765721622596559
-15.42171,-0.01462801,4.7634389895802745
-15.43001,-0.01465006,4.761183285039997
-15.43834,-0.01466335,4.758921865951909
-15.44664,-0.01468385,4.75667101712735
-15.45494,-0.01471075,4.754422585917513
-15.46318,-0.0147166,4.75219279604842
-15.47151,-0.01472856,4.749941065868813
-15.47987,-0.01474486,4.7476836627180985
-15.48811,-0.01472547,4.74546104721622
-15.49645,-0.01470074,4.743213865111042
-15.50481,-0.01468305,4.740963720290671
-15.51308,-0.01465196,4.7387401857013565
-15.52135,-0.01461645,4.736519020574886
-15.52974,-0.0145901,4.734268043122422
-15.53798,-0.01456746,4.732059675710743
-15.54643,-0.0145393,4.72979745832323
-15.55492,-0.01452269,4.727527007532022
-15.56331,-0.01450109,4.725285732919283
-15.5717,-0.01448084,4.723046873494866
-15.58009,-0.01445485,4.720810425356978
-15.58843,-0.01441501,4.718589691200461
-15.59676,-0.01437393,4.7163739904954625
-15.60509,-0.01433704,4.714160655273376
-15.61354,-0.01431863,4.711917848226603
-15.62196,-0.01432425,4.70968541719477
-15.63026,-0.0143138,4.707487156323696
-15.63875,-0.01429338,4.705240987930622
-15.64717,-0.01428797,4.7030157466174405
-15.6555,-0.01428338,4.70081664590719
-15.66393,-0.01428893,4.698593526656465
-15.67229,-0.01429381,4.696391229360866
-15.6805,-0.01428612,4.694230732438379
-15.68886,-0.01428129,4.692033085896617
-15.69731,-0.01428563,4.689814159241297
-15.7057,-0.01428127,4.687613350566992
-15.71407,-0.01427604,4.685420129858147
-15.72228,-0.01425994,4.683271103173332
-15.73064,-0.01421547,4.681085117960872
-15.73897,-0.01418818,4.678909286948257
-15.74724,-0.01416527,4.676751405325632
-15.7556,-0.01414503,4.67457234253218
-15.76405,-0.01413605,4.6723721695883995
-15.77242,-0.01411564,4.670195150775848
-15.78075,-0.01410307,4.668030828699524
-15.7892,-0.01410715,4.665837661186128
-15.79762,-0.01409724,4.663654613796256
-15.80595,-0.01406939,4.661497189349581
-15.81429,-0.01405778,4.659339451850194
-15.82268,-0.01405453,4.657171073421191
-15.83101,-0.01404898,4.6550204756361095
-15.83946,-0.01404663,4.652841207970474
-15.84761,-0.01403971,4.650741512442571
-15.856,-0.0140217,4.648582240161454
-15.8644,-0.01401271,4.646422682231916
-15.87288,-0.01402437,4.644244875536135
-15.88118,-0.01402843,4.642115548088996
-15.88951,-0.01401852,4.639980760891935
-15.89781,-0.0139983,4.6378558870687225
-15.90617,-0.01398115,4.635717894376837
-15.91448,-0.01398124,4.633594914819712
-15.92284,-0.01398683,4.631461397589877
-15.9312,-0.01397726,4.62933011951391
-15.93959,-0.01397953,4.6271934409856215
-15.94783,-0.01397146,4.625097151148464
-15.95622,-0.01396413,4.622964925276789
-15.96462,-0.01397355,4.620832403151469
-15.97301,-0.01398758,4.6187046586710965
-15.98122,-0.01398589,4.616624725771875
-15.98958,-0.01400088,4.614508986477444
-15.99797,-0.01404431,4.612387877962017
-16.00627,-0.01404751,4.610291710685876
-16.01457,-0.01402834,4.608197716204682
-16.02293,-0.0140285,4.606090777404632
-16.03124,-0.01403374,4.603998617698943
-16.03963,-0.01404337,4.601888516131607
-16.04781,-0.01400652,4.599833354208457
-16.05608,-0.01395677,4.5977577092291515
-16.06435,-0.01394465,4.595684201352685
-16.07286,-0.01396207,4.593552746679808
-16.08119,-0.01394997,4.591468560473448
-16.08958,-0.0139118,4.589371543570435
-16.09782,-0.01386892,4.587314145642082
-16.10634,-0.01385103,4.585189049777914
-16.11476,-0.01384845,4.583091104056158
-16.123,-0.01382894,4.581040129008249
-16.13127,-0.01379623,4.578983793588478
-16.13976,-0.01378642,4.576874947335029
-16.14818,-0.0137922,4.574785678633754
-16.15663,-0.01378966,4.572691155271861
-16.16499,-0.01377882,4.5706210953424655
-16.17333,-0.01375864,4.568558120065565
-16.18163,-0.01374106,4.566507150392143
-16.19005,-0.01373517,4.564428676872524
-16.19835,-0.0137344,4.562381940135878
-16.20668,-0.01373471,4.560329913344375
-16.21504,-0.01374089,4.5582726160404174
-16.22344,-0.01374582,4.5562076107163465
-16.23183,-0.01375865,4.554147197204506
-16.24016,-0.01375936,4.552103624594832
-16.24846,-0.01374833,4.550069495816834
-16.25679,-0.01374697,4.548030103113838
-16.26506,-0.01374545,4.546007466311222
-16.27342,-0.01374739,4.543964907192219
-16.28172,-0.01374964,4.541939082603067
-16.29009,-0.01375853,4.539898263299958
-16.29842,-0.01375044,4.5378692781263466
-16.30675,-0.01374428,4.535842365891425
-16.31511,-0.01374989,4.533810234806875
-16.32347,-0.01377797,4.531780185217971
-16.33177,-0.01379537,4.529766761349199
-16.34004,-0.01377074,4.527762649295841
-16.34834,-0.01373212,4.525753305840226
-16.35674,-0.01373868,4.5237218296555435
-16.36507,-0.01376875,4.521709341909323
-16.37349,-0.01376682,4.519677191606677
-16.38164,-0.01372631,4.5177121948718195
-16.39,-0.0136933,4.515698596705308
-16.39845,-0.01368836,4.51366540740131
-16.40694,-0.01369742,4.511624702717265
-16.41521,-0.01370485,4.509638908061487
-16.42345,-0.01367337,4.507662306031924
-16.43187,-0.0136398,4.505644573624305
-16.44029,-0.01362793,4.50362890800588
-16.44862,-0.01361432,4.501636818164686
-16.45708,-0.01361056,4.499615703393311
-16.46541,-0.01359835,4.497627675229467
-16.47365,-0.01356103,4.495663104412198
-16.48204,-0.01354163,4.493664789067372
-16.49049,-0.01354164,4.491654238291281
-16.49883,-0.01353517,4.489671879763595
-16.50719,-0.01353588,4.487686777701111
-16.51552,-0.01354399,4.48571079808568
-16.52391,-0.0135498,4.483722599554222
-16.53221,-0.0135507,4.481757714183404
-16.54054,-0.01355314,4.479787709470187
-16.54891,-0.01355013,4.47781024248727
-16.55724,-0.01356092,4.475844210750101
-16.56557,-0.01356505,4.473880156251792
-16.57381,-0.01354452,4.471939264417777
-16.58211,-0.01351736,4.469986189936021
-16.59044,-0.01350916,4.468028020956647
-16.5988,-0.01349613,4.466064775766923
-16.60716,-0.01348225,4.464103507161971
-16.61549,-0.01345833,4.462151239596304
-16.62383,-0.01342637,4.460198588411936
-16.63219,-0.01341779,4.458243219924736
-16.64052,-0.01340664,4.456296822455068
-16.64894,-0.01339674,4.454331374850291
-16.65727,-0.01338763,4.452388890856665
-16.66563,-0.01337657,4.450441363452807
-16.67403,-0.01338248,4.448486484671073
-16.68239,-0.0133844,4.446542869456954
-16.6909,-0.01338691,4.444566380482779
-16.69917,-0.01337047,4.442647562723177
-16.70747,-0.01336165,4.440723694251733
-16.7159,-0.01338655,4.4387716485501825
-16.72423,-0.01340646,4.43684469180345
-16.7325,-0.01341023,4.434933512625131
-16.74077,-0.01339464,4.433024221705453
-16.74916,-0.0133972,4.4310891531276795
-16.75758,-0.01342708,4.429149113416138
-16.76601,-0.01345252,4.427208721693474
-16.77422,-0.0134499,4.425320843532516
-16.78246,-0.01344011,4.423427924154146
-16.79073,-0.01342441,4.421529981126491
-16.79903,-0.01341177,4.41962703203697
-16.80751,-0.01343081,4.417684755207643
-16.81578,-0.0134225,4.415792463983235
-16.82408,-0.01342026,4.413895178815127
-16.83241,-0.01343938,4.4119929172352625
-16.84074,-0.01343877,4.410092537501321
-16.84901,-0.01341709,4.408207704785029
-16.85747,-0.0134183,4.406281482333945
-16.86583,-0.0134197,4.404379926751307
-16.87413,-0.01340134,4.40249388264758
-16.88255,-0.01340148,4.400582465326624
-16.89073,-0.01337586,4.398727355182399
-16.89903,-0.01334187,4.396846866358602
-16.90743,-0.01333407,4.394945600839394
-16.91582,-0.01334371,4.393048483608835
-16.92418,-0.0133383,4.391160020751375
-16.93248,-0.01331849,4.389286956193068
-16.94087,-0.01330693,4.387395446632906
-16.94927,-0.01328981,4.385503558560339
-16.95763,-0.01328504,4.383622540413961
-16.96599,-0.01328747,4.381743376012835
-16.97432,-0.01327659,4.379872796082553
-16.98259,-0.01325937,4.378017504985989
-16.99092,-0.01326203,4.376150579250565
-16.99934,-0.01326489,4.374265342066222
-17.00771,-0.01326175,4.372393149930238
-17.01613,-0.01328121,4.370511632198391
-17.02446,-0.0133003,4.368652057099021
-17.03273,-0.0133008,4.366807675575202
-17.04112,-0.01329711,4.364938360858911
-17.04952,-0.01331993,4.363068661170519
-17.05779,-0.01334111,4.361229696226768
-17.06609,-0.01333456,4.3593858522954
-17.07448,-0.01334032,4.357523836743491
-17.08281,-0.01334341,4.35567694659134
-17.09108,-0.01333516,4.353845140272002
-17.09929,-0.01332813,4.352028376616807
-17.10777,-0.01332938,4.350153696244456
-17.11607,-0.01332072,4.348320607475898
-17.12431,-0.01328914,4.346502527693087
-17.13261,-0.0132687,4.344672977438931
-17.14102,-0.0132656,4.3428209873158075
-17.14938,-0.01326848,4.340981808088689
-17.15773,-0.0132685,4.339146617880104
-17.16606,-0.01325189,4.337317602291964
-17.17444,-0.01323143,4.335479398454913
-17.18277,-0.01322212,4.3336539393823
-17.19125,-0.01322949,4.331797426016142
-17.1996,-0.01323396,4.329971162120049
-17.20792,-0.01323506,4.328153222469654
-17.21622,-0.01322399,4.326341403629833
-17.22452,-0.01321092,4.324531330916624
-17.23288,-0.01318923,4.322709935889996
-17.24123,-0.01317293,4.3208924827289
-17.24965,-0.0131672,4.319061575162395
-17.2579,-0.01315073,4.317269366493027
-17.26624,-0.01312847,4.315459347258002
-17.27457,-0.01311418,4.313653242888246
-17.2829,-0.01310178,4.31184887952832
-17.29131,-0.01310584,4.310028950958603
-17.29956,-0.01311558,4.308245365778089
-17.30808,-0.01314066,4.306405193412557
-17.31645,-0.01315706,4.304599181702947
-17.3248,-0.01316442,4.302799224233469
-17.33324,-0.01318349,4.3009816283626146
-17.34158,-0.01320549,4.299187305885623
-17.34988,-0.01322319,4.297403301924855
-17.35822,-0.0132413,4.295612418784875
-17.36644,-0.01324554,4.293848986896566
-17.3747,-0.01325189,4.292078654595475
-17.38297,-0.01325575,4.290307864536382
-17.39133,-0.0132636,4.288519515183715
-17.39963,-0.0132743,4.28674570091433
-17.40793,-0.01327443,4.284973578133644
-17.41623,-0.01326555,4.283203144423334
-17.42455,-0.01324726,4.281430137363662
-17.43283,-0.01322729,4.279667334563579
-17.44118,-0.01320582,4.277891323866848
-17.44942,-0.01317335,4.276140376012498
-17.45776,-0.01315642,4.27436986188377
-17.4661,-0.0131447,4.272601038583312
-17.47446,-0.01312986,4.270829667984017
-17.48286,-0.01313365,4.269051528182461
-17.4912,-0.01314442,4.267287778997439
-17.49957,-0.01315388,4.265519375618944
-17.50797,-0.01315974,4.263746333812544
-17.51643,-0.01317054,4.261962346208674
-17.52472,-0.01316892,4.2602158779141694
-17.53302,-0.01315564,4.258468957430038
-17.54137,-0.01313682,4.256713181467582
-17.54968,-0.01311917,4.254967475190432
-17.55783,-0.01309918,4.253256985629774
-17.56622,-0.01308985,4.251497783814616
-17.57452,-0.01309116,4.249759105796346
-17.58286,-0.01308995,4.248013701980224
-17.59134,-0.01308509,4.246240695705955
-17.5997,-0.01308919,4.244494451609971
-17.60817,-0.01310676,4.242726921650575
-17.61653,-0.01313197,4.240984013310226
-17.62486,-0.01315034,4.239249003963719
-17.63312,-0.01315187,4.237530193181921
-17.6414,-0.01313825,4.235808836033422
-17.64969,-0.01313239,4.234087017958956
-17.65808,-0.01314208,4.232346076130587
-17.66641,-0.01314518,4.230619220316974
-17.67479,-0.01315182,4.228883641616109
-17.68306,-0.01313721,4.227172457708112
-17.69132,-0.01310817,4.225464939868817
-17.69966,-0.01308325,4.223742501268386
-17.70807,-0.01306802,4.222007248672498
-17.71639,-0.01305089,4.220292187065198
-17.72472,-0.01302459,4.218576677092783
-17.73312,-0.01301078,4.216848383138444
-17.74143,-0.01299664,4.21514021699491
-17.74979,-0.01299494,4.213423386980916
-17.75823,-0.01299653,4.211691767704326
-17.76654,-0.01298589,4.20998842768485
-17.77498,-0.01298752,4.208260071178702
-17.78333,-0.01299427,4.206551759428634
-17.79176,-0.01300763,4.20482870722177
-17.80011,-0.01302714,4.203123615528219
-17.80843,-0.01304247,4.201426240269355
-17.8167,-0.01304404,4.1997406365937575
-17.825,-0.01303524,4.198050490883591
-17.83336,-0.01303843,4.196349717607899
-17.84172,-0.01304413,4.194650538176813
-17.85002,-0.01304088,4.192965128330388
-17.85837,-0.01303085,4.19127114624683
-17.86664,-0.01302041,4.189594954619335
-17.87492,-0.01301366,4.187918289983956
-17.88319,-0.01300266,4.186245200101324
-17.89159,-0.01300943,4.18454739349605
-17.89993,-0.01301802,4.182863290526835
-17.90834,-0.01302043,4.181166640794178
-17.91663,-0.01302978,4.179495758968065
-17.925,-0.01303832,4.177810320781032
-17.93337,-0.01305381,4.176126455875276
-17.94173,-0.01306776,4.174446171021413
-17.95004,-0.0130785,4.172777486846826
-17.95839,-0.01308811,4.17110232598802
-17.96666,-0.01308982,4.1694447493301485
-17.97495,-0.01309499,4.167784694811391
-17.98332,-0.01311154,4.166110173204948
-17.99161,-0.0131269,4.1644531923491
-17.99995,-0.01312803,4.162787757743772
-18.00823,-0.01313128,4.1611358306729755
-18.01653,-0.01312695,4.1594814373245015
-18.02486,-0.01312209,4.157822596125573
-18.03317,-0.01310514,4.156169264749349
-18.0415,-0.01308272,4.154513482803536
-18.0499,-0.01305096,4.152845334323182
-18.05812,-0.01301627,4.1512144342821955
-18.06642,-0.01299123,4.14956916754952
-18.07486,-0.01295968,4.147897698792688
-18.08313,-0.01292135,4.146261410496966
-18.09152,-0.01287872,4.144602907881704
-18.09992,-0.01285791,4.142943968813122
-18.10831,-0.01284634,4.141288541006864
-18.11682,-0.01283203,4.139611002372381
-18.12517,-0.01280848,4.137966534934569
-18.1335,-0.01278572,4.136327515372101
-18.14194,-0.01275775,4.134668387173588
-18.15035,-0.01273096,4.133016691138188
-18.15878,-0.01272477,4.131362602553696
-18.16704,-0.01270766,4.129743359402522
-18.17545,-0.0127031,4.128096223202176
-18.18379,-0.01271349,4.126464301446509
-18.19219,-0.01271994,4.124822151703561
-18.2005,-0.01272714,4.123199087937144
-18.20905,-0.01274822,4.121530694901711
-18.21741,-0.01277755,4.1199008915098245
-18.22574,-0.01280207,4.118278423811599
-18.23404,-0.01282628,4.116663273745149
-18.24231,-0.01284426,4.1150554233537315
-18.25058,-0.0128729,4.113449030113016
-18.25888,-0.01289341,4.111838272665136
-18.26721,-0.01290272,4.110223164894913
-18.27557,-0.01292845,4.108603720704744
-18.28378,-0.01295887,4.107014774844152
-18.29211,-0.01297592,4.105404062188561
-18.30035,-0.01297928,4.103812194848732
-18.30866,-0.01297386,4.102208255546829
-18.31679,-0.01295805,4.1006404670250625
-18.32523,-0.01296072,4.0990143698059995
-18.33359,-0.0129731,4.09740516178228
-18.34189,-0.01296458,4.095808954257168
-18.35019,-0.01292706,4.094214190697753
-18.3584,-0.01287356,4.0926381383998605
-18.36679,-0.01284753,4.091028987645636
-18.37515,-0.01284096,4.0894270522961715
-18.38353,-0.01281945,4.087822746773878
-18.39188,-0.01279517,4.086225638705777
-18.40019,-0.01277461,4.084637620589787
-18.4086,-0.01275122,4.083031952457004
-18.41711,-0.0127555,4.081408684641619
-18.42549,-0.01276374,4.079811679363751
-18.43384,-0.01275106,4.078221835493853
-18.44212,-0.0127434,4.07664674126402
-18.45059,-0.01275804,4.075036966297556
-18.45883,-0.01276666,4.073472321918562
-18.46718,-0.01276637,4.0718882146597375
-18.47559,-0.01277058,4.070294171931722
-18.48384,-0.01278946,4.068731865240124
-18.49226,-0.01283098,4.067138802937013
-18.50061,-0.01285712,4.065560416656532
-18.50888,-0.01286225,4.0639985563686185
-18.51723,-0.01287763,4.062423002792534
-18.5255,-0.01290159,4.0608639442930015
-18.53391,-0.01292815,4.059279919887385
-18.54225,-0.01295368,4.0577104989955375
-18.55042,-0.01295777,4.056174437020833
-18.55864,-0.01297515,4.054630339292103
-18.56703,-0.0129955,4.053055717581111
-18.57536,-0.01303595,4.051493763781698
-18.58363,-0.01306339,4.049944445729925
-18.59184,-0.01307267,4.048407731563955
-18.60022,-0.01304896,4.046840596509074
-18.60857,-0.01305806,4.045280475608819
-18.61676,-0.01303494,4.043751608765436
-18.62492,-0.01297232,4.042229679375804
-18.63342,-0.0129526,4.0406457537049025
-18.64179,-0.01291152,4.03908746424029
-18.6501,-0.01282015,4.0375417289987725
-18.65849,-0.0127139,4.035982509838685
-18.66676,-0.01261575,4.034446963479469
-18.67525,-0.01257579,4.032871982972116
-18.6837,-0.01258634,4.0313058441315155
-18.69223,-0.01262207,4.029726314088796
-18.70076,-0.01267513,4.028148224991925
-18.70905,-0.01270059,4.026615915826833
-18.71739,-0.01269352,4.025075734383907
-18.7256,-0.01268356,4.023560900585295
-18.73395,-0.01269169,4.022021597153831
-18.74228,-0.0126993,4.0204873473238045
-18.75069,-0.01271344,4.018939745684026
-18.75902,-0.01272511,4.017408233479148
-18.76735,-0.01273953,4.015878080815885
-18.77562,-0.01273437,4.014360292762636
-18.78397,-0.01268123,4.012829178283398
-18.79234,-0.01267324,4.011295761996643
-18.80071,-0.01267987,4.009763711051338
-18.80893,-0.01266444,4.0082604433107045
-18.81732,-0.01265328,4.006727440464424
-18.82571,-0.01265012,4.0051958040360764
-18.83412,-0.01266524,4.0036618859814
-18.84256,-0.01270078,4.002123872764635
-18.85082,-0.01271227,4.000619994249587
-18.85916,-0.01270944,3.9991028868730103
-18.86742,-0.01271255,3.9976016540682298
-18.87578,-0.01272434,3.9960835843604876
-18.88408,-0.01273327,3.994577739556282
-18.89249,-0.01273013,3.993053287311519
-18.90079,-0.01273734,3.9915501045194404
-18.90906,-0.01274158,3.9900536673954177
-18.91722,-0.01272313,3.9885784169132674
-18.9256,-0.01271411,3.9870647165743756
-18.93393,-0.0127066,3.985561375794671
-18.94222,-0.01268747,3.984066566643192
-18.95047,-0.01267933,3.982580268457722
-18.95889,-0.01269484,3.9810646773096945
-18.96733,-0.01271117,3.97954683658691
-18.97563,-0.01271238,3.9780554901207497
-18.98392,-0.01270683,3.976567242171269
-18.99228,-0.01269835,3.9750677433146517
-19.00064,-0.01270466,3.973569563972582
-19.00906,-0.012729,3.9720619641371004
-19.01743,-0.01274349,3.9705646399119123
-19.02565,-0.01275038,3.9690954316935296
-19.03397,-0.01275156,3.9676096421293088
-19.0423,-0.01275732,3.9661233674503604
-19.05057,-0.01275239,3.9646490839906625
-19.05891,-0.01274329,3.9631636174366736
-19.06738,-0.01274933,3.9616563261444413
-19.07552,-0.01274373,3.9602090218248307
-19.08386,-0.01273235,3.9587274377405826
-19.09218,-0.01271926,3.9572506963584044
-19.10042,-0.01269353,3.9557894224315486
-19.10878,-0.0126827,3.954308155727367
-19.1171,-0.01266694,3.952835262670593
-19.1255,-0.01265468,3.9513495072024263
-19.13384,-0.01265289,3.9498756548607075
-19.14227,-0.01265048,3.948387202771667
-19.15059,-0.01264577,3.946919457833936
-19.15892,-0.01264499,3.945451225851979
-19.1673,-0.01264947,3.943975468636688
-19.17568,-0.01264308,3.942501001268273
-19.18404,-0.01262265,3.9410313364651035
-19.19237,-0.01262224,3.9395682190370445
-19.20081,-0.01264297,3.938087075493169
-19.20909,-0.01264489,3.936635275278527
-19.21742,-0.01264206,3.935175970551718
-19.22575,-0.01263582,3.933717930379829
-19.23404,-0.01262758,3.9322681454338246
-19.24242,-0.01264321,3.9308038905709366
-19.25089,-0.0126649,3.929325205224278
-19.25926,-0.01267663,3.927865255466721
-19.26744,-0.01266708,3.9264396723176507
-19.2758,-0.01266518,3.924983969536932
-19.2841,-0.01266022,3.923539962974679
-19.29245,-0.01264961,3.922088511308828
-19.30084,-0.01264928,3.9206313714843497
-19.30905,-0.01263825,3.919206719129113
-19.31737,-0.01263212,3.917764214279687
-19.32576,-0.01263004,3.9163108307254153
-19.33411,-0.01262183,3.9148656286738825
-19.34239,-0.0126156,3.9134337742130105
-19.35075,-0.01260905,3.9119893285789953
-19.35916,-0.01262931,3.9105375026602394
-19.36749,-0.01263915,3.9091007301410765
-19.37589,-0.01263339,3.9076531349011585
-19.38417,-0.0126275,3.906227447448098
-19.39246,-0.01262625,3.904801257808447
-19.40091,-0.01265177,3.9033487965255236
-19.40917,-0.01268765,3.901930216490453
-19.41756,-0.01271015,3.9004905456710315
-19.42586,-0.01271886,3.8990675419260716
-19.43407,-0.01272144,3.8976611641308283
-19.44247,-0.01274319,3.8962234685202035
-19.45087,-0.01276977,3.8947870146682386
-19.4592,-0.01278701,3.8933637559611904
-19.46744,-0.01280399,3.8919570729381983
-19.47571,-0.01280133,3.890546465315
-19.48389,-0.01278553,3.889152386920682
-19.49228,-0.0127717,3.887723734729852
-19.50063,-0.0127624,3.88630311430964
-19.50897,-0.01277678,3.88488540912206
-19.51723,-0.01277234,3.883482497260113
-19.52564,-0.0127378,3.8820553282760515
-19.53394,-0.01270233,3.880648031067977
-19.54236,-0.0126516,3.8792216088537925
-19.55071,-0.01263017,3.8778082586259015
-19.55893,-0.01260046,3.876418091378209
-19.56726,-0.01255935,3.8750105124580547
-19.57582,-0.01255378,3.873565316804098
-19.58415,-0.01257527,3.872160165235662
-19.59271,-0.01262147,3.870717460729016
-19.60089,-0.01262308,3.8693399789499354
-19.6093,-0.01260418,3.8679249641751614
-19.61758,-0.01262352,3.8665330076390663
-19.62598,-0.01265195,3.86512207798031
-19.63416,-0.01265588,3.8637492614911966
-19.64255,-0.01267323,3.8623423893537243
-19.65083,-0.01269408,3.860955140317228
-19.65923,-0.01272761,3.859548980300856
-19.66744,-0.01274839,3.858175786986003
-19.6758,-0.01274415,3.8567786824423913
-19.68407,-0.01274845,3.8553977861285804
-19.69228,-0.01272184,3.854028055664453
-19.70067,-0.01271354,3.8526294740229647
-19.70892,-0.01270514,3.8512553909600324
-19.71722,-0.01269706,3.849874140472135
-19.72548,-0.0126885,3.8485007006166643
-19.7339,-0.01267679,3.8471018399809465
-19.7422,-0.01265961,3.845724083435483
-19.75053,-0.0126318,3.844342511314886
-19.75896,-0.01261373,3.8429455396437873
-19.76735,-0.01260151,3.8415563795855285
-19.77577,-0.01257366,3.840163437378165
-19.784,-0.0125374,3.838803073190457
-19.79237,-0.01249717,3.8374207282907506
-19.80077,-0.01246445,3.8360346037048054
-19.80907,-0.01243789,3.8346661352602625
-19.81757,-0.0124264,3.8332658797218833
-19.82591,-0.01241075,3.831893148914728
-19.83437,-0.01239566,3.830501846037963
-19.84277,-0.01238364,3.829121584335251
-19.85111,-0.012378,3.8277523372748425
-19.85956,-0.01239761,3.8263662034808426
-19.86789,-0.01241714,3.8250009085011043
-19.87625,-0.01241736,3.8236318470536443
-19.88463,-0.01242763,3.8222606656498006
-19.89296,-0.01246677,3.82089881043344
-19.90137,-0.01251186,3.819525032698754
-19.9097,-0.012535,3.8181654670838836
-19.91798,-0.01255083,3.81681518909046
-19.92624,-0.01256388,3.815469290744265
-19.93453,-0.01257506,3.8141196255943832
-19.94289,-0.01259624,3.812759700324276
-19.95116,-0.01261044,3.8114155367407205
-19.95932,-0.01261912,3.8100903437592057
-19.96764,-0.01263392,3.8087402817759135
-19.97598,-0.01266176,3.8073881031118373
-19.98427,-0.01267052,3.8060451495100898
-19.99257,-0.01267124,3.804701691678458
-20.00096,-0.01268214,3.8033447994496266
-20.00926,-0.01269234,3.8020035823413756
-20.01761,-0.01269481,3.800655407913332
-20.0258,-0.01268078,3.7993341589349736
-20.03415,-0.01267138,3.797988210131201
-20.04237,-0.01265857,3.7966643116557575
-20.05071,-0.012663,3.7953221955731244
-20.05908,-0.01266313,3.7939763737918186
-20.06741,-0.01266704,3.7926380982897148
-20.07576,-0.01267185,3.7912977242206525
-20.08412,-0.01267382,3.78995686144078
-20.0925,-0.01267812,3.7886139106631824
-20.10078,-0.01268467,3.787288085337982
-20.10918,-0.01269283,3.785944160826051
-20.11749,-0.01268637,3.7846157398363314
-20.12575,-0.0126666,3.7832963988919666
-20.13411,-0.01266237,3.781962187551374
-20.14241,-0.01265483,3.780638647510402
-20.15073,-0.01262937,3.779313012481434
-20.15906,-0.01259494,3.777986880340651
-20.16739,-0.01256351,3.7766618436991597
-20.17564,-0.01253164,3.7753506109347708
-20.18404,-0.01251981,3.774016638888944
-20.19254,-0.01252624,3.7726679159729284
-20.20087,-0.01253029,3.771347268706744
-20.20917,-0.01252181,3.7700324605117377
-20.21761,-0.01252087,3.768696581841276
-20.22611,-0.01254691,3.767352333197041
-20.23441,-0.01258261,3.766040803759536
-20.24284,-0.01260315,3.764709833205222
-20.25111,-0.01261306,3.7634052009988586
-20.25945,-0.01261851,3.762090604631419
-20.26766,-0.01262109,3.760797556303984
-20.27603,-0.01263341,3.759480386446459
-20.28436,-0.01265866,3.75817059054365
-20.29265,-0.01267988,3.756868151769237
-20.3009,-0.01267587,3.755573053411425
-20.3092,-0.01268139,3.7542711677466367
-20.31754,-0.01267095,3.752964079312751
-20.32585,-0.01267725,3.7516627594909933
-20.33418,-0.01269394,3.750359375199787
-20.34248,-0.01268069,3.7490617466503595
-20.35074,-0.0126138,3.747771422562521
-20.35915,-0.01255434,3.746458742138056
-20.36751,-0.01251396,3.745154940392812
-20.37581,-0.01247203,3.743861554460902
-20.38411,-0.01246674,3.742569221810518
-20.39256,-0.01248131,3.741254614428007
-20.40112,-0.01251015,3.73992400417232
-20.40956,-0.01256028,3.7386131401166907
-20.41786,-0.01258133,3.737325077162837
-20.42618,-0.0125698,3.7360349610157164
-20.43428,-0.01255373,3.734779967779633
-20.44275,-0.01257646,3.7334687114013523
-20.45107,-0.0125805,3.732181734256447
-20.45932,-0.0125516,3.7309066185972943
-20.46774,-0.01253426,3.7296062877484277
-20.47603,-0.01251157,3.728327078051751
-20.48436,-0.01249927,3.7270427389481537
-20.49263,-0.0124944,3.7257686836682264
-20.50107,-0.01248654,3.724469498421302
-20.50938,-0.01249545,3.723191369022369
-20.51775,-0.01248389,3.7219050578157935
-20.52618,-0.01248349,3.720610586090544
-20.5345,-0.01248756,3.719334047578465
-20.54271,-0.01247778,3.718075399983741
-20.55109,-0.0124658,3.7167917273487685
-20.55948,-0.01246865,3.7155075712031627
-20.56781,-0.01247885,3.7142336349859315
-20.5761,-0.01246996,3.7129668401689337
-20.5845,-0.01246877,3.7116842770045424
-20.5929,-0.01247142,3.710402760174623
-20.60124,-0.01245531,3.7091314309235752
-20.60953,-0.01243665,3.7078687432464497
-20.61783,-0.01243011,3.7066055496625974
-20.62624,-0.01243963,3.7053266518764447
-20.63455,-0.01244406,3.704063984918498
-20.64285,-0.01245015,3.7028038521812636
-20.65122,-0.01245958,3.7015341175969265
-20.65959,-0.01245467,3.700265411849896
-20.66792,-0.01245278,3.699003789447608
-20.67638,-0.01245825,3.6977235183334796
-20.68471,-0.01244867,3.696463943656933
-20.69298,-0.01243782,3.6952144447054027
-20.70126,-0.0124346,3.6939644350150664
-20.70953,-0.01242431,3.6927169327357983
-20.71776,-0.01241049,3.69147645305284
-20.7262,-0.01242513,3.690205343960784
-20.73453,-0.01245266,3.688951816125082
-20.74292,-0.0124703,3.6876902769716122
-20.75131,-0.012495,3.6864297579285354
-20.75975,-0.0125241,3.6851627548501305
-20.76805,-0.01253748,3.683917772732635
-20.77634,-0.01253731,3.6826752835196186
-20.78465,-0.01253543,3.6814307914735154
-20.79292,-0.01253099,3.6801932773270902
-20.80115,-0.01252435,3.6789627256185353
-20.80942,-0.01252733,3.677727173558898
-20.81775,-0.01252893,3.6764836497700277
-20.82607,-0.01252662,3.675242611784172
-20.8344,-0.01252792,3.6740010751449526
-20.84274,-0.01252133,3.672759042237249
-20.85115,-0.01251611,3.671507590708426
-20.85954,-0.01251356,3.6702601207888574
-20.86794,-0.01251239,3.6690121689059865
-20.87618,-0.01249378,3.667788963306505
-20.88451,-0.0124794,3.6665533785566433
-20.89285,-0.01247433,3.6653172975443753
-20.90122,-0.01246411,3.664077761967962
-20.90947,-0.01244495,3.662856968636699
-20.91798,-0.0124396,3.661598710774176
-20.92633,-0.01244573,3.6603651046313423
-20.93475,-0.01245791,3.6591221533574556
-20.94304,-0.01244249,3.6578993689550323
-20.95148,-0.01241677,3.6566554534572258
-20.95982,-0.01239538,3.6554272603486098
-20.96811,-0.01238084,3.654207398759354
-20.97647,-0.01236504,3.6529782132074655
-20.98486,-0.01236334,3.651745601352594
-20.9932,-0.01235751,3.650521311662824
-21.00142,-0.01233814,3.6493155891363536
-21.00984,-0.01233735,3.6480815084741245
-21.01827,-0.01234489,3.646846952674982
-21.02673,-0.01235249,3.645608998641253
-21.03502,-0.01236095,3.644396886715582
-21.04337,-0.01236291,3.6431769673773733
-21.05173,-0.01236104,3.641956556539534
-21.05998,-0.01234411,3.640753153611732
-21.06831,-0.01232617,3.639539037540268
-21.07657,-0.01231897,3.638336071761202
-21.08487,-0.01232891,3.6371282298634044
-21.09329,-0.01234005,3.635903896452379
-21.10156,-0.01234884,3.6347023253257107
-21.10988,-0.01235896,3.633494439570476
-21.11824,-0.01236895,3.632281705293623
-21.12663,-0.01238281,3.631065584051976
-21.13506,-0.01240894,3.62984463729935
-21.14336,-0.01242608,3.6286434701012515
-21.15152,-0.01242341,3.6274634825298606
-21.15991,-0.01242735,3.626251184433204
-21.16818,-0.01244014,3.625057165991597
-21.17645,-0.01243704,3.6238640801456334
-21.18475,-0.0124359,3.622667602874709
-21.19307,-0.01244883,3.6214691830867354
-21.20142,-0.01245899,3.6202673877504434
-21.20976,-0.01244725,3.6190679762524423
-21.21806,-0.01243846,3.6178752534397582
-21.22643,-0.01244195,3.6166734161137786
-21.23471,-0.01242906,3.6154854339899156
-21.24304,-0.01240639,3.614291212557148
-21.25139,-0.01239579,3.613095063428792
-21.25974,-0.01239128,3.6118998539022584
-21.26798,-0.01237571,3.610721309687144
-21.27637,-0.01236643,3.6095222493310652
-21.28485,-0.01237431,3.608311287136156
-21.29317,-0.01237332,3.607124110689014
-21.3015,-0.01237454,3.6059364364011923
-21.30992,-0.01238606,3.604736873718906
-21.3183,-0.01238255,3.6035439505026194
-21.32663,-0.01237605,3.6023590740778078
-21.33498,-0.01237336,3.60117228138953
-21.34329,-0.01237578,3.5999920958765026
-21.35162,-0.01237679,3.5988099919350383
-21.35999,-0.0123809,3.5976231402730057
-21.36824,-0.01238706,3.5964542142918647
-21.37656,-0.01238613,3.595276283929687
-21.38481,-0.0123724,3.594109169078425
-21.39325,-0.01236336,3.5929161067159034
-21.40164,-0.01235901,3.591731044910577
-21.40993,-0.01234346,3.590561020050042
-21.41829,-0.01234189,3.5893820328326864
-21.42661,-0.01235728,3.5882096001187307
-21.43486,-0.01235145,3.5870479303340446
-21.44319,-0.01233469,3.585875902792448
-21.45152,-0.01233279,3.584704785488394
-21.45998,-0.01234407,3.5835163220096193
-21.46835,-0.0123569,3.58234142353744
-21.47672,-0.01236717,3.5811674408382657
-21.48506,-0.01237102,3.5799985757545008
-21.49318,-0.01236641,3.578861415574615
-21.5016,-0.01236897,3.5776831491609924
-21.50989,-0.01238218,3.5765239757153573
-21.51822,-0.01240923,3.575360108782232
-21.52661,-0.01243075,3.574188769155942
-21.53496,-0.01243287,3.573023920174451
-21.54331,-0.0124242,3.5718599741636727
-21.55162,-0.01241135,3.570702499394477
-21.55985,-0.01239992,3.5695570470109947
-21.56816,-0.01237927,3.568401347171015
-21.57646,-0.01236652,3.5672479266756456
-21.5847,-0.01234371,3.566103721617627
-21.593,-0.01231584,3.5649520677997497
-21.60143,-0.01229664,3.5637832819401307
-21.60985,-0.01229631,3.5626167928051324
-21.61829,-0.01229654,3.5614484448122403
-21.62657,-0.01228992,3.5603031317495097
-21.63503,-0.01229138,3.559133826021965
-21.64331,-0.01229469,3.5579902842957014
-21.65169,-0.0123004,3.5568338222097213
-21.65999,-0.01231004,3.555689282405024
-21.66849,-0.0123208,3.5545180720945484
-21.67677,-0.01233805,3.5533780586314285
-21.68514,-0.01235323,3.5522265385420613
-21.69345,-0.01234406,3.5510841521288685
-21.70175,-0.01235487,3.5499440137316114
-21.71011,-0.01237281,3.5487965146192257
-21.71834,-0.01237114,3.547667722302901
-21.72664,-0.01237198,3.546530195188948
-21.73506,-0.01238141,3.545377109610003
-21.7433,-0.01238141,3.5442495389384314
-21.75162,-0.01237385,3.5431118877582453
-21.75995,-0.01237957,3.5419737407484853
-21.76833,-0.0123866,3.5408296410427442
-21.77661,-0.01237772,3.5397000589164245
-21.78485,-0.01234428,3.5385767861610247
-21.79324,-0.01233265,3.5374339382303868
-21.80156,-0.01233592,3.536301494021529
-21.80986,-0.01232284,3.5351726329284094
-21.81824,-0.01230418,3.534033762576633
-21.82657,-0.01228703,3.5329025540888925
-21.83496,-0.01228516,3.5317640700967625
-21.84329,-0.01228189,3.5306345930489407
-21.85162,-0.01228165,3.529505977131215
-21.86008,-0.0122851,3.5283606281404274
-21.86839,-0.01227229,3.5272364495054274
-21.87668,-0.01226105,3.5261158274473092
-21.88509,-0.01226689,3.524979851579317
-21.89348,-0.01228313,3.523847446819784
-21.9018,-0.01228631,3.5227253467751507
-21.91005,-0.01226636,3.521613528951326
-21.91841,-0.01225027,3.52048774067097
-21.92674,-0.0122179,3.5193668461431113
-21.93506,-0.01219132,3.5182481470303704
-21.94341,-0.01219135,3.5171262670660575
-21.95168,-0.01218164,3.5160159769092845
-21.95999,-0.0121552,3.514901158880309
-21.96835,-0.01214678,3.5137804841965825
-21.97675,-0.01216163,3.5126553061758448
-21.98508,-0.01216629,3.511540353730803
-21.99373,-0.01217323,3.510383463832647
-22.00192,-0.01216666,3.5092889347838736
-22.01022,-0.01216272,3.50818053613276
-22.01857,-0.01216379,3.507066303579206
-22.02698,-0.01217248,3.50594491845909
-22.0352,-0.01217377,3.504849695033401
-22.04353,-0.01217946,3.5037406486166236
-22.05193,-0.01221294,3.502623130945908
-22.06039,-0.01225998,3.5014984911871454
-22.06867,-0.01227987,3.500398614868952
-22.07697,-0.01229795,3.499296909856742
-22.08531,-0.01232557,3.4981907294939485
-22.09366,-0.01234184,3.4970840594088983
-22.10185,-0.01235127,3.495999407289435
-22.1102,-0.01236755,3.4948943926332645
-22.11844,-0.01238366,3.493804752957261
-22.12672,-0.01238459,3.492710641251844
-22.13507,-0.01239067,3.4916081087613455
-22.14333,-0.01239419,3.4905182779645156
-22.15167,-0.01240117,3.4894187165121187
-22.16002,-0.01241489,3.4883186657773773
-22.16831,-0.01242225,3.487227339386719
-22.17661,-0.01243021,3.486135513949156
-22.18488,-0.01242243,3.4850484474110295
-22.19321,-0.01241321,3.4839543130534065
-22.2016,-0.01242403,3.482853127702508
-22.20987,-0.01241335,3.4817685065243515
-22.2182,-0.01240848,3.4806768325066835
-22.2265,-0.01240695,3.4795899039434905
-22.23482,-0.01239848,3.478501170686338
-22.24312,-0.01238037,3.477415866119501
-22.2514,-0.01236528,3.476333983479691
-22.25981,-0.01236811,3.475235938671534
-22.26816,-0.01236706,3.474146548255446
-22.27638,-0.01236302,3.473074916121919
-22.28479,-0.01236533,3.4719793320915295
-22.29314,-0.01236032,3.4708923821408737
-22.30144,-0.01234691,3.4698127475176492
-22.30978,-0.01233303,3.468728718974369
-22.31813,-0.01232329,3.4676442022696343
-22.32654,-0.01233356,3.466552712601236
-22.33479,-0.01233651,3.4654827871674634
-22.34316,-0.01232751,3.46439810662413
-22.35146,-0.01231023,3.463323299686016
-22.35974,-0.01228071,3.462251877705197
-22.36815,-0.01226295,3.46116444587505
-22.3765,-0.01225699,3.4600855808549147
-22.38489,-0.01225697,3.45900235828722
-22.39333,-0.01226733,3.457913499242855
-22.40157,-0.01226074,3.456851234087611
-22.40991,-0.01225019,3.4557768728209974
-22.41824,-0.01225814,3.454704597684742
-22.4267,-0.01228535,3.4536164036617065
-22.43509,-0.01230646,3.452538024139863
-22.4435,-0.01232196,3.4514578831287452
-22.45184,-0.0123321,3.4503875317123227
-22.46014,-0.01234404,3.4493231030616904
-22.46843,-0.01234492,3.4482607418497864
-22.47673,-0.01234477,3.4471978842118047
-22.48511,-0.0123629,3.446125578215984
-22.49333,-0.01237381,3.44507452209166
-22.50162,-0.0123758,3.4440152931211174
-22.50993,-0.01237127,3.4429542917281393
-22.51831,-0.01236652,3.4418851459101503
-22.52666,-0.01237191,3.4408206187690498
-22.53491,-0.01236444,3.4397696152325437
-22.54337,-0.01237745,3.43869265775259
-22.55159,-0.01238927,3.43764702621855
-22.55989,-0.01238631,3.43659199136166
-22.56812,-0.01237018,3.4355466206312264
-22.57645,-0.01235089,3.4344893240522754
-22.5849,-0.01236342,3.433417593170658
-22.59328,-0.01238228,3.4323555322644608
-22.60159,-0.01238764,3.4313031207096487
-22.60997,-0.0123796,3.430242627478055
-22.61818,-0.01234971,3.4292044099038916
-22.62654,-0.01232946,3.4281479978821334
-22.63484,-0.01231998,3.4270999397389157
-22.64327,-0.01232595,3.4260362527143826
-22.65164,-0.01232521,3.424980919703827
-22.65991,-0.0123015,3.4239389609226163
-22.66821,-0.01228096,3.422893986777077
-22.67656,-0.01227377,3.4218434894887055
-22.68501,-0.01229459,3.4207811986858285
-22.69347,-0.01231363,3.419718443234992
-22.7018,-0.01230884,3.4186727924657956
-22.71011,-0.01230522,3.4176304165853884
-22.71838,-0.01229585,3.416593815228022
-22.72676,-0.01230105,3.4155441954770502
-22.73518,-0.01231682,3.4144903449191957
-22.74347,-0.01231162,3.413453527539993
-22.75176,-0.01230084,3.4124174657257282
-22.75996,-0.01228557,3.4113933943644894
-22.7684,-0.01227722,3.410340120517911
-22.77673,-0.01226262,3.409301339568937
-22.78507,-0.01223622,3.408262072488695
-22.79343,-0.01222574,3.4072210764242152
-22.80173,-0.01222558,3.406188306764443
-22.81003,-0.01222101,3.4051562887028206
-22.81848,-0.01222154,3.404106390960309
-22.8268,-0.01221227,3.4030734049450646
-22.8351,-0.01219269,3.402043652096991
-22.84351,-0.01218275,3.401001015167984
-22.85196,-0.01218887,3.3999541921130616
-22.86037,-0.01220113,3.398913092832706
-22.86859,-0.01219855,3.3978962542071898
-22.87683,-0.01218604,3.3968776749226177
-22.88518,-0.01220048,3.3958462463480736
-22.89351,-0.01222885,3.3948180379504933
-22.90192,-0.01224624,3.3937807135820925
-22.91031,-0.01228162,3.3927466149519585
-22.91867,-0.0123229,3.391716966996776
-22.92696,-0.01235871,3.390696681984877
-22.93526,-0.01238867,3.389675905134714
-22.94354,-0.01241909,3.388658323868069
-22.95172,-0.0124286,3.3876537531827675
-22.95999,-0.01243512,3.386638857421105
-22.96834,-0.01245472,3.3856148855337387
-22.97656,-0.01246606,3.384607582684266
-22.98485,-0.01247522,3.383592431536425
-22.99306,-0.01247577,3.382587798231292
-23.00139,-0.01248047,3.3815692138605535
-23.00966,-0.01246899,3.380558695782554
-23.01799,-0.01244496,3.379541580303058
-23.02631,-0.01242941,3.3785264204295
-23.03465,-0.01240416,3.3775095562554673
-23.04294,-0.01236265,3.376499517856662
-23.05129,-0.01232441,3.3754829035598437
-23.0596,-0.01229974,3.3744718902322677
-23.06793,-0.01226819,3.3734591747070497
-23.0764,-0.01224455,3.3724301884176042
-23.08481,-0.01222355,3.3714092383692997
-23.09326,-0.01220838,3.3703841813585433
-23.10167,-0.01219938,3.369364721251754
-23.11011,-0.01219179,3.3683423705036453
-23.11844,-0.01217785,3.36733407617469
-23.12674,-0.01215378,3.3663301355919595
-23.13525,-0.01215149,3.365301542019213
-23.14357,-0.01215358,3.3642966448132245
-23.15198,-0.01215887,3.363281611335186
-23.16034,-0.01215265,3.362273343137449
-23.1687,-0.01213672,3.361265802569846
-23.17703,-0.01212395,3.3602626005143885
-23.18544,-0.01211233,3.359250495138328
-23.19374,-0.01209811,3.358252347400635
-23.2021,-0.01210045,3.3572477060266093
-23.21037,-0.01209114,3.3562545922361426
-23.21872,-0.01207808,3.355252589290021
-23.22719,-0.01207788,3.3542369223311126
-23.23549,-0.0120791,3.3532423589947964
-23.24387,-0.01208033,3.352238930092106
-23.25223,-0.01209643,3.351238616683217
-23.26059,-0.0121411,3.3502390223119876
-23.26886,-0.01216557,3.349250895832456
-23.27719,-0.01218507,3.3482563101474017
-23.28551,-0.01223381,3.3472636287545345
-23.29387,-0.01229916,3.346266889100008
-23.30205,-0.01235277,3.3452923026085686
-23.31033,-0.01241129,3.3443064984494
-23.3186,-0.01248109,3.3433225836885576
-23.32687,-0.01253539,3.34233936657597
-23.33508,-0.01256846,3.3413639721826534
-23.34331,-0.01260063,3.340386890291051
-23.35146,-0.01261344,3.3394199848746076
-23.3597,-0.01260916,3.338443087882122
-23.36789,-0.01258032,3.337472801352625
-23.37622,-0.0125606,3.33648662615256
-23.38449,-0.01254359,3.335508249271205
-23.39276,-0.0125076,3.334530564157457
-23.40106,-0.01247016,3.333550027220989
-23.40938,-0.01243567,3.332567825375982
-23.4178,-0.01242315,3.3315745287772547
-23.42613,-0.01239904,3.3305925519921558
-23.43451,-0.01236664,3.3296053853910323
-23.4429,-0.01232512,3.328617747804239
-23.45131,-0.01230366,3.3276284651049344
-23.4597,-0.01228293,3.326642241801898
-23.46805,-0.01225722,3.325661420527057
-23.47641,-0.0122382,3.3246801235793715
-23.48479,-0.01221494,3.323697180174913
-23.49324,-0.01220178,3.3227067360653533
-23.50171,-0.01221047,3.3217146624649865
-23.51001,-0.0122176,3.3207431940692493
-23.5184,-0.01223428,3.319761888563848
-23.52678,-0.01224571,3.3187824513171797
-23.53517,-0.01225356,3.317802544022414
-23.54347,-0.01226006,3.316833835454162
-23.55185,-0.01228542,3.315856482611769
-23.56027,-0.01231648,3.3148751648431873
-23.56859,-0.01232423,3.3139061904000195
-23.5768,-0.0123386,3.312950697295647
-23.58505,-0.01236225,3.3119912190137395
-23.59334,-0.012378,3.3110277646149293
-23.60173,-0.0123855,3.310053377443094
-23.61006,-0.01239271,3.309086643574815
-23.61829,-0.01238343,3.308132184844881
-23.62663,-0.01238734,3.307165647407184
-23.63501,-0.01239227,3.306195161330585
-23.6432,-0.01235744,3.305247343845165
-23.6514,-0.01231021,3.304299026696094
-23.65976,-0.012284,3.30333288249754
-23.66815,-0.01227862,3.3023639574702712
-23.67653,-0.01226493,3.3013968727680956
-23.68491,-0.01225097,3.300430472397826
-23.69324,-0.01223838,3.2994705156407482
-23.70165,-0.01223292,3.2985020241206833
-23.71008,-0.01223708,3.297531918913812
-23.71845,-0.01222739,3.2965694006142896
-23.72681,-0.01221959,3.295608710146876
-23.73512,-0.01220976,3.2946544361267187
-23.74353,-0.01222777,3.293689358743203
-23.75185,-0.01223062,3.2927352816727957
-23.76021,-0.0122163,3.291777290688929
-23.76849,-0.01220392,3.2908291313415368
-23.77686,-0.01220975,3.289871337089927
-23.78531,-0.01221957,3.288905072080204
-23.79356,-0.01222493,3.287962339389314
-23.80194,-0.0122294,3.287005420566559
-23.8102,-0.01221565,3.2860628638146676
-23.81845,-0.01220539,3.2851221007244384
-23.8268,-0.01221506,3.284170597814226
-23.83519,-0.01222621,3.283215208269789
-23.84355,-0.01222315,3.282263903655286
-23.85178,-0.01221741,3.281328043441621
-23.86023,-0.01222698,3.2803678380300605
-23.86852,-0.01223448,3.2794264747039197
-23.87679,-0.01222535,3.2784880337767346
-23.88519,-0.01223301,3.2775355063116516
-23.89352,-0.0122449,3.276591577967583
-23.90183,-0.01223745,3.275650571525276
-23.91014,-0.0121966,3.274710219178976
-23.91855,-0.01218903,3.273759216173221
-23.92687,-0.01219695,3.272819048208144
-23.93514,-0.01217469,3.271885178026951
-23.94354,-0.01216891,3.2709372883040686
-23.95187,-0.01217664,3.2699979542307136
-23.96018,-0.01216632,3.2690615262489677
-23.96855,-0.01216336,3.268118993430975
-23.97711,-0.01220707,3.2671557456257236
-23.98538,-0.01223551,3.2662257842068794
-23.99368,-0.01223871,3.2652930938480464
-24.00208,-0.01226013,3.2643498230153387
-24.01038,-0.01228572,3.263418429862418
-24.01857,-0.01230348,3.262500011449474
-24.02696,-0.01232993,3.261559814475073
-24.03528,-0.0123502,3.2606281100116163
-24.04355,-0.0123607,3.259702643744372
-24.05177,-0.01237611,3.2587834034667718
-24.06015,-0.0123991,3.257846916997608
-24.06836,-0.01239995,3.2569300608766034
-24.07672,-0.01238918,3.2559970959499465
-24.08492,-0.01238345,3.25508261601035
-24.09323,-0.01236408,3.254156503714944
-24.10158,-0.01234884,3.253226576846829
-24.10986,-0.01232399,3.252305081821296
-24.11816,-0.01230456,3.251381995973159
-24.12639,-0.01227555,3.2504673222972853
-24.1348,-0.0122577,3.249533288032219
-24.14325,-0.01226367,3.2485954666418153
-24.15152,-0.01223885,3.2476782579315917
-24.15994,-0.0122085,3.2467450581417006
-24.16832,-0.01218938,3.2458169372136747
-24.17677,-0.01218357,3.244881714968542
-24.18504,-0.01216657,3.2439670473978954
-24.19338,-0.01214916,3.243045271061753
-24.20178,-0.01214747,3.242117505406627
-24.21004,-0.01213517,3.2412058303084175
-24.21845,-0.01211481,3.240278238285274
-24.22696,-0.01210417,3.2393402721596107
-24.23535,-0.01210376,3.238416177195708
-24.24368,-0.01209836,3.2374993235350407
-24.252,-0.01209283,3.2365841992412996
-24.26044,-0.01208641,3.2356565173591245
-24.26871,-0.01206912,3.234748146893675
-24.27699,-0.0120494,3.233839298034888
-24.28543,-0.01204582,3.2329135246936125
-24.2939,-0.0120643,3.2319851073726324
-24.30226,-0.01207557,3.231069382024552
-24.31056,-0.01207256,3.230160851909623
-24.31896,-0.0120707,3.2292420070595123
-24.32724,-0.01208126,3.228336909571328
-24.33565,-0.01209943,3.2274182320998204
-24.34398,-0.01212314,3.2265089192482086
-24.35236,-0.01216544,3.2255947760299204
-24.36067,-0.01218852,3.2246888899196944
-24.36897,-0.01220528,3.2237847106381596
-24.37727,-0.01224091,3.22288114706856
-24.38562,-0.01227995,3.22197276099603
-24.39388,-0.0122947,3.2210747777721296
-24.40216,-0.01232159,3.220175230389441
-24.41052,-0.01234461,3.219267610849748
-24.41856,-0.01234648,3.218395318970488
-24.42694,-0.01236753,3.217486750284727
-24.43521,-0.01239573,3.2165907188847567
-24.44345,-0.01240744,3.2156985409179146
-24.45168,-0.01240991,3.21480804590932
-24.46007,-0.01243094,3.2139008555576494
-24.46828,-0.01243739,3.2130137304297643
-24.47659,-0.01243413,3.2121164059209226
-24.48491,-0.01242132,3.211218611789874
-24.4932,-0.01240932,3.2103246615387127
-24.50145,-0.01237672,3.2094356252385063
-24.50977,-0.01234662,3.208539651738878
-24.51811,-0.01232859,3.207642134732245
-24.52638,-0.0123041,3.2067527535657523
-24.53473,-0.01227782,3.2058553772550176
-24.54309,-0.01225423,3.204957537946526
-24.5515,-0.01225352,3.2040549457263303
-24.55982,-0.01224524,3.2031626208986874
-24.56827,-0.01223692,3.202256972102635
-24.57666,-0.01223967,3.201358370095855
-24.58502,-0.01224039,3.2004635912437736
-24.59337,-0.01223841,3.1995704899328556
-24.60173,-0.01222923,3.1986769263787544
-24.61012,-0.01221738,3.197780766611459
-24.61845,-0.01222981,3.196891619902959
-24.62674,-0.01223107,3.196007339988971
-24.6351,-0.01222926,3.1951161959967687
-24.64342,-0.01222174,3.1942299161398866
-24.65176,-0.01219759,3.193342106202559
-24.66008,-0.01217706,3.1924570236592906
-24.66843,-0.01216652,3.1915693499748463
-24.67691,-0.01217093,3.190668471052494
-24.68523,-0.01216847,3.1897851913877244
-24.69342,-0.01212175,3.188916294300263
-24.70178,-0.01207005,3.1880299557359835
-24.71021,-0.01203248,3.187136802965252
-24.7186,-0.01200906,3.1862484930376316
-24.72696,-0.01199615,3.1853639590147758
-24.73529,-0.01198306,3.1844831938497586
-24.74364,-0.01196213,3.1836009091629203
-24.75211,-0.01195235,3.1827065530978977
-24.76054,-0.01197058,3.1818170282231324
-24.76903,-0.01199961,3.180921784179679
-24.77741,-0.01203732,3.180038740933778
-24.78566,-0.01206907,3.179169979738284
-24.79399,-0.01208802,3.178293380774938
-24.80235,-0.01210215,3.177414216798005
-24.81072,-0.01212639,3.176534594723571
-24.81897,-0.01214408,3.1756681643114115
-24.82732,-0.01217402,3.1747918180456045
-24.83551,-0.01221001,3.173932836490976
-24.84375,-0.01220488,3.173069182389937
-24.85204,-0.01221098,3.1722008656029845
-24.86046,-0.01222283,3.171319525061081
-24.86881,-0.01222999,3.1704461009593943
-24.87708,-0.0122393,3.1695816229235905
-24.88536,-0.0122371,3.1687166751857316
-24.89357,-0.01221568,3.167859607922849
-24.9018,-0.01219133,3.1670010200065857
-24.9102,-0.01219442,3.166125282012991
-24.91852,-0.01219796,3.16525846639367
-24.92687,-0.01218791,3.1643891070158428
-24.93527,-0.01218801,3.1635151293729726
-24.94363,-0.01219564,3.1626458979707444
-24.95194,-0.01220663,3.161782442567592
-24.96027,-0.01220411,3.1609174860688602
-24.96869,-0.01221609,3.1600437708185733
-24.97701,-0.01223118,3.1591810108575844
-24.98526,-0.0122177,3.1583260770550314
-24.9937,-0.01222563,3.157452037913554
-25.002,-0.01222992,3.1565930725541955
-25.01036,-0.01222837,3.1557284741203246
-25.01854,-0.01222115,3.1548830507295786
-25.02693,-0.01220819,3.1540164974289695
-25.03529,-0.01219816,3.1531536203495145
-25.04359,-0.01218625,3.152297506068419
-25.05182,-0.01215855,3.151449172155955
-25.06027,-0.01214073,3.1505787407717474
-25.06856,-0.01213297,3.1497253611695286
-25.07687,-0.01211483,3.1488704890203603
-25.08531,-0.01209993,3.1480028231662276
-25.09357,-0.01209188,3.1471542271585906
-25.10193,-0.01208413,3.1462959262494956
-25.11035,-0.01206702,3.145432042962364
-25.11867,-0.01204419,3.144578988457589
-25.12708,-0.01203819,3.143717280320674
-25.13545,-0.01204337,3.1428602432023296
-25.1438,-0.01206876,3.1420058225089287
-25.15215,-0.01209649,3.14115196911596
-25.16045,-0.01210418,3.140303790274021
-25.16878,-0.01212913,3.1394531081760815
-25.17723,-0.01216933,3.1385907464800535
-25.18561,-0.0121822,3.137736100098429
-25.19391,-0.01218245,3.1368901730616647
-25.2021,-0.01219418,3.1360560032695686
-25.2104,-0.0122081,3.1352111826865103
-25.21864,-0.01221173,3.1343730193222155
-25.2269,-0.01220753,3.1335333711236815
-25.23521,-0.01219925,3.1326891949779694
-25.24365,-0.0122097,3.1318323816088403
-25.25214,-0.01222805,3.1309710701746463
-25.26035,-0.0122114,3.1301387154176408
-25.26854,-0.01218492,3.129308927227295
-25.27696,-0.01217841,3.128456396655294
-25.28519,-0.01217572,3.1276236524226237
-25.29356,-0.01218367,3.126777298252994
-25.30191,-0.01218799,3.1259335243861037
-25.31024,-0.01218053,3.125092326267945
-25.31868,-0.01218681,3.1242405844222527
-25.32701,-0.01218136,3.1234005000985112
-25.33534,-0.01216267,3.122560968196993
-25.34366,-0.01214926,3.1217229950212397
-25.35196,-0.01213904,3.1208875842341186
-25.36028,-0.01212772,3.120050709219299
-25.36873,-0.01212658,3.1192013198926394
-25.37706,-0.0121261,3.1183645465629195
-25.38542,-0.01212465,3.117525311773451
-25.39377,-0.01212721,3.11668763243898
-25.40218,-0.01213598,3.1158444905122313
-25.41054,-0.01214025,3.1150069144536086
-25.41893,-0.01214254,3.1141668866470775
-25.4272,-0.01213849,3.1133394160583943
-25.43559,-0.01213949,3.112500488488767
-25.44391,-0.01214045,3.1116691066742495
-25.45224,-0.0121361,3.110837270118465
-25.46054,-0.01213397,3.1100089707445324
-25.4689,-0.01213787,3.1091752293974215
-25.47719,-0.01211502,3.108349009447274
-25.48549,-0.01208414,3.107522331334418
-25.49384,-0.01207523,3.1066912163879588
-25.50217,-0.01211434,3.1058626344346383
-25.5105,-0.01215328,3.105034593598714
-25.51877,-0.01217291,3.1042130518046127
-25.52721,-0.01222006,3.1033751710429773
-25.53561,-0.01228441,3.1025418112197047
-25.54393,-0.01233271,3.1017169284444486
-25.55216,-0.01235328,3.1009014971728415
-25.56036,-0.01236235,3.1000895605539203
-25.5686,-0.01237652,3.0992741878710603
-25.57684,-0.01237842,3.0984593405596623
-25.5851,-0.01237398,3.097643042239428
-25.59343,-0.01240739,3.0968203597563906
-25.60173,-0.01242835,3.0960011725770094
-25.61005,-0.0124118,3.0951805443566096
-25.61833,-0.01240903,3.094364390653099
-25.62668,-0.01240286,3.0935418712061025
-25.63501,-0.01239377,3.0927218557745833
-25.64325,-0.01234286,3.0919112242013007
-25.65152,-0.01229473,3.091098164943052
-25.65993,-0.0122798,3.0902718791516577
-25.66829,-0.01226794,3.0894510425119868
-25.67661,-0.01224539,3.088634663999648
-25.68503,-0.01223007,3.087809011708376
-25.69333,-0.01221189,3.0869956560710503
-25.70171,-0.0122079,3.0861749938039145
-25.71013,-0.01221655,3.0853509531068104
-25.71852,-0.01222745,3.0845303851076964
-25.72685,-0.01223168,3.083716214771727
-25.7352,-0.01222607,3.082900618607977
-25.74356,-0.01223024,3.082084575715247
-25.75189,-0.01223536,3.0812719881919346
-25.76022,-0.01223203,3.080459926196282
-25.76857,-0.0122248,3.0796464413818847
-25.77689,-0.01222093,3.078836403460619
-25.78522,-0.01221425,3.0780259156214296
-25.79355,-0.01220529,3.07721595127464
-25.8019,-0.01220036,3.076404567105523
-25.81026,-0.01219297,3.0755927371518146
-25.8186,-0.01218397,3.0747833732270533
-25.82697,-0.0121834,3.073971623461831
-25.83536,-0.0121812,3.0731584618909893
-25.84369,-0.01218198,3.072351637865955
-25.85198,-0.0121832,3.071549204354947
-25.86037,-0.01216864,3.070737615123063
-25.86868,-0.01212661,3.069934283465565
-25.877,-0.01209113,3.0691305019901844
-25.88538,-0.01208349,3.0683214463144832
-25.89372,-0.01208458,3.0675167724065915
-25.90202,-0.01206843,3.066716472306021
-25.91031,-0.01203266,3.065917648225745
-25.91866,-0.01200966,3.065113559111466
-25.92719,-0.0120092,3.064292671130192
-25.93567,-0.01202428,3.0634771301454715
-25.94396,-0.012011,3.0626803772438747
-25.95223,-0.01199076,3.0618860537225507
-25.96053,-0.01199311,3.0610893575747493
-25.96893,-0.01201085,3.060283581187211
-25.97731,-0.01203914,3.0594802425655314
-25.9857,-0.01206155,3.0586764643630917
-25.99408,-0.01208443,3.0578741621169128
-26.00241,-0.01211723,3.0570771593863797
-26.0108,-0.01215782,3.0562749319513434
-26.01903,-0.01219344,3.0554885059127876
-26.02728,-0.01222049,3.054700667914588
-26.03552,-0.01224319,3.053914283256105
-26.04382,-0.01227576,3.0531226755522036
-26.05217,-0.01231394,3.052326808093145
-26.06044,-0.01234306,3.051539068411738
-26.06873,-0.01237277,3.0507499252936374
-26.07697,-0.0123936,3.049966038999163
-26.08516,-0.01239582,3.0491874000389494
-26.09351,-0.01239687,3.0483940527740425
-26.10175,-0.01240536,3.0476116543909892
-26.11005,-0.01241664,3.046824058169172
-26.11835,-0.01241569,3.0460369625186887
-26.12669,-0.01239638,3.045246577350594
-26.1349,-0.01237894,3.044469005046891
-26.14328,-0.01237088,3.043675835625828
-26.15161,-0.01237224,3.042887902503899
-26.16002,-0.01237166,3.0420929112439516
-26.16832,-0.01236166,3.041308819213461
-26.17662,-0.01232433,3.04052522441782
-26.18504,-0.01229847,3.0397308081255554
-26.19347,-0.01226676,3.038935959993082
-26.20178,-0.01223162,3.0381529270148824
-26.21007,-0.01220739,3.0373722733285335
-26.21843,-0.01218393,3.0365855278138314
-26.22673,-0.0121454,3.0358049249753973
-26.23517,-0.01211531,3.0350116618264718
-26.24356,-0.012095,3.034223603809849
-26.25217,-0.01211317,3.0334154052788778
-26.26041,-0.01215388,3.0326424339909392
-26.26877,-0.01215737,3.0318587014161684
-26.27704,-0.01212314,3.031083896816384
-26.28549,-0.0121198,3.0302927318455923
-26.29388,-0.01215503,3.0295076877204883
-26.30223,-0.01218361,3.0287268836140506
-26.31044,-0.01217884,3.027959654038473
-26.31867,-0.01216347,3.0271910358692136
-26.32724,-0.01219182,3.0263911750719026
-26.3355,-0.01222384,3.025620740065691
-26.34381,-0.01223311,3.024846128938828
-26.35207,-0.01223734,3.0240766626682456
-26.36038,-0.0122395,3.023303025221943
-26.36867,-0.01223385,3.022531735578624
-26.37698,-0.01221817,3.0217590717360365
-26.3853,-0.01220531,3.0209859656702784
-26.39362,-0.01220028,3.020213347013407
-26.40193,-0.01219507,3.0194421430554508
-26.4102,-0.0122002,3.018675133092517
-26.41855,-0.01219257,3.017901190640667
-26.42693,-0.01218766,3.0171249592744975
-26.43536,-0.01220562,3.0163445929996793
-26.44368,-0.01221707,3.0155748972911485
-26.452,-0.01222304,3.014805685770452
-26.46028,-0.01222675,3.0140406526310377
-26.46861,-0.01222743,3.01327148271103
-26.47693,-0.01222833,3.012503719275611
-26.48532,-0.01222543,3.0117299847613697
-26.49368,-0.01222284,3.0109595043044224
-26.50206,-0.01224124,3.010187668430303
-26.51033,-0.01224836,3.0094264424471517
-26.51866,-0.01223444,3.0086601736286824
-26.52695,-0.01222347,3.0078980621594265
-26.53529,-0.01220974,3.007131834624758
-26.54359,-0.01220391,3.006369760081436
-26.55196,-0.01220972,3.0056017408884315
-26.56043,-0.01222656,3.004825038600655
-26.56885,-0.0122369,3.0040534121725253
-26.577,-0.01221399,3.0033069947699134
-26.58542,-0.01220243,3.0025363300636214
-26.59377,-0.01220418,3.001772554248608
-26.6021,-0.01219709,3.0010110855909873
-26.61052,-0.01219576,3.0002418742662673
-26.61876,-0.01218094,2.999489578026925
-26.62711,-0.01215646,2.9987277139727144
-26.63541,-0.01213989,2.997970885374019
-26.64375,-0.01214861,2.9972108843537413
-26.65218,-0.01217327,2.9964431652495214
-26.66046,-0.01218561,2.99568957924957
-26.66884,-0.01219285,2.9949273684194737
-26.67714,-0.01219511,2.9941729060911326
-26.68553,-0.01220426,2.993410739827914
-26.69391,-0.01222669,2.9926499602343757
-26.70227,-0.01224825,2.991891472148248
-26.71054,-0.01225658,2.9911416167550335
-26.71875,-0.01225239,2.9903976608187133
-26.72701,-0.01224756,2.9896496353314492
-26.73535,-0.01225399,2.988894833993196
-26.74367,-0.01227058,2.9881423118068686
-26.75201,-0.01228597,2.9873884504379298
-26.76029,-0.01227306,2.9866404773640345
-26.76865,-0.01225625,2.985885746946521
-26.77693,-0.01224704,2.9851387033539694
-26.78526,-0.01223316,2.9843876146806116
-26.79356,-0.01222887,2.983639695508921
-26.80187,-0.0122173,2.9828913392983396
-26.81018,-0.01219512,2.982143447004086
-26.81842,-0.01216431,2.981402312291328
-26.82683,-0.01215027,2.9806463566511585
-26.8353,-0.01215449,2.979885486653773
-26.84366,-0.01215577,2.979134968927486
-26.85205,-0.01215059,2.978382227800112
-26.86038,-0.01216237,2.9776353350175984
-26.86867,-0.01217277,2.9768924885377652
-26.87706,-0.01218408,2.976141147878525
-26.88544,-0.0122142,2.975391170834474
-26.89388,-0.01225777,2.9746362964362154
-26.90212,-0.0122831,2.9738997670072096
-26.91046,-0.01230676,2.9731547584099265
-26.91881,-0.01233406,2.9724093189854974
-26.92703,-0.01234776,2.9716759367817396
-26.9353,-0.01234203,2.970938545328992
-26.94362,-0.01233217,2.9701971524242103
-26.95183,-0.01230122,2.9694660102857577
-26.96011,-0.01227671,2.9687290853041772
-26.96835,-0.01227588,2.967996169583975
-26.97673,-0.01225712,2.9672512606235077
-26.98508,-0.01223427,2.9665094785711212
-26.99338,-0.01222577,2.965772593132094
-27.00182,-0.01221969,2.965023742844001
-27.01024,-0.01222871,2.9642771334131055
-27.01868,-0.01223042,2.9635292175635524
-27.0269,-0.01220444,2.962801246165857
-27.03519,-0.01219714,2.9620675238457728
-27.0437,-0.01221344,2.9613147979011747
-27.05196,-0.01220665,2.9605846378598812
-27.06035,-0.01219197,2.9598434425275357
-27.06873,-0.0121811,2.9591035892707196
-27.07706,-0.01218446,2.958368604272399
-27.08545,-0.01219772,2.9576287822428644
-27.09369,-0.01219685,2.956902633048507
-27.10205,-0.01218237,2.9561663601092905
-27.11038,-0.01217037,2.9554331809439778
-27.11874,-0.01217095,2.9546978141314826
-27.12715,-0.0121808,2.9539585065146907
-27.13542,-0.01216989,2.953231952923522
-27.14375,-0.01215777,2.9525005756389593
-27.15199,-0.01214658,2.9517775419039265
-27.16039,-0.01214059,2.9510409202518812
-27.1687,-0.01214034,2.9503126391766994
-27.17709,-0.01214224,2.9495777988003864
-27.18541,-0.01216073,2.94884953730696
-27.19373,-0.01217374,2.948121721440935
-27.20206,-0.01216266,2.9473934768175645
-27.21045,-0.01216344,2.9466604374422323
-27.21881,-0.01218146,2.945930468672216
-27.22719,-0.01220042,2.9451992034433223
-27.23546,-0.01220309,2.944477978341471
-27.24381,-0.01221228,2.9437502206923334
-27.25218,-0.0122235,2.9430211674809135
-27.26038,-0.01221359,2.9423073559502835
-27.26872,-0.01220245,2.94158179775215
-27.27715,-0.01221606,2.940848860676427
-27.28549,-0.012237,2.940124194214581
-27.29372,-0.0122289,2.9394095198455905
-27.30209,-0.0122131,2.9386831301193426
-27.31044,-0.01219593,2.937958919739118
-27.31871,-0.01215711,2.9372420842711824
-27.32713,-0.01212101,2.936512692697696
-27.33548,-0.01210403,2.9357898087028285
-27.34374,-0.01208183,2.935075150656055
-27.35207,-0.01206945,2.93435487332403
-27.3604,-0.01206344,2.9336350345755178
-27.36885,-0.01208033,2.9329052736961914
-27.37723,-0.01210408,2.9321820030733567
-27.38573,-0.01213411,2.931448827546317
-27.39406,-0.01217078,2.9307307569597203
-27.40236,-0.01218752,2.9300157066763592
-27.4106,-0.01219021,2.929306253785032
-27.41895,-0.01219656,2.928587765031119
-27.4272,-0.01217965,2.9278783105821957
-27.43549,-0.01217063,2.9271658461357895
-27.44383,-0.01218955,2.9264495188900383
-27.45212,-0.01220533,2.9257379175087386
-27.46042,-0.01222595,2.925025888169227
-27.46875,-0.01222705,2.924311717861206
-27.47705,-0.01222463,2.9236005502774134
-27.48555,-0.01226148,2.922872691286876
-27.49385,-0.01229483,2.922162392680545
-27.50208,-0.01229413,2.921458507865587
-27.51036,-0.01228119,2.920750771709276
-27.5186,-0.01226009,2.9200468773847508
-27.52692,-0.01225081,2.919336576703823
-27.53525,-0.01224951,2.918625852316576
-27.54373,-0.01224243,2.917902771338522
-27.55194,-0.01222904,2.9172031370567737
-27.56018,-0.01220805,2.916501365375698
-27.56853,-0.01218863,2.9157906533282696
-27.5769,-0.01217497,2.9150786709166003
-27.58536,-0.0121742,2.9143594718357853
-27.59369,-0.012177,2.9136517551657644
-27.60199,-0.01217869,2.912947012153834
-27.61047,-0.01218957,2.912227423147813
-27.61881,-0.01219332,2.9115201451474557
-27.62708,-0.01218492,2.91081922519499
-27.63544,-0.01219086,2.910111103713203
-27.64386,-0.01219846,2.9093983329390323
-27.65215,-0.01218711,2.9086969910115488
-27.66048,-0.01218203,2.9079926884855216
-27.66873,-0.01217345,2.90729556795704
-27.67708,-0.01215157,2.9065904206657636
-27.68541,-0.01213822,2.9058873861719943
-27.6938,-0.01212852,2.905179715315341
-27.70207,-0.01210846,2.904482585597394
-27.71037,-0.01209712,2.903783345368539
-27.71883,-0.01211225,2.903071056750952
-27.72723,-0.01212519,2.9023642498727784
-27.73552,-0.01211566,2.901667118554114
-27.7439,-0.0121173,2.9009628422824476
-27.75226,-0.01213099,2.9002606706624974
-27.76068,-0.01214509,2.899553887008531
-27.76901,-0.01216275,2.8988550798173933
-27.77737,-0.01217824,2.8981541773033226
-27.78568,-0.01217809,2.8974578847809376
-27.79387,-0.01217182,2.896772054413437
-27.8022,-0.01217828,2.8960749149347893
-27.81056,-0.0121826,2.895375684632025
-27.81885,-0.01217048,2.89468272412411
-27.82719,-0.01215951,2.893986000742439
-27.83551,-0.01214558,2.8932913641603837
-27.84377,-0.01213367,2.8926021476258423
-27.8521,-0.01212734,2.8919075042815443
-27.86052,-0.01211757,2.8912057779251787
-27.86881,-0.01209611,2.8905153000791923
-27.87708,-0.01207894,2.8898268972216603
-27.88547,-0.01207369,2.8891289226970174
-27.89388,-0.01207218,2.8884297057275647
-27.90231,-0.01207102,2.8877292489403206
-27.91068,-0.01207269,2.887034196228827
-27.91901,-0.01206564,2.8863428789201335
-27.92731,-0.01206409,2.885654461528876
-27.9357,-0.01206904,2.8849589951209382
-27.94415,-0.0120651,2.8842589772814704
-27.95244,-0.01205482,2.8835726255024605
-27.96072,-0.01205351,2.8828875079039453
-27.9691,-0.01206852,2.882194528962319
-27.97743,-0.01208569,2.881506096163944
-27.98575,-0.01210191,2.8808188989039065
-27.99408,-0.01210138,2.880131284900236
-28.0024,-0.01209628,2.879444904722452
-28.01074,-0.01209812,2.87875728381328
-28.01914,-0.01211781,2.8780651297648676
-28.0275,-0.01213556,2.8773766836143073
-28.03577,-0.01214019,2.876696052935232
-28.04407,-0.01213418,2.8760133568344393
-28.05235,-0.01212258,2.875332708311425
-28.06056,-0.01210424,2.874658210670065
-28.06899,-0.01209959,2.8739660493662225
-28.07732,-0.01209597,2.873282507019901
-28.08571,-0.01208654,2.872594451057139
-28.09396,-0.0120882,2.8719182770958596
-28.10223,-0.01209484,2.8712408623799606
-28.11057,-0.01209635,2.8705581174625774
-28.11893,-0.01209505,2.8698741417258766
-28.12729,-0.01210168,2.869190572572047
-28.13562,-0.01210965,2.8685098604544703
-28.14401,-0.01213652,2.8678246525637245
-28.15234,-0.01216854,2.867144748891211
-28.16077,-0.012205,2.86645709261501
-28.16904,-0.01221934,2.8657828878797433
-28.17722,-0.01221692,2.8651164096387083
-28.18559,-0.01223643,2.864434851283936
-28.19385,-0.01226317,2.8637626468183663
-28.20223,-0.01229736,2.8630810790494228
-28.2105,-0.01229468,2.8624088548590065
-28.21874,-0.01227392,2.8617394610815365
-28.22694,-0.01226881,2.861073704765731
-28.23525,-0.01223452,2.8603994120824145
-28.24359,-0.01219508,2.859723084069695
-28.25192,-0.01214731,2.8590479655895953
-28.26035,-0.01210805,2.8583651476361758
-28.26857,-0.0120469,2.857699731539303
-28.27696,-0.0119666,2.8570209527473955
-28.2854,-0.01192371,2.856338535074632
-28.29379,-0.01190359,2.8556605636784607
-28.30231,-0.0118949,2.854972498711236
-28.3107,-0.01187968,2.854295337098694
-28.31915,-0.0118621,2.8536137384066964
-28.32755,-0.01185275,2.8529365758775467
-28.33595,-0.01183943,2.852259814828866
-28.34424,-0.01181276,2.8515923094074846
-28.3526,-0.01180816,2.8509195629325
-28.36095,-0.01185322,2.8502480170798226
-28.36942,-0.01192078,2.849567224144871
-28.37776,-0.01195123,2.8488972773044807
-28.38617,-0.01198715,2.848222106046712
-28.39455,-0.01202963,2.847549741059464
-28.40279,-0.01206142,2.8468889957641483
-28.41094,-0.01206712,2.8462358443613622
-28.41919,-0.01206738,2.845575060372938
-28.42758,-0.01208515,2.8449034564320987
-28.43585,-0.01209861,2.8442418461203025
-28.4442,-0.01210494,2.843574226028505
-28.45244,-0.01211341,2.842915785078538
-28.4608,-0.01211444,2.8422481448167303
-28.46898,-0.01209885,2.841595259120629
-28.47736,-0.01210933,2.840926799394326
-28.48572,-0.01212561,2.8402603269287208
-28.49403,-0.01213683,2.839598228120066
-28.5024,-0.01214768,2.838931739081621
-28.5107,-0.01215081,2.838271210457828
-28.51892,-0.0121473,2.8376174273079062
-28.52736,-0.01215427,2.8369465383407366
-28.53565,-0.01215975,2.836287959096779
-28.54393,-0.01215087,2.8356305561287463
-28.55225,-0.01213656,2.8349703613550594
-28.56053,-0.01212724,2.8343137224694357
-28.56885,-0.0121239,2.8336542948001053
-28.57726,-0.01212595,2.832988124123866
-28.58556,-0.01211271,2.8323310510621447
-28.59387,-0.01210328,2.831673568495625
-28.60219,-0.01209774,2.831015677470851
-28.61057,-0.01208946,2.830353428820188
-28.61885,-0.01206945,2.8296994638149333
-28.62727,-0.01205969,2.8290348293777225
-28.63568,-0.01206416,2.8283713744531296
-28.64404,-0.01206405,2.827712250087627
-28.65233,-0.01205469,2.827059024519123
-28.66068,-0.01205354,2.826401453140679
-28.6691,-0.01206261,2.8257387570589936
-28.67743,-0.01206527,2.8250835273593204
-28.68578,-0.01207042,2.8244271063920867
-28.69411,-0.01207655,2.823772638356792
-28.70264,-0.01208997,2.8231028504695037
-28.71086,-0.01209463,2.822457780783996
-28.71919,-0.01209723,2.8218044554877766
-28.72751,-0.01210112,2.8211522926978354
-28.73586,-0.01210696,2.820498158050603
-28.74413,-0.01210872,2.8198506651618955
-28.75243,-0.01212131,2.819201197950921
-28.76073,-0.01213122,2.8185521055967633
-28.76904,-0.01214651,2.817902606413005
-28.77733,-0.01217489,2.817255044161498
-28.78571,-0.01220142,2.8166008307594286
-28.79408,-0.01222293,2.8159477781543982
-28.80238,-0.01222088,2.8153005619674483
-28.81068,-0.01219549,2.8146537186904297
-28.819,-0.01217879,2.81400569069017
-28.82724,-0.01214986,2.8133642624129123
-28.83551,-0.01210502,2.8127208674304702
-28.84378,-0.01207785,2.8120778413924943
-28.8521,-0.01205753,2.811431299628103
-28.86052,-0.01205761,2.8107773664507776
-28.86902,-0.01210089,2.81011760704035
-28.87738,-0.01212836,2.8094690931102475
-28.88574,-0.01213772,2.80882095456097
-28.89417,-0.01215655,2.8081677687921127
-28.9025,-0.0121691,2.8075227056483003
-28.91077,-0.01217039,2.8068826565324962
-28.91911,-0.01217418,2.8062375605611654
-28.92731,-0.01215172,2.8056036561989344
-28.93559,-0.01212519,2.804963931960606
-28.94394,-0.01212757,2.804319170092254
-28.95227,-0.01215499,2.8036763231345936
-28.96066,-0.01215634,2.80302921963795
-28.96903,-0.01216057,2.8023840321888582
-28.97739,-0.0121475,2.8017399876248343
-28.98576,-0.01214397,2.801095544846849
-28.99411,-0.01212947,2.8004530126980964
-29.00243,-0.01210788,2.799813157035462
-29.01065,-0.01208562,2.7991813523654243
-29.01894,-0.01206044,2.798544529882897
-29.02731,-0.0120528,2.797901930974658
-29.03563,-0.01205731,2.797263537935977
-29.04407,-0.01207677,2.7966163110059985
-29.05235,-0.01208366,2.7959817192068797
-29.06076,-0.01209268,2.7953375341869933
-29.06926,-0.0121145,2.7946868341333766
-29.07755,-0.01211844,2.7940525766441806
-29.08594,-0.01212228,2.7934110363976545
-29.09427,-0.01212558,2.792774450089313
-29.10255,-0.01211844,2.792142045971916
-29.11064,-0.01209893,2.7915245010071916
-29.11903,-0.01207025,2.790884418196623
-29.12738,-0.01205666,2.790247753144979
-29.13567,-0.01204615,2.7896160239321763
-29.14407,-0.01204026,2.788976278879374
-29.15242,-0.01203668,2.7883407072208755
-29.16078,-0.01202794,2.787704739036473
-29.16919,-0.01202629,2.7870653350333003
-29.17754,-0.01202681,2.7864308574334915
-29.18591,-0.0120387,2.7857952244764683
-29.19431,-0.01206558,2.785157679698544
-29.20264,-0.01209554,2.7845258099952606
-29.21097,-0.01210777,2.78389430066855
-29.2193,-0.01211767,2.783263151410198
-29.22762,-0.01212448,2.782633118947078
-29.23595,-0.01212703,2.782002688470872
-29.24428,-0.01213268,2.7813726171408564
-29.25256,-0.01214711,2.7807466833671994
-29.26082,-0.01215325,2.780122614472185
-29.26909,-0.01214264,2.7794981429214234
-29.27728,-0.01212733,2.778880059896274
-29.2856,-0.01212452,2.778252520009834
-29.2939,-0.01211409,2.7776268438139
-29.30226,-0.01210587,2.7769970029615463
-29.31065,-0.01212726,2.7763652631381426
-29.31903,-0.01214077,2.775734637196387
-29.32732,-0.01212456,2.7751111386925227
-29.3356,-0.01212089,2.7744887440515957
-29.34403,-0.01214024,2.7738554349896725
-29.35236,-0.01214684,2.77322999581635
-29.36066,-0.01214937,2.7726071621005794
-29.36905,-0.0121643,2.771977932551444
-29.37743,-0.01217125,2.7713498117432325
-29.38562,-0.01215918,2.7707362784926777
-29.39404,-0.01216659,2.770105871802583
-29.40244,-0.01219283,2.769477322290259
-29.41065,-0.01219769,2.7688633369204694
-29.41888,-0.01219201,2.7682481997955053
-29.42731,-0.01220317,2.7676184707334786
-29.43559,-0.01220741,2.7670002979386514
-29.44394,-0.01221285,2.76637725114234
-29.45229,-0.01221942,2.7657545576252303
-29.46065,-0.01220378,2.765131471980421
-29.46889,-0.01217671,2.764517676098421
-29.4772,-0.01217456,2.763899013474821
-29.48546,-0.01218407,2.7632844188288055
-29.49384,-0.01217328,2.76266124722993
-29.50215,-0.01214396,2.762043630718439
-29.5105,-0.01213585,2.7614233916741497
-29.51897,-0.01216114,2.7607945975079753
-29.52736,-0.0121797,2.7601720980135034
-29.53558,-0.01216676,2.759562554722135
-29.54381,-0.01215619,2.7589526097006445
-29.55223,-0.0121807,2.7583289349060967
-29.56078,-0.01222668,2.757695994489996
-29.569,-0.01225379,2.757087828469005
-29.5773,-0.01226422,2.7564740865461013
-29.58563,-0.01227948,2.7558584725084443
-29.59393,-0.01227123,2.755245420260168
-29.60219,-0.01226412,2.754635663780281
-29.61044,-0.01225405,2.754026985076885
-29.61876,-0.01224857,2.753413485237059
-29.62706,-0.01223098,2.7528018034864075
-29.63539,-0.01220506,2.7521882553258115
-29.64369,-0.01217837,2.7515772597810866
-29.65213,-0.01216865,2.750956309040868
-29.66054,-0.01215197,2.750337916976562
-29.66898,-0.01213366,2.7497176714534843
-29.67716,-0.01211454,2.749116869673513
-29.68547,-0.01208272,2.7485068587426777
-29.69386,-0.0120845,2.747891321640231
-29.70227,-0.01209379,2.7472746662123804
-29.71068,-0.01210401,2.7466583598894405
-29.71907,-0.0121186,2.74604386678318
-29.72742,-0.01212361,2.7454326477037023
-29.73584,-0.01213004,2.744816652228422
-29.74414,-0.0121429,2.744209777119123
-29.75253,-0.01216174,2.743596665560878
-29.76077,-0.01214684,2.742994851947715
-29.76904,-0.01214305,2.742391182248403
-29.77737,-0.01215829,2.741783471810976
-29.78568,-0.01218166,2.7411775591492287
-29.79401,-0.0121975,2.7405705274315206
-29.80241,-0.01220279,2.73995873823627
-29.81062,-0.01217447,2.739361120298739
-29.81908,-0.01216462,2.7387456487591164
-29.82736,-0.01216984,2.7381436104301553
-29.83568,-0.0121489,2.7375390002842233
-29.8439,-0.01211437,2.736941988144981
-29.85213,-0.01207059,2.736344579097036
-29.8605,-0.01204681,2.735737345322416
-29.8689,-0.01204266,2.7351282772381973
-29.87743,-0.01205776,2.734510133569052
-29.8857,-0.01204428,2.7339111682175754
-29.89414,-0.01202627,2.7333002320856195
-29.90248,-0.01201627,2.732696873302816
-29.91089,-0.01202201,2.7320887910724156
-29.91927,-0.01203532,2.7314832180063213
-29.9276,-0.01204143,2.7308815942474505
-29.93585,-0.01203248,2.7302860783976404
-29.94424,-0.01203388,2.72968079336794
-29.95256,-0.01204947,2.72908089325253
-29.96098,-0.01205828,2.728474122008025
-29.96927,-0.01204446,2.727877052060327
-29.9776,-0.01201253,2.72727743381725
-29.98589,-0.01198235,2.7266810256423937
-29.99423,-0.01197278,2.726081352980223
-30.00258,-0.01198915,2.725481295275273
-30.01091,-0.01199499,2.724883007546256
-30.0192,-0.01199001,2.724287922396333
-30.0276,-0.01200132,2.723685276212551
-30.0361,-0.0120376,2.723075798788791
-30.04443,-0.01206984,2.7224788454964863
-30.05284,-0.01210435,2.7218764948670406
-30.06101,-0.01211345,2.7212916565344942
-30.06928,-0.01210689,2.7206999835047596
-30.07759,-0.01211743,2.720105776426901
-30.08591,-0.01214014,2.719511183141876
-30.09418,-0.01214965,2.7189204889450385
-30.10252,-0.01212638,2.7183251236109136
-30.11081,-0.01209584,2.7177336544583155
-30.11914,-0.01209577,2.717139659366104
-30.12741,-0.01210042,2.71655026767983
-30.13576,-0.01211518,2.715955502698455
-30.14403,-0.01211846,2.7153667608478362
-30.15231,-0.0120988,2.714777630635928
-30.16081,-0.01212134,2.714173183677759
-30.16931,-0.01216567,2.7135690773173136
-30.17746,-0.01216147,2.712990165507634
-30.18582,-0.01217278,2.7123966617438255
-30.194,-0.01218224,2.7118162548850764
-30.20233,-0.01216883,2.711225527964233
-30.21077,-0.0121655,2.710627332570471
-30.21903,-0.01214169,2.7100422184299098
-30.22734,-0.0121169,2.7094538851251877
-30.23579,-0.01212671,2.7088559716812424
-30.24399,-0.01212015,2.708276067410418
-30.25224,-0.01209788,2.7076929443902333
-30.26067,-0.01209033,2.7070974271223998
-30.26901,-0.01209101,2.706508594103342
-30.27751,-0.01209438,2.705908798312675
-30.28586,-0.01209103,2.7053199149702203
-30.29416,-0.0120876,2.7047348795939543
-30.30245,-0.01208123,2.704150868989141
-30.31075,-0.01207585,2.7035664739407634
-30.31905,-0.01206736,2.702982398854845
-30.32739,-0.01206131,2.702395830963363
-30.33572,-0.01205931,2.7018102883333577
-30.34415,-0.01205258,2.701218043675634
-30.35251,-0.01204278,2.7006310417161545
-30.36075,-0.01203729,2.7000527819635547
-30.3691,-0.01202924,2.6994671228320892
-30.37738,-0.01201145,2.6988866913473117
-30.38579,-0.01199841,2.698297470626895
-30.39404,-0.01198715,2.69771977664042
-30.40241,-0.01198258,2.6971340002322184
-30.41089,-0.01199707,2.6965408542795033
-30.41925,-0.01202883,2.695956425618646
-30.42758,-0.01204359,2.6953744136076545
-30.43581,-0.0120454,2.6947997014043654
-30.44421,-0.01205577,2.694213438285966
-30.45258,-0.01208125,2.6936295906619403
-30.46095,-0.01211713,2.693046063894921
-30.46924,-0.01214635,2.692468430456421
-30.47763,-0.01218395,2.691884149128393
-30.48589,-0.01221466,2.6913092351904435
-30.49408,-0.01220079,2.6907395009129638
-30.5024,-0.01219755,2.6901610365086026
-30.51074,-0.01221353,2.689581498187196
-30.51901,-0.01222022,2.6890071368632205
-30.52731,-0.01221489,2.688431004893651
-30.5356,-0.01220568,2.6878558796945207
-30.54382,-0.01218492,2.687285919050073
-30.55209,-0.01214863,2.6867128009900467
-30.56053,-0.01215828,2.686128221598251
-30.56889,-0.01218819,2.6855495014702857
-30.57724,-0.01221401,2.6849717894747855
-30.58557,-0.01221561,2.6843957755242096
-30.59396,-0.01219332,2.6838159296802373
-30.60236,-0.01217192,2.683235711232728
-30.61069,-0.01216918,2.682660642409563
-30.61897,-0.01216795,2.682089335467522
-30.6272,-0.01214653,2.6815217845575177
-30.63544,-0.01209981,2.6809538495285197
-30.64383,-0.01207847,2.680375889697861
-30.65237,-0.01209664,2.6797879217822307
-30.66075,-0.01212606,2.679211288047422
-30.66905,-0.01212918,2.6786404697895763
-30.67734,-0.01211477,2.6780706475854816
-30.68561,-0.01210268,2.6775025068753724
-30.69406,-0.01211062,2.676922316565485
-30.70239,-0.01213866,2.6763506782371014
-30.71069,-0.01216179,2.675781407060538
-30.71901,-0.01214998,2.6752110728828824
-30.72733,-0.01213846,2.6746410475625444
-30.73572,-0.01212553,2.6740665388674802
-30.74406,-0.0121224,2.6734957647103212
-30.75241,-0.01213034,2.6729246163146234
-30.76064,-0.01211073,2.6723619794646667
-30.76894,-0.01209936,2.6717948619614456
-30.77733,-0.0121084,2.671221905863829
-30.78571,-0.01212022,2.6706499444060245
-30.79405,-0.01212111,2.670081022145512
-30.80251,-0.01214002,2.6695042287138286
-30.81082,-0.01215704,2.668937970492184
-30.81903,-0.01215481,2.668378826329057
-30.82745,-0.01217345,2.667805689409925
-30.83579,-0.01218408,2.66723830652628
-30.84409,-0.01217948,2.666673949531336
-30.85233,-0.01218143,2.666113972591373
-30.8607,-0.01217757,2.665545467212344
-30.86902,-0.01217051,2.6649806634612956
-30.87726,-0.0121694,2.664421590516775
-30.88564,-0.01217959,2.6638533247166
-30.89389,-0.01218301,2.6632941756444395
-30.90216,-0.01217708,2.662733970699783
-30.91055,-0.01218278,2.6621659433429685
-30.9189,-0.0121796,2.661600930175394
-30.9272,-0.01216681,2.6610396026798417
-30.93559,-0.01217533,2.6604724946251226
-30.944,-0.01218404,2.6599043433298863
-30.95227,-0.01217748,2.6593459510401014
-30.96056,-0.01216042,2.658786507737586
-30.96887,-0.01213967,2.6582260153502535
-30.97719,-0.01212129,2.6576651497440533
-30.98552,-0.01210811,2.6571039117626554
-30.99387,-0.01209276,2.656541629038258
-31.00232,-0.01208911,2.6559729207362546
-31.01064,-0.01208501,2.6554132646085344
-31.01898,-0.01207801,2.6548525644621455
-31.02733,-0.01208271,2.6542914939828854
-31.03568,-0.01209515,2.6537307254102376
-31.04405,-0.01209275,2.6531689164268193
-31.05246,-0.01209255,2.652604727612563
-31.06076,-0.01209103,2.652048217751272
-31.06917,-0.01208795,2.6514846357337514
-31.07752,-0.01208911,2.6509253762848513
-31.08585,-0.01209035,2.6503677557473897
-31.0941,-0.01208314,2.6498157849881485
-31.10239,-0.01206137,2.6492614329638333
-31.11061,-0.01202681,2.6487120535405766
-31.11906,-0.01202088,2.6481476047155663
-31.12738,-0.01201622,2.64759213913924
-31.13576,-0.01201281,2.6470329678800195
-31.14415,-0.01202244,2.646473430804822
-31.15248,-0.01201665,2.6459181933508984
-31.1608,-0.01200607,2.6453639187697364
-31.16916,-0.01200625,2.6448072774498894
-31.17751,-0.01200881,2.644251599951375
-31.18596,-0.01202325,2.6436895705631636
-31.19426,-0.0120369,2.6431378144568902
-31.20262,-0.01204201,2.6425823664807635
-31.21089,-0.01202814,2.6420331909791743
-31.21922,-0.01200835,2.641480325261169
-31.22757,-0.01200814,2.640926428153071
-31.23595,-0.01200894,2.6403708387290927
-31.2442,-0.01201818,2.639824159363978
-31.25258,-0.01203051,2.6392691611380563
-31.26088,-0.0120349,2.6387197545302628
-31.26915,-0.01203372,2.6381726238161254
-31.2775,-0.01203247,2.6376204939653105
-31.28595,-0.01204314,2.637062051815591
-31.29436,-0.01206153,2.636506552618427
-31.30269,-0.01207737,2.6359566318421837
-31.31104,-0.01209104,2.635405684384805
-31.31921,-0.01209744,2.6348668979836973
-31.32755,-0.01211751,2.634317190460154
-31.33586,-0.01213009,2.6337697513328178
-31.34413,-0.01213915,2.6332252354747125
-31.35252,-0.01216765,2.6326731120815805
-31.3609,-0.01219355,2.6321219416534603
-31.36916,-0.01220931,2.6315789520662967
-31.37747,-0.01222768,2.631032964098125
-31.38577,-0.01224323,2.6304879217556234
-31.39403,-0.01225449,2.629945792241391
-31.40222,-0.01226012,2.629408538631982
-31.41058,-0.01226848,2.6288604221889567
-31.41885,-0.01227668,2.628318493515835
-31.42714,-0.0122715,2.627775540504163
-31.43544,-0.01226331,2.627232219431317
-31.44374,-0.01226013,2.6266891851923466
-31.45206,-0.01225476,2.6261451300805096
-31.4604,-0.01224425,2.6256000559433446
-31.46869,-0.01223121,2.6250585359606644
-31.47691,-0.01220798,2.624521870158157
-31.48537,-0.01218865,2.623969827891494
-31.49367,-0.01217828,2.62342851436495
-31.50206,-0.01216152,2.622881621074939
-31.51047,-0.012155,2.6223337163806186
-31.51885,-0.0121543,2.6217880569881196
-31.52716,-0.01213875,2.6212472420604964
-31.53558,-0.01213324,2.6206995590377598
-31.5439,-0.01213261,2.6201586677614372
-31.55228,-0.01213532,2.6196141641745063
-31.56065,-0.01213417,2.6190705989895644
-31.569,-0.01212265,2.6185286198485858
-31.57735,-0.01214548,2.617986927338741
-31.58577,-0.01217078,2.617440983708803
-31.59404,-0.01214852,2.6169050491801618
-31.60231,-0.0121226,2.6163693951486455
-31.61069,-0.0121169,2.6158269022283283
-31.61897,-0.01210208,2.615291165398493
-31.62738,-0.01209635,2.614747304392586
-31.63571,-0.01210489,2.614208901902312
-31.64388,-0.01208213,2.6136811162221574
-31.6523,-0.01205296,2.6131374655238324
-31.66075,-0.01205356,2.612592168536753
-31.66905,-0.01205553,2.612056834669812
-31.67745,-0.01205293,2.6115153366195827
-31.68579,-0.01206839,2.610977990449346
-31.69423,-0.01208259,2.6104344891798914
-31.70238,-0.01206802,2.6099099373611696
-31.71079,-0.01206248,2.6093689340442165
-31.71921,-0.01207492,2.6088275748355647
-31.72757,-0.01208175,2.608290357565991
-31.73583,-0.01208381,2.60775984431477
-31.74417,-0.01207455,2.6072244730292207
-31.75246,-0.01206385,2.606692590117427
-31.76077,-0.01206855,2.6061597026772336
-31.76917,-0.01206249,2.605621327217551
-31.77745,-0.01204839,2.605090921392371
-31.7858,-0.01204801,2.6045563113088233
-31.79419,-0.01205859,2.604019423045531
-31.80248,-0.01205776,2.6034892121620703
-31.81087,-0.0120434,2.6029528868591143
-31.8192,-0.01204746,2.602420676824056
-31.82748,-0.01205268,2.601891937407548
-31.83583,-0.01205494,2.60135900650305
-31.84424,-0.01206584,2.600822528658244
-31.85263,-0.01207908,2.60028760890388
-31.86092,-0.01208699,2.59975934153816
-31.86922,-0.01208643,2.599230712267197
-31.87756,-0.01209982,2.5986998126581833
-31.88599,-0.01213106,2.5981634661492397
-31.89432,-0.01215469,2.5976337604940314
-31.90248,-0.01215888,2.5971151333689417
-31.91086,-0.01216719,2.596582799711446
-31.91919,-0.01218667,2.596053919288052
-31.92751,-0.01220037,2.5955259492519147
-31.93579,-0.01220796,2.5950007906489865
-31.94417,-0.01220577,2.594469566747234
-31.95245,-0.01217768,2.593944955707622
-31.96072,-0.01215013,2.593421249583864
-31.96899,-0.0121359,2.5928978144132797
-31.9773,-0.01213139,2.592372120222783
-31.98561,-0.01211785,2.5918466991875406
-31.9939,-0.01209848,2.591322814661545
-32.00229,-0.01208991,2.590792887009023
-32.01062,-0.01208557,2.590267023881449
-32.0192,-0.01209658,2.5897256646012394
-32.02751,-0.012108,2.5892016176093615
-32.03584,-0.01210203,2.5886765822279045
-32.04411,-0.01208039,2.5881555986419964
-32.05245,-0.01206631,2.587630477545398
-32.06078,-0.01205995,2.5871062587996922
-32.06912,-0.01204859,2.586581683563503
-32.07741,-0.0120456,2.5860605235896537
-32.08583,-0.01207019,2.585531466694176
-32.09413,-0.01209528,2.5850102214953323
-32.10245,-0.01209286,2.58448799079198
-32.11086,-0.01210505,2.583960385987793
-32.1192,-0.01214032,2.5834374455154547
-32.12752,-0.01217338,2.5829160296219564
-32.1359,-0.01218655,2.5823911264349215
-32.1442,-0.01220519,2.5818715040349427
-32.15237,-0.0122019,2.5813602823057833
-32.16055,-0.01218733,2.58084869506274
-32.16899,-0.01220933,2.5803211198113463
-32.17728,-0.01223465,2.579803190325596
-32.18556,-0.01223321,2.579286151926516
-32.19373,-0.01220941,2.578776243075903
-32.20219,-0.01221071,2.578248507322017
-32.21048,-0.01221123,2.5777316451043264
-32.21886,-0.01219668,2.577209441923147
-32.2272,-0.01220219,2.57669000099295
-32.23547,-0.01218625,2.576175185285029
-32.24381,-0.01215629,2.575656279453327
-32.25208,-0.01213876,2.575141993942716
-32.26051,-0.01213931,2.574618029907153
-32.26888,-0.01213088,2.574098066000431
-32.27719,-0.01210365,2.5735820962109774
-32.28571,-0.01209432,2.5730533632371717
-32.29396,-0.01205866,2.572541651751597
-32.30237,-0.01203223,2.5720202851988874
-32.31076,-0.01202411,2.571500428959269
-32.31914,-0.01199589,2.570981461759193
-32.32745,-0.01195048,2.5704670953013613
-32.33586,-0.01190856,2.569946808280343
-32.34432,-0.0118835,2.5694237009774823
-32.35272,-0.01189327,2.5689045743294536
-32.3611,-0.01190153,2.5683869522358633
-32.36946,-0.01190418,2.567870832568724
-32.37788,-0.0119325,2.5673512780947982
-32.38629,-0.01196092,2.5668326103422157
-32.39479,-0.01200971,2.5663086656835867
-32.40314,-0.01206996,2.5657942347562614
-32.41132,-0.01209006,2.565290534294808
-32.41962,-0.01211553,2.5647797043888856
-32.4279,-0.01214667,2.5642703659503083
-32.43616,-0.01216799,2.563762516894725
-32.44447,-0.01220791,2.5632518546303884
-32.45273,-0.0122407,2.562744524112455
-32.46095,-0.01226285,2.5622399067186885
-32.46925,-0.01227793,2.561730637449279
-32.47749,-0.01226611,2.561225307128106
-32.48579,-0.01224748,2.560716556377419
-32.49408,-0.01224451,2.5602086780115028
-32.50229,-0.01222051,2.5597059561034006
-32.51057,-0.01219185,2.5591992050585395
-32.51885,-0.0121794,2.5586927120731513
-32.52715,-0.01216048,2.5581852544720336
-32.53551,-0.01214197,2.5576743902277848
-32.54396,-0.01214543,2.5571582929674204
-32.55234,-0.01214881,2.5566467356878184
-32.56065,-0.01214106,2.5561397115843816
-32.56908,-0.01214979,2.5556256301989495
-32.57741,-0.01215377,2.5551179083911215
-32.58572,-0.01214431,2.554611664250475
-32.59401,-0.01214978,2.5541068957148876
-32.60243,-0.01217497,2.553594474399608
-32.61078,-0.012174,2.553086574439495
-32.61908,-0.01214903,2.5525819734952675
-32.62744,-0.01213249,2.552073984351822
-32.63571,-0.01210264,2.5515717200575687
-32.64406,-0.01207873,2.5510648552906714
-32.65239,-0.01208263,2.550559462875459
-32.6606,-0.01205751,2.550061603277343
-32.66896,-0.01202754,2.5495549047168935
-32.67746,-0.01203454,2.5490399865840243
-32.68581,-0.01204444,2.5485344160049883
-32.69423,-0.01205838,2.548024868608314
-32.70262,-0.01208013,2.547517397688625
-32.71082,-0.01205274,2.5470216705053557
-32.71921,-0.01202053,2.5465147141388806
-32.72754,-0.0120135,2.5460116403493815
-32.73587,-0.0120131,2.5455088225851337
-32.7442,-0.01201713,2.5450062606507413
-32.75253,-0.01202778,2.5445039543510073
-32.76076,-0.01203989,2.5440079289979844
-32.76924,-0.01204861,2.543497096667484
-32.77759,-0.01208768,2.5429943537642643
-32.786,-0.01210143,2.542488257182944
-32.79437,-0.01210116,2.5419848254441235
-32.8026,-0.01210124,2.541490064811936
-32.81088,-0.01210101,2.540992548813077
-32.81905,-0.01208478,2.5405018883849473
-32.82745,-0.01206901,2.539997669633188
-32.83577,-0.01207167,2.539498507268141
-32.84404,-0.01206693,2.5390025952958286
-32.85237,-0.01205724,2.53850333781094
-32.86079,-0.01206687,2.537998943421628
-32.86916,-0.01206683,2.5374978003697084
-32.8775,-0.01204744,2.536998707322637
-32.88583,-0.01203093,2.536500465398015
-32.89426,-0.01203174,2.5359964990852504
-32.90259,-0.0120421,2.535498764686914
-32.9109,-0.01203465,2.5350024763832044
-32.91919,-0.01203118,2.534507632174425
-32.92757,-0.0120224,2.534007668953403
-32.93587,-0.01200106,2.533512729434504
-32.94429,-0.01200709,2.5330108889886533
-32.95262,-0.01202011,2.532514664994771
-32.96108,-0.01203105,2.532010953524581
-32.96935,-0.01203027,2.5315188045866845
-32.97765,-0.01201365,2.531025118527245
-32.98599,-0.01199294,2.5305293035012744
-32.99432,-0.01197477,2.530034333182196
-33.00264,-0.01197379,2.5295402064804513
-33.01111,-0.0119913,2.529037427096514
-33.01936,-0.01200582,2.5285479548967635
-33.02766,-0.01200394,2.528055762957473
-33.03601,-0.01199258,2.527560855563369
-33.04434,-0.01199409,2.527067382795359
-33.0527,-0.01199891,2.526572382891564
-33.06117,-0.0120091,2.5260711251295707
-33.0695,-0.012017,2.525578403060222
-33.07784,-0.01202423,2.5250853380994647
-33.08615,-0.01203523,2.524594293987061
-33.09441,-0.01202751,2.5241064487930136
-33.10269,-0.01202358,2.523617666721345
-33.11107,-0.01203194,2.5231232303879034
-33.11935,-0.01203491,2.522634939997313
-33.12773,-0.01205774,2.5221410009076988
-33.13614,-0.01208964,2.5216455447134156
-33.14447,-0.01211504,2.5211550493943635
-33.15276,-0.01214952,2.5206671541072296
-33.16101,-0.01217828,2.5201818551364994
-33.16931,-0.01219759,2.5196938585698647
-33.17769,-0.0122169,2.5192014061256223
-33.18596,-0.01220622,2.5187156616834345
-33.19423,-0.01220353,2.5182301592776817
-33.2025,-0.01222046,2.5177448987275053
-33.21082,-0.01222955,2.517256948187368
-33.21898,-0.0122153,2.516778618729413
-33.2273,-0.01220589,2.5162911521550053
-33.2356,-0.01219976,2.515805100554827
-33.24399,-0.01220151,2.5153140251816946
-33.25253,-0.01219308,2.514814424646786
-33.26073,-0.01215509,2.514334955967593
-33.26897,-0.01213334,2.5138533865040005
-33.27728,-0.01212334,2.513367967574273
-33.28557,-0.01210434,2.512883958424026
-33.29395,-0.01207667,2.5123949396211622
-33.30228,-0.01206955,2.511909082501258
-33.3107,-0.01208073,2.5114182229733992
-33.31926,-0.01210091,2.5109194561944053
-33.32753,-0.01210066,2.510437830226242
-33.33582,-0.01208968,2.5099552793361615
-33.34413,-0.01207797,2.5094718050823337
-33.35255,-0.01208217,2.5089821767750893
-33.36089,-0.01208922,2.5084974441629107
-33.36913,-0.01209284,2.5080187616518623
-33.37756,-0.01208598,2.507529286143145
-33.38593,-0.01207351,2.5070435389998122
-33.39423,-0.01204588,2.506562094709176
-33.40259,-0.01204962,2.5060774119611686
-33.41098,-0.01204682,2.5055912337800326
-33.41933,-0.0120336,2.5051076158618377
-33.42757,-0.01201293,2.5046306058143024
-33.43597,-0.01199631,2.5041445754377696
-33.44438,-0.01199381,2.5036582110357553
-33.45282,-0.01200936,2.503170357536375
-33.46118,-0.01202713,2.502687370857812
-33.46939,-0.01200455,2.502213285034475
-33.47777,-0.01199516,2.5017296223732943
-33.48616,-0.01201853,2.501245625058233
-33.49449,-0.01203013,2.5007653288645386
-33.50282,-0.01204347,2.500285271508488
-33.5112,-0.01205829,2.4998025734679747
-33.51952,-0.01205491,2.4993235702659224
-33.52771,-0.01204173,2.4988522836781875
-33.53613,-0.01205491,2.4983680019131604
-33.54445,-0.01204658,2.4978897105184314
-33.55269,-0.01203939,2.4974162518713108
-33.56101,-0.01204007,2.4969384324250075
-33.56926,-0.01203849,2.496464866964598
-33.57759,-0.01203526,2.4959869454597543
-33.58597,-0.01203835,2.4955063944855542
-33.59436,-0.01204791,2.495025510234456
-33.60262,-0.01204087,2.4945523116947426
-33.61099,-0.01202659,2.494073048726027
-33.61939,-0.01202658,2.4935923078913684
-33.62769,-0.01201799,2.493117526062599
-33.63599,-0.01201826,2.4926429785476807
-33.64432,-0.01202174,2.492166951211973
-33.65263,-0.01201915,2.4916923016120878
-33.66098,-0.0120176,2.4912156033484467
-33.66927,-0.01200229,2.4907425643621024
-33.67763,-0.01200119,2.4902657669200594
-33.68602,-0.01203082,2.489787496415427
-33.69444,-0.01205988,2.489307755226085
-33.70279,-0.01207018,2.4888322391113613
-33.71101,-0.01207592,2.488364356333435
-33.71939,-0.01209128,2.487887601169535
-33.72769,-0.01211313,2.4874156308955637
-33.73608,-0.01214435,2.4869387788978448
-33.74445,-0.01219335,2.4864632998907967
-33.75259,-0.01221093,2.486001112803492
-33.76094,-0.01221693,2.485527233542668
-33.76929,-0.01223787,2.48505358863038
-33.7776,-0.01224947,2.484582445170764
-33.78584,-0.01225056,2.4841154992742522
-33.79414,-0.01225263,2.4836453834895638
-33.80241,-0.01225476,2.48317719653717
-33.81058,-0.01224335,2.4827148957515663
-33.81883,-0.01223414,2.482248294810909
-33.82718,-0.01222613,2.48177626985164
-33.83554,-0.01221746,2.4813039129861676
-33.84387,-0.01218716,2.4808334832866334
-33.85223,-0.01216959,2.480361592131449
-33.86054,-0.01216269,2.4798927542206948
-33.8689,-0.01216227,2.4794213275305665
-33.87724,-0.01216534,2.478951260492295
-33.88541,-0.01215346,2.4784909995186717
-33.89389,-0.01214206,2.478013509219508
-33.90225,-0.01213778,2.477543009682248
-33.91075,-0.01214701,2.477064868810038
-33.91913,-0.01216364,2.4765937127514768
-33.92741,-0.01216011,2.4761284076798082
-33.93575,-0.01214886,2.4756599603662806
-33.94403,-0.01213798,2.4751951108928436
-33.9523,-0.0121237,2.474731049148364
-33.96068,-0.01211375,2.474261045420763
-33.96906,-0.01210673,2.473791273588377
-33.97745,-0.01210868,2.473321173307591
-33.98575,-0.01211158,2.472856344203085
-33.99403,-0.01210827,2.4723928613347694
-34.00247,-0.01211601,2.47192065458774
-34.01077,-0.01210526,2.4714565092175214
-34.01914,-0.01209396,2.4709886787261524
-34.02747,-0.01207708,2.47052331248841
-34.03581,-0.01206834,2.4700576157876073
-34.04419,-0.01207426,2.469589915342383
-34.05251,-0.01206828,2.4691257913146494
-34.06081,-0.0120558,2.4686630088949735
-34.06903,-0.01204702,2.468204909268036
-34.07747,-0.01204359,2.4677347790196866
-34.08589,-0.01205165,2.467265994814863
-34.09418,-0.01205086,2.466804674580823
-34.10268,-0.01205287,2.4663319011878246
-34.11099,-0.01206391,2.4658699234469594
-34.11928,-0.01206964,2.465409281790237
-34.12769,-0.01208202,2.4649422008931747
-34.136,-0.0121009,2.464480899929693
-34.14426,-0.01210527,2.4640225970631664
-34.15265,-0.01210616,2.463557308144463
-34.16092,-0.01210719,2.4630988978048602
-34.16933,-0.01211551,2.4626329547579657
-34.1777,-0.01213465,2.462169455522168
-34.18594,-0.01214012,2.4617133769029023
-34.19424,-0.01213037,2.4612541995377
-34.20255,-0.01212517,2.460794692208622
-34.21083,-0.01212771,2.4603370657771237
-34.21913,-0.01213073,2.4598785562344805
-34.22751,-0.01213401,2.459415852920648
-34.23584,-0.01213122,2.4589561348575057
-34.24416,-0.01212904,2.4584971919299523
-34.25249,-0.01213358,2.4580379207467837
-34.26083,-0.0121438,2.457578321949585
-34.26923,-0.01215905,2.4571156428084318
-34.27757,-0.01216822,2.4566564928610752
-34.28584,-0.01216184,2.45620141726147
-34.29414,-0.01216205,2.455744911521327
-34.30246,-0.01216703,2.4552875274834514
-34.31091,-0.0121647,2.4548232238666943
-34.31923,-0.01216501,2.454366286772751
-34.3275,-0.01216839,2.4539123151991844
-34.33579,-0.01215515,2.4534574652279733
-34.34407,-0.01213772,2.453003383116794
-34.35239,-0.01212969,2.4525473278569554
-34.36078,-0.01213466,2.452087659244057
-34.36905,-0.01212939,2.451634784784566
-34.37738,-0.01211291,2.4511788449265186
-34.38577,-0.01210225,2.4507198442844236
-34.3942,-0.01209805,2.450258880857819
-34.40245,-0.01208669,2.449807978792208
-34.41083,-0.01208785,2.449350192947976
-34.41917,-0.01208877,2.4488948135588395
-34.42757,-0.01208377,2.448436381074819
-34.43584,-0.01207365,2.447985261866706
-34.44414,-0.01205746,2.4475327239989153
-34.45253,-0.01204357,2.447075500696175
-34.46097,-0.01204233,2.446615777211146
-34.4693,-0.01203257,2.446162266132472
-34.47765,-0.01200502,2.4457078861233295
-34.48593,-0.01197695,2.44525753256473
-34.49428,-0.01196333,2.4448035906243004
-34.50264,-0.01195378,2.4443493251530897
-34.511,-0.01193724,2.4438952797658717
-34.51933,-0.01192912,2.443443082470025
-34.52771,-0.01193986,2.442988391063294
-34.53604,-0.01195449,2.442536631298782
-34.54453,-0.01198208,2.442076418466252
-34.55295,-0.01202191,2.441620223454148
-34.56128,-0.01203623,2.4411691233658015
-34.56957,-0.01204106,2.4407204052581504
-34.57793,-0.01204696,2.4402681161075863
-34.58626,-0.01207001,2.4398176674783567
-34.59457,-0.01209282,2.43936851650418
-34.60283,-0.01210696,2.438922281790247
-34.6111,-0.01212816,2.4384757202169247
-34.61928,-0.01212638,2.43803422832595
-34.62766,-0.01212977,2.4375821583092825
-34.636,-0.01214635,2.437132463332948
-34.64438,-0.01216102,2.436680829617964
-34.65273,-0.0121763,2.436231029993885
-34.66094,-0.01217354,2.435788983218574
-34.66927,-0.01217538,2.4353406893193887
-34.67748,-0.01216112,2.4348990641765202
-34.68579,-0.01214316,2.4344522728183504
-34.69411,-0.01212348,2.4340051582242634
-34.70248,-0.01209577,2.433555572973459
-34.7108,-0.01205127,2.4331088882998952
-34.71918,-0.01202552,2.4326591987483575
-34.72749,-0.01201534,2.432213479868542
-34.73584,-0.01198586,2.431765830335469
-34.74423,-0.01194735,2.431316253087203
-34.75263,-0.01194311,2.430866357452659
-34.76106,-0.01196025,2.430415073648502
-34.76953,-0.01200559,2.429961868912234
-34.77788,-0.01206296,2.429515301105185
-34.78613,-0.01208515,2.429074291966367
-34.79459,-0.01209569,2.4286222743248302
-34.80293,-0.01212984,2.4281768833830943
-34.8112,-0.01215445,2.427735441467114
-34.81952,-0.01217732,2.4272915422154013
-34.82771,-0.01218203,2.426854786031008
-34.83572,-0.01217771,2.4264278275287547
-34.84424,-0.01218005,2.4259738998468614
-34.85262,-0.01220625,2.4255276475627943
-34.86089,-0.01221978,2.4250874633435924
-34.8692,-0.01222316,2.4246453603753455
-34.87752,-0.01222799,2.4242029364473163
-34.88582,-0.01222069,2.423761786307445
-34.89398,-0.01221029,2.4233282818411657
-34.90247,-0.01221056,2.4228774611080532
-34.91072,-0.01219728,2.4224395944855908
-34.91907,-0.01217724,2.421996631067208
-34.92735,-0.01214387,2.421557590255201
-34.93572,-0.01213129,2.4211139887771025
-34.94408,-0.01212109,2.4206711294159127
-34.95235,-0.01208855,2.4202332461193596
-34.96079,-0.01204526,2.4197865751889474
-34.9691,-0.01200916,2.419346994918371
-34.97748,-0.01198988,2.418903923324379
-34.98593,-0.01198654,2.4184573655752466
-34.99429,-0.01199329,2.4180157762880743
-35.00259,-0.01197985,2.4175775649744775
-35.01094,-0.0119683,2.4171369234873445
-35.01943,-0.01198328,2.416689109445813
-35.02795,-0.01199356,2.416239931254898
-35.03622,-0.0119922,2.415804142113504
-35.04456,-0.01200023,2.4153648726079027
-35.05286,-0.01200094,2.414927917436694
-35.06111,-0.01199187,2.4144937995402884
-35.06952,-0.0119925,2.4140514726178175
-35.07773,-0.01198145,2.413619869358707
-35.08611,-0.01198072,2.4131795374294844
-35.09462,-0.01200269,2.4127325897815677
-35.10281,-0.01201662,2.4123026532633713
-35.11118,-0.01202578,2.411863474824828
-35.11949,-0.01202786,2.4114276517113433
-35.12778,-0.01203362,2.4109930829673836
-35.13617,-0.01205812,2.4105534809286273
-35.14452,-0.01209268,2.410116183120441
-35.15285,-0.01212953,2.409680139732625
-35.16116,-0.01215536,2.409245349129551
-35.16937,-0.01216275,2.4088159924388752
-35.1777,-0.01216826,2.4083805649601877
-35.18604,-0.01217829,2.4079448212984467
-35.1944,-0.01220536,2.4075082399472643
-35.20264,-0.01221795,2.4070781282312916
-35.21089,-0.01220904,2.406647696209894
-35.21907,-0.01218509,2.4062211154354727
-35.22737,-0.01214726,2.4057884792421347
-35.23569,-0.01213382,2.4053550051098758
-35.244,-0.01213588,2.404922256270571
-35.25237,-0.01213266,2.4044865891286173
-35.26073,-0.01212285,2.4040516489590544
-35.26897,-0.01211673,2.4036231537240806
-35.27736,-0.01211067,2.403187063884599
-35.28572,-0.01209823,2.4027527396351838
-35.29417,-0.01210568,2.4023139487343093
-35.30258,-0.01212301,2.4018774435182926
-35.31088,-0.01211908,2.401446851508657
-35.31918,-0.01212793,2.4010164618770875
-35.32752,-0.01212974,2.400584201778104
-35.33589,-0.0121066,2.400150591933584
-35.34413,-0.01210646,2.39972391738034
-35.35252,-0.0121356,2.399289680056754
-35.3609,-0.01216018,2.39885616599125
-35.36913,-0.01211429,2.398430611666162
-35.37759,-0.01206052,2.397993370944714
-35.38591,-0.01206547,2.3975635697937396
-35.39423,-0.01206387,2.3971339707065247
-35.40247,-0.01202711,2.396708701398518
-35.41081,-0.01200965,2.3962784725907147
-35.41927,-0.01204,2.3958422604418446
-35.4278,-0.01208071,2.395402649896409
-35.43617,-0.01208153,2.3949714909935245
-35.44435,-0.01206164,2.394550316199902
-35.45276,-0.01207481,2.3941175017121377
-35.46101,-0.01207605,2.3936931209799157
-35.46935,-0.01207825,2.393264311299756
-35.47766,-0.01209243,2.3928372446209814
-35.48607,-0.01209828,2.3924052423951148
-35.4944,-0.01209134,2.391977551388388
-35.50269,-0.01208207,2.391552113375071
-35.51105,-0.01209268,2.391123284160846
-35.51929,-0.01212654,2.3907008079271854
-35.52763,-0.01212859,2.3902734041082954
-35.53598,-0.01213411,2.3898456887920356
-35.54434,-0.0121433,2.3894176625589334
-35.55273,-0.01215761,2.3889883027266823
-35.56097,-0.01215465,2.3885668163719944
-35.56926,-0.01214629,2.388142969519186
-35.5775,-0.01213205,2.387721874780409
-35.58582,-0.01212265,2.3872968896037805
-35.59421,-0.01211707,2.3868685300221584
-35.60251,-0.01210549,2.3864449641331467
-35.61086,-0.01209654,2.386019045875331
-35.61925,-0.01208175,2.3855912884184813
-35.62753,-0.01204743,2.38516933674605
-35.63591,-0.01202635,2.3847424886862716
-35.64432,-0.01203658,2.3843143143143144
-35.6526,-0.0120272,2.3838929559134536
-35.661,-0.01200778,2.3834656908106893
-35.66939,-0.0120032,2.3830391352361224
-35.6777,-0.01199051,2.3826168446957063
-35.6861,-0.01198916,2.382190180490443
-35.69452,-0.01201395,2.3817627019497674
-35.70294,-0.01203162,2.3813354250378262
-35.71111,-0.01202128,2.3809210270977297
-35.71947,-0.01202449,2.3804971882281567
-35.72784,-0.0120529,2.3800730410794495
-35.73619,-0.01208184,2.3796501053973578
-35.74455,-0.01210295,2.379226861157855
-35.75288,-0.01212708,2.3788053326053733
-35.76112,-0.01215476,2.3783885515889884
-35.76941,-0.01216201,2.3779694353359475
-35.7778,-0.01217364,2.3775454611518874
-35.78606,-0.01219409,2.37712825049754
-35.79433,-0.01220242,2.3767107276487645
-35.80255,-0.01219976,2.3762959202626632
-35.81094,-0.01219464,2.375872730511961
-35.81931,-0.0121953,2.3754507470970267
-35.82742,-0.01216747,2.3750420599641284
-35.83588,-0.01216432,2.374615932411873
-35.84422,-0.01218317,2.374196046112874
-35.85254,-0.01217569,2.3737773613808115
-35.86081,-0.01215752,2.3733613853117093
-35.86919,-0.01214581,2.3729400719670557
-35.87749,-0.01213765,2.372522974711999
-35.88591,-0.01213511,2.372100044279217
-35.89426,-0.01213798,2.371680825847921
-35.90273,-0.01215874,2.3712557819419304
-35.91094,-0.01214852,2.3708439767937013
-35.91919,-0.01212427,2.3704303549161327
-35.92761,-0.01211687,2.3700084057915345
-35.9359,-0.01211479,2.369593164495672
-35.94426,-0.0121257,2.36917461091145
-35.95265,-0.01213865,2.368754751040605
-35.961,-0.01213608,2.3683370874002394
-35.96927,-0.01212293,2.3679236164648323
-35.97752,-0.0121112,2.3675113348557657
-35.98595,-0.0121088,2.3670902532794047
-35.99431,-0.01211153,2.3666728630164044
-36.00266,-0.01210967,2.366256165516659
-36.01103,-0.01208902,2.3658386638760405
-36.01926,-0.01205464,2.3654283347298084
-36.0276,-0.01203499,2.3650127124759908
-36.03597,-0.01202752,2.3645957885967825
-36.04434,-0.0120251,2.3641790583486895
-36.05264,-0.01201543,2.3637660043758237
-36.06104,-0.01200911,2.36334816744054
-36.0694,-0.0120142,2.3629325134324386
-36.07776,-0.01201325,2.362517052056447
-36.08624,-0.01205362,2.36209582378214
-36.09459,-0.01208866,2.3616812464139363
-36.10292,-0.01207031,2.3612678531265616
-36.11128,-0.01205405,2.360853162779054
-36.11954,-0.01202292,2.360443621375023
-36.12778,-0.01199827,2.3600352581863597
-36.13617,-0.01200953,2.3596196525531066
-36.1445,-0.01200576,2.3592072099489547
-36.15266,-0.01198434,2.35880336882542
-36.16121,-0.01198996,2.358380422004684
-36.16957,-0.01200998,2.357967067344179
-36.17802,-0.01203259,2.35754945682489
-36.1864,-0.01205089,2.3571354984192956
-36.1946,-0.01204249,2.3567306172744
-36.20296,-0.01203475,2.3563180248244895
-36.21123,-0.0120412,2.3559100616024367
-36.21957,-0.01206843,2.355498833917686
-36.22788,-0.01209353,2.3550892737858247
-36.23621,-0.01211473,2.3546789164760886
-36.24454,-0.0121225,2.3542687477893223
-36.25288,-0.01212618,2.3538582755356265
-36.2612,-0.01213895,2.3534489757647292
-36.26952,-0.0121614,2.3530398637754235
-36.27774,-0.01217124,2.352635853280827
-36.28601,-0.01217737,2.3522295700188587
-36.29422,-0.01217561,2.3518264175397623
-36.30264,-0.01218504,2.3514131424050704
-36.31097,-0.012198,2.351004473303798
-36.31926,-0.01220658,2.3505979527115914
-36.32765,-0.01221662,2.3501867172800885
-36.33591,-0.01221868,2.349782039310423
-36.34418,-0.01221308,2.349377055693649
-36.35248,-0.01220403,2.3489707882378315
-36.36076,-0.01221017,2.3485656845456475
-36.36914,-0.01222142,2.348155876108151
-36.37747,-0.01221669,2.347748699950821
-36.38585,-0.01220441,2.3473392678747373
-36.39414,-0.01218232,2.3469344185629883
-36.40251,-0.01215428,2.3465258494537875
-36.41086,-0.0121262,2.346118443782981
-36.41922,-0.01209914,2.34571073735242
-36.42741,-0.0120544,2.3453115030687055
-36.43582,-0.01201468,2.3449017313182465
-36.44421,-0.0119793,2.3444931225014893
-36.45262,-0.01195105,2.344083728412388
-36.46103,-0.01194169,2.3436745231826968
-36.46944,-0.01191899,2.343265506681759
-36.47786,-0.0118914,2.34285619277008
-36.48619,-0.01186686,2.3424514398461445
-36.4946,-0.01186531,2.3420429871816655
-36.50304,-0.01189798,2.3416332667087456
-36.51144,-0.01194085,2.3412256761168555
-36.51971,-0.01196221,2.340824576646419
-36.52812,-0.01197879,2.3404168733567454
-36.53655,-0.0119993,2.3400083888599226
-36.54488,-0.01204316,2.3396049350825616
-36.55315,-0.0120935,2.339204569236851
-36.56139,-0.01211088,2.338805835883154
-36.5696,-0.01211488,2.3384087329366468
-36.57781,-0.0121282,2.3380118082520522
-36.58617,-0.01215285,2.3376078146469004
-36.59457,-0.01219279,2.3372020739688977
-36.60284,-0.01223696,2.3368027945372543
-36.61102,-0.01224841,2.336408037798455
-36.61928,-0.0122632,2.336009599314896
-36.62764,-0.01228618,2.3356065201033975
-36.63588,-0.01228679,2.3352094067346
-36.64421,-0.01229266,2.3348081374929355
-36.65254,-0.01230189,2.3344070506436934
-36.66081,-0.0122738,2.3340090330791927
-36.66902,-0.01226632,2.3336140807689976
-36.67743,-0.0122724,2.333209690537205
-36.68579,-0.01220054,2.3328078882859007
-36.69409,-0.01211219,2.332409150901412
-36.70252,-0.01208137,2.332004352834628
-36.71066,-0.01205676,2.331613656632706
-36.71916,-0.01202285,2.3312058663651345
-36.72765,-0.012035,2.330798744270325
-36.73616,-0.0120535,2.3303908519562198
-36.74449,-0.01203633,2.3299917701946606
-36.75269,-0.01199826,2.3295990932908586
-36.76105,-0.01198901,2.3291989347420707
-36.76947,-0.01201242,2.328796088167711
-36.77789,-0.01203882,2.3283934260502708
-36.78619,-0.01204818,2.327996682994352
-36.79453,-0.01204731,2.327598208211927
-36.80286,-0.01207855,2.3272003914913135
-36.81114,-0.01209744,2.3268051410524095
-36.8195,-0.01209356,2.3264062521218376
-36.82784,-0.01208446,2.3260084979189655
-36.83618,-0.012096,2.3256109238254346
-36.84436,-0.01207852,2.3252211518940755
-36.85271,-0.01207359,2.3248234580306306
-36.86105,-0.01207235,2.3244264203000187
-36.86935,-0.01208063,2.3240314651600857
-36.87778,-0.01209886,2.323630505957788
-36.88611,-0.01209888,2.3232344831157308
-36.89439,-0.0120931,2.322841014582434
-36.90273,-0.01209597,2.3224448733196703
-36.91112,-0.01210156,2.3220465377371373
-36.91939,-0.01210034,2.3216540766247764
-36.92777,-0.01210142,2.321256574659125
-36.9361,-0.01211167,2.320861623181657
-36.94443,-0.01210682,2.320466849806588
-36.95267,-0.0120997,2.3200765167983803
-36.961,-0.01209375,2.319682097345851
-36.96942,-0.01209962,2.3192835970918666
-36.97771,-0.01210732,2.3188914267541176
-36.98605,-0.01210967,2.318497068489336
-36.99437,-0.01210916,2.3181038330967656
-37.00276,-0.01211517,2.3177074683077694
-37.01106,-0.01211602,2.3173155321679517
-37.01938,-0.01209955,2.3169228279890155
-37.02774,-0.01209016,2.3165284135623723
-37.03603,-0.01208916,2.3161374774780126
-37.04442,-0.01209969,2.3157420037889644
-37.05269,-0.0121111,2.3153523617313616
-37.06101,-0.01211769,2.314960539391668
-37.06935,-0.01211096,2.3145679516905475
-37.07765,-0.01208817,2.3141774222476346
-37.08606,-0.01208215,2.3137818954076006
-37.09447,-0.0120916,2.313386547914015
-37.10278,-0.01209631,2.3129960773828806
-37.11102,-0.01208131,2.312609068680947
-37.11926,-0.01206527,2.3122222318009573
-37.12758,-0.01206398,2.311831813438958
-37.13597,-0.01206646,2.311438287460917
-37.14444,-0.01207392,2.3110411894754637
-37.15283,-0.01209816,2.3106480206218474
-37.16116,-0.01211976,2.310257839098672
-37.16946,-0.01211259,2.309869236733598
-37.17786,-0.01212475,2.3094761290725176
-37.18613,-0.01213672,2.3090892787176296
-37.19435,-0.01212459,2.3087049377123137
-37.20271,-0.01211069,2.308314224958343
-37.21117,-0.01212119,2.307919017327324
-37.21935,-0.01214075,2.307537060695579
-37.22765,-0.01214249,2.307149672353748
-37.23599,-0.01214954,2.3067605910303444
-37.24426,-0.01214379,2.3063749474415656
-37.25259,-0.01213311,2.305986679047014
-37.26094,-0.01214282,2.305597652662547
-37.26933,-0.01217096,2.3052069382519087
-37.27777,-0.01219699,2.3048140728375115
-37.28594,-0.01218157,2.304433944806005
-37.29424,-0.01214836,2.3040479387701693
-37.30257,-0.01213787,2.303660710240608
-37.31093,-0.012143,2.303272260970177
-37.31932,-0.01214945,2.3028825927160517
-37.32765,-0.01214732,2.302495884418119
-37.33588,-0.01213439,2.3021139879386796
-37.34418,-0.0121038,2.301729013731189
-37.35257,-0.01208021,2.3013400389852694
-37.36098,-0.01208761,2.300950312331208
-37.3694,-0.01210294,2.3005602979978272
-37.37769,-0.01209719,2.3001764769304898
-37.38602,-0.01207304,2.2997909753431895
-37.39435,-0.01205431,2.29940564550527
-37.40268,-0.01203809,2.2990204873019797
-37.41101,-0.01201866,2.2986355006186683
-37.41946,-0.01203001,2.2982451430352016
-37.4278,-0.01203288,2.297860039863417
-37.43605,-0.01202459,2.297479261300271
-37.44438,-0.01200686,2.297094960578864
-37.45271,-0.01199068,2.2967108308050337
-37.46117,-0.01198365,2.2963208810616433
-37.46951,-0.01198409,2.2959366348799333
-37.47789,-0.01199904,2.295550718036688
-37.48627,-0.01202246,2.295164973735717
-37.49448,-0.01204234,2.2947872220124133
-37.50278,-0.01205366,2.2944054974057924
-37.51117,-0.01207392,2.2940198053006613
-37.51953,-0.01211109,2.2936356638795847
-37.528,-0.01215278,2.293246642506928
-37.53626,-0.01217617,2.2928674353811487
-37.5446,-0.01220999,2.2924847248339306
-37.55281,-0.01223404,2.2921081458351584
-37.56104,-0.01223376,2.2917308146952267
-37.56932,-0.01223874,2.2913513579697478
-37.5777,-0.01224114,2.2909674886967535
-37.58594,-0.01223666,2.2905901994203153
-37.59427,-0.01223463,2.290208957375685
-37.6026,-0.01221869,2.289827884242047
-37.61078,-0.01219142,2.2894538374370326
-37.61911,-0.01216959,2.2890730987522034
-37.62746,-0.0121599,2.2886916151130055
-37.63579,-0.01217454,2.2883112138738153
-37.64424,-0.01218241,2.2879255046721623
-37.65251,-0.01218406,2.287548179390962
-37.66092,-0.01218489,2.287164636445419
-37.66931,-0.01219061,2.286782176259666
-37.67763,-0.0121968,2.2864030752465054
-37.68597,-0.01221073,2.2860232309265225
-37.69431,-0.01221347,2.2856435546903495
-37.70255,-0.01219865,2.2852685958907286
-37.71088,-0.01219412,2.284889708222136
-37.71919,-0.01219889,2.2845118969946068
-37.72751,-0.01219518,2.2841337978573195
-37.7359,-0.01219038,2.283752686433873
-37.74425,-0.01220249,2.283373560211158
-37.75249,-0.01219443,2.2829995928745364
-37.76082,-0.01217785,2.282621706837934
-37.76918,-0.01218706,2.2822426274544485
-37.77751,-0.01218499,2.281865075278916
-37.7859,-0.01218474,2.2814849719075108
-37.79417,-0.01218304,2.2811104702127336
-37.80252,-0.01218145,2.2807325120124267
-37.81093,-0.01218766,2.280352006681666
-37.81921,-0.01218326,2.27997754844694
-37.82752,-0.01217529,2.2796018983004966
-37.83592,-0.01218428,2.279222347441267
-37.84419,-0.01217708,2.2788488351844762
-37.85252,-0.01217096,2.2784727780343292
-37.8609,-0.01220109,2.2780946306083583
-37.86922,-0.01220573,2.2777193562476334
-37.87753,-0.01219968,2.2773446975027145
-37.88583,-0.01219562,2.276970653671835
-37.89424,-0.01219042,2.2765918197594144
-37.90256,-0.01218709,2.276217205381378
-37.91086,-0.01219028,2.2758436553536376
-37.91927,-0.01220359,2.2754653214579292
-37.92754,-0.01220477,2.275093449245588
-37.9357,-0.01216497,2.2747266822544465
-37.94417,-0.01214332,2.2743461485651157
-37.95247,-0.01213819,2.2739734172769257
-37.96086,-0.01214483,2.273596809977435
-37.96925,-0.01214964,2.2732203691144806
-37.97759,-0.0121563,2.2728463364842266
-37.98586,-0.01214502,2.2724756053963238
-37.99413,-0.01211581,2.2721050356989356
-38.00252,-0.01209098,2.2717292537442253
-38.01096,-0.01208982,2.27135139970156
-38.01933,-0.01209727,2.270976845199534
-38.02765,-0.01212025,2.2706046915862537
-38.03589,-0.01212933,2.2702362768427395
-38.04425,-0.01211825,2.2698626599288985
-38.05255,-0.01211111,2.269491886877489
-38.06102,-0.01213233,2.2691136863909587
-38.06937,-0.01215896,2.2687410088477957
-38.07773,-0.01217346,2.2683680487255935
-38.08604,-0.01217354,2.267997481491906
-38.09421,-0.01214291,2.2676333148790855
-38.10249,-0.01211639,2.267264404504797
-38.11089,-0.01210701,2.2668903114044308
-38.11922,-0.01210741,2.2665194985626673
-38.12747,-0.01209569,2.266152406650638
-38.13583,-0.01207076,2.2657805821978965
-38.14418,-0.01204645,2.2654093652032894
-38.15257,-0.0120351,2.265036533580831
-38.1609,-0.01203579,2.2646665304015365
-38.16934,-0.01205633,2.264291805936388
-38.17769,-0.01206889,2.263921240389348
-38.18599,-0.01207538,2.2635530544055555
-38.19429,-0.01211189,2.263185028442733
-38.20274,-0.01216383,2.262810515685524
-38.21117,-0.01220832,2.2624370544005847
-38.21942,-0.01224221,2.2620717268864885
-38.22768,-0.01227245,2.261706114522252
-38.23598,-0.01230343,2.2613388907515906
-38.24429,-0.01233738,2.260971384224939
-38.25252,-0.01235634,2.2606075730435538
-38.26071,-0.01237572,2.260245685456438
-38.26898,-0.01239707,2.259880420120944
-38.27731,-0.01240441,2.259512664291195
-38.28557,-0.01240323,2.2591481568643226
-38.29381,-0.0124074,2.2587846887003407
-38.30214,-0.01241041,2.2584174095755483
-38.31043,-0.01240307,2.2580520526655534
-38.31871,-0.01237979,2.257687294274781
-38.32697,-0.01235493,2.257323573974149
-38.33536,-0.0123559,2.25695428972103
-38.3437,-0.01233449,2.2565873663730938
-38.35205,-0.01231585,2.256220162937835
-38.36032,-0.01229655,2.255856635189696
-38.3687,-0.01227976,2.2554884319771067
-38.37709,-0.01227192,2.25511995047045
-38.38547,-0.01225256,2.254752068946922
-38.3938,-0.01222956,2.2543865415770257
-38.40208,-0.01220643,2.2540233654010406
-38.41055,-0.01220011,2.2536520174795727
-38.41888,-0.01220227,2.2532869672411064
-38.42723,-0.01220833,2.2529211993682603
-38.43559,-0.01221391,2.2525551526592933
-38.44394,-0.0122088,2.252189702720377
-38.45233,-0.01220949,2.2518226619817314
-38.46074,-0.0122176,2.251454907003869
-38.46909,-0.01223201,2.251089934802201
-38.47745,-0.01224486,2.2507246841981474
-38.48579,-0.01225168,2.250360465512076
-38.4941,-0.01225191,2.249997713935382
-38.50235,-0.01223686,2.2496377363979083
-38.51064,-0.01222429,2.2492761688717713
-38.519,-0.01223454,2.2489117059113686
-38.52731,-0.01225508,2.24854957950607
-38.53571,-0.01227828,2.248183689881411
-38.54398,-0.01227807,2.247823618629939
-38.55229,-0.01226693,2.24746196140359
-38.56064,-0.01225565,2.2470987203531894
-38.56908,-0.01225397,2.2467317239612665
-38.57742,-0.01226857,2.246369233608676
-38.58571,-0.01226228,2.2460090717522108
-38.59399,-0.01223935,2.2456494987950197
-38.60217,-0.01222379,2.245294419976908
-38.61057,-0.01222829,2.2449299479391263
-38.61894,-0.01224182,2.244566935291336
-38.62734,-0.01225027,2.244202779689205
-38.63579,-0.01226145,2.243836616256585
-38.64406,-0.01225748,2.243478407807047
-38.65237,-0.01224533,2.2431186211867473
-38.66075,-0.01224548,2.242755960502577
-38.66908,-0.01223018,2.2423956194458206
-38.67731,-0.01220128,2.2420397566428485
-38.68559,-0.01217857,2.2416818846500726
-38.69397,-0.01216614,2.241319846477371
-38.70235,-0.01216122,2.2409579650848075
-38.71068,-0.01215238,2.240598398168154
-38.71907,-0.01214398,2.2402363977233954
-38.72745,-0.01213802,2.2398749853140343
-38.73581,-0.01215401,2.239514591278716
-38.74431,-0.01218343,2.239148321392225
-38.75256,-0.01218832,2.2387929778058533
-38.76091,-0.01218428,2.2384334810508832
-38.76923,-0.01218839,2.2380754299221315
-38.77765,-0.01221301,2.237713231719818
-38.78594,-0.01222927,2.237356779286515
-38.79434,-0.01223484,2.2369957524731703
-38.80269,-0.01224135,2.2366370295461473
-38.81087,-0.01223311,2.2362857596338346
-38.81914,-0.01222833,2.2359307753855444
-38.82758,-0.01223776,2.2355686499132834
-38.83592,-0.01224594,2.235210969638417
-38.84427,-0.01224903,2.2348530143570726
-38.85242,-0.0122395,2.2345037812316453
-38.86083,-0.01224296,2.2341435604952338
-38.86916,-0.0122542,2.2337869200157656
-38.87747,-0.01225272,2.23343128809565
-38.8858,-0.01225452,2.2330749528105374
-38.8941,-0.01225307,2.232720052655801
-38.90244,-0.01225041,2.2323635946742675
-38.91077,-0.01225049,2.232007716629612
-38.91908,-0.01226029,2.2316528448257253
-38.92737,-0.01227256,2.231298978071213
-38.93565,-0.0122657,2.2309456885913037
-38.94397,-0.01227006,2.230590843717269
-38.95238,-0.01226746,2.230232314431108
-38.96066,-0.01225952,2.229879478427727
-38.96901,-0.01225364,2.229523811356768
-38.9773,-0.01225558,2.2291708507259353
-38.98567,-0.01226127,2.2288146362496786
-38.99393,-0.0122653,2.228463253126833
-39.00221,-0.01226056,2.2281111685722426
-39.01056,-0.01225889,2.227756258818125
-39.01888,-0.0122671,2.227402775271868
-39.02722,-0.01226394,2.227048593263881
-39.03565,-0.01226893,2.2266907429490734
-39.04399,-0.01228533,2.226336865161578
-39.05238,-0.01230232,2.2259810183143767
-39.06065,-0.0123019,2.225630410656249
-39.06903,-0.01230388,2.2252752909401643
-39.07721,-0.01230302,2.224928793534646
-39.08568,-0.01230841,2.2245701648276297
-39.09393,-0.0123095,2.22422100054919
-39.10228,-0.01230409,2.2238677540030913
-39.11073,-0.01231656,2.2235104305135702
-39.11905,-0.01232296,2.2231587551333685
-39.12732,-0.01231518,2.2228093414013532
-39.13568,-0.01233801,2.2224562751944004
-39.14401,-0.01235718,2.222104625969593
-39.15234,-0.01237063,2.2217531263776316
-39.16061,-0.01237345,2.2214043065212725
-39.16899,-0.01237379,2.221050997230207
-39.17732,-0.01239265,2.220699945784959
-39.18568,-0.01242336,2.220347780107427
-39.19406,-0.01244847,2.2199949227000215
-39.20239,-0.01245579,2.2196443201549703
-39.21059,-0.0124333,2.21929933469504
-39.21883,-0.01241354,2.2189528116978505
-39.22716,-0.0124104,2.2186026518361257
-39.23557,-0.01240813,2.2182492799263525
-39.24393,-0.01240505,2.217898159027396
-39.25215,-0.01239589,2.217553063972292
-39.26042,-0.01238448,2.2172060156259152
-39.26878,-0.01236961,2.2168553390250474
-39.27722,-0.01236423,2.216501458097085
-39.2856,-0.01236295,2.216150243346162
-39.29395,-0.01235877,2.2158004349270053
-39.30229,-0.01235284,2.215451193810844
-39.31062,-0.01235044,2.2151025193700837
-39.31899,-0.01234972,2.214752319426313
-39.32719,-0.01233402,2.2144093768204645
-39.33551,-0.01230566,2.214061561677985
-39.3439,-0.01229966,2.2137109691718413
-39.35227,-0.01231264,2.213361361364923
-39.36061,-0.01228889,2.2130131545217413
-39.36893,-0.01227089,2.212665929706497
-39.3773,-0.01227918,2.212316766258733
-39.38561,-0.01227603,2.211970252587176
-39.39394,-0.01226433,2.2116230516673374
-39.40228,-0.01226349,2.2112755810069875
-39.41075,-0.01226239,2.210922844655329
-39.41882,-0.01224687,2.2105869074721163
-39.4274,-0.01225587,2.210229890888063
-39.43576,-0.01226318,2.2098821780029088
-39.44397,-0.01224873,2.209540847434982
-39.45235,-0.01223418,2.2091925956248484
-39.46068,-0.01222977,2.2088465682801206
-39.46904,-0.01223181,2.2084994415876342
-39.47746,-0.01224186,2.2081499721613294
-39.48572,-0.01224037,2.207807288305747
-39.49403,-0.01224075,2.207462674738435
-39.50244,-0.01224807,2.2071140618149157
-39.51076,-0.01224149,2.206769325621679
-39.51914,-0.01226201,2.2064222500793287
-39.52748,-0.01229112,2.206076977333238
-39.53578,-0.01232235,2.205733505194535
-39.54411,-0.01235326,2.205388936557176
-39.55246,-0.01237589,2.205043686283988
-39.56075,-0.01238421,2.204701061026396
-39.56906,-0.01238789,2.204357753254689
-39.57747,-0.01240675,2.2040104610021816
-39.58569,-0.01242293,2.20367115743088
-39.59395,-0.01242469,2.2033303446612424
-39.60216,-0.0124031,2.20299173580431
-39.61035,-0.01238117,2.2026540916704853
-39.61868,-0.01236901,2.2023108190378884
-39.62705,-0.01236114,2.201966043397124
-39.63545,-0.01236463,2.2016201784009013
-39.64381,-0.01237403,2.201276105904049
-39.65216,-0.01236517,2.2009325898009084
-39.66042,-0.01233772,2.2005929185823043
-39.66882,-0.0123369,2.200247635296437
-39.67719,-0.01234432,2.199903730581727
-39.6855,-0.01235003,2.1995624346423757
-39.69388,-0.01235735,2.1992184084800983
-39.70221,-0.01235583,2.1988765789108466
-39.71051,-0.01234762,2.1985361230565914
-39.71884,-0.01232993,2.1981945797007163
-39.72725,-0.01232763,2.197849901515962
-39.73557,-0.01233961,2.197509055488571
-39.74387,-0.01233263,2.1971691709941683
-39.7522,-0.01230568,2.196828200703357
-39.76048,-0.01227486,2.196489418638809
-39.76889,-0.01225294,2.1961454619427396
-39.77722,-0.01221967,2.1958049205047514
-39.78569,-0.01219311,2.1954588018958576
-39.79398,-0.01215783,2.195120181494789
-39.80226,-0.01210822,2.1947821103625773
-39.8107,-0.01208125,2.1944376511842294
-39.81911,-0.01205862,2.194094561631337
-39.82748,-0.01203064,2.1937532477575785
-39.83594,-0.01203455,2.1934084095919415
-39.84438,-0.01205133,2.1930645325639397
-39.85271,-0.01205151,2.19272528016288
-39.86112,-0.01206329,2.1923829134755874
-39.86948,-0.01207366,2.1920427254130224
-39.87781,-0.01209378,2.19170389998849
-39.88622,-0.0121359,2.191361964106902
-39.8945,-0.01216307,2.191025454636604
-39.90277,-0.01217865,2.1906894909802004
-39.9111,-0.01219726,2.190351230610031
-39.91942,-0.01221175,2.1900135172304607
-39.92775,-0.01225154,2.1896755389422142
-39.93605,-0.01227697,2.189338918095305
-39.94426,-0.01229183,2.1890060849794186
-39.95255,-0.0123191,2.1886701474624273
-39.96086,-0.01234734,2.188333539368272
-39.96919,-0.01238318,2.1879962616205133
-39.97746,-0.01241537,2.1876615522847125
-39.98581,-0.01244768,2.1873237455987513
-39.99403,-0.01247827,2.1869913359568915
-40.00232,-0.01249687,2.1866562339384314
-40.01064,-0.01250212,2.186320058864342
-40.01881,-0.01249294,2.1859900806645673
-40.02719,-0.01248877,2.1856517607156536
-40.03539,-0.01247055,2.18532084488249
-40.04367,-0.01244735,2.184986838119483
-40.05203,-0.01242926,2.184649744345043
-40.06021,-0.01240051,2.1843200447526363
-40.0686,-0.01237902,2.1839820208342693
-40.07695,-0.01236883,2.1836457489903798
-40.08539,-0.01235843,2.183305995027116
-40.09372,-0.01231958,2.182970809393591
-40.10213,-0.01230399,2.182632545952048
-40.11055,-0.01231412,2.182294022395604
-40.11893,-0.01229907,2.181957248112051
-40.12723,-0.01227978,2.1816238275106454
-40.13561,-0.01226898,2.1812873331188936
-40.14394,-0.0122497,2.1809529856810266
-40.15231,-0.01222865,2.1806171724615595
-40.16086,-0.01223273,2.1802742819750374
-40.1691,-0.01222051,2.1799439619010634
-40.17743,-0.01219582,2.179610171680966
-40.18588,-0.01220287,2.179271714343446
-40.19417,-0.01220853,2.1789398039566437
-40.20255,-0.01221169,2.1786044293210254
-40.21089,-0.01222239,2.178270794304727
-40.2193,-0.01222647,2.177934499108637
-40.22768,-0.01222083,2.177599543398973
-40.23607,-0.01221497,2.17726432775368
-40.24434,-0.01219914,2.176934043395916
-40.25267,-0.01218442,2.1766014999750327
-40.26097,-0.01218508,2.1762702910535934
-40.26923,-0.01217683,2.175940813867064
-40.27756,-0.01217703,2.1756086813600426
-40.28597,-0.01218996,2.175273498441269
-40.29437,-0.01220389,2.1749388537406094
-40.30278,-0.01223145,2.1746039503974663
-40.31116,-0.01224433,2.1742703807084687
-40.3195,-0.01225159,2.1739385409045253
-40.32777,-0.01225338,2.1736096218561056
-40.33606,-0.01224895,2.1732800427210788
-40.34439,-0.01224898,2.1729490097631916
-40.35266,-0.01225803,2.1726204963935465
-40.36101,-0.01227572,2.1722889417286635
-40.36926,-0.0122745,2.171961492482151
-40.37758,-0.01227116,2.1716314003959623
-40.38599,-0.0122896,2.171297875822779
-40.39432,-0.01229845,2.1709676607998354
-40.40262,-0.01230972,2.1706387704559753
-40.41098,-0.01233593,2.1703076391614355
-40.41928,-0.01234158,2.169979019913269
-40.42748,-0.01232426,2.169654492439301
-40.43582,-0.01232162,2.1693245592645334
-40.44418,-0.01233598,2.168993971444099
-40.45244,-0.01233999,2.1686674722217
-40.4608,-0.01235216,2.168337155963303
-40.46916,-0.01237209,2.1680069761764265
-40.47745,-0.01237795,2.167679695731821
-40.48567,-0.01237926,2.1673553111508346
-40.49403,-0.01237355,2.1670255368507405
-40.50247,-0.01236738,2.1666927449116065
-40.5108,-0.01237549,2.1663644262764494
-40.51909,-0.01237063,2.16603781822346
-40.52744,-0.01236437,2.1657089813716337
-40.53568,-0.01235265,2.1653846093120923
-40.54401,-0.01232391,2.1650568283699614
-40.55232,-0.01228676,2.1647299685936585
-40.56061,-0.01226086,2.16440402893349
-40.569,-0.01226828,2.1640742931795214
-40.57752,-0.01228534,2.1637395878308974
-40.58579,-0.01227506,2.1634148380504605
-40.59419,-0.01226497,2.1630851188310447
-40.60248,-0.0122654,2.1627598511223947
-40.61087,-0.01226741,2.1624307950063617
-40.61931,-0.01228186,2.1620999150404083
-40.62772,-0.01229358,2.1617703479299357
-40.63599,-0.01228781,2.1614464001000098
-40.64426,-0.01227609,2.161122584099206
-40.65256,-0.0122728,2.160797725899673
-40.66097,-0.01228338,2.160468697623298
-40.66924,-0.01228409,2.1601452793315046
-40.67754,-0.012271,2.1598208200397564
-40.68585,-0.01226392,2.1594961024533097
-40.69421,-0.01226367,2.1591695649086198
-40.70258,-0.01226494,2.158842771146203
-40.71089,-0.0122702,2.1585184529250037
-40.71924,-0.01227651,2.1581927069365734
-40.72751,-0.01227858,2.1578702135239793
-40.73587,-0.01229635,2.1575443435969333
-40.7442,-0.01231333,2.157219776066287
-40.75259,-0.01230666,2.156893004837239
-40.76086,-0.01228524,2.156571038982004
-40.7692,-0.01227683,2.156246480186023
-40.77753,-0.01227319,2.155922443070976
-40.78583,-0.01227731,2.15559970460329
-40.79413,-0.01225814,2.1552770974647575
-40.80228,-0.01220847,2.1549604482886737
-40.81073,-0.01220993,2.154632276854641
-40.81921,-0.01225164,2.154303076909132
-40.82752,-0.01227898,2.1539806091577445
-40.83589,-0.01229693,2.1536559457869044
-40.84415,-0.01230145,2.1533356796505743
-40.85242,-0.01230384,2.153015155528118
-40.86098,-0.01233991,2.1526835283931027
-40.86925,-0.01237418,2.152363268227335
-40.87746,-0.01238506,2.152045459771718
-40.88579,-0.01239649,2.1517231365714102
-40.89407,-0.01240621,2.151402878216817
-40.90237,-0.01241892,2.151081976423371
-40.91069,-0.01243293,2.1507604320533336
-40.91908,-0.01241747,2.1504363147949563
-40.92732,-0.01239211,2.150118121587243
-40.93564,-0.01237504,2.1497969690958785
-40.94394,-0.01234929,2.149476718654824
-40.95227,-0.0123306,2.149155441200207
-40.9606,-0.01231637,2.1488342944195153
-40.96887,-0.01230082,2.14851559000773
-40.97731,-0.01229859,2.148190466870568
-40.98578,-0.01229656,2.1478643226992387
-40.99411,-0.01226914,2.1475437007901865
-41.00247,-0.01225217,2.147222055159116
-41.01085,-0.01224011,2.146899771645796
-41.01924,-0.01222942,2.146577235463163
-41.02756,-0.01221765,2.146257520554476
-41.03587,-0.0122123,2.1459383193289185
-41.04419,-0.01221939,2.145618863473734
-41.0526,-0.01223625,2.14529608356109
-41.06097,-0.01225262,2.1449749701480507
-41.06934,-0.01226041,2.14465398762191
-41.07768,-0.01226362,2.144334285675335
-41.08609,-0.01227403,2.144012031809306
-41.09436,-0.01228058,2.1436952710785615
-41.10269,-0.01228654,2.1433763410618623
-41.11095,-0.01228344,2.143060218749506
-41.11916,-0.01227897,2.142746135864643
-41.12743,-0.01227806,2.142429884386163
-41.13583,-0.01227344,2.1421087917759287
-41.14418,-0.01226729,2.1417897403715425
-41.1525,-0.01227001,2.1414719640362065
-41.16083,-0.01226879,2.1411539344566184
-41.16921,-0.01227278,2.1408341257944956
-41.17751,-0.01228541,2.1405174985082875
-41.18581,-0.01229102,2.1402009988391635
-41.19409,-0.01228349,2.139885388899233
-41.20244,-0.01227093,2.139567239221755
-41.21083,-0.01228062,2.1392476953266897
-41.21921,-0.01228767,2.1389286621456356
-41.22748,-0.01228685,2.1386139439034353
-41.23592,-0.01228628,2.1382928863961324
-41.24416,-0.01227304,2.1379795636521632
-41.25247,-0.01225187,2.1376637059550614
-41.26077,-0.01225138,2.137348355350615
-41.26909,-0.01224839,2.1370323721700673
-41.2775,-0.01224066,2.1367131003573374
-41.28584,-0.01223593,2.136396614432454
-41.29422,-0.01223212,2.1360787393489935
-41.30251,-0.01221322,2.1357644051172677
-41.3109,-0.01219684,2.1354464076067092
-41.31924,-0.01218415,2.1351304331831855
-41.32767,-0.01218586,2.134811178563902
-41.33592,-0.01217899,2.134498866845107
-41.34421,-0.01216121,2.134185166435639
-41.35262,-0.01216274,2.133867053647387
-41.36096,-0.0121652,2.1335517164011666
-41.36932,-0.01216953,2.133235750551375
-41.37773,-0.01217593,2.132918023777525
-41.38609,-0.01218779,2.132602313965876
-41.39453,-0.01220787,2.1322837123648943
-41.40283,-0.01222195,2.131970522304876
-41.4111,-0.01221932,2.13165858912224
-41.41948,-0.01222581,2.13134263394905
-41.42783,-0.01225116,2.1310279370172176
-41.43614,-0.01227217,2.1307148735379307
-41.44443,-0.0122896,2.130402688612197
-41.45271,-0.0123003,2.130091004906555
-41.46111,-0.01230722,2.1297749312548557
-41.46938,-0.01230591,2.129463874309189
-41.47769,-0.01231569,2.129151437797042
-41.48605,-0.01234098,2.1288372477013358
-41.4944,-0.01235591,2.1285235598056604
-41.50258,-0.01235084,2.128216380764762
-41.51088,-0.01234218,2.1279048191702996
-41.51917,-0.01233428,2.1275937572933175
-41.5275,-0.01234959,2.127281319607489
-41.53589,-0.01236041,2.1269667581457865
-41.54425,-0.01235306,2.1266534478297237
-41.55252,-0.01233489,2.126343634513623
-41.56078,-0.01231882,2.1260343188939186
-41.56908,-0.01230446,2.125723629197471
-41.57744,-0.01228978,2.1254108189441197
-41.58577,-0.01227806,2.1250992563081073
-41.5941,-0.01226496,2.1247878184646383
-41.60233,-0.012236,2.1244802418518387
-41.61078,-0.01221726,2.124164569854254
-41.61922,-0.01223062,2.1238493993880714
-41.62753,-0.0122454,2.1235392083075793
-41.63586,-0.01222946,2.1232283949460875
-41.64426,-0.01222775,2.1229150956218215
-41.65262,-0.01222677,2.122603413662814
-41.66101,-0.01221905,2.1222907389907255
-41.66931,-0.01222337,2.121981542290957
-41.6777,-0.01223551,2.121669118017549
-41.68611,-0.012249,2.121356075201068
-41.69426,-0.01224699,2.1210528307733485
-41.70265,-0.01225384,2.1207407802621656
-41.71103,-0.01226753,2.1204292269934357
-41.71935,-0.01226939,2.120120028236298
-41.72771,-0.01226541,2.1198094671382637
-41.73608,-0.0122601,2.119498659193676
-41.74437,-0.01226295,2.119190944790878
-41.75264,-0.01225625,2.1188840945147422
-41.76102,-0.01225102,2.1185732867635894
-41.76924,-0.01224162,2.1182685344526258
-41.77754,-0.01221812,2.1179609378627844
-41.78589,-0.01220732,2.117651611584676
-41.79425,-0.01220756,2.1173420386775694
-41.80257,-0.01222377,2.11703406991484
-41.81105,-0.01225761,2.1167203047998076
-41.81926,-0.01225868,2.116416651083735
-41.82762,-0.01225522,2.1161075719823406
-41.83594,-0.01226594,2.115800094368622
-41.84428,-0.01228439,2.1154920003403093
-41.85265,-0.0123107,2.115182921511541
-41.86099,-0.01232153,2.1148750734275517
-41.86932,-0.01231607,2.1145677168867323
-41.87761,-0.01230268,2.1142619576427597
-41.8858,-0.01228226,2.11396000553887
-41.8942,-0.0122838,2.113650433711588
-41.90259,-0.01229783,2.1133413543172392
-41.91083,-0.01229789,2.1130379212246573
-41.91908,-0.01228841,2.112734239396475
-41.92745,-0.01229148,2.1124262625082135
-41.93581,-0.01231516,2.1121187762916707
-41.94426,-0.01234068,2.1118081043747106
-41.95259,-0.01236404,2.111501966863071
-41.961,-0.01237974,2.1111930125592813
-41.96927,-0.01238227,2.1108893221159195
-41.97759,-0.0123846,2.1105839163229714
-41.9859,-0.01238407,2.110278998425662
-41.99426,-0.01236991,2.1099723676521505
-42.00252,-0.01235741,2.1096695245904296
-42.01079,-0.01234759,2.109366434194644
-42.01914,-0.01234453,2.1090605328904877
-42.02741,-0.01233148,2.108757682188838
-42.03581,-0.01232668,2.1084501928236903
-42.04411,-0.01232835,2.108146484727587
-42.05246,-0.01233426,2.107841068037399
-42.06087,-0.0123425,2.107533579310176
-42.06931,-0.01235866,2.107225117312359
-42.07758,-0.01236989,2.1069229884418257
-42.08592,-0.01236455,2.106618422503298
-42.09419,-0.01236204,2.106316532043971
-42.10259,-0.01238235,2.106010017435982
-42.11096,-0.01239105,2.105704719151499
-42.11925,-0.01238368,2.1054024584958184
-42.12755,-0.01237017,2.1050999524064418
-42.1358,-0.01236407,2.104799386744763
-42.14414,-0.01236302,2.104495661793075
-42.15244,-0.01235508,2.104193512878495
-42.16083,-0.01236114,2.103888208557564
-42.16914,-0.01235865,2.1035859351174815
-42.1774,-0.01233647,2.1032855984484584
-42.18578,-0.01233218,2.1029810187224225
-42.19417,-0.01233086,2.1026761967352363
-42.20256,-0.01232556,2.1023714959471653
-42.2108,-0.01231122,2.102072360628086
-42.21919,-0.01228528,2.101767899857861
-42.22746,-0.01225889,2.1014679121121658
-42.23583,-0.01223957,2.101164416562904
-42.24417,-0.01222813,2.1008621284309763
-42.25249,-0.01221699,2.100560684115895
-42.26077,-0.01220426,2.1002608068901725
-42.26923,-0.01220854,2.099954531937298
-42.27756,-0.01221673,2.099653083101295
-42.28595,-0.01222241,2.0993495830175273
-42.29436,-0.01224418,2.099045480295718
-42.3028,-0.01226292,2.0987404143460955
-42.31108,-0.01227241,2.0984412499042806
-42.31941,-0.01228093,2.0981403970423975
-42.32782,-0.01229548,2.0978367749626603
-42.33608,-0.01230675,2.0975386856789764
-42.34436,-0.01230624,2.0972399913471356
-42.35262,-0.01231962,2.0969421348667447
-42.36095,-0.01234084,2.0966418718182664
-42.36919,-0.01233564,2.0963449690683253
-42.37756,-0.01232631,2.096043500380862
-42.38586,-0.01233102,2.0957446705104013
-42.3942,-0.01233868,2.0954445183539256
-42.40254,-0.01233808,2.0951444842691025
-42.41083,-0.01233707,2.0948463658928627
-42.41921,-0.01233932,2.094545129435461
-42.42746,-0.01232201,2.0942486823392206
-42.43572,-0.0122925,2.0939519913883866
-42.44414,-0.01228486,2.093649672251576
-42.45253,-0.01227961,2.0933485495446322
-42.46086,-0.01226041,2.093049698004233
-42.46915,-0.01223925,2.092752397917076
-42.47748,-0.01221364,2.092453780214834
-42.48586,-0.01218115,2.0921534882429116
-42.49417,-0.01215671,2.0918558216338856
-42.50261,-0.01216631,2.0915536175307823
-42.51096,-0.01217523,2.0912547540681277
-42.51935,-0.01218155,2.090954577151344
-42.52779,-0.01220559,2.0906527308378826
-42.53609,-0.01222484,2.0903560082743855
-42.54446,-0.01223866,2.0900569004754086
-42.55289,-0.01226601,2.0897557674696126
-42.56128,-0.01229473,2.0894561817689694
-42.56946,-0.01230909,2.0891642083315127
-42.57779,-0.01231759,2.0888669961498705
-42.58611,-0.0123348,2.0885702568278717
-42.5943,-0.0123363,2.0882782672798945
-42.60254,-0.01232906,2.0879846084294504
-42.61093,-0.01235167,2.0876857205416544
-42.61922,-0.01241212,2.0873905106663146
-42.62753,-0.01246537,2.0870947038216854
-42.63582,-0.01245935,2.086799723800316
-42.64414,-0.01243827,2.0865037916112272
-42.65247,-0.01244152,2.0862076193946093
-42.66074,-0.0124293,2.0859136948866803
-42.66884,-0.01236042,2.085625922804557
-42.67709,-0.01230497,2.0853329338996636
-42.68558,-0.01229355,2.0850315399251924
-42.694,-0.01228913,2.084732749332459
-42.70233,-0.01225718,2.084437268411349
-42.71066,-0.01222482,2.084141902747464
-42.71912,-0.01220366,2.083842045435393
-42.7274,-0.01217132,2.083548683046476
-42.73581,-0.01214673,2.0832508310945785
-42.74414,-0.01215095,2.0829559279938725
-42.75258,-0.01215048,2.0826572478198977
-42.76094,-0.01213869,2.0823615149713737
-42.76939,-0.01213243,2.0820627158816154
-42.77773,-0.01215906,2.081767922234303
-42.78615,-0.01219543,2.0814704174131116
-42.79445,-0.01222003,2.081177267145623
-42.80277,-0.01224739,2.0808835245943196
-42.81111,-0.01229556,2.0805891905162
-42.81953,-0.0123415,2.080292149400052
-42.82794,-0.0123976,2.0799955776532797
-42.83609,-0.0124327,2.079708285700212
-42.84438,-0.0124486,2.0794161708023315
-42.85262,-0.01246114,2.0791259297564535
-42.86092,-0.01246131,2.078833688124287
-42.8691,-0.01246033,2.0785457823933786
-42.87753,-0.01247898,2.078249192525782
-42.88571,-0.01249677,2.0779615097896245
-42.89401,-0.01249454,2.0776697189187954
-42.9023,-0.01249119,2.077378392300646
-42.91068,-0.01251586,2.0770840173122402
-42.91902,-0.01254037,2.0767911615875665
-42.92735,-0.01252489,2.0764987705973
-42.93562,-0.01250682,2.076208597896106
-42.94391,-0.01249372,2.075917835613944
-42.95221,-0.01249066,2.075626835033634
-42.9606,-0.0124684,2.0753327933036316
-42.96881,-0.01241058,2.075045171136925
-42.97716,-0.01237486,2.0747527570458355
-42.9856,-0.01237678,2.074457306632919
-42.99399,-0.01237705,2.0741637214875848
-43.0023,-0.01235094,2.0738730486508863
-43.01059,-0.01230939,2.073583187303406
-43.01892,-0.01228253,2.073292039874548
-43.02745,-0.01227181,2.0729940189344243
-43.03581,-0.01224407,2.072702052081743
-43.04408,-0.01221368,2.072413339999368
-43.05246,-0.01220159,2.0721209008730277
-43.06088,-0.01219984,2.071827180494221
-43.06921,-0.01219733,2.071536712653889
-43.07762,-0.0122115,2.0712435691665414
-43.08601,-0.01223563,2.070951236839986
-43.0945,-0.01225901,2.0706555360892924
-43.10283,-0.01226012,2.070365521243037
-43.1111,-0.01224266,2.0700777062055944
-43.11939,-0.01222663,2.069789305924782
-43.12772,-0.01221209,2.0694996257627345
-43.13599,-0.01219701,2.069212142806969
-43.14426,-0.01220521,2.0689247700621123
-43.15263,-0.01222108,2.06863403458839
-43.16101,-0.01223867,2.068343064724389
-43.1694,-0.01227286,2.0680518608088136
-43.17777,-0.01230417,2.067761463827335
-43.18616,-0.01234179,2.067470485914932
-43.19446,-0.01236834,2.067182740564415
-43.20277,-0.01237342,2.066894759294369
-43.21097,-0.01236483,2.066610698625835
-43.21935,-0.01237042,2.0663205138439147
-43.2276,-0.01237944,2.0660349406397764
-43.23589,-0.0123899,2.0657480926147236
-43.24423,-0.01239521,2.065459625480671
-43.25244,-0.01237573,2.0651757634944987
-43.26073,-0.01235613,2.0648892448185685
-43.26904,-0.0123335,2.0646021450903467
-43.27744,-0.01232777,2.064312048032416
-43.28581,-0.01233879,2.0640230990248307
-43.29411,-0.01234369,2.063736676882837
-43.3024,-0.01232925,2.0634507094295005
-43.31073,-0.01230794,2.0631634724235774
-43.31911,-0.01230554,2.0628746227704124
-43.32747,-0.01231448,2.0625865738294897
-43.33588,-0.01231841,2.0622969142428857
-43.3443,-0.01232467,2.0620070228380665
-43.35259,-0.01232939,2.061721717203055
-43.36089,-0.01233322,2.0614361767020926
-43.36919,-0.01233007,2.06115074549467
-43.37758,-0.01233617,2.0608623302636984
-43.38594,-0.01235386,2.060575057265096
-43.39424,-0.0123532,2.060289955533269
-43.40251,-0.01234943,2.060005992740973
-43.41084,-0.01235856,2.0597200791323087
-43.41924,-0.01236555,2.059431873980291
-43.42752,-0.01236915,2.0591478951595668
-43.43578,-0.01237185,2.0588647101537028
-43.44411,-0.01236668,2.05857923433119
-43.45245,-0.01236733,2.058293525451384
-43.46072,-0.01235809,2.0580103228846647
-43.46906,-0.01235594,2.0577248323290176
-43.47745,-0.01236269,2.057437740713864
-43.4857,-0.01235888,2.057155547685791
-43.4941,-0.01235362,2.0568683338659723
-43.5024,-0.01234292,2.0565846482033177
-43.51061,-0.01231285,2.056304145126901
-43.51904,-0.01229362,2.0560162356522573
-43.52736,-0.01228207,2.055732192349823
-43.53575,-0.01226677,2.055445869199451
-43.54416,-0.01226408,2.055158974245915
-43.55241,-0.01225968,2.0548776451176867
-43.56081,-0.012242,2.0545913104003346
-43.56917,-0.01224017,2.054306448803133
-43.57755,-0.01224776,2.054021015408163
-43.58601,-0.01224602,2.053732968445609
-43.59435,-0.01224963,2.0534491166859925
-43.60271,-0.01225102,2.053164693203702
-43.6111,-0.01225693,2.052879358695378
-43.61945,-0.01225856,2.0525954935241044
-43.62772,-0.01224906,2.0523144551216523
-43.63611,-0.0122524,2.0520294476294976
-43.64435,-0.01225442,2.051749642279012
-43.65266,-0.01226066,2.0514675669249023
-43.66112,-0.01229669,2.051180510257181
-43.66939,-0.01232313,2.050900007991868
-43.67775,-0.01232995,2.0506165610636993
-43.68605,-0.01235186,2.050335255762423
-43.6944,-0.01238878,2.050052363689626
-43.70271,-0.01243088,2.0497709341136967
-43.71104,-0.01245683,2.049488934603249
-43.71932,-0.01246988,2.0492087342621064
-43.72749,-0.01247105,2.048932360398459
-43.73573,-0.01246722,2.048653723168677
-43.7441,-0.01249009,2.048370797433254
-43.7524,-0.01250021,2.04809034475823
-43.76062,-0.012488,2.0478127000942856
-43.76888,-0.01248142,2.047533809409791
-43.77722,-0.01246621,2.047252324382407
-43.78557,-0.01245221,2.046970609266934
-43.79388,-0.01244826,2.0466903503411893
-43.80226,-0.01244169,2.0464078383170183
-43.81059,-0.01242945,2.0461271190367443
-43.81894,-0.01242458,2.045845832875008
-43.82733,-0.01242042,2.045563307187547
-43.8356,-0.01240403,2.045284928231848
-43.84398,-0.01240342,2.045002953655211
-43.85242,-0.01239055,2.0447190690958448
-43.86076,-0.01236961,2.0444386554177356
-43.86911,-0.01236181,2.0441580123234777
-43.87741,-0.01235763,2.0438791555837046
-43.8858,-0.01235006,2.0435973822967792
-43.89412,-0.01234013,2.0433180662922505
-43.90245,-0.01233004,2.0430385206292585
-43.91084,-0.01230551,2.0427570686418206
-43.91913,-0.01227764,2.042479076885175
-43.92751,-0.01226204,2.0421981737640036
-43.93596,-0.0122451,2.04191503269759
-43.94424,-0.01223994,2.0416376935862357
-43.95256,-0.01223571,2.041359119923845
-43.96086,-0.01222342,2.0410813209750676
-43.96922,-0.01222592,2.0408016198604386
-43.97762,-0.01225212,2.040520687567904
-43.98599,-0.01227527,2.0402408653300745
-43.99432,-0.01229158,2.039962486066383
-44.00281,-0.01232246,2.039678868235915
-44.01108,-0.01233267,2.0394027049552066
-44.0193,-0.01232557,2.039128314171284
-44.02763,-0.01233759,2.038850356015075
-44.03598,-0.01234438,2.038571836030446
-44.04416,-0.01232745,2.038299088914399
-44.05251,-0.01231124,2.0380207779307016
-44.06079,-0.01229861,2.0377449042561424
-44.06914,-0.01228545,2.0374668033004504
-44.07753,-0.01228003,2.0371874762492364
-44.08592,-0.01229173,2.036908255515593
-44.09422,-0.01229674,2.0366321345518754
-44.10252,-0.01229137,2.0363561175189084
-44.11092,-0.01230309,2.036076880736108
-44.11932,-0.01232003,2.0357977502826428
-44.12772,-0.01233307,2.035518726097791
-44.13606,-0.01236599,2.0352418000156787
-44.14441,-0.01237485,2.0349646467129134
-44.1527,-0.01238241,2.0346895886321787
-44.16094,-0.01238861,2.034416291863353
-44.16933,-0.01240097,2.0341381248028894
-44.17761,-0.01241361,2.0338637083355118
-44.18588,-0.01240194,2.0335897259486515
-44.19424,-0.01239584,2.033312866111059
-44.20255,-0.01240128,2.0330377659207444
-44.21083,-0.01238876,2.032763761729875
-44.2191,-0.01237531,2.032490190890362
-44.22748,-0.01237096,2.0322130856200715
-44.2357,-0.01235528,2.0319413731443157
-44.24406,-0.01234509,2.031665136517761
-44.25234,-0.01233798,2.0313916461818744
-44.26068,-0.01233015,2.0311162774724654
-44.2691,-0.01233828,2.0308383725894585
-44.27744,-0.01235449,2.030563212326639
-44.28575,-0.0123503,2.030289144928109
-44.29416,-0.01235021,2.0300118841851837
-44.30251,-0.01235212,2.0297367056629523
-44.31087,-0.01235352,2.0294613014820064
-44.31918,-0.01235615,2.0291876474248847
-44.32753,-0.01236128,2.0289127794848936
-44.3358,-0.01236517,2.0286406470617426
-44.34422,-0.01237268,2.028363683023402
-44.35239,-0.01236235,2.0280950429052416
-44.36075,-0.01235257,2.0278202577729183
-44.36911,-0.01234749,2.027545576190282
-44.37747,-0.01236022,2.02727099809881
-44.38579,-0.01237685,2.026997836469735
-44.39418,-0.01237942,2.026722480289083
-44.40247,-0.01236766,2.026450508271274
-44.41072,-0.01235431,2.0261799493455634
-44.41913,-0.01235343,2.025904246661292
-44.42743,-0.01235669,2.0256322524170316
-44.43573,-0.01236495,2.0253603597825443
-44.4442,-0.0124061,2.0250830029565163
-44.45247,-0.01240465,2.0248122972694205
-44.46071,-0.01237492,2.024542673744976
-44.46913,-0.01238584,2.024267263605112
-44.47752,-0.01241148,2.023992938455202
-44.48583,-0.01242441,2.023721331039569
-44.4942,-0.01242986,2.0234478651150036
-44.50247,-0.01242652,2.0231777674362794
-44.51064,-0.01239321,2.0229110343055052
-44.51904,-0.01238499,2.022636894236713
-44.52744,-0.01241536,2.022362857599718
-44.53574,-0.01242821,2.022092184838514
-44.54404,-0.01241177,2.0218216129475457
-44.55232,-0.01238537,2.0215517934868488
-44.56065,-0.01236555,2.021280445864232
-44.56902,-0.0123711,2.0210078974139436
-44.57742,-0.01238143,2.020734474987561
-44.58574,-0.01236753,2.0204637581432987
-44.59398,-0.01235176,2.020195743909828
-44.60228,-0.01232557,2.0199258782286464
-44.6107,-0.01230219,2.0196522134824155
-44.6191,-0.01230486,2.019379301689187
-44.62753,-0.01232971,2.0191055184994555
-44.63573,-0.0123157,2.0188393042972526
-44.6441,-0.01229501,2.018567671876015
-44.65254,-0.0123043,2.0182938708525873
-44.66078,-0.01229784,2.018026657841623
-44.66924,-0.01231683,2.0177524130699336
-44.67763,-0.01234968,2.017480540037598
-44.68596,-0.01236446,2.017210712268462
-44.69423,-0.01236601,2.0169429275322566
-44.70258,-0.01238094,2.016672652898334
-44.71097,-0.01240985,2.016401185212488
-44.7193,-0.01242465,2.01613175966529
-44.72762,-0.01243417,2.015862757732247
-44.73584,-0.01242462,2.0155970872571074
-44.74417,-0.01242441,2.0153279611623147
-44.75246,-0.01242764,2.0150602268568027
-44.76071,-0.0124191,2.01479388284949
-44.76904,-0.01242106,2.014525055708141
-44.77728,-0.01241765,2.014259231467387
-44.7856,-0.01241996,2.0139909256546744
-44.79396,-0.01241991,2.013721430299978
-44.80235,-0.01243815,2.0134510689729446
-44.81064,-0.01245061,2.013184029507278
-44.81896,-0.01245905,2.0129161229979458
-44.82732,-0.01247294,2.0126470286423546
-44.83563,-0.01246828,2.0123796431543393
-44.84396,-0.01242788,2.01211171359532
-44.85228,-0.0123785,2.0118442050214616
-44.86058,-0.01236099,2.01157743836571
-44.86891,-0.0123625,2.0113098067236312
-44.87718,-0.01235088,2.0110442010839362
-44.88561,-0.01232875,2.0107735574942613
-44.89395,-0.01231622,2.0105059033566883
-44.90253,-0.01232091,2.0102306507005285
-44.91094,-0.01233818,2.009960953834411
-44.91916,-0.01235727,2.0096974475925196
-44.92746,-0.0123633,2.009431474648244
-44.93578,-0.01238463,2.0091649594154144
-44.94415,-0.01241186,2.0088969420936875
-44.95252,-0.01244301,2.008629024579712
-44.96106,-0.01249444,2.0083557683026156
-44.96922,-0.01253238,2.008094767932377
-44.97748,-0.0125444,2.0078306654797022
-44.98576,-0.01255049,2.0075660208919444
-44.99394,-0.01254551,2.0073046681397537
-45.00234,-0.01255234,2.00703638521908
-45.01064,-0.01255457,2.0067713944969454
-45.01892,-0.0125487,2.0065071396648344
-45.02721,-0.01252889,2.0062426630475216
-45.03546,-0.0124888,2.005979559218447
-45.04379,-0.01245998,2.00571400186352
-45.05216,-0.01245676,2.005447268233088
-45.06046,-0.01245323,2.005182863202018
-45.06888,-0.0124616,2.0049147349568037
-45.07713,-0.01245457,2.0046521173819185
-45.08553,-0.01243442,2.004384823689552
-45.09396,-0.01242874,2.0041166754926825
-45.10228,-0.01242391,2.003852124548914
-45.1106,-0.01239518,2.0035876711903633
-45.1189,-0.01235649,2.003323950716884
-45.12718,-0.01233233,2.003060962373452
-45.13547,-0.01227682,2.002797753075353
-45.14386,-0.01224966,2.0025314671806975
-45.1523,-0.01225183,2.0022636942082683
-45.16065,-0.01224665,2.001998875126908
-45.16904,-0.01223294,2.0017328860653225
-45.17749,-0.01222306,2.0014650946743613
-45.18591,-0.01222658,2.0011983536460813
-45.19424,-0.01223381,2.000934561572448
-45.20253,-0.01225185,2.0006721327323933
-45.21086,-0.01232036,2.000408534586602
-45.21933,-0.01242491,2.0001406057984497
-45.22774,-0.01252154,1.999874674259647
-45.23599,-0.01256531,1.9996138981373015
-45.24426,-0.01258989,1.999352585278221
-45.25237,-0.01260357,1.9990964208062474
-45.26056,-0.01259445,1.9988378225987482
-45.26883,-0.01257181,1.9985767933476524
-45.27721,-0.01256741,1.9983123893897172
-45.28555,-0.01256733,1.9980493446585057
-45.29381,-0.01252044,1.9977889186182396
-45.30214,-0.01246776,1.9975263817559168
-45.31052,-0.01246111,1.9972623664438194
-45.31891,-0.01245097,1.9969981338915699
-45.32726,-0.01241215,1.9967352582088571
-45.33565,-0.01240689,1.9964712207721735
-45.34407,-0.01239218,1.9962063374549306
-45.35236,-0.01238081,1.9959456398740882
-45.36075,-0.01237728,1.9956818945894854
-45.36923,-0.01239259,1.995415419216945
-45.37743,-0.01238644,1.9951578372772545
-45.38585,-0.01237594,1.9948934414580757
-45.3942,-0.01238114,1.9946313405677376
-45.40257,-0.01240443,1.9943687086435857
-45.41098,-0.01243183,1.99410491911868
-45.41925,-0.01243724,1.9938456161209182
-45.42752,-0.0124255,1.9935864075344636
-45.43582,-0.0124026,1.9933263535245982
-45.44414,-0.01238376,1.99306576821566
-45.45253,-0.01237642,1.9928030870888813
-45.46089,-0.01237119,1.9925414416655722
-45.46913,-0.01234654,1.992283646069322
-45.47734,-0.01230442,1.992026881959235
-45.48573,-0.01228139,1.991764584189371
-45.4941,-0.01226329,1.9915030080823666
-45.50253,-0.01224714,1.9912396541467037
-45.51088,-0.01223737,1.990978895595954
-45.51932,-0.0122275,1.9907154236926212
-45.52766,-0.01222131,1.990455169450835
-45.53598,-0.01221739,1.9901956343093965
-45.54443,-0.01223148,1.989932140988481
-45.55278,-0.01225134,1.9896718619588092
-45.56107,-0.01225462,1.9894135475747166
-45.56953,-0.0122677,1.989150032927704
-45.57785,-0.01227809,1.9888909744535996
-45.5862,-0.01229012,1.9886310769487259
-45.59456,-0.0123048,1.9883709635535465
-45.60284,-0.01231227,1.9881134332861725
-45.61115,-0.01232805,1.9878550639481793
-45.61928,-0.01232677,1.9876023821507047
-45.62769,-0.01231708,1.9873410926566741
-45.63599,-0.01229772,1.987083315164194
-45.64438,-0.01228818,1.9868228377732375
-45.65268,-0.01226663,1.9865652487433376
-45.66103,-0.01223099,1.9863062024663045
-45.66921,-0.01218646,1.9860525220383711
-45.67763,-0.0121568,1.9857914935604146
-45.68597,-0.01214529,1.985533040012065
-45.69444,-0.01214767,1.9852706543728296
-45.70279,-0.01214559,1.9850120813193244
-45.71121,-0.0121716,1.98475143624507
-45.71962,-0.01220717,1.9844911965585017
-45.72806,-0.01223452,1.9842301247855256
-45.7363,-0.01226074,1.9839753325039409
-45.74463,-0.01228426,1.9837178505979827
-45.75298,-0.01231344,1.983459844582801
-45.76131,-0.01235782,1.983202550364052
-45.76946,-0.01239281,1.9829509065652076
-45.77779,-0.01240226,1.982693797581753
-45.78612,-0.0124094,1.982436782151447
-45.79433,-0.01241158,1.9821835607159226
-45.8026,-0.01242475,1.9819285804735975
-45.81093,-0.01244282,1.9816718433788618
-45.81918,-0.01244353,1.981417663956448
-45.82738,-0.01243061,1.981165115701574
-45.83568,-0.01242362,1.980909579611342
-45.84401,-0.01240386,1.9806532129279266
-45.85242,-0.01238877,1.9803944786338432
-45.86073,-0.01239002,1.9801389140556638
-45.86906,-0.01237999,1.979882827335027
-45.87734,-0.01234906,1.9796283699098511
-45.8857,-0.01233453,1.9793715471268825
-45.89397,-0.01232777,1.9791175812421544
-45.90236,-0.01230225,1.9788600237547698
-45.91075,-0.01229092,1.97860256040252
-45.91917,-0.0122933,1.9783442710310313
-45.92757,-0.01228704,1.9780866895418154
-45.93582,-0.01227149,1.977833799418406
-45.94428,-0.01225665,1.9775745664095727
-45.95262,-0.01223295,1.9773191038944025
-45.96094,-0.01221054,1.977064346377598
-45.96928,-0.0122062,1.9768090690130453
-45.97772,-0.01221444,1.976550825051786
-45.9861,-0.01222791,1.976294510732591
-45.99443,-0.0122359,1.9760398182997374
-46.00276,-0.01222788,1.975785218104305
-46.01109,-0.01222373,1.975530710096196
-46.01956,-0.01223707,1.97527201911535
-46.02797,-0.01225646,1.9750152548548199
-46.03624,-0.01225632,1.9747628563931374
-46.04456,-0.01226486,1.9745090234329528
-46.05284,-0.01228343,1.9742565018791458
-46.06108,-0.01230036,1.9740052903666174
-46.06943,-0.01232734,1.9737508169734248
-46.07777,-0.0123648,1.9734967404021506
-46.08614,-0.01240036,1.97324184234132
-46.09445,-0.01245471,1.9729888630843844
-46.10275,-0.01249775,1.9727362792891965
-46.11102,-0.01252582,1.9724846988854292
-46.11923,-0.01254638,1.9722350329786513
-46.12752,-0.01255839,1.9719830244504801
-46.13568,-0.01257757,1.971735056251474
-46.14406,-0.01260701,1.9714804939140596
-46.1523,-0.01262351,1.9712302745475307
-46.16049,-0.01261198,1.970981662023085
-46.16885,-0.01260659,1.9707279800124975
-46.17712,-0.01260023,1.9704771194045883
-46.18543,-0.01259509,1.9702251359357268
-46.19382,-0.01259721,1.9699708186073375
-46.20204,-0.01257653,1.9697217438883654
-46.21036,-0.01254211,1.969469729298798
-46.21874,-0.01252321,1.9692159890122491
-46.2271,-0.01250989,1.9689629459775757
-46.2355,-0.01249361,1.9687087843756421
-46.24387,-0.01248294,1.9684556223343765
-46.25218,-0.01246028,1.9682043657185453
-46.26054,-0.01242742,1.9679516884152237
-46.26888,-0.01240645,1.9676997065846416
-46.27731,-0.01239244,1.967445097824398
-46.28566,-0.0123755,1.9671929967078357
-46.29404,-0.01235812,1.966940081271801
-46.30241,-0.01233862,1.9666875590277049
-46.31075,-0.01231423,1.9664360326706003
-46.31909,-0.01229432,1.9661845968908285
-46.32745,-0.01227107,1.9659326490018336
-46.33592,-0.01225917,1.9656774787249285
-46.34428,-0.01225551,1.9654257138097733
-46.35268,-0.01226455,1.96517283574542
-46.36099,-0.01227714,1.964922757257772
-46.36942,-0.01227383,1.964669159113916
-46.37778,-0.01228021,1.9644177578141946
-46.38611,-0.01229179,1.964167348803338
-46.39449,-0.01230383,1.9639155274688869
-46.40295,-0.01232909,1.963661394372556
-46.41126,-0.01235757,1.9634118573811614
-46.41963,-0.01238705,1.9631606089923594
-46.42777,-0.01239872,1.9629163515714838
-46.43608,-0.01240764,1.9626670812867926
-46.44446,-0.01243101,1.9624158015832243
-46.45276,-0.01245487,1.9621670100980007
-46.46108,-0.01248187,1.9619177083270558
-46.46936,-0.01250323,1.9616696937508928
-46.47766,-0.01250364,1.9614211687937817
-46.48592,-0.01248893,1.9611739296543984
-46.49417,-0.0124694,1.9609270775239134
-46.50244,-0.01244628,1.9606797148708757
-46.51076,-0.01243075,1.9604309454414421
-46.5191,-0.01241935,1.9601816673151458
-46.52741,-0.01239323,1.959933374756944
-46.53571,-0.01236113,1.9596854695028827
-46.54405,-0.01234697,1.959436458580635
-46.55248,-0.01234608,1.9591848511615275
-46.56087,-0.01234309,1.958934528070459
-46.56928,-0.01234628,1.958683698781686
-46.57765,-0.01234849,1.9584341524314772
-46.58601,-0.01235145,1.9581849937352436
-46.5943,-0.01237233,1.9579380095848635
-46.60274,-0.01241241,1.9576866467508136
-46.61107,-0.01244112,1.9574386492307516
-46.61935,-0.01245232,1.9571922281198688
-46.62772,-0.0124691,1.9569432174680643
-46.636,-0.01248641,1.95669697229608
-46.64432,-0.01248427,1.9564496255921409
-46.6527,-0.01247952,1.956200584317735
-46.6609,-0.01247044,1.9559569789695441
-46.66911,-0.01244622,1.9557131623037165
-46.67734,-0.01243117,1.9554688377701042
-46.68568,-0.0124262,1.9552213355358647
-46.69403,-0.01241193,1.9549736251079635
-46.70227,-0.01239313,1.954729264765931
-46.71074,-0.01237359,1.954478173542102
-46.71918,-0.01237715,1.9542280622219823
-46.72759,-0.01239367,1.9539789297928696
-46.73589,-0.0123973,1.9537331438429866
-46.74431,-0.01239382,1.9534838935476855
-46.75252,-0.01237992,1.9532409461564852
-46.76094,-0.01237321,1.9529918731317206
-46.76929,-0.01237652,1.952744959352601
-46.77776,-0.01238891,1.9524945871713397
-46.78612,-0.01241818,1.9522475554715801
-46.79442,-0.01243889,1.9520023840449352
-46.8027,-0.01244146,1.9517578900362587
-46.81105,-0.01244032,1.9515114166420107
-46.81937,-0.01247645,1.9512659162222814
-46.82776,-0.01253058,1.9510184386355442
-46.83608,-0.01254314,1.9507731133775499
-46.84432,-0.01251833,1.9505302329076395
-46.85254,-0.01248256,1.9502880270738792
-46.8609,-0.01247281,1.9500417832350636
-46.86926,-0.01248348,1.9497956272405412
-46.87735,-0.01246899,1.9495575048504237
-46.8857,-0.0124628,1.94931181575619
-46.89412,-0.01246895,1.949064155591362
-46.90251,-0.01247929,1.948817466272061
-46.91092,-0.01248868,1.9485702774535225
-46.91928,-0.01249088,1.9483246460730004
-46.92752,-0.01247957,1.9480826261434654
-46.93578,-0.01244498,1.9478401040741198
-46.94405,-0.0124225,1.9475973738950945
-46.95244,-0.01240867,1.94735120901065
-46.96077,-0.01238832,1.9471068915607646
-46.96916,-0.01237282,1.946860901919472
-46.97752,-0.01235663,1.9466158792545882
-46.98587,-0.01235893,1.946371236714357
-46.99423,-0.01234961,1.9461263882821358
-47.0025,-0.01232305,1.9458842614754537
-47.0109,-0.01230794,1.9456384157716613
-47.01929,-0.01230262,1.9453929504252403
-47.02768,-0.01228979,1.945147572663589
-47.03607,-0.01229874,1.944902282439838
-47.04437,-0.01229586,1.9446597095465408
-47.05269,-0.01229165,1.9444166380285592
-47.06108,-0.01228404,1.944171608471374
-47.06946,-0.01227431,1.943926958159282
-47.07787,-0.01228656,1.943681519575971
-47.08623,-0.01231021,1.9434376270939508
-47.09457,-0.01233483,1.943194404365514
-47.10297,-0.01235203,1.9429495188944563
-47.11119,-0.01234343,1.942709965509256
-47.11955,-0.01233608,1.942466417866894
-47.12788,-0.01233582,1.9422238301404606
-47.13629,-0.01234479,1.941978999620038
-47.1447,-0.01234283,1.941734256448763
-47.15291,-0.01232808,1.9414954177801542
-47.16118,-0.01231581,1.9412549177098621
-47.16946,-0.01231161,1.941014211313846
-47.17778,-0.01229787,1.9407724271892404
-47.18616,-0.01227906,1.9405289856178167
-47.19449,-0.01227026,1.940287082242016
-47.20281,-0.01227066,1.9400455544913533
-47.21118,-0.01227513,1.9398026611493293
-47.21961,-0.01229472,1.939558113673535
-47.22788,-0.01230368,1.9393182925001078
-47.23621,-0.01230278,1.9390768162814078
-47.24446,-0.01230581,1.9388377430919945
-47.25287,-0.01233098,1.9385941192566714
-47.26126,-0.01236129,1.9383511611835993
-47.26956,-0.01238945,1.9381108941991423
-47.27786,-0.01240594,1.9378707115762008
-47.28619,-0.01241373,1.9376297455980276
-47.29446,-0.01241575,1.9373905992372045
-47.30278,-0.0123973,1.9371500913899777
-47.31111,-0.01238428,1.936909379213466
-47.31932,-0.01238491,1.9366722176058322
-47.32759,-0.01238139,1.9364334059689075
-47.33592,-0.01238068,1.9361929460756229
-47.34416,-0.01237884,1.9359551674377578
-47.35255,-0.01238284,1.9357131453321945
-47.36087,-0.01236764,1.9354732271598896
-47.36931,-0.01237104,1.935229934740447
-47.37773,-0.01239043,1.934987305217029
-47.38596,-0.01239006,1.9347502340355667
-47.3943,-0.01239204,1.9345100782161566
-47.40254,-0.01237725,1.93427288495511
-47.41084,-0.01235194,1.9340340479097184
-47.41914,-0.01232523,1.9337952944739194
-47.42758,-0.01232868,1.9335525995633764
-47.43596,-0.01234218,1.9333117154158996
-47.44432,-0.0123408,1.933071490960351
-47.45264,-0.01232866,1.9328324999409938
-47.46088,-0.01229993,1.9325958894988884
-47.46925,-0.01228962,1.9323556302237765
-47.47766,-0.01228885,1.9321143080766827
-47.48607,-0.01230552,1.9318730714080994
-47.4944,-0.01231861,1.9316342137178277
-47.50273,-0.01230458,1.9313954397989335
-47.51108,-0.01230712,1.9311561766223795
-47.51936,-0.01230576,1.930919002276125
-47.52783,-0.01230528,1.9306764710276063
-47.5361,-0.01230998,1.930439750000526
-47.5445,-0.01231493,1.9301993921484084
-47.55278,-0.01231743,1.9299625510853415
-47.56104,-0.01230611,1.9297263642678968
-47.5694,-0.01229822,1.9294874015648715
-47.57781,-0.01230469,1.9292470943912718
-47.58604,-0.01230394,1.9290120127667696
-47.59442,-0.01231179,1.928772730080543
-47.6028,-0.01233905,1.928533531640996
-47.61115,-0.0123645,1.9282952732710719
-47.61948,-0.01240724,1.928057668836367
-47.62776,-0.01244292,1.9278215729650103
-47.63617,-0.01246255,1.9275818542926522
-47.6445,-0.01249226,1.9273444993650894
-47.65283,-0.01251268,1.9271072274196515
-47.66107,-0.01252558,1.9268726006361168
-47.66936,-0.01255089,1.9266366320000938
-47.67763,-0.01257173,1.9264013144109722
-47.68576,-0.01256081,1.9261700599927525
-47.69406,-0.01256046,1.925934051326308
-47.70245,-0.01258575,1.9256955669991793
-47.71074,-0.01259945,1.9254600075370871
-47.71909,-0.01260836,1.9252228259172588
-47.72743,-0.0126167,1.9249860111889538
-47.73566,-0.01258936,1.9247524010352008
-47.74393,-0.01255467,1.924517736600234
-47.75232,-0.01253843,1.924279750177583
-47.76061,-0.0125022,1.9240446824276325
-47.76889,-0.01244141,1.9238099796750565
-47.77725,-0.0123993,1.9235730917957814
-47.78558,-0.0123772,1.9233371364332084
-47.79402,-0.01236381,1.9230981490989878
-47.80246,-0.01234546,1.922859246155951
-47.81079,-0.01232317,1.9226235395817555
-47.81923,-0.01231555,1.9223848041886078
-47.82771,-0.0123457,1.9221450222057461
-47.83617,-0.01238421,1.9219058904590396
-47.84442,-0.0123814,1.9216727760520453
-47.85274,-0.01235923,1.9214377651102112
-47.86112,-0.01236059,1.9212011419707689
-47.86948,-0.01237735,1.920965166114192
-47.87781,-0.012393,1.920730119025912
-47.88608,-0.01237683,1.9204968458474778
-47.89429,-0.01234087,1.9202653447832718
-47.90262,-0.01231663,1.920030541126978
-47.91104,-0.01231175,1.9197932835521834
-47.91943,-0.01229398,1.919556954245908
-47.92772,-0.01226352,1.9193235230050583
-47.93599,-0.01224974,1.9190907353744024
-47.94435,-0.01225203,1.91885549600735
-47.95279,-0.01225714,1.9186180887493722
-47.96117,-0.0122749,1.9183824518876413
-47.96954,-0.01229764,1.9181471783969575
-47.97791,-0.01231954,1.9179119869956818
-47.98636,-0.01234515,1.9176746308742736
-47.99475,-0.01235947,1.9174390428119743
-48.00295,-0.01236458,1.9172088694548983
-48.01128,-0.01237359,1.9169751275117015
-48.01956,-0.01238366,1.9167428689475705
-48.02783,-0.01238121,1.9165109708267059
-48.03612,-0.01237868,1.916278592026167
-48.04437,-0.01237165,1.9160474140882688
-48.05278,-0.01238267,1.9158118344037534
-48.06119,-0.01241835,1.9155763371651844
-48.06943,-0.01243311,1.915345680196333
-48.07774,-0.0124365,1.91511314383746
-48.08609,-0.01240476,1.9148795691227964
-48.09441,-0.01236503,1.9146469142671672
-48.10274,-0.01238526,1.9144140604048752
-48.11101,-0.01239287,1.9141829635253966
-48.11934,-0.01237437,1.9139502703071156
-48.12764,-0.01235261,1.9137184952347548
-48.13606,-0.01236522,1.9134834508682266
-48.14462,-0.01240901,1.913244582676112
-48.15277,-0.01238939,1.9130172345225414
-48.161,-0.01236267,1.9127877328128569
-48.16937,-0.01238354,1.9125544075000356
-48.17769,-0.01239878,1.9123225563533661
-48.18604,-0.01241308,1.912089949703275
-48.1944,-0.01244153,1.9118571452284914
-48.20268,-0.01245581,1.9116266481448747
-48.21104,-0.01245481,1.9113940043608268
-48.21924,-0.01243835,1.911165891457435
-48.22757,-0.01244537,1.9109342415551933
-48.2359,-0.01241394,1.9107026716615634
-48.24414,-0.01238404,1.9104736823995618
-48.2525,-0.01237406,1.9102414382674473
-48.26088,-0.01237211,1.910008719277394
-48.26927,-0.01236846,1.909775803528829
-48.27754,-0.01233305,1.909546298340802
-48.28584,-0.01228757,1.9093160396505477
-48.29428,-0.01228078,1.9090819782384165
-48.30267,-0.01228384,1.9088493845164254
-48.3111,-0.01227358,1.9086157632510954
-48.31941,-0.01226633,1.9083855473400857
-48.32776,-0.01225363,1.9081543030341153
-48.33609,-0.01225068,1.907923692214244
-48.34445,-0.01225674,1.9076923307639242
-48.35294,-0.01228087,1.907457453466118
-48.36134,-0.01231459,1.9072251471940191
-48.36957,-0.01232948,1.9069976206114712
-48.37796,-0.01234225,1.906765750354087
-48.38635,-0.0123614,1.9065339605074572
-48.39462,-0.01238648,1.9063055645441578
-48.40305,-0.01241893,1.9060728301212424
-48.41126,-0.01243731,1.9058462473399782
-48.41957,-0.01245206,1.905616982967837
-48.42781,-0.01246716,1.905389727514005
-48.43611,-0.01247837,1.9051608954558903
-48.44437,-0.01250031,1.9049332440487925
-48.45268,-0.01252159,1.9047042929307523
-48.46098,-0.01252298,1.9044756957040487
-48.46925,-0.01250902,1.9042480025995863
-48.47754,-0.0124996,1.9040198368151522
-48.48579,-0.01249808,1.9037928494101055
-48.49413,-0.01250225,1.9035634642790789
-48.50246,-0.01249459,1.9033344329339172
-48.51077,-0.01247588,1.903106029856875
-48.51894,-0.01244886,1.9028815509984347
-48.5273,-0.01242273,1.902651929944588
-48.53575,-0.01241899,1.9024199172774705
-48.54414,-0.01242114,1.9021896319514568
-48.55249,-0.012414,1.9019605235488437
-48.56082,-0.01240322,1.9017320424160875
-48.56911,-0.01239404,1.9015047362407915
-48.57748,-0.01239781,1.9012753152283732
-48.58592,-0.01239432,1.9010440555617758
-48.5943,-0.01238989,1.9008145193983657
-48.60269,-0.01239364,1.9005847886197245
-48.61104,-0.01239133,1.900356231835402
-48.6194,-0.0123948,1.9001274799771286
-48.62773,-0.01238742,1.8998996272291548
-48.63606,-0.01236807,1.8996718525308176
-48.64438,-0.01235551,1.8994444291406327
-48.6527,-0.01234596,1.8992170835328768
-48.6611,-0.01233896,1.8989876307769449
-48.66942,-0.01232574,1.8987604413613313
-48.6778,-0.01232382,1.898531692064966
-48.68611,-0.01233195,1.898304931324355
-48.69446,-0.01232121,1.8980771570318264
-48.70271,-0.01229856,1.8978521872807486
-48.71121,-0.01230473,1.8976204799675473
-48.71954,-0.01231907,1.897393485242266
-48.72786,-0.01231865,1.8971668404891986
-48.73625,-0.01233853,1.8969383672317832
-48.74458,-0.01235793,1.896711605680057
-48.75287,-0.01234994,1.8964860099518241
-48.76114,-0.01234477,1.896261034914278
-48.76952,-0.01236756,1.8960331452923875
-48.77795,-0.01239815,1.895803974951797
-48.78618,-0.01241843,1.895580318032689
-48.79445,-0.01242978,1.8953556500790563
-48.80278,-0.01243862,1.8951294291021945
-48.81102,-0.01243152,1.8949057282556274
-48.81937,-0.01243353,1.8946791181451133
-48.82774,-0.0124514,1.8944520430394691
-48.836,-0.0124596,1.894228028503563
-48.84427,-0.01246097,1.8940038186669592
-48.85263,-0.01246428,1.8937772459742699
-48.86084,-0.01244898,1.8935548140392182
-48.86913,-0.01243893,1.8933302905126408
-48.8775,-0.01245953,1.8931036775612502
-48.88586,-0.01250243,1.8928774128142574
-48.89415,-0.01253733,1.8926531190336675
-48.9025,-0.01254058,1.892427278768979
-48.91077,-0.01253727,1.8922036782491873
-48.91911,-0.01256268,1.891978261665022
-48.92752,-0.0126056,1.8917510309126642
-48.93578,-0.01263,1.8915279290531384
-48.94399,-0.01262787,1.8913062523100383
-48.95216,-0.01259468,1.8910857294141872
-48.9605,-0.01256014,1.8908606938246137
-48.9689,-0.01256269,1.890634116755737
-48.97725,-0.01257009,1.890408965386991
-48.98549,-0.01254776,1.8901868553320584
-48.99381,-0.01251911,1.8899626646713124
-49.00211,-0.01249272,1.8897390887861767
-49.01051,-0.01247489,1.8895128963155048
-49.01892,-0.01247667,1.8892865122283395
-49.02741,-0.01249644,1.8890580534439816
-49.03574,-0.01249161,1.8888339770135008
-49.04402,-0.0124668,1.888611321013245
-49.0524,-0.01244369,1.888386052466342
-49.06079,-0.01242642,1.8881605921959266
-49.06914,-0.0124029,1.887936283374846
-49.07753,-0.01239283,1.8877109768971665
-49.08585,-0.01238907,1.8874876262711147
-49.09412,-0.01236869,1.8872656929180116
-49.10251,-0.01235205,1.8870406156426625
-49.1109,-0.01233838,1.8868156152707445
-49.11929,-0.0123257,1.8865906917628492
-49.12769,-0.01231542,1.8863655771317558
-49.13611,-0.01230497,1.886140003756911
-49.14443,-0.0122841,1.8859171853249697
-49.15271,-0.01225199,1.8856955130246127
-49.16104,-0.01224942,1.885472577471917
-49.1694,-0.0122672,1.8852489149755742
-49.1778,-0.01228831,1.885024258913575
-49.1862,-0.01233495,1.8847996795849244
-49.1946,-0.01238332,1.8845751769503156
-49.20297,-0.01242825,1.884351552355478
-49.21138,-0.0124615,1.8841269356803245
-49.21961,-0.01246745,1.8839072008087832
-49.22783,-0.012464,1.8836878062673086
-49.23613,-0.01247088,1.883466350828142
-49.24423,-0.01246331,1.8832503036396346
-49.25266,-0.0124664,1.8830255299916798
-49.26088,-0.01247128,1.8828064297673937
-49.26923,-0.01247851,1.8825839393065409
-49.2776,-0.0124937,1.8823609916067339
-49.28592,-0.01248397,1.8821394507802633
-49.29427,-0.01247959,1.8819171863180042
-49.30257,-0.01248589,1.8816963273922638
-49.31085,-0.01249349,1.8814760747381154
-49.31915,-0.0124922,1.8812553642956131
-49.32748,-0.01248325,1.881033930782598
-49.33579,-0.01246599,1.8808131034285656
-49.34424,-0.01247004,1.8805886320267575
-49.35252,-0.01247141,1.880368751180284
-49.3609,-0.01246691,1.8801462898772106
-49.36913,-0.01245449,1.8799278840846498
-49.37743,-0.01243356,1.8797076943858761
-49.38582,-0.01242604,1.8794851923082372
-49.39421,-0.01242459,1.879262765818099
-49.40257,-0.01243128,1.8790412097994094
-49.41094,-0.01243081,1.8788194638677185
-49.41934,-0.01242035,1.8785969986648952
-49.42767,-0.01241688,1.8783764620100443
-49.43601,-0.01242241,1.8781557350603335
-49.44434,-0.01243697,1.8779353470993851
-49.45267,-0.01245498,1.8777150333844461
-49.46108,-0.01246872,1.8774926790923288
-49.46933,-0.0124739,1.8772746285425739
-49.47772,-0.01247418,1.8770529523187407
-49.48599,-0.01247997,1.8768345202349188
-49.49442,-0.01250083,1.876611937264847
-49.5027,-0.01250727,1.8763933886434478
-49.51094,-0.01250889,1.8761759683819372
-49.51918,-0.0125057,1.8759586204779644
-49.52745,-0.0124906,1.8757405539756236
-49.53578,-0.01248312,1.875520978977216
-49.54411,-0.0124804,1.8753014778144164
-49.55246,-0.01248439,1.875081523702355
-49.56082,-0.01250004,1.8748613804210663
-49.56911,-0.01250303,1.8746431537705641
-49.57753,-0.01250878,1.874421579695479
-49.58576,-0.012498,1.8742050782321376
-49.59409,-0.01248033,1.8739860193018965
-49.60243,-0.01248357,1.8737667711037544
-49.61083,-0.01248634,1.8735460200927903
-49.61917,-0.01248886,1.8733269198174818
-49.62749,-0.01249148,1.8731084183383038
-49.63576,-0.01248276,1.8728913025608955
-49.64407,-0.01247398,1.8726732095092125
-49.65239,-0.01247004,1.872454927144494
-49.66077,-0.01247068,1.872235144561794
-49.66917,-0.01248355,1.8720149118658513
-49.67752,-0.01249007,1.8717960638936888
-49.68582,-0.01248836,1.8715785992864764
-49.6942,-0.01249069,1.8713591123310165
-49.70252,-0.01247819,1.8711412701005905
-49.71079,-0.01244536,1.8709248092818478
-49.71915,-0.01244575,1.870706065972568
-49.72754,-0.01247812,1.8704866116441714
-49.73581,-0.01247757,1.8702703685734683
-49.74416,-0.01246443,1.870052106619149
-49.75252,-0.01243702,1.8698336566670393
-49.7609,-0.01241598,1.869614757771664
-49.76935,-0.01242536,1.8693941050063945
-49.77776,-0.01242939,1.8691745711337755
-49.78583,-0.01239678,1.8689639823218775
-49.79421,-0.01236174,1.8687453762194441
-49.80255,-0.0123431,1.8685278866242792
-49.81094,-0.01233045,1.8683091666208265
-49.81941,-0.01233737,1.8680884358124676
-49.82777,-0.01234232,1.8678706452245404
-49.83612,-0.01233078,1.8676531880892813
-49.84442,-0.01231765,1.8674371052968417
-49.85278,-0.01231294,1.867219533193535
-49.86115,-0.01232108,1.867001773926193
-49.86955,-0.01234718,1.866783307649658
-49.87795,-0.01236398,1.866564914957411
-49.88626,-0.01236219,1.8663489345563287
-49.89456,-0.01239791,1.8661332858732496
-49.90291,-0.01242391,1.8659164104858816
-49.91122,-0.01244618,1.865700646067157
-49.91954,-0.01246774,1.865484693969536
-49.92781,-0.01248126,1.8652701109862417
-49.93605,-0.01249852,1.865056377106319
-49.94447,-0.01253015,1.864838047135148
-49.95276,-0.01256096,1.8646231599615315
-49.96097,-0.01257673,1.8644104167713316
-49.96921,-0.01257695,1.8641969664919658
-49.97752,-0.0125855,1.863981774205683
-49.98573,-0.01258613,1.863769241741593
-49.99413,-0.01257811,1.863551862988715
-50.00235,-0.01257204,1.8633392130569861
-50.01065,-0.01255502,1.8631245644677685
-50.01894,-0.01253691,1.8629102455989672
-50.02721,-0.01252108,1.8626965145567782
-50.03555,-0.01250312,1.862481045976311
-50.04388,-0.01248852,1.8622659074396308
-50.0522,-0.01246955,1.8620510986530063
-50.06061,-0.01246509,1.861834038778193
-50.06899,-0.01246362,1.8616178257240659
-50.07735,-0.0124512,1.8614022007953697
-50.08576,-0.01244111,1.8611853588724618
-50.09415,-0.01242888,1.8609691051749557
-50.10243,-0.01240046,1.8607557577546636
-50.11079,-0.01237343,1.860540420536176
-50.11914,-0.01235953,1.8603254126068403
-50.12752,-0.01235792,1.860109704210382
-50.1358,-0.01235772,1.859896640723794
-50.14417,-0.01236061,1.859681332844875
-50.15256,-0.0123635,1.8594655826143272
-50.16098,-0.01236946,1.8592491334898162
-50.1694,-0.01238584,1.8590327570192189
-50.17781,-0.01241807,1.8588167100158417
-50.18617,-0.01244333,1.8586020192415562
-50.19455,-0.01245796,1.8583868866241455
-50.20279,-0.01247616,1.8581754181391115
-50.21109,-0.01247431,1.857962480001928
-50.21936,-0.01247409,1.8577503815261682
-50.22771,-0.01249211,1.8575363021726452
-50.23602,-0.01250407,1.8573233190049687
-50.24432,-0.01250379,1.8571106624589606
-50.25255,-0.01249023,1.8568998687628788
-50.26096,-0.01248425,1.8566845360693471
-50.26926,-0.01247776,1.8564720904982486
-50.27748,-0.01247706,1.856261761727119
-50.2859,-0.01249483,1.8560463867605033
-50.29422,-0.01249304,1.8558336405256903
-50.30252,-0.01248832,1.8556214758226823
-50.31085,-0.01249687,1.8554086146427657
-50.31924,-0.01250814,1.855194291487709
-50.32759,-0.01252163,1.8549810610839899
-50.33597,-0.01253716,1.8547671357083213
-50.34428,-0.01254596,1.854555067626352
-50.35255,-0.01253279,1.8543440898226602
-50.36078,-0.01252175,1.854134201257407
-50.3691,-0.01253831,1.8539220871526392
-50.37746,-0.01256033,1.853709023837248
-50.38577,-0.01254142,1.8534973048938221
-50.39401,-0.01250991,1.8532874383284836
-50.40233,-0.01251203,1.8530756038460918
-50.41069,-0.01252427,1.8528628213579301
-50.4191,-0.0125269,1.8526488374445398
-50.42741,-0.01251803,1.852437468035737
-50.43561,-0.01249478,1.8522289648127583
-50.44391,-0.01247404,1.8520179878998277
-50.45238,-0.01250017,1.8518027613365318
-50.46082,-0.01252914,1.8515883689563508
-50.46906,-0.01251532,1.8513791261418384
-50.47739,-0.01250293,1.8511676673457167
-50.48575,-0.01252388,1.850955517150879
-50.49414,-0.01255688,1.850742676278871
-50.50246,-0.01258964,1.8505316810309833
-50.51085,-0.0126154,1.850318980971415
-50.51904,-0.01261809,1.8501114193777237
-50.52734,-0.01262875,1.8499011386706683
-50.53577,-0.01265352,1.8496876351146918
-50.54411,-0.01268227,1.8494764810380477
-50.55234,-0.01268338,1.8492681802662347
-50.56058,-0.01267502,1.849059694331038
-50.56883,-0.01266714,1.8488510234466569
-50.57713,-0.01265238,1.8486411565859906
-50.58548,-0.01264734,1.8484300949600558
-50.59377,-0.01264627,1.848220618862757
-50.6021,-0.01263675,1.8480102011576593
-50.61038,-0.01261956,1.8478011151072171
-50.61879,-0.01261714,1.8475888163269016
-50.62715,-0.01262193,1.847377849632065
-50.63548,-0.01262265,1.847167709282108
-50.64389,-0.01262966,1.8469556209051081
-50.65224,-0.01262845,1.8467451153196777
-50.66055,-0.01262117,1.8465356870385339
-50.66893,-0.01261107,1.8463245641855868
-50.67728,-0.01260503,1.846114266590472
-50.68562,-0.01261101,1.845904290013617
-50.69389,-0.01261053,1.845696144052074
-50.70229,-0.01259299,1.8454847956571587
-50.71048,-0.01257157,1.845278798386448
-50.71889,-0.0125638,1.8450673368443198
-50.72727,-0.01255911,1.8448566993650557
-50.73561,-0.0125408,1.8446471363998578
-50.744,-0.01253135,1.8444363865678701
-50.7524,-0.01253187,1.8442254553479245
-50.76067,-0.01250488,1.8440178567382977
-50.769,-0.01246644,1.8438088203431229
-50.77742,-0.01244878,1.8435975951515458
-50.78575,-0.01244728,1.8433886966324216
-50.79408,-0.01244209,1.843179866630127
-50.80246,-0.01243728,1.8429698522473124
-50.8109,-0.01244931,1.8427584042006737
-50.8192,-0.01244662,1.8425505320823623
-50.82756,-0.01242939,1.8423412259018535
-50.83594,-0.01242773,1.8421314880771358
-50.84441,-0.01243334,1.8419195679525044
-50.85274,-0.01242607,1.8417112194937775
-50.86102,-0.01239653,1.8415041892592794
-50.86931,-0.01236695,1.8412969765070533
-50.87772,-0.01236147,1.8410868332936303
-50.88597,-0.0123579,1.8408807555402795
-50.89438,-0.01236692,1.8406707498941928
-50.90273,-0.01238525,1.840462311156985
-50.91112,-0.0124022,1.8402529427755665
-50.91953,-0.01242257,1.840043144545914
-50.92793,-0.01245424,1.839833664945738
-50.9364,-0.01250665,1.8396225096394718
-50.94461,-0.01254181,1.83941790309122
-50.95293,-0.01256414,1.83921062243133
-50.96121,-0.01259007,1.83900440550764
-50.96945,-0.01261094,1.8387992513162295
-50.97774,-0.01264019,1.838592919183942
-50.98604,-0.01265917,1.8383864053768444
-50.99432,-0.01265988,1.8381804561762958
-51.00255,-0.01266645,1.8379758168954297
-51.01082,-0.01267038,1.8377702495274533
-51.01906,-0.01266738,1.8375654941506174
-51.02736,-0.01266945,1.8373593146892175
-51.03563,-0.01267351,1.8371539471541745
-51.04385,-0.01266552,1.8369498872048249
-51.05222,-0.01266258,1.836742171055441
-51.06062,-0.01267994,1.836533778869117
-51.06889,-0.01268457,1.83632867877097
-51.07718,-0.01266847,1.836123149320303
-51.08551,-0.01266037,1.8359166953603867
-51.09383,-0.01264932,1.8357105564409637
-51.10213,-0.01263022,1.835504979929408
-51.11047,-0.01262736,1.8352984799396288
-51.11879,-0.01262478,1.8350925422921787
-51.12712,-0.01261892,1.8348864242695462
-51.13545,-0.01260727,1.8346803734004493
-51.14385,-0.01259542,1.834472658980503
-51.15222,-0.01257408,1.8342657542526992
-51.16055,-0.01254546,1.8340599055326807
-51.16896,-0.01252851,1.833852147864643
-51.17731,-0.01252125,1.833645939968318
-51.18558,-0.01250531,1.8334417740308893
-51.19396,-0.01248353,1.833234959749158
-51.20223,-0.01246625,1.8330309265826896
-51.21062,-0.01245964,1.8328240001780882
-51.21904,-0.01247457,1.8326164020254967
-51.22748,-0.01250694,1.8324083792526982
-51.23586,-0.01251851,1.8322019031201973
-51.24417,-0.01250829,1.8319972184152853
-51.25243,-0.01249672,1.8317938310437185
-51.26082,-0.01249913,1.8315873097621145
-51.26918,-0.01248726,1.8313815941663196
-51.27748,-0.0124752,1.8311774213553398
-51.28578,-0.01246319,1.8309733146302931
-51.29402,-0.01243395,1.8307707487149574
-51.30238,-0.01242446,1.8305652993097006
-51.31078,-0.01242505,1.8303589343214037
-51.31917,-0.01243211,1.8301528824413955
-51.32747,-0.01241512,1.8299491071739946
-51.33592,-0.01240823,1.8297417169108883
-51.34425,-0.01241985,1.8295373386503844
-51.3526,-0.01244436,1.8293325362299084
-51.36101,-0.0124787,1.829126329486122
-51.36928,-0.01248173,1.8289236212771525
-51.37759,-0.01247761,1.828719998349475
-51.38585,-0.01247549,1.8285176658554838
-51.39429,-0.01248421,1.828310991357211
-51.40265,-0.01251978,1.8281063427663748
-51.41097,-0.01254582,1.8279027394347938
-51.41914,-0.01254217,1.8277028709542789
-51.42731,-0.01252436,1.8275030659779796
-51.43575,-0.01253107,1.82729672455442
-51.44411,-0.01255105,1.8270924057195272
-51.45244,-0.01256749,1.8268888861247397
-51.46082,-0.01259004,1.8266842114058814
-51.46907,-0.01257585,1.826482776937683
-51.47739,-0.0125576,1.826279698718214
-51.48569,-0.01253103,1.8260771740652597
-51.49405,-0.0125177,1.8258732513756444
-51.50243,-0.01255343,1.8256689072729189
-51.51076,-0.01257429,1.825465848300433
-51.51915,-0.0125413,1.825261393093636
-51.52757,-0.01246946,1.8250562737579124
-51.53581,-0.01239764,1.8248556042875816
-51.54405,-0.01237953,1.8246549989766034
-51.55249,-0.01241081,1.824449591086677
-51.56108,-0.01249449,1.8242406016320838
-51.56955,-0.01258938,1.824034599875314
-51.57776,-0.01262409,1.8238349862421321
-51.58594,-0.01262437,1.8236361652031543
-51.59425,-0.01263615,1.8234342489715423
-51.60259,-0.01265227,1.823231669185597
-51.61084,-0.01264714,1.8230313399278137
-51.61913,-0.0126078,1.8228301038781551
-51.62743,-0.01257923,1.822628689826319
-51.63574,-0.01255379,1.822427097975162
-51.64403,-0.01252678,1.8222260559448982
-51.65247,-0.01253198,1.8220214425370171
-51.66083,-0.01251039,1.8218188345018849
-51.66916,-0.01250625,1.8216170187399987
-51.67755,-0.01249633,1.8214138150899184
-51.68584,-0.01247639,1.8212130982102641
-51.6942,-0.01246088,1.8210107516897445
-51.70253,-0.01247584,1.8208091963778172
-51.71097,-0.01248924,1.820605045699201
-51.71935,-0.01248098,1.8204024122499605
-51.72763,-0.01244184,1.8202022613446625
-51.73602,-0.01242803,1.8199995167776724
-51.7444,-0.01246994,1.8197970794907277
-51.75267,-0.01247122,1.8195973637688643
-51.76097,-0.01243836,1.8193969877303302
-51.76938,-0.01244908,1.8191940216398188
-51.7778,-0.01246576,1.818990880261425
-51.78624,-0.01248286,1.8187873226555933
-51.79439,-0.01246312,1.8185908222878964
-51.80263,-0.01243874,1.8183922148354243
-51.81116,-0.01247172,1.8181866841043512
-51.81935,-0.0124702,1.817989409361561
-51.82773,-0.01244828,1.8177876225719318
-51.83612,-0.01246902,1.817585660346492
-51.84444,-0.01247395,1.8173854476969953
-51.85275,-0.01244852,1.8171855398218995
-51.86096,-0.01242912,1.8169881004902337
-51.86934,-0.01241885,1.816786637346841
-51.87775,-0.01242673,1.816584518411072
-51.88602,-0.01246684,1.8163858280130176
-51.89435,-0.01245708,1.8161857601068325
-51.90276,-0.01245786,1.8159838359270295
-51.91112,-0.01244997,1.8157831770919217
-51.9194,-0.01244145,1.8155845021321508
-51.92778,-0.01245634,1.815383492227089
-51.93613,-0.01246977,1.8151832664466911
-51.94429,-0.01245042,1.8149876588937879
-51.95264,-0.01241927,1.8147875603626686
-51.96098,-0.0124063,1.8145877656656975
-51.96938,-0.01240294,1.8143865984162213
-51.9778,-0.01239616,1.8141850174497574
-51.98621,-0.01240299,1.8139837410728727
-51.99451,-0.01240707,1.8137851611641307
-52.00273,-0.01238935,1.813588557754564
-52.01112,-0.0123737,1.8133879524224819
-52.01953,-0.01238597,1.8131869338304285
-52.02797,-0.01240444,1.8129852635034576
-52.03622,-0.01241645,1.8127881963755246
-52.04465,-0.0124343,1.8125868941380143
-52.05301,-0.01245032,1.812387327841368
-52.0613,-0.01245233,1.812189495844322
-52.0696,-0.01244716,1.811991488315639
-52.07797,-0.01245392,1.8117918747600954
-52.08626,-0.0124782,1.8115942323368963
-52.09456,-0.0124914,1.8113964145200572
-52.10283,-0.01248883,1.8111993743909882
-52.11118,-0.01250686,1.811000491641141
-52.11948,-0.01252194,1.8108028629602595
-52.12785,-0.01253007,1.8106036312642857
-52.13614,-0.0125275,1.8104063668695076
-52.14452,-0.01253993,1.8102070246307762
-52.15285,-0.01254747,1.810008935273911
-52.16097,-0.01253466,1.8098159006628904
-52.16942,-0.01253869,1.8096150848523904
-52.1777,-0.01257026,1.8094183722164834
-52.18593,-0.01259403,1.8092229093167451
-52.19432,-0.01264191,1.8090237098596171
-52.20268,-0.01269233,1.8088252863646082
-52.21104,-0.01272239,1.8086269264124981
-52.21933,-0.01274322,1.8084302900860658
-52.22763,-0.01277344,1.8082334790990897
-52.23592,-0.01280446,1.8080369676651622
-52.24411,-0.0128236,1.8078428879351183
-52.25224,-0.01282171,1.807650290207654
-52.26054,-0.01280443,1.8074537270376463
-52.26886,-0.01279694,1.8072567528735082
-52.27722,-0.0127933,1.8070588948685486
-52.28554,-0.01278021,1.8068620463707559
-52.29379,-0.01273923,1.8066669158995743
-52.30208,-0.01269278,1.806470901348474
-52.31035,-0.0126717,1.8062754215943881
-52.3187,-0.01265059,1.8060781135616901
-52.32706,-0.01262941,1.8058806323152878
-52.33547,-0.0126088,1.8056820336188824
-52.34386,-0.01261616,1.8054839708038344
-52.35223,-0.01263474,1.8052864433855063
-52.36076,-0.01266939,1.8050852050275816
-52.36896,-0.01269108,1.8048918137767105
-52.37737,-0.01271272,1.8046935327222426
-52.38573,-0.01274143,1.8044964936061785
-52.39415,-0.01275359,1.8042981038913695
-52.40247,-0.01275972,1.8041021329719764
-52.41071,-0.0127675,1.8039081077130992
-52.41898,-0.01277359,1.8037134373847032
-52.42728,-0.01277121,1.8035181226262358
-52.4355,-0.01274893,1.8033247513611963
-52.44379,-0.01272922,1.8031297947764644
-52.45215,-0.01273108,1.8029332544042522
-52.46065,-0.01276793,1.802733486908759
-52.46892,-0.01278737,1.8025391870082328
-52.47723,-0.01278286,1.8023440090111462
-52.48554,-0.01277831,1.80214889281886
-52.49393,-0.01276765,1.8019519609219579
-52.50229,-0.01277845,1.8017557957948118
-52.51061,-0.01279433,1.8015606312705184
-52.51894,-0.01278365,1.8013652941205591
-52.52713,-0.01275219,1.8011733003497432
-52.53551,-0.01273862,1.8009769144717542
-52.54379,-0.01273913,1.8007829336254577
-52.5522,-0.01272477,1.8005859697595916
-52.56058,-0.01270885,1.8003897711935446
-52.56885,-0.01267955,1.8001962093521162
-52.57713,-0.01264002,1.800002474459903
-52.58554,-0.0126229,1.7998057602907567
-52.59396,-0.01261815,1.7996088752396662
-52.60222,-0.01260505,1.7994157927174936
-52.61052,-0.01259568,1.7992218362411165
-52.619,-0.01260183,1.7990237366730648
-52.62734,-0.01260757,1.7988289698852347
-52.63573,-0.0126065,1.798633097707584
-52.64412,-0.01260064,1.798437287963024
-52.65245,-0.01259635,1.798242940262039
-52.66083,-0.0126009,1.7980474880475676
-52.66905,-0.01259255,1.7978558280432249
-52.67734,-0.01257849,1.7976625964788653
-52.68573,-0.01256592,1.7974670959290115
-52.69409,-0.01253794,1.79727235634964
-52.70245,-0.01251945,1.797077678551946
-52.71088,-0.01251074,1.7968814332069583
-52.71916,-0.01249099,1.7966887408676464
-52.72748,-0.01247627,1.7964951786051602
-52.73583,-0.01245078,1.7963009798082252
-52.74414,-0.01240772,1.7961077723515824
-52.75256,-0.01239479,1.7959120694806092
-52.76103,-0.01240752,1.7957152674995163
-52.76933,-0.01240764,1.7955224767871791
-52.77771,-0.01239006,1.7953278893684472
-52.78616,-0.01237575,1.795131739077061
-52.79442,-0.01236156,1.7949400599533054
-52.80277,-0.01235664,1.7947463532689665
-52.81128,-0.01237024,1.7945489978656077
-52.81961,-0.01237922,1.7943558784322717
-52.82793,-0.01236171,1.7941630516281823
-52.83618,-0.0123386,1.7939719071287894
-52.84459,-0.01233254,1.793777117014249
-52.85301,-0.01235579,1.7935821573832786
-52.86141,-0.01239043,1.7933877227262762
-52.86964,-0.01240193,1.7931972829775273
-52.87796,-0.01241603,1.7930048209121532
-52.88632,-0.01249079,1.7928114945414997
-52.8947,-0.01256751,1.7926177669974495
-52.90302,-0.01260389,1.7924254872406151
-52.91126,-0.01263094,1.7922351159280652
-52.91953,-0.01266798,1.7920441111249477
-52.92781,-0.01272644,1.7918529351582846
-52.93604,-0.01274286,1.7916629729008817
-52.94417,-0.01273121,1.7914753767978606
-52.9525,-0.01277189,1.7912832255323168
-52.96079,-0.01280369,1.791092056972715
-52.9691,-0.01279652,1.7909004872652168
-52.9773,-0.01276367,1.7907115122892256
-52.98557,-0.01273822,1.7905209833545244
-52.99394,-0.01272441,1.7903282111124406
-53.00218,-0.01269505,1.7901384924167267
-53.01042,-0.01265779,1.7899488327011932
-53.01886,-0.01263306,1.7897546307106564
-53.02725,-0.01262372,1.7895616404773018
-53.03563,-0.01261728,1.7893689412193274
-53.04401,-0.01260498,1.7891763028473902
-53.0524,-0.01260519,1.7889834955628774
-53.06073,-0.01259432,1.7887921274358645
-53.06918,-0.01258844,1.7885980638856678
-53.0775,-0.01258373,1.7884070463002213
-53.08597,-0.01258827,1.7882126463922576
-53.09428,-0.01258203,1.7880219790154421
-53.10257,-0.01257186,1.7878318299848766
-53.11096,-0.01255877,1.7876394476770896
-53.11919,-0.01254628,1.787450793206749
-53.12759,-0.01253958,1.787258302136423
-53.13593,-0.01253028,1.7870672462117438
-53.14432,-0.01252468,1.7868751053734435
-53.15263,-0.01252527,1.7866848564219682
-53.161,-0.01253745,1.7864932939560956
-53.16933,-0.01254719,1.7863027068424597
-53.17767,-0.012548,1.7861119507492527
-53.18607,-0.01255748,1.7859198827813372
-53.19441,-0.01255934,1.7857292467385202
-53.20279,-0.01256868,1.7855377565725408
-53.21117,-0.0125788,1.7853463267204988
-53.21953,-0.01258511,1.7851554138114336
-53.2278,-0.01259215,1.784966615189807
-53.23608,-0.01258129,1.7847776470393764
-53.24439,-0.01257254,1.7845880533141614
-53.25269,-0.01256219,1.784398746805091
-53.26106,-0.01255422,1.7842079034852105
-53.26938,-0.01253745,1.7840182596455976
-53.27776,-0.01251911,1.7838273080549931
-53.28601,-0.01249908,1.7836393773900503
-53.2944,-0.01251027,1.783448317271608
-53.30272,-0.01253008,1.783258910614693
-53.31105,-0.01254046,1.783069335531752
-53.3194,-0.01254896,1.7828793647340366
-53.32777,-0.01258344,1.7826889986211687
-53.33617,-0.01263869,1.782498010262079
-53.34459,-0.01268904,1.7823066275324266
-53.3528,-0.01270363,1.782120076172197
-53.36104,-0.01270548,1.781932900858004
-53.36929,-0.01272731,1.7817455562927669
-53.37761,-0.01275277,1.7815566807880683
-53.38591,-0.01278963,1.781368317970041
-53.3941,-0.01279293,1.781182508928889
-53.40234,-0.0127815,1.7809956230382413
-53.41075,-0.01279433,1.780804940952898
-53.41907,-0.01279948,1.7806163585401245
-53.42738,-0.01281429,1.7804280614171986
-53.43567,-0.01284098,1.7802402758307325
-53.44388,-0.01280583,1.7800543598256713
-53.45226,-0.01274396,1.779864653056765
-53.46066,-0.012735,1.779674553213522
-53.46892,-0.01268829,1.779487679945658
-53.4771,-0.01258064,1.7793026734807982
-53.48546,-0.01250421,1.7791136544399166
-53.4941,-0.01249884,1.7789183666983837
-53.50237,-0.01246757,1.778731501053131
-53.5108,-0.01243329,1.7785410795577716
-53.51921,-0.01243802,1.7783511696080714
-53.52768,-0.01247005,1.7781599650872222
-53.53603,-0.01248571,1.7779715287069289
-53.54442,-0.012504,1.7777822488319042
-53.5527,-0.01253037,1.777595508723183
-53.56107,-0.01252831,1.7774067975117003
-53.56937,-0.0124904,1.7772197227632134
-53.5777,-0.01249468,1.7770320301170077
-53.58606,-0.01251233,1.7768437201764788
-53.5943,-0.01251998,1.776658170738306
-53.60272,-0.01256072,1.7764686269651988
-53.61121,-0.01263973,1.7762775676952636
-53.61945,-0.01266409,1.7760921922921624
-53.62776,-0.01267691,1.7759052997924956
-53.63615,-0.01269147,1.7757166668375715
-53.64433,-0.01268817,1.7755328121350384
-53.65268,-0.01271003,1.775345194312754
-53.66095,-0.01273324,1.7751594315792025
-53.66893,-0.01272957,1.7749802371688794
-53.67745,-0.01274622,1.774788975631294
-53.68573,-0.01276206,1.7746031599086014
-53.69405,-0.01276284,1.77441650424954
-53.70248,-0.01280052,1.774227439775593
-53.71076,-0.01284462,1.774041797211583
-53.71898,-0.0128397,1.7738575564912065
-53.7272,-0.01283096,1.7736733721466966
-53.73546,-0.01283915,1.7734883482899373
-53.74378,-0.01282051,1.7733020379288544
-53.75215,-0.01283114,1.77311466611103
-53.76038,-0.01281991,1.7729304852383856
-53.76859,-0.01277972,1.7727468081271982
-53.77701,-0.01275748,1.7725584910726724
-53.78534,-0.01272612,1.7723722449277073
-53.79361,-0.01269978,1.7721873973507263
-53.80202,-0.01270313,1.771999478829977
-53.81035,-0.01269987,1.771813405785318
-53.81873,-0.0126789,1.7716262739756212
-53.8271,-0.01266433,1.7714394236360493
-53.8355,-0.01265346,1.7712519619953375
-53.84389,-0.01264892,1.7710647819093306
-53.85231,-0.01265507,1.7708769911634246
-53.86061,-0.01265089,1.7706919342354275
-53.86893,-0.01263495,1.7705064886196924
-53.87721,-0.0126289,1.7703219914319988
-53.88562,-0.01264284,1.7701346555908608
-53.89397,-0.01265811,1.7699487141140278
-53.90237,-0.0126759,1.7697617173419276
-53.91069,-0.01269595,1.7695765589347863
-53.9191,-0.01271674,1.7693894556845349
-53.92741,-0.01273576,1.769204634526301
-53.93573,-0.01276433,1.7690196480144054
-53.94403,-0.01278526,1.768835163038431
-53.95238,-0.01277275,1.7686496239832237
-53.96065,-0.01276008,1.7684659191466374
-53.96895,-0.01276849,1.768281604515189
-53.9772,-0.01280025,1.7680984563852884
-53.98554,-0.0128316,1.7679133671720244
-53.99376,-0.01283388,1.7677309970633641
-54.0022,-0.01283086,1.7675438037709572
-54.01061,-0.01282301,1.767357334049736
-54.01892,-0.01281945,1.767173138596625
-54.02712,-0.01279802,1.7669914368931754
-54.03532,-0.01276078,1.7668097903371351
-54.04361,-0.01273282,1.7666262061324178
-54.05199,-0.01272594,1.766440686087598
-54.0605,-0.01274435,1.7662523469076312
-54.06889,-0.01275499,1.7660667215472703
-54.07718,-0.01275268,1.765883365219858
-54.0855,-0.01274856,1.7656994018729604
-54.09383,-0.01274438,1.7655152741079712
-54.10216,-0.0127533,1.7653312030425403
-54.1105,-0.01276542,1.7651469677788967
-54.11885,-0.01276961,1.7649625684950805
-54.1272,-0.01276893,1.7647782261044354
-54.13545,-0.0127834,1.7645961472565572
-54.14381,-0.01279406,1.7644116972928208
-54.15215,-0.01276655,1.7642277453434443
-54.16043,-0.01276548,1.7640451728318998
-54.16878,-0.01276409,1.7638611133571773
-54.17716,-0.01275549,1.7636764496330186
-54.1855,-0.01273544,1.763492724068247
-54.19385,-0.01272087,1.763308834858568
-54.20201,-0.01268754,1.763129184692597
-54.21051,-0.01267614,1.762942106613644
-54.21892,-0.01268492,1.7627570670902335
-54.22719,-0.01267592,1.762575163861524
-54.23555,-0.01266098,1.7623913374161413
-54.24385,-0.01266356,1.7622088863530152
-54.25227,-0.01267866,1.76202385448572
-54.26068,-0.01267684,1.7618390996942908
-54.26901,-0.01266796,1.761656158828031
-54.27739,-0.01267899,1.761472176536123
-54.28574,-0.01267837,1.7612889093894641
-54.29404,-0.0126734,1.7611067955156772
-54.30235,-0.01267117,1.7609245179996815
-54.31072,-0.01266979,1.7607409807861134
-54.31897,-0.01267494,1.7605601302822937
-54.32736,-0.0126919,1.760376267133172
-54.3358,-0.01272086,1.760191365545368
-54.34409,-0.01273063,1.7600098060341058
-54.3524,-0.01272195,1.7598278640869585
-54.36081,-0.01272747,1.7596437893401515
-54.36913,-0.01273846,1.7594617405134128
-54.37747,-0.01275486,1.7592793099789303
-54.3858,-0.01276194,1.7590971540365317
-54.394,-0.01274832,1.7589178953561055
-54.40224,-0.01274118,1.7587378166781367
-54.41057,-0.01275709,1.7585558265609054
-54.41895,-0.01279322,1.7583728002837247
-54.42735,-0.01283464,1.7581893937514872
-54.43567,-0.01287488,1.7580077897452164
-54.44397,-0.01290691,1.7578266775916598
-54.45233,-0.01293707,1.7576443120064833
-54.46062,-0.01297017,1.7574635286928428
-54.46893,-0.01299268,1.7572823644598858
-54.47708,-0.01299369,1.7571047420309607
-54.48532,-0.01298398,1.7569252121488872
-54.49359,-0.01296601,1.7567450832290552
-54.50182,-0.0129408,1.7565658798183255
-54.51012,-0.01292173,1.7563852070037638
-54.51849,-0.01290158,1.7562030661524193
-54.52672,-0.01287232,1.756024026385596
-54.53505,-0.01284582,1.755842866193393
-54.54341,-0.01282588,1.7556611091972432
-54.5518,-0.01279242,1.7554787559713887
-54.56021,-0.01275584,1.7552960243371496
-54.56859,-0.0127461,1.755114000563328
-54.57698,-0.01273135,1.7549318155749916
-54.58539,-0.01271677,1.7547492525014476
-54.59375,-0.01270625,1.7545678305666859
-54.60213,-0.01269923,1.754386030361819
-54.61046,-0.01268265,1.7542053701799984
-54.61896,-0.01268891,1.7540210798594482
-54.62744,-0.01270143,1.7538372803118727
-54.63571,-0.01268573,1.7536580873571515
-54.64406,-0.01267596,1.7534772160048138
-54.65242,-0.01266124,1.753296183407798
-54.66074,-0.01263765,1.7531160719741448
-54.66902,-0.01261649,1.7529368808879324
-54.67741,-0.01260548,1.7527553646012128
-54.68568,-0.0126037,1.75257649900303
-54.69409,-0.0126063,1.7523946609222314
-54.70244,-0.01260551,1.7522141754554275
-54.71077,-0.01260031,1.7520341771830301
-54.71915,-0.01261953,1.7518531537861972
-54.72754,-0.0126555,1.7516719699076555
-54.7359,-0.01267901,1.751491489132361
-54.74428,-0.01269361,1.7513106319052874
-54.75255,-0.01269945,1.7511322029750214
-54.76082,-0.01268884,1.7509538279375656
-54.76917,-0.01269402,1.7507737820383253
-54.7775,-0.01269808,1.7505942220802337
-54.78577,-0.01269056,1.7504160094856749
-54.79398,-0.01269798,1.7502391430591464
-54.80219,-0.01270477,1.750062329625878
-54.81055,-0.01270298,1.7498823401699126
-54.81888,-0.01269754,1.7497030512115535
-54.82732,-0.01271059,1.749521450255092
-54.83562,-0.01271465,1.7493429161555936
-54.84406,-0.01272273,1.7491614260505148
-54.85233,-0.01272735,1.7489836457266263
-54.86052,-0.01271134,1.7488076379881194
-54.86879,-0.01269906,1.7486299643203358
-54.87724,-0.01271175,1.7484484788229144
-54.88559,-0.01273837,1.748269195976576
-54.89394,-0.01274208,1.7480899676722057
-54.90234,-0.01275548,1.7479097211521402
-54.91071,-0.01278964,1.7477301732212167
-54.91899,-0.01280803,1.7475526097621241
-54.92728,-0.01282854,1.747374885484954
-54.93562,-0.01283476,1.7471961434129621
-54.94396,-0.01283357,1.7470174556038551
-54.95221,-0.01283649,1.7468407494439258
-54.9606,-0.01285346,1.7466610990418592
-54.96886,-0.01286209,1.7464842858301957
-54.97711,-0.01286165,1.7463077397120363
-54.98541,-0.01286296,1.746130177077883
-54.99367,-0.01284562,1.745953523378236
-55.00211,-0.01284471,1.7457730748874907
-55.01041,-0.0128426,1.7455956736188658
-55.01874,-0.01283524,1.7454176849560712
-55.0271,-0.01283637,1.7452391094569766
-55.0354,-0.01282411,1.7450618692695974
-55.04367,-0.01279187,1.7448853228718217
-55.05199,-0.01277426,1.744707762607673
-55.06029,-0.01278448,1.7445306826389761
-55.06874,-0.012801,1.7443504572648658
-55.07709,-0.01280734,1.7441724190584504
-55.08545,-0.01280965,1.7439942217046425
-55.09374,-0.01280454,1.7438175698364278
-55.10208,-0.01280508,1.7436399061523629
-55.11052,-0.01282197,1.7434601669517908
-55.11896,-0.01285153,1.7432804827957566
-55.1272,-0.01285211,1.7431051096373475
-55.13538,-0.01282777,1.7429310653159549
-55.14372,-0.01281763,1.7427536698648547
-55.15201,-0.01280541,1.7425773911050566
-55.1604,-0.01278941,1.7423990398909361
-55.1687,-0.01278025,1.7422226552374807
-55.17702,-0.01275553,1.7420458988180223
-55.1853,-0.01271748,1.7418700451025906
-55.19359,-0.01267885,1.7416940318613086
-55.20203,-0.01266956,1.7415148881300198
-55.21034,-0.01266085,1.7413385572340254
-55.21866,-0.01265022,1.74116206731565
-55.2272,-0.01266026,1.7409809659008602
-55.23547,-0.01266215,1.740805643547525
-55.24393,-0.01267988,1.7406263475462374
-55.25234,-0.0127046,1.7404481656342519
-55.2607,-0.01271254,1.7402710968192587
-55.26909,-0.01271592,1.7400934464453819
-55.27734,-0.01273527,1.7399188130253735
-55.28569,-0.01277265,1.7397421159073891
-55.29398,-0.01279069,1.7395667412618878
-55.30229,-0.01279132,1.739390996286049
-55.31061,-0.0127828,1.7392150927281405
-55.31889,-0.01277903,1.7390400873914857
-55.3273,-0.01279067,1.7388623880073668
-55.33566,-0.01280508,1.7386857986332864
-55.34393,-0.01280383,1.73851116283213
-55.35213,-0.01279043,1.7383380567288014
-55.36043,-0.01278453,1.7381628917983476
-55.36884,-0.01279722,1.7379854589693409
-55.37717,-0.01280882,1.7378097670935513
-55.38557,-0.01280413,1.7376326523316452
-55.39395,-0.01279412,1.7374560127956213
-55.40227,-0.0127943,1.7372806908453389
-55.4106,-0.01279198,1.7371052109163228
-55.4189,-0.01278509,1.7369304154358893
-55.42717,-0.01277666,1.736756303812733
-55.4355,-0.01278541,1.7365809815010236
-55.44382,-0.01279378,1.73640592224706
-55.45215,-0.01279426,1.7362307052116104
-55.46066,-0.01281939,1.7360517563260158
-55.46893,-0.01283242,1.7358779067849333
-55.47728,-0.01283365,1.7357024280930862
-55.4856,-0.01284484,1.7355276323947115
-55.49391,-0.01286191,1.7353530991058297
-55.5022,-0.01288262,1.7351790379480452
-55.51038,-0.01288238,1.735007337366453
-55.51872,-0.01288064,1.7348323304283673
-55.52705,-0.01289821,1.7346575858072777
-55.53536,-0.01291466,1.7344833129739325
-55.54364,-0.0129253,1.7343097211489917
-55.55197,-0.01294364,1.734135133281502
-55.5603,-0.01294751,1.733960597764951
-55.5686,-0.01293966,1.7337867428727733
-55.57686,-0.01292732,1.7336137773886469
-55.5851,-0.0129185,1.7334412819262717
-55.59346,-0.01291289,1.7332663266506527
-55.60176,-0.01288822,1.733092679080662
-55.61008,-0.01287076,1.732918665105319
-55.61833,-0.01285123,1.7327461665965158
-55.62666,-0.01283441,1.7325720472881168
-55.6351,-0.01282971,1.7323956818627089
-55.64345,-0.01282492,1.7322212497607534
-55.6518,-0.01282292,1.7320468700024079
-55.66014,-0.01282039,1.7318727513082073
-55.66847,-0.01281455,1.7316988934669841
-55.67699,-0.01281879,1.7315211238969637
-55.68533,-0.01281149,1.731347162708742
-55.69368,-0.01280347,1.7311730451282803
-55.702,-0.01280276,1.7309996050411116
-55.71037,-0.01281383,1.730825174918063
-55.71875,-0.01281506,1.7306505888951205
-55.72705,-0.01278893,1.730477721322051
-55.73534,-0.01277356,1.730305113416371
-55.74378,-0.01279528,1.7301294350688092
-55.75217,-0.01282743,1.729954850187894
-55.76054,-0.01285692,1.7297807338307698
-55.76878,-0.01288214,1.729609372842655
-55.77712,-0.01288075,1.7294359837869004
-55.78549,-0.01289096,1.7292620231533324
-55.79395,-0.01292811,1.7290862450140203
-55.80222,-0.01294745,1.7289144661269749
-55.81046,-0.01294695,1.7287433610115381
-55.81879,-0.01295943,1.7285704383774712
-55.82703,-0.01295502,1.7283994348257465
-55.83527,-0.01293423,1.7282284817463944
-55.84372,-0.01294646,1.728053224247955
-55.85202,-0.01296331,1.7278811294560161
-55.86031,-0.01296324,1.7277092930561966
-55.86864,-0.01295776,1.7275366788953517
-55.87695,-0.01294519,1.7273645304548655
-55.88522,-0.0129289,1.727193261474143
-55.89363,-0.01290175,1.727019145115463
-55.90196,-0.01290256,1.7268467366797156
-55.91029,-0.01290736,1.7266743796177768
-55.91858,-0.01290797,1.7265029011823976
-55.92691,-0.01290709,1.7263306465527952
-55.93527,-0.01290205,1.7261578231409271
-55.94367,-0.01289823,1.725984224846171
-55.95197,-0.01290435,1.7258127443948799
-55.96051,-0.01291942,1.7256363585678542
-55.96872,-0.01290306,1.7254668393345427
-55.97701,-0.01287082,1.7252957187245261
-55.98532,-0.01284079,1.7251242361390449
-55.99362,-0.01283515,1.7249530107180067
-56.00195,-0.01283916,1.7247812174397499
-56.01038,-0.01282681,1.7246074138400775
-56.01862,-0.01280063,1.724437578076718
-56.02707,-0.01278694,1.7242634658567724
-56.0354,-0.01277573,1.7240918776344953
-56.04387,-0.01278435,1.723917457877195
-56.05223,-0.01280377,1.7237453550019328
-56.06043,-0.01277546,1.7235765958270388
-56.06876,-0.0127392,1.7234052117435805
-56.07723,-0.01274067,1.723230999462705
-56.08556,-0.01276163,1.7230597180450724
-56.09393,-0.01277465,1.7228876653855418
-56.10239,-0.01278803,1.7227138148659975
-56.11061,-0.01279467,1.7225449464905123
-56.1189,-0.01279498,1.7223746901667711
-56.12734,-0.01282409,1.7222014048768393
-56.1357,-0.01284827,1.7220298134698595
-56.144,-0.01285927,1.7218595041322313
-56.15225,-0.0128658,1.721690270648104
-56.16055,-0.01289335,1.7215200616803075
-56.16895,-0.01293411,1.7213478532178366
-56.17717,-0.01293742,1.7211793847927903
-56.18553,-0.01294439,1.7210080976365267
-56.19371,-0.01294448,1.7208405478122017
-56.20209,-0.01293335,1.7206689519909313
-56.21042,-0.01293383,1.7204984307180058
-56.2187,-0.01292699,1.7203289830607966
-56.22691,-0.01290469,1.7201610172068853
-56.23512,-0.01288416,1.7199931003970472
-56.24355,-0.01288289,1.7198207349998356
-56.25186,-0.01286737,1.7196508737666631
-56.26018,-0.01284204,1.7194808583975378
-56.26866,-0.01284982,1.7193076252393427
-56.27702,-0.01286543,1.719136894597475
-56.28537,-0.01284936,1.7189664188047447
-56.29373,-0.01282439,1.718795789513326
-56.30206,-0.01280227,1.7186258229272604
-56.3103,-0.01277927,1.718457742189262
-56.3187,-0.01277524,1.7182864483732758
-56.32712,-0.01276774,1.718114797987186
-56.33545,-0.01275652,1.7179450328345651
-56.34366,-0.01273526,1.7177777623959822
-56.35205,-0.01271756,1.7176068749939
-56.36052,-0.01271945,1.7174344097605911
-56.36887,-0.01272561,1.7172644386875238
-56.37724,-0.0127309,1.7170941110277833
-56.3855,-0.01273087,1.7169260714190706
-56.39391,-0.01273437,1.7167550308180441
-56.4023,-0.01274612,1.7165844477973415
-56.41058,-0.01275056,1.7164161510128064
-56.41895,-0.01277696,1.7162460751219224
-56.42731,-0.0128161,1.7160762527931954
-56.43564,-0.0128309,1.7159070899169389
-56.44394,-0.01283073,1.7157385859314571
-56.45219,-0.01282185,1.715571146132683
-56.46056,-0.01280324,1.7154013208512278
-56.46886,-0.0128173,1.7152329655672172
-56.4771,-0.01284016,1.7150658762578108
-56.4854,-0.01286758,1.714897619561869
-56.49381,-0.01290698,1.7147271833852238
-56.50215,-0.01292733,1.7145582159262966
-56.51061,-0.01294794,1.714386868235894
-56.51895,-0.01296975,1.7142180012190602
-56.52716,-0.01297744,1.7140518150920725
-56.53534,-0.01297045,1.7138862842250528
-56.54356,-0.01294842,1.7137199921617952
-56.55191,-0.01294438,1.7135511196704054
-56.56033,-0.01296631,1.7133808819715162
-56.5687,-0.01300487,1.7132117054130642
-56.57701,-0.01302953,1.7130437911087912
-56.58521,-0.01300572,1.7128781478411055
-56.5936,-0.0129692,1.7127087161799213
-56.6019,-0.01295273,1.7125411514454463
-56.6102,-0.01293671,1.7123736358465433
-56.6185,-0.0129412,1.7122061693616044
-56.62676,-0.01293985,1.7120395586821497
-56.63504,-0.01293815,1.7118725933626955
-56.64354,-0.01295288,1.7117012425423974
-56.65193,-0.01298325,1.711532159628101
-56.66036,-0.01300488,1.711362321030082
-56.66869,-0.01302823,1.7111945467594185
-56.67693,-0.01303148,1.7110286336962854
-56.68521,-0.01303425,1.7108619638173699
-56.69345,-0.01303329,1.710696147438549
-56.70186,-0.01303059,1.7105269597857986
-56.71014,-0.01301772,1.7103604364228335
-56.71851,-0.01300286,1.710192152438419
-56.72675,-0.01299531,1.7100265306931912
-56.73506,-0.01299215,1.7098595506905254
-56.74336,-0.01298476,1.7096928204463042
-56.75166,-0.01296654,1.7095261389710892
-56.76003,-0.01295435,1.7093581011144638
-56.76849,-0.01294166,1.7091883067525666
-56.77692,-0.01292168,1.7090191648296527
-56.78522,-0.01288552,1.708852680327733
-56.79347,-0.01283603,1.708687246966949
-56.80185,-0.0127839,1.7085192559749376
-56.81018,-0.01273788,1.708352316433428
-56.81862,-0.01270257,1.7081832223309892
-56.82704,-0.01266058,1.7080145789750794
-56.83547,-0.01263621,1.7078457853871885
-56.84389,-0.0126259,1.7076772420043738
-56.85225,-0.01260885,1.7075099490345589
-56.86063,-0.01261341,1.707342305211884
-56.86902,-0.01263647,1.707174510832084
-56.87743,-0.01266109,1.707006366145587
-56.8859,-0.01270033,1.7068370721039834
-56.8942,-0.01275227,1.706671224834869
-56.90254,-0.0128048,1.706504627034224
-56.91089,-0.0128465,1.7063378783919911
-56.91911,-0.0128748,1.7061737736236564
-56.9274,-0.01289562,1.7060083193681779
-56.9357,-0.01290455,1.705842713798197
-56.94402,-0.01292603,1.705676757629686
-56.95215,-0.01292355,1.7055146381655475
-56.96042,-0.01292326,1.7053497744574213
-56.96877,-0.01293872,1.7051833644995318
-56.97705,-0.01295566,1.705018397758396
-56.98538,-0.01296759,1.7048524832158702
-56.99374,-0.01297659,1.7046860199032383
-57.00203,-0.01298267,1.704520998638119
-57.01035,-0.01298922,1.7043554284441331
-57.01869,-0.0130088,1.704189508738275
-57.02695,-0.01301341,1.7040252284227018
-57.03529,-0.01300318,1.7038594052910048
-57.04355,-0.01297953,1.703695220581468
-57.05194,-0.01296722,1.7035285005207537
-57.06023,-0.01295343,1.7033638157434696
-57.0686,-0.01293787,1.7031975902685539
-57.0769,-0.01290756,1.7030328031129933
-57.08513,-0.01286069,1.7028694530432005
-57.09354,-0.01282784,1.7027025789607722
-57.1019,-0.01280316,1.7025367457124894
-57.11034,-0.0127801,1.7023693747927258
-57.11867,-0.01276072,1.702204233747039
-57.12708,-0.01273562,1.7020375555690928
-57.13547,-0.01270934,1.7018713226652378
-57.14386,-0.01269252,1.7017051385748179
-57.15233,-0.0126897,1.7015374193843016
-57.16066,-0.0126916,1.7013725208911166
-57.16904,-0.01269558,1.7012066810987205
-57.17748,-0.01271697,1.7010397030439255
-57.18578,-0.012736,1.7008755428359987
-57.19417,-0.01276073,1.7007096510011421
-57.20255,-0.01277795,1.7005440054682874
-57.21091,-0.01279531,1.7003788036232947
-57.21922,-0.0128176,1.7002146376689509
-57.22751,-0.01282365,1.700050914324247
-57.23576,-0.01281736,1.6998880280440058
-57.24396,-0.01280578,1.699726175477727
-57.25227,-0.01278835,1.6995621990184842
-57.26051,-0.01276974,1.6993996508239273
-57.26891,-0.01275594,1.699233994500681
-57.27722,-0.01275672,1.6990701608772212
-57.28549,-0.0127558,1.6989071630529824
-57.29385,-0.01276156,1.6987424391972263
-57.30223,-0.01277632,1.6985773695020248
-57.31062,-0.01280238,1.698412151185941
-57.31896,-0.01282569,1.698247965420168
-57.32735,-0.01284483,1.6980828435293103
-57.33576,-0.01286693,1.6979173765203428
-57.34407,-0.01288634,1.6977539246865456
-57.35236,-0.012892,1.6975909134340768
-57.36061,-0.01287793,1.697428735503336
-57.36887,-0.01286192,1.6972664077225157
-57.37717,-0.01285843,1.6971033409281078
-57.38538,-0.01285583,1.6969420887340991
-57.39374,-0.01286192,1.696777937802973
-57.40215,-0.01288198,1.6966128533513118
-57.41048,-0.01289379,1.6964493869411994
-57.41876,-0.01289928,1.696286948725469
-57.42722,-0.01290976,1.6961210276241823
-57.43562,-0.01294893,1.6959563316283517
-57.44392,-0.01297055,1.6957936436092802
-57.45221,-0.012959,1.6956311985213448
-57.46053,-0.0129362,1.6954682127018321
-57.46881,-0.01291062,1.695306057320484
-57.47707,-0.01289512,1.695144340169045
-57.48538,-0.01289695,1.6949816909969107
-57.49384,-0.01289148,1.6948161542175648
-57.502,-0.01287411,1.6946565336857846
-57.51036,-0.01286042,1.6944930478612896
-57.5188,-0.01286163,1.6943280457867687
-57.52721,-0.01288743,1.6941636783706353
-57.53566,-0.01290152,1.6939985775778013
-57.54396,-0.01289862,1.6938364547730118
-57.55223,-0.0128938,1.6936749644627151
-57.56065,-0.01290908,1.6935105927400054
-57.56889,-0.01292274,1.6933497814531422
-57.57724,-0.01294148,1.6931868703675272
-57.58556,-0.01296393,1.6930245915816395
-57.5938,-0.0129675,1.692863919380211
-57.60222,-0.01298614,1.6926997848346819
-57.61052,-0.0130159,1.6925380364558418
-57.61887,-0.01302665,1.6923753607108227
-57.62712,-0.01299067,1.6922146794773019
-57.63538,-0.01296062,1.692053849562543
-57.64363,-0.01294003,1.6918932603654557
-57.65198,-0.01290522,1.691730771432308
-57.66029,-0.01287079,1.691569107612882
-57.66859,-0.01283197,1.6914076848419564
-57.67688,-0.01280551,1.691246502931504
-57.68547,-0.01282684,1.6910795370133935
-57.69377,-0.01285799,1.6909182551252933
-57.70212,-0.01285457,1.6907560484779416
-57.71053,-0.0128771,1.6905927237195706
-57.71884,-0.01291128,1.6904313877409871
-57.72727,-0.01293244,1.6902677694614696
-57.7355,-0.01295954,1.690108079084792
-57.74384,-0.01298379,1.6899463007655884
-57.75209,-0.01297742,1.6897863142268963
-57.76036,-0.01295557,1.6896259857106153
-57.76865,-0.01295776,1.689465315530136
-57.77692,-0.01295679,1.689305078913864
-57.78528,-0.01297258,1.6891431451054664
-57.79352,-0.01296448,1.688983581550319
-57.8018,-0.01295207,1.6888232892401276
-57.81012,-0.01297085,1.688662268820753
-57.81863,-0.01301802,1.6884976191929835
-57.82692,-0.01299849,1.6883372726750792
-57.83516,-0.01291926,1.68817793881784
-57.84354,-0.0129099,1.6880159443906786
-57.85181,-0.01292022,1.6878561223927133
-57.86012,-0.01292385,1.6876955733932109
-57.86847,-0.01294751,1.6875342980382926
-57.87715,-0.01299499,1.6873666982565658
-57.88544,-0.01301232,1.6872066758065585
-57.8936,-0.01297974,1.687049207511711
-57.90195,-0.01296137,1.686888118621221
-57.91017,-0.01295261,1.6867295830766857
-57.9185,-0.01295446,1.6865689719174357
-57.92696,-0.01295878,1.6864059015007866
-57.93532,-0.01296553,1.6862448054140375
-57.94367,-0.01297842,1.6860839484278438
-57.95192,-0.0129823,1.6859250633973817
-57.96021,-0.012981,1.685765453575824
-57.96861,-0.01300147,1.685603772455472
-57.97698,-0.01299121,1.6854427153673752
-57.98529,-0.01294045,1.6852828588078115
-57.99358,-0.01290913,1.6851234326282323
-58.00182,-0.01288076,1.6849650131668281
-58.01022,-0.0128644,1.6848035639237362
-58.01843,-0.01283073,1.6846458116843217
-58.02687,-0.01279184,1.6844836866093242
-58.03531,-0.01279416,1.6843216086896065
-58.04376,-0.01280731,1.6841593859529431
-58.05208,-0.01279679,1.683999705092393
-58.06047,-0.01277219,1.6838387271064117
-58.0688,-0.0127585,1.6836789463532913
-58.07709,-0.01274279,1.6835199783597972
-58.08548,-0.01273097,1.6833591389793114
-58.09403,-0.01274303,1.6831952801346368
-58.1022,-0.01271658,1.683038748963034
-58.11049,-0.01268198,1.68287996366921
-58.11888,-0.01266363,1.6827193091126325
-58.12732,-0.01265737,1.6825577439317692
-58.13561,-0.01263527,1.6823990958381616
-58.14395,-0.01264057,1.682239536529596
-58.15233,-0.01266878,1.6820792580452064
-58.16071,-0.01267012,1.6819190257477943
-58.16911,-0.01269764,1.6817584573668052
-58.17748,-0.01272875,1.6815985085637948
-58.18584,-0.01276777,1.6814387967931719
-58.1942,-0.01281401,1.681279130909953
-58.20264,-0.01285179,1.6811179836516006
-58.21065,-0.01284626,1.6809650897215542
-58.21904,-0.01285095,1.6808049875092408
-58.22733,-0.01287031,1.6806468388641553
-58.23563,-0.01287816,1.68048854455597
-58.2439,-0.01288432,1.680330867266787
-58.25217,-0.01287586,1.6801732347481648
-58.26047,-0.01283354,1.6800150754018977
-58.2688,-0.01283604,1.6798563896974024
-58.27715,-0.01285031,1.6796973685226542
-58.28545,-0.01286178,1.67953934472497
-58.29382,-0.01289494,1.679380033766873
-58.30216,-0.01287412,1.6792213393123
-58.31061,-0.01285756,1.6790605980626854
-58.31879,-0.01284252,1.6789050372958698
-58.32727,-0.01281069,1.6787438174287943
-58.33548,-0.01278824,1.6785877753984368
-58.34366,-0.01274097,1.6784323472336156
-58.35213,-0.01273466,1.678271454700968
-58.36067,-0.01275816,1.678109279759811
-58.36902,-0.01275922,1.6779507588100673
-58.37741,-0.01274629,1.6777915241529215
-58.38579,-0.01273679,1.6776325249688324
-58.39401,-0.01271753,1.6774766059052975
-58.40234,-0.01269146,1.6773186451090827
-58.41072,-0.01270277,1.6771597816291255
-58.41907,-0.01271644,1.6770015322051517
-58.42748,-0.01271325,1.6768421913798095
-58.43581,-0.0127187,1.6766844114935688
-58.44414,-0.01275541,1.6765266765838285
-58.45258,-0.01276668,1.6763669045917222
-58.46079,-0.01276322,1.6762115308397303
-58.46906,-0.01274134,1.676055065704836
-58.47743,-0.01273674,1.6758967536706044
-58.48578,-0.01277098,1.6757388650711333
-58.4941,-0.0127993,1.6755815885704712
-58.50238,-0.01279628,1.6754251126193496
-58.51061,-0.01278375,1.6752696254576733
-58.519,-0.01277805,1.6751111604777935
-58.52731,-0.01277832,1.6749542512717568
-58.53569,-0.0128048,1.674796065443151
-58.54411,-0.01284761,1.6746371701610974
-58.5524,-0.01286071,1.6744807727778879
-58.56058,-0.01284898,1.6743264940340414
-58.56894,-0.01284735,1.674168864930798
-58.5773,-0.01284703,1.6740112808203862
-58.58566,-0.01286301,1.673853741683545
-58.59404,-0.01288289,1.6736958707745702
-58.60234,-0.01287861,1.6735395514923126
-58.61054,-0.01284859,1.6733851590515973
-58.61882,-0.01283019,1.6732293041722777
-58.62717,-0.01281489,1.6730721762623029
-58.6355,-0.01279948,1.6729154692976098
-58.64391,-0.0128116,1.672757302505921
-58.65222,-0.01282825,1.6726010609658082
-58.66055,-0.01283267,1.672444487820179
-58.66892,-0.01284129,1.6722872076049806
-58.67734,-0.01287059,1.6721290331156795
-58.68564,-0.01291072,1.6719731573175314
-58.69403,-0.01292239,1.671815636104728
-58.70238,-0.01293687,1.671658910592722
-58.71069,-0.01293396,1.6715029801216779
-58.7189,-0.01292663,1.671348969411893
-58.72722,-0.01294637,1.6711929391515552
-58.73544,-0.01293394,1.671038827665205
-58.74373,-0.01288532,1.6708834474760117
-58.7522,-0.01288496,1.6707247388182909
-58.76054,-0.01289275,1.6705685107727057
-58.76889,-0.01288872,1.6704121398243186
-58.77724,-0.01285476,1.6702558133046055
-58.78539,-0.01280067,1.6701032739597372
-58.79381,-0.01282241,1.669945725578934
-58.80226,-0.01286825,1.669787661222545
-58.81055,-0.01288315,1.669632633940679
-58.81889,-0.01287511,1.6694767157285693
-58.82726,-0.01287567,1.669320281107772
-58.83571,-0.0129042,1.6691623964425686
-58.84403,-0.01290534,1.6690069850756313
-58.85214,-0.01287256,1.6688555386431148
-58.86049,-0.01285153,1.6686996540463732
-58.86876,-0.01282056,1.6685453065428928
-58.87723,-0.01282266,1.6683872712761794
-58.88553,-0.01282846,1.6682324520132537
-58.89386,-0.01281925,1.668077117037328
-58.90227,-0.0128081,1.6679203348190144
-58.91063,-0.01280529,1.6677645290841396
-58.91892,-0.01279973,1.6676100716034847
-58.92731,-0.01281258,1.6674537951927553
-58.93567,-0.01282507,1.6672981218335177
-58.94399,-0.01284075,1.667143237164637
-58.95221,-0.01283301,1.6669902570234432
-58.96065,-0.01284873,1.6668332269064199
-58.96898,-0.01286497,1.666678287465715
-58.97733,-0.01286782,1.6665230199468168
-58.9856,-0.01288006,1.6663692833505128
-58.99391,-0.0128896,1.6662148465833169
-59.00221,-0.01290023,1.6660606390845358
-59.01047,-0.01291278,1.6659072178208376
-59.0188,-0.0129246,1.665752539868652
-59.02719,-0.01294003,1.6655967919191137
-59.03542,-0.01294673,1.6654440571439992
-59.04379,-0.01294977,1.665288767878891
-59.05216,-0.01296628,1.6651335226349042
-59.0605,-0.01297505,1.664978877591622
-59.06871,-0.01296722,1.6648266857359841
-59.07709,-0.01297109,1.6646713861498594
-59.08536,-0.01298665,1.6645181682907575
-59.09361,-0.01299573,1.6643653637000684
-59.10201,-0.01300419,1.6642098246743218
-59.11031,-0.01301306,1.6640561807238026
-59.11871,-0.01302488,1.6639007295659867
-59.12706,-0.01303713,1.663746247488037
-59.13535,-0.01304015,1.6635929186180514
-59.14374,-0.01305343,1.6634377839480559
-59.15204,-0.01306581,1.6632843567187199
-59.16025,-0.01306982,1.6631326355111753
-59.16849,-0.01305885,1.662980402237745
-59.17679,-0.0130448,1.6628271033288557
-59.18506,-0.01304216,1.6626744012762682
-59.19341,-0.01304528,1.6625202653471054
-59.20171,-0.01305446,1.6623670954774785
-59.21005,-0.01304653,1.6622132306931001
-59.21841,-0.01303945,1.6620590404234088
-59.22675,-0.01302883,1.6619052624025459
-59.23503,-0.0129997,1.6617526335345825
-59.24338,-0.01298024,1.6615987575320652
-59.25182,-0.01301329,1.6614432670591386
-59.26006,-0.01302284,1.661291503923553
-59.26839,-0.01299714,1.6611381260736118
-59.27676,-0.01300819,1.6609840551339174
-59.28513,-0.013024,1.6608300276983452
-59.29358,-0.01302274,1.6606745721880851
-59.30194,-0.01303093,1.660520816013776
-59.31032,-0.01303423,1.6603667355023544
-59.31848,-0.01299901,1.6602167418989833
-59.32684,-0.01298073,1.6600631147723357
-59.33524,-0.01297716,1.6599087961892462
-59.34349,-0.01294511,1.6597572758191337
-59.35185,-0.01292001,1.6596037781467636
-59.36032,-0.01291855,1.6594483048608901
-59.36862,-0.01291019,1.659295995089662
-59.377,-0.01291608,1.659142260471226
-59.38539,-0.01293901,1.6589883858639305
-59.39372,-0.01293899,1.6588356546786427
-59.4021,-0.01294169,1.6586820499611967
-59.41045,-0.01296396,1.6585290382415887
-59.41882,-0.01300227,1.6583757031862971
-59.42712,-0.01304117,1.6582236931555827
-59.43547,-0.01306278,1.658070810241763
-59.4437,-0.01307409,1.6579201664768513
-59.45194,-0.01308637,1.6577693814533219
-59.46036,-0.01312372,1.6576153457530363
-59.46867,-0.01315488,1.6574633651635389
-59.47702,-0.01317117,1.657310695794779
-59.48515,-0.01316723,1.6571620900342356
-59.49341,-0.0131475,1.657011149638254
-59.50183,-0.01314168,1.6568573285897257
-59.51007,-0.01313672,1.6567068380191787
-59.51843,-0.01312381,1.6565541984222367
-59.52667,-0.01310912,1.6564037917793821
-59.53503,-0.01311562,1.6562512372967646
-59.54335,-0.01312083,1.656099455270824
-59.55171,-0.01311146,1.655946986241033
-59.56009,-0.0131064,1.6557941954083684
-59.56848,-0.01311031,1.6556412653134678
-59.57681,-0.01312251,1.655489471490669
-59.58516,-0.01312018,1.6553373558114135
-59.59351,-0.01312469,1.6551852827598172
-59.60178,-0.013118,1.6550347086949415
-59.61008,-0.01311103,1.6548836304195533
-59.61839,-0.01310429,1.6547324122640683
-59.62676,-0.01309872,1.6545801448879662
-59.6351,-0.01310213,1.654428465786089
-59.64342,-0.01309874,1.654277192689487
-59.65183,-0.01310504,1.654124326110364
-59.66013,-0.01311302,1.6539735012310568
-59.66838,-0.01310761,1.6538236265170934
-59.6767,-0.01309502,1.6536725221066177
-59.68497,-0.01308719,1.653522367524018
-59.69336,-0.01309096,1.6533700766718442
-59.7018,-0.01310266,1.6532169214328545
-59.71018,-0.01310796,1.653064897811395
-59.71854,-0.01310272,1.6529132795275974
-59.72682,-0.01308502,1.6527631539733743
-59.73514,-0.01305927,1.652612345095366
-59.7435,-0.01303758,1.6524608534819687
-59.75186,-0.01301315,1.6523094042595492
-59.76021,-0.01300801,1.6521581784936834
-59.7684,-0.01299913,1.6520098915145796
-59.77664,-0.01299773,1.6518607402490337
-59.78494,-0.01299884,1.6517105444949847
-59.79332,-0.01299561,1.6515589433736078
-59.8017,-0.01300846,1.651407384739899
-59.81,-0.01300821,1.6512573148302958
-59.81834,-0.01301415,1.6511065636391784
-59.82674,-0.01306638,1.6509547703919685
-59.83499,-0.01308054,1.6508057292229847
-59.84331,-0.01310331,1.6506554650803906
-59.85161,-0.01307947,1.6505056037757382
-59.85996,-0.01304719,1.650354881627051
-59.8682,-0.01302161,1.6502061862558084
-59.87654,-0.01295318,1.6500557280029873
-59.88498,-0.01289225,1.6499035083588574
-59.89333,-0.01285356,1.6497529541269453
-59.90166,-0.01282064,1.649602802326346
-59.9101,-0.01284548,1.6494507103142877
-59.91866,-0.01290965,1.64929649962132
-59.92708,-0.01294995,1.6491448540459506
-59.93529,-0.01299027,1.6489970316319482
-59.94333,-0.01301013,1.6488523093395044
-59.95148,-0.01297154,1.6487056466329104
-59.96001,-0.01296848,1.64855218836688
-59.96834,-0.01294497,1.6484023703174042
-59.97698,-0.01292051,1.648247020773637
-59.98583,-0.01292891,1.6480879417689143
