Temp./°C,DSC/(mW/mg),pore radius in nm
-0.31538,-0.0004150371,205.62422030566302
-0.31676,-0.0002977823,204.73087889885088
-0.31764,-0.0005640734,204.16526507996474
-0.31987,-0.001391034,202.74588395285585
-0.32393,-0.00216713,200.21189794091316
-0.32918,-0.002999755,197.0278649978735
-0.33543,-0.003947749,193.36730495185284
-0.34264,-0.005309173,189.31036890030353
-0.35024,-0.006053596,185.21481498401096
-0.35881,-0.00683796,180.80466458571388
-0.36757,-0.00807566,176.50927687243245
-0.3766,-0.009013436,172.29065852363252
-0.38548,-0.01043389,168.33486458441425
-0.39433,-0.01149292,164.56969568635407
-0.40303,-0.01236092,161.0295191424956
-0.41164,-0.01293154,157.67329414051113
-0.42015,-0.01373977,154.49121861240033
-0.42833,-0.01456218,151.55171970209884
-0.43654,-0.0150385,148.7122091904522
-0.44447,-0.01528881,146.0691337998065
-0.45256,-0.01549169,143.46817924695068
-0.46034,-0.01640702,141.05312117130816
-0.46809,-0.016174,138.7271919929928
-0.47609,-0.0163179,136.40566132453947
-0.48393,-0.01650359,134.20502985969043
-0.49199,-0.01641508,132.01576109270513
-0.50014,-0.0159171,129.8737949374175
-0.50832,-0.0163695,127.79300912810828
-0.51634,-0.01649709,125.81693031723282
-0.52461,-0.01592694,123.84252625760088
-0.53307,-0.01540127,121.88614984898793
-0.54164,-0.01535608,119.96664721955541
-0.5501,-0.01545929,118.13044355571714
-0.55858,-0.0148621,116.34571699667013
-0.56743,-0.01457543,114.54000511076256
-0.57585,-0.01498844,112.87355127203264
-0.58449,-0.0144993,111.21346695409675
-0.59312,-0.01405221,109.60358510925276
-0.60194,-0.01381594,108.00595707213343
-0.61055,-0.01420824,106.4908909999181
-0.61916,-0.0140273,105.0179617546353
-0.62792,-0.01332157,103.56082685692444
-0.63667,-0.01351592,102.14538442207109
-0.64531,-0.01365913,100.78540035021926
-0.65385,-0.01353695,99.4764770207234
-0.66249,-0.01331981,98.18656779724977
-0.67113,-0.01358349,96.92987066589185
-0.67955,-0.01396015,95.7359186226179
-0.688,-0.01380477,94.56709302325582
-0.69652,-0.01346714,93.41729799575029
-0.70506,-0.01338361,92.29269026749496
-0.71364,-0.01342206,91.18992040804886
-0.72212,-0.01347574,90.1257525065086
-0.73058,-0.01368566,89.08871116099537
-0.73894,-0.013708,88.08725444555714
-0.74736,-0.01370476,87.10125669021622
-0.75569,-0.01401407,86.14741931215181
-0.76402,-0.01391504,85.21438103714561
-0.77239,-0.01370907,84.29713266614016
-0.78084,-0.01375999,83.39106449464678
-0.7892,-0.01398789,82.51374049670552
-0.79756,-0.01390682,81.65480866643261
-0.80599,-0.01354729,80.80672750282261
-0.81453,-0.01358034,79.9654796017335
-0.8228,-0.01412483,79.1674720466699
-0.8311,-0.01384419,78.38253760077006
-0.83955,-0.01353902,77.5993609671848
-0.8481,-0.01336284,76.822800377314
-0.85655,-0.01350071,76.07055455023057
-0.86495,-0.01373421,75.33732759119023
-0.87328,-0.01400228,74.62414071088311
-0.88152,-0.01399023,73.93192031944822
-0.88988,-0.01366116,73.24271991729222
-0.89824,-0.01381938,72.56634841467758
-0.9066,-0.01416326,71.9024509155085
-0.91475,-0.01415093,71.2669117245149
-0.92317,-0.01359525,70.62210307960613
-0.9316,-0.01376782,69.9882052382997
-0.9399,-0.01406102,69.37519204170657
-0.94817,-0.0137983,68.77506871130704
-0.95662,-0.01365861,68.17260082373356
-0.96495,-0.01384294,67.58901652935386
-0.97328,-0.01384074,67.01542166694065
-0.98161,-0.01389993,66.45156192377829
-0.98998,-0.01370235,65.89455201115173
-0.9984,-0.01364168,65.34363782051282
-1.00682,-0.01380923,64.80193818160147
-1.01515,-0.01391964,64.2748712013003
-1.02348,-0.0140677,63.756383710477984
-1.03178,-0.01380334,63.24809029056583
-1.04018,-0.01375277,62.74193178103789
-1.0486,-0.01397604,62.24270646576388
-1.05687,-0.01400313,61.76011798991362
-1.06505,-0.01400144,61.29015398338106
-1.07341,-0.01399253,60.817249420072486
-1.08171,-0.01398575,60.35497009364803
-1.0901,-0.0139848,59.894832584166586
-1.09847,-0.01397911,59.442795797791476
-1.10671,-0.01395207,59.0044588916699
-1.11507,-0.01391299,58.56635897297927
-1.12331,-0.01387844,58.14092877300122
-1.13167,-0.01385581,57.71563432802849
-1.14012,-0.01385321,57.29209942813037
-1.14845,-0.01384099,56.880679611650486
-1.15685,-0.01382649,56.47180230799153
-1.16527,-0.01380584,56.06786744702944
-1.17372,-0.01380183,55.668319871860405
-1.18211,-0.0138194,55.27726074561589
-1.19051,-0.01384937,54.89125727629336
-1.19881,-0.01388204,54.515162285933556
-1.20717,-0.01388554,54.141576497096516
-1.2155,-0.01387965,53.774442616207324
-1.22389,-0.01389828,53.409715987547905
-1.23232,-0.01390351,53.048252401973514
-1.24062,-0.01389683,52.69716222533894
-1.24898,-0.01389639,52.34825105285913
-1.25713,-0.01385825,52.01257157175471
-1.26537,-0.01380911,51.677581181788725
-1.27379,-0.0137927,51.33975011579617
-1.28221,-0.01379311,51.00635597912978
-1.29045,-0.013792,50.68430121275524
-1.299,-0.01380731,50.35444957659739
-1.30736,-0.01381432,50.03609962060947
-1.31578,-0.01380874,49.71955387678791
-1.3243,-0.01381977,49.403345918598504
-1.33281,-0.01384916,49.09154470629722
-1.34129,-0.01387959,48.78477831043249
-1.34975,-0.01388561,48.4825764030376
-1.3582,-0.01387536,48.18448976586659
-1.36668,-0.01387945,47.88905054584834
-1.37517,-0.01390456,47.59691303620643
-1.38365,-0.01391378,47.30869837025259
-1.39217,-0.0139057,47.02266023545975
-1.40053,-0.0138843,46.74537646462411
-1.40898,-0.01384807,46.468451361978175
-1.41744,-0.01382179,46.19450615193588
-1.42592,-0.013817,45.923175493716336
-1.43437,-0.013801,45.655995942469524
-1.44258,-0.01376009,45.399402875403794
-1.4511,-0.0137424,45.136191165322856
-1.45952,-0.01374171,44.87908791931594
-1.46794,-0.01375041,44.624934125372974
-1.4764,-0.01376139,44.3724925494446
-1.48482,-0.01375732,44.124100833771095
-1.49309,-0.01376541,43.88286124748006
-1.50145,-0.01378348,43.64169735921942
-1.50984,-0.01379082,43.4023530970169
-1.51808,-0.01379818,43.169862984822934
-1.52638,-0.01380685,42.938217612914215
-1.53456,-0.01381433,42.71237305807528
-1.54298,-0.01383452,42.48240327159134
-1.55138,-0.01388428,42.2554671324885
-1.55953,-0.01390647,42.03762165524228
-1.56776,-0.01392306,41.819936214726745
-1.5761,-0.01395745,41.60166042763784
-1.58431,-0.01397963,41.389031628911006
-1.59261,-0.01398753,41.176300349740366
-1.60085,-0.01399732,40.96728894025049
-1.60915,-0.01401598,40.758919615946304
-1.61733,-0.01404753,40.555655370270756
-1.62557,-0.01407777,40.352968435687174
-1.63384,-0.01410363,40.15159917739803
-1.64211,-0.01414454,39.952258192203935
-1.65056,-0.01418997,39.75064172159752
-1.65877,-0.01423626,39.556719074977245
-1.66719,-0.01427276,39.3598199965211
-1.67528,-0.01425492,39.17250226827754
-1.68343,-0.01422676,38.98561573691808
-1.69176,-0.01423106,38.796462382371026
-1.69994,-0.01423986,38.61251914773463
-1.70836,-0.01425032,38.42501884848627
-1.71657,-0.01424589,38.24396610682932
-1.7249,-0.01422574,38.06202852339266
-1.73335,-0.01421887,37.879256641763064
-1.74168,-0.01422644,37.700816223416474
-1.75002,-0.01422202,37.52386338441847
-1.75823,-0.01419287,37.35130847500043
-1.76656,-0.01416734,37.177870663889145
-1.77489,-0.01412366,37.006060826304726
-1.78325,-0.01408118,36.83524603953456
-1.7917,-0.01405378,36.66421220070324
-1.79997,-0.01402634,36.49837658405418
-1.8083,-0.01400143,36.33287120499917
-1.81664,-0.01398585,36.16868768715871
-1.82497,-0.01397164,36.00619895121564
-1.83339,-0.01394999,35.84345518411249
-1.84187,-0.013954,35.681055611959586
-1.8503,-0.01397774,35.521089012592554
-1.85872,-0.01398529,35.36276060945167
-1.86699,-0.01394865,35.20864294934628
-1.87535,-0.01390675,35.05422961047271
-1.88359,-0.01389778,34.90337403575088
-1.89195,-0.01390002,34.751664420307094
-1.90038,-0.01391025,34.60003609804355
-1.90862,-0.01389852,34.45311974096468
-1.91695,-0.01389019,34.30588252171418
-1.9254,-0.01391251,34.157825906305185
-1.93395,-0.01393772,34.009334005532715
-1.94219,-0.01393548,33.86746317301603
-1.95042,-0.01391893,33.7269610647963
-1.95876,-0.01390706,33.58578549694705
-1.96709,-0.01389833,33.44597415471585
-1.97542,-0.01389528,33.307341932348564
-1.98369,-0.01390466,33.17086001340935
-1.99208,-0.01392286,33.03355568049476
-2.00047,-0.01392307,32.89740306028084
-2.0088,-0.01393835,32.763349263241736
-2.01717,-0.01394762,32.629766901153594
-2.0255,-0.01395572,32.49791903233769
-2.03383,-0.01396057,32.36715118766072
-2.04216,-0.01395867,32.2374501508207
-2.05025,-0.01394257,32.112494817705155
-2.05879,-0.01395247,31.981654418371956
-2.06703,-0.01396323,31.85643512672772
-2.07546,-0.01396198,31.729357443651047
-2.08376,-0.01395952,31.605243982032484
-2.09209,-0.01395697,31.481672059997422
-2.10042,-0.0139704,31.35908027918226
-2.10875,-0.0139748,31.237457024303495
-2.11708,-0.01398205,31.116790862886617
-2.12541,-0.01398966,30.997070541683723
-2.13374,-0.01400226,30.878284983175085
-2.14201,-0.01400592,30.76126894832424
-2.15041,-0.01400713,30.643334852423493
-2.15877,-0.01400136,30.526873590053594
-2.16707,-0.01399258,30.412137079097587
-2.17534,-0.01398745,30.298686090450232
-2.18367,-0.01398159,30.18528069717494
-2.19194,-0.01396933,30.073544805058532
-2.20027,-0.0139658,29.961847364187122
-2.20854,-0.01395417,29.85178796852219
-2.2169,-0.01395181,29.74136542018134
-2.22524,-0.01395879,29.632033758156425
-2.23372,-0.01398361,29.52170388410365
-2.24205,-0.01400551,29.414138177114697
-2.25038,-0.0140254,29.307368799936015
-2.25871,-0.0140496,29.20138694210412
-2.26711,-0.01407969,29.095303139238943
-2.27538,-0.01410081,28.99162627780854
-2.28371,-0.01411544,28.88795630793752
-2.29195,-0.01413243,28.786147821723862
-2.30022,-0.01414341,28.684702071975725
-2.30852,-0.01414936,28.58361911527732
-2.31682,-0.01416566,28.483260417296123
-2.32506,-0.01416232,28.3843359741254
-2.33339,-0.01416256,28.285041206142136
-2.34163,-0.01416289,28.187514295597513
-2.34996,-0.0141567,28.089617355189027
-2.35826,-0.01414561,27.99276084910061
-2.36662,-0.01412844,27.895890933060652
-2.37495,-0.01411485,27.80004694835681
-2.38329,-0.01410478,27.70475909352198
-2.39156,-0.014086,27.610927260867385
-2.39995,-0.01407977,27.516394716556597
-2.40822,-0.01407751,27.423858866714834
-2.41661,-0.01405872,27.330627490575644
-2.42494,-0.01404866,27.23870108126387
-2.43337,-0.01404758,27.146311863793834
-2.44173,-0.01405144,27.05531983470736
-2.45015,-0.01405203,26.964302389649617
-2.45845,-0.01405026,26.875192295958836
-2.46681,-0.01405056,26.786044202836862
-2.47514,-0.01404189,26.697814992283263
-2.48341,-0.01401285,26.610806793884215
-2.49181,-0.01399557,26.523022100400915
-2.50008,-0.01398328,26.437172250487986
-2.50847,-0.01398132,26.35065514038438
-2.51674,-0.01398182,26.26593998585472
-2.52513,-0.01398304,26.180562624498542
-2.53346,-0.01397354,26.09635526118431
-2.54179,-0.01395287,26.01269982964761
-2.55016,-0.01395111,25.92919314866518
-2.55861,-0.0139664,25.845442525433736
-2.567,-0.01397433,25.76283209972731
-2.57539,-0.01398009,25.680759923739707
-2.58363,-0.01397373,25.60067389680411
-2.59197,-0.01396653,25.520134453716672
-2.60027,-0.01396958,25.44049421790814
-2.60866,-0.01397384,25.360505470241428
-2.61708,-0.01399048,25.280746327968576
-2.62535,-0.01400472,25.20290608871198
-2.63365,-0.01400825,25.125274998576124
-2.64204,-0.01402108,25.047297845604152
-2.65035,-0.01402592,24.970550870639727
-2.65874,-0.01403751,24.893551757599468
-2.66707,-0.01404138,24.81758255313884
-2.67531,-0.01403579,24.742899589206484
-2.68367,-0.01403787,24.667597692711844
-2.692,-0.01402437,24.59303120356612
-2.70024,-0.01397065,24.519722987586288
-2.7086,-0.0139341,24.44580299785867
-2.71687,-0.01392916,24.373126391766995
-2.72536,-0.01393683,24.29897525464526
-2.7336,-0.01392379,24.227448053848406
-2.74199,-0.01390373,24.155060485268
-2.75026,-0.01389103,24.084140481263592
-2.7588,-0.01390565,24.01135131216471
-2.76726,-0.01393871,23.939686982791645
-2.77553,-0.01395108,23.870054404023737
-2.78377,-0.01394188,23.8010859014933
-2.79207,-0.01396033,23.732026740017265
-2.80043,-0.01401375,23.662882164524735
-2.80876,-0.01406533,23.594395106737494
-2.81703,-0.01409296,23.5268020219877
-2.82536,-0.01413937,23.459118554803638
-2.83363,-0.014211,23.392316251592483
-2.84193,-0.01426177,23.325662525114975
-2.85017,-0.01428546,23.25987463905662
-2.85835,-0.01430542,23.19494096244337
-2.86662,-0.01434423,23.129669576016354
-2.87499,-0.01439229,23.063991283447944
-2.8831,-0.01440024,23.00071693663071
-2.89134,-0.01437831,22.93679186813035
-2.89964,-0.01438698,22.872768619552772
-2.90797,-0.01439224,22.808881418996755
-2.91618,-0.01437095,22.746271697906163
-2.92445,-0.01433483,22.683559814666005
-2.93276,-0.01432576,22.620900857894952
-2.94112,-0.01432241,22.558222173865737
-2.94954,-0.01430716,22.495452782467776
-2.95778,-0.01428595,22.43437125141153
-2.9662,-0.01427559,22.372305980716067
-2.97459,-0.01430411,22.310811338705502
-2.98296,-0.01432009,22.249807975970178
-2.99117,-0.01430956,22.190302423466406
-2.99959,-0.01430454,22.129613147130108
-3.00795,-0.01430948,22.06969248159045
-3.01631,-0.01430625,22.010103968093468
-3.0247,-0.01431059,21.950632790028763
-3.03297,-0.01430424,21.892334213658557
-3.04128,-0.01425369,21.834073021885523
-3.04955,-0.01420079,21.77640750274631
-3.05791,-0.01417175,21.718431445006555
-3.06627,-0.01413894,21.66077152370796
-3.07463,-0.01411565,21.603425160100567
-3.08302,-0.0140988,21.54618568805911
-3.09139,-0.0140569,21.489392247500316
-3.09966,-0.01400984,21.433578586038468
-3.10829,-0.01400902,21.375651982279646
-3.11665,-0.01400572,21.31984358205124
-3.12499,-0.0139833,21.26446622229191
-3.13344,-0.01397437,21.208659109477125
-3.14174,-0.01397428,21.154134906134818
-3.15007,-0.01398555,21.099702514547296
-3.15852,-0.01401733,21.044779327026582
-3.16692,-0.01404831,20.990471625427862
-3.17525,-0.01405887,20.936900244075268
-3.18352,-0.01406509,20.883992059104386
-3.19197,-0.01409558,20.83021547821565
-3.20027,-0.01411234,20.77766997784562
-3.20851,-0.0141178,20.725773240538444
-3.21663,-0.01410777,20.674892387374367
-3.22502,-0.014101,20.622588821154597
-3.23326,-0.0141162,20.571484569753128
-3.24168,-0.01412739,20.51953234125515
-3.25002,-0.01412729,20.46833908714408
-3.25826,-0.01412907,20.418017039769694
-3.26662,-0.01412954,20.36722159296153
-3.27495,-0.01412397,20.316866364371975
-3.28331,-0.01414546,20.26658667625049
-3.29167,-0.01417876,20.216562383227966
-3.29988,-0.01416951,20.16768233996388
-3.30818,-0.0141564,20.11851307969941
-3.31667,-0.01416389,20.068472865856418
-3.32488,-0.01416338,20.020326026803975
-3.33327,-0.01415472,19.971368626003894
-3.3416,-0.01416272,19.923004548719177
-3.34993,-0.01416708,19.87488099751338
-3.35805,-0.01414406,19.828200443709893
-3.36644,-0.01412861,19.78020425137534
-3.3748,-0.01413338,19.732617043972976
-3.38323,-0.01414247,19.684869518182328
-3.39153,-0.01411843,19.63809021297173
-3.39989,-0.01409449,19.591203627176174
-3.40828,-0.01408803,19.544380039198657
-3.41649,-0.01406508,19.498783634665987
-3.42488,-0.01405831,19.45241339842564
-3.43321,-0.01406808,19.40659898462372
-3.44161,-0.01406459,19.360624155555104
-3.44991,-0.01406033,19.31541654709833
-3.45836,-0.0140852,19.269614846343355
-3.46678,-0.0141026,19.22419784353204
-3.47511,-0.01410617,19.179482865290595
-3.48354,-0.01415434,19.13444880782193
-3.49175,-0.01416622,19.090799026276223
-3.49999,-0.01418085,19.047195649130426
-3.50829,-0.01421317,19.00348183873055
-3.51656,-0.01420027,18.960131264644993
-3.52504,-0.01422183,18.915891110455483
-3.53334,-0.01423404,18.87279565510254
-3.54143,-0.01419311,18.830984969348542
-3.54991,-0.01417275,18.787363257096658
-3.55791,-0.01412588,18.74640131425472
-3.56636,-0.01408742,18.703334828789018
-3.57478,-0.01408764,18.66062375866487
-3.58312,-0.01406729,18.618516376788943
-3.59154,-0.01404966,18.576203467036425
-3.59993,-0.01405441,18.53423819352043
-3.60829,-0.01406279,18.492617084546975
-3.61662,-0.01407661,18.4513367177088
-3.62505,-0.01408305,18.40975393442849
-3.63341,-0.0140633,18.368706999760555
-3.6418,-0.014074,18.32770223515844
-3.65007,-0.01408471,18.287468432112263
-3.65843,-0.01405856,18.246981656065582
-3.66667,-0.0140344,18.207256693403007
-3.67503,-0.01401061,18.16713526148086
-3.68343,-0.0139955,18.12700529126385
-3.69182,-0.01399518,18.087105384336184
-3.70009,-0.01398371,18.04795323897527
-3.70842,-0.01394565,18.008693567611004
-3.71666,-0.01391678,17.970031210818316
-3.72514,-0.01389959,17.930421353291422
-3.73354,-0.01388823,17.891362567429304
-3.7419,-0.01387513,17.852663887329967
-3.75026,-0.01385208,17.814137739783376
-3.75865,-0.0138393,17.77564564404773
-3.76698,-0.01383197,17.737598447562767
-3.77535,-0.01384563,17.699537658760114
-3.7838,-0.01388024,17.661283894497597
-3.79216,-0.01391732,17.62360533310831
-3.80049,-0.01395625,17.586226854958177
-3.80891,-0.01398392,17.5486106786456
-3.81728,-0.01401245,17.511382345544472
-3.82561,-0.01403393,17.4744936624486
-3.83388,-0.01406039,17.438029254958423
-3.84206,-0.01408371,17.402116104381506
-3.85033,-0.01408937,17.365962943436017
-3.85854,-0.01406192,17.33022537021775
-3.86684,-0.01402087,17.29425029222828
-3.87526,-0.01400093,17.25791255296419
-3.88356,-0.01401313,17.222246907476645
-3.89189,-0.01402382,17.186605299738687
-3.9001,-0.01398866,17.15162611215097
-3.90849,-0.01396182,17.116031843499663
-3.91692,-0.01397985,17.080421453591086
-3.92543,-0.01401637,17.044628257286465
-3.93376,-0.01405156,17.00974212966729
-3.942,-0.01404522,16.975377980720445
-3.95024,-0.01403786,16.941157195512172
-3.95866,-0.01406991,16.906336032900022
-3.96703,-0.01410746,16.871868148211636
-3.97527,-0.01412499,16.838077388454117
-3.98357,-0.01415434,16.804181902163137
-3.99187,-0.01418707,16.770427368626734
-4.00023,-0.0141961,16.736570422200725
-4.0085,-0.01421285,16.70321691405763
-4.01674,-0.01422139,16.67012099364161
-4.02507,-0.01422349,16.636801322709914
-4.03334,-0.01421774,16.603857795276372
-4.04161,-0.01419783,16.571049086873796
-4.04985,-0.01418179,16.538492660221983
-4.05821,-0.01416688,16.505597221435067
-4.06661,-0.01415727,16.47268061112327
-4.07484,-0.01414566,16.440561788929134
-4.08318,-0.01413448,16.408145758942787
-4.09148,-0.01412612,16.376016404821726
-4.0999,-0.01411627,16.343555452572016
-4.10832,-0.01410716,16.311227557736494
-4.11665,-0.01409137,16.279375341600574
-4.12499,-0.01407818,16.247613763912153
-4.13347,-0.0140858,16.215450432687305
-4.14171,-0.01408522,16.184323552349152
-4.15001,-0.01407653,16.15309498049402
-4.15837,-0.01406606,16.121766677808854
-4.16664,-0.01404548,16.090899333755736
-4.1751,-0.01402415,16.05944935450648
-4.18346,-0.01401228,16.028496077409606
-4.19182,-0.01402125,15.9976662642957
-4.20015,-0.01403214,15.967069152292181
-4.20848,-0.01403481,15.936593164277841
-4.21672,-0.01401248,15.90656491301296
-4.22511,-0.01399004,15.876110373457733
-4.23351,-0.01400737,15.845740461224848
-4.24196,-0.01405492,15.815311129760772
-4.25032,-0.0140929,15.785324963767433
-4.25853,-0.01409459,15.755991410181448
-4.26683,-0.01409208,15.726451042108547
-4.27504,-0.01409811,15.69734383771848
-4.28349,-0.01412008,15.667502270344977
-4.29192,-0.01414926,15.637848422151391
-4.3001,-0.01415871,15.609185135229415
-4.30837,-0.01415553,15.580317126894858
-4.31667,-0.01415355,15.55145561277559
-4.32503,-0.01415451,15.522497439324122
-4.33333,-0.01414257,15.493857633736642
-4.34163,-0.01412156,15.465327330979378
-4.34999,-0.0141176,15.436700842990444
-4.35829,-0.01410135,15.408388450516142
-4.36662,-0.01408039,15.38008193980699
-4.37492,-0.01405076,15.351984584860979
-4.38329,-0.01403312,15.323758021942425
-4.39165,-0.01404745,15.295672583197659
-4.40007,-0.01405771,15.267493448967857
-4.40843,-0.01406421,15.239621611321946
-4.41679,-0.01406306,15.211855284041127
-4.42513,-0.01406697,15.184259920047547
-4.43346,-0.0140713,15.156801279361943
-4.44185,-0.01407652,15.129248961581325
-4.45027,-0.01407394,15.101702570855252
-4.45854,-0.01407102,15.074748191111889
-4.46666,-0.01402239,15.048379818477342
-4.47517,-0.01398216,15.02084767729494
-4.48341,-0.0139845,14.994288655286937
-4.49178,-0.01400445,14.96741038073993
-4.50017,-0.01405699,14.940568222978245
-4.50856,-0.01408585,14.913825966605746
-4.51686,-0.01409473,14.88746832976891
-4.52541,-0.01415889,14.86041788478834
-4.53365,-0.01420913,14.83444476304964
-4.54189,-0.01422638,14.808565883365734
-4.5501,-0.01424008,14.782874442319951
-4.55821,-0.01425023,14.75758679393885
-4.56667,-0.01426668,14.731303531895232
-4.57491,-0.01429242,14.705797206939591
-4.58321,-0.01432188,14.68019787441553
-4.59151,-0.01433258,14.654691092908433
-4.59981,-0.01432299,14.629276361414929
-4.60802,-0.01432065,14.604227281999645
-4.61635,-0.01431867,14.578903137760353
-4.62468,-0.01431697,14.55367022150722
-4.63295,-0.01427927,14.528708814038572
-4.64128,-0.01424654,14.503656232763376
-4.64964,-0.01425032,14.4786036768438
-4.65801,-0.01424726,14.453611241710517
-4.66634,-0.01425085,14.428827260765397
-4.6747,-0.0142615,14.404042826277625
-4.68303,-0.01426244,14.379435344210908
-4.69139,-0.01426203,14.354827098152146
-4.69984,-0.01426571,14.33004289507728
-4.70815,-0.01430215,14.305756082537728
-4.71645,-0.01432903,14.281583924349883
-4.72481,-0.01436998,14.257322876475458
-4.73311,-0.01441587,14.233320734147316
-4.74129,-0.01440531,14.209747832340987
-4.74962,-0.01428419,14.185826108193918
-4.75801,-0.01410885,14.161816746917305
-4.7664,-0.01395757,14.137891910036926
-4.77486,-0.01396831,14.113852594631046
-4.78325,-0.01402097,14.090096168922805
-4.79158,-0.01408615,14.066591938358538
-4.79997,-0.01418779,14.043000872922123
-4.80827,-0.01436849,14.019743878775527
-4.81648,-0.01468195,13.996817925123741
-4.82472,-0.01508726,13.97388665041702
-4.83275,-0.01554018,13.951615022502716
-4.84074,-0.01608481,13.929527675520685
-4.84862,-0.01693116,13.907815708387128
-4.85622,-0.01835314,13.886941983682782
-4.8636,-0.02183116,13.866734928859282
-4.86983,-0.02864804,13.849724343560247
-4.87373,-0.03676271,13.839097795733453
-4.8759,-0.04250314,13.833192436268178
-4.87795,-0.04430964,13.827618466773952
-4.88124,-0.04356797,13.818682711769961
-4.88588,-0.04247913,13.806100763833742
-4.89125,-0.04177551,13.791569128545872
-4.8972,-0.04139822,13.775505186637263
-4.9034,-0.04145584,13.75880776603989
-4.90987,-0.04171544,13.741428164085812
-4.91664,-0.0421038,13.723291678870122
-4.92345,-0.04249746,13.705098355827724
-4.93041,-0.04296643,13.686556229603623
-4.93739,-0.04346159,13.66801332282846
-4.94438,-0.04362682,13.64949631703065
-4.95174,-0.0440556,13.630055657203327
-4.95891,-0.04464243,13.611172354408529
-4.96617,-0.04511001,13.592107579885505
-4.97344,-0.04569241,13.573072320164716
-4.9807,-0.04630942,13.554118698174957
-4.98784,-0.04664102,13.53553217424777
-4.99522,-0.04709661,13.51637673615977
-5.00258,-0.04780921,13.497329497979043
-5.00981,-0.04817159,13.478673183214534
-5.01726,-0.04856367,13.45950542726508
-5.02461,-0.04924983,13.440650657463962
-5.03194,-0.04984937,13.421902049706476
-5.0392,-0.0502762,13.403386251785998
-5.04656,-0.0506758,13.384669794870169
-5.05397,-0.05113677,13.365881257704341
-5.06136,-0.0517952,13.347198223402406
-5.06865,-0.05237354,13.328821382419383
-5.076,-0.05284726,13.310346729708433
-5.08336,-0.05319961,13.291900475276195
-5.09081,-0.05346437,13.273282974615041
-5.09828,-0.05376493,13.254670124041834
-5.10576,-0.05424025,13.23608692927204
-5.11333,-0.05481299,13.2173354936998
-5.12074,-0.0551874,13.199034084917416
-5.12831,-0.05530251,13.180392117481198
-5.13597,-0.05548671,13.161584452401396
-5.14363,-0.05616893,13.14283280484794
-5.15108,-0.05680491,13.124648733857754
-5.15862,-0.05725827,13.106298467419581
-5.16609,-0.05752517,13.088171382999523
-5.17363,-0.05793152,13.06992751704316
-5.18117,-0.05861531,13.051736750579503
-5.18865,-0.05903146,13.033742977460419
-5.19621,-0.05936173,13.015609396079066
-5.20375,-0.05976088,12.997576267115061
-5.21126,-0.06016902,12.97966676005419
-5.21886,-0.06073431,12.961595099312877
-5.22636,-0.0613831,12.94381274921743
-5.23363,-0.06142305,12.926624369701337
-5.24141,-0.06166634,12.908283019263902
-5.24892,-0.06203566,12.89062976764744
-5.25673,-0.06250681,12.872324829314042
-5.26418,-0.06297225,12.854914269648836
-5.27177,-0.06302171,12.837227136236976
-5.2795,-0.06353934,12.819266028980019
-5.28709,-0.06411895,12.801681321861365
-5.29463,-0.06486772,12.784262375274572
-5.30208,-0.06614156,12.767100006035367
-5.30919,-0.06782307,12.750765804199888
-5.31593,-0.06916074,12.735321966241091
-5.32268,-0.06977241,12.719894414092149
-5.32958,-0.0697776,12.704164418209315
-5.33684,-0.06980734,12.687657640101635
-5.34419,-0.06980114,12.670991918326257
-5.35173,-0.0700103,12.653942949289297
-5.35912,-0.07024939,12.637279702637747
-5.36662,-0.07018398,12.620415345226604
-5.37453,-0.07043917,12.602680066908176
-5.38213,-0.07265278,12.585688955859483
-5.38982,-0.08294967,12.568545405969031
-5.39174,-0.09496453,12.56427272086562
-5.39186,-0.09831082,12.564005779081802
-5.3943,-0.09638858,12.558580538716793
-5.39879,-0.09348027,12.548610021875273
-5.40462,-0.09105329,12.535688614555694
-5.41127,-0.08931394,12.520983780147729
-5.41859,-0.08837078,12.504839137118697
-5.42613,-0.0879467,12.488254815126067
-5.43391,-0.08773053,12.471190855203712
-5.4417,-0.08811008,12.454153848981017
-5.44939,-0.08832272,12.437383321802992
-5.45714,-0.08837955,12.42052976467527
-5.46501,-0.08835235,12.403464165664838
-5.47289,-0.08846901,12.386426056434535
-5.48097,-0.08886266,12.36900638025751
-5.48875,-0.08887429,12.3522819403325
-5.49669,-0.0892586,12.335262366988132
-5.50462,-0.09010502,12.318313235064364
-5.51219,-0.0904469,12.302179043175217
-5.51985,-0.09023388,12.285898076940498
-5.52806,-0.09058961,12.268498207327706
-5.53572,-0.09101538,12.252310521485914
-5.54347,-0.09141926,12.235978168908645
-5.55125,-0.09181269,12.219628462058097
-5.55895,-0.09213267,12.203491936426843
-5.56673,-0.09252577,12.187233097347995
-5.57442,-0.0928757,12.171206941708734
-5.58214,-0.09310506,12.155162679545839
-5.58992,-0.09318873,12.13903855511349
-5.59773,-0.09322917,12.122897335169792
-5.6057,-0.09382107,12.106471805483705
-5.61336,-0.09429225,12.090729117676402
-5.62105,-0.09420718,12.074967933037422
-5.62904,-0.09445356,12.058637494137544
-5.63686,-0.09482121,12.04269933970331
-5.64467,-0.09518496,12.026825642597354
-5.65245,-0.09551913,12.011056533007812
-5.66029,-0.09704077,11.995209662402457
-5.66756,-0.10041,11.98055410088292
-5.67363,-0.10338,11.968346384942269
-5.67943,-0.10489,11.956706060291262
-5.68562,-0.10554,11.944309222213233
-5.69176,-0.10582,11.932039158362263
-5.69847,-0.10608,11.91866025441917
-5.70525,-0.10645,11.90517374348188
-5.71196,-0.10634,11.891857996204456
-5.71935,-0.1064,11.87722896832682
-5.72655,-0.10661,11.863012372196176
-5.73393,-0.10671,11.848477414269096
-5.74144,-0.10691,11.833724779846172
-5.74904,-0.10718,11.818834588035568
-5.75655,-0.10744,11.804159348915585
-5.76418,-0.1078,11.78928878001728
-5.77177,-0.10828,11.774535177250653
-5.77931,-0.10828,11.759917135436584
-5.78722,-0.10843,11.74462270312862
-5.79482,-0.10873,11.729967005014824
-5.80266,-0.10869,11.714888723447523
-5.8105,-0.10872,11.699851131572155
-5.81856,-0.10905,11.684433811802235
-5.82625,-0.10906,11.669763999141816
-5.8344,-0.109,11.654258878376528
-5.84233,-0.10893,11.639213823936684
-5.85054,-0.10891,11.623680514961013
-5.85851,-0.10877,11.608642931393819
-5.86693,-0.10853,11.592800681105793
-5.87517,-0.10849,11.577341064173464
-5.8835,-0.10849,11.561756607461547
-5.8918,-0.10845,11.546272106996165
-5.90007,-0.10822,11.530886904731638
-5.90846,-0.10806,11.515322469814471
-5.91692,-0.10796,11.499672870344707
-5.92531,-0.10783,11.484196894339707
-5.93388,-0.10774,11.468434076860333
-5.94228,-0.10764,11.453028063302302
-5.95076,-0.10756,11.43751944289469
-5.95918,-0.10748,11.422164223936852
-5.9677,-0.10743,11.406670744172798
-5.97615,-0.1075,11.391348192398118
-5.98457,-0.10773,11.376123079853691
-5.99284,-0.10797,11.361210844941631
-6.00108,-0.108,11.346393582488487
-6.00938,-0.10809,11.331509506804363
-6.01762,-0.10858,11.316773641406403
-6.02565,-0.10883,11.302452100603256
-6.0338,-0.10907,11.28795551725281
-6.04179,-0.10937,11.273781495219133
-6.04988,-0.11911,11.259468220857274
-6.05684,-0.15451,11.247184802636358
-6.04259,-0.18396,11.272364383484566
-6.02989,-0.18308,11.29490542945228
-6.0262,-0.16981,11.301472569778634
-6.02892,-0.15626,11.296630972048062
-6.03584,-0.14651,11.284333050577882
-6.04475,-0.14128,11.268540055419994
-6.05428,-0.1397,11.25169955799864
-6.06355,-0.14036,11.235369296864048
-6.07188,-0.14079,11.220737498106024
-6.0804,-0.14079,11.205813433326755
-6.08904,-0.14243,11.19072182150224
-6.09676,-0.14478,11.177273371430072
-6.10362,-0.1451,11.16535161101117
-6.11144,-0.14441,11.151794143442462
-6.11937,-0.14348,11.138081354779986
-6.12779,-0.14269,11.123560092627196
-6.13631,-0.14224,11.108906932668004
-6.14482,-0.14246,11.09431153394241
-6.15328,-0.1437,11.079841905455304
-6.16097,-0.1455,11.066723730191837
-6.16832,-0.14708,11.054216123677113
-6.17546,-0.14768,11.042094386491048
-6.18282,-0.14764,11.0296284543299
-6.19038,-0.14758,11.016854635741263
-6.19807,-0.14739,11.00389313124892
-6.20589,-0.14721,10.990745453109868
-6.21391,-0.14742,10.977295889383656
-6.22173,-0.14746,10.964215113802753
-6.22981,-0.14766,10.950733922864423
-6.23766,-0.14803,10.937669927504865
-6.24562,-0.14846,10.924456403047257
-6.25337,-0.14889,10.911623796448955
-6.26115,-0.14907,10.898773468132852
-6.269,-0.1493,10.88583984686553
-6.27687,-0.14962,10.872905747609877
-6.28471,-0.15003,10.86005316076637
-6.29247,-0.1507,10.847363261167715
-6.30006,-0.15133,10.83498160334981
-6.30763,-0.1516,10.822662251907612
-6.31529,-0.15179,10.810226497912211
-6.32307,-0.15225,10.797626769907655
-6.33073,-0.15282,10.785251637646844
-6.33824,-0.15311,10.773147877013178
-6.34596,-0.15346,10.760735523072949
-6.35356,-0.15392,10.74854557130176
-6.36116,-0.15435,10.736384747436002
-6.36882,-0.15496,10.72415728502297
-6.37621,-0.15538,10.712388660348388
-6.38387,-0.15584,10.700218817112505
-6.39131,-0.15588,10.688426425881392
-6.39916,-0.15643,10.676013914326255
-6.40654,-0.15732,10.664372313292356
-6.41399,-0.1572,10.65264746281176
-6.42174,-0.15742,10.640479340490273
-6.42943,-0.15829,10.628434417981065
-6.43681,-0.15857,10.616902114556744
-6.4445,-0.1588,10.60491349212507
-6.4521,-0.15892,10.593093256459138
-6.45985,-0.15899,10.581068368460569
-6.4677,-0.15954,10.568917698718247
-6.4753,-0.15992,10.557182061062809
-6.48302,-0.16016,10.545289294186968
-6.49074,-0.16057,10.533424817509253
-6.49846,-0.16088,10.52158853020562
-6.50621,-0.16117,10.509734499808644
-6.51393,-0.16158,10.497954399264346
-6.52159,-0.16179,10.486293419242854
-6.52937,-0.16203,10.474477767380314
-6.53716,-0.1623,10.462675106621225
-6.54491,-0.16254,10.450960929944033
-6.55269,-0.16289,10.439229278357438
-6.56038,-0.16291,10.427660684289629
-6.5685,-0.16308,10.415474613686534
-6.57619,-0.16342,10.40396160998998
-6.58409,-0.16337,10.392162212241935
-6.59206,-0.16326,10.380286920932152
-6.60017,-0.1637,10.368232469769717
-6.60799,-0.16396,10.356637086315203
-6.61589,-0.16389,10.34495091363369
-6.62401,-0.16399,10.332968353006713
-6.632,-0.16409,10.321206272617612
-6.64006,-0.16434,10.309369824971462
-6.64806,-0.16465,10.297649870789373
-6.65602,-0.16487,10.28601647831587
-6.66402,-0.16504,10.274352627993315
-6.67195,-0.16527,10.262818441385203
-6.67992,-0.16539,10.251253667708596
-6.68782,-0.16519,10.23981766853773
-6.69609,-0.16517,10.227874968825091
-6.70418,-0.16556,10.216220716030895
-6.71214,-0.16564,10.204781157723172
-6.72026,-0.16555,10.193139580909072
-6.72844,-0.16557,10.181440393315539
-6.73659,-0.16564,10.169812367978459
-6.74471,-0.16565,10.158255091768215
-6.75295,-0.16558,10.146555431330011
-6.76122,-0.16552,10.13484184806884
-6.76955,-0.16567,10.12307221307177
-6.77779,-0.16583,10.111458203927828
-6.7859,-0.16581,10.100054966916696
-6.79408,-0.16572,10.08858088217978
-6.80223,-0.16561,10.077176323058762
-6.81068,-0.16553,10.065380784297604
-6.81905,-0.16536,10.053725738922578
-6.82747,-0.16526,10.042029902731173
-6.83592,-0.1653,10.030321361279828
-6.84428,-0.16526,10.018765976844898
-6.85268,-0.16515,10.007183700391671
-6.86116,-0.16493,9.995519882935248
-6.86961,-0.16467,9.983925972507901
-6.87819,-0.1644,9.972182841706903
-6.88673,-0.16417,9.960523514062553
-6.8954,-0.16393,9.948716245613017
-6.90401,-0.16374,9.93702003618187
-6.91264,-0.16354,9.925325895750394
-6.92131,-0.16335,9.913606918343493
-6.92992,-0.16313,9.901998060583672
-6.93861,-0.16283,9.890310552113464
-6.94731,-0.16257,9.878638883251217
-6.95604,-0.16238,9.86695631422476
-6.9648,-0.16224,9.855263036985987
-6.9734,-0.16187,9.843811913844037
-6.98219,-0.16175,9.832136951300381
-6.99092,-0.16162,9.820570740331744
-6.99944,-0.16118,9.809310573417303
-7.00841,-0.16113,9.797485264132664
-7.01701,-0.16061,9.786176120598375
-7.02593,-0.16006,9.774475421759114
-7.03484,-0.15974,9.762817462799438
-7.04369,-0.15901,9.751267205115502
-7.05278,-0.15857,9.739433896988139
-7.06191,-0.15845,9.727579181836076
-7.07069,-0.15783,9.716207795844536
-7.07985,-0.15717,9.704374315840024
-7.08894,-0.15664,9.692661498051896
-7.09807,-0.15613,9.680927336585862
-7.10729,-0.15546,9.669108098867502
-7.11659,-0.15484,9.65721733302045
-7.12578,-0.15421,9.645497699900924
-7.13509,-0.15354,9.63365581933795
-7.14446,-0.15298,9.621768783085077
-7.15376,-0.15207,9.610001341951646
-7.16325,-0.15107,9.598024988657384
-7.17299,-0.15041,9.585766089176202
-7.18245,-0.1496,9.573891429804593
-7.19194,-0.14855,9.562010500643778
-7.20183,-0.14787,9.549662113657224
-7.21144,-0.14716,9.537695772272945
-7.22112,-0.14607,9.525674466010813
-7.23097,-0.14503,9.513475080106819
-7.24083,-0.14386,9.501296550257361
-7.25084,-0.1426,9.488966630073206
-7.26097,-0.14141,9.476523508567038
-7.2711,-0.1403,9.464115058244284
-7.2812,-0.1387,9.451777728945778
-7.29176,-0.13719,9.438915049315941
-7.3022,-0.13604,9.42623510722796
-7.31258,-0.13447,9.413663932565525
-7.32323,-0.13257,9.400802801496061
-7.33412,-0.13076,9.387690465931836
-7.34508,-0.12927,9.37453310243047
-7.35594,-0.12775,9.361534460585595
-7.36699,-0.12606,9.348347737678482
-7.37798,-0.12403,9.335271795261034
-7.3893,-0.12179,9.321843882370455
-7.4008,-0.11986,9.308244514106583
-7.41222,-0.11769,9.294781509453308
-7.42391,-0.1152,9.28104310262382
-7.43587,-0.11331,9.267032089049431
-7.44753,-0.11143,9.253415843910666
-7.4594,-0.10925,9.239598090999277
-7.47127,-0.10711,9.225824244070955
-7.48323,-0.10477,9.211990156656952
-7.49538,-0.10255,9.197981503272683
-7.50749,-0.10059,9.184064087997454
-7.51958,-0.09842806,9.170214373675126
-7.53169,-0.09605215,9.156386322326066
-7.54402,-0.09390748,9.142352671387405
-7.55626,-0.09188568,9.128466754717282
-7.56834,-0.08969332,9.114806390833394
-7.5807,-0.08761998,9.100874457503926
-7.59288,-0.08561112,9.087189788328013
-7.60515,-0.08356603,9.073448321203395
-7.61717,-0.08132332,9.060029761709401
-7.62959,-0.07947174,9.046209075454907
-7.64162,-0.07775484,9.032865203975074
-7.65367,-0.07589167,9.019541200495972
-7.6657,-0.07396657,9.006281096312144
-7.67769,-0.07195733,8.993106429147309
-7.68971,-0.07004502,8.979940036750412
-7.70171,-0.06856196,8.966836546688983
-7.71339,-0.06700634,8.954121637827207
-7.72517,-0.06508256,8.941336812005432
-7.73702,-0.06330293,8.928515294002084
-7.7488,-0.06180562,8.915808383233534
-7.76033,-0.06042431,8.903408501958037
-7.77187,-0.05897785,8.891034705933064
-7.78337,-0.05788014,8.878740301437553
-7.79442,-0.05666782,8.866961159393515
-7.80574,-0.05506692,8.854928783177508
-7.81697,-0.05367295,8.84302650515481
-7.82814,-0.05262429,8.831221695064217
-7.83907,-0.05165907,8.819703089779782
-7.84996,-0.05052814,8.808258538897014
-7.86079,-0.04937692,8.796908491385727
-7.87151,-0.04810475,8.78570448363783
-7.88234,-0.04696342,8.77441645501209
-7.89308,-0.04614881,8.763252823992662
-7.90343,-0.04511901,8.75252328419433
-7.91414,-0.04432957,8.741450088070215
-7.92445,-0.04356832,8.730818731899374
-7.93477,-0.04271773,8.720204731832176
-7.94496,-0.04191195,8.709751490252941
-7.95519,-0.04117518,8.699284152861214
-7.96529,-0.04063777,8.688976208022558
-7.97517,-0.0396704,8.67891805441138
-7.98534,-0.03863212,8.668590667398007
-7.99541,-0.03788169,8.658390714172258
-8.00539,-0.03740766,8.648307240496715
-8.01527,-0.03718357,8.638349537819687
-8.0248,-0.03636022,8.628767819758748
-8.03474,-0.03557915,8.61879809427561
-8.04433,-0.03506901,8.609202767663684
-8.05406,-0.03441466,8.599490716483364
-8.06374,-0.03387764,8.589851830540173
-8.07329,-0.03344452,8.580365043247548
-8.08293,-0.03282716,8.57081158688743
-8.09245,-0.03206918,8.561399390790182
-8.10198,-0.03158916,8.55199946185994
-8.11144,-0.03103126,8.542690422415749
-8.12105,-0.03077801,8.533255982908614
-8.13023,-0.03038811,8.524264516501994
-8.13969,-0.0299423,8.51502001918992
-8.14894,-0.02964788,8.506001492218621
-8.15816,-0.02938964,8.49703256616688
-8.1674,-0.02938777,8.488064500330582
-8.17625,-0.02882577,8.479493961168018
-8.18553,-0.02829327,8.470526905405025
-8.19466,-0.02815581,8.461724610905149
-8.20363,-0.02782303,8.453095653997071
-8.21278,-0.02768302,8.444312961019289
-8.22154,-0.02743267,8.43592292928089
-8.23055,-0.0270877,8.42731208728457
-8.23955,-0.02671393,8.418729602951618
-8.24846,-0.02651106,8.410251392381124
-8.25731,-0.02629146,8.401848386459998
-8.26628,-0.02608346,8.39334980184557
-8.2751,-0.02587316,8.385011298957112
-8.28398,-0.02567823,8.37663400925642
-8.29277,-0.02545837,8.368359293698004
-8.30159,-0.02546891,8.360073949689157
-8.31026,-0.02524252,8.351946653895306
-8.31902,-0.02492547,8.343752196773178
-8.32787,-0.02496579,8.335491055936272
-8.33635,-0.02442744,8.327591751785855
-8.34532,-0.0238607,8.319253473803283
-8.3542,-0.02376822,8.311016494697277
-8.36299,-0.02374827,8.302880225852237
-8.37169,-0.02378983,8.294844087633441
-8.38042,-0.02410452,8.286797010173714
-8.38875,-0.02400668,8.279134257189689
-8.39739,-0.02374071,8.271202397411576
-8.40596,-0.02351778,8.263350908165158
-8.4146,-0.02325795,8.2554514771944
-8.42326,-0.02309555,8.24755002220043
-8.43184,-0.02297927,8.239737566177727
-8.44048,-0.02301174,8.231886527780409
-8.44902,-0.02295888,8.224142137194608
-8.45754,-0.02269362,8.216431468251997
-8.4662,-0.02270702,8.2086100021261
-8.47472,-0.02288399,8.200930579417374
-8.48311,-0.02269198,8.193383405378452
-8.49165,-0.02258383,8.18571661573428
-8.50026,-0.02260325,8.17800257874465
-8.50865,-0.02253934,8.170500666968321
-8.51711,-0.02238759,8.162951130136864
-8.52562,-0.02215021,8.155372090240945
-8.53423,-0.02199878,8.147719372456566
-8.54274,-0.02200982,8.14017069464832
-8.55129,-0.02203956,8.132601665947478
-8.55971,-0.02191888,8.125162499664123
-8.56819,-0.02190331,8.11768510035375
-8.57677,-0.02181808,8.11013457280538
-8.5851,-0.02165571,8.10281848784522
-8.59374,-0.02161756,8.095245120285231
-8.60225,-0.02161894,8.087800575430848
-8.61058,-0.02162965,8.080527746098404
-8.61913,-0.02162835,8.073077456773479
-8.62749,-0.02157265,8.065807007600124
-8.63591,-0.02148798,8.058498606400482
-8.64436,-0.02146055,8.05117847937846
-8.65279,-0.02138882,8.043889924521455
-8.66127,-0.02133529,8.036572454155106
-8.66957,-0.02126128,8.029424169826186
-8.67812,-0.02124348,8.022074873359667
-8.68654,-0.02125775,8.01485145984477
-8.69499,-0.02121853,8.007616374486917
-8.70339,-0.02116765,8.0004380247237
-8.71178,-0.02113719,7.993282038802634
-8.72008,-0.02107535,7.986216364987478
-8.72841,-0.02100911,7.9791386632846075
-8.73698,-0.02100211,7.971871127094259
-8.74535,-0.02097848,7.964786943918768
-8.75374,-0.0209759,7.957699429044043
-8.76213,-0.02097807,7.950625487181769
-8.77046,-0.0209614,7.943615523017037
-8.77885,-0.0209459,7.9365685140992275
-8.78728,-0.02095354,7.929501461203011
-8.79561,-0.02094271,7.922531546987646
-8.80391,-0.02090178,7.91559985279268
-8.81221,-0.02084041,7.908681216176192
-8.82066,-0.02078513,7.901650919545704
-8.829,-0.02073534,7.894725336957753
-8.83739,-0.0206861,7.887771423463263
-8.84584,-0.02062814,7.8807811129299195
-8.85426,-0.02058859,7.8738288914036865
-8.86269,-0.02056758,7.866881646542979
-8.87108,-0.02047328,7.859980475883433
-8.8795,-0.02036759,7.853067740300693
-8.88796,-0.02029798,7.846135356144718
-8.89632,-0.02021075,7.839297866983203
-8.90486,-0.02014987,7.832326415013825
-8.91338,-0.02011551,7.8253846015765065
-8.92186,-0.02004371,7.818488543868655
-8.93028,-0.01995895,7.811654237045199
-8.93874,-0.01991372,7.80480043048573
-8.94716,-0.01988856,7.797991899105415
-8.95564,-0.01986532,7.791147790665994
-8.96416,-0.01985417,7.784284439367437
-8.97264,-0.01981184,7.777466252964568
-8.98097,-0.01972279,7.770781207375151
-8.98937,-0.01964373,7.76405253093376
-8.99776,-0.01959591,7.757344405718758
-9.00624,-0.01954781,7.7505770221535295
-9.01469,-0.01949774,7.743846244296809
-9.02318,-0.01943731,7.737096300860673
-9.03163,-0.01939523,7.7303907600289214
-9.03996,-0.01934355,7.723792715896973
-9.04839,-0.01928298,7.717127831581089
-9.05681,-0.01922378,7.710483238579588
-9.06532,-0.01918404,7.703780164406773
-9.07372,-0.01914638,7.697176064502762
-9.08205,-0.01909687,7.6906390627666665
-9.0905,-0.01905894,7.684020130905891
-9.09892,-0.01903346,7.677436926580298
-9.10741,-0.01899763,7.6708113173778285
-9.11574,-0.01895797,7.6643225673395685
-9.1241,-0.01889646,7.65782236056159
-9.13252,-0.01879525,7.651287530714415
-9.14095,-0.01874918,7.644757000092988
-9.14937,-0.01869211,7.638246228975329
-9.1577,-0.01857195,7.631816831737227
-9.16637,-0.01851192,7.625137420811074
-9.1747,-0.01847221,7.618731838643226
-9.18315,-0.01843047,7.612245852458035
-9.19173,-0.0184465,7.605672283672389
-9.20015,-0.01845982,7.599233219023603
-9.20854,-0.01840658,7.592828808909991
-9.2169,-0.01835098,7.5864588961581445
-9.22524,-0.01834349,7.580115725986533
-9.2336,-0.0183519,7.573768844221107
-9.24205,-0.01831927,7.567365303152439
-9.25047,-0.01831956,7.56099613316945
-9.25884,-0.01830346,7.554676266141332
-9.26704,-0.01823801,7.548495830383812
-9.27553,-0.01821644,7.542108332354055
-9.28395,-0.01823783,7.535785037618686
-9.29234,-0.01825246,7.529495670627636
-9.30061,-0.01824561,7.523307363710552
-9.30904,-0.01826316,7.51701064771448
-9.31743,-0.01828719,7.5107551223888995
-9.32585,-0.01829745,7.504488545280055
-9.33412,-0.01830189,7.49834461095422
-9.34239,-0.01829978,7.492211554002777
-9.35072,-0.01829657,7.486044967660244
-9.35902,-0.01830161,7.479911507828812
-9.36736,-0.01829787,7.47375943702388
-9.37566,-0.01828597,7.467647738932513
-9.38405,-0.0182875,7.4614807572423425
-9.39241,-0.01829005,7.455346785329858
-9.40071,-0.01827264,7.44926762978541
-9.40907,-0.01825235,7.443155370296958
-9.4174,-0.01825863,7.4370758383417925
-9.42577,-0.01830795,7.430977936020081
-9.43419,-0.0183587,7.4248545238117964
-9.44258,-0.01844825,7.418763791251968
-9.45088,-0.01845098,7.412749035010497
-9.459,-0.0184216,7.406874933925363
-9.46742,-0.01846635,7.4007944508641215
-9.47575,-0.01865252,7.394789594491202
-9.48406,-0.01893758,7.388809665902579
-9.4922,-0.01917297,7.3829622216135355
-9.50023,-0.01913972,7.377203615070372
-9.5085,-0.01900804,7.371283062523006
-9.51674,-0.01906113,7.365394221130345
-9.52498,-0.01915777,7.359515568536628
-9.53319,-0.01931618,7.353668425784025
-9.54134,-0.01948358,7.347873967388229
-9.54952,-0.02004038,7.342068124890048
-9.5576,-0.02224969,7.336343014982841
-9.56456,-0.02512889,7.331419239358633
-9.57097,-0.02631856,7.32689088984711
-9.5779,-0.02638604,7.322002004614791
-9.58492,-0.02612531,7.3170568351118215
-9.59233,-0.02603614,7.311844786407474
-9.59975,-0.02638351,7.306633766504336
-9.60719,-0.02602429,7.301416782638837
-9.61516,-0.02611803,7.29583711555502
-9.62282,-0.02656019,7.290483184762887
-9.63051,-0.02684699,7.285116852586209
-9.63832,-0.02771793,7.279675545115746
-9.64571,-0.02831607,7.274534969432008
-9.65328,-0.02869436,7.269277344073724
-9.66084,-0.02908807,7.2640348872354785
-9.66835,-0.02950468,7.258835220073746
-9.67592,-0.0299812,7.253602179431001
-9.6834,-0.0304603,7.248439391122953
-9.69093,-0.03083747,7.243250142143221
-9.69856,-0.03129614,7.2380001979675335
-9.70601,-0.03180148,7.232882069975202
-9.71352,-0.03240574,7.2277306681820805
-9.72096,-0.03311947,7.222635130686681
-9.72832,-0.03384139,7.217602052564061
-9.73564,-0.03448276,7.2126038760677265
-9.74294,-0.03503814,7.207626835431605
-9.75023,-0.03549683,7.202664049976257
-9.75761,-0.03600243,7.197647548938726
-9.765,-0.03669766,7.1926318484383005
-9.77226,-0.03756412,7.187711767799875
-9.77937,-0.03817805,7.1829004220108255
-9.78667,-0.03870318,7.1779677765777326
-9.79393,-0.03926022,7.173069452201517
-9.80116,-0.03972569,7.168198580576178
-9.80846,-0.04045237,7.163287835195332
-9.81569,-0.0412602,7.158431378741587
-9.82277,-0.04176015,7.153682606841044
-9.83003,-0.04235411,7.148820207059388
-9.8372,-0.04290349,7.144025129101778
-9.84447,-0.04351467,7.139170305765573
-9.85173,-0.04446135,7.134329310689595
-9.85872,-0.04528986,7.129675089666813
-9.86577,-0.04565647,7.124987598535138
-9.87303,-0.04603048,7.120167476448467
-9.88026,-0.04673091,7.115374312012032
-9.88747,-0.04753814,7.1106013874125535
-9.89455,-0.0481749,7.105921290003082
-9.90178,-0.04878712,7.101148944937173
-9.90889,-0.04947829,7.096462600755484
-9.91603,-0.05016308,7.091763245976465
-9.92314,-0.0509076,7.087090356479905
-9.93022,-0.05139826,7.082443833067143
-9.93745,-0.05188353,7.077705699148172
-9.94463,-0.05265641,7.073007150592833
-9.95186,-0.05336679,7.068282733077034
-9.95891,-0.0539904,7.063682541563284
-9.96608,-0.05473744,7.059010724377088
-9.97313,-0.05536316,7.05442364633771
-9.9803,-0.05608674,7.049765137320522
-9.98729,-0.05701431,7.045230017352055
-9.99434,-0.05764199,7.040662394915523
-10.00142,-0.05833134,7.036081816382074
-10.00841,-0.05894034,7.031565823142738
-10.01555,-0.05954691,7.026959428089322
-10.02263,-0.06035972,7.022398222821755
-10.02968,-0.06114879,7.0178627433776555
-10.03673,-0.06188111,7.0133336355566005
-10.04384,-0.06280995,7.008772421703254
-10.05058,-0.06374089,7.004454528992357
-10.05751,-0.06437787,7.000020949519315
-10.06447,-0.0650097,6.99557432234385
-10.07149,-0.06579956,6.991095587643933
-10.07845,-0.06667633,6.986661292162982
-10.08528,-0.06737216,6.982315771104026
-10.09233,-0.06813972,6.977836446093222
-10.09917,-0.06886525,6.973496524961952
-10.10622,-0.06947122,6.969029508560075
-10.11314,-0.06999892,6.964650919496814
-10.12022,-0.07062217,6.960177288636018
-10.1273,-0.07152969,6.9557099128099305
-10.13423,-0.07241204,6.951343229826045
-10.14119,-0.07294009,6.946963650222509
-10.14827,-0.07340711,6.942514724184517
-10.15538,-0.07417366,6.9380531895409145
-10.1624,-0.07487068,6.933654254900418
-10.16945,-0.07540982,6.929242633574088
-10.17656,-0.07603786,6.924799657251566
-10.18367,-0.07664478,6.920362884893168
-10.19078,-0.07716148,6.915932303513569
-10.19798,-0.07785343,6.911451934598814
-10.20509,-0.07849284,6.9070337743224215
-10.21227,-0.07886896,6.902578359169901
-10.21959,-0.07945148,6.898042514425726
-10.22679,-0.08006106,6.893587362212386
-10.23399,-0.08036848,6.889138478736055
-10.24138,-0.08070186,6.884578699354971
-10.24876,-0.08118151,6.880031652609682
-10.25624,-0.08144505,6.875429670132525
-10.26357,-0.08186265,6.870926480746953
-10.27104,-0.08243815,6.866343895068076
-10.27849,-0.08258703,6.861780212852278
-10.28606,-0.08261489,6.857149793020846
-10.29384,-0.0829687,6.852398016677936
-10.30144,-0.08306872,6.8477631088469195
-10.30922,-0.08309197,6.843025505324361
-10.31706,-0.08338366,6.838258593048796
-10.32475,-0.08333386,6.833589917431415
-10.33275,-0.08333119,6.828740412765237
-10.34071,-0.08326645,6.823922602993412
-10.34883,-0.08338108,6.819015589201872
-10.35683,-0.08353937,6.81418861755962
-10.36491,-0.08339982,6.809320939593301
-10.37309,-0.08310648,6.8044007426909445
-10.38136,-0.08301527,6.799434293772685
-10.38957,-0.08298753,6.7945116977892255
-10.3979,-0.08277342,6.7895250964136995
-10.40627,-0.08248815,6.784522590707334
-10.41469,-0.08218198,6.779498314400141
-10.42317,-0.08198605,6.77444643999858
-10.43178,-0.08191691,6.769325522585791
-10.44023,-0.08137091,6.764307979805043
-10.44905,-0.08084141,6.759079389992392
-10.45769,-0.08063924,6.753966057513658
-10.46645,-0.08049337,6.748790325277435
-10.47511,-0.08022602,6.743682185676332
-10.48387,-0.07971063,6.738523646325261
-10.49269,-0.07914306,6.733338476596565
-10.50172,-0.07877592,6.728038873632129
-10.51051,-0.07824975,6.722888870283174
-10.51955,-0.07770191,6.71760137078107
-10.52858,-0.07728301,6.712328785078331
-10.53764,-0.07689553,6.707047764015472
-10.54665,-0.07640763,6.701804885911641
-10.55571,-0.07553935,6.696541937965329
-10.56505,-0.07490148,6.691125787383875
-10.57427,-0.07462623,6.685788607629652
-10.58342,-0.074209,6.68050114235285
-10.59258,-0.07350005,6.675217048160127
-10.60182,-0.07262104,6.669896055582909
-10.61125,-0.071796,6.664475203204147
-10.62077,-0.07125182,6.659012378575189
-10.63014,-0.07097069,6.653645182471727
-10.63939,-0.0705435,6.6483559959734535
-10.6487,-0.06987922,6.643041779747763
-10.6581,-0.06929369,6.637685610005536
-10.66747,-0.06879842,6.632355928819111
-10.67677,-0.06815462,6.627075313976044
-10.68617,-0.06749249,6.62174725837227
-10.6956,-0.06685123,6.616411608511911
-10.70503,-0.06623398,6.611085358938742
-10.71446,-0.06564484,6.605768484832646
-10.7238,-0.06500446,6.600511572390384
-10.73332,-0.06468678,6.5951627641773465
-10.74245,-0.063862,6.590041982974089
-10.75218,-0.06302692,6.584594249724243
-10.76161,-0.06275974,6.579323883693983
-10.77098,-0.06252954,6.574096191804275
-10.78023,-0.06188405,6.568944363895762
-10.78966,-0.06113696,6.563701377059148
-10.79909,-0.06069095,6.5584675468025555
-10.80837,-0.06013921,6.553325885401777
-10.81776,-0.05944613,6.548132256585467
-10.82713,-0.05882942,6.542958669564326
-10.83662,-0.05825504,6.537727944691242
-10.84602,-0.05790708,6.532555849979993
-10.8553,-0.05761979,6.527458568625464
-10.86464,-0.05691579,6.522337122997173
-10.87407,-0.05616323,6.5171752526882765
-10.88329,-0.05588631,6.512136982474969
-10.89259,-0.05552803,6.507063636839356
-10.90175,-0.05500637,6.502075125553238
-10.91112,-0.05444465,6.496980914883165
-10.92033,-0.0538121,6.491982211160286
-10.92976,-0.05330171,6.4868728316083795
-10.93898,-0.05282089,6.481885751688
-10.94832,-0.05229447,6.476842328320692
-10.95763,-0.05185358,6.471823660773361
-10.96687,-0.05149715,6.466851152607809
-10.97606,-0.05099728,6.461913856156034
-10.98534,-0.05040383,6.456936590037268
-10.99464,-0.04999902,6.451957026332831
-11.0038,-0.04966885,6.447060651774842
-11.01299,-0.04922993,6.442156426183988
-11.02217,-0.04883466,6.437265701762902
-11.03133,-0.04853697,6.432393745813061
-11.04045,-0.04806063,6.427551096196261
-11.04961,-0.04754225,6.422695253497635
-11.05879,-0.04726152,6.4178368790799
-11.06783,-0.04693773,6.413060473462278
-11.07695,-0.04630014,6.40824969869865
-11.08617,-0.04573656,6.403394220005648
-11.09532,-0.04532163,6.3985835829881434
-11.10451,-0.04504723,6.3937598957540684
-11.11357,-0.04482641,6.389012252588503
-11.1226,-0.04430551,6.384288026180929
-11.13176,-0.04376156,6.379503618475426
-11.14107,-0.04354119,6.374648925103245
-11.14995,-0.04326516,6.370026009085243
-11.15898,-0.04294742,6.365332548315348
-11.16805,-0.04254055,6.360625937383877
-11.17705,-0.0421881,6.355963201381403
-11.18608,-0.04182766,6.3512924634903385
-11.19521,-0.04161857,6.346577661339091
-11.204,-0.04133699,6.342045697965013
-11.21312,-0.04106664,6.337351102993637
-11.22206,-0.04087592,6.332756570540525
-11.23091,-0.04051495,6.328215496340012
-11.23985,-0.04003677,6.323635502253144
-11.24886,-0.03980383,6.319027012515046
-11.25786,-0.03964444,6.314431001984391
-11.26656,-0.03907482,6.30999517155192
-11.27574,-0.03886754,6.305322027645192
-11.28453,-0.0387064,6.300854541571515
-11.29347,-0.03837628,6.296317951878387
-11.30238,-0.0381856,6.291803726294816
-11.3112,-0.0379459,6.287342103401938
-11.32008,-0.03755832,6.282857152952983
-11.32893,-0.03708615,6.278394349687041
-11.33794,-0.03669073,6.27385802006361
-11.34691,-0.03647788,6.26934898575912
-11.35579,-0.03641392,6.264892209172589
-11.36455,-0.03620651,6.26050248360032
-11.37337,-0.03578426,6.256089523158044
-11.38225,-0.03521327,6.251653451646203
-11.39137,-0.03506584,6.2471046853890275
-11.39998,-0.03495389,6.242816969854334
-11.40904,-0.0347445,6.238312145456586
-11.41759,-0.0343806,6.234067460821417
-11.42656,-0.03394069,6.229621093312423
-11.43553,-0.03377261,6.225181701241657
-11.44435,-0.0337298,6.220823332037207
-11.45308,-0.03372132,6.2165160463386275
-11.46169,-0.03347693,6.212274394090226
-11.47054,-0.03326249,6.207921144078658
-11.47929,-0.0332504,6.2036236823009085
-11.48772,-0.0329439,6.199489576695812
-11.49666,-0.03266849,6.195111989047254
-11.50536,-0.0323172,6.190858452060605
-11.51415,-0.03217966,6.186567440931376
-11.52287,-0.03231837,6.182317070313212
-11.53142,-0.03216457,6.178155803881916
-11.54009,-0.03173735,6.173942430258344
-11.54884,-0.03154213,6.169696592904569
-11.5576,-0.03146512,6.165452343047
-11.56624,-0.03118381,6.161272531090484
-11.57503,-0.03107833,6.157026556302663
-11.5837,-0.03114889,6.152844859587179
-11.59221,-0.03078937,6.148746416774714
-11.60094,-0.03035384,6.14454826936438
-11.60976,-0.03028856,6.140313253676218
-11.61842,-0.03045141,6.136161319697515
-11.62688,-0.03009735,6.132111245665218
-11.6357,-0.02942726,6.127895098704848
-11.64455,-0.0294277,6.123671030653825
-11.65321,-0.02943555,6.119543859588903
-11.66176,-0.02889731,6.115475125538513
-11.67067,-0.02881355,6.111241419729973
-11.67931,-0.02885953,6.107142177063543
-11.68791,-0.02874263,6.103067930879003
-11.69655,-0.02866047,6.09898076783325
-11.70512,-0.02866583,6.094932679032765
-11.71364,-0.02853008,6.090914079654147
-11.72218,-0.02810222,6.0868919091841285
-11.73106,-0.02815112,6.082715815962071
-11.73952,-0.02831254,6.078743117265442
-11.74791,-0.02794742,6.074808940483883
-11.7567,-0.02775759,6.070693221737392
-11.76521,-0.02767239,6.066714465785141
-11.77379,-0.02736619,6.0627088048963
-11.78246,-0.02711726,6.058667052550995
-11.79109,-0.02694177,6.054649850013867
-11.79979,-0.02712451,6.050606010784938
-11.80824,-0.02728791,6.0466840782368925
-11.81667,-0.02692392,6.042777017552322
-11.82539,-0.02676746,6.038741411488331
-11.83388,-0.02677664,6.034817963339159
-11.84242,-0.0266711,6.030877084244605
-11.85097,-0.02652791,6.026937280239508
-11.85951,-0.02645184,6.023007754957836
-11.86806,-0.02643257,6.019079293498685
-11.87654,-0.02631853,6.0151885818597
-11.88515,-0.02623014,6.011243905209443
-11.8936,-0.02610501,6.007378085693147
-11.90215,-0.02586638,6.003472103779569
-11.91072,-0.02566517,5.999562612503695
-11.9193,-0.02544399,5.995654191101827
-11.92796,-0.02546205,5.991715029225451
-11.93648,-0.02542314,5.987845126871574
-11.94502,-0.02533515,5.983971680248338
-11.95351,-0.02531744,5.980126398020331
-11.96199,-0.024938,5.9762910937059806
-11.97075,-0.02472629,5.972334857882756
-11.97929,-0.02479719,5.9684835495258906
-11.98778,-0.02456725,5.964660228999865
-11.99638,-0.02430875,5.960792889188239
-12.00502,-0.0241838,5.956913141335875
-12.01369,-0.02421661,5.953025531705912
-12.02211,-0.02409948,5.949255388613148
-12.03075,-0.0240571,5.945392224092431
-12.03917,-0.02390489,5.941632762059179
-12.04784,-0.02374778,5.937767168222686
-12.05635,-0.02371043,5.933978318479474
-12.06484,-0.02365453,5.930203699344542
-12.07335,-0.023836,5.926425515701939
-12.08174,-0.02403091,5.9227058188638395
-12.09007,-0.02385275,5.919017830335143
-12.09853,-0.0237786,5.915277484124105
-12.10695,-0.02374186,5.911560013050356
-12.1154,-0.02368585,5.9078344916387415
-12.12383,-0.02362221,5.904122962793111
-12.13216,-0.0235399,5.900460528051064
-12.1407,-0.0235017,5.896710980421228
-12.14909,-0.02347407,5.893032424650736
-12.15755,-0.02337209,5.889328318616827
-12.16594,-0.02328841,5.8856599490051735
-12.1743,-0.02320823,5.882009725405157
-12.18276,-0.02311626,5.878320938769212
-12.19136,-0.02304783,5.874576355714211
-12.19981,-0.02298082,5.870902227165834
-12.20818,-0.02290244,5.867267897426152
-12.21669,-0.02287694,5.86357788402587
-12.22517,-0.02286948,5.8599059890373715
-12.23363,-0.0228164,5.856247826687582
-12.24208,-0.02274373,5.852599035458027
-12.25041,-0.02268627,5.849006988337534
-12.25884,-0.02262826,5.845376789321013
-12.26735,-0.02253977,5.841717200536383
-12.2758,-0.02247907,5.838088434155004
-12.2842,-0.02240078,5.834486087820127
-12.29256,-0.02235343,5.830905783661012
-12.30119,-0.02239263,5.8272149523745265
-12.30956,-0.02237098,5.823640260090532
-12.31792,-0.02226038,5.820074687934326
-12.32625,-0.02212215,5.816526721427848
-12.33467,-0.02201038,5.812945291604883
-12.34325,-0.02193123,5.809300832438783
-12.35173,-0.02187601,5.805703824484506
-12.36021,-0.02179456,5.802111752146606
-12.36864,-0.02169444,5.798545741488152
-12.37709,-0.02166082,5.794976145442911
-12.38548,-0.02160232,5.791436714604521
-12.39412,-0.02153107,5.787796826236958
-12.40248,-0.02147845,5.784279724700221
-12.41081,-0.02144724,5.780779957150259
-12.41936,-0.02143032,5.777192641166695
-12.42781,-0.02140002,5.773652131791523
-12.43614,-0.0213285,5.770166611183213
-12.44463,-0.02132934,5.766618943271114
-12.45308,-0.02132242,5.763092793108211
-12.4615,-0.02127188,5.759583918468885
-12.46986,-0.02117574,5.7561047357388135
-12.47829,-0.02112458,5.752601141662841
-12.48671,-0.02109398,5.749106425952072
-12.49519,-0.02107733,5.745591567635227
-12.50374,-0.0210612,5.742052521885452
-12.5121,-0.02102231,5.7385967982992465
-12.52049,-0.02097636,5.735133313472556
-12.52885,-0.02094379,5.731686826803737
-12.53725,-0.02092475,5.728228479132186
-12.54561,-0.02090003,5.724791197877186
-12.55406,-0.02088745,5.721321564497861
-12.56245,-0.02085487,5.717881185596759
-12.57091,-0.02082537,5.714416752645593
-12.57921,-0.02078442,5.7110223694492745
-12.5876,-0.02073834,5.707595729130255
-12.59593,-0.02065667,5.7041981100244294
-12.60432,-0.02056896,5.7007805577770165
-12.61284,-0.02051932,5.697314704697753
-12.62117,-0.0204517,5.693930665698981
-12.62959,-0.02039614,5.69051460102822
-12.63802,-0.02035397,5.6870990392482375
-12.64665,-0.02032415,5.683607160789617
-12.65501,-0.0202795,5.680229071332223
-12.66347,-0.02020428,5.676815114656567
-12.6718,-0.02012045,5.673458072254929
-12.68019,-0.02007259,5.670081307929929
-12.68868,-0.02007088,5.6666688418338245
-12.69713,-0.02008633,5.663276984641412
-12.70564,-0.02011461,5.659865602992057
-12.71413,-0.02013197,5.656466789312364
-12.72243,-0.02013627,5.6531484236895
-12.73076,-0.02015205,5.649822414372748
-12.73903,-0.02016072,5.64652466475077
-12.74742,-0.02017398,5.643183436334568
-12.75578,-0.02017499,5.63985852687958
-12.76421,-0.02018055,5.636510187469495
-12.77242,-0.020143,5.633253478980491
-12.78072,-0.02009264,5.6299653227674185
-12.78902,-0.02004625,5.626681434543069
-12.7975,-0.02002334,5.623330728657941
-12.80577,-0.01998447,5.620067274361479
-12.81413,-0.01993892,5.616772586199765
-12.82259,-0.01989732,5.613442861387599
-12.83098,-0.019865,5.610145023996608
-12.83934,-0.01981444,5.606863265557264
-12.84782,-0.01977254,5.6035387637747105
-12.85613,-0.01973268,5.6002851635756645
-12.86455,-0.01966728,5.596992782491421
-12.87297,-0.01960963,5.593704708392858
-12.88136,-0.01955239,5.59043262512654
-12.88976,-0.01950314,5.587160909124763
-12.89821,-0.01947052,5.583874018177716
-12.90654,-0.01941282,5.580638017625174
-12.91502,-0.01935807,5.577348033529952
-12.92345,-0.01931928,5.574081727402513
-12.93184,-0.01925409,5.570835147975849
-12.94023,-0.01918418,5.567592778490027
-12.94859,-0.01912785,5.564366181954947
-12.95711,-0.01911432,5.561082116305257
-12.96547,-0.01906413,5.557863918546725
-12.97392,-0.01901391,5.554615289750515
-12.98238,-0.01902705,5.551367052882446
-12.9908,-0.0190391,5.548138374849894
-12.9991,-0.01902215,5.5449598049095705
-13.00746,-0.01897968,5.541762357908462
-13.01607,-0.0189966,5.538473586881448
-13.02434,-0.01898722,5.535318780068702
-13.03264,-0.01895503,5.532156554619785
-13.04097,-0.01893988,5.52898694652315
-13.04936,-0.01895378,5.52579859855196
-13.05782,-0.01895458,5.522587797963213
-13.06624,-0.01892024,5.519396306818182
-13.07454,-0.01889308,5.516254323287856
-13.08293,-0.01883701,5.513082321773487
-13.09123,-0.01877781,5.509948347099548
-13.09959,-0.01871893,5.506795731774812
-13.10799,-0.01867684,5.5036320824169085
-13.11641,-0.01865183,5.500464967167083
-13.12483,-0.01860009,5.497301915529573
-13.13326,-0.01854944,5.494139170320241
-13.14177,-0.01854901,5.490950526451156
-13.15016,-0.01853177,5.487810885951198
-13.15865,-0.01852174,5.484637899784553
-13.16695,-0.01851672,5.481539878255785
-13.17528,-0.0185046,5.478434583553443
-13.18388,-0.01852628,5.475232753938902
-13.19222,-0.01852891,5.472131710962977
-13.20049,-0.01850767,5.46906056517599
-13.20894,-0.01851131,5.465926546717602
-13.21724,-0.01850334,5.462852062911773
-13.22554,-0.01846812,5.459781438035801
-13.23384,-0.01840927,5.4567146648289535
-13.2422,-0.01837466,5.453629608373231
-13.25063,-0.01833648,5.450522661941357
-13.25896,-0.01828336,5.4474564520897575
-13.26729,-0.01823866,5.444394092538869
-13.27565,-0.01821167,5.441324567911929
-13.28417,-0.01821107,5.438200271450908
-13.29253,-0.01823542,5.435138540217702
-13.30092,-0.01822518,5.4320696914198425
-13.30934,-0.01820977,5.428993759269806
-13.31776,-0.01820443,5.4259217165649485
-13.32613,-0.01820317,5.422871763970486
-13.33437,-0.01817605,5.419872922380286
-13.3427,-0.01813504,5.416845091323346
-13.35085,-0.01808663,5.413886344315157
-13.35933,-0.01804833,5.410811627529226
-13.36772,-0.01803281,5.4077733824466705
-13.37618,-0.01800784,5.404713647693138
-13.38448,-0.01797075,5.401715539191661
-13.39293,-0.01795655,5.398667065384498
-13.40129,-0.01793954,5.395654843675498
-13.40965,-0.01791957,5.392646377795096
-13.41808,-0.01791993,5.389616517415309
-13.4265,-0.01791862,5.386594049082039
-13.43486,-0.01792607,5.383596866658826
-13.44331,-0.01791846,5.380571206049701
-13.45158,-0.01787977,5.377613678095808
-13.45995,-0.01786209,5.374624088499586
-13.46828,-0.01784699,5.371652475297514
-13.47661,-0.01781868,5.368684535651028
-13.48494,-0.01778931,5.365720262752374
-13.4933,-0.01774637,5.362748993945144
-13.50154,-0.01770028,5.359823975635372
-13.51006,-0.01767841,5.3568033154552985
-13.51848,-0.01763996,5.353821849793764
-13.52684,-0.01758818,5.350865301873904
-13.5352,-0.01756785,5.347912406170578
-13.54359,-0.01755325,5.3449525790429275
-13.55202,-0.01753839,5.341982331785225
-13.56041,-0.0175367,5.339029844967815
-13.56883,-0.01754641,5.336070471809287
-13.57723,-0.01756034,5.333121785518843
-13.58574,-0.01757934,5.33013820373421
-13.59401,-0.01757335,5.327242344238382
-13.60231,-0.01755908,5.324339520272661
-13.61067,-0.01756509,5.32141929089457
-13.61897,-0.01755855,5.318523566760189
-13.62724,-0.01752424,5.3156418174186415
-13.63561,-0.01749771,5.312728781477324
-13.64394,-0.01746684,5.309833215332228
-13.6523,-0.01742953,5.306930773569289
-13.66063,-0.01740203,5.3040422806268825
-13.66896,-0.01737428,5.301157308237057
-13.67729,-0.01733979,5.2982758499673555
-13.68572,-0.01732164,5.295363371455795
-13.69411,-0.01730138,5.292468272855994
-13.70256,-0.01727308,5.289556053759298
-13.71101,-0.01726057,5.2866474242233075
-13.71941,-0.01726027,5.283759556715632
-13.72777,-0.01724738,5.280888949916848
-13.73607,-0.0172045,5.278042402230041
-13.74452,-0.01718173,5.275147942598214
-13.75282,-0.01718632,5.272308326583203
-13.76125,-0.0171813,5.269427740939232
-13.7697,-0.01716679,5.266543860795806
-13.77794,-0.01712086,5.263735057635612
-13.7863,-0.01707575,5.260888780891174
-13.79472,-0.01707561,5.25802556340397
-13.80324,-0.01708369,5.255131896569211
-13.81139,-0.01704335,5.252367234579576
-13.81978,-0.01700125,5.249524565514068
-13.82814,-0.01698291,5.2466954919461335
-13.83666,-0.01698219,5.243815790805007
-13.84508,-0.01698212,5.240973371045889
-13.85332,-0.01695295,5.2381950608229655
-13.86165,-0.01690276,5.235389762402024
-13.87001,-0.01686097,5.232577748682229
-13.87837,-0.01682917,5.229769122742801
-13.8868,-0.01679824,5.226940403836737
-13.8951,-0.01676833,5.224158660247138
-13.90343,-0.01674099,5.221370201453886
-13.91185,-0.01672086,5.218555008859354
-13.92027,-0.0167057,5.215743221934632
-13.9287,-0.0167049,5.2129315011451185
-13.93709,-0.01670255,5.210136499082664
-13.94548,-0.01670999,5.207344860126723
-13.95384,-0.01673249,5.204566542256469
-13.9622,-0.01675368,5.201791551474696
-13.97054,-0.01676356,5.199026508638894
-13.9789,-0.01676756,5.196258146206068
-13.98723,-0.01678069,5.193503009530836
-13.99556,-0.01678602,5.190751152508367
-14.00392,-0.01678649,5.18799267633634
-14.01216,-0.0167869,5.185277016534211
-14.02043,-0.01675074,5.18255467913609
-14.02876,-0.01672994,5.179815835469422
-14.03709,-0.01672668,5.177080242414918
-14.04546,-0.01671643,5.174334781488111
-14.05376,-0.01670294,5.171615510724532
-14.06215,-0.01670151,5.168870016320406
-14.07051,-0.01669509,5.166137595581112
-14.07878,-0.01667424,5.163437783671597
-14.08711,-0.01664955,5.160721588743185
-14.0956,-0.01665647,5.1579565254405635
-14.10396,-0.01665658,5.15523705399051
-14.11226,-0.01663035,5.152540287664769
-14.12062,-0.01662674,5.149827231382192
-14.12907,-0.01660511,5.147088230152445
-14.13728,-0.01653443,5.144430159125377
-14.14571,-0.01650559,5.14170407141105
-14.15407,-0.01649077,5.139003827167733
-14.16237,-0.01643356,5.1363261163209275
-14.17098,-0.01639658,5.133551709197247
-14.17909,-0.01635685,5.130941499066584
-14.18764,-0.01633265,5.128192905937845
-14.19615,-0.0163038,5.1254604593498945
-14.20439,-0.01623238,5.122817826038289
-14.21281,-0.01618025,5.120120630614214
-14.22127,-0.01615173,5.117413838567161
-14.22963,-0.01611597,5.114742203416393
-14.23796,-0.01607977,5.112083275974929
-14.24641,-0.01605138,5.109389221565293
-14.25496,-0.01603292,5.1066665357180945
-14.26329,-0.01601128,5.104017046557982
-14.27168,-0.01599015,5.101351599811656
-14.28008,-0.0159641,5.098686113803285
-14.28847,-0.01593592,5.096026929405318
-14.2968,-0.01590009,5.093389849476806
-14.30522,-0.01587943,5.0907273988096655
-14.31368,-0.01588177,5.088055454641993
-14.32198,-0.01586528,5.08543711134913
-14.33034,-0.01586204,5.0828029062813584
-14.33876,-0.01586315,5.080152900250789
-14.34703,-0.0158625,5.077553131205553
-14.35552,-0.01587022,5.074887318606362
-14.36385,-0.01587138,5.072274807937984
-14.37218,-0.01587375,5.0696653256499715
-14.38054,-0.01586588,5.067049484928939
-14.38881,-0.01584921,5.064464795907376
-14.3972,-0.01582195,5.061845636651571
-14.40556,-0.01580339,5.0592388772113
-14.41383,-0.0157997,5.056663156149337
-14.4222,-0.01580692,5.054059297471953
-14.43053,-0.01581177,5.051470881526875
-14.43889,-0.01580012,5.048876146296564
-14.44725,-0.01578863,5.046284413988822
-14.45561,-0.01578951,5.043695679393675
-14.46404,-0.01579268,5.0410882989814745
-14.47246,-0.01580371,5.038487043667766
-14.4807,-0.01579814,5.035944325895848
-14.48894,-0.01577342,5.033404500260199
-14.49724,-0.01575078,5.030849099552743
-14.50554,-0.01572691,5.028296623221197
-14.51396,-0.0157218,5.025710226568076
-14.52229,-0.01571429,5.023154426746746
-14.53069,-0.01570777,5.020580116979993
-14.53908,-0.01570345,5.018011841189401
-14.54732,-0.01567741,5.015492365604112
-14.5558,-0.01567176,5.012902485607112
-14.56404,-0.01567706,5.010388793219464
-14.57253,-0.0156705,5.0078018092946115
-14.58086,-0.01563403,5.005266506913859
-14.58916,-0.01556699,5.002743214825254
-14.59758,-0.01551341,5.000186373357776
-14.60594,-0.01546856,4.99765066815282
-14.61415,-0.01542031,4.995163283530004
-14.62257,-0.01540327,4.9926151764019595
-14.63097,-0.01541005,4.990076044172055
-14.63954,-0.01542403,4.987488527644994
-14.648,-0.01543395,4.9849371927908255
-14.65639,-0.01544837,4.982409877193498
-14.66469,-0.01545095,4.979912517755234
-14.67299,-0.01542787,4.977417983655683
-14.68126,-0.01540675,4.974935271223315
-14.68959,-0.01540212,4.972437372316041
-14.69798,-0.015408,4.9699243433451405
-14.70631,-0.01541617,4.967432122673873
-14.71468,-0.01538895,4.9649307766122
-14.72307,-0.01537466,4.962426307828463
-14.73143,-0.01539169,4.95993363169767
-14.73973,-0.01536706,4.9574616427845015
-14.74809,-0.01535919,4.95497459671049
-14.75636,-0.01535104,4.952517097712444
-14.76479,-0.0153327,4.950014886767777
-14.77324,-0.01531807,4.947509605205088
-14.78148,-0.01528364,4.945069343529877
-14.78972,-0.01524426,4.942631801007727
-14.79811,-0.01522098,4.940152674902404
-14.8065,-0.01520628,4.937676358356128
-14.81487,-0.01518571,4.935208739597445
-14.82317,-0.01516831,4.932764509885538
-14.83159,-0.01515945,4.930287737187989
-14.84007,-0.01514102,4.927796155948052
-14.84847,-0.01510422,4.925330885943131
-14.8568,-0.01507339,4.922888912821065
-14.86519,-0.01506247,4.920432116912061
-14.87355,-0.01505459,4.917986862584924
-14.88185,-0.01503384,4.915561875707658
-14.89015,-0.01499247,4.913139592280803
-14.89858,-0.01497352,4.910682132122659
-14.907,-0.01498659,4.908230361575099
-14.91554,-0.01499835,4.905746476493644
-14.92387,-0.01498312,4.903326409302681
-14.93218,-0.01495323,4.900914842976713
-14.94045,-0.01493199,4.898517547998889
-14.94881,-0.01490648,4.896096859883831
-14.95729,-0.01490055,4.8936441895557286
-14.96553,-0.01489684,4.891263597079423
-14.97389,-0.0148679,4.888851013330537
-14.98232,-0.01484052,4.886420954832096
-14.99071,-0.01482779,4.8840051405170275
-14.99904,-0.01483202,4.881609276327018
-15.00734,-0.01481247,4.879224686053625
-15.01589,-0.01480959,4.87677102722516
-15.02409,-0.0148144,4.874420434116144
-15.03249,-0.01481209,4.87201516847841
-15.04088,-0.01481609,4.869615448032296
-15.04927,-0.01482396,4.867218403284678
-15.05766,-0.01483114,4.864824029762925
-15.06593,-0.01483139,4.862466512190087
-15.07427,-0.014847,4.860091659496613
-15.08269,-0.01486502,4.857696690709681
-15.09093,-0.01485968,4.8553555082423685
-15.0992,-0.01484647,4.8530083713044405
-15.10756,-0.01485059,4.850638302942368
-15.11592,-0.0148505,4.848270856156953
-15.12422,-0.01483902,4.845922989747571
-15.13261,-0.01482427,4.843552282124499
-15.14082,-0.01480174,4.841234979347222
-15.14906,-0.01480147,4.838911734457452
-15.15752,-0.0148008,4.836529089191372
-15.16585,-0.01479108,4.834185653952796
-15.17418,-0.0147718,4.831844791613122
-15.18248,-0.0147404,4.829514914559414
-15.19093,-0.01472793,4.82714554671768
-15.19927,-0.01472163,4.824809605987657
-15.20763,-0.01470201,4.822470634806344
-15.21581,-0.01465484,4.820184512030579
-15.2242,-0.01461909,4.81784225115277
-15.23259,-0.01458041,4.81550257047554
-15.24098,-0.0145418,4.813165465737768
-15.24937,-0.01452352,4.810830932687711
-15.2578,-0.01450092,4.808487855391997
-15.26613,-0.01447437,4.806175114452714
-15.27452,-0.01444098,4.803848264953662
-15.28288,-0.01443064,4.801532276638959
-15.29125,-0.01443688,4.799216054933377
-15.2997,-0.01443371,4.796880265626124
-15.30815,-0.01443932,4.794547055000115
-15.31648,-0.01443701,4.7922494985793085
-15.32488,-0.01442988,4.789935164255772
-15.33321,-0.01442955,4.787642620168902
-15.34169,-0.01444271,4.785311350965898
-15.34984,-0.01442968,4.783073230730744
-15.35814,-0.01440963,4.780796359454986
-15.36653,-0.01441095,4.77849729899984
-15.37486,-0.01439821,4.776217162302617
-15.38319,-0.01439274,4.773939494994211
-15.39156,-0.0143989,4.771653373667127
-15.39986,-0.01440957,4.769388825612701
-15.40816,-0.01441604,4.767126717271887
-15.41655,-0.01443559,4.764842555565285
-15.42485,-0.01444858,4.762585341186463
-15.43321,-0.01445876,4.760314263850489
-15.44161,-0.01447117,4.758034796889703
-15.44991,-0.01447347,4.755784901012369
-15.4583,-0.01446774,4.753513064179114
-15.46651,-0.01444175,4.751292353607893
-15.47487,-0.01442821,4.749033491072947
-15.48311,-0.0144244,4.746809439447243
-15.49141,-0.01441185,4.744571585155903
-15.49977,-0.01439303,4.74231997636094
-15.50813,-0.01437472,4.74007079512488
-15.5165,-0.01436665,4.737821351464571
-15.52483,-0.01435111,4.7355850659878405
-15.5334,-0.014339,4.733286852846126
-15.54173,-0.01434167,4.731055429479215
-15.55003,-0.01432416,4.728834420255138
-15.55833,-0.01429119,4.726615780742535
-15.56664,-0.01424342,4.724396838367175
-15.57503,-0.01420345,4.722158936451487
-15.58336,-0.01418188,4.719939422563555
-15.59175,-0.01417359,4.717706319046933
-15.60017,-0.01418293,4.715467645544889
-15.60851,-0.01417842,4.7132526230883025
-15.61687,-0.0141602,4.711034663155933
-15.62523,-0.01415081,4.708819076583193
-15.63377,-0.01415519,4.706558232595209
-15.64217,-0.01416204,4.704336859911381
-15.65047,-0.01415522,4.702144274261412
-15.65877,-0.01413432,4.699954012990803
-15.66701,-0.01409704,4.697781880524746
-15.6754,-0.01407353,4.695572553172488
-15.68376,-0.01405011,4.693373476768326
-15.69209,-0.0140215,4.691184622316085
-15.70052,-0.01398556,4.688971855709238
-15.70888,-0.01396406,4.686779808617801
-15.71715,-0.01394434,4.684613654511155
-15.72557,-0.01394421,4.682410551731989
-15.73393,-0.01395944,4.680225480855705
-15.74233,-0.01396426,4.678032292551357
-15.75069,-0.01396742,4.675851870616462
-15.75917,-0.01397608,4.673642514167942
-15.76759,-0.01400761,4.671451141233378
-15.77593,-0.01403035,4.669282894891142
-15.78423,-0.01404449,4.667127322650519
-15.79256,-0.01403888,4.664966237266156
-15.80071,-0.01401356,4.662854055292453
-15.80901,-0.01399156,4.660705237076832
-15.81734,-0.01398864,4.6585509194339885
-15.8257,-0.01400374,4.656391123299444
-15.834,-0.01401138,4.654249084249085
-15.84227,-0.01400391,4.652117019846273
-15.8506,-0.01399789,4.649971736085701
-15.85899,-0.01399515,4.64781327814697
-15.86739,-0.0139685,4.64565453423657
-15.87578,-0.01395201,4.643500640598447
-15.88408,-0.01394031,4.64137209079783
-15.89235,-0.0139109,4.6392534458402945
-15.90065,-0.01389309,4.637129331190864
-15.90895,-0.01385711,4.635007432922977
-15.91725,-0.01381171,4.632887747569462
-15.92564,-0.01379541,4.630747323184501
-15.93413,-0.013818,4.628583681694577
-15.94255,-0.01382327,4.6264401554331025
-15.95097,-0.01381622,4.624298892167687
-15.95927,-0.01380121,4.622190357077736
-15.96758,-0.01377114,4.620081477593975
-15.976,-0.01376995,4.617946920380571
-15.98442,-0.01379971,4.615814611978414
-15.99272,-0.01380793,4.613714890275076
-16.00099,-0.01379781,4.611624924457799
-16.00942,-0.01378891,4.609496746290622
-16.01775,-0.01376739,4.607396013797194
-16.02611,-0.01378061,4.605289911276037
-16.03447,-0.01379548,4.603186004900693
-16.04283,-0.01379368,4.6010842912378935
-16.05107,-0.01377656,4.599014888104033
-16.05937,-0.01375793,4.596932563357093
-16.0677,-0.01374033,4.59484487512214
-16.0761,-0.01373485,4.592741834151318
-16.08455,-0.01373222,4.590628491316202
-16.09282,-0.01368865,4.588562315367972
-16.10109,-0.01365953,4.586498261918914
-16.10948,-0.01365666,4.5844064240434825
-16.11781,-0.01363451,4.582331700150331
-16.12615,-0.01359765,4.5802566328602925
-16.13457,-0.01356897,4.578163837028195
-16.14284,-0.0135538,4.576110448966849
-16.15141,-0.01357495,4.5739847914206875
-16.15978,-0.01359625,4.57191091710407
-16.16798,-0.01358503,4.5698812467605725
-16.17638,-0.01356458,4.567804205885371
-16.1848,-0.01355503,4.5657243833720536
-16.19319,-0.01356849,4.563654122504584
-16.20158,-0.01357799,4.5615860058093105
-16.20979,-0.01355756,4.559564331185043
-16.21819,-0.01352851,4.557497988369849
-16.22649,-0.0134948,4.5554583461981
-16.23479,-0.01345028,4.5534207895513275
-16.24321,-0.0134176,4.551355901943027
-16.2516,-0.0134051,4.549300499643112
-16.25987,-0.01339416,4.547276571091897
-16.26827,-0.01336254,4.545222933969009
-16.2766,-0.01333372,4.543188503741568
-16.28499,-0.01332603,4.541141523574777
-16.29341,-0.0133293,4.53908934348304
-16.30183,-0.0133345,4.537039283319726
-16.31026,-0.01333416,4.534988908821809
-16.31841,-0.01330053,4.533008650965382
-16.32686,-0.01327599,4.5309575876806685
-16.33528,-0.01328665,4.528915916960101
-16.34358,-0.01329249,4.526905402610689
-16.35191,-0.01329693,4.524889673438761
-16.36031,-0.01332343,4.522859083966013
-16.36867,-0.01335786,4.520840233201597
-16.37703,-0.01338329,4.518823443566996
-16.38542,-0.01343234,4.516801485711078
-16.39375,-0.01348791,4.514796035074342
-16.40205,-0.01353571,4.512799832947711
-16.41032,-0.01356372,4.51081285435019
-16.41859,-0.01358459,4.50882787742431
-16.42683,-0.01361343,4.506852088930122
-16.43517,-0.0136491,4.50485433980908
-16.44338,-0.01366087,4.502889710023122
-16.45165,-0.0136459,4.500912704804685
-16.45989,-0.01361777,4.4989448471405336
-16.46819,-0.01360534,4.496964651245826
-16.47652,-0.01361122,4.494979303882131
-16.48473,-0.01358274,4.493024520268151
-16.49297,-0.01353106,4.491064550532743
-16.50136,-0.01347948,4.489070912942934
-16.50975,-0.01344734,4.487079301624798
-16.51814,-0.01342564,4.485089713490744
-16.52654,-0.01339964,4.4830997776909145
-16.53481,-0.0133615,4.4811426136738195
-16.5432,-0.01333195,4.47915905024421
-16.55165,-0.01331711,4.477163334169101
-16.56007,-0.01331694,4.47517672932542
-16.56847,-0.01330798,4.473196855231654
-16.57686,-0.01330674,4.471221341074244
-16.58522,-0.01331575,4.469254878741434
-16.59361,-0.01329483,4.467283351844475
-16.60198,-0.0132744,4.465318510201795
-16.61028,-0.01326256,4.463372056341013
-16.61864,-0.01325459,4.46141349713334
-16.62694,-0.01322341,4.459470942939591
-16.63536,-0.01320827,4.457502284290812
-16.64357,-0.01319806,4.455584643198544
-16.65196,-0.01317892,4.453626912387491
-16.66045,-0.0131676,4.451647854649784
-16.66875,-0.01315587,4.449715035620548
-16.67711,-0.01314977,4.447770189199448
-16.68544,-0.01313739,4.44583426028921
-16.69396,-0.01313919,4.4438561731308805
-16.70216,-0.01313469,4.44195428615221
-16.71047,-0.01312056,4.440028790333246
-16.71883,-0.01310852,4.438093640523888
-16.72722,-0.01309049,4.436153491136005
-16.73561,-0.01306812,4.434215287043616
-16.74385,-0.01304776,4.432313625599848
-16.75221,-0.01302332,4.430386181882867
-16.76073,-0.01301765,4.428423827601781
-16.76897,-0.0130169,4.426527860685541
-16.77727,-0.01300306,4.42461997094879
-16.78566,-0.01298631,4.422693310837942
-16.79402,-0.01299773,4.420775454596338
-16.8026,-0.01303008,4.418809112875388
-16.8109,-0.01303266,4.416908850805132
-16.81926,-0.01301472,4.414996747776062
-16.82765,-0.01302289,4.413079693242967
-16.83595,-0.01304185,4.411185083110843
-16.84422,-0.01306114,4.409299177996963
-16.85249,-0.01308953,4.407415123818498
-16.86076,-0.01311433,4.405532917851865
-16.86919,-0.01315682,4.403616196154054
-16.87764,-0.01320308,4.401696848611536
-16.88594,-0.01322117,4.3998134424260655
-16.89418,-0.01322715,4.397945481816816
-16.90242,-0.01322822,4.396079342484686
-16.9106,-0.01321403,4.394228590351614
-16.91887,-0.01319438,4.392359294681028
-16.92717,-0.01317934,4.390485054501136
-16.93556,-0.01317582,4.388592358327685
-16.94389,-0.01316892,4.386715051856451
-16.95223,-0.01313988,4.38483733998418
-16.96056,-0.01309501,4.382963722895942
-16.96892,-0.01306241,4.381085207544145
-16.97728,-0.01304015,4.379208542239982
-16.98558,-0.01301395,4.377347173308183
-16.99391,-0.01298028,4.375480904629953
-17.0023,-0.01293951,4.373603041941384
-17.01073,-0.01291301,4.371718092051312
-17.01918,-0.01290577,4.369830544127273
-17.02748,-0.01289007,4.367978326798799
-17.03587,-0.01286633,4.366107859475331
-17.04427,-0.01285474,4.364237007510442
-17.05254,-0.01285018,4.362396909785874
-17.06093,-0.01284785,4.360531934660068
-17.06938,-0.01285832,4.358655475477141
-17.07777,-0.01287348,4.356794177459937
-17.08608,-0.01287628,4.3549524291118855
-17.09441,-0.01287867,4.35310804526158
-17.1028,-0.01289194,4.351252192623431
-17.11113,-0.01290387,4.349411412338052
-17.1194,-0.01290503,4.347585663048939
-17.12767,-0.01289581,4.345761676865564
-17.13606,-0.01289456,4.343913023180358
-17.14438,-0.01290046,4.342081580086302
-17.15271,-0.01289657,4.340249715642601
-17.16104,-0.01288803,4.338419629579559
-17.16934,-0.01287072,4.336597900676439
-17.17767,-0.01285561,4.334771357232966
-17.18601,-0.0128472,4.332944394888633
-17.19434,-0.0128248,4.331121392272109
-17.20271,-0.01279717,4.329291413969078
-17.21103,-0.01276691,4.327474131414564
-17.21935,-0.01272705,4.325658604999608
-17.22769,-0.01270154,4.323840474259753
-17.23613,-0.01269476,4.322002334630802
-17.24451,-0.0126721,4.320179042489466
-17.25279,-0.01264255,4.318379247646322
-17.2612,-0.01263902,4.316552962714065
-17.26965,-0.01265595,4.314719782971862
-17.27803,-0.01266895,4.31290356018597
-17.28645,-0.0126856,4.311080441617568
-17.29477,-0.01270718,4.3092807189687985
-17.30315,-0.01271125,4.307469767065535
-17.31154,-0.012727,4.305658410516915
-17.3199,-0.01275202,4.303855276300672
-17.32823,-0.01275835,4.302060343151031
-17.33652,-0.01275415,4.300275741613658
-17.34482,-0.01275045,4.29849069635776
-17.35317,-0.01275793,4.296696620847949
-17.36144,-0.01274436,4.294921435088334
-17.36972,-0.01271285,4.293145796247723
-17.37807,-0.01269039,4.291356859536186
-17.3864,-0.01267541,4.289573919845397
-17.39478,-0.01266169,4.287782001267047
-17.40309,-0.0126398,4.286006755122223
-17.41147,-0.01262182,4.28421827105925
-17.41977,-0.01259681,4.282448557013095
-17.42815,-0.01257268,4.280663495551737
-17.43657,-0.01257376,4.278871641613001
-17.44501,-0.01257511,4.277077267367574
-17.4534,-0.0125869,4.2752952433336775
-17.46166,-0.01259786,4.273542503977286
-17.47011,-0.01260368,4.271751162413975
-17.47839,-0.01262045,4.269997539819171
-17.48676,-0.01263358,4.268226543968122
-17.49515,-0.01264627,4.266453016978992
-17.50343,-0.01267146,4.264704409364336
-17.51173,-0.01268044,4.262953237629863
-17.52016,-0.01268429,4.261176336289166
-17.52828,-0.01268218,4.259466393736294
-17.53659,-0.01269082,4.257718079740703
-17.54492,-0.01271056,4.255967220141215
-17.55316,-0.01270731,4.254236912328037
-17.56154,-0.01270658,4.252478871442937
-17.56984,-0.01270392,4.250739266834531
-17.57813,-0.01269032,4.249003397972366
-17.58655,-0.01268042,4.247241983220132
-17.59491,-0.01267152,4.245494787981297
-17.60321,-0.01265234,4.243761774130968
-17.61144,-0.01261282,4.242044988939008
-17.61975,-0.01257119,4.240313142922005
-17.62816,-0.01255421,4.2385621187917515
-17.63651,-0.01253794,4.2368252392338395
-17.64482,-0.01251147,4.2350983121392005
-17.6532,-0.01250906,4.2333584845807
-17.66162,-0.01254002,4.231612015205854
-17.67001,-0.01255903,4.2298734239539195
-17.67833,-0.01255422,4.228150967879885
-17.68674,-0.01255706,4.226411526375126
-17.69507,-0.01257824,4.224690261185742
-17.70342,-0.01260708,4.22296648896089
-17.71179,-0.01263808,4.221240219085705
-17.72005,-0.01263851,4.219538234937261
-17.7282,-0.01263671,4.21786047088819
-17.73659,-0.01267153,4.216134910938349
-17.74492,-0.01269913,4.214423305374158
-17.75331,-0.01272696,4.212700994913062
-17.76158,-0.01274483,4.21100491059917
-17.76982,-0.0127202,4.2093165490702775
-17.77818,-0.01271369,4.207605199182369
-17.78655,-0.01271089,4.205893413843607
-17.79463,-0.0126569,4.204242465283065
-17.80298,-0.01260784,4.202537923426303
-17.81136,-0.01258864,4.200828864275384
-17.8195,-0.01254422,4.199170290973372
-17.82808,-0.01252397,4.197423704627756
-17.83643,-0.01252753,4.195725551581791
-17.84483,-0.01249009,4.1940188334660515
-17.85327,-0.01246926,4.192305605639752
-17.86168,-0.01247209,4.190600077932199
-17.87007,-0.01246153,4.188900205763044
-17.8784,-0.01243533,4.1872140683730095
-17.88681,-0.01241937,4.185513330772787
-17.89504,-0.01239075,4.183850541826115
-17.90349,-0.01236666,4.182144894654617
-17.91191,-0.01234851,4.180446903764032
-17.92026,-0.0123175,4.17876460497783
-17.92864,-0.01230834,4.177077837471219
-17.937,-0.01230217,4.17539666610916
-17.94542,-0.01230806,4.1737050121980985
-17.95375,-0.01229582,4.172033001462091
-17.96211,-0.01230034,4.170356528269786
-17.97049,-0.01231069,4.168677609792499
-17.97896,-0.012344,4.166982250363758
-17.98729,-0.0123588,4.165316470685689
-17.99555,-0.0123431,4.163666211924615
-18.00391,-0.01235894,4.161997516095115
-18.01227,-0.01241306,4.160330369242744
-18.02045,-0.01245128,4.158700615134473
-18.02878,-0.01246525,4.1570424953879295
-18.03705,-0.01248206,4.155397833902994
-18.0454,-0.01250936,4.153738792157558
-18.0538,-0.01256763,4.152071364477285
-18.06212,-0.01262125,4.150421345888523
-18.07033,-0.01262538,4.148794631863392
-18.07843,-0.01261745,4.147191160958114
-18.08679,-0.01263428,4.145537726705513
-18.09512,-0.01262434,4.14389174539876
-18.10344,-0.01261048,4.142249252075849
-18.11171,-0.0125942,4.1406181249589356
-18.11995,-0.0125507,4.1389943956799
-18.12828,-0.0125092,4.1373544318600555
-18.13658,-0.01247285,4.135721872591194
-18.1449,-0.01244969,4.134086878406605
-18.15338,-0.01244799,4.132421984225528
-18.16177,-0.01244729,4.130776289976143
-18.17011,-0.01242995,4.129141909432579
-18.17854,-0.01242594,4.127491415702251
-18.18694,-0.01243334,4.125848317528952
-18.19533,-0.01244091,4.124208689812167
-18.20366,-0.01244163,4.122582282903548
-18.21196,-0.0124364,4.120963213185181
-18.22031,-0.01244345,4.119335878478467
-18.22865,-0.01246447,4.117711980865287
-18.23702,-0.012473,4.116083735171645
-18.24533,-0.0124618,4.114468639372377
-18.25365,-0.01245669,4.112853073220973
-18.26193,-0.01245307,4.111246735695516
-18.27028,-0.01243781,4.1096282925056435
-18.27866,-0.01242815,4.108005521192473
-18.28693,-0.01240584,4.106405509289968
-18.2952,-0.01237199,4.104806943897853
-18.30362,-0.0123563,4.103180868046867
-18.312,-0.01234773,4.101564001747488
-18.32034,-0.01232278,4.09995632177132
-18.32869,-0.01229564,4.098348179820817
-18.33702,-0.01227478,4.096745349026178
-18.34544,-0.01227102,4.095126679981511
-18.35379,-0.01226358,4.093522934500177
-18.3622,-0.01224856,4.091909139427737
-18.37053,-0.01223531,4.090312152126259
-18.37891,-0.01222441,4.088707039753718
-18.38724,-0.01221575,4.087112954418391
-18.3956,-0.01222286,4.085514579573376
-18.40398,-0.0122318,4.083913838202389
-18.41232,-0.01221853,4.082322184276615
-18.42059,-0.01220414,4.080745312717997
-18.42893,-0.01220627,4.07915652726447
-18.43732,-0.01221544,4.07755966702319
-18.44569,-0.01223079,4.075968060831555
-18.45401,-0.01224994,4.074387393309097
-18.46237,-0.01225731,4.072800561358049
-18.47064,-0.01224901,4.071232225845992
-18.47899,-0.01225137,4.069650143216702
-18.48747,-0.01227893,4.068044892026871
-18.49574,-0.01229296,4.066480811257079
-18.50404,-0.01229483,4.064912462359572
-18.51238,-0.01230319,4.063337971670849
-18.52071,-0.0122988,4.061766784318744
-18.52892,-0.012263,4.0602196134475195
-18.53728,-0.01225117,4.05864558338656
-18.54567,-0.01225718,4.057067331619725
-18.55396,-0.01222766,4.055509292894886
-18.56226,-0.01218677,4.053950768925767
-18.57062,-0.01216385,4.052382386802379
-18.5789,-0.01214111,4.0508304043834675
-18.5873,-0.0121059,4.049257342378937
-18.5957,-0.01208637,4.04768570153315
-18.60404,-0.0120758,4.046126690761792
-18.61246,-0.01205807,4.044554142762429
-18.62087,-0.01206108,4.042984882016791
-18.62932,-0.0120832,4.0414095844614835
-18.63765,-0.01211333,4.039858056139052
-18.64597,-0.01212057,4.038309774176405
-18.65442,-0.01214291,4.036738713934821
-18.66281,-0.01218788,4.035180216698343
-18.67111,-0.01221601,4.033639815736719
-18.67949,-0.01223257,4.0320859563082285
-18.68779,-0.01224074,4.030548304534673
-18.69608,-0.01223767,4.029013868147762
-18.70425,-0.01222545,4.027502973923039
-18.7126,-0.01222319,4.025960155189552
-18.72092,-0.01222129,4.024424248380956
-18.72916,-0.01220262,4.022904454871441
-18.73749,-0.01218616,4.02136942034392
-18.74577,-0.01217595,4.019844951687768
-18.75415,-0.01218146,4.018303442171466
-18.76257,-0.01219546,4.016755961470097
-18.77086,-0.01219688,4.015233729301695
-18.77918,-0.01219532,4.013707339724099
-18.78752,-0.01219818,4.012178637733985
-18.79591,-0.01219891,4.0106421396995415
-18.80423,-0.01220814,4.0091198150628875
-18.81258,-0.01220841,4.007593355084736
-18.82091,-0.01219965,4.006071900880457
-18.82916,-0.01219284,4.004566385329988
-18.83751,-0.01218968,4.003043963878453
-18.84578,-0.01218567,4.001537458253253
-18.85411,-0.01218456,4.000021358738228
-18.86249,-0.0121869,3.998497510137845
-18.87082,-0.0121985,3.9969840950207782
-18.87911,-0.01218573,3.9954792731225144
-18.88745,-0.01216,3.993966708052172
-18.89584,-0.0121319,3.9924464220696194
-18.9041,-0.01210846,3.9909510106273243
-18.91254,-0.01209634,3.9894243607680404
-18.92078,-0.01207989,3.9879352014029017
-18.9292,-0.01205391,3.9864148511294717
-18.93745,-0.01203004,3.984926508056787
-18.94582,-0.01202671,3.9834178409802266
-18.95427,-0.01204543,3.9818961057323756
-18.96278,-0.01207228,3.9803649359429367
-18.97116,-0.01208882,3.978858498900436
-18.97948,-0.01209309,3.977364163823245
-18.98785,-0.01209996,3.9758621697559224
-18.99614,-0.01211309,3.974375836354122
-19.00453,-0.01212222,3.9728728939889595
-19.0128,-0.01211952,3.971392745939578
-19.02104,-0.01212053,3.969919247317707
-19.02934,-0.0121337,3.9684363094043196
-19.03769,-0.01215602,3.966945742892126
-19.04604,-0.01216607,3.965456483342469
-19.05437,-0.01217385,3.963972091441491
-19.0627,-0.01218553,3.9624889968367545
-19.07106,-0.01220417,3.961001863556614
-19.07942,-0.01222296,3.95951603350626
-19.08765,-0.01222507,3.9580545797937408
-19.09593,-0.01222298,3.956585518484829
-19.1042,-0.01221832,3.9551195025177712
-19.1125,-0.01222659,3.9536494440810985
-19.12087,-0.01224403,3.9521682799998117
-19.12921,-0.01225151,3.950693713958914
-19.13751,-0.01224757,3.949227496158069
-19.14583,-0.01224186,3.947759021154998
-19.15414,-0.01223495,3.9462935845723166
-19.16251,-0.0122235,3.9448188520188636
-19.17082,-0.0122024,3.9433559649508996
-19.17917,-0.01218788,3.941887313163187
-19.18747,-0.01216093,3.9404287224944192
-19.19573,-0.01211922,3.9389784134284027
-19.20409,-0.01209746,3.937511816493257
-19.21249,-0.01209465,3.936039487853995
-19.22084,-0.01206347,3.934577198499129
-19.22923,-0.01204424,3.933109183259028
-19.23764,-0.012042,3.9316389536346454
-19.246,-0.0120206,3.930178738439156
-19.25438,-0.0119866,3.928716302472476
-19.2628,-0.01197336,3.9272481674522917
-19.27113,-0.01195424,3.925796987514484
-19.27939,-0.01190643,3.9243592406191277
-19.28789,-0.01188671,3.922881004609628
-19.29616,-0.01186291,3.921444017877132
-19.30449,-0.01181781,3.9199978502410575
-19.31287,-0.01179814,3.918544260899597
-19.32137,-0.01178708,3.9170711445409925
-19.3297,-0.01177131,3.9156287474715077
-19.33801,-0.01174534,3.914191051716283
-19.34644,-0.0117362,3.912733856978338
-19.35477,-0.01172983,3.9112951949312755
-19.36316,-0.01174872,3.9098474215985406
-19.37157,-0.01178858,3.9083974556527945
-19.37988,-0.01183782,3.906965966765532
-19.3882,-0.01190214,3.9055339845885637
-19.39659,-0.0119816,3.9040911985044793
-19.40492,-0.01204043,3.9026599645863005
-19.41321,-0.01208506,3.9012368227614083
-19.42148,-0.01215375,3.8998183248650466
-19.4297,-0.01222551,3.898409599736486
-19.43787,-0.01226027,3.8970106241064477
-19.44602,-0.01227678,3.8956162443523144
-19.45433,-0.01230469,3.894195693195294
-19.46271,-0.01231207,3.8927644043404026
-19.47093,-0.01228896,3.891361640147646
-19.47905,-0.0122414,3.889977103606182
-19.48738,-0.01219139,3.8885579590483683
-19.49574,-0.01217732,3.8871349228087775
-19.50397,-0.01215828,3.885735206729707
-19.51244,-0.01213415,3.8842959055863844
-19.52087,-0.01212679,3.882864641791068
-19.52922,-0.01210864,3.8814481786778994
-19.53764,-0.0121031,3.880021067027543
-19.54596,-0.01210066,3.878612112170494
-19.55426,-0.01207311,3.877207738876337
-19.56268,-0.01207437,3.8757842790456114
-19.57103,-0.01207829,3.8743738627961837
-19.57938,-0.01207433,3.8729646495445715
-19.58777,-0.01207214,3.871549895674699
-19.59602,-0.01206589,3.8701599304348537
-19.60443,-0.0120534,3.868744212405053
-19.61276,-0.01204717,3.867343158229642
-19.62111,-0.01202924,3.865939934081201
-19.6295,-0.01201083,3.8645311903003132
-19.6378,-0.01199862,3.8631387426290114
-19.64616,-0.01199954,3.861737418406447
-19.65456,-0.01198871,3.8603305899496094
-19.66283,-0.01196183,3.8589467080781352
-19.67123,-0.01193923,3.85754226349852
-19.6796,-0.01193246,3.856144027317628
-19.68799,-0.01194477,3.8547436432058326
-19.6964,-0.01193455,3.8533411181738795
-19.70479,-0.01191736,3.851943121444075
-19.71309,-0.01191118,3.850561292014595
-19.72142,-0.0119094,3.849175637454098
-19.72984,-0.01191557,3.847776200922055
-19.73821,-0.01192455,3.8463862579230845
-19.74655,-0.01193104,3.8450024687856867
-19.75476,-0.01192191,3.8436413907331697
-19.76325,-0.01193692,3.842235082792557
-19.77161,-0.01195446,3.8408514885737683
-19.77988,-0.01194975,3.8394839402463514
-19.78818,-0.01194688,3.8381125803383633
-19.79651,-0.01196956,3.836737419878554
-19.80484,-0.01198416,3.83536341621543
-19.81319,-0.0119821,3.8339872731246207
-19.82149,-0.0119659,3.832620519446318
-19.82977,-0.01193794,3.8312581991621686
-19.83817,-0.01196099,3.829877297149888
-19.84651,-0.01200751,3.8285074151576275
-19.8548,-0.01200665,3.827146886395229
-19.86302,-0.0119946,3.825798967125845
-19.87141,-0.01199563,3.8244243211729816
-19.87973,-0.01198343,3.823062290081405
-19.88823,-0.0119878,3.8216719687976255
-19.89656,-0.01199686,3.8203106064565935
-19.90463,-0.01195935,3.8189928222730085
-19.91292,-0.01191397,3.81764022554201
-19.92133,-0.01187662,3.8162691998977976
-19.92961,-0.01184457,3.8149204976916256
-19.93799,-0.01184392,3.813556647385218
-19.94641,-0.01185011,3.812187441248826
-19.95479,-0.0118526,3.810825886917377
-19.96309,-0.01184647,3.8094784574933036
-19.97154,-0.01185648,3.8081078274384446
-19.97986,-0.01186485,3.8067594167326497
-19.98839,-0.01188697,3.8053781370085336
-19.99663,-0.01190196,3.8040449365718123
-20.00497,-0.01190371,3.802696674876293
-20.01329,-0.01190857,3.801352766086935
-20.02164,-0.01191446,3.8000051344445307
-20.02994,-0.01191951,3.798666685971101
-20.03821,-0.01193134,3.79733417805283
-20.04659,-0.01196874,3.795985067784596
-20.05495,-0.01198754,3.794640300773624
-20.06319,-0.01198168,3.7933159333087114
-20.07152,-0.01197755,3.791978205935574
-20.0799,-0.01196918,3.7906335688922757
-20.0882,-0.01197767,3.78930287432423
-20.09651,-0.01198679,3.7879716776694066
-20.10481,-0.0119771,3.786643181407832
-20.11296,-0.0119559,3.785339761029704
-20.12135,-0.0119519,3.7839990606992076
-20.12973,-0.01195791,3.782661073943863
-20.138,-0.01195135,3.7813417419803352
-20.14644,-0.01196274,3.7799964063129767
-20.15482,-0.01197513,3.7786617493979104
-20.16306,-0.01196601,3.777350471605004
-20.1714,-0.01195531,3.776024371139336
-20.17978,-0.01195429,3.774693014492725
-20.1881,-0.0119493,3.7733722836720642
-20.19632,-0.01193367,3.7720684956467316
-20.20465,-0.01194057,3.7707483425845036
-20.21301,-0.01194692,3.7694245290533175
-20.22131,-0.01190572,3.768111299416309
-20.22968,-0.01189942,3.7667880856246865
-20.23799,-0.01191863,3.7654754400017
-20.24638,-0.01191479,3.764151250742108
-20.2547,-0.01188944,3.76283919287869
-20.26305,-0.01185597,3.7615234873328545
-20.27127,-0.01181881,3.7602293245563794
-20.27982,-0.0118093,3.75888431948607
-20.28812,-0.01178776,3.7575797264606083
-20.29637,-0.01174552,3.7562840498079213
-20.30472,-0.01173649,3.754973740095899
-20.31316,-0.01173639,3.7536504020053996
-20.32158,-0.0117424,3.7523312951059906
-20.32994,-0.01174684,3.751022669029028
-20.33832,-0.01174242,3.7497119919442707
-20.34679,-0.01176115,3.7483883354573377
-20.35518,-0.01178427,3.7470782670553637
-20.36342,-0.01179049,3.7457926713685614
-20.37175,-0.01182433,3.744494091082013
-20.38011,-0.01187973,3.7431919013194728
-20.38843,-0.01191997,3.7418970023685003
-20.39677,-0.01199254,3.7406000508904107
-20.40511,-0.01206958,3.7393041595953167
-20.41344,-0.01210074,3.738010879107098
-20.42166,-0.01211573,3.736735711004884
-20.42992,-0.01212537,3.7354553713377245
-20.43814,-0.01213511,3.734182259246683
-20.44644,-0.01213141,3.7328977954108393
-20.45456,-0.01210089,3.731642196165549
-20.46291,-0.01208837,3.730352071137487
-20.4713,-0.01209027,3.7290568258977204
-20.4796,-0.0120779,3.7277765190726377
-20.48787,-0.01203266,3.726501871595241
-20.49625,-0.01197212,3.725211319143746
-20.50452,-0.01194125,3.7239387413116716
-20.51291,-0.01192808,3.722648746569843
-20.52124,-0.01189036,3.7213690205855006
-20.52957,-0.01186025,3.7200903331146242
-20.53798,-0.01184172,3.7188004175678424
-20.54654,-0.01184493,3.7174885795856625
-20.55487,-0.01184442,3.7162130385645833
-20.56314,-0.01182639,3.714947707402663
-20.57153,-0.01182422,3.713665055540351
-20.57988,-0.01182507,3.7123895571791476
-20.5883,-0.01182266,3.7111044136718427
-20.59663,-0.01182338,3.7098340408115305
-20.60501,-0.01183536,3.7085570790793114
-20.61336,-0.01185461,3.707285721493245
-20.62169,-0.01187221,3.7060184349585312
-20.63001,-0.01185361,3.704753691345763
-20.63821,-0.01181462,3.7035081869987754
-20.64661,-0.01180524,3.7022333303142743
-20.65498,-0.01181253,3.700964058062511
-20.66325,-0.01181197,3.6997109602797233
-20.67156,-0.01180814,3.6984528114956006
-20.67984,-0.01178546,3.6972002104465025
-20.68805,-0.01176487,3.6959591890004133
-20.69647,-0.01177592,3.6946874466998474
-20.70496,-0.01181201,3.693406179002519
-20.71335,-0.01182247,3.692141034646738
-20.72162,-0.01181629,3.6908949879401316
-20.73,-0.01182075,3.6896333815726
-20.73822,-0.01181149,3.688396853731902
-20.74667,-0.01180473,3.6871267485336197
-20.75499,-0.01180072,3.685877193870004
-20.76326,-0.01177353,3.6846361409528177
-20.77152,-0.0117533,3.6833975751413477
-20.77994,-0.01173375,3.6821360311916203
-20.78825,-0.01173664,3.6808919702235636
-20.79657,-0.01174782,3.67964740820241
-20.8049,-0.01175894,3.6784023475239005
-20.81331,-0.01176725,3.677146340490772
-20.82167,-0.01177501,3.675898806387768
-20.83011,-0.01180262,3.6746403499549447
-20.83841,-0.0118254,3.6734037625711364
-20.8468,-0.01183889,3.672154767158508
-20.85516,-0.01185504,3.6709112373148898
-20.86336,-0.01184615,3.669692475229301
-20.87158,-0.01183201,3.6684717017111304
-20.87994,-0.0118339,3.667231122311654
-20.88825,-0.01184687,3.665998946776298
-20.89656,-0.01183095,3.664767751247095
-20.9048,-0.01180946,3.6635478933068
-20.91318,-0.01181091,3.6623082955342037
-20.92148,-0.01180975,3.661081510485874
-20.92987,-0.01180472,3.6598424118257777
-20.9382,-0.01180454,3.658613156813862
-20.94655,-0.01180944,3.657381931630746
-20.9548,-0.01180447,3.656166415332048
-20.96315,-0.01180035,3.654937139695132
-20.97162,-0.0118055,3.6536911979141333
-20.97992,-0.01179068,3.652471239165831
-20.98822,-0.0117614,3.6512522453071297
-20.99661,-0.01174587,3.6500210129158943
-21.00497,-0.01174357,3.648795161335627
-21.01328,-0.01173367,3.647577608064995
-21.02159,-0.01171558,3.6463610174111474
-21.02995,-0.01170107,3.6451380768855848
-21.03827,-0.01167519,3.6439219527080886
-21.04666,-0.01164457,3.642696570382189
-21.05505,-0.01165159,3.641472164635087
-21.06348,-0.01167834,3.6402429038316555
-21.07187,-0.01167863,3.639020452385099
-21.08019,-0.01167186,3.637809161112874
-21.08849,-0.01166443,3.6366017339316374
-21.09682,-0.01166047,3.635390897775115
-21.10521,-0.01166212,3.6341723062694
-21.11365,-0.01167952,3.6329474297433175
-21.12199,-0.01169547,3.6317380275248685
-21.13016,-0.01167491,3.6305542030916946
-21.13852,-0.01166221,3.629343795119053
-21.14691,-0.01166313,3.628130005754978
-21.1552,-0.01165321,3.62693162910301
-21.16354,-0.01165283,3.625726971952707
-21.17188,-0.01165829,3.6245232638764247
-21.18027,-0.01166805,3.6233132958172867
-21.18854,-0.0116714,3.6221215713777353
-21.19688,-0.01168689,3.6209207015372074
-21.20529,-0.01171949,3.61971070897875
-21.21361,-0.011752,3.618514609253211
-21.22197,-0.01179166,3.6173137036759546
-21.23029,-0.01182399,3.6161194830593457
-21.23857,-0.01184022,3.6149319327996188
-21.24689,-0.01185886,3.6137395778864576
-21.2552,-0.01187943,3.6125495878655576
-21.26346,-0.01188198,3.611367679578018
-21.27173,-0.01187691,3.6101852599671016
-21.27992,-0.01187661,3.60901518426761
-21.28821,-0.01187388,3.6078317387887475
-21.29652,-0.01187557,3.6066463628799443
-21.30481,-0.01186674,3.605464761244057
-21.31319,-0.01185443,3.604271265821775
-21.3215,-0.0118404,3.6030886663696267
-21.32983,-0.01183276,3.601904145508895
-21.33823,-0.01182171,3.6007106072059396
-21.34653,-0.01179819,3.5995322003154606
-21.35483,-0.01177792,3.598354709449806
-21.36314,-0.01177024,3.597176716531371
-21.37157,-0.01176165,3.595982648911615
-21.37996,-0.01175045,3.594795182030275
-21.38834,-0.01174332,3.5936100604347976
-21.39671,-0.01173502,3.5924272797079553
-21.40506,-0.01173587,3.591248246909843
-21.4135,-0.01174046,3.590057440399748
-21.42183,-0.01171738,3.5888830739483972
-21.43025,-0.01169944,3.5876969470724793
-21.43845,-0.01168253,3.5865427071453393
-21.44684,-0.01167548,3.585362636173907
-21.45523,-0.01167205,3.5841834881285353
-21.46355,-0.01166403,3.583015088370749
-21.47189,-0.0116691,3.5818447886981537
-21.48019,-0.01166618,3.580681004218305
-21.48853,-0.01165018,3.579512516677502
-21.49699,-0.01166172,3.5783281426841618
-21.50531,-0.0116751,3.5771642771017946
-21.51361,-0.01167723,3.5760041062378654
-21.52191,-0.01168429,3.574844830221853
-21.53026,-0.01170102,3.5736794725191428
-21.53862,-0.01171862,3.572513624364049
-21.54685,-0.01172382,3.571366789113026
-21.55515,-0.01172014,3.570211086445698
-21.56355,-0.01171919,3.5690423654732175
-21.57184,-0.01171896,3.5678898415712332
-21.5802,-0.01171843,3.5667284825905226
-21.58849,-0.01172562,3.56557773609919
-21.59677,-0.01172852,3.564429259560573
-21.60509,-0.01172991,3.563276121506552
-21.61339,-0.01173119,3.562126640013436
-21.62166,-0.01173308,3.560982191006611
-21.63008,-0.0117478,3.559817883244075
-21.63847,-0.01175592,3.558658625124604
-21.64679,-0.01174899,3.5575099264140317
-21.65517,-0.01175265,3.5563538360585487
-21.66344,-0.01174355,3.555213797993301
-21.67177,-0.01174015,3.554066368367697
-21.68005,-0.01174939,3.552926699892297
-21.68839,-0.01175164,3.551779652615985
-21.69664,-0.0117521,3.550645851154833
-21.70493,-0.01174668,3.5495074206643373
-21.71344,-0.01174896,3.548339682703432
-21.7218,-0.01175365,3.5471934185933023
-21.73007,-0.01174845,3.5460603624378564
-21.73851,-0.01175134,3.544904903785954
-21.74677,-0.01174293,3.5437749560049605
-21.75505,-0.01172052,3.5426431334333865
-21.76332,-0.01170183,3.541513537456601
-21.77164,-0.01168246,3.5403779779566444
-21.77998,-0.01167303,3.5392405594495497
-21.78844,-0.01166684,3.538087664835114
-21.79683,-0.01166438,3.536945193406564
-21.80518,-0.01166976,3.535809041704769
-21.81349,-0.01166855,3.5346791962221538
-21.82188,-0.01165474,3.533539346747393
-21.83017,-0.0116404,3.5324139436385518
-21.83858,-0.0116303,3.531273123069357
-21.84689,-0.01161996,3.530146730266871
-21.85526,-0.01161896,3.5290130705377103
-21.86368,-0.01163926,3.5278735144312394
-21.87198,-0.0116433,3.5267510577460293
-21.88022,-0.01163558,3.525637557574832
-21.8886,-0.01164566,3.524505998556326
-21.897,-0.01165639,3.5233726081198338
-21.90537,-0.01166451,3.522244130092301
-21.91373,-0.01166872,3.5211178608114637
-21.9221,-0.01166701,3.519991104866778
-21.93044,-0.01165813,3.518869242933566
-21.93861,-0.01164018,3.5177710757427203
-21.94696,-0.01163423,3.5166495587543785
-21.95525,-0.01161176,3.5155369444665854
-21.9635,-0.0115783,3.5144305324743326
-21.97189,-0.01156714,3.5133061971455346
-21.98023,-0.01156104,3.512189412940629
-21.98859,-0.01156296,3.511070800810784
-21.99704,-0.01157206,3.509941010245015
-22.00539,-0.01158046,3.508825442312088
-22.01369,-0.01159127,3.507717393131274
-22.02202,-0.01158732,3.506606178724749
-22.03044,-0.01159087,3.505483812397755
-22.0388,-0.01160456,3.5043702923934155
-22.04715,-0.01161547,3.5032589473015787
-22.05551,-0.01161763,3.502147114258523
-22.06381,-0.01161142,3.5010440943789853
-22.0721,-0.0116047,3.499943231500401
-22.08043,-0.01160073,3.4988378894795074
-22.08862,-0.0115896,3.4977519374229806
-22.097,-0.01158226,3.4966416255600303
-22.10538,-0.01158656,3.495532155520511
-22.11366,-0.01158063,3.4944367508589713
-22.12196,-0.01156205,3.493339523261049
-22.13033,-0.01155728,3.492233875409901
-22.13866,-0.01155823,3.4911343414642078
-22.14702,-0.01157525,3.4900316792055994
-22.15534,-0.01160187,3.488935119027738
-22.16367,-0.01160533,3.487838065627218
-22.17201,-0.0115873,3.4867405210443256
-22.18037,-0.01157686,3.485641172802798
-22.18877,-0.01157928,3.484537398873394
-22.19707,-0.01158792,3.4834475856498175
-22.20546,-0.0115992,3.4823467831785515
-22.21367,-0.01157021,3.4812704024143692
-22.22186,-0.01152472,3.4801974362182104
-22.23029,-0.0115081,3.4790938534764955
-22.23875,-0.01152563,3.4779871845315045
-22.24715,-0.01154115,3.4768891970432163
-22.25552,-0.01154035,3.4757959553405176
-22.26383,-0.01150744,3.474711363678217
-22.27205,-0.01146709,3.4736393147465097
-22.28055,-0.01148017,3.4725315802347785
-22.28891,-0.01151338,3.4714429148845767
-22.29724,-0.01154365,3.4703589681951668
-22.30556,-0.01156617,3.4692771309036847
-22.31383,-0.01157646,3.468202594534421
-22.32225,-0.01160603,3.4671093863745814
-22.33072,-0.01166899,3.4660105182457173
-22.33901,-0.01172891,3.464935809599441
-22.34724,-0.01175182,3.4638696680216436
-22.3555,-0.01177029,3.4628004294245263
-22.36369,-0.01177754,3.461741032003216
-22.37199,-0.01177564,3.460668197151885
-22.38033,-0.0117764,3.4595909935197557
-22.38857,-0.01178102,3.458527494163316
-22.39677,-0.01176393,3.457469934280702
-22.40509,-0.01172872,3.4563976890965398
-22.41339,-0.0117089,3.455328814605912
-22.42169,-0.01169734,3.454260731461366
-22.43002,-0.01168109,3.453189582532695
-22.43846,-0.01166752,3.4521050999043608
-22.44679,-0.01165359,3.451035551185715
-22.45506,-0.01162851,3.449974491272791
-22.46347,-0.01161529,3.4488962702556636
-22.47189,-0.01162455,3.4478175756467304
-22.48019,-0.01159467,3.4467550452198132
-22.48856,-0.01159167,3.445684347952915
-22.49693,-0.01159948,3.444614447393489
-22.50537,-0.01161084,3.4435364048669275
-22.51369,-0.01162071,3.442474481082399
-22.52206,-0.01161984,3.441406967213479
-22.53043,-0.01162689,3.440340246502175
-22.53871,-0.01163378,3.439285775450325
-22.54714,-0.01165423,3.4382129973025406
-22.55548,-0.01166827,3.4371524613974076
-22.56375,-0.01166367,3.436101601019334
-22.57208,-0.01165791,3.4350438949356903
-22.58034,-0.01166828,3.4339958477153134
-22.58867,-0.01168337,3.4329396949886823
-22.59709,-0.01170389,3.4318729225754288
-22.60533,-0.01170543,3.4308297246711286
-22.61366,-0.01168207,3.4297759053598575
-22.62196,-0.01166406,3.4287266532166085
-22.6303,-0.01166598,3.4276731196669954
-22.63873,-0.01167618,3.426609005893882
-22.647,-0.01166774,3.42556585861262
-22.65526,-0.01163807,3.4245247328876385
-22.66359,-0.0116229,3.4234755526375125
-22.67189,-0.01160682,3.4224309177576284
-22.68028,-0.01160006,3.42137573257473
-22.68878,-0.01160568,3.4203075088215407
-22.69705,-0.01158734,3.419268957860162
-22.7054,-0.01156442,3.4182211280136
-22.71373,-0.01155651,3.417176575577855
-22.72212,-0.01156023,3.4161252735220127
-22.73047,-0.01156158,3.415079754180182
-22.73877,-0.01156276,3.4140412564092077
-22.74718,-0.01156401,3.412989768402061
-22.75545,-0.01155135,3.4119565422788827
-22.7639,-0.01154156,3.410901602976643
-22.77229,-0.01154645,3.409854928950931
-22.78058,-0.01155255,3.4088214874248153
-22.78891,-0.01156124,3.4077838167775463
-22.79724,-0.01157052,3.406746904449837
-22.80557,-0.01156395,3.405710749610731
-22.81378,-0.01155382,3.4046902617628465
-22.82219,-0.01154996,3.403645675546475
-22.83058,-0.01155645,3.402604340318993
-22.83899,-0.01156932,3.4015612905824644
-22.84732,-0.01158841,3.4005289198032855
-22.85561,-0.01159978,3.399502253494875
-22.86382,-0.01159079,3.3984862284605106
-22.87215,-0.0115689,3.3974560983554234
-22.88051,-0.01156016,3.396423012424111
-22.88886,-0.01156572,3.395391915543194
-22.89719,-0.01157129,3.3943640376832267
-22.90556,-0.01157482,3.3933319770396357
-22.91391,-0.01158125,3.392303133773328
-22.92209,-0.0115606,3.3912959638497187
-22.93045,-0.01152598,3.390267373732308
-22.93875,-0.01151046,3.3892469075254756
-22.94724,-0.01150994,3.3882038449939946
-22.95554,-0.01150574,3.3871848712772605
-22.96387,-0.01148855,3.38616295511166
-22.9722,-0.01147314,3.3851417800645995
-22.98058,-0.01146104,3.384115222505263
-22.98883,-0.01143537,3.3831053211494453
-22.99724,-0.01141368,3.382076579624337
-23.00568,-0.01139722,3.381044924557761
-23.01401,-0.01136988,3.3800274571880347
-23.0224,-0.01134757,3.379003405379109
-23.03072,-0.01132234,3.377988634311042
-23.03911,-0.0112977,3.3769660676996636
-23.04746,-0.01127223,3.3759491154339782
-23.0558,-0.01124442,3.3749341163611755
-23.06418,-0.01123022,3.373914988523329
-23.07254,-0.01121466,3.3728990306225497
-23.08104,-0.01126159,3.3718668136271153
-23.08937,-0.01130315,3.37085597831383
-23.09776,-0.01132607,3.369838599067615
-23.10608,-0.01137271,3.368830437702977
-23.1145,-0.01145703,3.3678108979212182
-23.12268,-0.01152567,3.3668211297306367
-23.13098,-0.01156786,3.3658175572327673
-23.13918,-0.01161877,3.364826782971566
-23.1476,-0.0117124,3.3638101574245276
-23.15576,-0.01176226,3.3628256295625794
-23.16397,-0.01175661,3.361835769084488
-23.1722,-0.01177114,3.360844201241142
-23.18044,-0.01179479,3.3598521339543166
-23.18871,-0.01178626,3.3588571636800837
-23.19687,-0.01175962,3.3578761229424487
-23.20525,-0.01178101,3.3568693506857286
-23.21364,-0.01181755,3.355862105210557
-23.22188,-0.01179893,3.354873576127342
-23.23018,-0.0117766,3.353878557979318
-23.23857,-0.01177871,3.3528734728513845
-23.2469,-0.0117689,3.351876293183177
-23.25507,-0.01170863,3.350898960957761
-23.26343,-0.01164617,3.3498996106764993
-23.27182,-0.01160823,3.348897396078175
-23.28015,-0.01158581,3.3479030633393685
-23.28854,-0.01154258,3.3469022875628953
-23.29686,-0.01148485,3.345910573356238
-23.30522,-0.011435,3.3449148044944437
-23.31372,-0.01142499,3.3439030922564053
-23.32217,-0.01144427,3.3428980622300584
-23.33064,-0.01145511,3.3418913840340427
-23.33893,-0.01143219,3.3409068067816303
-23.34732,-0.01142064,3.339911064738908
-23.35581,-0.01142968,3.3389041827279806
-23.36412,-0.01145053,3.3379193566888032
-23.37245,-0.01147017,3.3369328632642277
-23.38075,-0.01146994,3.3359506217721844
-23.38902,-0.01147104,3.3349726239064315
-23.39743,-0.01149209,3.333978778865884
-23.40575,-0.01151057,3.33299627228352
-23.41412,-0.01152592,3.332008565771423
-23.42241,-0.0115317,3.331030995529495
-23.43063,-0.01153348,3.3300623628131207
-23.43901,-0.01153727,3.329075575290936
-23.44727,-0.01156038,3.328103608650389
-23.45554,-0.01157785,3.327131151105453
-23.46393,-0.01158774,3.326145283420126
-23.47223,-0.01158438,3.3251706846771696
-23.48062,-0.0115873,3.3241862182514774
-23.48892,-0.01159807,3.323213004259029
-23.49719,-0.01160055,3.3222439917283726
-23.50554,-0.01160617,3.3212662972218463
-23.51389,-0.01160369,3.320289297092059
-23.5221,-0.01158275,3.319329354096786
-23.5304,-0.01157379,3.318359568898106
-23.53879,-0.01157066,3.317379963031235
-23.54718,-0.01157324,3.316401055243133
-23.55554,-0.01156764,3.3154263413192817
-23.56384,-0.0115521,3.31445930714179
-23.57219,-0.01152528,3.313487134627712
-23.58049,-0.01150219,3.31252146583892
-23.58891,-0.01148774,3.3115425299430963
-23.59723,-0.01146768,3.3105759065788654
-23.60553,-0.01144316,3.309612285765242
-23.61395,-0.01138678,3.3086354252465173
-23.62233,-0.01134758,3.3076638968298213
-23.63071,-0.01135357,3.3066930574663225
-23.63907,-0.01136145,3.3057252210006567
-23.64745,-0.01136457,3.304755755906028
-23.65578,-0.0113662,3.3037927559353357
-23.66406,-0.01135692,3.3028362081570113
-23.67271,-0.01139267,3.301837630757104
-23.68106,-0.01144083,3.3008743780894942
-23.68929,-0.0114324,3.2999256330603406
-23.69756,-0.01140125,3.298972940674061
-23.70583,-0.01139149,3.2980209129990388
-23.71425,-0.01139585,3.29705229977756
-23.72252,-0.01142364,3.2961016114645494
-23.73085,-0.01145325,3.2951446956177297
-23.73917,-0.01145707,3.2941895988781407
-23.74753,-0.01146322,3.2932305844018304
-23.75597,-0.011484,3.292263077449584
-23.76425,-0.01151268,3.2913145796732484
-23.77255,-0.0115248,3.290364453960555
-23.78072,-0.01151518,3.2894298574643663
-23.78903,-0.01151313,3.288479904392907
-23.79732,-0.0115285,3.2875328986625383
-23.80566,-0.01153126,3.2865808467398088
-23.81403,-0.01157862,3.2856260406155533
-23.82234,-0.01167063,3.2846787427263653
-23.83061,-0.01165934,3.2837366605386937
-23.83891,-0.01153981,3.2827918180822864
-23.84724,-0.01148481,3.281844221805123
-23.85562,-0.01148096,3.28089160541625
-23.86392,-0.0114665,3.2799487427044673
-23.87232,-0.01146153,3.278995187732068
-23.88065,-0.01155457,3.2780502415135264
-23.88896,-0.01171745,3.2771082207011104
-23.89717,-0.01228441,3.2761781792572093
-23.90556,-0.015628,3.275228407115332
-23.91135,-0.01643763,3.2745733511491406
-23.91934,-0.01341016,3.273669917313772
-23.92819,-0.01224005,3.2726699470373646
-23.93662,-0.01208059,3.2717181206034933
-23.94521,-0.01178723,3.2707489180508333
-23.95383,-0.01175773,3.2697770293936292
-23.96236,-0.01181836,3.2688159763896376
-23.97081,-0.01171432,3.2678646111666647
-23.97931,-0.01165228,3.2669082930242777
-23.98782,-0.01175933,3.265951528734166
-23.99609,-0.01169376,3.2650223973989094
-24.00475,-0.01177214,3.2640501359106007
-24.01306,-0.0117004,3.263117828381722
-24.02132,-0.01164704,3.2621917696446325
-24.02995,-0.0116683,3.261224908915749
-24.03827,-0.01157085,3.2602934362580998
-24.04662,-0.01149985,3.259359252984411
-24.05495,-0.0114623,3.258427953498136
-24.06355,-0.0114872,3.2574671442908465
-24.07195,-0.01150071,3.2565293422427346
-24.08026,-0.01146573,3.2556022318695894
-24.08867,-0.01146334,3.25466461618678
-24.09703,-0.01144821,3.253733223554936
-24.10545,-0.0114371,3.252795799290202
-24.11388,-0.01149252,3.2518579175147257
-24.12222,-0.01149902,3.250930693775283
-24.13062,-0.01150596,3.2499974472268014
-24.13902,-0.01153872,3.2490648501886157
-24.14737,-0.01155003,3.2481384473754287
-24.15559,-0.01154233,3.2472270931904372
-24.16393,-0.01152573,3.246303068250901
-24.17229,-0.01151589,3.2453774673396687
-24.18066,-0.01152556,3.2444514004166964
-24.18892,-0.01153643,3.2435381323349697
-24.19724,-0.0115406,3.2426188606634474
-24.20561,-0.01153537,3.2416947021785445
-24.21391,-0.01151149,3.2407789035310697
-24.22231,-0.01148468,3.239852710166784
-24.23064,-0.01148247,3.2389348692399373
-24.23906,-0.01150133,3.2380077527758915
-24.24733,-0.01151323,3.2370977794256106
-24.25552,-0.01150238,3.2361972202616145
-24.26392,-0.01148002,3.235274201365649
-24.27229,-0.01148037,3.2343551144123603
-24.28066,-0.01149147,3.233436661112177
-24.28912,-0.0115011,3.2325089752119465
-24.29742,-0.01149967,3.231599462000492
-24.30568,-0.01147983,3.2306949486704344
-24.31401,-0.01143785,3.2297833923733683
-24.32222,-0.01139999,3.228885578701286
-24.33069,-0.01138723,3.2279599674320782
-24.33894,-0.01137955,3.2270590173606575
-24.34732,-0.01137227,3.2261444955748724
-24.3557,-0.01135843,3.225230603103175
-24.36404,-0.01134812,3.2243216970584516
-24.37245,-0.01136055,3.2234057921956962
-24.38088,-0.01138536,3.222488343324769
-24.38922,-0.01141455,3.2215813133835356
-24.39763,-0.01144594,3.220667298422019
-24.40591,-0.01145671,3.2197680274982576
-24.41422,-0.01147194,3.2188661116349406
-24.42262,-0.01149852,3.2179550515055304
-24.43099,-0.011512,3.2170478683016936
-24.43919,-0.01151151,3.216159713149249
-24.4475,-0.01151297,3.2152602515594637
-24.45575,-0.0115201,3.2143678889422733
-24.46399,-0.01152037,3.2134772087464065
-24.47238,-0.0115091,3.212570930984236
-24.48064,-0.0114845,3.2116793025018953
-24.48898,-0.01148286,3.21077964864196
-24.49738,-0.01151053,3.209874141642902
-24.50569,-0.01150816,3.2089789473383528
-24.51405,-0.0114974,3.2080789791976434
-24.52231,-0.01150003,3.2071903788835554
-24.53059,-0.01147676,3.2063002275933843
-24.53902,-0.01146706,3.2053945675092157
-24.54747,-0.01147338,3.204487383017476
-24.55571,-0.01146255,3.203603345209729
-24.56395,-0.01144387,3.202719900504601
-24.57224,-0.01144141,3.2018316929999053
-24.58072,-0.01143971,3.20092374836864
-24.58893,-0.01141051,3.200045309006939
-24.59732,-0.01140767,3.1991482161471247
-24.60573,-0.01142434,3.198249598772318
-24.61409,-0.01142555,3.1973569325536713
-24.62244,-0.01142763,3.1964659392001766
-24.63077,-0.01142509,3.1955776818995103
-24.63902,-0.01142114,3.1946985472636493
-24.64743,-0.01142962,3.193802968504221
-24.65578,-0.01143326,3.1929143835644216
-24.66414,-0.01142866,3.1920253371899445
-24.67238,-0.01141013,3.191149641826204
-24.68077,-0.01140834,3.1902586061942153
-24.68912,-0.01141173,3.189372419916141
-24.69745,-0.01141281,3.188488953312994
-24.70575,-0.01139998,3.1876092610019935
-24.71402,-0.01137859,3.186733335976907
-24.72247,-0.01138907,3.185838951366914
-24.73081,-0.01140482,3.184956808935898
-24.73921,-0.01140392,3.1840689213600597
-24.74751,-0.01140173,3.183192195901729
-24.75591,-0.01139275,3.1823055060387597
-24.76418,-0.01138253,3.1814331263946554
-24.77249,-0.0113627,3.18055711395988
-24.78088,-0.01136038,3.1796732642262904
-24.78928,-0.01138022,3.1787889603893293
-24.79752,-0.01138077,3.177922082530834
-24.80577,-0.01137193,3.177054729605249
-24.81416,-0.01138359,3.1761732494672397
-24.82248,-0.01138874,3.175299712196364
-24.83089,-0.01141075,3.174417320522945
-24.83923,-0.01143124,3.17354286344625
-24.84767,-0.01145743,3.172658518887284
-24.85596,-0.01148165,3.171790476006559
-24.86418,-0.01149182,3.1709303343202953
-24.87251,-0.01151087,3.1700592622135844
-24.88084,-0.01153174,3.1691887733693878
-24.88915,-0.01155317,3.1683209551149796
-24.89748,-0.0115666,3.167451629642839
-24.90575,-0.01153732,3.166589141061803
-24.91408,-0.01152376,3.1657209738429035
-24.92238,-0.01151162,3.164856510493781
-24.93068,-0.01149906,3.1639926227443453
-24.93895,-0.01147714,3.1631324293925767
-24.94728,-0.01145289,3.162266571746499
-24.95561,-0.01141697,3.1614012921343138
-24.96388,-0.01139635,3.160542816260934
-24.97243,-0.01142199,3.159655872496189
-24.98076,-0.0114354,3.1587923345806934
-24.98918,-0.01143373,3.1579200517984183
-24.99747,-0.01142514,3.157061810655238
-25.00584,-0.01141822,3.1561958646460186
-25.01418,-0.01143561,3.15533359878277
-25.0226,-0.01146635,3.154463644865042
-25.03098,-0.01148342,3.1535984048567016
-25.03917,-0.01148082,3.152753342063655
-25.04747,-0.01147612,3.1518974930402153
-25.05586,-0.01146971,3.1510329399988666
-25.06419,-0.01146947,3.1501751423046187
-25.07257,-0.01148465,3.1493127708886646
-25.08075,-0.0114674,3.148471536935698
-25.08905,-0.01143693,3.147618522821709
-25.0974,-0.01142387,3.1467609393801745
-25.10573,-0.0114089,3.1459059784359984
-25.11408,-0.01139788,3.1450495339666036
-25.12244,-0.01138831,3.1441926341549626
-25.13083,-0.01138205,3.143333232527537
-25.13916,-0.01138179,3.1424805442982184
-25.14743,-0.01137078,3.1416345566922743
-25.1559,-0.0113667,3.1407686864711657
-25.16426,-0.01136645,3.13991463289602
-25.17262,-0.0113715,3.139061146594991
-25.18102,-0.01138926,3.1382041474094375
-25.18929,-0.01139265,3.137360969681956
-25.19765,-0.01140363,3.1365091784352908
-25.20602,-0.01142215,3.1356569343355276
-25.21439,-0.0114389,3.1348052560462496
-25.22266,-0.01144419,3.133964308284693
-25.23102,-0.01147237,3.1331147690422343
-25.23943,-0.01152209,3.132260716664362
-25.2477,-0.01152986,3.131421436408069
-25.25598,-0.01151948,3.1305816919398888
-25.26431,-0.01151158,3.129737431974196
-25.27258,-0.01150227,3.128899803660726
-25.28087,-0.01148898,3.1280606996515545
-25.28922,-0.01147998,3.12721607862955
-25.29752,-0.01146724,3.1263770677916254
-25.30566,-0.01144331,3.1255547652185323
-25.31406,-0.01143447,3.124706751899932
-25.3225,-0.01143513,3.1238552670549904
-25.33086,-0.0114444,3.1230124125276437
-25.33922,-0.01145135,3.1221701141550526
-25.3476,-0.0114435,3.121326358314002
-25.35591,-0.01143154,3.1204902012982374
-25.36423,-0.01142025,3.11965358696085
-25.37256,-0.01140269,3.11881651674092
-25.38084,-0.01140327,3.1179850154683613
-25.38925,-0.01140617,3.117141014405703
-25.39757,-0.01140067,3.1163065954735036
-25.40585,-0.01138201,3.1154767307529565
-25.41428,-0.01137676,3.1146323877756914
-25.42267,-0.01138796,3.1137926071494455
-25.43095,-0.01139357,3.1129643800172624
-25.43936,-0.01139282,3.112123701225188
-25.4476,-0.01138826,3.1113005548656845
-25.45599,-0.01139674,3.1104629715835053
-25.46426,-0.01138558,3.109637908189753
-25.47266,-0.01136649,3.1088004236699267
-25.48097,-0.01137234,3.10797245552269
-25.48938,-0.01137888,3.1071350735090455
-25.49765,-0.01137103,3.106312169945073
-25.50597,-0.01135842,3.1054848296300825
-25.51431,-0.01136332,3.1046560420407214
-25.52268,-0.01136997,3.1038248177699206
-25.5309,-0.01136283,3.103009020441896
-25.53938,-0.01137562,3.1021679696218154
-25.54775,-0.01139765,3.101338376177941
-25.55605,-0.0114158,3.100516257402846
-25.56436,-0.01143544,3.0996936829241957
-25.57269,-0.0114453,3.0988696652561774
-25.58107,-0.01145917,3.098041242997263
-25.58933,-0.01147373,3.097225214571855
-25.59761,-0.011483,3.096407738847494
-25.6059,-0.01148396,3.0955898054745195
-25.61423,-0.01151555,3.0947684587824815
-25.62262,-0.01152447,3.0939417358568324
-25.63075,-0.0115287,3.0931411488153877
-25.6391,-0.01154036,3.0923194261889067
-25.64748,-0.01152717,3.0914952892058007
-25.65566,-0.01152188,3.090691340624252
-25.66412,-0.01153549,3.089860412124008
-25.67227,-0.01152651,3.08906044927075
-25.68065,-0.01148926,3.0882384402263963
-25.68901,-0.01147578,3.087418927393465
-25.69714,-0.01143053,3.0866224723840863
-25.70566,-0.01142354,3.08578835167041
-25.71405,-0.01143481,3.084967498313179
-25.72231,-0.01139944,3.084159886884187
-25.73061,-0.01136236,3.083348886792812
-25.73903,-0.01135467,3.082526695838965
-25.74739,-0.01136972,3.081710895745161
-25.75577,-0.01138465,3.080893675475437
-25.76421,-0.01140872,3.0800711413235646
-25.77246,-0.01142276,3.079267644609789
-25.78085,-0.01143218,3.078451040210078
-25.78928,-0.01144162,3.077631077719114
-25.79761,-0.01145762,3.0768213683360592
-25.80592,-0.01145868,3.076014123890952
-25.81421,-0.01144555,3.0752093401270075
-25.82254,-0.01144693,3.0744011936858264
-25.83083,-0.0114418,3.0735974453782555
-25.8391,-0.01143364,3.072796150020705
-25.84743,-0.01145089,3.071989559503595
-25.85584,-0.01149226,3.071175749849937
-25.86421,-0.01151286,3.070366336338902
-25.87248,-0.01151445,3.0695671075984983
-25.88097,-0.01153852,3.068747148966982
-25.88925,-0.01153134,3.0679479899958477
-25.89758,-0.01151628,3.0671445208393986
-25.90585,-0.01152095,3.0663473501159
-25.91414,-0.01148911,3.0655487621815736
-25.92232,-0.01144921,3.0647612713676864
-25.93068,-0.01143398,3.06395696526277
-25.93904,-0.01141352,3.063153177604106
-25.94736,-0.01139961,3.0623537500539553
-25.95599,-0.01141385,3.0615250776410377
-25.96413,-0.01142005,3.0607439609954192
-25.97253,-0.01139908,3.059938408002609
-25.98099,-0.01138425,3.0591276275461405
-25.98926,-0.01136716,3.058335566307005
-25.99764,-0.01133616,3.05753348380853
-26.00601,-0.01131365,3.056732874439408
-26.0143,-0.01128281,3.0559404250739015
-26.02266,-0.01126433,3.0551417956504063
-26.03095,-0.01127272,3.0543503598600896
-26.03935,-0.01127959,3.0535489365133923
-26.04775,-0.01128436,3.0527480300601777
-26.05609,-0.01130547,3.0519533552424787
-26.06456,-0.01133368,3.0511468139113034
-26.07291,-0.01136424,3.0503522123153877
-26.08131,-0.01139921,3.0495533659927356
-26.08957,-0.011429,3.048768335392266
-26.09786,-0.01145032,3.0479809532275826
-26.10614,-0.01146782,3.0471950200221096
-26.1145,-0.01149368,3.0464019988895057
-26.12273,-0.01150954,3.0456218052247985
-26.13106,-0.01153186,3.044832632124376
-26.13928,-0.01155746,3.0440543733415764
-26.14761,-0.01155796,3.0432661990904712
-26.15584,-0.01155389,3.042487979739897
-26.16415,-0.01154241,3.041702692424558
-26.17241,-0.01154044,3.0409226242443856
-26.18077,-0.01154377,3.040133613335284
-26.18906,-0.0115296,3.0393517063995423
-26.19745,-0.01153005,3.03856087138252
-26.20563,-0.01150428,3.03779031833999
-26.21399,-0.01145859,3.0370033062498307
-26.22237,-0.01142323,3.036214914975267
-26.23079,-0.01140085,3.0354232678466793
-26.23912,-0.01136595,3.034640582458558
-26.24747,-0.01128419,3.0338565164566336
-26.25569,-0.01119348,3.033085144591515
-26.26418,-0.01115866,3.0322889425826354
-26.27261,-0.01114839,3.031498876586681
-26.28101,-0.01113492,3.0307121263604406
-26.28938,-0.01112063,3.029928686032154
-26.29791,-0.01113098,3.0291307826363387
-26.30629,-0.01116515,3.0283474142495956
-26.31467,-0.01118744,3.0275645447957356
-26.32306,-0.01120865,3.02678124047888
-26.33135,-0.01122639,3.0260077626099684
-26.33965,-0.01124405,3.0252338394777456
-26.34795,-0.01128224,3.024460403940344
-26.35632,-0.0113074,3.023680938765351
-26.36462,-0.01132647,3.0229084811387383
-26.37286,-0.0113491,3.0221420884955217
-26.3812,-0.01137861,3.021366882476915
-26.38951,-0.01138534,3.0205949523124906
-26.39774,-0.01139209,3.019830932496494
-26.40604,-0.01139878,3.01906089667364
-26.41443,-0.01141437,3.018283002888951
-26.42273,-0.01142819,3.0175139397026722
-26.431,-0.01143078,3.0167481366577125
-26.43929,-0.01142821,3.015980962423726
-26.44759,-0.01142577,3.0152133445807348
-26.45595,-0.01142562,3.0144406645763993
-26.46425,-0.01142364,3.0136740130553483
-26.47257,-0.01142087,3.012905996659939
-26.48091,-0.01142544,3.012136618416814
-26.4893,-0.01141561,3.0113631164281425
-26.49756,-0.01138234,3.0106020780781324
-26.50592,-0.01136456,3.009832309159614
-26.51421,-0.01135076,3.009069465015175
-26.5226,-0.01134186,3.0082979044286757
-26.53093,-0.01133459,3.0075323443241526
-26.53931,-0.01132621,3.006762673935381
-26.54759,-0.01131948,3.0060026654020193
-26.55592,-0.01130973,3.0052385456802098
-26.56435,-0.01131658,3.004465740738998
-26.57285,-0.01132436,3.0036870151301045
-26.58112,-0.01132209,3.002929838923266
-26.58948,-0.01132252,3.002164901306833
-26.59786,-0.01130907,3.0013986162796553
-26.60617,-0.01130058,3.0006392088752345
-26.6145,-0.01131157,2.9998784497172593
-26.62282,-0.01131518,2.999119079045721
-26.63112,-0.01131089,2.9983620065547374
-26.63947,-0.01132861,2.9976008494162985
-26.64784,-0.01136279,2.9968383478735987
-26.65616,-0.01138123,2.9960808758650908
-26.66455,-0.01140487,2.9953175095773226
-26.67293,-0.0114372,2.9945555325192994
-26.68121,-0.01144381,2.9938031183743163
-26.68945,-0.01142913,2.9930548025530688
-26.69775,-0.01143403,2.9923015048084576
-26.70606,-0.01145924,2.9915477685588963
-26.71428,-0.01146647,2.990802656856183
-26.72255,-0.01145346,2.9900534754355403
-26.73082,-0.0114547,2.989304757579453
-26.73914,-0.01146135,2.988551980355389
-26.74747,-0.01147199,2.9877987675096
-26.75591,-0.01148819,2.98703608660666
-26.76422,-0.01150278,2.986285623119224
-26.77252,-0.0114906,2.985536527753084
-26.7807,-0.01146717,2.9847987169864867
-26.78911,-0.01145659,2.984040630689112
-26.79756,-0.01143892,2.9832794179768602
-26.8058,-0.0114261,2.9825375851494824
-26.81413,-0.01140948,2.9817881132074766
-26.82253,-0.0113866,2.981032814577894
-26.83084,-0.01137436,2.980286073786732
-26.83917,-0.01136125,2.979537999871084
-26.8476,-0.01136507,2.9787814180783383
-26.85591,-0.01135661,2.978036071017515
-26.86435,-0.01136433,2.9772795358905015
-26.87271,-0.01136435,2.9765306401922245
-26.88101,-0.01132444,2.975787580154168
-26.88942,-0.01133679,2.975035140214999
-26.8978,-0.01135273,2.9742858523745435
-26.90607,-0.01130657,2.97354685764216
-26.91437,-0.01128399,2.97280563877215
-26.92271,-0.01129128,2.9720613080926848
-26.931,-0.01129943,2.971321896698971
-26.93958,-0.0113077,2.9705570985145275
-26.94785,-0.01129774,2.9698203938347585
-26.95606,-0.01128873,2.969089481177887
-26.96462,-0.01131455,2.968327882981477
-26.9729,-0.01134349,2.9675916568110954
-26.98117,-0.01133627,2.9668567708516718
-26.98944,-0.0112922,2.9661223352540844
-26.99788,-0.01130917,2.9653732663453574
-27.00618,-0.01134513,2.964637079364797
-27.01445,-0.01132947,2.963904003227902
-27.0228,-0.01134752,2.963164290895096
-27.03107,-0.01135507,2.9624321160797558
-27.03941,-0.0113418,2.961694197469545
-27.04791,-0.01136022,2.9609425903886843
-27.05614,-0.01134618,2.9602153078746634
-27.06442,-0.01134464,2.9594840532329902
-27.07286,-0.0113861,2.9587391284112576
-27.08107,-0.01139323,2.9580149491877537
-27.08937,-0.0113741,2.9572832775365394
-27.09786,-0.01138435,2.9565353205013234
-27.10602,-0.01138134,2.955816877579224
-27.11456,-0.01139187,2.9550654408553925
-27.12283,-0.01139202,2.9543382124947875
-27.13104,-0.01135241,2.953616698806975
-27.13922,-0.01132339,2.9528982557346892
-27.14768,-0.01132466,2.9521556759177945
-27.15602,-0.01132684,2.9514240820267474
-27.16438,-0.01130948,2.9506911845586017
-27.17278,-0.01130174,2.9499552346134625
-27.18109,-0.01128367,2.9492276174355037
-27.1895,-0.0112699,2.9484916971625075
-27.19785,-0.01125558,2.9477614774697263
-27.20615,-0.01123863,2.947036074564023
-27.21442,-0.01124104,2.946313733675015
-27.22278,-0.01122891,2.945583977830332
-27.23114,-0.01122956,2.9448546700578824
-27.2395,-0.01122962,2.9441258099451164
-27.24789,-0.01124822,2.9433947839630883
-27.25626,-0.01127692,2.9426659490333593
-27.2646,-0.01129377,2.9419401715044415
-27.27295,-0.01128997,2.9412139684192575
-27.28116,-0.01125897,2.9405003746175016
-27.2896,-0.01124995,2.939767237335835
-27.29788,-0.0112585,2.9390484389263927
-27.30624,-0.01125783,2.938323137861529
-27.31458,-0.0112631,2.9376000143513097
-27.32275,-0.0112653,2.936892058815456
-27.33113,-0.01127009,2.936166345848122
-27.33946,-0.01128495,2.935445403822899
-27.34792,-0.01132357,2.934713660124792
-27.35629,-0.01137748,2.933990146324666
-27.36464,-0.01140182,2.93326880236685
-27.37302,-0.01142064,2.9325453092132325
-27.38126,-0.01143382,2.931834334869907
-27.38948,-0.01143621,2.931125512423018
-27.39781,-0.0114302,2.930407638420735
-27.40611,-0.01142603,2.929692783835429
-27.41437,-0.01141053,2.92898180406845
-27.42262,-0.01139007,2.9282721125844287
-27.431,-0.01138841,2.9275516751120993
-27.43932,-0.011377,2.926836831233427
-27.44765,-0.01136093,2.9261215623195427
-27.45593,-0.01134075,2.925411016855011
-27.46437,-0.01134259,2.924687181974318
-27.4727,-0.01133639,2.923973217048197
-27.48108,-0.01132626,2.923255403353871
-27.48944,-0.01132198,2.9225397388961
-27.49773,-0.01130469,2.9218304965537154
-27.50615,-0.01130342,2.921110569818022
-27.51445,-0.01129702,2.9204013345714706
-27.52283,-0.01128706,2.9196856972920298
-27.53111,-0.0112776,2.918979027725362
-27.53946,-0.01127194,2.9182668142367354
-27.54791,-0.01128587,2.9175465107879326
-27.55623,-0.0112913,2.916837720544501
-27.56453,-0.01128789,2.9161310604606716
-27.57294,-0.01127452,2.9154154689343974
-27.58125,-0.01125855,2.914708814865171
-27.58966,-0.01126362,2.913994090539717
-27.59796,-0.01128712,2.913289141661195
-27.60635,-0.01132317,2.912576979571729
-27.61456,-0.01132257,2.9118805152064704
-27.62294,-0.01131331,2.9111700564820397
-27.63121,-0.0113119,2.9104693460764115
-27.63971,-0.01132726,2.909749584926904
-27.64803,-0.01135282,2.9090454943806123
-27.65631,-0.01135812,2.90834520946576
-27.66458,-0.01134652,2.9076461887366443
-27.6727,-0.01132245,2.906960253245979
-27.68109,-0.01131643,2.9062519322757883
-27.68944,-0.01133967,2.9055474144655866
-27.69786,-0.01136228,2.9048374206527146
-27.70621,-0.01139313,2.904133755573209
-27.71449,-0.01142022,2.903436408174929
-27.72284,-0.01143442,2.90273358717938
-27.73122,-0.01144728,2.9020286666075275
-27.73949,-0.01146293,2.9013334167282814
-27.74785,-0.01150089,2.900631021862955
-27.75604,-0.01149787,2.8999433204448475
-27.76437,-0.0114998,2.899244279628891
-27.77266,-0.01148255,2.898549011869947
-27.78087,-0.0114566,2.897860862528783
-27.7892,-0.01145964,2.8971630705453917
-27.79759,-0.0114697,2.896460675188029
-27.80589,-0.01145621,2.895766231543029
-27.81407,-0.01140094,2.895082233560209
-27.82246,-0.01135664,2.894381093548162
-27.83086,-0.01134624,2.8936795413436736
-27.83925,-0.01133725,2.8929792469265516
-27.84763,-0.01131398,2.8922802084055266
-27.85593,-0.011287,2.8915882578682526
-27.86429,-0.01126598,2.89089172198538
-27.87264,-0.01127617,2.890196436361966
-27.88113,-0.01130048,2.8894899202435482
-27.88957,-0.01130784,2.88878799135304
-27.89781,-0.01131179,2.8881031055842734
-27.90625,-0.01132606,2.8874020156774916
-27.91458,-0.01134565,2.886710478896691
-27.92288,-0.01136154,2.886021843019058
-27.93118,-0.01136289,2.8853336164100476
-27.93944,-0.01134792,2.884649112509055
-27.94774,-0.01135587,2.8839617013754957
-27.95618,-0.01138365,2.883263113916136
-27.96437,-0.01139102,2.882585622347294
-27.97272,-0.01138633,2.881895303710186
-27.98103,-0.01137536,2.88120870103781
-27.9893,-0.01136394,2.8805258080766576
-27.99768,-0.01136073,2.8798342434087396
-28.00603,-0.01136339,2.8791455661512897
-28.01431,-0.01135795,2.8784630676250815
-28.02257,-0.01134353,2.877782619509916
-28.03096,-0.01133629,2.8770918727007566
-28.03922,-0.01131605,2.876412232579936
-28.04771,-0.01131604,2.875714085035819
-28.05606,-0.01133716,2.8750278620732916
-28.06442,-0.01133951,2.8743412263642005
-28.0728,-0.01133051,2.8736533584109885
-28.0811,-0.01132361,2.872972461904982
-28.08943,-0.01132379,2.872289508900679
-28.09776,-0.01133295,2.871606960839583
-28.10603,-0.01132952,2.870929729314314
-28.1145,-0.01134398,2.8702365327500043
-28.1228,-0.01135401,2.869557654287624
-28.13106,-0.01135079,2.868882445240243
-28.13945,-0.01136449,2.868197015222401
-28.14781,-0.01137632,2.867514442509026
-28.15613,-0.01138663,2.866835538122604
-28.1644,-0.01139227,2.8661611111900127
-28.17268,-0.01139536,2.8654862654174185
-28.18108,-0.01139049,2.864802044492262
-28.18938,-0.0113819,2.86412636957606
-28.19765,-0.01137244,2.863453532475224
-28.20593,-0.0113475,2.862780277055215
-28.21425,-0.0113313,2.8621041672204646
-28.22264,-0.01133636,2.8614227726392714
-28.23091,-0.0113422,2.860751520230839
-28.23927,-0.01132859,2.8600733623779933
-28.24756,-0.01131777,2.8594012792609345
-28.25603,-0.01134172,2.858715010565886
-28.2644,-0.01134267,2.8580372482699086
-28.27277,-0.01132967,2.8573598872696238
-28.2812,-0.01134159,2.856678075894941
-28.28954,-0.01135466,2.8560039435070346
-28.29782,-0.01135484,2.8553350540783704
-28.30609,-0.01135017,2.8546673631010147
-28.31458,-0.01135356,2.853982315824568
-28.3228,-0.01133291,2.8533194458175037
-28.33106,-0.01131456,2.8526537376293013
-28.33951,-0.01131748,2.851973118095549
-28.3479,-0.01131974,2.8512977328126596
-28.35623,-0.01130922,2.850627572847307
-28.36453,-0.01128444,2.8499602179200574
-28.37282,-0.0112659,2.849294056776873
-28.38112,-0.01125207,2.84862748193165
-28.38954,-0.01124494,2.847951668114383
-28.398,-0.0112481,2.847273047397704
-28.40624,-0.01125297,2.846612462613848
-28.41463,-0.0112465,2.8459402462745422
-28.42297,-0.01123982,2.8452724293062968
-28.43131,-0.01125869,2.844605004131009
-28.4397,-0.01127026,2.843933972580583
-28.44798,-0.01126108,2.8432721268786043
-28.4563,-0.01125934,2.842607471807649
-28.46468,-0.01128273,2.841938416311021
-28.47307,-0.01131367,2.8412689569477405
-28.48123,-0.01130619,2.840618228215565
-28.48969,-0.0113155,2.839943969204298
-28.49796,-0.0113211,2.8392852400663067
-28.50621,-0.01129807,2.8386284848108536
-28.51465,-0.01129969,2.837956997543368
-28.52301,-0.0113163,2.8372922668400005
-28.53133,-0.0113192,2.8366311034220977
-28.53946,-0.01128875,2.8359854110764533
-28.54787,-0.01125838,2.835317867847934
-28.55624,-0.01124532,2.834653890007928
-28.56455,-0.01122716,2.833995056809927
-28.57297,-0.01122396,2.833327893460148
-28.58138,-0.01122833,2.832661914855056
-28.58966,-0.01120962,2.8320066135798747
-28.59795,-0.0111769,2.831350901026122
-28.60628,-0.01114461,2.8306924074014517
-28.61476,-0.01113727,2.830022449952402
-28.62309,-0.01115685,2.8293647296640576
-28.63146,-0.01117082,2.8287042365286297
-28.63983,-0.01119193,2.8280441294518854
-28.64812,-0.01121385,2.827390711851249
-28.65653,-0.01125186,2.8267282221539034
-28.6649,-0.0113102,2.826069269385206
-28.67331,-0.01135884,2.8254075549701096
-28.68156,-0.01138057,2.82475880670368
-28.68988,-0.01141287,2.824104931773852
-28.69812,-0.01143372,2.8234577177877855
-28.70638,-0.01143691,2.822809305805887
-28.71462,-0.01144667,2.822162835517238
-28.72286,-0.01143958,2.8215167361467484
-28.73116,-0.01142632,2.8208663068250637
-28.73953,-0.01142395,2.8202107724099874
-28.74777,-0.01141096,2.81956579240755
-28.75613,-0.01140229,2.8189117972411446
-28.76447,-0.01140995,2.8182597454429024
-28.77274,-0.01140831,2.817613539760204
-28.78111,-0.01139894,2.8169598983499937
-28.78941,-0.01141279,2.816312098789103
-28.79775,-0.01141815,2.815661553419972
-28.80612,-0.0114056,2.8150090466886897
-28.81445,-0.01139258,2.8143600346353996
-28.82274,-0.01136772,2.81371451152805
-28.83104,-0.01133804,2.813068581639788
-28.83934,-0.01131385,2.8124230235504695
-28.84769,-0.01130011,2.8117739513978415
-28.85596,-0.01127355,2.8111314681611703
-28.86437,-0.01125935,2.8104784861058807
-28.8727,-0.01125323,2.809832090521496
-28.88104,-0.0112328,2.8091852924963923
-28.88944,-0.0112153,2.808534218731827
-28.89783,-0.01120838,2.8078842978867273
-28.90625,-0.01121248,2.8072324324324325
-28.91463,-0.01122411,2.806584040674219
-28.92293,-0.01123004,2.80594220917452
-28.93131,-0.01125727,2.805294564954024
-28.93962,-0.01128543,2.8046527010375395
-28.94798,-0.01130285,2.804007346972051
-28.95635,-0.01135429,2.8033615942617076
-28.96469,-0.01140572,2.8027185272827015
-28.97301,-0.01141919,2.8020773713190312
-28.98129,-0.01141599,2.8014396633138134
-28.98964,-0.0114426,2.8007969329732965
-28.99771,-0.0114483,2.800176107009829
-29.00613,-0.01145917,2.7995287237559783
-29.01439,-0.01145087,2.7988940074218345
-29.02258,-0.01140468,2.7982650267481386
-29.03096,-0.01137542,2.7976218216690043
-29.03944,-0.01138811,2.796971319006152
-29.04764,-0.01137646,2.7963426564085756
-29.05595,-0.01133693,2.7957059225391014
-29.06426,-0.01130412,2.795069552777191
-29.07263,-0.01127158,2.7944289560318416
-29.0811,-0.01126858,2.7937810811833113
-29.08951,-0.01128533,2.7931381690513177
-29.09786,-0.01128724,2.792500211355749
-29.10617,-0.01125707,2.7918656731545237
-29.11458,-0.01122736,2.7912238679039847
-29.12291,-0.01121699,2.790588533220066
-29.13139,-0.01121768,2.789942131151311
-29.13968,-0.01124438,2.7893105758196386
-29.148,-0.01125253,2.7886770961987097
-29.15628,-0.01124628,2.7880470210877384
-29.16467,-0.0112427,2.7874089403377442
-29.17305,-0.01125228,2.786771986473817
-29.18152,-0.01129476,2.786128563556662
-29.18971,-0.01132474,2.785506765911686
-29.19814,-0.01136308,2.7848671113981918
-29.20631,-0.0113728,2.7842475376040317
-29.21462,-0.01135101,2.783617702369567
-29.22293,-0.01137818,2.7829882253422227
-29.23132,-0.01142727,2.7823530514530304
-29.23966,-0.011458,2.7817220241275034
-29.24783,-0.01145775,2.781104208414778
-29.25621,-0.01145739,2.7804708709706416
-29.26437,-0.0114298,2.779854509083913
-29.27284,-0.0113977,2.7792150949480816
-29.28117,-0.01137892,2.778586610439405
-29.28932,-0.01133769,2.7779720526116685
-29.29767,-0.01126667,2.7773427682133085
-29.306,-0.0112126,2.77671534839282
-29.31435,-0.01118247,2.7760867800241176
-29.32279,-0.01117392,2.7754518004596425
-29.33133,-0.01117513,2.774809669387648
-29.33958,-0.01114539,2.77418969869371
-29.34795,-0.01112587,2.7735610664458674
-29.35649,-0.0111272,2.7729200357399675
-29.36479,-0.01111345,2.772297377233074
-29.37308,-0.01113032,2.7716758201727565
-29.38142,-0.01115643,2.771050868201741
-29.38979,-0.01117933,2.770424024805893
-29.39813,-0.01122567,2.769799783183488
-29.40649,-0.01125681,2.7691743999368845
-29.41492,-0.01130323,2.768544140184641
-29.42319,-0.01132548,2.7679261935908377
-29.43135,-0.01132862,2.767316806738393
-29.43964,-0.01135096,2.766698057449072
-29.44795,-0.01136198,2.766078165033559
-29.45615,-0.01135119,2.765466821020398
-29.46454,-0.01134969,2.764841663911943
-29.47279,-0.01135585,2.764227285574253
-29.48109,-0.01135695,2.7636095307195223
-29.48943,-0.01135059,2.762989148993385
-29.49776,-0.01134613,2.7623698613047227
-29.50601,-0.01132483,2.7617568658046276
-29.51442,-0.01130816,2.76113233463507
-29.52278,-0.01131228,2.7605118691396946
-29.5312,-0.01132418,2.7598873056293005
-29.53941,-0.01130564,2.759278661963797
-29.54781,-0.0112865,2.758656282817576
-29.55615,-0.01127905,2.758038699221651
-29.56447,-0.0112652,2.757422943824124
-29.57289,-0.0112643,2.7568001402635995
-29.58125,-0.01127058,2.7561821255017955
-29.58962,-0.01126288,2.7555637213320074
-29.5979,-0.0112282,2.7549523108058342
-29.60625,-0.01119731,2.7543360776862995
-29.61464,-0.01117994,2.7537172425530074
-29.62306,-0.01119152,2.7530965470819018
-29.63135,-0.01121696,2.752485779419432
-29.63968,-0.01120173,2.751872408878908
-29.64801,-0.01118858,2.7512593830074934
-29.65648,-0.01121701,2.750636407287716
-29.66483,-0.01123058,2.7500226058939155
-29.67322,-0.01124275,2.749406212065964
-29.68163,-0.01125935,2.7487886985990997
-29.68968,-0.01124049,2.748197946222391
-29.69807,-0.01124062,2.747582583649375
-29.70645,-0.01126016,2.7469683014968127
-29.71462,-0.01123706,2.7463697466095813
-29.72304,-0.01121475,2.745753220397375
-29.73138,-0.01122058,2.745142896158873
-29.7397,-0.01120713,2.7445343766076995
-29.74803,-0.01119727,2.7439254666611537
-29.7563,-0.01118109,2.743321279863424
-29.76466,-0.01114969,2.742710859119506
-29.77303,-0.01113603,2.7421000516239027
-29.78145,-0.01114801,2.7414859417523325
-29.78978,-0.01115748,2.740878737607327
-29.79814,-0.01116792,2.740269687973813
-29.8065,-0.01116804,2.7396609799875864
-29.81473,-0.01115847,2.73906207099645
-29.82323,-0.01117623,2.738443860708582
-29.83154,-0.0112027,2.737839809812031
-29.83987,-0.01122929,2.7372346427782692
-29.84816,-0.01125242,2.736632717058606
-29.85649,-0.01126856,2.7360282236793405
-29.86479,-0.01130597,2.735426242742708
-29.87308,-0.01133696,2.7348253209913405
-29.88146,-0.01136285,2.734218214237189
-29.88976,-0.01138761,2.7336172388135602
-29.89806,-0.01140503,2.733016597063488
-29.90633,-0.0114215,2.732418457898378
-29.9146,-0.01142249,2.731820649448764
-29.92293,-0.01141731,2.7312188378611317
-29.93106,-0.01137902,2.730631798539711
-29.93942,-0.01133879,2.7300284841857323
-29.94774,-0.01131083,2.7294283909236556
-29.95606,-0.01128758,2.72882863100154
-29.9644,-0.01127353,2.7282277636128205
-29.97269,-0.0112436,2.7276308299321816
-29.98108,-0.01122993,2.727027031714668
-29.98943,-0.01123069,2.7264264475850326
-29.99796,-0.01123611,2.7258132619684803
-30.00633,-0.01125502,2.7252119169521896
-30.01482,-0.01127857,2.7246022931338585
-30.02312,-0.01128531,2.7240066455451664
-30.03146,-0.01127245,2.7234084589959995
-30.03984,-0.01127563,2.722807737990615
-30.04819,-0.01128024,2.7222095008052065
-30.05643,-0.01129773,2.721619470442764
-30.0648,-0.01130908,2.7210204624677363
-30.07304,-0.01127857,2.720431083788004
-30.08133,-0.01122855,2.7198384546162018
-30.08977,-0.01118488,2.719235437824882
-30.09815,-0.01116108,2.7186370424760327
-30.10643,-0.01114493,2.718046115065785
-30.11466,-0.01110056,2.717459078070282
-30.12303,-0.01106,2.7168623840297603
-30.13146,-0.01104335,2.7162617476882964
-30.13988,-0.01105155,2.7156621592388555
-30.14841,-0.01107122,2.715055079189914
-30.15678,-0.01106612,2.714459720169063
-30.16504,-0.01106627,2.7138725093684606
-30.1734,-0.01107478,2.713278516839335
-30.18173,-0.01107835,2.7126869831517277
-30.19013,-0.01110037,2.712090809148553
-30.19844,-0.01112453,2.71150134907631
-30.20679,-0.01114663,2.710909378321894
-30.21516,-0.01115844,2.7103163180337284
-30.2234,-0.01117297,2.709732789825102
-30.23171,-0.01119178,2.7091446266188712
-30.24007,-0.01122076,2.708553250703454
-30.24835,-0.01124026,2.707967856097936
-30.25662,-0.01124686,2.7073834883076824
-30.26491,-0.01124689,2.7067980278150503
-30.2733,-0.01124581,2.7062058315413253
-30.28166,-0.01124726,2.705616079171353
-30.2898,-0.01121628,2.705042159406797
-30.29814,-0.01119083,2.704454458260474
-30.30641,-0.01116079,2.7038720092548076
-30.3147,-0.01112075,2.703288470609968
-30.32303,-0.01107722,2.7027024377181306
-30.33148,-0.01103993,2.7021082914516534
-30.33983,-0.01103383,2.7015215016036676
-30.34822,-0.01104388,2.7009322260086424
-30.35664,-0.01106791,2.700341170827865
-30.36502,-0.01108671,2.6997532489687144
-30.37341,-0.01110578,2.6991649505274515
-30.38174,-0.01113359,2.698581180669705
-30.39023,-0.01118391,2.6979865272490535
-30.39853,-0.0112217,2.6974055028318804
-30.40682,-0.0112433,2.696825495069856
-30.41498,-0.01126726,2.6962548915041205
-30.42334,-0.01128988,2.6956706199910987
-30.43166,-0.01132022,2.695089462750307
-30.43993,-0.01134125,2.6945121128727956
-30.44826,-0.01134513,2.6939308912890256
-30.45654,-0.01133871,2.6933534735068396
-30.46483,-0.01135635,2.692775672800406
-30.4731,-0.01133285,2.6921995793010884
-30.48134,-0.0113203,2.691625886525986
-30.48959,-0.01132597,2.6910518081745276
-30.49789,-0.01131167,2.6904745639780323
-30.50624,-0.01129452,2.689894159358872
-30.51465,-0.01128309,2.689309905242236
-30.52306,-0.01126287,2.6887259730839568
-30.53124,-0.01123421,2.688158319151138
-30.5397,-0.01123621,2.6875715544029575
-30.5479,-0.01119437,2.687003132784905
-30.55618,-0.01113161,2.686429475150362
-30.56461,-0.01109878,2.6858457444737556
-30.57298,-0.01106895,2.6852664869437
-30.58139,-0.01104487,2.6846847805152088
-30.58977,-0.01103324,2.684105467285305
-30.5981,-0.01101019,2.6835299250607063
-30.60645,-0.01097054,2.6829533153959377
-30.61491,-0.01095953,2.682369430450718
-30.62334,-0.01095819,2.6817879369134783
-30.63168,-0.01094752,2.6812129664451967
-30.64011,-0.01094529,2.6806321093494767
-30.64844,-0.01094549,2.6800584564826138
-30.65672,-0.01095368,2.6794885558533332
-30.66513,-0.01098031,2.6789100225565647
-30.67355,-0.011022,2.6783311191564065
-30.68189,-0.01105901,2.6777580292478724
-30.69023,-0.01108694,2.6771852508110885
-30.69855,-0.01112167,2.6766141560432004
-30.70689,-0.01117718,2.6760419990432114
-30.7152,-0.0112174,2.675472209199354
-30.72339,-0.01124716,2.674910948954526
-30.73164,-0.01127423,2.674345879360815
-30.73995,-0.01129898,2.6737770067940905
-30.74817,-0.01134096,2.673214597811837
-30.75658,-0.01139741,2.67263950023052
-30.76477,-0.01142163,2.672079749011613
-30.77307,-0.01143701,2.671512783742408
-30.78136,-0.01144707,2.6709468067687716
-30.78964,-0.0114542,2.6703818167409556
-30.79799,-0.01146108,2.6698123578843944
-30.8062,-0.01144951,2.66925274782349
-30.81442,-0.01141889,2.6686927548855373
-30.82275,-0.01138674,2.6681255728317557
-30.83107,-0.01136936,2.66755937760188
-30.8394,-0.01134074,2.6669928079015803
-30.84773,-0.01131631,2.6664265441897994
-30.85609,-0.01129389,2.665858548506956
-30.86447,-0.01126037,2.6652895027842693
-30.87282,-0.0112387,2.664722801480396
-30.88124,-0.01122355,2.6641516597131463
-30.88956,-0.01121775,2.663587606945518
-30.89798,-0.0111966,2.663017083964712
-30.90637,-0.01120532,2.6624489029284253
-30.91466,-0.01120161,2.6618877969222368
-30.92313,-0.01120976,2.661314818389988
-30.93146,-0.01122028,2.6607516166388523
-30.93984,-0.01123634,2.660185340324966
-30.94826,-0.01126224,2.6596166698870953
-30.95642,-0.01126526,2.6590658545141848
-30.96497,-0.0112821,2.6584890248561517
-30.97324,-0.0113083,2.6579313885147307
-30.98151,-0.01130228,2.6573740498768457
-30.98979,-0.01127515,2.656816335315599
-30.99811,-0.01125053,2.6562562265892984
-31.00641,-0.01122206,2.655697763784972
-31.01465,-0.01118855,2.6551436337343803
-31.023,-0.01116563,2.6545824066015538
-31.03134,-0.01114548,2.654022153087814
-31.0396,-0.01111579,2.653467570458382
-31.04794,-0.01108113,2.6529079159519116
-31.05644,-0.01106571,2.6523378339565
-31.06487,-0.01104846,2.651772754883571
-31.07323,-0.01104091,2.6512126708423938
-31.08162,-0.01103767,2.650650879844744
-31.08994,-0.01101876,2.650094075446913
-31.09831,-0.01099127,2.6495342254932823
-31.1066,-0.01095995,2.6489800235319834
-31.11502,-0.01096607,2.648417433123938
-31.12344,-0.01099121,2.6478551471174137
-31.13184,-0.01101353,2.6472944997790044
-31.14015,-0.01104142,2.646740156999886
-31.14844,-0.01106203,2.646187443095063
-31.15683,-0.01110292,2.6456283614218776
-31.16524,-0.01116087,2.6450682491134354
-31.17358,-0.01118466,2.6445130973086823
-31.18179,-0.01119921,2.6439668890079755
-31.19016,-0.0112465,2.643410331976495
-31.19836,-0.01129056,2.642865368564245
-31.2066,-0.01131332,2.6423180352874067
-31.21494,-0.01132234,2.641764353863887
-31.22311,-0.0113204,2.641222245317651
-31.23152,-0.01134701,2.6406645081635474
-31.23988,-0.01138111,2.6401103845469316
-31.24814,-0.01138027,2.6395631804004975
-31.25633,-0.01136018,2.639020899126673
-31.26454,-0.01134565,2.638477578752158
-31.27298,-0.01135257,2.6379193348379335
-31.28131,-0.01135224,2.6373686619901786
-31.28963,-0.01132829,2.6368189428893856
-31.29793,-0.01131109,2.6362708364418985
-31.30626,-0.01130601,2.635721041095295
-31.31465,-0.0112963,2.6351675813077904
-31.32291,-0.01127006,2.6346229868169972
-31.33124,-0.01124668,2.634074067927091
-31.33958,-0.01123662,2.633524782399764
-31.34802,-0.0112191,2.632969208262595
-31.35642,-0.01122309,2.6324165641358293
-31.36469,-0.01121863,2.631872762013589
-31.37302,-0.01120974,2.6313253043538682
-31.38141,-0.01120744,2.6307741972078373
-31.3898,-0.01121313,2.6302233846663565
-31.39813,-0.01121049,2.629676802408296
-31.40645,-0.01120597,2.62913116573188
-31.4149,-0.01122176,2.628577299307017
-31.42329,-0.01124524,2.628027660375473
-31.43156,-0.01124403,2.6274861699514753
-31.43985,-0.0112442,2.626943655901666
-31.4482,-0.01124911,2.6263975044676644
-31.45653,-0.01124948,2.6258529500869927
-31.46486,-0.01125546,2.6253086840367317
-31.47316,-0.01126126,2.624766664675552
-31.48152,-0.0112705,2.6242210160119335
-31.48982,-0.01128126,2.6236795700959865
-31.49808,-0.01128242,2.6231410168492806
-31.50646,-0.01129203,2.6225949281512424
-31.51473,-0.01131469,2.622056292406757
-31.52304,-0.01132912,2.621515336084337
-31.53145,-0.01133558,2.620968160360529
-31.53972,-0.01131748,2.6204303779488214
-31.54804,-0.01130996,2.61988962864254
-31.55637,-0.01130639,2.6193485150541713
-31.56462,-0.01128587,2.6188128797368697
-31.57295,-0.0112789,2.618272334387506
-31.58121,-0.01126781,2.6177366130050115
-31.58943,-0.01124099,2.617203764043859
-31.59781,-0.011211,2.6166608287093314
-31.6062,-0.01119636,2.6161175339015763
-31.61464,-0.01120209,2.6155712922873704
-31.62291,-0.01119738,2.615036335998173
-31.63136,-0.01121262,2.6144900250890255
-31.63974,-0.011221,2.613948528022038
-31.64804,-0.01122397,2.6134124830479233
-31.65634,-0.01123199,2.612876719165892
-31.66473,-0.01124056,2.612335431251111
-31.67322,-0.01126248,2.611787983665696
-31.68152,-0.01128154,2.6112530711910287
-31.68988,-0.01130349,2.6107145751261918
-31.69815,-0.01130695,2.6101821557409504
-31.70642,-0.01130414,2.609650014098091
-31.71481,-0.01131448,2.6091104345256992
-31.72302,-0.01129715,2.608582707447147
-31.73138,-0.01126719,2.608045619194627
-31.73973,-0.0112592,2.6075094558145264
-31.74809,-0.01125727,2.606972932859898
-31.75639,-0.01123148,2.6064405399984065
-31.76463,-0.0111809,2.60591227097561
-31.77307,-0.01115057,2.6053714639472987
-31.78137,-0.01112871,2.6048399077824524
-31.78977,-0.01111711,2.604302229931201
-31.79819,-0.01111285,2.603763556982331
-31.80658,-0.01111036,2.603227086973827
-31.81493,-0.01110593,2.602693455556872
-31.82329,-0.01109983,2.602159465598937
-31.83176,-0.01112854,2.6016187355019014
-31.84013,-0.01116458,2.601084672078914
-31.84845,-0.01118732,2.6005540771999893
-31.85675,-0.01119908,2.600025033941001
-31.86519,-0.01121886,2.599487349675304
-31.87346,-0.01124177,2.5989607717517957
-31.88178,-0.01127756,2.598431285831594
-31.89014,-0.01131398,2.5978995325827983
-31.89839,-0.01132566,2.5973750493363457
-31.9066,-0.0113152,2.5968533782979066
-31.91484,-0.01129905,2.5963300709011854
-31.92325,-0.01130859,2.595796245683005
-31.93155,-0.01131912,2.595269678421498
-31.93984,-0.01130951,2.59474401875526
-31.948,-0.01128294,2.594226868661575
-31.9563,-0.0112718,2.5937011168376816
-31.96468,-0.01125625,2.5931705745216282
-31.97302,-0.01123292,2.592642840745103
-31.98148,-0.01123208,2.59210779488629
-31.98975,-0.0112406,2.591585038957791
-31.99805,-0.01124441,2.5910606583838702
-32.00646,-0.01124435,2.5905296055858726
-32.01479,-0.01124828,2.5900038794569635
-32.02304,-0.01123974,2.5894834719002318
-32.03143,-0.01124534,2.588954508119057
-32.03987,-0.011268,2.5884226715027245
-32.04819,-0.01128045,2.587898670720562
-32.05644,-0.01128042,2.5873793471764173
-32.06471,-0.01126438,2.586859032874459
-32.07306,-0.01126223,2.586333957533207
-32.08141,-0.01126886,2.585809155520284
-32.08972,-0.01126566,2.585287138684912
-32.09807,-0.01126083,2.5847628813819647
-32.1064,-0.01125523,2.584240151496275
-32.11476,-0.01125484,2.5837158116703973
-32.12305,-0.01123692,2.5831961317496313
-32.13138,-0.01120752,2.5826742144283874
-32.13983,-0.0112035,2.582145054905393
-32.14809,-0.01121118,2.581628062506979
-32.15645,-0.01122753,2.5811050815621748
-32.1648,-0.01123009,2.5805829975625527
-32.17316,-0.0112077,2.580060559795805
-32.18155,-0.01119029,2.579536520148967
-32.18994,-0.01120883,2.579012753673974
-32.19835,-0.01124038,2.578488012584496
-32.20664,-0.0112344,2.5779710270925498
-32.21486,-0.01120705,2.5774586696946686
-32.2231,-0.01117521,2.5769453280410635
-32.23145,-0.01115811,2.576425401277324
-32.23995,-0.01117444,2.5758964111296696
-32.24826,-0.01117379,2.575379515049804
-32.25652,-0.0111315,2.5748659929837436
-32.26483,-0.01110559,2.574349627752571
-32.27326,-0.01110839,2.573826077687844
-32.28153,-0.01110412,2.5733127302206555
-32.28992,-0.01109872,2.572792202644045
-32.29833,-0.01110193,2.5722707056371026
-32.30655,-0.01108707,2.5717612527490554
-32.31499,-0.01108857,2.571238434546939
-32.32338,-0.01112294,2.570718984215141
-32.33168,-0.01114692,2.570205371326204
-32.33998,-0.0111623,2.5696920220729886
-32.34834,-0.01118738,2.5691752281569937
-32.35663,-0.01121246,2.568663025166712
-32.36498,-0.01123235,2.5681473802857284
-32.37335,-0.01126118,2.5676307672823477
-32.38171,-0.01128918,2.567115038087859
-32.38992,-0.0113081,2.566608821509902
-32.39819,-0.01132648,2.566099164799021
-32.40646,-0.01134243,2.565589768212881
-32.41473,-0.01134003,2.5650806315523837
-32.42304,-0.01134201,2.56456929393419
-32.43137,-0.01137209,2.5640569886501865
-32.4397,-0.01140722,2.5635449464699116
-32.44803,-0.01142734,2.5630331671907354
-32.45628,-0.0114264,2.5625265618857123
-32.46458,-0.01140516,2.562017146071195
-32.47289,-0.01139109,2.561507377384643
-32.48126,-0.0113957,2.560994191727784
-32.48961,-0.01138805,2.5604824957886536
-32.49785,-0.01133711,2.5599777985312873
-32.50606,-0.01126654,2.5594751932408912
-32.51444,-0.01122723,2.5589624425332254
-32.5228,-0.01121399,2.5584511788652886
-32.53127,-0.01120174,2.557933456025541
-32.53958,-0.01119203,2.557425775010003
-32.54796,-0.01118322,2.5569140800222194
-32.55637,-0.01119279,2.556400818027317
-32.56485,-0.01122396,2.555883552357834
-32.5733,-0.01123682,2.5553683845358006
-32.58162,-0.01123396,2.5548614034538493
-32.58992,-0.01125044,2.5543558990019
-32.5983,-0.01127206,2.5538457833690713
-32.60657,-0.01127354,2.5533426208276433
-32.61493,-0.01127734,2.552834241864079
-32.62314,-0.01127132,2.552335238116257
-32.63149,-0.01125943,2.551827982724663
-32.63991,-0.01126164,2.551316737699338
-32.64829,-0.01127246,2.5508081832157212
-32.65645,-0.0112706,2.550313230617535
-32.66484,-0.01125941,2.549804584991079
-32.67314,-0.01125098,2.549301652672501
-32.68149,-0.0112639,2.548795948409941
-32.68982,-0.01128069,2.548291712832925
-32.69827,-0.01129377,2.5477804758478046
-32.70656,-0.01129835,2.547279175798372
-32.71494,-0.01130401,2.5467726916204034
-32.72319,-0.01131369,2.546274317998948
-32.73148,-0.01130647,2.545773781081699
-32.73991,-0.01131864,2.545265051125675
-32.74817,-0.01132329,2.5447668342994434
-32.75641,-0.01131397,2.5442700741625837
-32.76469,-0.01130411,2.5437711542517265
-32.77307,-0.01130704,2.5432664654242036
-32.78146,-0.0113341,2.542761432834291
-32.78969,-0.01133674,2.542266282480865
-32.79802,-0.01131694,2.541765368763114
-32.8064,-0.01130296,2.5412617050331643
-32.81474,-0.01127656,2.540760700831395
-32.82307,-0.01125081,2.5402605514962495
-32.83136,-0.01123853,2.539763055810055
-32.83981,-0.01123125,2.539256216768611
-32.84795,-0.01120001,2.5387682184124123
-32.85634,-0.01115797,2.538265485443601
-32.86473,-0.01113081,2.537763009159059
-32.87314,-0.01111971,2.5372595924818864
-32.88162,-0.01111709,2.536752246391753
-32.89002,-0.01113272,2.5362499445120434
-32.89838,-0.0111583,2.5357502892239676
-32.90669,-0.01116218,2.535253873908315
-32.91505,-0.01117337,2.5347547246624265
-32.92342,-0.01119625,2.5342552322936074
-32.93187,-0.01122607,2.5337512233590136
-32.94017,-0.01125318,2.5332564130664776
-32.94855,-0.01128135,2.5327570864271722
-32.95685,-0.01129749,2.5322627769340817
-32.96498,-0.01130437,2.5317788331738713
-32.97328,-0.01132186,2.5312850162313243
-32.98154,-0.01133673,2.5307938258795675
-32.98988,-0.01134119,2.530298127789492
-32.99818,-0.01135297,2.529805055915205
-33.0065,-0.01137364,2.529311044794207
-33.01482,-0.01136315,2.5288172826627555
-33.02315,-0.01133459,2.52832317631722
-33.03136,-0.01131934,2.5278364318029896
-33.03967,-0.01128927,2.5273440049492018
-33.04796,-0.0112487,2.5268530099891184
-33.05635,-0.01123715,2.526356343032428
-33.06462,-0.01122321,2.525867026447
-33.07291,-0.01118249,2.525376772107444
-33.08144,-0.01117834,2.524872581121015
-33.08981,-0.01118322,2.524378100085797
-33.09808,-0.01115514,2.5238897724581
-33.10651,-0.01114942,2.523392248231541
-33.11491,-0.01115111,2.522896746510862
-33.12318,-0.01112596,2.52240915878246
-33.13149,-0.01110245,2.521919457893382
-33.13994,-0.01109155,2.5214217587599737
-33.14827,-0.01107987,2.5209313759058922
-33.15663,-0.01108203,2.520439474699329
-33.16501,-0.01111102,2.519946645576166
-33.17336,-0.01109758,2.5194558284117132
-33.18173,-0.01108631,2.5189640835483864
-33.19009,-0.01107938,2.51847317376964
-33.19849,-0.01108143,2.5179801641580686
-33.20686,-0.01108322,2.5174891633837104
-33.21516,-0.01109409,2.5170025133101874
-33.22342,-0.01109004,2.516518449936822
-33.23164,-0.01106654,2.5160369695868154
-33.2401,-0.01106919,2.5155416800791817
-33.24849,-0.01110222,2.5150507376425217
-33.25681,-0.01115798,2.514564135886755
-33.26523,-0.01124259,2.5140719333670623
-33.2735,-0.01128788,2.5135887417915157
-33.28178,-0.01129828,2.513105206512392
-33.29009,-0.01133056,2.5126201611350405
-33.29845,-0.0113725,2.5121324416001345
-33.3067,-0.01139741,2.511651379452182
-33.31491,-0.01138501,2.511172886254233
-33.32298,-0.01135061,2.510702782284177
-33.33139,-0.01135,2.510213114424571
-33.33975,-0.01135844,2.509726602628994
-33.3481,-0.01134678,2.5092409162740905
-33.35642,-0.01132871,2.5087572167516776
-33.36475,-0.01130648,2.5082731775301776
-33.37311,-0.01128267,2.507787638011561
-33.38144,-0.01125306,2.5073040827477784
-33.38976,-0.01122862,2.5068213488207163
-33.39813,-0.0112168,2.5063359565340932
-33.40654,-0.01122211,2.5058484895472564
-33.41489,-0.01119274,2.5053647430830988
-33.42326,-0.01117151,2.5048800805187765
-33.43164,-0.01115707,2.5043950820240943
-33.44003,-0.01115324,2.503909748286709
-33.44836,-0.01114602,2.503428126222033
-33.45671,-0.01114392,2.5029455884933096
-33.46506,-0.01114071,2.502463291564396
-33.47331,-0.0111512,2.501987006961666
-33.4818,-0.01117376,2.501497111863759
-33.49017,-0.01120235,2.501014384220803
-33.49857,-0.01122984,2.500530168899747
-33.50685,-0.01124151,2.5000531085434767
-33.51518,-0.01125335,2.4995734052450262
-33.52348,-0.01125367,2.4990956666789965
-33.53183,-0.01125068,2.4986152888166258
-33.5401,-0.01125228,2.4981397491361084
-33.54823,-0.01124512,2.4976724882355943
-33.55663,-0.01122741,2.4971899472622847
-33.56485,-0.01120092,2.4967179802680484
-33.57326,-0.0111996,2.4962353432463815
-33.58156,-0.01120209,2.4957592559726227
-33.58992,-0.0111925,2.4952799649418638
-33.59828,-0.01120192,2.49480091242766
-33.60671,-0.01120469,2.494318090048089
-33.61495,-0.01118545,2.493846383826244
-33.62332,-0.01115452,2.4933674723376513
-33.63174,-0.0111488,2.492885940483603
-33.64006,-0.01114245,2.4924103643096953
-33.64832,-0.01113072,2.4919384504189215
-33.65672,-0.01113149,2.4914587755431903
-33.66499,-0.01113541,2.490986758053396
-33.67336,-0.01113377,2.490509269048292
-33.68167,-0.01113701,2.490035437672776
-33.69014,-0.01116081,2.4895527237346
-33.6985,-0.01118746,2.489076516758906
-33.70691,-0.01120272,2.4885976999968253
-33.71524,-0.01122061,2.488123673448565
-33.72353,-0.01123048,2.4876521556313946
-33.73183,-0.01123303,2.487180301216981
-33.7401,-0.01123249,2.486710383193885
-33.74841,-0.01124321,2.4862384242694695
-33.75673,-0.01124184,2.485766130190928
-33.76495,-0.01121549,2.4852997412997797
-33.77335,-0.01119659,2.484823374050842
-33.78169,-0.01120681,2.4843506437955
-33.79001,-0.01121903,2.4838792797042677
-33.79831,-0.01121157,2.483409279931452
-33.8067,-0.01121658,2.4829344183253617
-33.81502,-0.01122097,2.4824637513152443
-33.82332,-0.01120586,2.481994446435181
-33.83171,-0.01119689,2.4815202867369104
-33.84016,-0.01121509,2.481042973792086
-33.84848,-0.01120169,2.480573236966623
-33.85666,-0.01116921,2.480111629440116
-33.86501,-0.0111563,2.4796406586030835
-33.87334,-0.01114604,2.4791710472011323
-33.88161,-0.01113419,2.478705046779064
-33.88988,-0.01111951,2.4782392737891077
-33.89845,-0.01112273,2.4777568443394906
-33.90666,-0.01111788,2.477294909023773
-33.91516,-0.01112201,2.4768168925047087
-33.92343,-0.01112386,2.4763520404628894
-33.93181,-0.01110554,2.4758812365152347
-33.94009,-0.01110766,2.4754162790964904
-33.94846,-0.0111126,2.4749464983094964
-33.95673,-0.01109849,2.474482557654992
-33.96515,-0.01108678,2.4740104342244917
-33.9735,-0.01108245,2.4735424669227486
-33.98183,-0.01108019,2.4730758496525937
-33.99014,-0.01108128,2.4726105805977854
-33.99855,-0.01108943,2.472139944203503
-34.00687,-0.01108033,2.471674573402374
-34.01512,-0.01105685,2.471213342772273
-34.02345,-0.01106445,2.4707478665449862
-34.03191,-0.01110328,2.4702753592143374
-34.04024,-0.01113555,2.469810342112747
-34.04858,-0.01116763,2.469344994710499
-34.05685,-0.01119085,2.4688837781532937
-34.0652,-0.01122539,2.468418327207825
-34.07359,-0.01127357,2.4679508763238625
-34.08193,-0.01131042,2.467486439294958
-34.09015,-0.01134199,2.4670289071769997
-34.0984,-0.01136003,2.4665699270347
-34.10671,-0.01136457,2.466107833326639
-34.11493,-0.01135487,2.4656509657208736
-34.12326,-0.01134077,2.465188208863983
-34.1315,-0.01133964,2.464730674010811
-34.13983,-0.01134833,2.4642683663041085
-34.14813,-0.01134942,2.4638079479022714
-34.15633,-0.01133163,2.4633532964460763
-34.1647,-0.01132485,2.462889444368017
-34.17305,-0.01132205,2.4624269270667964
-34.18146,-0.01133048,2.46196131470101
-34.18985,-0.01133856,2.4614970378635763
-34.19811,-0.01131897,2.461040177366527
-34.20638,-0.01128033,2.460582984811605
-34.21475,-0.01126335,2.4601204889704
-34.22307,-0.01126024,2.459660980151693
-34.23142,-0.0112524,2.4592000390284716
-34.23978,-0.01125679,2.458738771101917
-34.24817,-0.01124538,2.4582760743128755
-34.25646,-0.01122118,2.4578191149932014
-34.26483,-0.01120986,2.457357970256966
-34.27332,-0.01120877,2.456890444228922
-34.28168,-0.01119653,2.4564303032990216
-34.28996,-0.01117755,2.455974786788903
-34.29831,-0.01117274,2.4555156420243445
-34.30664,-0.01115198,2.4550578197107034
-34.31491,-0.01113192,2.4546035149152368
-34.32338,-0.01113229,2.4541384502342134
-34.33174,-0.01112859,2.4536796503760074
-34.3401,-0.01110383,2.4532210739048517
-34.34847,-0.0110801,2.452762172521804
-34.3569,-0.0110816,2.4523002075274545
-34.36523,-0.01107328,2.451843945173654
-34.37352,-0.0110482,2.451390093304381
-34.38191,-0.01104027,2.45093098958144
-34.39024,-0.01104472,2.450475390692243
-34.39859,-0.01103504,2.450018919380126
-34.40694,-0.01103528,2.4495626696242097
-34.41538,-0.01105094,2.4491017271929003
-34.42383,-0.01106711,2.448640465049938
-34.43207,-0.01106684,2.4481908842541267
-34.44043,-0.01106124,2.447734976015108
-34.44875,-0.0110667,2.447281468848652
-34.45712,-0.01108955,2.446825457263985
-34.46535,-0.01110671,2.4463772890743893
-34.47371,-0.01110715,2.4459222607604465
-34.482,-0.01110176,2.445471260367728
-34.49036,-0.01110078,2.445016671324973
-34.49867,-0.01110655,2.4445650194630693
-34.50702,-0.01110244,2.444111412692258
-34.51537,-0.01110519,2.4436580253956426
-34.52373,-0.01111183,2.4432043148292495
-34.53189,-0.01110535,2.4427616704443342
-34.54016,-0.01112086,2.442313272434175
-34.54862,-0.01115916,2.441854794779068
-34.55693,-0.01117967,2.4414046647083523
-34.56523,-0.01118564,2.4409552923559312
-34.57362,-0.01121022,2.4405012665726065
-34.582,-0.01125275,2.440048001850674
-34.59027,-0.01127433,2.4396009022190346
-34.59859,-0.01127907,2.4391513151258475
-34.60672,-0.01127393,2.4387122038725426
-34.61501,-0.01126989,2.4382646632197997
-34.62329,-0.01127308,2.4378178763485505
-34.63164,-0.01127747,2.437367528652989
-34.64002,-0.01128487,2.436915781226454
-34.64822,-0.0112988,2.4364739487338745
-34.65653,-0.01131411,2.4360264025278933
-34.6649,-0.0113261,2.435575841845786
-34.67323,-0.01133052,2.435127650351583
-34.68149,-0.01132613,2.4346834377646407
-34.68984,-0.01132821,2.434234600101932
-34.69826,-0.01134776,2.433782218474356
-34.70657,-0.0113578,2.4333359620383117
-34.7148,-0.01134364,2.4328942122668145
-34.72307,-0.0113151,2.4324505264079472
-34.73142,-0.01130838,2.4320027629161145
-34.73976,-0.01130458,2.431555750529077
-34.74811,-0.01130869,2.431108417119665
-34.7565,-0.0113093,2.430659157279933
-34.76477,-0.01129018,2.430216535302837
-34.77309,-0.01126151,2.4297714497043543
-34.78145,-0.01123013,2.4293244387453656
-34.78983,-0.0112045,2.428876573987283
-34.7982,-0.01116845,2.4284294589950055
-34.80652,-0.01110596,2.4279852280549736
-34.81487,-0.01105693,2.427539608793599
-34.82324,-0.01102642,2.4270931366524198
-34.83159,-0.01099293,2.426647945155533
-34.84003,-0.01097648,2.426198172045202
-34.84844,-0.01095574,2.425750214356798
-34.85689,-0.01095209,2.425300343777084
-34.8654,-0.01095802,2.424847499239934
-34.8738,-0.01097923,2.4244007248994945
-34.8821,-0.01099412,2.423959480650534
-34.89056,-0.01103174,2.4235099465299497
-34.89876,-0.01106936,2.4230744358825356
-34.90718,-0.01109835,2.4226274537215553
-34.91541,-0.01113102,2.422190766197504
-34.92383,-0.01118507,2.4217442101854236
-34.93208,-0.01123628,2.421306878949092
-34.94042,-0.01125208,2.420864986740285
-34.94858,-0.01127004,2.4204328358977674
-34.95686,-0.01129482,2.4199945361225237
-34.9651,-0.01131061,2.4195585598210787
-34.97339,-0.01132619,2.419120145344789
-34.98166,-0.01133711,2.4186829956039824
-34.98995,-0.01133541,2.418244996063155
-34.99828,-0.01134091,2.417805092135956
-35.00667,-0.01136684,2.4173622312547867
-35.01485,-0.01137177,2.4169306594202173
-35.02319,-0.01135988,2.416490853631551
-35.03154,-0.01134483,2.4160507302847662
-35.03986,-0.0113324,2.415612396853184
-35.04819,-0.0113369,2.4151737450635826
-35.05653,-0.01134341,2.4147347755182844
-35.06487,-0.01133397,2.414296014786309
-35.07315,-0.01131486,2.4138606170247043
-35.08145,-0.01129073,2.4134243738499976
-35.08992,-0.01126818,2.4129794083315095
-35.09834,-0.011232,2.4125372823899935
-35.10664,-0.01119825,2.4121016650981124
-35.11493,-0.01116891,2.4116667782051677
-35.12328,-0.01114107,2.411228951282454
-35.13165,-0.01111434,2.4107902845439937
-35.13997,-0.01109137,2.4103544453794354
-35.14833,-0.01107148,2.409916718660602
-35.15686,-0.01106712,2.409470305368568
-35.16536,-0.01108857,2.409025677541763
-35.17366,-0.01111105,2.4085917189169397
-35.18201,-0.01112362,2.4081553526930386
-35.19032,-0.01114787,2.407721282443581
-35.19865,-0.01117836,2.407286373198972
-35.20696,-0.01122054,2.4068527132135236
-35.21533,-0.01125643,2.406416128998365
-35.22369,-0.01128798,2.4059802735034292
-35.23193,-0.01130967,2.405550876718931
-35.2402,-0.01131394,2.40512011850103
-35.24844,-0.01131341,2.404691123919243
-35.25667,-0.01132117,2.404262850121693
-35.26492,-0.01130702,2.4038337361888247
-35.27319,-0.01129262,2.4034037834400577
-35.28151,-0.01131393,2.4029714346126343
-35.28989,-0.01133039,2.4025361739580373
-35.29811,-0.01133859,2.4021094245555923
-35.30653,-0.01135814,2.401672497977003
-35.31476,-0.01135894,2.4012456321379503
-35.32311,-0.01133658,2.4008127455368453
-35.33148,-0.01132882,2.4003790274282313
-35.33972,-0.01132338,2.3999522463675436
-35.34804,-0.01131023,2.3995215236827843
-35.35634,-0.01129072,2.39909203837275
-35.36461,-0.01126061,2.3986643059261787
-35.37291,-0.01122149,2.398235222943207
-35.38135,-0.01119943,2.397799108852545
-35.38971,-0.01119688,2.397367333611945
-35.39815,-0.01119332,2.396931633432821
-35.40643,-0.01118963,2.3965043948232
-35.41478,-0.01117066,2.3960737466108784
-35.42313,-0.01114296,2.3956433014248035
-35.43153,-0.01111474,2.3952104834310006
-35.43996,-0.01109815,2.3947763259326478
-35.4484,-0.01109314,2.3943418602814233
-35.45676,-0.01106303,2.393911716693798
-35.46506,-0.01102575,2.3934848608743367
-35.47331,-0.01100181,2.39306077442449
-35.48174,-0.01099204,2.3926276388925682
-35.49013,-0.01100548,2.3921967628746357
-35.49858,-0.01104526,2.391763011365525
-35.50697,-0.01107924,2.39133254400474
-35.51538,-0.01109991,2.3909012546113826
-35.5238,-0.01111119,2.3904696569623742
-35.53212,-0.01111598,2.390043386096861
-35.54041,-0.0111165,2.389618850767338
-35.54872,-0.01114056,2.3891934899484424
-35.55696,-0.01117727,2.388771908509614
-35.56517,-0.01117586,2.3883520562392926
-35.57347,-0.011175,2.3879277984408045
-35.58188,-0.0112053,2.387498119829531
-35.59027,-0.01123151,2.387069665388883
-35.59862,-0.01125259,2.3866434541563692
-35.6069,-0.01124067,2.386221013342919
-35.61507,-0.01121365,2.3858043771920143
-35.62331,-0.01118984,2.385384364900398
-35.63168,-0.01117241,2.3849579250823982
-35.63995,-0.01116132,2.3845367768473302
-35.64838,-0.01117035,2.384107681751597
-35.65665,-0.01116941,2.383686927964349
-35.66512,-0.01116815,2.383256201016567
-35.67349,-0.01117633,2.3828307603208994
-35.68173,-0.01117811,2.38241212239429
-35.69017,-0.01118665,2.38198352375458
-35.69852,-0.01120455,2.3815596949117217
-35.70682,-0.01120766,2.3811386004130304
-35.71513,-0.01120825,2.3807171946455186
-35.72344,-0.01121959,2.380295984933142
-35.73186,-0.01124923,2.379869399465911
-35.74013,-0.01126468,2.3794506091611867
-35.74841,-0.01127412,2.3790315065760965
-35.75679,-0.0112791,2.3786075399945017
-35.765,-0.01128188,2.3781923668390883
-35.77341,-0.01128762,2.3777672774275644
-35.7816,-0.01127812,2.377353500122968
-35.79001,-0.01127387,2.376928804993349
-35.79823,-0.01126805,2.3765138974748194
-35.80652,-0.01124509,2.3760956496191197
-35.81479,-0.01122926,2.375678603727678
-35.82311,-0.01121065,2.3752592307033087
-35.83151,-0.01120702,2.3748360228190215
-35.83984,-0.01119266,2.374416537573828
-35.84816,-0.011161,2.37399775051216
-35.85657,-0.01113293,2.373574630813823
-35.86491,-0.01110407,2.3731552288852806
-35.87332,-0.01109904,2.3727325042677956
-35.88171,-0.01109891,2.372310982391865
-35.89012,-0.01109248,2.3718886534790076
-35.89841,-0.01109493,2.371472544327172
-35.90675,-0.0110919,2.371054119350818
-35.91518,-0.01110472,2.3706313764820335
-35.92362,-0.01113214,2.37020833089761
-35.93205,-0.01116449,2.369785984935455
-35.94037,-0.01115561,2.3693693442777577
-35.94865,-0.01111736,2.368954898167247
-35.95699,-0.01112352,2.368537641777023
-35.96523,-0.01113952,2.368125578510133
-35.9735,-0.01113905,2.367712204817435
-35.98183,-0.01113137,2.36729602413218
-35.99016,-0.01113482,2.3668800360987556
-35.99854,-0.01115768,2.3664617453930075
-36.00702,-0.01118674,2.3660386613499256
-36.01534,-0.0111996,2.365623753656081
-36.02356,-0.01118971,2.3652140210462265
-36.03178,-0.01116461,2.364804475382565
-36.0401,-0.01114908,2.3643901376522263
-36.04849,-0.01114885,2.3639725075863094
-36.0567,-0.01113194,2.3635640255486496
-36.06502,-0.01111923,2.3631502602799057
-36.07346,-0.01113114,2.3627307222539784
-36.08171,-0.01112939,2.362320818497793
-36.09003,-0.01112257,2.361907626566118
-36.09847,-0.0111191,2.3614886697414046
-36.10677,-0.01111946,2.3610768534543523
-36.11505,-0.01111727,2.3606662181002105
-36.12347,-0.01110874,2.3602488326841247
-36.13174,-0.0110941,2.359839072239532
-36.14003,-0.01107426,2.3594285090521505
-36.14839,-0.01105912,2.3590146698096377
-36.15674,-0.01102861,2.3586015166190317
-36.16515,-0.01100832,2.3581855875062043
-36.17348,-0.01099469,2.3577738055614224
-36.18179,-0.01098112,2.357363201212544
-36.19017,-0.0109859,2.356949329058139
-36.19858,-0.0110051,2.356534167914874
-36.20696,-0.01102342,2.356120679559952
-36.21535,-0.01102681,2.355706889481946
-36.22374,-0.01103455,2.355293291084797
-36.23216,-0.01106368,2.354878406366057
-36.24052,-0.01108903,2.3544666688005584
-36.24883,-0.01111158,2.3540575819964396
-36.25713,-0.01113125,2.353649174658888
-36.26534,-0.01113722,2.3532453797482664
-36.27362,-0.01114237,2.352838327136911
-36.28189,-0.01116005,2.3524319515879686
-36.29028,-0.01119198,2.35201986868109
-36.29865,-0.01121778,2.351608957908903
-36.3069,-0.01122602,2.351204123734056
-36.31522,-0.0112296,2.3507960408886412
-36.32349,-0.01123994,2.350390595727448
-36.33176,-0.01125431,2.3499853351447877
-36.34007,-0.01127032,2.3495783002069066
-36.34836,-0.01128614,2.349172430337985
-36.35663,-0.0112978,2.3487677240712355
-36.3649,-0.01130323,2.3483632018787346
-36.37322,-0.01131586,2.347956419585618
-36.38161,-0.01134457,2.347546403251533
-36.38992,-0.01136631,2.3471404828589897
-36.39816,-0.01136859,2.346738164786352
-36.40648,-0.01137621,2.346332125489748
-36.41475,-0.01137961,2.345928710206716
-36.42305,-0.01137689,2.34552401569885
-36.43137,-0.01135913,2.3451185310901015
-36.43973,-0.01132664,2.344711283535855
-36.44804,-0.01128818,2.344306656818858
-36.4563,-0.01125314,2.343904647482054
-36.46468,-0.01121773,2.3434969839307516
-36.47301,-0.01116572,2.343091938394994
-36.48132,-0.01112375,2.34268804966487
-36.48972,-0.01107841,2.3422799736473725
-36.49811,-0.01104652,2.341872570935865
-36.50661,-0.01104261,2.341460017788559
-36.51506,-0.01102707,2.341050081801865
-36.52333,-0.01100742,2.340649061846223
-36.53188,-0.01101494,2.34023465532023
-36.54019,-0.01101975,2.3398320671020048
-36.54857,-0.01103348,2.339426273038863
-36.55701,-0.01107606,2.3390177615729515
-36.56537,-0.01109397,2.3386133081656224
-36.5737,-0.01109218,2.3382104900515945
-36.58206,-0.01110338,2.3378064056534815
-36.59035,-0.0111126,2.337405887071318
-36.59868,-0.01112921,2.337003618709746
-36.60698,-0.01113662,2.336602981180092
-36.6152,-0.01112842,2.33620638423387
-36.62352,-0.01114124,2.3358051437983023
-36.63188,-0.01117791,2.3354021579018056
-36.64027,-0.01120915,2.3349979107686707
-36.64854,-0.01120543,2.3345996266154123
-36.65694,-0.01118419,2.3341952656168248
-36.66516,-0.01116986,2.3337997488624076
-36.67357,-0.01117008,2.333395273489873
-36.68185,-0.01115942,2.3329972316009147
-36.69006,-0.01111736,2.332602732184139
-36.69833,-0.01107914,2.332205528153461
-36.70662,-0.01107663,2.331807543162514
-36.71512,-0.01109858,2.3313996631360596
-36.72353,-0.01112132,2.330996287666246
-36.73186,-0.01113299,2.3305969313832735
-36.74023,-0.01113637,2.3301958398191847
-36.7486,-0.01115771,2.3297949309633563
-36.75703,-0.0112164,2.329391332760019
-36.76532,-0.01125909,2.3289946177539047
-36.77356,-0.01127764,2.328600472730951
-36.78183,-0.01129325,2.3282050702751875
-36.79021,-0.01130245,2.327804589862357
-36.79848,-0.01132056,2.327409545176866
-36.80685,-0.01133603,2.3270099044063812
-36.81508,-0.01134637,2.326617125373624
-36.82327,-0.01131983,2.3262264296462534
-36.83156,-0.01128028,2.325831140467577
-36.83989,-0.01126252,2.325434123174635
-36.84816,-0.01125164,2.325040143117051
-36.85655,-0.01125153,2.3246406269713256
-36.86482,-0.01124615,2.3242470029692264
-36.87322,-0.01123901,2.3238473721578967
-36.88147,-0.0112095,2.323455054801232
-36.88992,-0.01118986,2.3230534086276142
-36.89835,-0.01119333,2.3226528964032265
-36.90668,-0.01116302,2.322257314935941
-36.91498,-0.01114248,2.321863335697324
-36.92333,-0.01111598,2.3214671618188283
-36.93163,-0.01109001,2.3210735377777802
-36.94,-0.01107132,2.3206767731456415
-36.94836,-0.0110475,2.3202806619833733
-36.95676,-0.01103158,2.3198828360494805
-36.96513,-0.01101126,2.3194866107599243
-36.97359,-0.01101307,2.3190863072804127
-36.98187,-0.01099488,2.3186946982399754
-36.9903,-0.01101444,2.318296174943161
-36.99863,-0.01105642,2.317902557473074
-37.00696,-0.01107201,2.317509117203899
-37.01531,-0.01110325,2.317114910019665
-37.02373,-0.01117789,2.3167175781586566
-37.03204,-0.01122514,2.3163256142518747
-37.04034,-0.01123545,2.315934297579342
-37.04851,-0.0112762,2.315549281199163
-37.05681,-0.01133551,2.3151583123317954
-37.06517,-0.01136844,2.314764694185943
-37.0733,-0.01137503,2.3143820755098683
-37.08159,-0.01139917,2.313992099583648
-37.09004,-0.01146267,2.3135947763874074
-37.09831,-0.01148474,2.3132060921373507
-37.10637,-0.01146109,2.31282744445226
-37.11472,-0.01146366,2.312435346407032
-37.12311,-0.01146266,2.3120415477043816
-37.13135,-0.01146292,2.3116549627201812
-37.1396,-0.011438,2.3112680804316685
-37.14795,-0.01140063,2.3108766836393393
-37.15627,-0.01137619,2.3104868680306176
-37.16457,-0.01133921,2.3100981633851814
-37.17297,-0.01133202,2.309704952281187
-37.18134,-0.01134505,2.3093133222202322
-37.18965,-0.01129051,2.308924673934818
-37.19809,-0.01128041,2.3085301234552635
-37.20644,-0.01126061,2.3081399564161473
-37.21484,-0.01123466,2.3077476297090085
-37.22321,-0.01122719,2.3073568802905497
-37.23154,-0.01121347,2.3069681726836975
-37.23984,-0.01117683,2.306581037942161
-37.24826,-0.01115637,2.3061884823613235
-37.25674,-0.01115085,2.305793308808017
-37.26505,-0.011128,2.3054062318445836
-37.27345,-0.01110878,2.3050151381211026
-37.28192,-0.01110599,2.30462096372719
-37.29019,-0.01109638,2.304236269646253
-37.29845,-0.01108987,2.3038522110168116
-37.30692,-0.01111403,2.303458564791733
-37.31528,-0.01115249,2.3030702060925177
-37.32365,-0.01118049,2.302681557136025
-37.33206,-0.01120009,2.3022912263614708
-37.34039,-0.01124017,2.3019047819264875
-37.34872,-0.0112853,2.301518509871289
-37.35703,-0.01131445,2.3011333368846505
-37.36525,-0.01132427,2.3007525039976984
-37.37351,-0.01132601,2.300369986656324
-37.38173,-0.01133517,2.299989489518008
-37.39002,-0.01133458,2.2996059215801434
-37.39844,-0.01135244,2.2992165127743296
-37.4066,-0.01134859,2.2988392957392545
-37.41492,-0.01132609,2.298454851700872
-37.42316,-0.01132533,2.2980742727230945
-37.43155,-0.01133661,2.2976869378906297
-37.43982,-0.011327,2.2973053128994745
-37.44812,-0.01132662,2.296922473010661
-37.45654,-0.01132588,2.296534271451661
-37.46478,-0.01129528,2.296154537675118
-37.47319,-0.01127047,2.2957671417885694
-37.48155,-0.01126696,2.2953822213862556
-37.48976,-0.01124806,2.2950043745278714
-37.49811,-0.01122922,2.294620254194145
-37.5065,-0.01121996,2.294234466025889
-37.51474,-0.01120959,2.2938557431025774
-37.52316,-0.01121357,2.293468918929003
-37.53154,-0.01121281,2.2930841047289827
-37.53999,-0.01122227,2.2926962500522774
-37.54836,-0.01123635,2.2923122394693136
-37.55663,-0.01123757,2.2919329849350167
-37.56497,-0.01123909,2.291550689378961
-37.57332,-0.01124658,2.2911681054535507
-37.5816,-0.01125259,2.290788896694127
-37.58989,-0.01124705,2.290409397314012
-37.59831,-0.01125523,2.2900241181053085
-37.60667,-0.01126867,2.2896417550397308
-37.61498,-0.01128294,2.289261847274676
-37.62329,-0.01130291,2.2888821073329844
-37.63159,-0.01129603,2.288502991768352
-37.63997,-0.01128418,2.288120391700631
-37.64821,-0.01127815,2.28774434959856
-37.65654,-0.01128969,2.287364367517568
-37.66493,-0.01133131,2.2869818183652537
-37.67323,-0.01135766,2.2866035404981204
-37.68147,-0.01135662,2.286228162011726
-37.68976,-0.01134193,2.2858506713759916
-37.69826,-0.01136579,2.285463790636491
-37.70656,-0.0113949,2.2850861812904704
-37.71492,-0.01140649,2.2847060102474033
-37.72315,-0.01140053,2.28433191554788
-37.73134,-0.01136845,2.283959801056628
-37.73966,-0.01134984,2.2835819453593382
-37.74796,-0.01134121,2.283205163934687
-37.75641,-0.01135039,2.2828217433807927
-37.76466,-0.01134979,2.2824475634098125
-37.77304,-0.01133551,2.28206765460233
-37.78139,-0.01131628,2.281689273475645
-37.78973,-0.01129176,2.281311512413558
-37.79819,-0.01128391,2.2809284862582047
-37.80649,-0.01126337,2.280552870684372
-37.81488,-0.01123569,2.280173349750151
-37.82317,-0.0112128,2.2797985176810935
-37.83151,-0.01120759,2.279421590626438
-37.83991,-0.01120797,2.279042119814767
-37.8483,-0.01120675,2.2786632688918655
-37.85664,-0.01122197,2.278286842149752
-37.86504,-0.01123393,2.2779078749157535
-37.8734,-0.01124191,2.2775308791922564
-37.88173,-0.01124916,2.2771554018256297
-37.89012,-0.01125616,2.276777386822739
-37.89847,-0.01127265,2.2764013402124146
-37.90672,-0.01128197,2.27602995985936
-37.91502,-0.01129137,2.275656491807205
-37.92342,-0.01129944,2.275278690582231
-37.93158,-0.01128615,2.2749118439042086
-37.93994,-0.01128547,2.2745361695353234
-37.94829,-0.01129256,2.274161109762785
-37.95662,-0.01126669,2.2737871127618843
-37.96503,-0.01127646,2.2734096904440744
-37.97327,-0.011294,2.2730400594944813
-37.98155,-0.01130146,2.2726687957705782
-37.98995,-0.01133219,2.2722923167837807
-37.99831,-0.01135961,2.2719177958177617
-38.00655,-0.0113662,2.2715488119810927
-38.01509,-0.01141107,2.2711665630674553
-38.02345,-0.0114555,2.2707925372368893
-38.03168,-0.01144471,2.2704244882161397
-38.03995,-0.01142192,2.2700548107975957
-38.04822,-0.01139996,2.2696852940820884
-38.05647,-0.0113778,2.2693168310145424
-38.06485,-0.01137372,2.268942725375248
-38.07314,-0.01135403,2.2685727996167375
-38.08142,-0.01131057,2.268203480857594
-38.08981,-0.01129191,2.2678294194694066
-38.09824,-0.01130279,2.2674537406452373
-38.10661,-0.01130327,2.2670809001377976
-38.11501,-0.0112926,2.2667068879163352
-38.12329,-0.01128442,2.2663383800296355
-38.13162,-0.01128066,2.2659678083438366
-38.14008,-0.01128389,2.2655916191051513
-38.14841,-0.01129557,2.265221373577562
-38.15674,-0.01130459,2.2648512897066153
-38.16504,-0.01128088,2.264482699349981
-38.1734,-0.01126374,2.2641116065113405
-38.18176,-0.01126055,2.2637406761762686
-38.19008,-0.01124379,2.263371681860839
-38.19836,-0.01123218,2.263004621140803
-38.20674,-0.01124008,2.262633289309687
-38.21509,-0.0112432,2.2622634488104048
-38.22333,-0.01122735,2.2618986388679376
-38.23163,-0.01121864,2.261531331517908
-38.24011,-0.01121495,2.2611562231384794
-38.24844,-0.01120757,2.260787911873007
-38.25681,-0.01120844,2.2604179935546114
-38.26518,-0.01121075,2.260048237065656
-38.27347,-0.01119466,2.2596821741012767
-38.28177,-0.01116787,2.2593158283956045
-38.29013,-0.01115775,2.258946994956664
-38.29843,-0.01115343,2.258580967940461
-38.30675,-0.0111389,2.2582142181208273
-38.31525,-0.0111526,2.2578396982924556
-38.32355,-0.01119532,2.2574741510115843
-38.33186,-0.01122077,2.2571083219024595
-38.34029,-0.01125048,2.2567373720960378
-38.3486,-0.0113026,2.2563718623365654
-38.35687,-0.01133509,2.256008269183591
-38.36527,-0.01135587,2.255639121007098
-38.37363,-0.01141201,2.2552718911398273
-38.38173,-0.01145174,2.254916234885713
-38.39006,-0.0114647,2.2545506362844967
-38.39835,-0.01147897,2.254186950741373
-38.40654,-0.01146762,2.253827806410054
-38.4149,-0.0114683,2.253461365251504
-38.42325,-0.01149221,2.2530955215917445
-38.43152,-0.01146518,2.252733339716982
-38.43961,-0.0114083,2.25237919167234
-38.44798,-0.01139499,2.252012943202738
-38.45638,-0.01139642,2.251645542300133
-38.46477,-0.01140561,2.2512787389603526
-38.47304,-0.0114022,2.2509173384791015
-38.48137,-0.01137914,2.2505534730182424
-38.48978,-0.01138015,2.250186272823591
-38.49817,-0.0113917,2.249820105734896
-38.50649,-0.01137727,2.2494571512490493
-38.51477,-0.01137115,2.2490960974192498
-38.52304,-0.01140074,2.2487356345708958
-38.5314,-0.01141498,2.2483714061778186
-38.53981,-0.01143246,2.2480051588214884
-38.54808,-0.0114482,2.2476451641690067
-38.55641,-0.0114473,2.247282713821126
-38.5648,-0.01145789,2.246917811060864
-38.57317,-0.01147256,2.2465539363241342
-38.58142,-0.01146908,2.246195432931188
-38.58968,-0.01145848,2.245836648554743
-38.5979,-0.0114447,2.245479754079885
-38.60628,-0.01143319,2.2451160691991046
-38.61455,-0.01140032,2.2447573129817644
-38.62291,-0.01137867,2.2443948086770265
-38.63127,-0.01138203,2.2440324612677762
-38.63965,-0.01138637,2.2436694043553707
-38.64797,-0.01137786,2.243309102651446
-38.65631,-0.01135648,2.2429480904928587
-38.66469,-0.01134531,2.2425855037244578
-38.67293,-0.01134597,2.242229127712847
-38.6814,-0.01136547,2.2418629625608175
-38.68984,-0.01138961,2.2414982538051333
-38.69818,-0.0114172,2.241138022511653
-38.70645,-0.01143393,2.2407809680298763
-38.71478,-0.01143228,2.240421477275604
-38.72319,-0.01143907,2.2400586909291307
-38.73154,-0.01145972,2.2396986486981927
-38.73984,-0.01148441,2.2393409162247444
-38.74806,-0.01149424,2.2389867828221592
-38.75636,-0.01150477,2.238629355285171
-38.76469,-0.01151112,2.2382707897315828
-38.77287,-0.01148367,2.237918830873237
-38.78119,-0.01146687,2.2375610005778572
-38.78957,-0.0114582,2.2372007449425193
-38.79791,-0.01143419,2.2368423634159673
-38.80618,-0.01139164,2.2364871419964554
-38.81444,-0.01134224,2.2361325012031608
-38.82277,-0.01130029,2.235775007811138
-38.83107,-0.01127867,2.2354189544609513
-38.83949,-0.01128224,2.2350579088448383
-38.84782,-0.01128649,2.234700876394094
-38.85631,-0.01129918,2.234337143696867
-38.86473,-0.01131954,2.233976566928421
-38.87312,-0.01134842,2.233617430244858
-38.88153,-0.01139012,2.2332575930010985
-38.88988,-0.01142828,2.2329004769364165
-38.89812,-0.01143202,2.232548215697828
-38.90642,-0.01142445,2.2321935402948925
-38.91469,-0.01143284,2.2318402973273077
-38.92304,-0.01145274,2.23148378954984
-38.93138,-0.01147189,2.231127861380717
-38.93968,-0.01146927,2.230773791669577
-38.94792,-0.01146739,2.2304224307742233
-38.95622,-0.01147108,2.2300686616925356
-38.96468,-0.01150253,2.2297082280670595
-38.97298,-0.01150613,2.2293547632231356
-38.98128,-0.01148755,2.2290014489006005
-38.98958,-0.01145939,2.2286482850033265
-38.99789,-0.01144204,2.228294846208346
-39.00626,-0.01143937,2.2279390077387577
-39.01451,-0.01143004,2.2275884203082392
-39.0229,-0.01143556,2.2272320355483575
-39.03108,-0.01139391,2.2268847185371246
-39.03955,-0.01135334,2.2265252417100094
-39.04791,-0.01135221,2.2261705863386796
-39.0564,-0.01137691,2.2258105713788265
-39.06471,-0.01140521,2.2254583407889115
-39.07306,-0.01141339,2.2251045656521398
-39.08133,-0.01140592,2.224754328985221
-39.08958,-0.01139372,2.2244050869822596
-39.0981,-0.01142712,2.2240445699407387
-39.10645,-0.011456,2.223691398733457
-39.11478,-0.01146491,2.2233392236898686
-39.12305,-0.01146846,2.2229897336736273
-39.13129,-0.01146901,2.2226416583761996
-39.1396,-0.01147765,2.2222907745608027
-39.14798,-0.0114814,2.2219370858981744
-39.15624,-0.01146909,2.2215886101423425
-39.16455,-0.01145697,2.221238173297025
-39.17293,-0.01146788,2.220884935081445
-39.18126,-0.0114707,2.2205339542424105
-39.1895,-0.01146071,2.2201869123106954
-39.19785,-0.01145159,2.21983538637961
-39.20612,-0.01144065,2.2194873759504894
-39.21452,-0.01145107,2.2191340452465056
-39.22295,-0.01146893,2.2187796047977013
-39.23122,-0.01147822,2.2184320395848
-39.23956,-0.0114723,2.218081680834342
-39.24783,-0.01146256,2.217734409775012
-39.25623,-0.01145491,2.217381829584756
-39.26453,-0.01145612,2.2170335949519835
-39.27289,-0.01147839,2.2166829917533444
-39.28122,-0.01147947,2.2163337951316175
-39.28951,-0.01147068,2.2159864223300314
-39.29785,-0.0114569,2.2156371022842216
-39.30617,-0.01143982,2.215288767641314
-39.31458,-0.01144703,2.214936814789831
-39.32297,-0.01145869,2.2145858489325705
-39.33138,-0.01147562,2.214234196715193
-39.33951,-0.01145463,2.213894395227597
-39.34796,-0.01144066,2.2135413678371125
-39.35635,-0.01145279,2.2131909971326102
-39.36466,-0.01144245,2.212844114492542
-39.37312,-0.01144526,2.212491120845897
-39.38141,-0.01144665,2.2121453675731773
-39.38979,-0.01143871,2.2117960085595785
-39.39809,-0.01142436,2.2114501312119446
-39.40643,-0.0114086,2.211102733741676
-39.41481,-0.01140259,2.210753818171393
-39.42308,-0.01137826,2.21040962806559
-39.43149,-0.01136134,2.2100597593446256
-39.43987,-0.01136386,2.2097112870808147
-39.44821,-0.0113638,2.2093646251629666
-39.45654,-0.01135988,2.2090185251925285
-39.46491,-0.01135806,2.208670910436638
-39.47322,-0.01136009,2.2083259333796432
-39.4816,-0.01137029,2.207978197438807
-39.48995,-0.01137956,2.2076318531677046
-39.49832,-0.01140808,2.207284826291346
-39.50668,-0.01143728,2.206938360803793
-39.51495,-0.01146119,2.2065957694492844
-39.52333,-0.01149007,2.206248767500107
-39.5316,-0.01151978,2.2059064647016564
-39.53993,-0.01154298,2.2055618231999907
-39.5482,-0.01154915,2.205219807728291
-39.5566,-0.0115828,2.2048725623536907
-39.56484,-0.0116036,2.204532074437809
-39.57314,-0.01160582,2.204189250587646
-39.58139,-0.0116037,2.2038486344213783
-39.58966,-0.01158537,2.2035073349960568
-39.59793,-0.01156307,2.2031661781310286
-39.60622,-0.01155671,2.2028243392073263
-39.61461,-0.01158149,2.2024785224441183
-39.62282,-0.01157135,2.2021402666443226
-39.63117,-0.01153865,2.201796386531107
-39.63953,-0.01154084,2.2014522397213083
-39.64789,-0.01153887,2.201108238042428
-39.65628,-0.01154838,2.20076314772843
-39.66466,-0.01157155,2.2004186144542777
-39.673,-0.0115789,2.2000758702392056
-39.68121,-0.01154496,2.1997386092813196
-39.68956,-0.01150731,2.1993957403407847
-39.69803,-0.01150203,2.199048091303271
-39.7063,-0.01148274,2.198708794322312
-39.71465,-0.01146533,2.198366358510021
-39.72298,-0.01145752,2.19802488635042
-39.73123,-0.01143243,2.1976868347644913
-39.73959,-0.0114146,2.19734441900382
-39.74805,-0.01140533,2.1969980539925857
-39.75646,-0.01141113,2.1966538821615407
-39.76483,-0.01142729,2.1963114918383906
-39.77324,-0.01143655,2.1959676103832626
-39.78156,-0.01143994,2.1956275520618096
-39.78984,-0.0114352,2.1952892698236535
-39.79817,-0.01144703,2.1949490868549986
-39.80647,-0.01146897,2.1946102706419333
-39.81484,-0.01149173,2.1942687399974483
-39.82321,-0.01153595,2.1939273529180596
-39.83144,-0.01157981,2.1935918159122543
-39.83977,-0.01162762,2.1932523430732656
-39.84815,-0.01167145,2.19291097579185
-39.85642,-0.01169171,2.1925742301993005
-39.86467,-0.01172613,2.1922384381960267
-39.87303,-0.01178076,2.19189831071278
-39.88127,-0.01179268,2.1915632049831912
-39.88947,-0.01179106,2.1912298634200953
-39.89768,-0.01176763,2.190896252614187
-39.90599,-0.01175101,2.1905587181272783
-39.91438,-0.01174493,2.1902180767933763
-39.92265,-0.01172299,2.1898824476832077
-39.93086,-0.0116577,2.189549391122555
-39.93926,-0.01157003,2.18920876851499
-39.9476,-0.01151327,2.1888707206440436
-39.95598,-0.01150783,2.1885311935785334
-39.96442,-0.01149858,2.1881893794530236
-39.97272,-0.01145575,2.1878533760024337
-39.98108,-0.01141891,2.1875150846350326
-39.9897,-0.01144541,2.187166420353241
-39.99812,-0.01149374,2.1868259908215686
-40.00638,-0.01149348,2.186492169498965
-40.01465,-0.01149072,2.18615808210243
-40.02304,-0.0115125,2.18581928809006
-40.03137,-0.01153058,2.1854830574122244
-40.03969,-0.01155403,2.1851473700220954
-40.048,-0.01157059,2.1848122253296043
-40.05628,-0.01157179,2.184478428850607
-40.06462,-0.01155473,2.1841423530286823
-40.07283,-0.01151222,2.183811652433831
-40.08122,-0.01151247,2.183473841365108
-40.08951,-0.01149895,2.1831401955274585
-40.09781,-0.01147048,2.182806285430551
-40.10613,-0.01144709,2.1824717094369364
-40.11449,-0.01145088,2.1821356646937304
-40.12297,-0.01147139,2.1817949394075264
-40.13132,-0.01148776,2.1814595782047537
-40.13966,-0.01148358,2.181124757907765
-40.14793,-0.01146371,2.1807928852122638
-40.1563,-0.01146569,2.180457138730411
-40.16467,-0.01147624,2.180121532182388
-40.17308,-0.01149643,2.179784462630199
-40.18143,-0.01151029,2.179449937446228
-40.18967,-0.01151618,2.179119955451239
-40.19803,-0.01152615,2.1787853061455995
-40.20627,-0.01153653,2.1784555966022214
-40.21469,-0.01157389,2.178118824240595
-40.22302,-0.01161769,2.177785790326037
-40.23134,-0.01164378,2.1774532938748745
-40.23969,-0.01166236,2.1771197367574153
-40.24805,-0.01167749,2.176785918820912
-40.25629,-0.01168147,2.176457028206027
-40.26459,-0.01168287,2.1761258788429236
-40.2729,-0.0116948,2.175794467247206
-40.28114,-0.01171072,2.1754659823431015
-40.2894,-0.0117179,2.1751368349987836
-40.29768,-0.01171643,2.1748070261116768
-40.30603,-0.01171164,2.1744745662125493
-40.31441,-0.01170326,2.174141050309306
-40.32277,-0.01170539,2.173808468515432
-40.33112,-0.01171308,2.173476422177217
-40.33945,-0.01170257,2.173145308128891
-40.34775,-0.01166049,2.172815522550824
-40.356,-0.01159328,2.172487858063237
-40.36429,-0.01154337,2.1721587398168034
-40.37271,-0.01151371,2.1718245988441205
-40.3811,-0.01149676,2.1714917869993635
-40.3895,-0.01147132,2.1711587169932782
-40.39777,-0.01144623,2.1708309369551833
-40.40622,-0.01143557,2.170496161234582
-40.41463,-0.01144219,2.170163109250289
-40.42313,-0.01145395,2.1698266339098433
-40.4315,-0.01145468,2.1694954429096125
-40.43984,-0.01146013,2.1691655753336314
-40.44815,-0.01146522,2.168837029629291
-40.45653,-0.01147057,2.1685058530724213
-40.4648,-0.01147782,2.168179158181926
-40.47307,-0.01149216,2.1678525968007865
-40.48145,-0.01151154,2.167521827898951
-40.48975,-0.01152121,2.1671943516569008
-40.49817,-0.01153059,2.1668622779745355
-40.50642,-0.01152363,2.16653704277001
-40.51476,-0.01152663,2.1662083941753574
-40.52307,-0.01153459,2.165881062318329
-40.53134,-0.01153306,2.165555439321769
-40.53963,-0.01152106,2.165229162180316
-40.54793,-0.01150638,2.1649026251155115
-40.55634,-0.01151186,2.164571896773723
-40.56464,-0.01151112,2.1642456287051974
-40.57304,-0.01149016,2.1639155656071125
-40.58138,-0.01147013,2.1635879952825654
-40.58968,-0.0114762,2.1632621296841954
-40.59796,-0.01148984,2.162937182065306
-40.60637,-0.01150337,2.1626072682685007
-40.61473,-0.01152864,2.162279451322217
-40.62302,-0.01153215,2.161954512490701
-40.63138,-0.01154283,2.1616269641838404
-40.63986,-0.01158324,2.1612948519015567
-40.64819,-0.01161333,2.160968749162017
-40.65636,-0.01159778,2.1606490399042118
-40.66466,-0.01156756,2.16032437502244
-40.67293,-0.01154581,2.1600010154173797
-40.68121,-0.01153138,2.1596773965179503
-40.68959,-0.01153349,2.159350003280937
-40.69794,-0.01152351,2.1590239161982154
-40.70627,-0.01150376,2.158698743461388
-40.71457,-0.01149325,2.1583748741543873
-40.72299,-0.01151054,2.158046457295989
-40.7314,-0.01150403,2.1577185660203186
-40.73973,-0.01146896,2.157393927254795
-40.74802,-0.0114556,2.1570709791543248
-40.75638,-0.01145001,2.1567454371560966
-40.76477,-0.01144636,2.156418861188227
-40.77313,-0.01144993,2.1560935866341384
-40.78142,-0.01144011,2.155771167360038
-40.78978,-0.01143754,2.155446158326914
-40.79831,-0.01145222,2.1551146775442414
-40.8067,-0.01147148,2.1547887724319783
-40.81502,-0.01149688,2.154465718747657
-40.82329,-0.01151058,2.1541447369871465
-40.83168,-0.01152396,2.1538192305582333
-40.83997,-0.01153348,2.153497735184428
-40.84824,-0.01153811,2.153177145453513
-40.85657,-0.01154443,2.1528543609999566
-40.86493,-0.01154274,2.152530546363349
-40.87329,-0.01155198,2.1522068641893033
-40.88158,-0.01153623,2.151886022996176
-40.88985,-0.01149839,2.1515660854710887
-40.89819,-0.01147672,2.151243570925755
-40.90649,-0.01145642,2.1509227337764742
-40.91484,-0.01143622,2.1506000952221735
-40.92311,-0.01141872,2.1502806775926855
-40.9315,-0.01141227,2.149956757020876
-40.93988,-0.01140669,2.149633355056243
-40.94823,-0.01138142,2.1493112425128023
-40.95665,-0.01135249,2.148986562621699
-40.96501,-0.01136515,2.1486643284110025
-40.97339,-0.01137798,2.1483414552713356
-40.98183,-0.011384,2.1480164038550744
-40.99005,-0.01137387,2.14769995401323
-40.99838,-0.01135498,2.1473793988933223
-41.00668,-0.01135312,2.1470601277645494
-41.01508,-0.01136741,2.146737141558666
-41.02368,-0.01141276,2.146406602235587
-41.03177,-0.01141783,2.1460957911394023
-41.04013,-0.01142223,2.1457747356063446
-41.04845,-0.01145692,2.1454553460605696
-41.05676,-0.01147844,2.1451364696093895
-41.06519,-0.01151077,2.14481312030944
-41.07344,-0.01154219,2.144496803773923
-41.08173,-0.01155533,2.1441790815527972
-41.09001,-0.01156737,2.143861870561725
-41.09836,-0.01159567,2.1435421072763
-41.10663,-0.01161081,2.1432255356374386
-41.11485,-0.01161538,2.142911004174891
-41.12312,-0.01164718,2.14259468639539
-41.13147,-0.01169556,2.1422754377609166
-41.13969,-0.01171959,2.14196128604761
-41.14812,-0.01174051,2.141639238925132
-41.1564,-0.01174224,2.141323050606953
-41.16472,-0.01171834,2.1410054629303925
-41.17302,-0.0116995,2.140688766575782
-41.18123,-0.01168377,2.1403756298682675
-41.18941,-0.01166885,2.1400637615348215
-41.19774,-0.01165219,2.139746301617516
-41.20609,-0.01163227,2.1394282083061023
-41.21454,-0.0115991,2.1391064367089867
-41.22301,-0.01159504,2.13878403590616
-41.23138,-0.01160851,2.138465571610749
-41.23966,-0.01157932,2.138150658856062
-41.24793,-0.01152762,2.1378362526313444
-41.25621,-0.0114908,2.1375215925069218
-41.26466,-0.01145593,2.137200602161753
-41.27319,-0.01145326,2.136876706162039
-41.28151,-0.01145325,2.136560913106134
-41.2898,-0.0114228,2.1362463853058142
-41.29817,-0.01140795,2.1359289503626915
-41.30652,-0.01139653,2.135612402109885
-41.31487,-0.01138141,2.1352959818099393
-41.3233,-0.01139946,2.1349766596569006
-41.3317,-0.01141715,2.1346586034448136
-41.33998,-0.01140087,2.1343452173900426
-41.34831,-0.01138244,2.1340300655576976
-41.35666,-0.01136615,2.1337142844707477
-41.36499,-0.01135191,2.133399386776112
-41.37338,-0.01131924,2.13308234908533
-41.38165,-0.01129013,2.132769971714516
-41.38985,-0.01126305,2.132460361658716
-41.39832,-0.01124404,2.13214068590223
-41.40671,-0.01123051,2.1318241584516135
-41.41504,-0.01122753,2.1315100214801195
-41.42339,-0.01122416,2.131195257075773
-41.43176,-0.01123297,2.130879866073756
-41.44022,-0.01125756,2.1305612132368026
-41.44864,-0.0112771,2.130244196190756
-41.45696,-0.01128709,2.129931070681497
-41.4653,-0.0112957,2.12961731857722
-41.47369,-0.01133313,2.1293018127878183
-41.482,-0.01136898,2.1289894412034136
-41.49033,-0.01139029,2.128676443402595
-41.49861,-0.01141933,2.1283654488668415
-41.50693,-0.01144702,2.1280530769199264
-41.5152,-0.01148302,2.1277427062858902
-41.52356,-0.01152505,2.127429083633484
-41.53189,-0.01154076,2.127116712001308
-41.5401,-0.01153918,2.1268089629057223
-41.54843,-0.01153227,2.126496839952797
-41.55669,-0.01153515,2.126187463438498
-41.56494,-0.011526,2.125878584210635
-41.5732,-0.01152357,2.125569453397862
-41.58141,-0.01150835,2.1252623155395645
-41.58981,-0.01149715,2.1249481952430176
-41.59819,-0.01151327,2.1246349492610133
-41.60652,-0.01151518,2.1243236973435895
-41.6149,-0.01151501,2.1240107028972797
-41.62322,-0.01151912,2.1237000741413086
-41.63155,-0.01151697,2.1233891964147382
-41.63985,-0.01150496,2.123079562006107
-41.64818,-0.01148834,2.12276893251998
-41.65649,-0.01146709,2.122459172628323
-41.6648,-0.01144873,2.122149536299226
-41.67319,-0.01144845,2.12183704439233
-41.6815,-0.0114531,2.121527656154409
-41.68979,-0.01144107,2.1212191354286025
-41.69815,-0.01144155,2.12090813381409
-41.70647,-0.0114343,2.1205987440318013
-41.71487,-0.01142675,2.1202865045486177
-41.72327,-0.01142667,2.1199743907896003
-41.7316,-0.01143054,2.1196650020607883
-41.73995,-0.01144056,2.119354994435786
-41.74825,-0.01143149,2.119046966040493
-41.75662,-0.01141796,2.118736463822982
-41.76495,-0.01142184,2.1184275690501244
-41.77327,-0.01142426,2.118119168070874
-41.78159,-0.01143742,2.1178108899158694
-41.78999,-0.01146995,2.1174997720746043
-41.79839,-0.01149046,2.1171887792807333
-41.80667,-0.01149351,2.11688235154821
-41.81494,-0.01150343,2.116576415032522
-41.82329,-0.01152994,2.116267641785235
-41.83171,-0.01156122,2.115956404842164
-41.83994,-0.01157756,2.1156523121209063
-41.84828,-0.01160069,2.115344276992985
-41.85648,-0.01161281,2.1150415323983287
-41.86473,-0.0116013,2.114737061483497
-41.87309,-0.01159575,2.1144286533427556
-41.88142,-0.01158558,2.1141214743912693
-41.88971,-0.0115676,2.113815891778673
-41.89793,-0.01154369,2.113513008876572
-41.90627,-0.01150957,2.113205825763066
-41.91458,-0.01147061,2.112899869210189
-41.92284,-0.01142299,2.1125958737528276
-41.9312,-0.01138889,2.112288319914527
-41.93964,-0.01137537,2.1119779473548177
-41.94806,-0.01137467,2.111668434726183
-41.95644,-0.01136418,2.1113605158111604
-41.9648,-0.01134337,2.1110534543236237
-41.97324,-0.01134873,2.1107435785276523
-41.98161,-0.01135777,2.110436395840941
-41.98999,-0.01136901,2.11012896883281
-41.99843,-0.01139637,2.109819464679989
-42.00678,-0.01143716,2.109513383315741
-42.01509,-0.01145911,2.1092088889967866
-42.02333,-0.01147578,2.1089070785204314
-42.03178,-0.01150608,2.1085976991695334
-42.04009,-0.01151823,2.1082935669262364
-42.04842,-0.01151783,2.1079888233612585
-42.05673,-0.01154092,2.107684931757652
-42.065,-0.01156293,2.1073826221324143
-42.07317,-0.01151961,2.1070840847029118
-42.08148,-0.01147843,2.1067805504939465
-42.08981,-0.01148309,2.1064764060469745
-42.09816,-0.01148032,2.106171652157719
-42.10657,-0.01148188,2.1058648305953205
-42.11495,-0.01148968,2.105559225405705
-42.12318,-0.01147249,2.105259208825165
-42.1315,-0.01146161,2.10495603052348
-42.14015,-0.01149839,2.1046409540545064
-42.14835,-0.01152548,2.104342388254819
-42.15663,-0.01150049,2.1040410274730212
-42.16505,-0.0114925,2.1037346925949336
-42.17334,-0.01150492,2.103433206855326
-42.18164,-0.01151851,2.1031314761588216
-42.18993,-0.01151306,2.1028302274974147
-42.1983,-0.01149866,2.102526191813414
-42.20656,-0.01147524,2.1022262700395387
-42.21489,-0.0114442,2.101923925420628
-42.2233,-0.01143293,2.101618798151731
-42.23169,-0.01142093,2.1013145176051444
-42.23987,-0.01139239,2.101017969515531
-42.24825,-0.01136528,2.1007142899410036
-42.25661,-0.01135422,2.10041145515459
-42.26498,-0.01137127,2.1001083781419037
-42.27333,-0.01137903,2.099806144914536
-42.28172,-0.01137339,2.0995025840954438
-42.29012,-0.01136117,2.099198782126889
-42.29848,-0.01133939,2.0988965466371368
-42.30676,-0.01133865,2.0985973210900575
-42.31514,-0.01135979,2.098294600939522
-42.32341,-0.0113547,2.097995971969177
-42.33167,-0.01135044,2.09769782056791
-42.34001,-0.01138416,2.097396899528366
-42.34842,-0.01141676,2.0970935727944515
-42.3569,-0.01144136,2.09678784330298
-42.3652,-0.01144373,2.0964887218755015
-42.37338,-0.01143126,2.09619403974854
-42.38171,-0.0114481,2.0958940708149814
-42.38998,-0.01145495,2.0955963791443164
-42.39821,-0.01142661,2.0953002426281677
-42.40649,-0.01142991,2.095002422978181
-42.41492,-0.01145557,2.0946993275007944
-42.42329,-0.01148985,2.0943985084608006
-42.43164,-0.01150989,2.09409852647694
-42.43988,-0.01149689,2.093802612071476
-42.44821,-0.01147032,2.0935035823654284
-42.45662,-0.01146993,2.093201799860658
-42.46491,-0.01145851,2.0929044403956114
-42.47319,-0.01142825,2.092607555495596
-42.48154,-0.01141421,2.092308277901413
-42.48981,-0.01138509,2.0920119835791215
-42.49822,-0.01136493,2.0917107916519795
-42.50655,-0.01135543,2.0914125822961402
-42.51503,-0.0113576,2.091109123056011
-42.52338,-0.01137197,2.0908104341658635
-42.53175,-0.01136709,2.0905111475544738
-42.5401,-0.01137547,2.0902126934351353
-42.54843,-0.01138134,2.0899150708968577
-42.55685,-0.01139844,2.0896143511561593
-42.5652,-0.01141771,2.089316248954545
-42.57355,-0.01142117,2.0890182636871955
-42.58188,-0.01141127,2.088721108603002
-42.5901,-0.01139289,2.0884279914815886
-42.59854,-0.01139217,2.0881271470806277
-42.60681,-0.01138806,2.0878324779536417
-42.6151,-0.01138049,2.0875372109885935
-42.62341,-0.01137309,2.0872413469499507
-42.63167,-0.01135422,2.0869473773839964
-42.64003,-0.01134315,2.0866499648335144
-42.64836,-0.01134432,2.0863537355246486
-42.65682,-0.01137596,2.086053001606777
-42.66515,-0.01140937,2.0857570054248025
-42.67351,-0.01143908,2.085460059413908
-42.68185,-0.01145913,2.0851639397073933
-42.69019,-0.01145397,2.084867935701387
-42.69852,-0.01145093,2.084572402041101
-42.70683,-0.01146222,2.0842776928186897
-42.71516,-0.01148145,2.0839823893905582
-42.72336,-0.01146889,2.0836918070114336
-42.73166,-0.01144886,2.0833977945158226
-42.73988,-0.01141186,2.0831067284231963
-42.74823,-0.01139306,2.0828111737023964
-42.75667,-0.01139614,2.08251255067338
-42.76509,-0.01138372,2.082214752734064
-42.77335,-0.0113582,2.081922727586219
-42.78163,-0.01132686,2.0816301085302267
-42.78999,-0.01131038,2.08133477712895
-42.79834,-0.01130217,2.081039914164895
-42.80679,-0.01130055,2.0807416370159966
-42.81506,-0.01131041,2.0804498277008134
-42.8235,-0.01133853,2.0801521360935
-42.83196,-0.01136832,2.079853856792918
-42.84027,-0.01139814,2.0795609808248177
-42.84865,-0.01145138,2.079265752830019
-42.85693,-0.01151351,2.0789741612383343
-42.86527,-0.01157671,2.0786805705411395
-42.87354,-0.01162297,2.0783895568222266
-42.88174,-0.01164504,2.078101117165488
-42.89009,-0.01168211,2.077807514509762
-42.89839,-0.01170474,2.0775157832263633
-42.90656,-0.01168824,2.0772287314573807
-42.9148,-0.0116707,2.076939330953424
-42.923,-0.01164973,2.0766514456119096
-42.93126,-0.01162108,2.076361564976197
-42.93967,-0.01160873,2.0760665347451437
-42.94791,-0.01159338,2.0757775803292873
-42.95633,-0.01157651,2.0754824283173168
-42.96469,-0.01156732,2.0751894939774966
-42.97295,-0.01156089,2.0749001755755656
-42.98135,-0.01155653,2.0746060675153295
-42.98975,-0.01157134,2.0743120743898253
-42.99809,-0.01156976,2.0740202948549578
-43.00642,-0.0115812,2.073728978138613
-43.01483,-0.01158986,2.0734349781226613
-43.02316,-0.01159184,2.0731438880826047
-43.03143,-0.01159149,2.0728550062129005
-43.0398,-0.0116074,2.0725627442506704
-43.04807,-0.01162716,2.0722740856907174
-43.05647,-0.01164514,2.071981003087341
-43.06477,-0.01165421,2.0716915218634626
-43.07309,-0.01165644,2.0714014550616175
-43.08148,-0.0116575,2.0711090612485923
-43.08978,-0.01164903,2.070819915998643
-43.09815,-0.01166045,2.0705284449564543
-43.10643,-0.01166726,2.0702402193825837
-43.11467,-0.01165558,2.0699534961070096
-43.12296,-0.01163581,2.069665143580125
-43.13123,-0.01160305,2.069377597161036
-43.13959,-0.01158746,2.0690870335114453
-43.14797,-0.01158472,2.0687958877323775
-43.15631,-0.01157499,2.0685062439304938
-43.16477,-0.0115764,2.068212546945113
-43.17305,-0.01157103,2.067925210287436
-43.18138,-0.01155711,2.0676362496983653
-43.18976,-0.01155283,2.0673456671210952
-43.19801,-0.01154121,2.067059702518704
-43.20653,-0.01154685,2.0667644937003735
-43.21487,-0.01155317,2.0664756344286124
-43.22315,-0.01154486,2.066188963553096
-43.23148,-0.01155231,2.0659006723804043
-43.23987,-0.01155487,2.0656104169600877
-43.24814,-0.01153735,2.065324423200628
-43.25649,-0.01152539,2.0650357738226104
-43.2648,-0.01149248,2.0647486178140197
-43.27313,-0.01144968,2.0644608813829737
-43.28148,-0.01143018,2.0641725652634797
-43.28987,-0.01141414,2.063882980013569
-43.29816,-0.01140107,2.0635969565450356
-43.30644,-0.0113877,2.0633113874056606
-43.31494,-0.01138955,2.063018344247966
-43.32323,-0.01136552,2.062732651743649
-43.33168,-0.01135064,2.062441557770204
-43.34018,-0.01137236,2.062148855865389
-43.34848,-0.01139095,2.0618631518336974
-43.35686,-0.0114066,2.0615748050020226
-43.36513,-0.01142424,2.061290352409874
-43.3734,-0.01143389,2.061006008290796
-43.3817,-0.01145093,2.060720741695231
-43.39018,-0.01151013,2.0604294013069318
-43.3985,-0.01157381,2.060143668559973
-43.40682,-0.01160171,2.059858045348634
-43.4151,-0.01162846,2.059573904010356
-43.42336,-0.01162052,2.0592905569721
-43.4316,-0.01159541,2.0590080033892373
-43.43988,-0.01158526,2.0587241861625767
-43.44812,-0.0115689,2.0584418474263098
-43.45633,-0.01154006,2.058160643109991
-43.46469,-0.01151857,2.057874410239668
-43.47296,-0.01149479,2.0575913671394814
-43.48134,-0.01148797,2.057304669083335
-43.48976,-0.01150809,2.057016713819529
-43.49814,-0.01153231,2.056730237200947
-43.50646,-0.0115503,2.0564459209046198
-43.51482,-0.01154408,2.0561603472104446
-43.52315,-0.01155005,2.055875907419385
-43.53151,-0.01154924,2.055590552682413
-43.53983,-0.01154184,2.0553066720747415
-43.54816,-0.01152215,2.0550225589324556
-43.55641,-0.01148949,2.054741281478432
-43.56473,-0.01146775,2.05445772532046
-43.57307,-0.01146255,2.054173596214359
-43.58142,-0.01147362,2.0538892353668143
-43.58975,-0.0114708,2.0536056641756377
-43.59815,-0.01148013,2.0533198197629945
-43.60654,-0.01150603,2.053034425570109
-43.61495,-0.01155761,2.052748461250099
-43.62335,-0.0116132,2.052462947022638
-43.63164,-0.01162843,2.0521812794568346
-43.63994,-0.01162159,2.0518993793300355
-43.64821,-0.0116261,2.051618604749198
-43.65657,-0.01163747,2.0513348826992135
-43.66483,-0.01163068,2.051054661154068
-43.67305,-0.01160872,2.0507759018433562
-43.68126,-0.01158932,2.0504975863791475
-43.68961,-0.01157793,2.0502146322661154
-43.69804,-0.01158063,2.0499290769105434
-43.70639,-0.01156879,2.0496463400431835
-43.71471,-0.01154649,2.0493647264273287
-43.72308,-0.01154755,2.049081528565691
-43.73149,-0.01154405,2.048797086493051
-43.73979,-0.01153906,2.0485164720726825
-43.74803,-0.01154074,2.048237991516418
-43.75641,-0.01154667,2.047954887066832
-43.76474,-0.01156616,2.047673579232962
-43.77324,-0.01159811,2.047386640787842
-43.78142,-0.01161534,2.047110609934534
-43.78981,-0.01161962,2.0468275998457175
-43.79816,-0.01163511,2.0465460466832397
-43.80644,-0.01161089,2.0462669598351293
-43.81471,-0.0115549,2.045988315339757
-43.82307,-0.01152572,2.045706745328431
-43.83133,-0.01150659,2.0454286488682865
-43.83965,-0.01149075,2.045148638276081
-43.84801,-0.01148142,2.044867388508623
-43.85635,-0.01145134,2.044586918428004
-43.86475,-0.01142498,2.0443045383821863
-43.87331,-0.01144374,2.044016890907023
-43.88174,-0.01144497,2.0437337215889797
-43.89006,-0.01141767,2.043454353901544
-43.89836,-0.01138136,2.0431757632859178
-43.90659,-0.01135058,2.0428996262292287
-43.91499,-0.01134576,2.042617891977204
-43.92342,-0.01136995,2.042335259868198
-43.93173,-0.01139474,2.0420567571547945
-43.94016,-0.01142163,2.041774340375638
-43.94858,-0.01144758,2.041492366761338
-43.95696,-0.01146224,2.0412118399452552
-43.96529,-0.01148173,2.040933092901241
-43.97356,-0.01149203,2.0406564581080087
-43.98187,-0.01151045,2.0403785900872338
-43.99007,-0.01153402,2.040104503129911
-43.99835,-0.01154877,2.039827845816945
-44.00661,-0.01153534,2.0395519604895718
-44.01498,-0.01153283,2.039272506769286
-44.02335,-0.01155433,2.0389931593120467
-44.03168,-0.01155028,2.0387152522910776
-44.03998,-0.01155861,2.038438450698661
-44.04825,-0.01156855,2.038162753344344
-44.05643,-0.01155178,2.0378901581449065
-44.06477,-0.01154415,2.0376123352056528
-44.07323,-0.01156599,2.0373306222393954
-44.08156,-0.01158354,2.0370533438471776
-44.08984,-0.01159544,2.036777833623347
-44.09833,-0.01160723,2.036495443251479
-44.10652,-0.01156821,2.03622313435746
-44.11482,-0.01154909,2.035947271234474
-44.12309,-0.01156222,2.0356725084303933
-44.13144,-0.01156952,2.03539519218045
-44.13977,-0.01156226,2.035118644705217
-44.14809,-0.01156062,2.0348425333915916
-44.1564,-0.01156756,2.0345668578054372
-44.16483,-0.01157093,2.034287307343875
-44.17331,-0.01158351,2.034006206462681
-44.18149,-0.01158801,2.0337351524360088
-44.1898,-0.01159039,2.0334598934595767
-44.19809,-0.01158548,2.033185400093081
-44.20651,-0.0115866,2.0329067076319753
-44.21483,-0.011582,2.032631429319077
-44.22304,-0.01156237,2.0323598920381776
-44.23143,-0.01156064,2.0320825055848295
-44.23979,-0.01157713,2.0318062156262497
-44.24814,-0.01158299,2.03153036037221
-44.25633,-0.01155202,2.0312598920877534
-44.26473,-0.01153978,2.0309825926872254
-44.2731,-0.01153846,2.030706388303507
-44.28142,-0.01153442,2.030431937367862
-44.28983,-0.01153517,2.0301546224042855
-44.29813,-0.01153816,2.0298810378677383
-44.30647,-0.0115453,2.0296062380957003
-44.31471,-0.01153181,2.029334834866346
-44.32314,-0.0115151,2.0290572779816594
-44.3315,-0.01151435,2.0287821300880866
-44.33989,-0.0115133,2.028506099135564
-44.34822,-0.01151048,2.028232145506629
-44.35657,-0.01150101,2.02795763739171
-44.36495,-0.01149331,2.0276822469088773
-44.37322,-0.01148797,2.0274105733142647
-44.38153,-0.01147836,2.0271376876822407
-44.38992,-0.01147485,2.02686227864344
-44.39832,-0.0114758,2.0265866456208252
-44.40671,-0.01148378,2.0263114448244424
-44.41505,-0.01148583,2.026037987123734
-44.42337,-0.01148713,2.025765287505203
-44.43172,-0.01149816,2.025491707275793
-44.44016,-0.01151122,2.0252152827532575
-44.4484,-0.01150473,2.024945509849623
-44.45671,-0.01149071,2.0246735464680135
-44.46506,-0.0114965,2.0244003763854135
-44.4734,-0.01150673,2.0241276358452467
-44.48172,-0.01149463,2.0238556512652837
-44.49002,-0.01148475,2.023584421854609
-44.49838,-0.01149483,2.0233113340305873
-44.50665,-0.01149841,2.023041287088559
-44.51497,-0.0114998,2.022769708706981
-44.52332,-0.01151942,2.0224972531248793
-44.53168,-0.01153549,2.022224573606924
-44.54002,-0.01151947,2.02195264842719
-44.54831,-0.01150992,2.0216824543961374
-44.55679,-0.01152207,2.021406171764169
-44.56502,-0.01151091,2.021138134797202
-44.57335,-0.01149044,2.0208669417936953
-44.58159,-0.01147089,2.020598778554107
-44.58991,-0.01145023,2.0203281123464927
-44.59816,-0.0114276,2.0200598230958406
-44.60655,-0.0114269,2.019787082838731
-44.61498,-0.01142596,2.019513145584734
-44.62329,-0.01142575,2.0192432090955195
-44.63174,-0.01144559,2.0189688280134273
-44.64009,-0.0114655,2.0186977960841923
-44.64848,-0.01146802,2.0184255679028715
-44.65678,-0.01146876,2.018156360579513
-44.66516,-0.01147859,2.0178846599900235
-44.6734,-0.01148225,2.0176175979441906
-44.68178,-0.01148062,2.01734609946157
-44.69011,-0.01146738,2.017076321808114
-44.69836,-0.01145062,2.016809234164296
-44.70664,-0.01144176,2.0165412744057707
-44.715,-0.0114339,2.016270826344627
-44.72337,-0.01143178,2.0160001560705285
-44.73166,-0.01143925,2.0157321726937925
-44.74004,-0.01144878,2.0154613809017605
-44.74832,-0.01146012,2.015193920129292
-44.75678,-0.01148999,2.0149207472029937
-44.76517,-0.01151689,2.01464993654665
-44.77347,-0.01151802,2.0143821307573435
-44.78172,-0.01152992,2.014116036632805
-44.79016,-0.01156365,2.013843915717202
-44.79846,-0.01156862,2.0135764086533334
-44.80663,-0.01155162,2.0133131882491497
-44.815,-0.01156227,2.0130436237866784
-44.82323,-0.01158536,2.0127786663299365
-44.83154,-0.01159766,2.012511232047795
-44.83995,-0.01160445,2.0122406804646302
-44.84821,-0.01159384,2.0119750531849543
-44.85646,-0.01157395,2.011709845137133
-44.86493,-0.01157852,2.0114376663465205
-44.87328,-0.01159028,2.0111694442661645
-44.88149,-0.01157215,2.010905816629528
-44.88973,-0.01154122,2.010641322636603
-44.89803,-0.01152676,2.0103750008630668
-44.90643,-0.01152313,2.010105570627636
-44.91478,-0.01148973,2.0098378440237266
-44.92322,-0.01146746,2.009567332884864
-44.93152,-0.0114605,2.009301408009344
-44.93991,-0.01143449,2.0090326994424332
-44.94824,-0.01141957,2.0087660117504047
-44.95659,-0.01141019,2.008498782937051
-44.96489,-0.0114099,2.008233252655572
-44.97327,-0.01141856,2.0079652624770223
-44.98184,-0.01145899,2.007691299422167
-44.99014,-0.01149629,2.007426067133821
-44.99846,-0.01152269,2.007160293930059
-45.00685,-0.01155368,2.0068923841593
-45.01515,-0.01157533,2.0066274465374434
-45.02347,-0.0115913,2.006361968546627
-45.03172,-0.01157705,2.0060988210088357
-45.03999,-0.01156826,2.005835132290216
-45.04826,-0.01159641,2.0055715403880194
-45.05653,-0.01161288,2.005308045248935
-45.06474,-0.01160161,2.005046557463773
-45.07312,-0.01161227,2.004779753431757
-45.08139,-0.0116251,2.0045165488464307
-45.08972,-0.01163317,2.0042515322783108
-45.09816,-0.01166954,2.003983115940872
-45.10651,-0.01169173,2.0037176607101723
-45.11464,-0.01166925,2.003459293923214
-45.12296,-0.01164566,2.0031949854353526
-45.13132,-0.01162381,2.0029295043885265
-45.13959,-0.01160178,2.0026669781449056
-45.1479,-0.01158098,2.002403279000795
-45.15624,-0.0115549,2.002138725456327
-45.16452,-0.01152421,2.001876171826912
-45.17287,-0.01149772,2.0016114960151965
-45.18124,-0.01146384,2.001346284431326
-45.18964,-0.01147109,2.001080221041814
-45.19812,-0.01148559,2.0008117240274594
-45.20645,-0.01148219,2.000548074445129
-45.21486,-0.01148259,2.0002819913630163
-45.22321,-0.01150789,2.0000179045229207
-45.23155,-0.01152853,1.9997542312832524
-45.23996,-0.0115301,1.999488443402691
-45.2484,-0.01155932,1.9992218067379177
-45.25664,-0.01158311,1.9989615844216453
-45.26491,-0.01158775,1.9987005099535158
-45.27324,-0.01159149,1.9984376377745439
-45.28159,-0.01161261,1.9981742315143967
-45.28986,-0.01164098,1.9979134446430171
-45.29805,-0.01163984,1.997655274344039
-45.30646,-0.01164116,1.997390266200449
-45.31484,-0.01165011,1.9971263012293545
-45.32309,-0.01163368,1.9968665265320613
-45.33138,-0.01161862,1.9966055875642876
-45.33971,-0.0116096,1.9963434856552897
-45.3481,-0.01160393,1.9960795931913355
-45.35628,-0.01158505,1.9958223998969933
-45.36459,-0.01158156,1.9955612141540353
-45.37297,-0.01159291,1.9952979251743934
-45.38138,-0.01158653,1.9950337913919762
-45.38971,-0.01157846,1.9947722666657266
-45.39818,-0.01158268,1.9945064449720231
-45.40646,-0.01157795,1.9942466820800386
-45.41489,-0.01156453,1.9939823106474552
-45.42328,-0.01155947,1.9937192910771744
-45.43147,-0.01154276,1.993462635041305
-45.4397,-0.01150876,1.9932048186937852
-45.44815,-0.01148964,1.9929402076872216
-45.45651,-0.01148402,1.9926785118347183
-45.46489,-0.01147473,1.992416286501518
-45.47324,-0.011454,1.992155096052096
-45.48169,-0.01145431,1.9918908752071438
-45.49005,-0.01146081,1.9916295651466642
-45.49838,-0.01146327,1.9913692883131224
-45.50668,-0.01146437,1.9911100436243645
-45.51511,-0.01146845,1.990846835259763
-45.52345,-0.01148471,1.9905865328748154
-45.53177,-0.01149849,1.9903269497320224
-45.54021,-0.01152099,1.9900637195129316
-45.54852,-0.01155113,1.9898046390969455
-45.55685,-0.01156307,1.989545030000977
-45.56514,-0.01157107,1.9892867617656833
-45.57335,-0.01157314,1.9890310784702026
-45.58174,-0.01158817,1.9887698846073008
-45.59006,-0.01160273,1.9885109648901538
-45.59833,-0.0116081,1.9882536948173324
-45.60667,-0.01161014,1.9879943416171364
-45.61498,-0.01160483,1.987736015668537
-45.6232,-0.01159396,1.9874805800557613
-45.63155,-0.01158995,1.9872211989292499
-45.63983,-0.01158664,1.986964085974904
-45.64818,-0.01157505,1.9867048938205203
-45.65645,-0.01155687,1.9864482783922095
-45.66477,-0.01154703,1.9861902052720293
-45.67305,-0.01153335,1.985933466234464
-45.68141,-0.01151857,1.985674341050331
-45.68977,-0.01151672,1.9854153106920869
-45.69815,-0.01151935,1.9851557557581652
-45.70651,-0.01151038,1.9848969151221567
-45.7148,-0.01148684,1.9846403352962279
-45.72321,-0.01148424,1.984380136477732
-45.7316,-0.01150763,1.9841206518031296
-45.73993,-0.01153703,1.9838631169745997
-45.74826,-0.01155773,1.9836056759317184
-45.75664,-0.01156802,1.9833467842044348
-45.76491,-0.01155254,1.9830913837697923
-45.7733,-0.01155694,1.9828323717101455
-45.78171,-0.01157159,1.9825728374934006
-45.79007,-0.01155796,1.9823149407720932
-45.79828,-0.01151312,1.9820617630181747
-45.80655,-0.01146267,1.9818068267529423
-45.81482,-0.01144522,1.981551982524432
-45.82327,-0.01145596,1.9812916865164794
-45.83159,-0.01146229,1.9810354888407757
-45.83992,-0.01146507,1.9807790764032749
-45.84834,-0.0114819,1.9805199882918334
-45.85675,-0.01150451,1.9802613028616287
-45.86517,-0.0115361,1.9800024048749845
-45.87351,-0.01155609,1.979746060417003
-45.8817,-0.01155443,1.9794944171641418
-45.89002,-0.01156255,1.9792388715454905
-45.89827,-0.01155702,1.9789855674298837
-45.90659,-0.01154309,1.9787302062732168
-45.9149,-0.01153427,1.9784752444195672
-45.92326,-0.0115162,1.978218841606628
-45.9315,-0.0114848,1.9779662105526707
-45.9399,-0.01145215,1.9777087673242648
-45.94818,-0.01142217,1.977455093977607
-45.95654,-0.01141256,1.9771990624185372
-45.96489,-0.01140317,1.9769434300832658
-45.97328,-0.01139228,1.9766866666898686
-45.98164,-0.01140323,1.9764309145998271
-45.9901,-0.0114107,1.9761721979295546
-45.99844,-0.01142276,1.9759172441500188
-46.00688,-0.01143878,1.9756593274744993
-46.01523,-0.01145631,1.9754042542001855
-46.02359,-0.01146322,1.9751489681704535
-46.03186,-0.01144653,1.974896521669991
-46.04027,-0.01144725,1.9746398945966215
-46.04855,-0.01147991,1.9743873259852918
-46.05685,-0.01149365,1.9741342384466156
-46.06516,-0.01150196,1.9738809373504838
-46.07346,-0.01152645,1.9736280322771504
-46.08177,-0.01155766,1.9733749137674184
-46.09021,-0.01163071,1.9731179289484686
-46.0986,-0.01169113,1.9728625598174347
-46.10677,-0.01170594,1.9726139762121702
-46.11504,-0.01170683,1.9723624396726098
-46.12337,-0.01172484,1.972109169386365
-46.13161,-0.01173164,1.9718587255029685
-46.13986,-0.01172364,1.9716080672979936
-46.14801,-0.01168121,1.9713605353730315
-46.15636,-0.01165092,1.9711070197043266
-46.16464,-0.01162321,1.9708557198756451
-46.17302,-0.01158457,1.9706014767931577
-46.18134,-0.01155474,1.9703491453474498
-46.18968,-0.01152656,1.9700962985671255
-46.19797,-0.01148773,1.9698450581270128
-46.20645,-0.0114801,1.9695881527362524
-46.21475,-0.01147095,1.9693367918251208
-46.22315,-0.01146364,1.9690824943778171
-46.2316,-0.0114716,1.968826776490539
-46.23995,-0.01149391,1.9685741766589282
-46.24829,-0.01150762,1.9683219703906891
-46.2567,-0.011514,1.9680677393761337
-46.26506,-0.01151509,1.9678151114469538
-46.27333,-0.0114957,1.967565293010034
-46.28177,-0.01149306,1.967310431299408
-46.29007,-0.01150535,1.9670598877901893
-46.29839,-0.01151786,1.9668088307174396
-46.30667,-0.01153192,1.9665590702160185
-46.31485,-0.01152754,1.9663124138370307
-46.32327,-0.01153559,1.9660586115790184
-46.33162,-0.01155257,1.9658070104175076
-46.34001,-0.01156056,1.9655542953055036
-46.34842,-0.01158621,1.9653010695941737
-46.35674,-0.01159935,1.965050644199743
-46.36498,-0.01160336,1.9648027153252303
-46.37326,-0.01160484,1.964553671663368
-46.38147,-0.01158718,1.9643068212370154
-46.38983,-0.01157053,1.9640555505376933
-46.39801,-0.01155797,1.9638097776176178
-46.40651,-0.01154914,1.963554481903509
-46.41478,-0.01152857,1.9633061839353756
-46.42314,-0.01150098,1.9630552737277145
-46.43143,-0.01147741,1.9628065536641883
-46.43973,-0.01144419,1.9625576225357038
-46.44807,-0.01141553,1.9623075813483748
-46.45648,-0.01140018,1.9620555324036606
-46.46481,-0.01139252,1.9618059710133324
-46.47318,-0.01139244,1.961555301358762
-46.48166,-0.01140027,1.961301429423992
-46.49001,-0.01140342,1.9610515398899677
-46.49843,-0.01140449,1.9607996463536512
-46.50679,-0.01141312,1.9605496380205985
-46.51512,-0.01141504,1.9603006162297332
-46.52353,-0.01141794,1.9600492933360818
-46.53189,-0.01141638,1.959799554671001
-46.54015,-0.01139255,1.959552891428154
-46.54845,-0.01136563,1.9593051218676454
-46.55681,-0.01135388,1.9590556505052645
-46.56517,-0.01133334,1.9588062687197318
-46.57347,-0.01129069,1.9585587653228331
-46.5818,-0.01126412,1.9583104560150102
-46.59015,-0.01125767,1.9580616396384212
-46.5985,-0.0112622,1.9578129124328036
-46.60693,-0.01126328,1.9575618926198315
-46.61533,-0.01127645,1.957311856421482
-46.62366,-0.01128839,1.9570639928311078
-46.63205,-0.01132017,1.9568144334207909
-46.6405,-0.01137498,1.9565631800688243
-46.64885,-0.01141595,1.9563149895442224
-46.65715,-0.01145681,1.9560683732289692
-46.66533,-0.01148062,1.955825408284909
-46.67374,-0.01150284,1.9555757005973806
-46.68202,-0.01153303,1.9553299407352123
-46.69029,-0.0115578,1.9550845646921449
-46.69856,-0.0115913,1.9548392755579616
-46.70685,-0.01161136,1.9545934803995557
-46.7151,-0.01161856,1.954348957831622
-46.72337,-0.01162573,1.9541039291472337
-46.73166,-0.01163421,1.9538583949296902
-46.74002,-0.01161612,1.9536108756478923
-46.74826,-0.011598,1.9533669959053022
-46.75658,-0.01158953,1.9531208356128698
-46.76479,-0.01155592,1.952878015703695
-46.77318,-0.01154003,1.9526299601609298
-46.78151,-0.01149694,1.952383766577864
-46.78977,-0.01145839,1.9521397284064443
-46.79813,-0.01143878,1.9518928234952977
-46.80669,-0.01144627,1.951640103156194
-46.81493,-0.01144737,1.9513969176072679
-46.8233,-0.01143728,1.9511499830212733
-46.83165,-0.01142504,1.9509037264328715
-46.83995,-0.0114188,1.9506590314464467
-46.8484,-0.01141942,1.9504100033298895
-46.85683,-0.01142637,1.9501616541281175
-46.86517,-0.01142837,1.9499160442605885
-46.87346,-0.01143616,1.9496719934905595
-46.88184,-0.01144958,1.9494253809150837
-46.89006,-0.01143715,1.9491835625716836
-46.89845,-0.01144938,1.9489368305349113
-46.90675,-0.01147771,1.9486928320550878
-46.91509,-0.01149123,1.9484477446382389
-46.92351,-0.01151261,1.9482003946422592
-46.93181,-0.01152324,1.9479566566897804
-46.94014,-0.01152763,1.9477121244205917
-46.94833,-0.01151534,1.94747178653639
-46.95674,-0.01151935,1.9472250799352766
-46.96509,-0.01154508,1.9469802208406288
-46.97327,-0.01152109,1.946740431313383
-46.9816,-0.01148814,1.9464963304783147
-46.98995,-0.01148699,1.9462517304232074
-46.99828,-0.01149713,1.946007802838742
-47.00665,-0.01150196,1.9457627910093573
-47.015,-0.01150349,1.9455184515580135
-47.02341,-0.01150247,1.9452724440868923
-47.03165,-0.01148517,1.9450314947487488
-47.03999,-0.01148051,1.9447877072252777
-47.04846,-0.0115123,1.9445402081173326
-47.05681,-0.01152367,1.944296302703052
-47.06511,-0.0115064,1.9440539435688136
-47.07338,-0.01149317,1.9438125454343833
-47.08177,-0.01150494,1.9435677312046682
-47.09007,-0.0115213,1.9433256289489482
-47.0985,-0.01154667,1.943079822075013
-47.10687,-0.01156644,1.9428358517558055
-47.11513,-0.0115611,1.9425951727184025
-47.12341,-0.01154009,1.942353995604308
-47.13185,-0.0115307,1.9421082452736314
-47.14021,-0.01152186,1.9418649110812192
-47.14848,-0.01148824,1.9416242814190405
-47.15675,-0.01144495,1.9413837361565416
-47.16499,-0.01139739,1.9411441473855926
-47.17334,-0.01135742,1.940901445604657
-47.1817,-0.01133384,1.9406585392217743
-47.19014,-0.01133264,1.9404133956796907
-47.19856,-0.01136435,1.940168920407741
-47.20694,-0.01139653,1.9399256931290187
-47.2153,-0.01141249,1.9396831323744634
-47.22368,-0.01142232,1.9394400775204303
-47.23212,-0.01143339,1.93919536959171
-47.24036,-0.0114564,1.9389565447850101
-47.24872,-0.0114758,1.9387143270759504
-47.257,-0.01149421,1.9384745117125504
-47.26514,-0.01149567,1.9382388331019436
-47.27348,-0.01149867,1.937997448040635
-47.28182,-0.01152055,1.9377561481347376
-47.29021,-0.01153683,1.937513487463896
-47.29852,-0.01153104,1.9372732254624458
-47.30682,-0.01150797,1.9370333368423411
-47.31514,-0.01149636,1.9367929546441158
-47.32336,-0.01147012,1.9365555446612412
-47.3317,-0.01143771,1.9363147531147202
-47.34,-0.01141276,1.936075200675961
-47.34825,-0.01138388,1.9358371745523857
-47.35663,-0.01137352,1.9355954826177455
-47.36505,-0.01138799,1.935352723157687
-47.37349,-0.01141111,1.9351094736739896
-47.38185,-0.01141263,1.9348686153031172
-47.39014,-0.01140584,1.9346298576032903
-47.39862,-0.01143357,1.93438571418324
-47.40691,-0.01146532,1.9341471253874172
-47.41525,-0.01148341,1.9339071817611422
-47.42358,-0.01149284,1.9336676100792052
-47.43184,-0.01149488,1.9334301346943317
-47.44011,-0.01149807,1.9331924546549324
-47.44849,-0.01152159,1.9329516977252594
-47.45685,-0.01153857,1.9327116001167375
-47.4651,-0.01154109,1.9324747446018233
-47.47336,-0.01152801,1.9322376844613482
-47.48164,-0.01151105,1.9320001331040797
-47.49002,-0.0114984,1.9317597971110563
-47.49835,-0.01149479,1.931520979149802
-47.50665,-0.01150063,1.9312831045758858
-47.51495,-0.01149616,1.9310453131067171
-47.52322,-0.01148112,1.9308084637362537
-47.53162,-0.01146961,1.9305679755918272
-47.53992,-0.01146419,1.930330433875362
-47.54834,-0.01146983,1.930089542558163
-47.55672,-0.01148407,1.929849880311342
-47.56513,-0.01149246,1.9296094449862746
-47.57347,-0.01149048,1.9293710948560197
-47.58174,-0.01148311,1.9291348277721663
-47.59007,-0.01147906,1.928896929548538
-47.59842,-0.01148637,1.9286585437079635
-47.6068,-0.01149904,1.9284193854659417
-47.61514,-0.01149353,1.9281814523699814
-47.62338,-0.01148284,1.9279464540316122
-47.63174,-0.01148116,1.9277081164786338
-47.64012,-0.01149006,1.9274692926885995
-47.64848,-0.01150147,1.927231122587751
-47.65682,-0.01149316,1.9269936055322194
-47.66516,-0.01147982,1.9267561715936754
-47.67343,-0.01146735,1.926520812536459
-47.68181,-0.01144767,1.9262824062257704
-47.69025,-0.01142657,1.9260423776348414
-47.69855,-0.01141357,1.925806413402504
-47.70686,-0.01140813,1.9255702471300773
-47.71521,-0.01140078,1.925333026932083
-47.7235,-0.01139102,1.9250975934288137
-47.73192,-0.01139128,1.924858551677787
-47.74025,-0.0113902,1.9246221479778591
-47.74863,-0.01139296,1.9243844085160138
-47.75702,-0.01140332,1.9241464689379697
-47.76547,-0.01141614,1.9239069122527215
-47.77376,-0.01142622,1.9236719739036658
-47.78207,-0.01143769,1.9234365505722124
-47.79036,-0.01144199,1.923201775420817
-47.79863,-0.0114487,1.9229676478175208
-47.80695,-0.01146653,1.9227321864289606
-47.81526,-0.01147993,1.922497089841193
-47.82358,-0.01148825,1.922261792195398
-47.83189,-0.01150421,1.922026859068291
-47.8403,-0.01153431,1.9217891819240265
-47.84853,-0.01156869,1.9215566726919304
-47.85681,-0.01158879,1.9213228315886495
-47.86516,-0.01160788,1.921087095499106
-47.87347,-0.0116368,1.920852570327574
-47.88174,-0.01166168,1.9206192548558176
-47.89009,-0.01168363,1.9203837641566346
-47.89838,-0.01169459,1.9201500468283061
-47.90671,-0.01171124,1.9199152832661648
-47.91489,-0.01170867,1.919684826574787
-47.92314,-0.01169467,1.9194524774461774
-47.93146,-0.01170814,1.9192182378754996
-47.93979,-0.01170887,1.918983798218557
-47.94798,-0.01168095,1.918753378140226
-47.95633,-0.01166658,1.9185185375945157
-47.96472,-0.01167906,1.9182826544176637
-47.97305,-0.0116765,1.9180485397530487
-47.98134,-0.01167669,1.9178156299928264
-47.98973,-0.01166509,1.9175799926359245
-47.99799,-0.01163996,1.9173480868678041
-48.00632,-0.01163343,1.917114296617612
-48.01473,-0.01164653,1.9168783433750436
-48.02315,-0.01165368,1.9166421923593102
-48.03136,-0.01163726,1.9164120108195979
-48.03978,-0.01162464,1.9161760232873672
-48.04802,-0.01159516,1.9159451606954874
-48.05643,-0.01156574,1.9157096167984182
-48.06488,-0.01156696,1.915473035613529
-48.07315,-0.0115558,1.9152415745587712
-48.08141,-0.01154747,1.9150104728625887
-48.0898,-0.01154131,1.9147758152456449
-48.09811,-0.01152572,1.914543475824726
-48.10652,-0.01150551,1.9143084222263425
-48.1149,-0.01149912,1.914074288837761
-48.12335,-0.01151533,1.9138382822475992
-48.1317,-0.01150814,1.9136051500362545
-48.14003,-0.01148227,1.9133726568097278
-48.14832,-0.01147993,1.9131413598646847
-48.15653,-0.01148365,1.9129123734621247
-48.16498,-0.01148779,1.9126767747022835
-48.17336,-0.01150705,1.912443209275832
-48.18169,-0.01152446,1.9122111179578796
-48.19002,-0.01152624,1.911979106877316
-48.19846,-0.0115526,1.9117441138160847
-48.20683,-0.01158607,1.9115111510132485
-48.21506,-0.01159186,1.911282163705697
-48.2233,-0.0115927,1.9110529764657334
-48.23163,-0.01159115,1.9108213655644644
-48.23996,-0.01159681,1.9105898346516041
-48.24829,-0.0116149,1.9103583836857223
-48.25661,-0.01163063,1.9101272903339046
-48.26491,-0.01164126,1.9098968318805527
-48.27324,-0.01165625,1.9096656201241102
-48.28154,-0.01165389,1.909435320414386
-48.2898,-0.01163692,1.90920620917875
-48.29823,-0.01163371,1.908972463380128
-48.30652,-0.01161946,1.9087426790420836
-48.31482,-0.01160601,1.9085126965183767
-48.32315,-0.01160829,1.9082819621651321
-48.33144,-0.01160004,1.9080524147428672
-48.33971,-0.01158879,1.9078234995617476
-48.34804,-0.01159809,1.9075930027359953
-48.35648,-0.01162065,1.9073595431263817
-48.36479,-0.01163845,1.9071297590664615
-48.37323,-0.01165841,1.9068964611211614
-48.38167,-0.01167556,1.9066632445717562
-48.38991,-0.01167045,1.906435632965633
-48.39826,-0.01167499,1.906205061917515
-48.4066,-0.01169333,1.9059748464052424
-48.4149,-0.01169369,1.9057458137887302
-48.42316,-0.0116748,1.9055179628921368
-48.43141,-0.01165755,1.9052904654231622
-48.43979,-0.01164906,1.9050594624790897
-48.44807,-0.01164125,1.9048312946212307
-48.45645,-0.01164093,1.9046004505076208
-48.46486,-0.0116336,1.9043688602422457
-48.4731,-0.01161034,1.9041420292904725
-48.48143,-0.01159945,1.903912799189298
-48.48981,-0.01160982,1.9036822726259395
-48.49822,-0.01161397,1.903451000882094
-48.50652,-0.01158449,1.9032228327243428
-48.51489,-0.01157623,1.9029928193179453
-48.52321,-0.01158595,1.902764258588828
-48.5316,-0.01158185,1.902533854231058
-48.53998,-0.01158028,1.902303803998271
-48.54826,-0.01157048,1.9020765769978163
-48.55652,-0.01152718,1.9018499760691254
-48.5648,-0.01149556,1.9016229038315817
-48.57343,-0.01151309,1.9013863155227044
-48.58162,-0.01152111,1.9011618673893542
-48.58989,-0.01151601,1.900935303619745
-48.59833,-0.01151909,1.9007041620565976
-48.60666,-0.01151668,1.9004761117097946
-48.61499,-0.01151763,1.9002481395141704
-48.62344,-0.01154491,1.900016963012078
-48.63179,-0.01156305,1.8997886012421095
-48.64014,-0.01156271,1.8995603178773743
-48.64839,-0.01154731,1.8993348454080392
-48.65666,-0.01153507,1.8991089030771944
-48.66501,-0.01153676,1.8988808529989
-48.67333,-0.01154606,1.898653700085858
-48.68163,-0.01155947,1.898427170577485
-48.68994,-0.01155803,1.8982004455129746
-48.69827,-0.01154978,1.8979732524379203
-48.70667,-0.01154954,1.8977442288705015
-48.715,-0.01156619,1.8975171918300315
-48.72336,-0.01156996,1.8972894151799053
-48.73169,-0.01155486,1.8970625336408404
-48.74001,-0.01154833,1.8968360018801804
-48.74823,-0.01153011,1.8966122687941693
-48.75661,-0.01151447,1.896384258462596
-48.76498,-0.01152826,1.8961565984442115
-48.77333,-0.01154209,1.895929560274027
-48.78165,-0.01154955,1.895703415116135
-48.7899,-0.01155559,1.895479248778948
-48.79829,-0.01157558,1.8952513561438322
-48.80672,-0.01159723,1.8950224559241025
-48.81503,-0.01161304,1.8947968914492113
-48.82344,-0.01162135,1.8945686907763974
-48.83179,-0.01162269,1.894342195934247
-48.84009,-0.01161686,1.8941171341002851
-48.84839,-0.01160777,1.893892148748403
-48.85669,-0.01159746,1.8936672398396208
-48.86496,-0.01158307,1.8934432198450586
-48.87325,-0.01158769,1.8932187341746252
-48.88161,-0.01160155,1.892992430077487
-48.88992,-0.01160608,1.892767556175179
-48.89833,-0.01162419,1.892540054026385
-48.90671,-0.01165145,1.8923134412435432
-48.91507,-0.01166247,1.8920874466703208
-48.92345,-0.01167714,1.8918609889531504
-48.93178,-0.01169838,1.8916359592886258
-48.94013,-0.0117037,1.8914104662165792
-48.9483,-0.01170481,1.8911899085361492
-48.95662,-0.01171363,1.8909653771032393
-48.96489,-0.01171228,1.890742270635143
-48.97321,-0.01170471,1.8905178913124132
-48.98143,-0.01169022,1.8902962837140524
-48.98987,-0.01167605,1.8900688223912412
-48.99808,-0.0116633,1.8898476348461002
-49.00649,-0.01164871,1.88962113589445
-49.0148,-0.01162271,1.889397406497629
-49.02306,-0.01158779,1.8891750984128692
-49.03139,-0.01155575,1.8889509822177182
-49.03981,-0.01153834,1.8887245219751057
-49.04816,-0.01152065,1.8885000212036496
-49.05655,-0.01150391,1.8882745219547643
-49.065,-0.01149237,1.8880474880260878
-49.07327,-0.01146748,1.887825366029205
-49.08168,-0.01146562,1.8875995605692388
-49.09006,-0.01146763,1.8873746375539162
-49.09844,-0.0114679,1.8871497913171988
-49.10678,-0.01148106,1.8869260945229964
-49.11516,-0.01149603,1.8867014013595802
-49.12347,-0.01150667,1.8864786608112172
-49.1319,-0.01151467,1.8862527807799006
-49.14026,-0.01154413,1.8860288529201923
-49.14858,-0.01155902,1.885806072118462
-49.15683,-0.01155047,1.8855852401385524
-49.16521,-0.01156511,1.8853610042548379
-49.17345,-0.01156814,1.8851405890780493
-49.1817,-0.01156114,1.8849199803992134
-49.18997,-0.01156001,1.8846989111804704
-49.19832,-0.01156561,1.884475778847733
-49.20667,-0.01158252,1.8842527222427363
-49.21491,-0.01158893,1.8840326783082606
-49.22328,-0.01160473,1.8838092382303655
-49.23169,-0.01163205,1.883584806859159
-49.23996,-0.0116317,1.8833641863234658
-49.24834,-0.01164327,1.883140706874587
-49.2567,-0.01166175,1.882917836558275
-49.265,-0.01168376,1.882696640617071
-49.27339,-0.01171309,1.8824731219021058
-49.28162,-0.01171739,1.8822539397040927
-49.28987,-0.01170986,1.8820342983253964
-49.29819,-0.01169995,1.8818128677746588
-49.30649,-0.01168136,1.8815920439682485
-49.31488,-0.01167614,1.8813689012322445
-49.32318,-0.01167033,1.8811482268580413
-49.33153,-0.01166455,1.880926298049138
-49.33978,-0.01165328,1.880707100842363
-49.34807,-0.01163483,1.8804869146858225
-49.35643,-0.01161369,1.8802649442028119
-49.36481,-0.01160025,1.880042518141972
-49.37315,-0.01159384,1.879821228744773
-49.38159,-0.01160418,1.879597362093849
-49.39,-0.01162703,1.879374367280826
-49.39833,-0.01161871,1.8791535685518115
-49.40668,-0.0116061,1.8789323144157835
-49.41498,-0.01161621,1.8787124592583058
-49.42329,-0.01163694,1.8784924131922418
-49.43176,-0.01164718,1.8782682065133836
-49.44005,-0.01161168,1.8780488389473717
-49.44827,-0.01156345,1.877831396325898
-49.45671,-0.01157254,1.8776082092803987
-49.46501,-0.0115962,1.8773887986679876
-49.4733,-0.01157167,1.8771697258925522
-49.48152,-0.01152741,1.876952575426139
-49.48991,-0.01149427,1.8767310084015105
-49.49851,-0.01149815,1.8765039735539513
-49.50681,-0.0115214,1.8762849333253344
-49.515,-0.01152577,1.8760688680197921
-49.52333,-0.01152011,1.8758491825973738
-49.53171,-0.01152002,1.8756282530928168
-49.54005,-0.01151258,1.8754084523531969
-49.54848,-0.01151566,1.875186354858918
-49.5569,-0.01154693,1.874964596251985
-49.56514,-0.01158675,1.8747476512726484
-49.57338,-0.01159313,1.8745307784137375
-49.58164,-0.01158972,1.8743134515114868
-49.59,-0.01160949,1.874093567251462
-49.59837,-0.01163309,1.8738734942297497
-49.60681,-0.01164413,1.8736516558916003
-49.61504,-0.01164587,1.8734354099079633
-49.62326,-0.01163725,1.8732194982756072
-49.63155,-0.01163897,1.8730018204146357
-49.63986,-0.01165169,1.8727836903649608
-49.64818,-0.01164716,1.872565370976338
-49.6564,-0.01162869,1.8723497474645767
-49.6649,-0.01164319,1.8721268541766922
-49.67329,-0.01164906,1.8719069201979575
-49.6816,-0.01161779,1.871689156548903
-49.68985,-0.01157815,1.871473037250062
-49.69814,-0.01154309,1.8712559423753081
-49.70645,-0.0115361,1.8710383964254138
-49.71486,-0.01153449,1.8708183066391015
-49.72318,-0.01153319,1.870600645413266
-49.73152,-0.01153251,1.870382534054861
-49.73993,-0.01154371,1.870162666091408
-49.74835,-0.01156617,1.8699426111619784
-49.75674,-0.01159564,1.8697234143555224
-49.76517,-0.01161153,1.8695032469496238
-49.77338,-0.01160237,1.869288896996748
-49.78174,-0.01160357,1.869070703434633
-49.79004,-0.01160584,1.8688541483397083
-49.79834,-0.01158747,1.868637665432221
-49.8067,-0.01156429,1.868419690523564
-49.81499,-0.01154117,1.8682036130088555
-49.82327,-0.01152317,1.8679878679179427
-49.83162,-0.01150886,1.8677703715030738
-49.84001,-0.01148474,1.867551906590709
-49.84836,-0.01144821,1.867334556242171
-49.85666,-0.01142288,1.867118579543836
-49.8651,-0.01142479,1.8668990335926328
-49.87349,-0.01144245,1.866680861916822
-49.8819,-0.0114436,1.8664622438199023
-49.89023,-0.0114268,1.8662457779809793
-49.89856,-0.01140856,1.8660293844151012
-49.90689,-0.01139484,1.8658130630860787
-49.91538,-0.01140889,1.8655926610195093
-49.92374,-0.01144239,1.8653757070283596
-49.93205,-0.01144993,1.8651601226066226
-49.94031,-0.01142983,1.8649459064230878
-49.94859,-0.01140353,1.8647312426637068
-49.95696,-0.0113936,1.8645143179248698
-49.96533,-0.01140125,1.8642974658628293
-49.97371,-0.01140738,1.8640804274887737
-49.98206,-0.01141862,1.86386423848877
-49.99033,-0.01141937,1.8636501919471224
-49.99855,-0.01141023,1.863437509687781
-50.00687,-0.01140788,1.8632223112544337
-50.01529,-0.01141369,1.8630045991935664
-50.02368,-0.01143436,1.862787735728359
-50.03201,-0.01145178,1.8625724950886444
-50.04036,-0.01146637,1.8623568095833045
-50.04869,-0.01147129,1.8621417124004642
-50.05698,-0.01146153,1.8619277191712325
-50.06522,-0.01145799,1.861715086840725
-50.07355,-0.01145444,1.8615002032010914
-50.08194,-0.01145372,1.861283844036393
-50.0903,-0.01144055,1.8610683305949456
-50.09863,-0.01141551,1.8608536620662082
-50.1069,-0.01138852,1.8606406103750182
-50.11522,-0.01138925,1.8604263415385587
-50.12367,-0.01141698,1.860208797560115
-50.13197,-0.01145231,1.8599951867042126
-50.14043,-0.01151195,1.8597775308269195
-50.14879,-0.01161445,1.8595625198534202
-50.15715,-0.01166499,1.8593475805543176
-50.16545,-0.01170774,1.8591342547510288
-50.17363,-0.01174525,1.8589240822320408
-50.18192,-0.01174354,1.858711153339689
-50.19017,-0.0117744,1.8584993216799224
-50.19826,-0.01181284,1.8582916658864272
-50.20673,-0.01184565,1.858074327883931
-50.21492,-0.01183782,1.8578642443321627
-50.22331,-0.01185112,1.857649101582512
-50.23167,-0.0119072,1.8574347995995355
-50.23981,-0.01188343,1.857226205672354
-50.24803,-0.01181857,1.85701563026451
-50.25647,-0.01182499,1.8567994906924423
-50.26474,-0.01185901,1.8565877750486721
-50.27312,-0.01187962,1.856373314407381
-50.28128,-0.01185532,1.8561645526923738
-50.2897,-0.01182114,1.8559492102756625
-50.29811,-0.01183333,1.8557341955791182
-50.30641,-0.01181014,1.8555220636892993
-50.31462,-0.01175728,1.8553123008779555
-50.32292,-0.01173443,1.8551003081697166
-50.3313,-0.01171326,1.8548863430906812
-50.33974,-0.01170172,1.8546709180460605
-50.34804,-0.01167812,1.854459136840282
-50.3564,-0.01167362,1.8542458952585967
-50.36484,-0.01168406,1.854030684898433
-50.37314,-0.01166665,1.8538191147107366
-50.38146,-0.01164552,1.8536071046769984
-50.38986,-0.01163046,1.8533931271093032
-50.39819,-0.01160478,1.853181003127295
-50.40663,-0.01160675,1.8529661494926364
-50.41496,-0.01162983,1.8527541666203842
-50.42322,-0.01160398,1.852544034276272
-50.43161,-0.01158273,1.8523306652315878
-50.43996,-0.01158587,1.852118383916244
-50.44833,-0.01158259,1.851905664667195
-50.45671,-0.01159182,1.851692761973581
-50.46516,-0.0116162,1.8514781524521076
-50.47344,-0.0116226,1.8512679302223112
-50.4816,-0.01160325,1.851060822160946
-50.4901,-0.01161537,1.850845155783015
-50.49838,-0.01162485,1.8506351411669049
-50.50668,-0.01161781,1.8504246883778541
-50.51505,-0.01159955,1.8502125307210426
-50.52336,-0.01157521,1.8500019634481952
-50.53168,-0.01154393,1.8497912121663083
-50.53993,-0.01149831,1.8495823025477085
-50.54829,-0.0114553,1.8493706770298264
-50.55663,-0.01142521,1.8491596275305535
-50.56496,-0.01141957,1.848948900582538
-50.57335,-0.01143869,1.848736725963378
-50.5818,-0.0114558,1.8485231051484923
-50.59016,-0.01145362,1.848311829810382
-50.59859,-0.01145728,1.8480988561143699
-50.60704,-0.01150065,1.8478854483486882
-50.61543,-0.01155594,1.8476736264020674
-50.6237,-0.01158007,1.8474649028024421
-50.63188,-0.01157927,1.8472585177560066
-50.64014,-0.01156725,1.8470501819307765
-50.64848,-0.01155706,1.8468398972683877
-50.65689,-0.01155853,1.8466279177422855
-50.66524,-0.01157115,1.8464175201775417
-50.6734,-0.01154725,1.8462119770925178
-50.68169,-0.01150852,1.846003227200987
-50.69002,-0.01147924,1.845793538846503
-50.69835,-0.0114387,1.8455839193977712
-50.70673,-0.01143194,1.8453731112221199
-50.71518,-0.01146222,1.845160612660746
-50.72354,-0.01147834,1.8449504470705316
-50.73183,-0.01146601,1.8447421096380712
-50.74023,-0.01146401,1.8445310772142736
-50.7486,-0.0114683,1.8443208679648304
-50.757,-0.01148919,1.8441099749788208
-50.76541,-0.01153368,1.8438989008460682
-50.77364,-0.01153947,1.843692412046881
-50.78197,-0.01152659,1.843483482424963
-50.79022,-0.01152127,1.8432766268781666
-50.79857,-0.01152074,1.843067332407192
-50.80689,-0.01151506,1.8428588583162635
-50.81526,-0.01150935,1.8426492002599217
-50.82356,-0.0115117,1.8424413638084385
-50.83179,-0.01149229,1.8422353472108695
-50.84012,-0.01148149,1.8420268952945036
-50.84854,-0.01148267,1.8418162606045327
-50.85684,-0.01146504,1.8416086960967295
-50.86517,-0.01145654,1.8414004494627658
-50.87352,-0.01145776,1.8411917712790467
-50.88196,-0.01146322,1.8409809134711006
-50.89023,-0.01145354,1.840774370640494
-50.89856,-0.01144686,1.8405663971632986
-50.90689,-0.01144469,1.8403584917483666
-50.91524,-0.01144876,1.840150155434797
-50.92357,-0.01147384,1.8399423862074085
-50.93196,-0.01151523,1.8397331891409636
-50.94034,-0.01156015,1.8395243102028767
-50.94862,-0.01159548,1.8393179913410806
-50.957,-0.01162621,1.8391092489746255
-50.96529,-0.01165883,1.8389028160145857
-50.97362,-0.01169133,1.8386954546292769
-50.9819,-0.01171265,1.8384894050633656
-50.99013,-0.01171144,1.8382846660716496
-50.99841,-0.01169849,1.8380787499061246
-51.00664,-0.01169201,1.8378741434448536
-51.01492,-0.01170191,1.8376683605502078
-51.02322,-0.01170907,1.8374621476261201
-51.03148,-0.01170137,1.8372569950940085
-51.03983,-0.01167387,1.837049674734418
-51.04814,-0.01164965,1.836843414862912
-51.05649,-0.01164354,1.8366362297917465
-51.06491,-0.01164148,1.836427376450874
-51.0732,-0.01163817,1.8362218149636207
-51.08147,-0.0116175,1.8360168158825498
-51.08983,-0.01157857,1.835809653310649
-51.09815,-0.01155451,1.8356035492478693
-51.1066,-0.01155343,1.8353942934963392
-51.11496,-0.01155723,1.835187334588543
-51.12334,-0.01154986,1.834979948493193
-51.1317,-0.01153035,1.8347731250867856
-51.13997,-0.01150272,1.834568594780169
-51.14835,-0.01148824,1.8343614114629307
-51.15669,-0.01150411,1.8341552844798992
-51.16522,-0.0115216,1.8339445310701294
-51.17352,-0.01151431,1.8337395277870274
-51.18189,-0.01149842,1.8335328628934962
-51.19022,-0.01146745,1.8333272527447626
-51.19861,-0.01142542,1.8331202292405986
-51.20702,-0.01140265,1.832912780318011
-51.21526,-0.01138035,1.832709590852414
-51.22359,-0.01134248,1.8325042485308036
-51.23192,-0.01133744,1.83229897298403
-51.24033,-0.01134252,1.8320917937101497
-51.24867,-0.01134638,1.8318864060277078
-51.25714,-0.01137694,1.831677885266326
-51.2656,-0.01141752,1.8314696794731748
-51.27394,-0.01143838,1.8312644942050484
-51.28232,-0.01145517,1.8310583920540258
-51.29059,-0.01148383,1.8308550613280135
-51.2988,-0.01149394,1.8306532706418084
-51.30714,-0.01152318,1.8304483508533123
-51.31542,-0.01155655,1.83024497119969
-51.32375,-0.01158432,1.8300404296256607
-51.33202,-0.01160248,1.8298374270094961
-51.3403,-0.01162057,1.829634244443449
-51.3486,-0.01163414,1.8294306368625435
-51.35692,-0.01163941,1.8292266047107186
-51.36522,-0.01162525,1.8290231288798138
-51.37344,-0.01160377,1.8288216790621767
-51.38168,-0.01157248,1.828619803789989
-51.39002,-0.01156533,1.8284155444967718
-51.39835,-0.01156074,1.8282115962866512
-51.40662,-0.01155289,1.828009182474942
-51.41496,-0.01154935,1.827805121310996
-51.42333,-0.01154061,1.8276003926622408
-51.43167,-0.01154271,1.8273964640852611
-51.44006,-0.01155282,1.8271913796368042
-51.44852,-0.01157249,1.8269846518422685
-51.45689,-0.01158461,1.826780190174727
-51.46516,-0.01158434,1.8265782366167715
-51.47351,-0.01158719,1.8263743952957552
-51.48175,-0.0115872,1.826173304132047
-51.49013,-0.01159365,1.8259688623819748
-51.49841,-0.01159827,1.8257669256196452
-51.50679,-0.01159887,1.8255626161133316
-51.51508,-0.01159986,1.8253605662652568
-51.52335,-0.0116161,1.8251590686552794
-51.53172,-0.01163138,1.8249552004086027
-51.54002,-0.01163784,1.824753102540511
-51.54836,-0.01163593,1.8245500962591246
-51.55667,-0.01162079,1.8243478855403192
-51.565,-0.01161666,1.8241452535634637
-51.57335,-0.01163106,1.8239422007684203
-51.58168,-0.01164541,1.823739699831413
-51.59001,-0.01165079,1.8235372642881829
-51.59825,-0.01163838,1.8233370802304343
-51.6066,-0.01162873,1.823134289025047
-51.61495,-0.01162238,1.8229315634326877
-51.62331,-0.01163191,1.8227286607542212
-51.6317,-0.01164123,1.8225250960165944
-51.64011,-0.01167418,1.8223211124066157
-51.64839,-0.01170576,1.8221203468297849
-51.65668,-0.01169276,1.8219194032601398
-51.66499,-0.01167176,1.8217180396241246
-51.67339,-0.01166982,1.821514560976162
-51.68169,-0.01166899,1.8213135696607443
-51.68999,-0.01163903,1.8211126428927535
-51.69844,-0.01163567,1.8209081511937306
-51.70651,-0.01161649,1.820712917967196
-51.71484,-0.01158777,1.820511458606466
-51.72324,-0.01159433,1.8203083720200048
-51.73169,-0.01160732,1.8201041431277423
-51.74002,-0.01161308,1.8199028798210746
-51.74834,-0.01161786,1.8197019228056397
-51.7569,-0.01164267,1.8194952363839412
-51.76515,-0.01165378,1.819296099789144
-51.77347,-0.01165929,1.8190953378245651
-51.78169,-0.01165879,1.8188970522205823
-51.79004,-0.01164577,1.8186956951568294
-51.79836,-0.01163379,1.8184951261005176
-51.80669,-0.01161686,1.8182943805134046
-51.81499,-0.01159598,1.8180944220967716
-51.82336,-0.0116118,1.817892842146862
-51.83167,-0.01162156,1.817692771620131
-51.83998,-0.0116177,1.8174927652364063
-51.84831,-0.01162008,1.8172923418333213
-51.85669,-0.01163001,1.8170907803795422
-51.86508,-0.01164959,1.8168890436494074
-51.87347,-0.0116675,1.8166873721769528
-51.88194,-0.01168768,1.816483843896354
-51.89002,-0.01166491,1.816289748972924
-51.89836,-0.01161798,1.8160894718060456
-51.90669,-0.01158795,1.8158894990221879
-51.91501,-0.01157677,1.8156898303592737
-51.92331,-0.01157966,1.8154907054269076
-51.93161,-0.01157968,1.8152916441450593
-51.94002,-0.01156648,1.8150900095918332
-51.94835,-0.01154066,1.8148903574415742
-51.95674,-0.01153035,1.814689331932681
-51.96524,-0.01155624,1.8144857370041976
-51.97362,-0.01157352,1.8142850815471387
-51.9819,-0.01157861,1.8140868840884998
-51.99019,-0.01157166,1.8138885105055396
-51.99846,-0.01154603,1.8136906785316333
-52.00685,-0.01155448,1.8134900402543126
-52.01521,-0.01158036,1.8132901837750919
-52.02359,-0.01159579,1.8130899136334113
-52.03186,-0.01161825,1.8128923355805462
-52.04022,-0.01162677,1.8126926711685694
-52.04848,-0.01164728,1.8124954580806203
-52.05681,-0.01166485,1.8122966370778388
-52.06519,-0.01169752,1.812096686865063
-52.07346,-0.01172329,1.811899424390083
-52.08179,-0.01172397,1.8117007940779302
-52.09009,-0.01171307,1.8115029423063005
-52.09827,-0.01169624,1.8113080127228791
-52.10671,-0.0117008,1.811106951484751
-52.11491,-0.01170839,1.8109116700000056
-52.1232,-0.01170334,1.8107143076403598
-52.13147,-0.01167315,1.8105174839688964
-52.13979,-0.0116476,1.8103195333161106
-52.14813,-0.01163515,1.8101211702126232
-52.15659,-0.01163083,1.8099200177772357
-52.16495,-0.01162678,1.8097213071228864
-52.17326,-0.01160344,1.8095238480401648
-52.1815,-0.0115793,1.8093281143700355
-52.18976,-0.01157865,1.8091319676503588
-52.19824,-0.01158968,1.8089306612636746
-52.20654,-0.01158093,1.8087336912195293
-52.21501,-0.01158515,1.8085327514061569
-52.22342,-0.01159631,1.808333299504322
-52.23174,-0.01161601,1.8081360452475832
-52.24014,-0.0116459,1.8079369580556257
-52.24835,-0.01164015,1.807742435885535
-52.25667,-0.01162891,1.8075453698063808
-52.26502,-0.01163807,1.8073476562335573
-52.27338,-0.01161883,1.807149769155926
-52.28172,-0.01161044,1.8069524185508818
-52.2901,-0.01162176,1.8067541848265734
-52.29831,-0.0116166,1.8065600341578913
-52.30663,-0.01161831,1.806363344379097
-52.31497,-0.01162032,1.8061662445758833
-52.32336,-0.01160539,1.8059680265181748
-52.33164,-0.01160688,1.8057724695805444
-52.34013,-0.01162215,1.8055720171119178
-52.34848,-0.01163596,1.8053749335224252
-52.35674,-0.01164234,1.805180036037385
-52.36514,-0.01165097,1.8049818982628518
-52.37326,-0.01162807,1.8047904254957587
-52.38164,-0.01161303,1.8045928840715946
-52.39015,-0.01164615,1.8043923428354378
-52.39827,-0.01165922,1.8042010528210186
-52.40669,-0.01165938,1.8040027580448221
-52.41504,-0.0116714,1.8038061747162648
-52.42336,-0.01167173,1.8036103599616657
-52.43158,-0.01164433,1.8034169597788203
-52.44002,-0.01163284,1.8032184465223318
-52.44836,-0.0116392,1.8030223480772327
-52.45665,-0.01162787,1.8028274870774248
-52.46495,-0.01161102,1.8026324527136688
-52.4733,-0.01160558,1.802436305702138
-52.48171,-0.01162525,1.8022388123405277
-52.48991,-0.01163465,1.8020463113767962
-52.4984,-0.01166774,1.8018470658153394
-52.50682,-0.0117327,1.8016495266710115
-52.51518,-0.01177665,1.801453457838286
-52.52347,-0.01181991,1.8012590923638516
-52.53182,-0.01187188,1.8010633821558057
-52.54007,-0.01191413,1.800870076876563
-52.54834,-0.01193848,1.800676363896557
-52.55667,-0.01195648,1.8004813071299988
-52.56482,-0.01194382,1.8002905251078571
-52.57317,-0.01194102,1.800095122664279
-52.58139,-0.01192419,1.7999028230330159
-52.58969,-0.01189111,1.799708712867484
-52.59792,-0.01186953,1.799516300264345
-52.60623,-0.0118421,1.7993220783926165
-52.61456,-0.0118213,1.7991274506524428
-52.62302,-0.01182294,1.7989298485719747
-52.63135,-0.01180201,1.7987353449987507
-52.63969,-0.01177438,1.7985406695974082
-52.64818,-0.01176339,1.798342556190926
-52.65646,-0.01173256,1.7981494046504456
-52.6648,-0.01170794,1.7979549148577418
-52.67326,-0.01171335,1.7977576895753176
-52.68149,-0.0117052,1.7975658869937052
-52.68994,-0.01170547,1.7973690195889387
-52.69832,-0.01171485,1.7971738453901378
-52.70668,-0.01171641,1.7969791988415889
-52.71506,-0.01172626,1.7967841485905547
-52.72348,-0.01175831,1.7965882297602511
-52.73178,-0.01177295,1.7963951643581915
-52.74007,-0.01176688,1.7962023922228392
-52.74837,-0.01177015,1.7960094482540407
-52.7567,-0.01176055,1.795815867937153
-52.76498,-0.01175341,1.7956235101387321
-52.77333,-0.01174991,1.7954295872555321
-52.78166,-0.01175606,1.7952361899947822
-52.78996,-0.01174152,1.795043549947755
-52.79817,-0.0117036,1.7948530583541058
-52.80656,-0.01169802,1.7946584515257196
-52.8149,-0.01169456,1.794465065729557
-52.82318,-0.01169223,1.794273131606238
-52.8316,-0.01169122,1.794078013915914
-52.83992,-0.01167489,1.7938852746181295
-52.8483,-0.01166158,1.7936912067180968
-52.85651,-0.01164443,1.7935011354325132
-52.86499,-0.01163048,1.7933048753059446
-52.87335,-0.01161937,1.7931114540690158
-52.88165,-0.01160672,1.7929194815214728
-52.88995,-0.01158356,1.7927275692262898
-52.89826,-0.01156122,1.7925354860443425
-52.90662,-0.01156,1.7923423080136285
-52.91502,-0.01157968,1.792148267164975
-52.92343,-0.01159926,1.7919540570216252
-52.93169,-0.01159058,1.7917633708653549
-52.94008,-0.01159318,1.7915697445111531
-52.94852,-0.01161148,1.7913750261574828
-52.95685,-0.01162392,1.7911829064606373
-52.96523,-0.01163256,1.7909896945599972
-52.97354,-0.01164003,1.7907981569666669
-52.98184,-0.01164187,1.7906069098392958
-52.99005,-0.0116281,1.7904177954163094
-52.99841,-0.01161336,1.7902252860038632
-53.00679,-0.01160985,1.790032376984156
-53.01514,-0.01160353,1.789840219227941
-53.02342,-0.01159816,1.7896497321372329
-53.03177,-0.01161352,1.7894576948874232
-53.04012,-0.01164275,1.7892657181016935
-53.04843,-0.01164137,1.7890747209672369
-53.05675,-0.01163081,1.7888835539304613
-53.06514,-0.01164312,1.7886908392213794
-53.07358,-0.01168192,1.788497037509058
-53.08189,-0.0117066,1.7883062811064185
-53.09018,-0.01170342,1.788116043305937
-53.0984,-0.01169466,1.787927470507586
-53.10664,-0.01167993,1.787738497483554
-53.11502,-0.01168232,1.7875463738882145
-53.1234,-0.01170986,1.7873543109063048
-53.1317,-0.01172784,1.787164141181253
-53.13992,-0.01172963,1.7869758629670502
-53.14836,-0.01173889,1.7867826062742105
-53.15671,-0.01174963,1.7865914707663437
-53.16496,-0.01174591,1.7864026832710866
-53.17331,-0.01174042,1.7862116670938861
-53.18164,-0.01172033,1.7860211682076748
-53.1899,-0.01168457,1.7858323290699927
-53.19818,-0.01167153,1.7856430915493724
-53.20648,-0.01165642,1.7854534560452033
-53.2148,-0.01164654,1.7852634229575233
-53.22313,-0.01162423,1.7850732209849363
-53.23149,-0.01160005,1.7848823938612277
-53.23987,-0.01158381,1.784691170357854
-53.24825,-0.01157885,1.7845000070424848
-53.2567,-0.01158394,1.7843073078129135
-53.26502,-0.01158513,1.7841176329230701
-53.27335,-0.01156803,1.7839277894106527
-53.28168,-0.01154075,1.7837380052580922
-53.28996,-0.01152691,1.7835494190650545
-53.29834,-0.01154098,1.783358614921215
-53.30676,-0.01155532,1.7831669604380385
-53.31511,-0.01157434,1.7829769590647007
-53.32347,-0.01157346,1.7827867897569307
-53.33182,-0.01156722,1.7825969074372483
-53.34012,-0.01158206,1.782408221053871
-53.34853,-0.01160397,1.7822170938918092
-53.35695,-0.01163235,1.7820257998255147
-53.36522,-0.01164535,1.781837972372268
-53.37351,-0.0116555,1.7816497490983823
-53.38182,-0.0116757,1.7814611303998253
-53.39009,-0.01168057,1.781273477905731
-53.39858,-0.01169971,1.781080893911411
-53.40685,-0.01170961,1.7808933591851983
-53.41507,-0.01170165,1.7807070158290537
-53.42342,-0.01169932,1.7805177841478512
-53.43175,-0.01168945,1.780329064647892
-53.44003,-0.01168084,1.7801415362229398
-53.44832,-0.01166273,1.7799538395219905
-53.45659,-0.01163652,1.7797666536529921
-53.46495,-0.01161981,1.7795774895515661
-53.4733,-0.01159276,1.7793886107646246
-53.48167,-0.01155805,1.7791993387641036
-53.49002,-0.01153326,1.779010578048017
-53.49841,-0.01151713,1.7788209724363773
-53.50679,-0.01150917,1.7786316521697527
-53.51509,-0.01149682,1.7784441977019938
-53.52348,-0.01149598,1.7782547696823898
-53.53183,-0.0115004,1.7780663037299491
-53.54022,-0.01150135,1.7778769941550485
-53.54862,-0.0115116,1.7776875183711551
-53.55705,-0.0115312,1.777497425642376
-53.56538,-0.01154145,1.7773096466411702
-53.57372,-0.01154807,1.7771217007144546
-53.58205,-0.01157265,1.7769340385446246
-53.59036,-0.01158081,1.7767468850741066
-53.59859,-0.01157283,1.776561590519452
-53.60692,-0.01157423,1.7763741024479676
-53.61523,-0.01157894,1.7761871225769243
-53.6236,-0.01159335,1.7759988512520604
-53.63187,-0.0115943,1.7758128870017025
-53.64026,-0.01159997,1.7756242829546314
-53.64854,-0.0116026,1.7754382095020667
-53.65675,-0.01157722,1.7752537658356125
-53.66516,-0.01157625,1.7750648875359731
-53.67352,-0.01158799,1.7748771908382381
-53.68185,-0.01158329,1.7746902258398323
-53.6902,-0.01157646,1.7745028701699752
-53.69849,-0.01156168,1.7743169184086929
-53.70686,-0.01153088,1.7741292304186094
-53.71513,-0.01147919,1.7739438422656706
-53.72354,-0.01145504,1.7737553742735495
-53.73192,-0.01142829,1.7735676372629157
-53.74017,-0.01137629,1.7733828698346135
-53.74857,-0.01135987,1.7731948012756433
-53.75691,-0.0113811,1.773008134210095
-53.76531,-0.01141677,1.7728201827535264
-53.77385,-0.01145171,1.772629158968532
-53.78214,-0.01146994,1.7724437852417179
-53.79059,-0.01150737,1.7722548925378954
-53.79898,-0.01158039,1.772067399790851
-53.80727,-0.01163303,1.771882199189812
-53.81543,-0.01164761,1.7716999585434885
-53.82359,-0.0116502,1.7715177731548564
-53.83202,-0.01167883,1.7713296175770479
-53.84035,-0.01172934,1.7711437518515387
-53.8486,-0.01175605,1.7709597278295073
-53.8568,-0.01174951,1.7707768749721482
-53.86507,-0.01174034,1.7705925175628656
-53.87335,-0.01176145,1.770407993933921
-53.88162,-0.01176987,1.770223749768474
-53.89002,-0.01175425,1.7700366672716026
-53.89822,-0.01173065,1.7698540953671569
-53.90656,-0.01172688,1.7696684633558513
-53.9149,-0.01172532,1.769482888774717
-53.92326,-0.01173036,1.7692969267807621
-53.93146,-0.0117107,1.769114579876013
-53.9398,-0.01170232,1.7689291766005808
-53.94824,-0.01171447,1.768741608623377
-53.9567,-0.01170237,1.7685536550604466
-53.96491,-0.01165877,1.7683713120247955
-53.97331,-0.01161111,1.7681848065275227
-53.98164,-0.01156925,1.767999912562864
-53.98999,-0.01153166,1.7678146319345496
-53.99834,-0.01150668,1.7676294086077462
-54.00659,-0.01148102,1.7674464597746313
-54.01508,-0.01146896,1.767258247141354
-54.02348,-0.0114715,1.7670720879143662
-54.03197,-0.01148623,1.7668839929397353
-54.04039,-0.01149514,1.7666975071793525
-54.04883,-0.01149636,1.7665106367704908
-54.05708,-0.01149421,1.7663280295569055
-54.0654,-0.01150015,1.7661439293892212
-54.07369,-0.01152066,1.7659605493910253
-54.08206,-0.01154837,1.7657754567780888
-54.09035,-0.01156412,1.7655921897343982
-54.09872,-0.01158611,1.7654072111133128
-54.10712,-0.01161607,1.7652216270243177
-54.11545,-0.01162342,1.7650376463653172
-54.12369,-0.01161046,1.7648557092097747
-54.13197,-0.01160436,1.7646729446572884
-54.14018,-0.01159999,1.7644917804115168
-54.14851,-0.01157707,1.7643080243574567
-54.15682,-0.01157636,1.764124765818968
-54.16513,-0.01158806,1.7639415635114326
-54.17343,-0.01158971,1.7637586377676286
-54.18179,-0.01158376,1.7635744463222793
-54.19019,-0.01159441,1.7633894308176443
-54.19858,-0.01161807,1.7632046928166751
-54.2068,-0.0116266,1.7630237534774236
-54.21527,-0.01164283,1.762837368512598
-54.2236,-0.01167765,1.7626541210838087
-54.23181,-0.01170014,1.7624735685569042
-54.24005,-0.01171815,1.762292411234872
-54.24841,-0.01173144,1.7621086719408
-54.25678,-0.01175687,1.7619247695864
-54.26508,-0.01177761,1.7617424612660666
-54.27336,-0.01178057,1.7615606478021628
-54.28169,-0.01180108,1.7613777924010843
-54.29002,-0.01183282,1.7611949931129147
-54.29825,-0.0118361,1.7610144433752466
-54.30653,-0.01182362,1.7608328519608967
-54.31485,-0.0118166,1.760650439060404
-54.32324,-0.01182855,1.7604665480188588
-54.33147,-0.01182413,1.760286219018186
-54.33984,-0.01182881,1.7601028784773751
-54.34819,-0.01183473,1.7599200322954638
-54.35643,-0.01181381,1.759739649936539
-54.36475,-0.01178961,1.75955757177215
-54.37308,-0.01178705,1.7593753305863857
-54.3815,-0.01180732,1.75919117714664
-54.3898,-0.01179986,1.7590097040253871
-54.39815,-0.01175138,1.75882719357184
-54.40656,-0.01173454,1.7586434282924706
-54.41478,-0.01171686,1.7584638695589692
-54.42316,-0.01169456,1.7582808715995175
-54.43155,-0.01167693,1.7580977117131518
-54.43984,-0.01162981,1.7579167903505963
-54.44807,-0.01157621,1.7577372329267136
-54.45659,-0.01156745,1.757551405624186
-54.46506,-0.01158491,1.7573667264848325
-54.4734,-0.01157797,1.7571849379697246
-54.48171,-0.01156428,1.7570038587261672
-54.49016,-0.01155565,1.7568197854438306
-54.49851,-0.01156865,1.7566379466154212
-54.50693,-0.01161326,1.7564546398045167
-54.51529,-0.011653,1.7562726952383452
-54.52365,-0.01167138,1.7560908064665517
-54.53198,-0.01168778,1.7559096258745788
-54.54027,-0.01171995,1.755729370243308
-54.54866,-0.01175618,1.755546996021534
-54.55702,-0.01180123,1.7553653297045915
-54.56525,-0.01182883,1.7551865427172055
-54.57341,-0.01184765,1.7550093296350733
-54.58176,-0.0118727,1.7548280451198348
-54.59007,-0.0119026,1.7546476840934626
-54.59837,-0.01192677,1.7544675949117163
-54.60663,-0.01193706,1.7542884279802653
-54.61493,-0.01195274,1.7541084480013067
-54.62318,-0.01195126,1.7539296064418073
-54.63147,-0.01194281,1.753749952179577
-54.63974,-0.01193975,1.753570785658936
-54.64798,-0.01193027,1.7533923230099266
-54.65628,-0.01190607,1.753212615274951
-54.6646,-0.01185907,1.753032529278546
-54.67293,-0.01181735,1.7528522817416223
-54.6812,-0.01178076,1.7526733868313058
-54.68959,-0.01176356,1.752491951393309
-54.69795,-0.0117742,1.752311220073147
-54.7063,-0.01176222,1.752130760076993
-54.7146,-0.0117297,1.751951435265907
-54.72302,-0.01172751,1.751769573389773
-54.73152,-0.01175978,1.7515860403657708
-54.7399,-0.01178975,1.7514051541928284
-54.74828,-0.01179635,1.7512243233942693
-54.75656,-0.01179259,1.7510457048434014
-54.7648,-0.01178825,1.7508680028047214
-54.77313,-0.01179809,1.7506884141914107
-54.78157,-0.0118419,1.750506509762316
-54.7899,-0.01186711,1.7503270310768957
-54.7982,-0.01185238,1.750148253044808
-54.8065,-0.01183699,1.749969529161687
-54.8149,-0.01184401,1.7497887070851172
-54.8232,-0.01184319,1.7496100920778064
-54.83148,-0.01184098,1.7494319613477511
-54.83981,-0.01183422,1.7492528092274573
-54.84802,-0.01180779,1.7490762911769648
-54.8564,-0.01179705,1.7488961725523366
-54.86479,-0.01182234,1.7487158941098655
-54.87318,-0.01184937,1.7485356707958242
-54.8815,-0.01187151,1.7483570055483177
-54.88989,-0.01190537,1.7481768919558776
-54.89818,-0.01192361,1.7479989792011317
-54.90653,-0.01192856,1.7478198330872483
-54.91486,-0.01194251,1.7476411703498833
-54.92325,-0.01197261,1.747461275507185
-54.93152,-0.01199534,1.747284007433255
-54.93977,-0.01199095,1.7471072212351815
-54.94812,-0.01197383,1.7469283462291338
-54.95624,-0.01194303,1.7467544504500307
-54.96457,-0.01192509,1.746576110756438
-54.9729,-0.01190227,1.7463978251101904
-54.98128,-0.0118675,1.7462185238321117
-54.98956,-0.01182385,1.7460414158614834
-54.99788,-0.01176685,1.7458635060115042
-55.00623,-0.01173595,1.7456850087708244
-55.01466,-0.01173564,1.745504856341928
-55.02297,-0.01172347,1.7453273223891768
-55.03131,-0.01169789,1.745149201427333
-55.0398,-0.01171844,1.7449679322962655
-55.04817,-0.01176476,1.7447892800069464
-55.05666,-0.01180032,1.7446081218875245
-55.06502,-0.01182125,1.7444297922710281
-55.07333,-0.01181406,1.744252582874506
-55.08164,-0.01180606,1.744075426948072
-55.08997,-0.01179834,1.7438978982925568
-55.09837,-0.01178715,1.743718932157158
-55.10646,-0.01175043,1.7435466223016323
-55.11478,-0.01170853,1.7433694664117318
-55.12309,-0.0116829,1.7431925768312335
-55.1315,-0.0116672,1.7430136129073217
-55.13986,-0.01166025,1.7428357670839207
-55.14819,-0.0116531,1.742658613093195
-55.15662,-0.0116866,1.742479386880487
-55.16501,-0.01172861,1.7423010654761053
-55.17336,-0.0117628,1.7421236480794353
-55.18169,-0.01182561,1.7419467091348597
-55.19009,-0.01187424,1.7417683373953547
-55.19843,-0.01191468,1.7415912934480202
-55.20668,-0.01197111,1.7414162126757122
-55.21491,-0.0120081,1.7412416084713351
-55.22319,-0.01202906,1.741065996006388
-55.23149,-0.0120273,1.7408900122013726
-55.23961,-0.01200369,1.7407178960894183
-55.24805,-0.01200759,1.7405390506995269
-55.25633,-0.0120084,1.7403636488344412
-55.2645,-0.01198094,1.740190628703779
-55.27281,-0.01196093,1.7400146961951095
-55.28119,-0.0119698,1.7398373352672039
-55.2896,-0.01198463,1.7396593934483158
-55.2979,-0.01199101,1.7394838321165902
-55.30628,-0.01199377,1.739306632085904
-55.31461,-0.01197524,1.7391305425456314
-55.32295,-0.01194831,1.738954294736633
-55.33128,-0.01193665,1.7387783112915516
-55.33952,-0.01191959,1.738604281352639
-55.34787,-0.01193202,1.7384279810587109
-55.3562,-0.0119453,1.7382521560367223
-55.36458,-0.01196668,1.738075329028054
-55.37299,-0.01198586,1.7378979227959337
-55.38136,-0.01198872,1.7377214138475474
-55.38968,-0.01198326,1.7375460121813306
-55.39803,-0.011994,1.737370031028179
-55.40633,-0.01199807,1.7371951562213197
-55.41457,-0.01197585,1.7370215973885568
-55.42282,-0.01195119,1.736847879627922
-55.43108,-0.01192871,1.7366740031043957
-55.43936,-0.01190546,1.7364997575729588
-55.44775,-0.01190622,1.7363232502671435
-55.45615,-0.01190485,1.7361465860864844
-55.46452,-0.01187993,1.7359706060739368
-55.47278,-0.01183535,1.735796990884538
-55.48119,-0.01180206,1.7356202759890333
-55.48962,-0.01178104,1.7354431946010802
-55.49791,-0.01172591,1.735269106530318
-55.5063,-0.01166668,1.7350929714284682
-55.51463,-0.01163387,1.73491814860335
-55.52304,-0.01160133,1.7347417000221887
-55.53153,-0.01160292,1.7345636271862128
-55.53995,-0.01160654,1.734387076329741
-55.54834,-0.01158166,1.7342112077516627
-55.55681,-0.01156628,1.7340337161186898
-55.56528,-0.01156751,1.7338562785969942
-55.57358,-0.01155539,1.733682454864344
-55.582,-0.01156337,1.733506171062574
-55.59024,-0.01154242,1.733333707499734
-55.59856,-0.0115107,1.7331596214002665
-55.60701,-0.01150457,1.7329828685268276
-55.6154,-0.01153939,1.7328074238430364
-55.62375,-0.01156548,1.7326328681543406
-55.63213,-0.0115782,1.7324577380014032
-55.64038,-0.01158035,1.7322853761962085
-55.64879,-0.01160079,1.7321097242186219
-55.65706,-0.01163524,1.7319370480582337
-55.66545,-0.01167396,1.7317619187485236
-55.67372,-0.01169873,1.7315893459247915
-55.68196,-0.01171472,1.7314174501041273
-55.69023,-0.01173652,1.7312449795951643
-55.69856,-0.01175849,1.7310713095634789
-55.70683,-0.0117806,1.730898941835319
-55.71515,-0.01179345,1.7307255836159463
-55.72336,-0.01180089,1.7305545681380305
-55.73164,-0.01180666,1.730382145581935
-55.73998,-0.0118165,1.7302085253708377
-55.74826,-0.01183405,1.7300362056143097
-55.75653,-0.011842,1.7298641450606773
-55.76488,-0.01185187,1.729690471852535
-55.77315,-0.01187578,1.729518513836855
-55.78156,-0.01190401,1.7293436970927312
-55.78986,-0.011923,1.729171218569109
-55.7982,-0.01192574,1.7289979605076864
-55.80647,-0.01193505,1.728826207785585
-55.81482,-0.01194878,1.728652845247911
-55.82306,-0.01194743,1.728481817370814
-55.83141,-0.01194973,1.728308557853008
-55.83968,-0.01195293,1.7281370093811423
-55.84796,-0.01193889,1.7279653043728005
-55.8562,-0.01191782,1.7277944793953042
-55.86461,-0.01189616,1.7276201820794954
-55.87299,-0.01188566,1.7274465587039463
-55.88132,-0.01187262,1.7272740228756227
-55.88965,-0.01185814,1.7271015384780544
-55.89803,-0.01185034,1.7269280706314696
-55.90637,-0.01183239,1.726755482425348
-55.9147,-0.0117902,1.7265831525520121
-55.92304,-0.01175126,1.726410667231252
-55.93141,-0.01173005,1.7262376131765675
-55.93987,-0.01172721,1.7260627509502613
-55.94823,-0.01172677,1.72589000760167
-55.95653,-0.01173059,1.7257185550998249
-55.96486,-0.01172728,1.725546534021527
-55.97318,-0.01170627,1.7253747705597573
-55.98157,-0.01170304,1.7252016136739288
-55.99004,-0.01173451,1.7250268583483774
-55.99844,-0.01177664,1.7248535994931289
-56.00673,-0.01179123,1.7246826604588414
-56.01508,-0.01179376,1.724510535377259
-56.02339,-0.01177993,1.7243392857875968
-56.03156,-0.01174487,1.7241709707886055
-56.03995,-0.01172522,1.7239981745165727
-56.04834,-0.0117263,1.723825429977052
-56.05661,-0.01172663,1.723655206763306
-56.06484,-0.01170518,1.7234858567330256
-56.07318,-0.01168915,1.7233142939280417
-56.08153,-0.01168261,1.7231425765309898
-56.08991,-0.01168041,1.7229702935875633
-56.09834,-0.01169941,1.7227970346359625
-56.10675,-0.01174371,1.7226242386165658
-56.11514,-0.01178632,1.7224519051364746
-56.1234,-0.01178243,1.7222822922346115
-56.13178,-0.01177976,1.7221102662342083
-56.14006,-0.01178807,1.7219403434909046
-56.14836,-0.01178258,1.7217700606037294
-56.15675,-0.01177603,1.7215979824331002
-56.16505,-0.01178225,1.721427800740852
-56.17328,-0.01176736,1.721259103972565
-56.1814,-0.01172265,1.7210927103988154
-56.18996,-0.01170172,1.7209173524950008
-56.19829,-0.01171935,1.7207467575970727
-56.20656,-0.01172633,1.7205774414943735
-56.215,-0.01175338,1.7204046962554478
-56.2234,-0.01178637,1.7202328212096742
-56.23175,-0.01182324,1.720062020122084
-56.24004,-0.01184209,1.7198924965202727
-56.24857,-0.01188906,1.7197181172783593
-56.25682,-0.0119239,1.7195495123968971
-56.26506,-0.01194278,1.71938116123932
-56.27338,-0.01199626,1.7192112256274634
-56.28157,-0.0120037,1.7190439943306486
-56.28989,-0.01197114,1.7188741583968277
-56.29817,-0.01195564,1.7187051888187486
-56.3065,-0.01197142,1.718535249038743
-56.3148,-0.01194927,1.718365971289963
-56.32314,-0.01189715,1.718195927996912
-56.33124,-0.01184797,1.7180308262342527
-56.33963,-0.01181835,1.7178598634744318
-56.3481,-0.01180864,1.717687322198974
-56.3564,-0.01179761,1.717518294284234
-56.3647,-0.01175826,1.7173493161500017
-56.37325,-0.0117659,1.7171753003419177
-56.38155,-0.01179334,1.7170064232004973
-56.38988,-0.01180154,1.7168369856435235
-56.39832,-0.01181111,1.7166653616632552
-56.40662,-0.01182698,1.7164966346148733
-56.41495,-0.01185421,1.7163273476268257
-56.42334,-0.01188822,1.7161568918110839
-56.43161,-0.01191892,1.7159889235837857
-56.43987,-0.01194386,1.7158212075966865
-56.44812,-0.01197515,1.7156537436499213
-56.45656,-0.01202556,1.7154824736044847
-56.46483,-0.01204969,1.7153147029752858
-56.47304,-0.01204062,1.715148198149064
-56.48138,-0.01203613,1.7149791063886894
-56.48967,-0.01203473,1.7148110778483927
-56.49788,-0.01202421,1.7146447194124805
-56.50613,-0.01200716,1.7144775991560564
-56.51439,-0.01198697,1.714310325210977
-56.52264,-0.01196906,1.714143302577516
-56.53107,-0.01197291,1.7139726861706315
-56.53944,-0.01198194,1.713803334451137
-56.54782,-0.01197725,1.7136338306233556
-56.55618,-0.01194269,1.7134647813908224
-56.56447,-0.01192143,1.7132971969860233
-56.5728,-0.01189128,1.7131288534419369
-56.58113,-0.01183157,1.7129605594656736
-56.58945,-0.0117748,1.7127925169797549
-56.59775,-0.01172665,1.7126249276693861
-56.60613,-0.01169088,1.7124557728995073
-56.61467,-0.0116876,1.712283439963529
-56.62291,-0.01166638,1.7121172101539819
-56.63133,-0.01165355,1.7119473990810388
-56.6398,-0.01168732,1.7117766305671984
-56.6483,-0.0117283,1.7116053085441223
-56.65665,-0.0117687,1.7114370599038242
-56.66501,-0.01180317,1.711268659442573
-56.67336,-0.01185948,1.711100510010347
-56.68169,-0.01191204,1.7109328126948933
-56.69002,-0.01195178,1.7107651646621398
-56.6983,-0.0120018,1.7105985717384824
-56.70653,-0.01204303,1.7104330330210646
-56.71483,-0.01207081,1.7102661349773949
-56.72316,-0.01209594,1.7100986827955285
-56.73128,-0.0120932,1.7099354994281812
-56.73958,-0.01209199,1.7097687469664034
-56.74791,-0.01209915,1.7096014408283935
-56.75613,-0.01206164,1.7094363921571114
-56.76444,-0.01200463,1.7092695849725636
-56.77271,-0.01197066,1.7091036291908561
-56.78104,-0.01196782,1.7089365182462317
-56.78943,-0.01197139,1.7087682531766912
-56.79773,-0.01196488,1.7086018420102351
-56.80605,-0.01195875,1.708435078657995
-56.81451,-0.01197232,1.7082655592735025
-56.823,-0.01199925,1.7080954895024902
-56.83133,-0.01201931,1.7079286742013604
-56.83957,-0.01200246,1.7077637093313691
-56.84789,-0.0119765,1.707597191382125
-56.85619,-0.01195537,1.7074311222753407
-56.86453,-0.01196129,1.707264301665731
-56.8728,-0.01197679,1.707098929541011
-56.88118,-0.01197333,1.7069314068379033
-56.88948,-0.01196104,1.7067655320456434
-56.89784,-0.01195018,1.7065985070786516
-56.90625,-0.01195146,1.7064305326743545
-56.91461,-0.0119659,1.7062636061285494
-56.92302,-0.01198347,1.706095730690325
-56.9312,-0.01197203,1.705932493957619
-56.93956,-0.01195065,1.7057657136795576
-56.94789,-0.01194747,1.7055995805990354
-56.9563,-0.01195617,1.7054319012997685
-56.9646,-0.01196871,1.7052664637336172
-56.97301,-0.01198226,1.7050988827867792
-56.98132,-0.01198824,1.7049333430675175
-56.98964,-0.01199042,1.704767652506666
-56.99791,-0.01198317,1.7046030056189778
-57.00626,-0.01198274,1.7044368144831812
-57.01468,-0.01201559,1.7042692794206684
-57.02304,-0.01204867,1.7041029871434423
-57.03136,-0.01206296,1.7039375389259521
-57.03966,-0.01206312,1.7037725365123144
-57.04799,-0.01205595,1.7036069859779461
-57.05629,-0.01205417,1.7034420797426542
-57.06456,-0.0120446,1.7032778172652168
-57.07292,-0.01204254,1.7031118155510527
-57.08127,-0.01203953,1.7029460609408305
-57.08948,-0.0120181,1.7027831327242775
-57.09773,-0.01199474,1.7026194579013914
-57.10606,-0.01198012,1.702454243910366
-57.11444,-0.01196335,1.702288086865598
-57.1228,-0.01195396,1.7021223749536087
-57.13117,-0.01194994,1.7019565134059045
-57.1396,-0.01195297,1.701789512002184
-57.14792,-0.01197465,1.701624738048209
-57.15628,-0.01200898,1.701459220229168
-57.16463,-0.01202278,1.7012939487231877
-57.17296,-0.01202643,1.7011291211789628
-57.18126,-0.01204408,1.7009649350154228
-57.18974,-0.01207353,1.7007972374065696
-57.19798,-0.01208796,1.7006343335901022
-57.20638,-0.01209109,1.7004683148977437
-57.2146,-0.01209044,1.7003059009413684
-57.22278,-0.01206241,1.7001443236417386
-57.23109,-0.01203075,1.6999802257828742
-57.23946,-0.01201525,1.6998149912665141
-57.24773,-0.01201072,1.699651778332521
-57.25607,-0.0119956,1.6994872316594556
-57.26442,-0.01197915,1.6993225357036708
-57.27281,-0.01196163,1.6991570991540312
-57.28114,-0.01193512,1.6989928936470187
-57.28952,-0.01190636,1.6988277506950658
-57.29785,-0.01188525,1.6986636409568598
-57.30632,-0.0118944,1.6984968219910126
-57.31459,-0.01190133,1.6983339896525473
-57.32291,-0.01190133,1.6981702202487625
-57.33128,-0.01190526,1.698005514616105
-57.33966,-0.01190747,1.69784066037364
-57.34805,-0.01189568,1.6976756576727543
-57.35645,-0.01188014,1.6975105066648997
-57.36484,-0.01190357,1.6973456005455607
-57.37306,-0.01190491,1.6971840825641862
-57.38133,-0.01187886,1.6970216288120197
-57.38959,-0.01187084,1.6968594182324703
-57.39798,-0.01190341,1.6966947024964991
-57.40633,-0.01193925,1.6965308198590643
-57.41487,-0.01198394,1.6963632574627443
-57.42319,-0.01200826,1.6962000595926487
-57.43147,-0.01201359,1.6960376932716508
-57.43979,-0.01202446,1.69587458972256
-57.44815,-0.01205205,1.6957107496063841
-57.45631,-0.01207319,1.695550875091004
-57.46455,-0.01207186,1.695389479252861
-57.47287,-0.01206918,1.6952265634202712
-57.48128,-0.0120708,1.6950619332067762
-57.48958,-0.01207398,1.694899503527422
-57.49789,-0.01206051,1.6947369251289048
-57.50629,-0.01204286,1.6945726337066778
-57.5145,-0.01200759,1.694412104773579
-57.52272,-0.01197684,1.6942514262190662
-57.53105,-0.01196366,1.694088644305988
-57.53944,-0.01196233,1.6939247375365487
-57.54779,-0.01197775,1.69376165965713
-57.55611,-0.01198415,1.6935992147488772
-57.56455,-0.01198731,1.693434474863436
-57.57292,-0.01199013,1.69327114900547
-57.58128,-0.01198597,1.6931080656769004
-57.58952,-0.01198134,1.692947369590856
-57.59787,-0.01197419,1.6927845751934925
-57.60626,-0.01197887,1.6926210484763287
-57.61452,-0.01197361,1.6924601020714918
-57.62273,-0.01195164,1.6923001756424938
-57.6312,-0.01194278,1.6921352323047238
-57.63953,-0.01191879,1.6919730625839593
-57.64793,-0.01190006,1.6918095775511799
-57.65625,-0.01188764,1.6916476964769647
-57.66463,-0.01189719,1.691484695210912
-57.67297,-0.01191217,1.6913225190240766
-57.68128,-0.01188883,1.6911609728494237
-57.68965,-0.01187146,1.6909983073220238
-57.698,-0.01187576,1.6908360775070195
-57.7065,-0.01188572,1.6906709816051917
-57.71494,-0.01189308,1.6905070992016973
-57.72328,-0.01189899,1.6903452056085517
-57.73157,-0.01188891,1.6901843289555436
-57.73975,-0.01184411,1.6900256322550757
-57.74815,-0.01183552,1.6898627142168192
-57.75655,-0.0118528,1.6896998435675261
-57.7648,-0.01184928,1.6895399274298533
-57.77326,-0.01184522,1.6893759881301489
-57.78156,-0.01184339,1.6892151959898625
-57.78992,-0.01182404,1.6890532881858982
-57.79819,-0.01179729,1.688893169491986
-57.80664,-0.01181024,1.6887296130686718
-57.81497,-0.01183215,1.688568426135999
-57.82326,-0.01184938,1.688408059317306
-57.83153,-0.01187766,1.6882481252009067
-57.83992,-0.01190363,1.6880859171312825
-57.8483,-0.01191868,1.6879239493641127
-57.85672,-0.01195074,1.6877612557365849
-57.86501,-0.01199551,1.687601120262487
-57.87329,-0.01200816,1.6874412237493326
-57.88158,-0.01201322,1.6872811799539682
-57.88969,-0.01200064,1.6871246555301989
-57.89798,-0.0119913,1.6869647023954895
-57.90634,-0.01201226,1.6868034450113751
-57.91473,-0.01205419,1.6866416557583883
-57.92291,-0.01205732,1.6864839611821987
-57.93126,-0.01204283,1.6863230352662795
-57.93959,-0.01202272,1.6861625410190166
-57.94788,-0.01198752,1.686002863262642
-57.95624,-0.01196112,1.6858418834624191
-57.96452,-0.01192952,1.6856824899093446
-57.97281,-0.01188117,1.6855229494654478
-57.98108,-0.01182221,1.6853638393765689
-57.9895,-0.01177844,1.6852018899973271
-57.99794,-0.011767,1.6850396031307318
-58.00633,-0.01177841,1.6848783244863106
-58.01474,-0.01175838,1.684716708202088
-58.02313,-0.01174851,1.6845555229440397
-58.03153,-0.01176445,1.6843941922606556
-58.03998,-0.01178991,1.6842319483914365
-58.04831,-0.01182625,1.684072054810898
-58.05675,-0.01185667,1.6839100965865295
-58.06494,-0.01184899,1.683752980714352
-58.07335,-0.01186814,1.6835916905086412
-58.08174,-0.01190929,1.68343083041245
-58.09003,-0.01193297,1.6832719332388018
-58.09827,-0.01194731,1.6831140393681259
-58.10658,-0.01194614,1.682954849519624
-58.11479,-0.01194498,1.682797620020652
-58.12323,-0.01197724,1.6826360320993863
-58.13155,-0.01200364,1.682476787562004
-58.13979,-0.01201422,1.6823191191437052
-58.14812,-0.01202266,1.682159774039126
-58.15642,-0.01202325,1.6820010482075753
-58.16467,-0.01200698,1.6818433234470342
-58.17311,-0.01202501,1.681682012531219
-58.18138,-0.01203432,1.681523996165096
-58.18962,-0.01200315,1.6813665976852916
-58.19798,-0.01199257,1.6812069525437137
-58.2063,-0.01197475,1.6810481167846092
-58.21463,-0.01194273,1.6808891356004496
-58.22296,-0.01192951,1.6807301999073903
-58.23138,-0.01195319,1.6805695932330642
-58.23962,-0.01196549,1.680412464916495
-58.24789,-0.01195128,1.6802548092299996
-58.25642,-0.01198055,1.6800922439106283
-58.26469,-0.01198617,1.6799346791341376
-58.27304,-0.01198834,1.6797756355254503
-58.28149,-0.01203269,1.6796147335972367
-58.28981,-0.01204269,1.6794563526626693
-58.29805,-0.01200997,1.6792995391784116
-58.30626,-0.0119983,1.6791433406978942
-58.31465,-0.01199368,1.6789837630852622
-58.32283,-0.01196325,1.678828223870481
-58.33122,-0.0119617,1.6786687369130973
-58.33962,-0.01197183,1.678509105818653
-58.34784,-0.01195503,1.678352939886035
-58.35626,-0.01195461,1.6781930199090893
-58.36469,-0.01196622,1.6780329562274723
-58.37296,-0.01195348,1.6778759754516477
-58.38132,-0.01195064,1.6777173315026106
-58.38977,-0.01195958,1.6775570258283259
-58.398,-0.01196468,1.6774009383883008
-58.40633,-0.01196727,1.677242999174918
-58.41463,-0.01195767,1.6770856735718431
-58.42294,-0.01196515,1.6769282032023725
-58.43134,-0.01197766,1.6767690728982085
-58.43968,-0.01199016,1.6766111244962327
-58.44798,-0.01200865,1.6764539783924097
-58.45638,-0.01201445,1.6762949843969128
-58.46465,-0.01201298,1.6761384956550667
-58.47292,-0.01199171,1.6759820511785626
-58.48129,-0.01196346,1.6758237600435968
-58.48958,-0.0119169,1.6756670265028402
-58.49791,-0.01187846,1.675509581453423
-58.50617,-0.01185163,1.6753535037415714
-58.51456,-0.0118766,1.6751950147108685
-58.52295,-0.01194823,1.6750365711229525
-58.53142,-0.01200558,1.6748766628248553
-58.53981,-0.01207987,1.6747183104967371
-58.54819,-0.01218275,1.6745601922108948
-58.55647,-0.01225504,1.6744040052277742
-58.56459,-0.01226289,1.674250879242901
-58.57282,-0.01228419,1.6740957222138184
-58.58122,-0.0123282,1.6739374051957263
-58.58943,-0.01232296,1.6737827130251994
-58.59758,-0.0122821,1.6736291942431754
-58.60591,-0.01227684,1.673472328985251
-58.61424,-0.01228588,1.6733155083133382
-58.62254,-0.01227321,1.6731592967483158
-58.63084,-0.01227171,1.6730031294110743
-58.63928,-0.01227176,1.6728443732596991
-58.64758,-0.01225409,1.6726882950669064
-58.65588,-0.01222058,1.6725322610452693
-58.66423,-0.01218396,1.6723753316117844
-58.6725,-0.01215947,1.6722199497209083
-58.68083,-0.01210857,1.67206348478711
-58.68922,-0.01206379,1.6719059377514305
-58.69762,-0.01203528,1.6717482480550316
-58.70592,-0.01201107,1.6715924799406943
-58.71434,-0.012003,1.671434504756419
-58.7227,-0.0119761,1.671277700105751
-58.73109,-0.01193193,1.6711203776398498
-58.73947,-0.01190869,1.6709632875475382
-58.74789,-0.01190169,1.6708054927589742
-58.7563,-0.01191289,1.6706479305197912
-58.76468,-0.01191638,1.6704909751912203
-58.77306,-0.01190822,1.6703340646207634
-58.7813,-0.0118958,1.6701798190921262
-58.78972,-0.01190091,1.670022248787713
-58.79817,-0.01191443,1.6698641624390693
-58.8065,-0.0119121,1.6697083655718332
-58.81484,-0.01190526,1.6695524258843517
-58.82314,-0.01190922,1.6693972780099804
-58.83147,-0.01189252,1.6692416133746106
-58.8398,-0.01186465,1.6690859928143875
-58.84816,-0.0118509,1.6689298560906578
-58.85643,-0.01188053,1.6687754439064686
-58.86478,-0.01191573,1.668619582031904
-58.87317,-0.01194313,1.668463018043703
-58.88146,-0.01196214,1.6683083639570078
-58.88986,-0.01198366,1.6681517021775907
-58.89821,-0.01203111,1.6679960171964479
-58.90666,-0.01210227,1.6678385126571427
-58.9147,-0.01211439,1.6676886922958105
-58.92297,-0.01211198,1.6675346286855532
-58.93124,-0.01213261,1.667380608315725
-58.93951,-0.01215672,1.6672266311681248
-58.94785,-0.01219433,1.6670713944613755
-58.95616,-0.01223943,1.6669167598432462
-58.96439,-0.01224048,1.6667636568444104
-58.97269,-0.01222303,1.666609294912611
-58.98102,-0.01221242,1.6664544187265666
-58.98927,-0.01219538,1.6663010730595582
-58.99753,-0.01217597,1.6661475844836215
-59.00581,-0.01215068,1.6659937673934144
-59.01407,-0.01212328,1.6658403648485862
-59.02234,-0.01210392,1.6656868196008494
-59.03076,-0.01209856,1.665530533572666
-59.03922,-0.01209249,1.665373549989312
-59.04761,-0.01207136,1.6652179097511315
-59.05599,-0.01205719,1.6650624991639291
-59.06429,-0.01203997,1.6649086156796264
-59.07272,-0.01201944,1.6647523662360562
-59.08109,-0.01201641,1.6645972730022414
-59.08939,-0.01201179,1.664443520232651
-59.09775,-0.01200287,1.664288699654386
-59.10611,-0.01198492,1.6641339228719332
-59.11452,-0.01196713,1.6639782645617354
-59.12289,-0.01196565,1.663823390568357
-59.13123,-0.01195809,1.663669115288148
-59.13965,-0.01195914,1.6635134042896769
-59.14795,-0.01194823,1.6633599558395513
-59.15622,-0.01193922,1.6632071048488224
-59.16461,-0.01194787,1.6630520796131334
-59.1729,-0.01196249,1.6628989452942142
-59.1814,-0.01198088,1.6627419763641957
-59.18973,-0.01201973,1.6625881905526518
-59.19804,-0.01206189,1.6624348170986742
-59.20639,-0.01209794,1.6622807487502618
-59.21472,-0.01211433,1.6621270927228906
-59.22302,-0.0121192,1.6619740330702486
-59.23128,-0.01212706,1.6618217536409814
-59.23946,-0.01212518,1.6616709909239549
-59.24793,-0.01213533,1.6615149271881737
-59.25609,-0.01214543,1.6613646175439518
-59.26427,-0.01214247,1.661213981037816
-59.27263,-0.01212838,1.66106007275196
-59.28108,-0.01213048,1.660904551671461
-59.2894,-0.0121285,1.6607514665353333
-59.29773,-0.01212169,1.6605982404385462
-59.30608,-0.01212603,1.6604446896507068
-59.31445,-0.01212729,1.660290814464266
-59.32263,-0.01210509,1.6601404742170063
-59.33093,-0.01207157,1.6599879708610668
-59.33928,-0.01206378,1.6598345918588833
-59.3476,-0.01205424,1.6596818068464438
-59.356,-0.01204445,1.6595275961992049
-59.36429,-0.01202055,1.6593754477649778
-59.37262,-0.01199277,1.65922260799675
-59.38098,-0.01198245,1.659069260898018
-59.38933,-0.01198512,1.6589161403235226
-59.39769,-0.0119884,1.6587628794991858
-59.40604,-0.01196734,1.6586098450595261
-59.41437,-0.01194206,1.6584572200294305
-59.42271,-0.01194455,1.6583044546436874
-59.43115,-0.01197262,1.6581499011881817
-59.43955,-0.01199904,1.6579961237929965
-59.44791,-0.01201376,1.6578431218187486
-59.45615,-0.01201066,1.6576923581496614
-59.46451,-0.01201329,1.6575394415929772
-59.47296,-0.01203618,1.6573849224925077
-59.48137,-0.01205997,1.6572311784345248
-59.48969,-0.01206427,1.657079122449621
-59.49793,-0.01205008,1.6569285704561487
-59.50627,-0.01204758,1.6567762338321659
-59.51453,-0.01205203,1.6566254005534446
-59.52286,-0.0120563,1.6564733314225828
-59.53111,-0.01205364,1.656322764685557
-59.53941,-0.01205023,1.6561713275291106
-59.5477,-0.01203088,1.656020114966657
-59.55609,-0.01201214,1.6558671212297518
-59.56442,-0.01200781,1.655715264246676
-59.57274,-0.01200045,1.6555636319564955
-59.58102,-0.0119687,1.6554127707112096
-59.58931,-0.01195158,1.6552617692670046
-59.59764,-0.01193866,1.6551100815401414
-59.60596,-0.01191567,1.6549586182321363
-59.61441,-0.01191644,1.6548048315835047
-59.62282,-0.01191845,1.6546518162005754
-59.63113,-0.01190236,1.6545006626572394
-59.63948,-0.01189028,1.6543488239669428
-59.64781,-0.01187294,1.6541973913208214
-59.65628,-0.01187748,1.654043456950383
-59.66457,-0.01187048,1.6538928362343013
-59.67285,-0.01186334,1.6537424389818822
-59.68129,-0.01189368,1.6535891784510692
-59.68958,-0.01191022,1.6534386839377997
-59.698,-0.01192068,1.6532858722235249
-59.70644,-0.01193265,1.6531327407897707
-59.71471,-0.01193397,1.6529827357446765
-59.72315,-0.01194839,1.6528296899945834
-59.73142,-0.01195634,1.6526797688720611
-59.73988,-0.01196897,1.6525264463202807
-59.74806,-0.0119714,1.652378239561251
-59.7563,-0.01195758,1.6522289867344528
-59.7646,-0.01193091,1.6520786887220864
-59.77286,-0.01191521,1.6519291564767018
-59.78108,-0.01191329,1.6517803893807206
-59.7894,-0.01191969,1.6516298541212993
-59.79768,-0.01192069,1.6514800841771788
-59.80586,-0.01191542,1.6513321637712424
-59.81419,-0.01192047,1.6511815724663328
-59.82231,-0.01190023,1.6510348179466825
-59.83072,-0.01188787,1.6508828641874942
-59.83917,-0.01191243,1.6507302307167695
-59.84744,-0.01193299,1.6505808903438477
-59.85576,-0.01191,1.65043068870899
-59.86404,-0.01186832,1.6502812506473
-59.87242,-0.01185805,1.6501300498626912
-59.88071,-0.01187862,1.6499805145930968
-59.88904,-0.01189952,1.6498302995005432
-59.89731,-0.01193805,1.6496812077203469
-59.90562,-0.01198599,1.6495314362826057
-59.91385,-0.01202336,1.6493831476361476
-59.9222,-0.01203459,1.6492327384508578
-59.93057,-0.01205226,1.6490820110671396
-59.93877,-0.0121074,1.6489343858741177
-59.94708,-0.01217081,1.6487848215459366
-59.9556,-0.01219257,1.6486315206586206
-59.96397,-0.01221226,1.6484809611505042
-59.97269,-0.01223053,1.6483241505425221
-59.98116,-0.01220045,1.6481718793034346
-59.98964,-0.01218285,1.6480194713620553
