Temp./°C,DSC/(mW/mg),pore radius in nm
-0.31456,0.0006024934,206.15875890132247
-0.31697,0.0005797198,204.5956175663312
-0.31749,0.0002117741,204.26145484897162
-0.32042,-0.0001714246,202.39884963485426
-0.32469,-0.0002003715,199.7445973082017
-0.33043,-0.0004140029,196.28467481766182
-0.33733,-0.0009285222,192.2813805472386
-0.34523,-0.001396697,187.8943924340295
-0.35356,-0.002210619,183.48096277859486
-0.36229,-0.002974108,179.07340887134615
-0.37148,-0.003258114,174.65743404759343
-0.38081,-0.003919608,170.39222105511936
-0.39009,-0.0047626,166.35225537696428
-0.3994,-0.00517174,162.48787681522285
-0.40855,-0.005827979,158.8615187859503
-0.41747,-0.006455494,155.47933480250077
-0.42622,-0.006829592,152.29915395804983
-0.4351,-0.007176376,149.20249827625832
-0.44356,-0.007981528,146.36763729822346
-0.45189,-0.008226895,143.68004890570714
-0.4601,-0.008624528,141.1264007824386
-0.46809,-0.009190447,138.7271919929928
-0.47588,-0.009374863,136.4656039337648
-0.48387,-0.00935846,134.2216006365346
-0.49168,-0.009565315,132.09863651155223
-0.49968,-0.009780003,129.99283061159142
-0.50743,-0.01010705,128.01615020791044
-0.51552,-0.00989481,126.0161514587213
-0.52348,-0.01023851,124.10862611752121
-0.53148,-0.01014791,122.24908481974863
-0.53963,-0.01008196,120.4113727924689
-0.54775,-0.009558666,118.63481058877225
-0.55638,-0.009383554,116.80350947194364
-0.56459,-0.01012423,115.11329690571918
-0.5728,-0.009934098,113.47153631284917
-0.58128,-0.009766562,111.82447288742085
-0.58965,-0.009833597,110.24523106927838
-0.59804,-0.009582741,108.7065794930105
-0.60658,-0.009429241,107.1841316891424
-0.6151,-0.009344659,105.70737603641685
-0.62364,-0.009215171,104.26764607786544
-0.63228,-0.009203538,102.85063516163726
-0.64076,-0.009433157,101.49702415881141
-0.64922,-0.00894873,100.18184190259079
-0.65804,-0.00880379,98.8467005045286
-0.66646,-0.009133858,97.60508087507127
-0.67506,-0.008916222,96.36889195034514
-0.68361,-0.009030301,95.17072263425051
-0.69203,-0.008904559,94.01970593760385
-0.70061,-0.008826118,92.87527683019084
-0.70903,-0.008859128,91.77911668053537
-0.71758,-0.008772202,90.6923556955322
-0.72597,-0.008971562,89.65081601168092
-0.73436,-0.009136352,88.63307533090037
-0.74266,-0.009019382,87.64887862548137
-0.75111,-0.008913287,86.66923979177483
-0.75951,-0.00889576,85.71700267277586
-0.76796,-0.008932299,84.78011511016199
-0.77638,-0.008975085,83.86683917669183
-0.78474,-0.009004246,82.97946045824094
-0.79311,-0.009114798,82.1097611932771
-0.8015,-0.009134596,81.2562133499688
-0.80989,-0.009412824,80.42035004753731
-0.8181,-0.009236768,79.61901601271238
-0.82658,-0.009052156,78.80804108495245
-0.83489,-0.009252349,78.02930601636143
-0.84331,-0.009170004,77.25591621112046
-0.85164,-0.00910616,76.50584143534827
-0.86,-0.009241648,75.76767441860464
-0.8683,-0.009435792,75.04886675112289
-0.87657,-0.009251715,74.34619585429571
-0.885,-0.009118622,73.6434463276836
-0.89336,-0.009241685,72.95963016029371
-0.90169,-0.009064443,72.29087968148698
-0.9102,-0.009160321,71.62031861129421
-0.91844,-0.009374621,70.98287400374548
-0.92683,-0.009332466,70.34547122989113
-0.93517,-0.009187656,69.72320209159832
-0.94359,-0.009118238,69.10612268040144
-0.95198,-0.009135079,68.50209941385323
-0.96047,-0.009274516,67.90161889491603
-0.96864,-0.009419302,67.33370994383878
-0.97698,-0.009135334,66.7637808348175
-0.98549,-0.008951033,66.1921777998762
-0.99385,-0.009297735,65.6401816169442
-1.00209,-0.009417873,65.10512159586465
-1.01039,-0.009401798,64.57498817288374
-1.01872,-0.009442099,64.05162399874351
-1.02699,-0.009437165,63.5404281443831
-1.03536,-0.00952418,63.031366094884866
-1.04366,-0.009281468,62.5346244945672
-1.05208,-0.009238685,62.038709603832416
-1.06047,-0.009238791,61.55239459862137
-1.06889,-0.009238318,61.072016110170374
-1.07719,-0.009224284,60.605833975436084
-1.08559,-0.009208384,60.14129302959681
-1.09398,-0.009206506,59.684426223514144
-1.10225,-0.009186906,59.240900430936726
-1.11061,-0.009160358,58.799261396889996
-1.119,-0.009172982,58.36267202859696
-1.1274,-0.009177709,57.93207202412631
-1.13582,-0.009176189,57.506838583578386
-1.14415,-0.009164707,57.09230913778788
-1.15248,-0.009158635,56.68377203942802
-1.1609,-0.009157788,56.276779223016625
-1.16933,-0.009174958,55.875174758194866
-1.17766,-0.00918212,55.48398196423416
-1.18602,-0.00919199,55.09690511121229
-1.19423,-0.009200884,54.72204776299373
-1.20268,-0.009204829,54.341576811787014
-1.21104,-0.009214601,53.97038314176246
-1.21938,-0.009242442,53.60514901015271
-1.22771,-0.009264685,53.245306057619466
-1.23589,-0.009280339,52.89666337619044
-1.24431,-0.009316705,52.542579180429314
-1.25264,-0.009363868,52.19696385234385
-1.26097,-0.009400735,51.85591481161329
-1.26924,-0.009434053,51.521750653934646
-1.27745,-0.009457024,51.19429057888763
-1.28569,-0.009458926,50.86983899695883
-1.29399,-0.009466983,50.547202296772
-1.30232,-0.009485956,50.227534246575345
-1.31065,-0.009481674,49.91192957692748
-1.31899,-0.009466089,49.599939574977824
-1.32747,-0.009462805,49.28673182821458
-1.33595,-0.009467301,48.97750028069913
-1.34435,-0.009445467,48.67503217168149
-1.35286,-0.009424523,48.372433363393114
-1.36137,-0.009424609,48.07361767924958
-1.36995,-0.009440163,47.776102412496805
-1.37837,-0.009439668,47.4877361666316
-1.38695,-0.009456936,47.19749197880241
-1.39546,-0.00946797,46.91314132974073
-1.40392,-0.009458569,46.63387828366289
-1.41231,-0.009438691,46.360230190255685
-1.42073,-0.009422199,46.08885298402934
-1.42915,-0.009412093,45.82067347724172
-1.43767,-0.009412413,45.55250641663247
-1.446,-0.009401883,45.29337482710927
-1.45433,-0.00938594,45.03721170573392
-1.46275,-0.009379673,44.781245940864814
-1.47109,-0.009375558,44.53060064306059
-1.47954,-0.009379075,44.279531340822146
-1.48793,-0.00939146,44.033066138864065
-1.49632,-0.009398835,43.78936484174508
-1.50472,-0.009412468,43.54809559253549
-1.51296,-0.00942936,43.31402495769881
-1.52132,-0.009443328,43.07913680225068
-1.52959,-0.009451533,42.84930360423382
-1.53792,-0.009455848,42.620301706200586
-1.54622,-0.009462684,42.39457864986871
-1.55452,-0.009468186,42.171265985641874
-1.56276,-0.009464258,41.951914049502165
-1.571,-0.009458225,41.73486314449396
-1.57924,-0.009443055,41.52007725234923
-1.58745,-0.009426451,41.30829096979433
-1.59569,-0.009425034,41.09792209013029
-1.60402,-0.009426675,40.88745240084288
-1.61238,-0.009420607,40.67841116858309
-1.62062,-0.009407605,40.47448100109835
-1.62898,-0.009410368,40.26968937617405
-1.63734,-0.009420083,40.06698901877436
-1.64571,-0.009426459,39.86610927806236
-1.6541,-0.009430493,39.66678979505472
-1.66228,-0.009430485,39.47439637124913
-1.67058,-0.009433231,39.281106322355114
-1.67894,-0.009443616,39.088350864235764
-1.68736,-0.009466122,38.89614261331311
-1.6956,-0.009486722,38.70989148384053
-1.7039,-0.009490414,38.524105287869006
-1.7122,-0.009497012,38.34012031304754
-1.72057,-0.009511084,38.156381257374015
-1.7289,-0.009525499,37.975286598415174
-1.73714,-0.00952908,37.797857282660004
-1.74541,-0.009524884,37.62146641763254
-1.75374,-0.009530761,37.44547755083422
-1.76204,-0.00952657,37.27177748518763
-1.77031,-0.009521351,37.10032519728183
-1.77867,-0.009518139,36.92862751381651
-1.78697,-0.009516952,36.75975136683884
-1.7953,-0.009519434,36.59183479084276
-1.8037,-0.009503447,36.424077729112376
-1.81203,-0.009479896,36.25925459291513
-1.82036,-0.009451286,36.09593992397109
-1.82872,-0.009418872,35.933532962946764
-1.83711,-0.009405736,35.772029274240516
-1.84538,-0.009384793,35.61427272431694
-1.85371,-0.009344609,35.456794590308085
-1.86214,-0.00932035,35.29886034347579
-1.87059,-0.009313704,35.14197996354092
-1.87898,-0.009315614,34.987609554119786
-1.88741,-0.009310146,34.833885430298665
-1.89565,-0.009294301,34.68494737952681
-1.90404,-0.009290485,34.53462259196235
-1.91243,-0.009317228,34.38561678074492
-1.92085,-0.009348555,34.23738683395372
-1.92915,-0.009346992,34.092535831843044
-1.93752,-0.009357123,33.94771997192287
-1.94588,-0.009382431,33.80432071864658
-1.95421,-0.009392587,33.66265636753471
-1.96248,-0.009392777,33.52320207084913
-1.97069,-0.009380694,33.38591726755603
-1.97896,-0.009379883,33.24878077373974
-1.98741,-0.009405184,33.1098382819851
-1.99562,-0.009415919,32.97596907226827
-2.00398,-0.009405171,32.84078114552042
-2.01228,-0.00939405,32.70767467748027
-2.02068,-0.009400604,32.5740778351842
-2.02904,-0.009421514,32.442215431928396
-2.03734,-0.009425552,32.3123699529779
-2.04561,-0.00942783,32.18404177726937
-2.05382,-0.009413914,32.05766688414759
-2.06227,-0.009416369,31.92864847958803
-2.07066,-0.00944115,31.80158799609786
-2.07896,-0.009457404,31.67689960364798
-2.0872,-0.009458685,31.554093522422384
-2.0956,-0.009468688,31.429896926894443
-2.10387,-0.00946328,31.308591262768136
-2.1122,-0.009453944,31.187365779755705
-2.12059,-0.009456962,31.066229822832327
-2.12889,-0.009461179,30.94733278844844
-2.13716,-0.009448425,30.829784012427705
-2.14546,-0.009438703,30.712719976135656
-2.15379,-0.009436139,30.596139967220576
-2.16206,-0.009441129,30.481288308372573
-2.17052,-0.009464677,30.36470357333727
-2.17891,-0.009468308,30.249977603480637
-2.18718,-0.009430384,30.13775391142933
-2.19548,-0.009415943,30.025973181263325
-2.20372,-0.009420032,29.915833408963024
-2.21208,-0.009400205,29.80492821236122
-2.22044,-0.009432659,29.694858136225253
-2.22899,-0.009499478,29.58314048066613
-2.23726,-0.009528501,29.47589381654345
-2.24547,-0.009531892,29.370206638253908
-2.25392,-0.009564512,29.2622339745865
-2.26201,-0.009568172,29.159617198862957
-2.27034,-0.009550136,29.05472035025591
-2.27867,-0.009560981,28.950590432138046
-2.28694,-0.009571501,28.84796094344408
-2.29527,-0.009583401,28.74533449223839
-2.3036,-0.009593527,28.643450251779825
-2.31197,-0.009595718,28.541816243290356
-2.32024,-0.009595305,28.442116677585076
-2.32857,-0.009584984,28.342409676324955
-2.3369,-0.009567434,28.243413496512474
-2.34514,-0.009546318,28.146178820880632
-2.3535,-0.009542629,28.04822392181857
-2.36183,-0.009544976,27.951310255183483
-2.37016,-0.009530314,27.85507780065481
-2.37862,-0.009521648,27.758033397516204
-2.38692,-0.009515892,27.663492869471956
-2.39528,-0.009501601,27.568931231421796
-2.40367,-0.009493595,27.474691575798676
-2.41197,-0.009490716,27.382107944957855
-2.42033,-0.009492294,27.289496928104846
-2.42864,-0.009489987,27.198071677976152
-2.43694,-0.009477661,27.10737884396005
-2.44527,-0.009470082,27.016977225418874
-2.45372,-0.009475161,26.925900428736774
-2.46205,-0.009468043,26.836728945391037
-2.47044,-0.009464003,26.74752303233432
-2.47884,-0.009475731,26.65881573639283
-2.48714,-0.009477712,26.571753017522134
-2.49538,-0.009466449,26.48589256946838
-2.50374,-0.009459369,26.399359278519334
-2.51201,-0.00945636,26.314324266225054
-2.52043,-0.009456484,26.22832020726622
-2.52873,-0.009452146,26.14410241504629
-2.53709,-0.009451536,26.05983283998597
-2.54552,-0.009458398,25.975418146390524
-2.55385,-0.009451998,25.89255222507195
-2.56209,-0.009441587,25.811111748611488
-2.57051,-0.009439409,25.728431595286537
-2.57878,-0.009445573,25.64774994377186
-2.58714,-0.009444152,25.566714518734972
-2.59551,-0.009444431,25.486105119995685
-2.60387,-0.009447126,25.406109329574825
-2.6122,-0.009445095,25.326909884388638
-2.62053,-0.009432765,25.248213949086637
-2.62889,-0.009430482,25.169736010255278
-2.63722,-0.0094373,25.092034566702814
-2.64558,-0.009436833,25.014545241497142
-2.65389,-0.009436266,24.938003195309527
-2.66216,-0.009430372,24.862303993749435
-2.67055,-0.009429484,24.785985471157627
-2.67885,-0.009434954,24.71095600724191
-2.68715,-0.00944234,24.636390041493776
-2.69554,-0.009453645,24.561482226195867
-2.70393,-0.00946955,24.487039272466372
-2.71227,-0.009487162,24.413496407068617
-2.72054,-0.009493968,24.34101604828453
-2.72893,-0.009505692,24.26793288944751
-2.7372,-0.009517091,24.19633347946807
-2.74553,-0.009531661,24.12465065032981
-2.75386,-0.009549578,24.05340148010429
-2.76216,-0.009561993,23.982836330987343
-2.7704,-0.009576167,23.913199537972858
-2.7787,-0.009576294,23.84347320689531
-2.78697,-0.00955717,23.77441195994216
-2.79533,-0.00955411,23.705014470563405
-2.80357,-0.009541278,23.637018123321337
-2.81191,-0.009522856,23.56860237347568
-2.82015,-0.009465606,23.501404357924226
-2.82848,-0.009424148,23.43387034732436
-2.83693,-0.009421557,23.365768665423538
-2.84529,-0.009430091,23.29879038692014
-2.85365,-0.009406784,23.232204545056334
-2.86208,-0.009430659,23.165455053667262
-2.87056,-0.009471352,23.098705200379023
-2.87877,-0.009443289,23.03445530556453
-2.88704,-0.009431195,22.970105298160057
-2.89546,-0.009466414,22.904965774004822
-2.90367,-0.009478961,22.84181463458313
-2.912,-0.009477179,22.778104395604398
-2.92055,-0.009513604,22.713089486569313
-2.92882,-0.009542694,22.650564869128182
-2.937,-0.009537647,22.589067075246852
-2.9453,-0.009515234,22.527016263198995
-2.95366,-0.009526947,22.46486941624967
-2.96202,-0.009550016,22.40307337560179
-2.97023,-0.009539388,22.342724671153412
-2.97859,-0.009534747,22.28161522733911
-2.98698,-0.009562651,22.220630402614013
-2.99519,-0.009550156,22.161284693124642
-3.00349,-0.00951981,22.10161821747367
-3.01186,-0.009514882,22.041781556911676
-3.02019,-0.009519422,21.98256013694503
-3.02855,-0.009517255,21.923452972544617
-3.03679,-0.009505798,21.865512695971734
-3.04521,-0.00949889,21.80663064287849
-3.0536,-0.00948556,21.74828137280587
-3.06197,-0.009463496,21.690389814400532
-3.07036,-0.009435459,21.632676689378446
-3.0786,-0.009415024,21.576301565646723
-3.08696,-0.009406554,21.5194130147459
-3.09529,-0.009396443,21.463034255271722
-3.10378,-0.009411329,21.405883986622765
-3.11217,-0.009436237,21.349713190474816
-3.12065,-0.00944714,21.29324675948921
-3.12898,-0.009439823,21.23807713695837
-3.13719,-0.009417259,21.183988951896442
-3.14555,-0.009394906,21.12920268315557
-3.15382,-0.009376557,21.07529199510435
-3.16206,-0.009352444,21.021857333510436
-3.17046,-0.009340761,20.967671000422655
-3.17888,-0.009349733,20.913643044091003
-3.1873,-0.009371217,20.859900542779155
-3.19569,-0.009393631,20.80663121266456
-3.20403,-0.00941532,20.753955830625806
-3.21236,-0.009441925,20.701616630763677
-3.22072,-0.00946821,20.649361136640255
-3.22896,-0.009484787,20.59812050939002
-3.23729,-0.0095008,20.546585353799014
-3.24556,-0.009516488,20.495683087048153
-3.25392,-0.009536492,20.44448984609333
-3.26216,-0.009537254,20.394288201682322
-3.27037,-0.009537207,20.34452092576681
-3.27873,-0.0095499,20.294100490128802
-3.287,-0.009549003,20.244475205354426
-3.29533,-0.009549648,20.194741679892456
-3.30364,-0.009548898,20.145377462435373
-3.31194,-0.009537254,20.096319921254615
-3.32024,-0.009518856,20.047507650049393
-3.32863,-0.009501453,19.998413491436416
-3.33699,-0.009484624,19.949740424754044
-3.34523,-0.009472559,19.90200407744759
-3.35362,-0.009465419,19.853639768369703
-3.36195,-0.009449443,19.805860140692158
-3.37029,-0.009434822,19.758259763996573
-3.37868,-0.009438852,19.71061112623865
-3.38713,-0.009456935,19.662860327179647
-3.39558,-0.009477449,19.615347186636747
-3.40376,-0.009474159,19.569576938444545
-3.41213,-0.00947059,19.522970725030994
-3.42052,-0.009482287,19.476482055360005
-3.42888,-0.009486046,19.43038589860246
-3.43718,-0.009483508,19.384842399874316
-3.44542,-0.009483968,19.339845185782867
-3.45369,-0.009487262,19.294900034455903
-3.46205,-0.009489812,19.249684002253
-3.47038,-0.009495504,19.204846904373586
-3.47871,-0.00951037,19.160224537256628
-3.48711,-0.009516381,19.11544307463774
-3.49547,-0.009527232,19.071088551754126
-3.50374,-0.00953274,19.027419785714695
-3.51204,-0.009539307,18.983799387250716
-3.52031,-0.009534843,18.940541230743886
-3.5287,-0.00953942,18.89686258395443
-3.53703,-0.009538756,18.853701297416194
-3.54527,-0.009526252,18.811205888409063
-3.5536,-0.009523364,18.76844664565511
-3.562,-0.00952249,18.725530600786076
-3.57033,-0.009520651,18.683171611587728
-3.57854,-0.009497799,18.641615798621785
-3.5869,-0.009471565,18.599496222364717
-3.59523,-0.009464163,18.557722621362196
-3.60362,-0.009458554,18.515843346412776
-3.61192,-0.009448847,18.47460475315068
-3.62032,-0.009442754,18.433061828788617
-3.62865,-0.009436374,18.392055034241384
-3.63704,-0.009429415,18.350942744649497
-3.64537,-0.009424063,18.310311683039032
-3.65379,-0.009426936,18.269429907028048
-3.66225,-0.009434064,18.228543245272718
-3.67055,-0.009435746,18.18861301439839
-3.67891,-0.009427499,18.148576263077924
-3.68718,-0.009419533,18.109149160062703
-3.69554,-0.009423605,18.069472336925053
-3.70393,-0.009436519,18.029833204191224
-3.71217,-0.009454241,17.991077159720597
-3.72057,-0.009464323,17.951745270213973
-3.72887,-0.009467036,17.91305567102098
-3.73723,-0.009484974,17.87426010708466
-3.74556,-0.00952088,17.8357760121317
-3.75392,-0.00953451,17.797325036228795
-3.76216,-0.009538835,17.759593212409893
-3.77043,-0.00954115,17.72188983749864
-3.77867,-0.009537787,17.684487372541135
-3.78706,-0.009554866,17.64657127164608
-3.79533,-0.009569559,17.609361531144856
-3.80357,-0.009556699,17.572447700449843
-3.81181,-0.00953899,17.535693463210393
-3.82027,-0.009547015,17.498122881367024
-3.82854,-0.009550258,17.461556572479328
-3.83693,-0.009537593,17.424620751486213
-3.8452,-0.009510766,17.388370955997086
-3.85347,-0.009491418,17.35227675316014
-3.86183,-0.00947373,17.31594686974828
-3.87022,-0.0094566,17.279644412979106
-3.87856,-0.00945101,17.243713955694897
-3.88692,-0.009444118,17.20785207825219
-3.89525,-0.009432914,17.17227199794622
-3.90376,-0.009432754,17.136079881959958
-3.91213,-0.009448007,17.100636763093252
-3.92049,-0.009459714,17.06538705620981
-3.92885,-0.009445038,17.030287361441644
-3.93727,-0.009474885,16.995086417746307
-3.94554,-0.009496466,16.960658819832016
-3.9539,-0.009508059,16.926002933812185
-3.9622,-0.009514664,16.89174044722629
-3.97057,-0.009537206,16.857334060349018
-3.97893,-0.009571039,16.8231132741717
-3.98708,-0.009570165,16.78989024549294
-3.99541,-0.00954558,16.75607351936347
-4.00371,-0.009554715,16.722518539055027
-4.01207,-0.009600253,16.68886133591887
-4.02034,-0.009629758,16.655704194172632
-4.02852,-0.009627976,16.623041811881286
-4.03694,-0.009639414,16.589559369225203
-4.04533,-0.009683874,16.55633486019682
-4.05351,-0.009692253,16.5240743701138
-4.06169,-0.009651222,16.49194382141424
-4.07002,-0.009617497,16.459356809057446
-4.07839,-0.009611442,16.426747392966345
-4.08675,-0.009595178,16.394310270997735
-4.09499,-0.009561133,16.362468357676086
-4.10338,-0.009532468,16.330178194561558
-4.1118,-0.009518589,16.29790505374775
-4.12016,-0.009517312,16.2659923886451
-4.12849,-0.009495732,16.234322791141555
-4.13689,-0.00949042,16.202516213870805
-4.14519,-0.009475554,16.17121490209134
-4.15367,-0.009466355,16.139363960064234
-4.16197,-0.009456062,16.108314788429517
-4.1704,-0.009460502,16.0769058123921
-4.17879,-0.009463497,16.045771694677168
-4.18709,-0.009468926,16.015094325653376
-4.19545,-0.009469261,15.98431789200205
-4.20387,-0.009484777,15.953444302511732
-4.21227,-0.009503829,15.922767035351486
-4.2206,-0.009510163,15.892466000094773
-4.2289,-0.009509405,15.862392820828111
-4.23732,-0.009518639,15.832005229720671
-4.24559,-0.009520361,15.802276314952692
-4.25392,-0.009519177,15.772448565088203
-4.26222,-0.00952107,15.74284419856319
-4.27052,-0.009520537,15.713354907599074
-4.27879,-0.009520178,15.68408599160043
-4.28716,-0.009519666,15.654578135642243
-4.29546,-0.009521441,15.625430617442602
-4.30379,-0.009522649,15.596290780916355
-4.31215,-0.00953333,15.567159189731342
-4.32048,-0.009549395,15.53824426915528
-4.32881,-0.009561927,15.509440631489948
-4.33711,-0.00956261,15.480850773902437
-4.34547,-0.009568168,15.452164645021139
-4.35371,-0.009567349,15.423998084392391
-4.36205,-0.009562941,15.395598055959928
-4.37038,-0.009557044,15.367340277046848
-4.37871,-0.009568373,15.339190012583616
-4.38701,-0.009576784,15.311247455556291
-4.39513,-0.009563525,15.284013009854089
-4.40355,-0.009556885,15.255878438986727
-4.41191,-0.009563378,15.228050594867078
-4.42021,-0.009574538,15.200526603939633
-4.42864,-0.009584172,15.172677119838147
-4.43694,-0.009591053,15.145360496197831
-4.44542,-0.009599955,15.117556811279924
-4.4536,-0.009589685,15.090837075624215
-4.4619,-0.009577554,15.063825500347386
-4.47029,-0.009567983,15.036622970769233
-4.47862,-0.009572413,15.00971580531503
-4.48695,-0.009584634,14.982908545894205
-4.49513,-0.009574463,14.956680696665059
-4.50356,-0.009570747,14.929750952579736
-4.51186,-0.00957542,14.903334810920551
-4.52022,-0.009571962,14.876825773966754
-4.52861,-0.009573409,14.850320009892663
-4.53691,-0.009564984,14.824195035828351
-4.54536,-0.009566987,14.797695936075472
-4.55357,-0.009567291,14.772043671229389
-4.56187,-0.009551343,14.746204056669743
-4.57024,-0.009546595,14.72024156280633
-4.57848,-0.009546983,14.69477503450927
-4.58681,-0.009542053,14.669123355883501
-4.59523,-0.009543445,14.643289041027327
-4.6035,-0.00953993,14.618006951232758
-4.61195,-0.009535631,14.592268237947073
-4.62029,-0.009534386,14.56695690097375
-4.62859,-0.009525207,14.541857520324765
-4.63695,-0.009522034,14.516667529302667
-4.64528,-0.009521253,14.491658113181554
-4.65358,-0.009503388,14.466827818582685
-4.66185,-0.009485231,14.442175209412571
-4.67027,-0.009483612,14.417165153192427
-4.6786,-0.009490274,14.392511007566366
-4.68703,-0.009501997,14.367650111051136
-4.69542,-0.009513447,14.34299581294112
-4.70375,-0.009524513,14.31860483656657
-4.71211,-0.009522699,14.294212719991682
-4.72041,-0.009519262,14.270081137019877
-4.72884,-0.009538164,14.245658300978677
-4.7372,-0.009554084,14.221524107067468
-4.74547,-0.009551409,14.197733396270548
-4.75374,-0.009562383,14.174025462057244
-4.76207,-0.00957575,14.150228766061819
-4.77034,-0.009569849,14.126685686974096
-4.77867,-0.009568177,14.103054176161987
-4.78706,-0.00958404,14.079335583844781
-4.79543,-0.009596295,14.055756230411038
-4.80367,-0.00960074,14.03262336921562
-4.81203,-0.009612206,14.009234584988041
-4.82039,-0.009627054,13.985926927074367
-4.82854,-0.009613466,13.963282441483347
-4.83684,-0.0096096,13.940299617105385
-4.84523,-0.009617362,13.917147607027944
-4.85356,-0.009623497,13.89424035141216
-4.86186,-0.009632226,13.871493667032782
-4.87019,-0.009639807,13.84874271845657
-4.87849,-0.009645097,13.826150981143755
-4.88689,-0.009646514,13.803365187266339
-4.89504,-0.00963976,13.78133228737661
-4.90352,-0.00964456,13.758485006689073
-4.91182,-0.009645027,13.736199087100099
-4.92018,-0.009648396,13.713828071330724
-4.92848,-0.009641666,13.691692692270234
-4.93675,-0.009627139,13.669711348559275
-4.94508,-0.009609685,13.647644851043866
-4.95342,-0.009607605,13.625626213807834
-4.96175,-0.009595117,13.60370786516854
-4.97017,-0.009579124,13.581627368882755
-4.9785,-0.009580242,13.559856382444512
-4.98686,-0.009572935,13.538080114541014
-4.99529,-0.009558912,13.516195315987662
-5.00359,-0.009554956,13.49472005100338
-5.01204,-0.009563155,13.472929745173623
-5.02022,-0.009552342,13.451905573859314
-5.02864,-0.009547157,13.430335995418245
-5.03709,-0.009547471,13.408762063016544
-5.0453,-0.009541177,13.387870096921889
-5.05376,-0.009551224,13.366412967770533
-5.06209,-0.009567248,13.345355633740214
-5.07045,-0.009577809,13.324292025362642
-5.07869,-0.009578643,13.303598624842234
-5.08699,-0.009582566,13.28282231732321
-5.09538,-0.009588658,13.261889515600409
-5.10378,-0.009608844,13.241000709278222
-5.11202,-0.009622342,13.22057648444255
-5.12032,-0.009632688,13.200069995625274
-5.12862,-0.009644417,13.179629880942633
-5.13686,-0.009646825,13.159402864785102
-5.14519,-0.009650745,13.139020774743011
-5.15355,-0.009659464,13.11863152584141
-5.16197,-0.009667918,13.098162697574763
-5.17018,-0.009677402,13.078268570920162
-5.17851,-0.009684443,13.058148135274433
-5.18675,-0.009679261,13.038308671133176
-5.19508,-0.009667236,13.018316484057994
-5.20339,-0.009655279,12.998436077249641
-5.21178,-0.00965116,12.978428598290796
-5.22008,-0.009646336,12.95869902376975
-5.22847,-0.009631631,12.938819176546868
-5.23671,-0.009608889,12.919356752617578
-5.24501,-0.009592558,12.899814433146934
-5.25337,-0.00958874,12.880193266417557
-5.26177,-0.009584112,12.86054101566583
-5.27013,-0.009573465,12.841044547288208
-5.27849,-0.009547547,12.82160983538853
-5.28676,-0.009532061,12.80244482442933
-5.29527,-0.009541783,12.78278612799725
-5.30364,-0.00954642,12.763512380176635
-5.31187,-0.009536904,12.744620237317555
-5.32021,-0.009535303,12.725535213835544
-5.3286,-0.0095393,12.706396051495704
-5.33693,-0.009547463,12.687453292435915
-5.34541,-0.009577331,12.668230070284599
-5.35371,-0.009594508,12.649473860182939
-5.36205,-0.009593445,12.630685745190739
-5.37038,-0.009592138,12.611978407486994
-5.37871,-0.0095961,12.593329013834174
-5.38692,-0.009605754,12.575004715124784
-5.39522,-0.009618508,12.556536230218601
-5.40355,-0.009626294,12.53805803592083
-5.41182,-0.009623314,12.519769208879824
-5.42009,-0.009618976,12.501536192203451
-5.42854,-0.009645768,12.482963706631987
-5.43694,-0.009671121,12.464558336122893
-5.44524,-0.009672412,12.446427852583174
-5.45348,-0.009660935,12.42848302368396
-5.46175,-0.009649497,12.410527303519935
-5.47011,-0.009648848,12.392431358784377
-5.47841,-0.009645141,12.374519924576656
-5.48683,-0.009644368,12.356404900461651
-5.49495,-0.009625923,12.33898788887979
-5.50331,-0.009616434,12.321109786655668
-5.5117,-0.009620163,12.303222054901392
-5.5201,-0.009615808,12.285367475226899
-5.52846,-0.00961081,12.267651787297005
-5.53679,-0.009603641,12.250052882626939
-5.54515,-0.009602481,12.232443757157156
-5.55351,-0.009603589,12.214887647631858
-5.56187,-0.009609873,12.197384314987586
-5.57011,-0.009607066,12.180183640897578
-5.57851,-0.009604303,12.162701276864254
-5.58684,-0.0096234,12.145416514523417
-5.59523,-0.009621223,12.128059275490017
-5.60356,-0.00963368,12.110877584963845
-5.61192,-0.009646727,12.093685298436187
-5.62026,-0.009656044,12.076585104603701
-5.62856,-0.009660481,12.059617237801499
-5.63689,-0.009667142,12.042638281037949
-5.64525,-0.009669313,12.02564855409415
-5.65343,-0.009668348,12.00907327056318
-5.66182,-0.009670177,11.992122215118108
-5.67021,-0.009666738,11.975221323372503
-5.67848,-0.00966244,11.958611036756315
-5.68678,-0.009665176,11.941989069385489
-5.69511,-0.009653687,11.925355735007754
-5.70342,-0.009643455,11.908810748638537
-5.71184,-0.009648623,11.892095857026808
-5.72005,-0.009652107,11.875845228625625
-5.72847,-0.009653477,11.859227315496112
-5.73689,-0.009664523,11.842658182394992
-5.74529,-0.009663745,11.826176798734268
-5.75346,-0.009656935,11.810192857862923
-5.76192,-0.009665161,11.793689325780296
-5.77019,-0.009674349,11.777603215838646
-5.77858,-0.00968439,11.761330742154648
-5.78688,-0.009686016,11.745279252377793
-5.79515,-0.00967761,11.729331509969544
-5.80351,-0.009673413,11.71325640862168
-5.81194,-0.009676884,11.697093535033053
-5.82015,-0.009670905,11.681397472573732
-5.82848,-0.009658977,11.665517184583289
-5.83681,-0.009649009,11.649682223680403
-5.84508,-0.00963608,11.634005967411909
-5.85338,-0.009623754,11.61831738243545
-5.86177,-0.009620478,11.602503834166132
-5.87016,-0.009622015,11.586735489322267
-5.87849,-0.009626552,11.57112443841871
-5.8868,-0.009636715,11.555594890262961
-5.89519,-0.009643881,11.539960255733911
-5.90349,-0.009636953,11.524537061975206
-5.91191,-0.009643877,11.50893513263903
-5.92018,-0.009659946,11.493654348347517
-5.92857,-0.009664528,11.478195399565157
-5.93694,-0.00966176,11.462816838303908
-5.94521,-0.009669088,11.44766454002466
-5.95351,-0.009677182,11.43249960107567
-5.96169,-0.009659152,11.417595228869667
-5.97008,-0.009654753,11.4023506552676
-5.97847,-0.009672075,11.387148869192286
-5.98671,-0.009664162,11.372260339986402
-5.99504,-0.009653796,11.357250793989698
-6.00349,-0.009666173,11.342067580690566
-6.0118,-0.009670331,11.327177550816728
-6.02004,-0.0096605,11.312453538514696
-6.0284,-0.009658021,11.297556233826555
-6.03682,-0.009662777,11.282593716559381
-6.04503,-0.009658515,11.268044509291105
-6.05339,-0.009662447,11.253270035467729
-6.06181,-0.009662674,11.23843071623822
-6.07008,-0.009650491,11.223895830038485
-6.07848,-0.009644923,11.20917295113252
-6.08678,-0.009643574,11.19466525814963
-6.09517,-0.009645008,11.180040409045194
-6.10353,-0.009652904,11.165507845459922
-6.11186,-0.009657206,11.151066974701646
-6.1201,-0.009652107,11.136820803581642
-6.12849,-0.009645312,11.122354658325298
-6.13695,-0.009654402,11.107807868729582
-6.14522,-0.009640913,11.093626493437176
-6.15358,-0.009640924,11.07932952850211
-6.16188,-0.009640366,11.065173550929263
-6.17021,-0.009634843,11.051004698381417
-6.17851,-0.009632244,11.036924873472731
-6.18681,-0.009628168,11.022882826529342
-6.19511,-0.009621512,11.00887840571031
-6.20357,-0.00962713,10.994642584834217
-6.21181,-0.009629324,10.98081423932799
-6.22029,-0.009639625,10.966621379389064
-6.22865,-0.009651804,10.952667191124883
-6.23689,-0.009649818,10.93894990932981
-6.24529,-0.009650204,10.925003530660707
-6.25356,-0.009658804,10.911309590057503
-6.26189,-0.009679009,10.897552863432606
-6.27022,-0.009697281,10.88383268848621
-6.27855,-0.009713194,10.870148919734653
-6.28685,-0.009722242,10.856550498262246
-6.29515,-0.009721039,10.842987935156431
-6.30345,-0.009723867,10.82946108876885
-6.31181,-0.009738213,10.81587242011404
-6.32015,-0.009746601,10.80235208025126
-6.32835,-0.009732942,10.78909344457876
-6.33669,-0.009721442,10.775643640449509
-6.34499,-0.009714834,10.762293447270997
-6.35323,-0.009700229,10.749074266160678
-6.36162,-0.009686115,10.73564963012566
-6.37001,-0.009682563,10.722260357519064
-6.37828,-0.009667417,10.70909706064958
-6.38661,-0.009653102,10.695872724340456
-6.39507,-0.009657254,10.682477267645234
-6.40334,-0.009651829,10.669416866822628
-6.41176,-0.009646698,10.656154191672801
-6.42003,-0.009642762,10.643161651892594
-6.42845,-0.00964535,10.629967799391768
-6.43681,-0.009646502,10.616902114556744
-6.44518,-0.009656589,10.603854756577785
-6.45357,-0.009667736,10.590810187229705
-6.46181,-0.009655396,10.578031805330086
-6.47017,-0.009625998,10.565100592411019
-6.47847,-0.009608279,10.552295202416621
-6.48683,-0.009621857,10.539430368916713
-6.49516,-0.00963292,10.526644640008868
-6.50346,-0.009623946,10.513937534789175
-6.5118,-0.00962019,10.50120181823766
-6.52019,-0.009628599,10.488422622653633
-6.52864,-0.009660313,10.475585236741496
-6.53703,-0.009681788,10.462871839352122
-6.54518,-0.009663102,10.450553323208835
-6.55348,-0.009659848,10.43803957591997
-6.56181,-0.009675683,10.425512427211395
-6.57015,-0.009677211,10.413002062357785
-6.57848,-0.009678889,10.400538361445198
-6.58675,-0.009689004,10.388195619994686
-6.59514,-0.00970788,10.375705413380157
-6.60353,-0.009714609,10.363246945194465
-6.61174,-0.009709158,10.351086370607435
-6.62007,-0.009698624,10.338778879981632
-6.62843,-0.009698623,10.326458165810005
-6.63677,-0.009698988,10.314197855282012
-6.645,-0.00968893,10.302129420617007
-6.65328,-0.009679602,10.290017795733835
-6.66173,-0.009693054,10.277688543366363
-6.67003,-0.009703699,10.265608565478717
-6.67842,-0.009711871,10.253428116231085
-6.68675,-0.009715523,10.241365012898644
-6.69508,-0.009726493,10.229331927325738
-6.70348,-0.009752307,10.217228006945646
-6.71175,-0.009765866,10.205341006443923
-6.72014,-0.00977226,10.19331141910734
-6.72841,-0.00978106,10.181483247899578
-6.73668,-0.009779006,10.169684117399076
-6.74501,-0.009773693,10.157828631833015
-6.75322,-0.009767118,10.146172551760495
-6.76161,-0.009762734,10.134290161662681
-6.76988,-0.009751655,10.12260654546314
-6.77809,-0.009739432,10.111035896543127
-6.78642,-0.009735072,10.099324739700757
-6.79475,-0.009731254,10.087642297361935
-6.80309,-0.009730177,10.075974491003354
-6.81148,-0.009741749,10.064265563431148
-6.81981,-0.00975172,10.052668872006699
-6.8282,-0.009760202,10.04101725198442
-6.83659,-0.009774066,10.029394230164453
-6.84493,-0.009790285,10.017868714508403
-6.8532,-0.009801993,10.006467635557112
-6.86153,-0.00981229,9.99501162277218
-6.86989,-0.009828345,9.983542283792026
-6.87816,-0.009834922,9.972223850564687
-6.8864,-0.00983946,9.960973513011153
-6.89473,-0.009853277,9.949627628638105
-6.90303,-0.009872116,9.938349840577255
-6.91139,-0.009882905,9.927017908119785
-6.91969,-0.00988464,9.915794392523365
-6.92793,-0.009858108,9.90467861251485
-6.9363,-0.009840949,9.893414500526218
-6.94466,-0.009848639,9.882190949592925
-6.95293,-0.009841047,9.871114781825792
-6.96117,-0.00981166,9.860104967986704
-6.96953,-0.009783249,9.848961422075808
-6.97789,-0.009769151,9.837844577658862
-6.98637,-0.00978431,9.826595342073208
-6.99477,-0.009794202,9.815479122258488
-7.00304,-0.009790366,9.804560990655487
-7.01134,-0.009795289,9.793629149349483
-7.01976,-0.009812151,9.782565671760858
-7.02812,-0.009839381,9.771607257701918
-7.03651,-0.009861283,9.760635698663117
-7.04472,-0.009870949,9.749924823129948
-7.05312,-0.009896651,9.738991878771381
-7.06139,-0.009917674,9.728253544981937
-7.06963,-0.009915232,9.71757915194996
-7.07793,-0.009923854,9.70685215875263
-7.08626,-0.009939745,9.696111658335992
-7.09453,-0.009957392,9.685473470406075
-7.10283,-0.009961832,9.674821599278035
-7.11113,-0.009966857,9.664194593545611
-7.11943,-0.009962847,9.653592366242803
-7.12779,-0.009960326,9.642938456379888
-7.13609,-0.00995614,9.632385704216174
-7.14439,-0.00995066,9.621857471386642
-7.15273,-0.009938238,9.611303110840197
-7.16094,-0.009923066,9.600937279184018
-7.16936,-0.009920059,9.590330963991207
-7.17763,-0.009918587,9.579937820701263
-7.18599,-0.009912956,9.569455885688681
-7.19438,-0.009909567,9.558960827757222
-7.20274,-0.009906816,9.548527615879513
-7.21117,-0.009906419,9.53803153995815
-7.2195,-0.009911566,9.527684050141977
-7.22792,-0.009907903,9.51724900109575
-7.23625,-0.009896481,9.506949386768008
-7.24452,-0.009888929,9.496747389751151
-7.25288,-0.00988219,9.486458013919988
-7.26122,-0.009887095,9.476216861629315
-7.26955,-0.009894108,9.466011445000035
-7.27791,-0.009902583,9.455792761933028
-7.2863,-0.009907531,9.445560984313026
-7.2946,-0.009902216,9.435462122666083
-7.3029,-0.00990231,9.425386216434568
-7.31133,-0.009927637,9.415175911906589
-7.31963,-0.009942906,9.405146038802508
-7.32802,-0.009949884,9.395030499370908
-7.33623,-0.00996094,9.38515437765719
-7.3445,-0.009958366,9.375228402205734
-7.3528,-0.00994822,9.365288869546296
-7.3611,-0.009940424,9.355371751504531
-7.36949,-0.009950341,9.34536980170948
-7.37782,-0.009957517,9.335461884404879
-7.386,-0.00994774,9.325754129434065
-7.39439,-0.009940661,9.315819465838292
-7.4027,-0.009934004,9.306001729098842
-7.41097,-0.00991626,9.296253108567436
-7.41939,-0.009922423,9.286349996428278
-7.42775,-0.00993597,9.276539665443776
-7.43617,-0.009941312,9.266681221650394
-7.44444,-0.009940878,9.257020111653798
-7.45281,-0.009941896,9.247264011829095
-7.46114,-0.009940004,9.237576268505885
-7.46953,-0.009942194,9.227840587024888
-7.47786,-0.009945991,9.218196141676898
-7.48631,-0.009943157,9.20843468945315
-7.49449,-0.009934761,9.199006109822017
-7.50288,-0.009934917,9.189356833642549
-7.51125,-0.009933923,9.179752038608754
-7.51952,-0.009930179,9.17028299678703
-7.52785,-0.009923703,9.160766287851114
-7.53624,-0.009916271,9.151202297166757
-7.54457,-0.009913318,9.141727745915274
-7.55293,-0.009920279,9.132240084311652
-7.56133,-0.009929254,9.122728157612483
-7.56957,-0.009927833,9.113417922021991
-7.57793,-0.009926927,9.1039927922269
-7.58632,-0.00993787,9.094554724820467
-7.59462,-0.009939097,9.085238418775397
-7.60292,-0.009937812,9.075942453688846
-7.61131,-0.009944065,9.06656629410706
-7.61971,-0.009955082,9.057199644080942
-7.62795,-0.009958033,9.048031450127493
-7.63625,-0.009955077,9.03881650024554
-7.64452,-0.009951125,9.029654759226217
-7.65291,-0.009946768,9.020380312848316
-7.66118,-0.009936598,9.01125839622617
-7.66942,-0.009916078,9.002189135553929
-7.67781,-0.009901313,8.99297478056894
-7.68614,-0.009874788,8.98384622190072
-7.69444,-0.009851079,8.974770197701197
-7.70284,-0.009851819,8.965604737992741
-7.71117,-0.009833909,8.956535376603032
-7.7195,-0.009809149,8.947485588444849
-7.72792,-0.009808059,8.938357850495347
-7.73628,-0.00980012,8.929314812804087
-7.74477,-0.009808317,8.920151134249307
-7.75301,-0.009811865,8.911276484874907
-7.7614,-0.009795226,8.902259643878683
-7.7697,-0.009783309,8.893358688237642
-7.77818,-0.009785995,8.884284318439533
-7.78648,-0.009780762,8.875421705314855
-7.79482,-0.009791561,8.866535391452272
-7.80312,-0.009805962,8.857710556802921
-7.81151,-0.009807718,8.848809090687972
-7.81987,-0.009813593,8.839958451994727
-7.82826,-0.009834621,8.831095058161074
-7.83662,-0.009836873,8.822282233922278
-7.84496,-0.009854332,8.813509208459955
-7.85323,-0.009859677,8.804828217179429
-7.86147,-0.009858562,8.796196881753668
-7.86986,-0.009865524,8.787426993618693
-7.87819,-0.009874851,8.778738301564193
-7.88646,-0.009882544,8.770130349992266
-7.89488,-0.009903486,8.761384796222362
-7.90328,-0.009934593,8.752678584081547
-7.91148,-0.009932188,8.744197495285333
-7.91979,-0.009910058,8.735620553070222
-7.92812,-0.009900049,8.727041013506355
-7.93645,-0.009894688,8.718479483900234
-7.94472,-0.009871111,8.709997381908991
-7.95299,-0.009844549,8.701532920323048
-7.96123,-0.009824349,8.693116654084859
-7.96965,-0.009820857,8.684534515317486
-7.97804,-0.009827295,8.67600097266998
-7.98641,-0.00982773,8.667505637702046
-7.99477,-0.009822166,8.659038208728957
-8.00319,-0.009829518,8.65052788950406
-8.01152,-0.009841765,8.64212613836076
-8.01982,-0.009842722,8.633772004857965
-8.02809,-0.009845415,8.625465247649192
-8.03642,-0.009855957,8.61711550665595
-8.04479,-0.009857845,8.60874308714087
-8.05315,-0.009870122,8.600398043001807
-8.06148,-0.009883965,8.59210016026834
-8.06975,-0.009884364,8.583878992533846
-8.07811,-0.00988427,8.575585464916918
-8.08638,-0.009884835,8.56739809407918
-8.09465,-0.009878538,8.55922745270024
-8.10304,-0.009873628,8.550955295790223
-8.11134,-0.009868513,8.542788713085631
-8.11961,-0.009871835,8.534668253770809
-8.12798,-0.009878696,8.52646642831306
-8.13634,-0.009868535,8.518291246432671
-8.1447,-0.009860622,8.51013284712758
-8.15297,-0.009866311,8.502078739404169
-8.16127,-0.00986172,8.494011826590715
-8.16963,-0.00985247,8.485903168197336
-8.17809,-0.009852011,8.477714392969508
-8.18636,-0.009843769,8.46972588549734
-8.19463,-0.009818731,8.461753501988497
-8.20302,-0.009809189,8.453681863508805
-8.21135,-0.009807255,8.445684266289954
-8.21968,-0.009793292,8.437702878944192
-8.22795,-0.009760542,8.429794967154638
-8.23631,-0.009727559,8.421817136557513
-8.24474,-0.009721413,8.413788888430684
-8.25316,-0.009718332,8.40578653509686
-8.26149,-0.00970878,8.397885768789891
-8.26982,-0.009685432,8.390000919004283
-8.27818,-0.00966494,8.38210362664257
-8.28651,-0.009673124,8.374250522837722
-8.295,-0.009688977,8.366262808921038
-8.30339,-0.009713891,8.35838522579332
-8.31169,-0.00971155,8.350607794564041
-8.32002,-0.009722522,8.342817853803236
-8.32839,-0.009738119,8.335006201678835
-8.33681,-0.009769975,8.327163711299645
-8.34514,-0.009811506,8.319420620864358
-8.35332,-0.009812273,8.311831990154813
-8.36165,-0.009809138,8.304119462067893
-8.36998,-0.009825983,8.29642228535791
-8.37822,-0.00983698,8.288823330015205
-8.38655,-0.00985862,8.281156554244594
-8.39488,-0.009877874,8.27350499351986
-8.40303,-0.009871661,8.266033454599116
-8.41139,-0.009888425,8.258384440621585
-8.41982,-0.009919204,8.250686760524571
-8.42809,-0.009918249,8.243150144338754
-8.43636,-0.009896597,8.235628304150131
-8.44463,-0.00986798,8.228121196547391
-8.4529,-0.009863227,8.220628778289107
-8.46117,-0.009868313,8.213151006302912
-8.46953,-0.009842278,8.205606698364608
-8.47792,-0.009835617,8.198050276482912
-8.48634,-0.009829647,8.190481856725043
-8.49477,-0.009823543,8.182919478691005
-8.50298,-0.009799599,8.175568871148702
-8.51131,-0.009762998,8.16812531795928
-8.5197,-0.00975348,8.160642863011608
-8.52803,-0.009732948,8.15322848301425
-8.53648,-0.0097204,8.145722077483928
-8.54488,-0.00969303,8.138274803156978
-8.55327,-0.009653898,8.130850996168718
-8.56163,-0.009643915,8.123468206404622
-8.56999,-0.00964353,8.11609982041986
-8.57829,-0.009611361,8.10879852511398
-8.58681,-0.009584634,8.101318382495945
-8.59523,-0.009590707,8.093940604265388
-8.60359,-0.009571448,8.086629685979922
-8.6118,-0.009527224,8.07946375902831
-8.62029,-0.009521761,8.072067795863015
-8.62871,-0.009533536,8.064747187007097
-8.63707,-0.009529134,8.057492865057247
-8.6454,-0.009527667,8.05027852962269
-8.65382,-0.009543426,8.043000362845541
-8.66209,-0.009557834,8.03586562827216
-8.67043,-0.009577523,8.028684286707811
-8.67882,-0.00960082,8.02147381786925
-8.68709,-0.009620276,8.014380108874203
-8.69542,-0.009650304,8.00724857453694
-8.70375,-0.009684606,8.0001306907942
-8.71199,-0.009712454,7.993103102735426
-8.72023,-0.00973705,7.986088795823045
-8.72859,-0.009767314,7.9789858728614815
-8.73689,-0.00980014,7.9719473748668
-8.74513,-0.009831506,7.964972973529268
-8.75334,-0.009854405,7.9580370235818565
-8.76167,-0.009880707,7.951012980402138
-8.76991,-0.009904527,7.944077955189963
-8.77818,-0.009924091,7.937130771982347
-8.78651,-0.009931403,7.930146406252312
-8.79472,-0.009924689,7.923275601724672
-8.80299,-0.009919476,7.9163675410286745
-8.81126,-0.009919567,7.90947244775435
-8.81957,-0.009911497,7.902557029424337
-8.8279,-0.009903333,7.895638033960513
-8.83623,-0.009905986,7.888732083705381
-8.84465,-0.009906892,7.881764739136089
-8.85301,-0.009887286,7.874860154907767
-8.86125,-0.009860273,7.868067428410213
-8.86964,-0.009832919,7.861164015675946
-8.87798,-0.009832747,7.854314675185121
-8.88628,-0.009828138,7.847510949463668
-8.89458,-0.009802196,7.840719921570216
-8.90309,-0.009793664,7.833770219103704
-8.91145,-0.009789198,7.826955938708067
-8.91988,-0.009785883,7.820097534944417
-8.92824,-0.009773454,7.813308871625314
-8.93651,-0.009754245,7.80660578906083
-8.94481,-0.009724751,7.799890852908
-8.9532,-0.009694545,7.793115757494527
-8.96156,-0.009684862,7.7863775057021325
-8.96999,-0.009676609,7.779595551388575
-8.97829,-0.009660347,7.772930624874003
-8.98662,-0.009679317,7.766253986482126
-8.99507,-0.009706901,7.759493800492937
-9.00346,-0.009736437,7.752794170241218
-9.01186,-0.009767296,7.746099051694101
-9.02022,-0.009803359,7.739448195276834
-9.02855,-0.009844405,7.732833456092065
-9.0367,-0.009854005,7.726373454911639
-9.04506,-0.009862965,7.719759095019824
-9.05327,-0.009872314,7.713275302735918
-9.0616,-0.009869796,7.706708749006798
-9.06987,-0.009875551,7.7002014251582445
-9.0782,-0.009895965,7.6936588751074
-9.0865,-0.009888723,7.687151818632038
-9.0948,-0.009862949,7.680656638958527
-9.10313,-0.009820505,7.674149891301124
-9.1115,-0.009847504,7.66762388190748
-9.11986,-0.01002604,7.661117626805676
-9.12798,-0.01007302,7.654809563561708
-9.13634,-0.009961843,7.648326769800598
-9.1447,-0.009948534,7.641855829059455
-9.15297,-0.009918999,7.635466182015237
-9.1613,-0.009833243,7.629041839040311
-9.16972,-0.0103186,7.622559947304826
-9.17787,-0.01174488,7.616297234543527
-9.18526,-0.01373123,7.610628136819209
-9.19206,-0.01613813,7.605419699175158
-9.19795,-0.01788405,7.600914497252105
-9.2039,-0.01846649,7.596369256510827
-9.21034,-0.01856421,7.5914563197449825
-9.217,-0.01818949,7.586382770966692
-9.22426,-0.01775187,7.580860491790128
-9.23164,-0.01719685,7.5752558375326595
-9.23961,-0.01701526,7.569213170252857
-9.24736,-0.01717323,7.563347290469929
-9.25505,-0.01687044,7.557536534108405
-9.26338,-0.01684936,7.551253063136782
-9.27135,-0.01710677,7.545251716308845
-9.27928,-0.01700475,7.539290720831789
-9.28749,-0.01682665,7.533129973760403
-9.29573,-0.01685324,7.5269576569026855
-9.30391,-0.01684146,7.520841097989985
-9.31215,-0.01674987,7.51469053870481
-9.32051,-0.0167317,7.508461521955343
-9.32878,-0.01677245,7.502310548646233
-9.33705,-0.016876,7.496170471401568
-9.34529,-0.01689654,7.4900634758257905
-9.3535,-0.0168455,7.483989415726733
-9.36183,-0.01681518,7.477837463401921
-9.37016,-0.01686471,7.471696449153483
-9.37846,-0.01688797,7.465588401507284
-9.38677,-0.01690647,7.459483816051741
-9.39504,-0.01693141,7.453419336160358
-9.40337,-0.01699856,7.447321641071233
-9.41151,-0.01697922,7.441373456544168
-9.41991,-0.0170498,7.4352460586141484
-9.42806,-0.01714994,7.429311459621598
-9.43623,-0.01709026,7.423372586297706
-9.44463,-0.01721516,7.417277235847249
-9.45271,-0.01732527,7.411424311123477
-9.46104,-0.01740073,7.405400759324556
-9.46919,-0.01877642,7.399517625055576
-9.47691,-0.02238679,7.393954221365403
-9.48229,-0.02550213,7.390082490621991
-9.48766,-0.02633083,7.386222335117406
-9.4937,-0.02588763,7.3818857768836175
-9.50041,-0.02496563,7.377074642041765
-9.5078,-0.02411741,7.37178379856539
-9.51549,-0.02376498,7.366286896418367
-9.52327,-0.02323806,7.360734695120479
-9.53145,-0.02275126,7.3549068085128715
-9.53978,-0.02253828,7.348982324539979
-9.54805,-0.02240697,7.343110739889298
-9.55641,-0.02242427,7.337185585381959
-9.56474,-0.02252136,7.331291995391407
-9.57298,-0.02244258,7.325472172719468
-9.58131,-0.02237883,7.319598958806259
-9.58968,-0.02231327,7.313707819239016
-9.5981,-0.02229415,7.307791854637897
-9.60655,-0.02227882,7.301865237780473
-9.61495,-0.02224263,7.295984014477455
-9.62328,-0.02219535,7.290161940627313
-9.63167,-0.02215429,7.284308110639174
-9.64006,-0.02213101,7.278464470138153
-9.64848,-0.02210803,7.272610152065404
-9.65691,-0.02207493,7.26675910824477
-9.6653,-0.02204041,7.260945961325567
-9.67378,-0.0220193,7.255080702682922
-9.68211,-0.02197031,7.24932919580546
-9.69054,-0.02194177,7.243518709999649
-9.69896,-0.02192888,7.237725199402823
-9.70735,-0.02192753,7.231962327514719
-9.71574,-0.02193837,7.226209408650294
-9.72426,-0.02195282,7.220377509445449
-9.73253,-0.02194183,7.214726499687131
-9.74095,-0.02193986,7.208982850748645
-9.74922,-0.02195111,7.203351180914987
-9.75752,-0.0219486,7.197708680074446
-9.76585,-0.02194287,7.192055427842942
-9.77428,-0.02195205,7.186344119464555
-9.78261,-0.02195069,7.180710229683081
-9.79085,-0.0219449,7.175146642017802
-9.79918,-0.02197435,7.169531797558572
-9.80754,-0.0219859,7.163906321055026
-9.81584,-0.02198124,7.15833069813689
-9.82417,-0.0219756,7.152744394691867
-9.83254,-0.02197309,7.1471407998340215
-9.84074,-0.02196298,7.141660261321811
-9.84901,-0.02195356,7.136142180787714
-9.85729,-0.02194439,7.130626703688336
-9.86559,-0.02193286,7.125107195819004
-9.87398,-0.02192102,7.119537268659649
-9.88228,-0.02191424,7.114036396459118
-9.89067,-0.0219175,7.108485259340369
-9.89909,-0.02192581,7.102923733393676
-9.9074,-0.02192318,7.09744413266851
-9.91576,-0.02191734,7.091940829548113
-9.92409,-0.02190519,7.086466497180095
-9.93245,-0.02188839,7.080981681256891
-9.94078,-0.02187561,7.075525723333582
-9.9492,-0.02187107,7.0700201021187645
-9.95757,-0.0218663,7.0645564028171535
-9.9659,-0.02185893,7.05912792622844
-9.9742,-0.02183945,7.053728018287182
-9.98262,-0.02183587,7.048259214514827
-9.99095,-0.02184478,7.042857936432472
-9.99937,-0.02184244,7.03740744666914
-10.00771,-0.02184378,7.032017784288315
-10.01619,-0.02185309,7.0265468506488
-10.02449,-0.0218586,7.021201008729622
-10.03288,-0.02185301,7.015806189249747
-10.04125,-0.02184835,7.01043321299639
-10.04961,-0.02184791,7.005075589998021
-10.05782,-0.02182462,6.999822764774077
-10.06612,-0.02179747,6.994521066706934
-10.07448,-0.02179364,6.989189873819791
-10.08281,-0.02180983,6.983886605023798
-10.09126,-0.0218236,6.978515884042231
-10.09959,-0.02182071,6.973230230138056
-10.10799,-0.02182834,6.967908980915099
-10.11641,-0.0218307,6.962583930465452
-10.12471,-0.02180113,6.957343439960256
-10.13295,-0.02176609,6.9521493247277455
-10.14116,-0.02173144,6.946982514820791
-10.14958,-0.02171585,6.941692227658682
-10.15794,-0.0216907,6.936448315308025
-10.16625,-0.02165605,6.931244313291529
-10.17476,-0.02165191,6.925923874371485
-10.18315,-0.02164909,6.9206871645807055
-10.19154,-0.02163576,6.915459076842166
-10.19988,-0.02163307,6.910270669851018
-10.2083,-0.02163637,6.905041094011736
-10.21669,-0.02165142,6.899838724675018
-10.22505,-0.0216757,6.8946634490784895
-10.23335,-0.02170316,6.889533681541236
-10.24178,-0.02172207,6.884332078994081
-10.25002,-0.0217237,6.879255981939548
-10.25838,-0.02172162,6.874114294849674
-10.26668,-0.02173644,6.869017793483386
-10.27498,-0.021741,6.863929525896888
-10.28322,-0.02174048,6.858886166006368
-10.29149,-0.02173728,6.853832564575198
-10.29988,-0.0217464,6.848713926764196
-10.30821,-0.0217672,6.843640137327431
-10.31654,-0.02178825,6.838574541464483
-10.32488,-0.02180253,6.833511052912964
-10.33308,-0.02179139,6.828540531961429
-10.34151,-0.02177906,6.823438811160073
-10.34984,-0.02176998,6.818405772456386
-10.35808,-0.02176047,6.813435076770985
-10.36644,-0.02173322,6.808400067911453
-10.37477,-0.02169121,6.803391198069933
-10.38319,-0.02165223,6.7983363783191875
-10.39159,-0.02162111,6.793301727647068
-10.39983,-0.02158612,6.788370877216263
-10.40822,-0.02154607,6.783358287968548
-10.41664,-0.02153474,6.778335893339888
-10.42513,-0.02153208,6.773279959098832
-10.43355,-0.02151145,6.768273837763752
-10.44185,-0.02148487,6.7633469643789175
-10.45024,-0.0214754,6.758374621061335
-10.4586,-0.02147221,6.7534279922743
-10.4669,-0.02145813,6.74852468257077
-10.47539,-0.02145759,6.743517167379926
-10.48378,-0.02146823,6.738576601187741
-10.49202,-0.02147075,6.733732055409731
-10.50041,-0.02147395,6.728807132292929
-10.50871,-0.02147084,6.723942776991658
-10.51708,-0.02147933,6.719045172234119
-10.52544,-0.02148565,6.714161194211359
-10.53377,-0.02147788,6.709302452967931
-10.54204,-0.02146649,6.704486304358549
-10.55037,-0.02146262,6.699642846648981
-10.5587,-0.02145468,6.69480703116861
-10.56706,-0.02146007,6.689961465156818
-10.57536,-0.02151152,6.685158254659889
-10.58373,-0.0215475,6.680322164303134
-10.59206,-0.02154879,6.675516773885345
-10.60042,-0.02158771,6.670701670311177
-10.60878,-0.02162512,6.665894155595649
-10.61684,-0.02162415,6.661266327833895
-10.62523,-0.02166932,6.656456481412638
-10.63362,-0.02171448,6.6516542249958155
-10.64186,-0.02170236,6.646945195670682
-10.65007,-0.02170544,6.642260557911826
-10.65837,-0.02172309,6.637531902157647
-10.66661,-0.02172181,6.632844708862516
-10.67506,-0.02170881,6.628045575387867
-10.68337,-0.02170226,6.623333358294246
-10.69161,-0.0216619,6.618668067765285
-10.69991,-0.02161277,6.613976070826765
-10.70827,-0.02159335,6.609257508449077
-10.71675,-0.02157787,6.604478736557259
-10.72511,-0.02154734,6.59977498599082
-10.73348,-0.02151341,6.595072949313736
-10.74193,-0.02148982,6.59033340377381
-10.7502,-0.0214538,6.585702033450541
-10.75865,-0.02142965,6.580977213683874
-10.76701,-0.02139823,6.576310015501053
-10.77544,-0.02137482,6.571611071102433
-10.78386,-0.0213748,6.566925034264169
-10.79222,-0.0213792,6.562279623654819
-10.80064,-0.0213762,6.55760814173975
-10.80901,-0.02137856,6.552971613496518
-10.81737,-0.02139404,6.54834778693897
-10.82582,-0.0214185,6.543681439373646
-10.83409,-0.02144478,6.539121541356958
-10.84239,-0.02145962,6.534552095986218
-10.85069,-0.02147473,6.529989641211757
-10.85909,-0.02149746,6.525379318156494
-10.86736,-0.02151517,6.520847307901827
-10.87563,-0.02153759,6.516322190070829
-10.88393,-0.02155763,6.511787571217383
-10.89214,-0.02156876,6.507308921846397
-10.9005,-0.02160525,6.502755378193662
-10.90883,-0.02166043,6.498225116717375
-10.91704,-0.021688,6.493766881865414
-10.92528,-0.02171122,6.4892990934786114
-10.93358,-0.02174722,6.484805580605804
-10.94185,-0.02176557,6.480335089587228
-10.95006,-0.021765,6.475903711943131
-10.9583,-0.02177705,6.471462818137851
-10.9666,-0.0217945,6.466996334324222
-10.97481,-0.02181505,6.462584928577352
-10.98314,-0.0218255,6.458115784739155
-10.9915,-0.02183805,6.4536373561388345
-10.99974,-0.02185221,6.449229872706083
-11.00807,-0.02186442,6.444780956153077
-11.01628,-0.02185849,6.4404027130755575
-11.02458,-0.0218458,6.435983103211188
-11.03297,-0.02183438,6.431522328076665
-11.04131,-0.02183107,6.427094855592317
-11.04955,-0.02182453,6.422727034132612
-11.05788,-0.02181555,6.418318122461087
-11.06621,-0.02181435,6.413915848334706
-11.0746,-0.02182544,6.409488559406209
-11.08296,-0.02183582,6.405083768235201
-11.09135,-0.02182171,6.400669846321684
-11.09963,-0.02180848,6.3963203368040205
-11.10796,-0.02179436,6.391951105333473
-11.11629,-0.02178684,6.387588422036489
-11.12468,-0.02177844,6.383200919037672
-11.13295,-0.02177439,6.378882641168784
-11.14125,-0.02176491,6.374555144171436
-11.14958,-0.0217496,6.370218483566197
-11.1581,-0.02174926,6.365789605757254
-11.16643,-0.02175021,6.361466028085969
-11.17482,-0.02175631,6.357117823821771
-11.18321,-0.02177293,6.352776143879978
-11.19157,-0.02179102,6.348456463212936
-11.19991,-0.02179651,6.344153542305252
-11.20821,-0.0218004,6.339877616497193
-11.21645,-0.02181944,6.335638860780372
-11.2249,-0.02184797,6.331298541635115
-11.2332,-0.02186701,6.327041626606844
-11.2415,-0.02187002,6.322790997642664
-11.24971,-0.02186605,6.318592630387806
-11.25801,-0.0218724,6.31435446406603
-11.26643,-0.02189577,6.310061403656705
-11.27461,-0.02190649,6.305896851421026
-11.28285,-0.02190591,6.301707857500543
-11.29118,-0.02190815,6.297479324570151
-11.29952,-0.02191088,6.293251961145253
-11.30791,-0.0219309,6.28900554567555
-11.31618,-0.02194761,6.284826027864527
-11.32454,-0.02196226,6.280607229962541
-11.33275,-0.02196532,6.276470185965454
-11.34114,-0.02196099,6.272248627563015
-11.34932,-0.02196326,6.268138743114125
-11.35774,-0.02198602,6.263914458334141
-11.36604,-0.0220081,6.2597565027045485
-11.37431,-0.02201505,6.255619611211582
-11.38258,-0.02202326,6.251488731025831
-11.39089,-0.02203992,6.247343912547659
-11.39925,-0.02205774,6.243180253086826
-11.40758,-0.0220794,6.2390376048206555
-11.41588,-0.02210498,6.23491588909484
-11.42415,-0.02212223,6.230815027813886
-11.43242,-0.02213622,6.226720099506491
-11.44072,-0.0221483,6.222616268906153
-11.44899,-0.02216714,6.218533189390506
-11.45726,-0.02219817,6.214456004315168
-11.46562,-0.02222462,6.210340426422645
-11.47389,-0.02224396,6.206275055800605
-11.48213,-0.02225658,6.202230256929682
-11.49049,-0.02227881,6.1981324817305445
-11.49883,-0.02232416,6.194050446871552
-11.5071,-0.02234256,6.19000851648113
-11.51534,-0.02233009,6.18598702252821
-11.52367,-0.02233185,6.181927450195989
-11.532,-0.02234089,6.177873742629206
-11.54024,-0.02235251,6.173869590233825
-11.54863,-0.02238861,6.169798417647808
-11.55702,-0.02243645,6.165733156125023
-11.56526,-0.02249917,6.161746316122595
-11.57353,-0.02255778,6.157750668983448
-11.5818,-0.02256851,6.1537607280388205
-11.5901,-0.02257967,6.149762038291301
-11.5984,-0.02258835,6.145769071596082
-11.60652,-0.02258252,6.141868225790332
-11.61485,-0.02260728,6.137872163652566
-11.62325,-0.02264716,6.133848321252662
-11.63152,-0.02267157,6.129892430224081
-11.63973,-0.02269597,6.125970800009966
-11.64803,-0.02272135,6.12201179942016
-11.6563,-0.02275864,6.1180727160419694
-11.6646,-0.02279475,6.114124959278501
-11.67281,-0.02281417,6.110225532669512
-11.68108,-0.02281025,6.106303150051194
-11.68932,-0.02280935,6.102400516026595
-11.69753,-0.02280993,6.098517558835071
-11.70586,-0.02281637,6.094583413777373
-11.71413,-0.02282491,6.090683140788091
-11.72249,-0.02285151,6.086746015564953
-11.73082,-0.02289731,6.082828600217206
-11.73909,-0.02293214,6.078944901180586
-11.74736,-0.02293817,6.075066670298688
-11.75566,-0.02295107,6.071179857192195
-11.76396,-0.02297466,6.067298528726721
-11.77217,-0.02298421,6.063464671339269
-11.78053,-0.0230202,6.0595662589034625
-11.7889,-0.02307622,6.055668722272647
-11.79707,-0.02311246,6.05186965068445
-11.80544,-0.02316442,6.047983031551556
-11.81371,-0.02321866,6.04414825655954
-11.82188,-0.02322043,6.040365119591808
-11.83019,-0.02320464,6.036522515699241
-11.83839,-0.02318494,6.032736064616895
-11.84667,-0.02315875,6.028917991300509
-11.85506,-0.02315269,6.025054634898517
-11.86342,-0.02319502,6.021210527824186
-11.87172,-0.02321982,6.01739936588801
-11.88005,-0.02325219,6.0135797829133715
-11.88832,-0.02328598,6.009793006917715
-11.89668,-0.02330462,6.005970371565849
-11.90486,-0.02326773,6.002235238381637
-11.91316,-0.02324364,5.998450553841299
-11.92149,-0.02330699,5.994657488283764
-11.92992,-0.02344924,5.99082428046458
-11.93816,-0.02359005,5.987082699511483
-11.94634,-0.0236902,5.983373468359348
-11.95445,-0.02375801,5.979700990007905
-11.96269,-0.02371656,5.9759747431388766
-11.9709,-0.02366689,5.972267164540678
-11.97923,-0.02369464,5.968510588744018
-11.98747,-0.02377256,5.964799736725097
-11.99568,-0.02383803,5.9611074653541944
-12.00392,-0.02390071,5.957406780451719
-12.01216,-0.0241353,5.953711172678354
-12.02022,-0.02425128,5.950101196151152
-12.0284,-0.02423363,5.946442419606931
-12.03658,-0.02429781,5.942788616035452
-12.04475,-0.02434037,5.93914423296457
-12.05293,-0.02433958,5.93550033892174
-12.06108,-0.02425011,5.931874724319878
-12.06944,-0.02435084,5.928160776307766
-12.07765,-0.02445992,5.924518470066611
-12.08577,-0.02431669,5.9209209591114185
-12.0941,-0.02426944,5.917235428845471
-12.10243,-0.02444193,5.913554972018017
-12.1107,-0.02445841,5.90990603350756
-12.11876,-0.02444373,5.9063545445243575
-12.12709,-0.02441189,5.9026890457644825
-12.13536,-0.0244025,5.899054927089102
-12.14366,-0.02442771,5.895412602131483
-12.15208,-0.0244794,5.891722700969711
-12.16032,-0.02448155,5.888116628509776
-12.16863,-0.02451229,5.884484868058278
-12.17687,-0.02449351,5.8808885945238805
-12.18514,-0.02446479,5.877284118196426
-12.19347,-0.02443595,5.873658433571412
-12.20186,-0.02441921,5.87001163757001
-12.21013,-0.02441906,5.866421905417879
-12.21852,-0.02446846,5.862785050889961
-12.22685,-0.02453145,5.859179142624634
-12.23512,-0.02461178,5.855604064365532
-12.24342,-0.02469827,5.8520208732527355
-12.25166,-0.02478253,5.848468387141009
-12.25984,-0.0248626,5.8449464919607435
-12.26811,-0.02492066,5.841390621701306
-12.27629,-0.02494328,5.837878161887672
-12.28447,-0.02493739,5.834370379837307
-12.29274,-0.0249616,5.830828749326839
-12.30104,-0.02502114,5.827279059331569
-12.30922,-0.02506816,5.823785373890466
-12.31752,-0.02517814,5.82024517922439
-12.3257,-0.02528314,5.816760833056136
-12.33394,-0.0252257,5.813255602021739
-12.34206,-0.02511579,5.809805996729882
-12.35045,-0.02522275,5.806246452558409
-12.35884,-0.02533219,5.802691741296109
-12.36687,-0.02530079,5.7992940736014855
-12.37523,-0.02528372,5.7957614605950765
-12.3835,-0.02532181,5.792271571042113
-12.39177,-0.02533679,5.788786339643167
-12.40004,-0.02543652,5.785305757078203
-12.40837,-0.0255311,5.781804612531703
-12.41649,-0.02549537,5.778396253691664
-12.42479,-0.02547254,5.774916944270286
-12.43309,-0.02554788,5.771442280237657
-12.44133,-0.02565676,5.767997320222195
-12.44951,-0.02580282,5.764581955434391
-12.45775,-0.02594168,5.761146073729205
-12.46578,-0.02591655,5.757802127103158
-12.47408,-0.02576584,5.754350268717213
-12.48241,-0.02579884,5.7508905491808076
-12.49062,-0.02594986,5.747485184882737
-12.49883,-0.02618341,5.744084294289946
-12.50691,-0.02624387,5.740741614035762
-12.51509,-0.02621755,5.737361960641114
-12.52336,-0.02625292,5.733949610967025
-12.53151,-0.02621155,5.730591181749047
-12.53987,-0.02626346,5.727150751961544
-12.54802,-0.02627625,5.723801157473451
-12.55632,-0.02620013,5.720394383067651
-12.56465,-0.02619013,5.716979820369051
-12.57292,-0.02623854,5.713594328127436
-12.58122,-0.02619055,5.710201029788845
-12.58949,-0.02613472,5.706824446423168
-12.59789,-0.0261914,5.70339932322
-12.60619,-0.02624971,5.700019458694499
-12.61452,-0.02626148,5.69663184964628
-12.62276,-0.02625226,5.693285240311945
-12.63097,-0.0262279,5.689955157838234
-12.63936,-0.02621206,5.686556534508076
-12.64769,-0.02621655,5.6831866767765495
-12.65599,-0.02620066,5.679833367441031
-12.66432,-0.02617734,5.676472356984031
-12.67262,-0.02617414,5.673127845701994
-12.68105,-0.02617661,5.66973543200287
-12.68932,-0.02617591,5.666411785659122
-12.69765,-0.02618431,5.6630684024209215
-12.70598,-0.02620745,5.659729403005514
-12.7144,-0.02622176,5.656358774303153
-12.72276,-0.02623456,5.653016578163858
-12.731,-0.0262393,5.649726651480639
-12.7394,-0.02624531,5.646377223417116
-12.74764,-0.02625858,5.643095882845766
-12.756,-0.02626989,5.639771088115397
-12.76418,-0.02627985,5.636522095426421
-12.77251,-0.02628314,5.633217801356194
-12.78084,-0.02628502,5.629917814478548
-12.78917,-0.02629028,5.62662212637724
-12.79753,-0.02629061,5.623318882628133
-12.80583,-0.02629119,5.620043612948165
-12.81416,-0.02629515,5.616760770897196
-12.82246,-0.0263018,5.613493994132172
-12.83073,-0.02629965,5.610243228561431
-12.83894,-0.02628957,5.607020190140308
-12.84737,-0.02629874,5.603715071645015
-12.85567,-0.02629874,5.600465156619609
-12.86406,-0.02630238,5.597184263754989
-12.87248,-0.02631112,5.593895939244032
-12.88075,-0.02629916,5.590670380218543
-12.88911,-0.02629332,5.587413925399039
-12.89742,-0.02628645,5.584181130799804
-12.90578,-0.02628247,5.580933085795667
-12.91408,-0.02627425,5.577712512234709
-12.92235,-0.02625763,5.57450769403398
-12.9308,-0.02625463,5.571237355770719
-12.93904,-0.02624354,5.5680524057426215
-12.94759,-0.02622652,5.564751919083012
-12.95592,-0.02623948,5.5615405467153245
-12.96428,-0.02622019,5.558321757937965
-12.97255,-0.02617776,5.55514170305761
-12.98094,-0.02615286,5.551919645264519
-12.98927,-0.02611575,5.548724747426146
-12.99767,-0.02611248,5.54550714858894
-13.00609,-0.02612123,5.542286059838122
-13.01439,-0.02608263,5.539114956598043
-13.02284,-0.02604668,5.535890696652958
-13.03108,-0.02596736,5.532750593197187
-13.03941,-0.02590931,5.529580226405949
-13.0479,-0.02590466,5.526353129622391
-13.05626,-0.02587455,5.523179547588667
-13.06484,-0.02586647,5.519926673422714
-13.07304,-0.02584144,5.5168218562782645
-13.08141,-0.02582012,5.513656685326735
-13.08989,-0.02584873,5.51045404506837
-13.09822,-0.02584308,5.507312092788181
-13.10667,-0.02582899,5.504128958766796
-13.11488,-0.0257697,5.501040162014445
-13.12322,-0.02576498,5.497906413212611
-13.1317,-0.02576032,5.494724140819544
-13.14003,-0.02574989,5.491602157681528
-13.14845,-0.02575383,5.488450463742875
-13.15691,-0.02574626,5.485287860143454
-13.16515,-0.0257332,5.482211406630384
-13.17351,-0.02570012,5.479094083505459
-13.18187,-0.02565413,5.475980714420641
-13.19023,-0.02568235,5.472871291857686
-13.19856,-0.0256713,5.469776945363737
-13.20714,-0.02566005,5.466593812134952
-13.2155,-0.02565704,5.4634962733154255
-13.22365,-0.02558617,5.4604803136804145
-13.2321,-0.02553098,5.457357259996524
-13.24046,-0.02551097,5.4542713923836486
-13.24901,-0.02548767,5.451119419488702
-13.25743,-0.02546738,5.448019344624109
-13.26573,-0.0254122,5.444967302967873
-13.27416,-0.02534372,5.441871365118396
-13.2827,-0.02533722,5.438739036491075
-13.29106,-0.02534077,5.435676627748276
-13.29942,-0.02526941,5.432618069058651
-13.30776,-0.02517641,5.429570656519204
-13.31627,-0.02515386,5.426465061162022
-13.32475,-0.0251294,5.423374359744086
-13.33308,-0.02502874,5.420342156500974
-13.34154,-0.02497922,5.417266507464656
-13.35005,-0.02494484,5.414176613570736
-13.35841,-0.02489141,5.411145016510199
-13.36693,-0.02490666,5.4080593000786275
-13.37529,-0.02491622,5.405035352504507
-13.38368,-0.02485936,5.402004351568478
-13.39211,-0.02473092,5.398962725067222
-13.4005,-0.02455668,5.395939330621992
-13.40907,-0.02449267,5.392854978011153
-13.41759,-0.0245738,5.389792526079572
-13.42604,-0.02463099,5.386759074157384
-13.43437,-0.02461269,5.38377243592368
-13.44273,-0.02454267,5.38077876294473
-13.45119,-0.02446907,5.377753068687603
-13.45964,-0.02440347,5.37473474773471
-13.46806,-0.02431782,5.371730910019706
-13.47652,-0.0243163,5.368716582619252
-13.48506,-0.02440302,5.365677586899873
-13.49333,-0.02439424,5.36273833812706
-13.50172,-0.02429457,5.3597601194514475
-13.51012,-0.02426799,5.356782056710081
-13.5186,-0.02428778,5.353779385439322
-13.52702,-0.02436958,5.350801684332543
-13.53526,-0.02436445,5.347891226322953
-13.54359,-0.0243333,5.3449525790429275
-13.55196,-0.02428289,5.3420034592782155
-13.56029,-0.02422947,5.339072047869183
-13.56871,-0.02417037,5.336112622349509
-13.5771,-0.02415427,5.333167392152964
-13.58547,-0.02412872,5.330232807551009
-13.59383,-0.02408794,5.327305336318021
-13.6024,-0.02408282,5.324308063282951
-13.6107,-0.0240587,5.3214088180622605
-13.61906,-0.02401987,5.318492186685425
-13.62746,-0.02400393,5.31556520437411
-13.63591,-0.02399761,5.31262443797297
-13.64424,-0.02397144,5.309728999196731
-13.65263,-0.02389543,5.306816276424396
-13.66106,-0.02382608,5.303893270361158
-13.66945,-0.02381362,5.300987713477865
-13.67796,-0.02379414,5.298044240515399
-13.68633,-0.02373591,5.2951527619164525
-13.69472,-0.0236809,5.292257921301056
-13.70317,-0.02362332,5.289345961554882
-13.71156,-0.02356059,5.286458229406428
-13.72005,-0.02351519,5.283539673689236
-13.7285,-0.02352786,5.2806384528535535
-13.73692,-0.02361212,5.277751082484284
-13.74532,-0.02366972,5.274874095328447
-13.75362,-0.02365748,5.272034809744635
-13.76192,-0.02361448,5.269198948983863
-13.77034,-0.02356954,5.2663255809224765
-13.77867,-0.02356376,5.263486381486747
-13.78709,-0.02353951,5.260619993051471
-13.7954,-0.02349698,5.257794482218711
-13.80382,-0.02349648,5.254935039720889
-13.81221,-0.02348153,5.252089252914631
-13.82054,-0.02347226,5.24926723557835
-13.82893,-0.02348019,5.246428328149756
-13.83739,-0.02348079,5.243569220785134
-13.84569,-0.02344306,5.240767581825103
-13.85402,-0.02342827,5.237959191628134
-13.86241,-0.0234291,5.235133984639035
-13.87074,-0.02341611,5.232332362945308
-13.87901,-0.02339452,5.229554247745337
-13.88731,-0.02336678,5.226769381543295
-13.89589,-0.023378,5.2238940650796755
-13.90425,-0.0234024,5.22109588794793
-13.91252,-0.02337298,5.218331143459273
-13.92091,-0.02335273,5.215529638507828
-13.92922,-0.02333145,5.212758173106606
-13.93758,-0.02328347,5.209973366969015
-13.94588,-0.02323285,5.2072118503816185
-13.95424,-0.02319131,5.204433691838466
-13.96263,-0.0231856,5.201648908550896
-13.97109,-0.0232079,5.198844277719205
-13.97942,-0.0232123,5.196086060795084
-13.9879,-0.0231773,5.193281550482918
-13.99623,-0.02316003,5.1905299569955625
-14.0045,-0.02314116,5.187801420971831
-14.01283,-0.02309532,5.185056344792594
-14.02141,-0.02309639,5.1822322933285605
-14.02977,-0.02311497,5.179483975859904
-14.03801,-0.02309439,5.176778311170886
-14.04646,-0.02309781,5.174006988237606
-14.05489,-0.02312579,5.171245545144786
-14.06325,-0.02314724,5.1685103016728
-14.07155,-0.02314878,5.165797904282044
-14.07988,-0.02315153,5.163078918286236
-14.08824,-0.0231631,5.1603533727420885
-14.09651,-0.02315481,5.15766034997315
-14.1049,-0.02315934,5.1549314777134185
-14.11327,-0.02318536,5.1522123434186415
-14.12154,-0.02320408,5.149528861583086
-14.12993,-0.02321729,5.1468096515693995
-14.13829,-0.02324053,5.144103374594806
-14.1465,-0.0232563,5.141448768246564
-14.15486,-0.02325982,5.1387488254917395
-14.16313,-0.02326828,5.1360810851838545
-14.17143,-0.02330086,5.133406798043669
-14.17976,-0.0233402,5.130725992541482
-14.1881,-0.02334919,5.1280451223208185
-14.19637,-0.02335366,5.12538986374686
-14.20464,-0.0233531,5.1227376969778895
-14.21303,-0.02336224,5.12005020041469
-14.22133,-0.02336654,5.1173946529614325
-14.22951,-0.02334688,5.114780530039335
-14.23766,-0.02332043,5.112178981658503
-14.24614,-0.0233197,5.1094752543496
-14.25438,-0.02332557,5.106851129266935
-14.26283,-0.02332241,5.104163276152069
-14.27113,-0.02330737,5.1015262351334485
-14.27956,-0.02330074,5.098851029023304
-14.28786,-0.02329334,5.096220161731709
-14.29619,-0.02327479,5.093582856691189
-14.30455,-0.02325317,5.090939141741614
-14.31279,-0.02322969,5.0883363970267155
-14.32115,-0.02320397,5.085698809104018
-14.32961,-0.0231858,5.083032804102833
-14.33797,-0.0231703,5.080401402709031
-14.3463,-0.0231765,5.077782494441076
-14.35472,-0.02320087,5.075138379571319
-14.36305,-0.02319638,5.072525577784663
-14.37141,-0.02319557,5.069906411409876
-14.37987,-0.02322249,5.067259015554383
-14.38823,-0.02324845,5.0646459710471685
-14.39656,-0.02326673,5.062045321938019
-14.40468,-0.02325637,5.059513130454825
-14.41307,-0.02327735,5.056899737529895
-14.42146,-0.02331502,5.054289385402034
-14.4297,-0.0233413,5.051728656867433
-14.43807,-0.02338364,5.049130520907573
-14.4464,-0.02340852,5.046547790452985
-14.45461,-0.02343142,5.044005178970584
-14.46294,-0.02348234,5.041428354124404
-14.47121,-0.02351688,5.03887302443956
-14.47942,-0.02353169,5.036339121318396
-14.48778,-0.0235479,5.03376187379985
-14.49608,-0.02355665,5.031206063984195
-14.50429,-0.02356403,5.028680845460205
-14.51256,-0.023592,5.02614006074738
-14.52083,-0.02361277,5.023602170123884
-14.52919,-0.02363093,5.021039596839191
-14.53749,-0.02365276,5.018498330867296
-14.54576,-0.02366955,5.015969134648173
-14.55391,-0.02367622,5.0134794498523085
-14.56218,-0.02367414,5.010955955770359
-14.57054,-0.02367545,5.008407910756912
-14.5789,-0.02368876,5.0058627880018385
-14.5872,-0.02369192,5.003338817593507
-14.59547,-0.02369964,5.000826825035439
-14.60375,-0.02370848,4.998314645210991
-14.61205,-0.02371717,4.995799254724697
-14.62044,-0.02372872,4.993259491506412
-14.62871,-0.02374288,4.99075890492053
-14.63707,-0.02376427,4.988233977155264
-14.6454,-0.023787,4.985720977235173
-14.65367,-0.02380943,4.98322890443145
-14.66188,-0.02380327,4.980757692737903
-14.67024,-0.02383248,4.978244173237793
-14.67864,-0.02388418,4.97572151098467
-14.68687,-0.02391069,4.973252701222249
-14.69518,-0.02395481,4.970762699061869
-14.70345,-0.02401057,4.968287476748655
-14.71169,-0.02402211,4.965824001185452
-14.71996,-0.0240019,4.963354329767201
-14.72826,-0.02398351,4.960878488022346
-14.73659,-0.02396575,4.958396501497294
-14.74486,-0.02398037,4.955935166559738
-14.75319,-0.02406782,4.953458763833449
-14.76149,-0.02446764,4.95099405954277
-14.76979,-0.0250414,4.948532125372128
-14.77748,-0.02524881,4.946253596689016
-14.78529,-0.02512319,4.943941938237262
-14.79338,-0.02499767,4.941549977084344
-14.80159,-0.02488053,4.939125208845807
-14.8098,-0.02474406,4.93670312900917
-14.81816,-0.02464308,4.934239554708547
-14.82655,-0.02463895,4.93176993299183
-14.83492,-0.02469149,4.929308981780825
-14.84319,-0.02469246,4.926880158510402
-14.85146,-0.02468835,4.924454040208842
-14.85973,-0.02474212,4.922030622359895
-14.86812,-0.02477806,4.919574794930361
-14.87636,-0.02484579,4.91716557007225
-14.88457,-0.02478376,4.914767769576145
-14.8929,-0.02475614,4.912337623968469
-14.90123,-0.02477374,4.909910195332869
-14.90947,-0.02480724,4.907511662051032
-14.91783,-0.0248898,4.905080906539356
-14.92604,-0.02495568,4.902696415124172
-14.93431,-0.02496955,4.900297147976707
-14.94258,-0.02500971,4.89790053658739
-14.95085,-0.02510483,4.89550657654916
-14.95909,-0.02547201,4.893123933340865
-14.96733,-0.02600979,4.890743913577104
-14.97505,-0.02612396,4.888516465721317
-14.98299,-0.02590834,4.8862279358125456
-14.9912,-0.02573545,4.88386413362506
-14.99947,-0.02562485,4.881485672493762
-15.0078,-0.02557714,4.8790926051786405
-15.01616,-0.02559197,4.876693588773695
-15.02443,-0.02561098,4.874323025898487
-15.03273,-0.02553383,4.871946486100662
-15.041,-0.02553972,4.869581144870687
-15.04948,-0.02559721,4.867158440025835
-15.05776,-0.02563383,4.864795507432713
-15.06606,-0.02564781,4.8624294739301455
-15.07436,-0.02567315,4.860066045921685
-15.08263,-0.02572485,4.857713747536073
-15.0909,-0.02576066,4.855364027327727
-15.0992,-0.02581459,4.8530083713044405
-15.10747,-0.02588239,4.8506638040651415
-15.11577,-0.02593314,4.848313311197511
-15.12389,-0.02588924,4.8460162894599215
-15.13219,-0.025873,4.843670896281371
-15.14049,-0.02589426,4.841328074586754
-15.14876,-0.02591239,4.8389962742825166
-15.15706,-0.02599559,4.836658573628395
-15.16536,-0.02615329,4.834323431820939
-15.17354,-0.02626748,4.8320245506322195
-15.18166,-0.02630828,4.829744981774062
-15.1898,-0.02632996,4.827462244400849
-15.19804,-0.02631038,4.825153954062498
-15.20625,-0.02621189,4.822856555692561
-15.21455,-0.02616856,4.820536493028056
-15.22295,-0.02626953,4.818191053639406
-15.23116,-0.0264301,4.815901165768071
-15.23937,-0.02656282,4.81361374518763
-15.24754,-0.02660667,4.8113399145042415
-15.25575,-0.02650791,4.809057404585157
-15.26402,-0.0265526,4.80676069606827
-15.27229,-0.02668552,4.80446647490324
-15.28044,-0.02670833,4.802207973068839
-15.28871,-0.02678639,4.799918678554306
-15.29689,-0.02689164,4.797656732839159
-15.3051,-0.02691438,4.7953889226467
-15.31334,-0.02700118,4.793115270737801
-15.32158,-0.02718414,4.790844064385005
-15.32967,-0.02732245,4.788616578178135
-15.33781,-0.02738912,4.786377696685512
-15.34602,-0.0273712,4.784121967780572
-15.3542,-0.02735234,4.781876880592932
-15.36241,-0.02737465,4.779625963634612
-15.37068,-0.02751944,4.777361027618817
-15.3788,-0.02756373,4.775139542747159
-15.38704,-0.02753915,4.7728876249103145
-15.39528,-0.02769084,4.770638117656841
-15.40343,-0.02783849,4.768415547705933
-15.41155,-0.02780075,4.766203496728104
-15.41982,-0.02780898,4.763952977401812
-15.42799,-0.02787698,4.761732040272259
-15.43623,-0.02781453,4.759494455576265
-15.4445,-0.02787736,4.757251124995954
-15.45271,-0.02808296,4.75502644519958
-15.4608,-0.02823154,4.752836593190521
-15.46901,-0.02832607,4.75061660054522
-15.47713,-0.02833704,4.748423260643285
-15.48528,-0.02826584,4.746224130270813
-15.49355,-0.02832432,4.743994985009891
-15.50172,-0.02850009,4.741795129830755
-15.50987,-0.02868055,4.7396029689481605
-15.51796,-0.02868422,4.7374292239443845
-15.52611,-0.02853644,4.735241647779128
-15.53447,-0.02857573,4.733000089478431
-15.54262,-0.02869497,4.730817159526516
-15.55083,-0.02871902,4.728620472347779
-15.55907,-0.02878311,4.7264180892559775
-15.56728,-0.02887902,4.72422604334219
-15.57549,-0.02899059,4.722036308328021
-15.58354,-0.02910432,4.719891488070106
-15.59181,-0.0293715,4.717690357950745
-15.59975,-0.02938498,4.715579256077822
-15.60799,-0.02929492,4.713390660808984
-15.61614,-0.02937073,4.711228242062379
-15.62434,-0.02949603,4.709054833676175
-15.63246,-0.02968687,4.706904876135938
-15.64058,-0.02974404,4.7047571509496455
-15.64873,-0.02965853,4.702603732060046
-15.65694,-0.02952889,4.700436726461238
-15.66527,-0.02961782,4.6982403686626535
-15.67339,-0.02982406,4.696101628301217
-15.68153,-0.02984632,4.693959843204075
-15.68977,-0.02980826,4.691794009727358
-15.69804,-0.02985713,4.689622577086057
-15.70622,-0.02999146,4.687477025025754
-15.7144,-0.03013383,4.685333706663952
-15.72255,-0.03010386,4.683200466845391
-15.73082,-0.03004426,4.6810380768453275
-15.73906,-0.03013081,4.678885791146358
-15.74733,-0.030317,4.676727934195829
-15.75539,-0.03026327,4.674627051440809
-15.76372,-0.03021539,4.672458049242184
-15.77199,-0.03035392,4.670306936537495
-15.7802,-0.03047067,4.6681736606633635
-15.78835,-0.03044246,4.666058169473061
-15.79659,-0.03043029,4.663921536230288
-15.80489,-0.03046395,4.6617715972714775
-15.81316,-0.03051095,4.659631673871637
-15.82137,-0.03055505,4.657509488748446
-15.82961,-0.03059829,4.655381762406023
-15.83785,-0.03066458,4.6532562500591945
-15.84612,-0.03069976,4.6511252218208625
-15.85432,-0.03071514,4.649014426351935
-15.86253,-0.03077346,4.646903243051392
-15.8708,-0.03088177,4.644778839125943
-15.87898,-0.0309685,4.642679731317755
-15.88719,-0.03108469,4.640575098554244
-15.89534,-0.03124469,4.6384879971111035
-15.90352,-0.03140436,4.6363953640451925
-15.91158,-0.03133029,4.634335534246127
-15.91985,-0.03122113,4.632224204373785
-15.92812,-0.03149166,4.63011506693822
-15.93608,-0.03155805,4.628087057795895
-15.94438,-0.03146005,4.625974581639424
-15.95265,-0.03159008,4.62387192723466
-15.9608,-0.03173598,4.621801914690993
-15.96901,-0.03196029,4.619718799099005
-15.97694,-0.03179161,4.617708760250712
-15.98528,-0.03167781,4.615596949193258
-15.99358,-0.03182225,4.613497453353158
-16.00182,-0.03196551,4.611415289010876
-16.00987,-0.03199001,4.609383205485117
-16.0182,-0.031975,4.607282591052678
-16.02635,-0.03188837,4.605229481447741
-16.03468,-0.03191262,4.6031331838240614
-16.04289,-0.03199895,4.601069215085312
-16.05122,-0.03211836,4.598977236621266
-16.0594,-0.03220091,4.596925040786082
-16.06749,-0.03218655,4.594897479320044
-16.07582,-0.03220481,4.592811900108362
-16.08403,-0.03218743,4.590758479062773
-16.09227,-0.03218237,4.588699661390221
-16.10057,-0.03225676,4.586627982736015
-16.10887,-0.03231554,4.584558438922159
-16.11702,-0.03236589,4.58252837062931
-16.12526,-0.03238057,4.580477970587761
-16.13353,-0.03238954,4.578422211382135
-16.14177,-0.03237445,4.576376004614116
-16.15004,-0.03237692,4.574324447493629
-16.15831,-0.03247439,4.572274990391941
-16.16661,-0.03265098,4.570220206957427
-16.17473,-0.03272124,4.568212025795794
-16.18297,-0.03273774,4.566176227231466
-16.19118,-0.032806,4.5641499013660525
-16.19933,-0.03293431,4.562140415683858
-16.2076,-0.03305579,4.560103408277598
-16.21574,-0.03311587,4.558100450549898
-16.22386,-0.0332624,4.556104416581505
-16.23198,-0.0332857,4.554110379633292
-16.24016,-0.0332892,4.552103624594832
-16.24843,-0.03345408,4.550076844347424
-16.25649,-0.0334526,4.548103514350269
-16.26476,-0.03340869,4.546080802913784
-16.273,-0.03361811,4.54406747372949
-16.28102,-0.03369717,4.542109855525022
-16.28926,-0.03367747,4.540100544776129
-16.29747,-0.03371452,4.5381005702112045
-16.30565,-0.033704,4.536109906688786
-16.31395,-0.03376393,4.534092080703938
-16.32213,-0.03377682,4.532105435993954
-16.33037,-0.03373821,4.530106231518331
-16.33867,-0.03375308,4.528094508304531
-16.34694,-0.03381445,4.526092088182865
-16.35512,-0.03384679,4.524113451934318
-16.36342,-0.03393723,4.5221078112032815
-16.37166,-0.03404164,4.520118680695788
-16.37978,-0.03396765,4.518160475903828
-16.38814,-0.03399548,4.516146420521182
-16.39638,-0.03411333,4.514163284822626
-16.40453,-0.03417927,4.512203769324692
-16.4128,-0.03427101,4.510217391304348
-16.42094,-0.03430263,4.508264191940291
-16.42909,-0.0342179,4.50631053211103
-16.43742,-0.0341755,4.50431572594726
-16.44576,-0.03418434,4.502320549491176
-16.45403,-0.03434955,4.500344116304638
-16.46224,-0.03455234,4.498383986626364
-16.47035,-0.03453302,4.496449650432444
-16.47868,-0.03453605,4.494464823638786
-16.48683,-0.03459491,4.492524827392531
-16.4951,-0.03465785,4.4905582263823804
-16.50328,-0.03471486,4.488614966237015
-16.51149,-0.03477696,4.486666515256952
-16.51973,-0.03498124,4.484712891796658
-16.52782,-0.03505395,4.482796726973068
-16.536,-0.03499251,4.480861151427189
-16.54424,-0.03490141,4.4789133136366495
-16.5526,-0.03500285,4.47693909113976
-16.56075,-0.03519105,4.475016379089112
-16.56889,-0.03533591,4.473097914223584
-16.57701,-0.03528523,4.471186040184569
-16.58522,-0.0352345,4.469254878741434
-16.59352,-0.03529813,4.467304489945472
-16.6017,-0.03540443,4.465384207641386
-16.60991,-0.03541918,4.46345878454489
-16.61812,-0.03538387,4.461535263916737
-16.62639,-0.03548022,4.4595996064088474
-16.63463,-0.03564203,4.457672884819199
-16.64278,-0.03568977,4.45576908425155
-16.65099,-0.03580002,4.45385315227503
-16.65913,-0.03591871,4.451955420241033
-16.66731,-0.03602214,4.4500502300611195
-16.67546,-0.03603669,4.448153886009742
-16.68361,-0.03594713,4.446259394699348
-16.69188,-0.03603116,4.4443389001119105
-16.70006,-0.03616876,4.442441176858047
-16.70824,-0.03619616,4.4405453117743106
-16.71648,-0.03608011,4.438637416489596
-16.72472,-0.03607053,4.436731401183398
-16.73311,-0.03615884,4.434792617750078
-16.74114,-0.0359928,4.432938844069161
-16.74962,-0.03595293,4.4309831148408145
-16.75798,-0.03598558,4.429056998516528
-16.76628,-0.03592194,4.4271466061642775
-16.77464,-0.03583163,4.425224314799006
-16.78297,-0.0357516,4.423310826391277
-16.79134,-0.03563049,4.421390061781847
-16.79982,-0.03554825,4.419446005969112
-16.80827,-0.03554803,4.417510778920139
-16.81676,-0.03560187,4.4155683496702105
-16.82512,-0.03559408,4.413657578668087
-16.83351,-0.03551627,4.411741858946827
-16.8419,-0.03540842,4.409828047904334
-16.85033,-0.03527326,4.407907032087799
-16.85887,-0.03517151,4.405962908546066
-16.86742,-0.03522551,4.404018480597507
-16.8759,-0.03535268,4.402091918060666
-16.8842,-0.03529857,4.40020812357115
-16.89259,-0.03513625,4.398305783778569
-16.90108,-0.03516045,4.3963826927036616
-16.9095,-0.03513202,4.394477364794938
-16.91789,-0.03502611,4.3925807118972875
-16.92638,-0.03494716,4.390663366886481
-16.9348,-0.03486657,4.388763729125824
-16.94328,-0.03478508,4.386852463041395
-16.95174,-0.03460485,4.384947610097843
-16.96028,-0.03447366,4.383026671729476
-16.96883,-0.03445484,4.381105420939452
-16.97737,-0.03448629,4.379188348961
-16.98573,-0.03440422,4.377313550845328
-16.99425,-0.03434857,4.375404769260191
-17.00267,-0.0342896,4.3735202706398475
-17.01119,-0.034085,4.371615289700486
-17.01976,-0.0341114,4.369701053363855
-17.02821,-0.03405712,4.367815507325784
-17.03667,-0.03373207,4.365929603613852
-17.0454,-0.03356006,4.36398547408685
-17.05391,-0.03356466,4.362092253330761
-17.06245,-0.0335141,4.360194256979508
-17.07097,-0.03334495,4.358302597919158
-17.07958,-0.03313333,4.35639287382945
-17.08824,-0.03301036,4.354474000833322
-17.09682,-0.03296633,4.352574771214764
-17.10539,-0.03282772,4.350679657113927
-17.11403,-0.03267046,4.348770984975485
-17.1226,-0.03264519,4.3468796794879285
-17.13121,-0.03262345,4.344981451981501
-17.13976,-0.03268212,4.343098339766718
-17.14816,-0.03269485,4.341250093304471
-17.15666,-0.03239988,4.339381686179012
-17.16531,-0.03213141,4.33748220684625
-17.17395,-0.0320306,4.33558683354732
-17.18253,-0.03184616,4.333706508878495
-17.19125,-0.03171472,4.331797426016142
-17.19989,-0.03176559,4.329907766851997
-17.20837,-0.03186267,4.328054946517305
-17.21687,-0.03188341,4.326199587962272
-17.22533,-0.03163779,4.324354778689291
-17.23392,-0.0313971,4.322483474450386
-17.24257,-0.03117456,4.32060098349608
-17.25111,-0.0308441,4.3187442837011645
-17.26,-0.03079421,4.316813441483198
-17.26852,-0.03070987,4.314964826169238
-17.27719,-0.03068712,4.313085536479022
-17.28575,-0.03076233,4.311231939603431
-17.29424,-0.03054113,4.309395313121595
-17.3029,-0.03020464,4.307523767692121
-17.31157,-0.02998777,4.305651936826065
-17.32028,-0.03008648,4.303773357012704
-17.32881,-0.03015098,4.30193543007281
-17.33733,-0.02993468,4.300101463143402
-17.34593,-0.02962065,4.298252102942881
-17.35468,-0.02959734,4.296372367568864
-17.36322,-0.02970026,4.294539572729022
-17.37166,-0.02930743,4.292730009682438
-17.38043,-0.02906557,4.290851555456338
-17.38919,-0.02912351,4.288977134645145
-17.39764,-0.02902911,4.2871708346649315
-17.40631,-0.02893645,4.285319329599438
-17.41493,-0.02878631,4.283480329808963
-17.42351,-0.02870202,4.281651670645008
-17.43219,-0.02876772,4.279803530135916
-17.44052,-0.02861505,4.278031641258403
-17.44923,-0.02848665,4.276180731184127
-17.45779,-0.02848397,4.274363496181361
-17.46625,-0.02835331,4.272569240678452
-17.47485,-0.02818676,4.270747073651562
-17.48343,-0.02815294,4.2689309306011465
-17.49202,-0.02828379,4.267114455620335
-17.50037,-0.02826557,4.265350441162101
-17.50887,-0.02800661,4.2635564659512575
-17.51738,-0.02783644,4.2617621242446075
-17.52605,-0.02789781,4.259935838366317
-17.53445,-0.02787903,4.25816814898671
-17.543,-0.02774634,4.256370632160976
-17.55145,-0.02748572,4.254595859601344
-17.56015,-0.02729882,4.252770363578899
-17.56867,-0.02723544,4.250984388687362
-17.57733,-0.02724974,4.249170841077683
-17.58583,-0.02721034,4.247392537059667
-17.59435,-0.02710189,4.245611773097615
-17.60292,-0.02704422,4.243822297664251
-17.61145,-0.02707561,4.242042903906265
-17.61995,-0.02719676,4.240271482041663
-17.6283,-0.02713785,4.238532983895214
-17.63683,-0.02700214,4.236758708906306
-17.64519,-0.02677468,4.235021459105853
-17.65393,-0.0270451,4.233207002633408
-17.66232,-0.02800625,4.231466896761014
-17.6698,-0.02795059,4.229916920395251
-17.67828,-0.02712223,4.22816131433601
-17.68686,-0.02655309,4.226386718727914
-17.6956,-0.02626197,4.22458079974683
-17.70429,-0.02627978,4.222786979878888
-17.71286,-0.0263713,4.2210196546463985
-17.72127,-0.02624916,4.219286986767878
-17.72994,-0.02610116,4.217502473217619
-17.73851,-0.02616605,4.215740256650643
-17.74695,-0.02604609,4.214006434908534
-17.75549,-0.02577301,4.21225374799569
-17.76419,-0.0257348,4.2104699566937756
-17.77268,-0.02579925,4.208730906087321
-17.78117,-0.02577297,4.206993516174695
-17.78967,-0.02567203,4.205255741112679
-17.79816,-0.02560523,4.2035216674083165
-17.8067,-0.02537425,4.201779049458912
-17.81529,-0.02515288,4.2000279142242425
-17.82396,-0.02518229,4.198262181916926
-17.83243,-0.02517076,4.196538839630943
-17.84099,-0.02501481,4.194798848045989
-17.84959,-0.02503985,4.193052406245746
-17.85805,-0.02508107,4.191336036129365
-17.8665,-0.02502686,4.189623317381693
-17.87499,-0.02491659,4.1879041219044035
-17.88347,-0.024771,4.186188580851479
-17.89203,-0.02477471,4.184458504708521
-17.90051,-0.02472264,4.182746229018056
-17.90898,-0.02458679,4.181037591197265
-17.91751,-0.02459283,4.179318482311437
-17.92589,-0.02456989,4.1776311971121105
-17.9344,-0.02461139,4.1759193505219026
-17.94278,-0.02446035,4.174235241138776
-17.95136,-0.02434724,4.1725125672929515
-17.95978,-0.02438746,4.170823618106681
-17.96822,-0.0243634,4.16913224570937
-17.97664,-0.02423731,4.167446463855315
-17.98514,-0.02411575,4.165746266084112
-17.99364,-0.02407801,4.164047674622812
-18.00211,-0.02399577,4.162356673745467
-18.01059,-0.02393182,4.160665269710765
-18.01909,-0.02401319,4.158971474142146
-18.02745,-0.02403587,4.157307134397821
-18.03589,-0.02397619,4.155628433085365
-18.0443,-0.02385987,4.1539572607416195
-18.05275,-0.02378681,4.1522797080777165
-18.06125,-0.02388683,4.1505938127206035
-18.06957,-0.02381358,4.148945154754651
-18.07806,-0.02354283,4.147264374606567
-18.08655,-0.02344697,4.14558517240712
-18.09506,-0.02346039,4.1439035957880215
-18.10358,-0.02337145,4.142221626882638
-18.11215,-0.02339502,4.140531383629222
-18.1205,-0.02342096,4.138886068265225
-18.12897,-0.02336578,4.137218656106773
-18.13738,-0.02328763,4.135564596430135
-18.14584,-0.02317354,4.1339022497718485
-18.15434,-0.02307337,4.132233603645189
-18.16281,-0.02301139,4.130572400416015
-18.17136,-0.02314127,4.128897077599035
-18.17969,-0.02311106,4.127266378029549
-18.188,-0.02287238,4.12564108203211
-18.19667,-0.02287386,4.123946958427009
-18.20506,-0.02291931,4.122309083298819
-18.21346,-0.02291871,4.120670767663036
-18.22183,-0.02281755,4.119039805551912
-18.23027,-0.02276641,4.117396719851104
-18.23871,-0.02282101,4.115755154832771
-18.2471,-0.02284417,4.114124819834385
-18.25548,-0.02276058,4.112497923911067
-18.2639,-0.02271252,4.11086476601383
-18.27234,-0.02259392,4.109229239385869
-18.28073,-0.02241829,4.107604898710282
-18.28935,-0.0224268,4.105937581160621
-18.29776,-0.02245258,4.104312396708668
-18.30615,-0.02234088,4.102692565066931
-18.31465,-0.02218388,4.10105300947602
-18.32314,-0.02209714,4.099416901251642
-18.33171,-0.0221711,4.097766913179403
-18.3401,-0.02226708,4.096153074410718
-18.34848,-0.0222566,4.094542632414239
-18.3569,-0.0221549,4.092925984234811
-18.36528,-0.02191146,4.091318487929398
-18.37401,-0.0218385,4.089645412188195
-18.38234,-0.02194695,4.088050476707536
-18.39075,-0.02185621,4.086441689436265
-18.39923,-0.02170098,4.084821000661441
-18.40773,-0.0215869,4.083197988019164
-18.41628,-0.02155206,4.081566939685974
-18.42471,-0.02155824,4.079960265317609
-18.4332,-0.0215777,4.078343640821996
-18.44159,-0.02152267,4.076747520143328
-18.45006,-0.02140897,4.0751376526688805
-18.45854,-0.02134276,4.073527364569462
-18.46706,-0.02136157,4.071910970127351
-18.47545,-0.02132367,4.070320695842321
-18.48395,-0.02130378,4.068711043905659
-18.49233,-0.02115668,4.0671255650315565
-18.50087,-0.02099113,4.065511292171665
-18.50938,-0.02102669,4.063904171830715
-18.51782,-0.02109298,4.062311729998456
-18.5262,-0.02094048,4.060732044348005
-18.5347,-0.02084213,4.059131197159922
-18.54324,-0.02085704,4.057524294567724
-18.55162,-0.02077189,4.055948935995886
-18.56015,-0.02068216,4.05434683986929
-18.56863,-0.02065034,4.052755593708314
-18.57707,-0.0206892,4.0511732958965005
-18.58551,-0.02071596,4.049592435182032
-18.59389,-0.02065931,4.048024232691493
-18.60231,-0.02061261,4.04644996777282
-18.61087,-0.02060639,4.044850987621751
-18.61913,-0.02057672,4.04330944034442
-18.62763,-0.02053995,4.041724529636889
-18.63594,-0.02042604,4.040176444010873
-18.64447,-0.02035078,4.03858880944323
-18.65292,-0.02034442,4.037017496456318
-18.66129,-0.02029293,4.0354624626700515
-18.66975,-0.02024092,4.033892124961502
-18.67819,-0.02014278,4.032326917115631
-18.68665,-0.02009209,4.030759419157527
-18.6951,-0.02015075,4.029195190183525
-18.70349,-0.02004687,4.027643466540202
-18.71199,-0.01994608,4.026072817482267
-18.72041,-0.01989017,4.024518357236834
-18.72888,-0.01982286,4.022956076391114
-18.73738,-0.01988986,4.021389682015308
-18.74576,-0.01993713,4.0198467920212355
-18.75412,-0.01985334,4.0183089582449085
-18.76257,-0.01976137,4.016755961470097
-18.771,-0.01970125,4.015208033668958
-18.77942,-0.01957075,4.0136633293254
-18.78798,-0.01949281,4.012094360330382
-18.79639,-0.01946414,4.010554276645675
-18.80486,-0.01938361,4.009004597747603
-18.81334,-0.01938744,4.007454487082039
-18.82176,-0.01937283,4.00591672617226
-18.83025,-0.01931328,4.004367573452291
-18.83867,-0.01922663,4.0028325725754526
-18.84715,-0.01913735,4.001288019674062
-18.85567,-0.01917358,3.999737580261004
-18.86408,-0.0192256,3.9982085317704334
-18.87245,-0.01908165,3.9966881088570902
-18.88094,-0.01890736,3.9951472649137174
-18.88945,-0.01886481,3.9936041811699123
-18.8979,-0.01877762,3.9920733520655736
-18.90643,-0.01865102,3.99052941776951
-18.9149,-0.01869324,3.9889977213730976
-18.92339,-0.01881445,3.9874637842373906
-18.93173,-0.01880533,3.9859582880169953
-18.94011,-0.01867391,3.9844469065913555
-18.94858,-0.01852336,3.982920651573891
-18.95708,-0.01843872,3.981390361806776
-18.96559,-0.01848477,3.9798596458111772
-18.974,-0.01857979,3.9783482660482763
-18.98233,-0.01855472,3.9768525834289044
-18.99074,-0.01853518,3.9753438675902046
-18.99913,-0.01843781,3.973840070571652
-19.00746,-0.01836679,3.972348341125011
-19.0159,-0.01831342,3.9708382458889666
-19.02448,-0.01830816,3.9693044750763224
-19.03281,-0.01828566,3.967816717552479
-19.04131,-0.01825816,3.9662999394474436
-19.04964,-0.01822132,3.9648148101486433
-19.05811,-0.01820914,3.9633060518592873
-19.0665,-0.01818307,3.961812865497076
-19.07492,-0.01812481,3.960315660563714
-19.08331,-0.01804714,3.9588251042403018
-19.09177,-0.01781142,3.957323438319234
-19.10043,-0.01775217,3.9557876498068367
-19.10878,-0.01777073,3.954308155727367
-19.11728,-0.0176698,3.9528034113639596
-19.12575,-0.01759172,3.9513053082885636
-19.13428,-0.01762897,3.949797933342671
-19.14272,-0.01765846,3.9483077848915933
-19.15106,-0.01748068,3.946836582413715
-19.15961,-0.01746959,3.945329664852259
-19.16808,-0.01761983,3.943838172628662
-19.17635,-0.01746645,3.9423831698941667
-19.18486,-0.01725501,3.940887251718282
-19.19341,-0.01722253,3.9393856380914074
-19.20178,-0.01720445,3.937916932701031
-19.21031,-0.01721736,3.936421468471878
-19.21867,-0.01722578,3.9349570964067753
-19.22708,-0.01719511,3.933485251010554
-19.23549,-0.01718857,3.9320146926332527
-19.24388,-0.01722673,3.930548912173636
-19.2523,-0.01729141,3.929079174955719
-19.26057,-0.01721471,3.9276368715982963
-19.26895,-0.01716414,3.9261766468852737
-19.27739,-0.01719287,3.924707250307225
-19.28572,-0.01726621,3.9232582657012545
-19.29417,-0.01725746,3.921789685692621
-19.30226,-0.01715459,3.9203848772112693
-19.31067,-0.01706559,3.918925749339614
-19.31917,-0.01702532,3.9174522973813057
-19.32758,-0.01696121,3.915995722175254
-19.33594,-0.01689558,3.914549062522949
-19.34439,-0.01684198,3.9130880994438177
-19.35284,-0.01681269,3.9116284121606957
-19.36134,-0.01684783,3.9101613731281
-19.36966,-0.01683415,3.9087266477573688
-19.37807,-0.01674313,3.907277654585828
-19.38654,-0.01665713,3.9058195944196332
-19.39496,-0.01653837,3.9043714037048796
-19.40346,-0.01652929,3.902910728292789
-19.41191,-0.01653179,3.9014599130121663
-19.42029,-0.0163883,3.900022363208788
-19.42882,-0.01633279,3.8985603551836907
-19.43727,-0.0164104,3.897113324041905
-19.44568,-0.01638937,3.895674391432956
-19.45406,-0.01632022,3.894241829212
-19.46246,-0.01622303,3.8928070860518145
-19.47096,-0.01610204,3.891356522739505
-19.47943,-0.01595786,3.889912338297373
-19.48799,-0.01594535,3.888454083771595
-19.49651,-0.01605306,3.8870039150596694
-19.50481,-0.01598715,3.8855924102823867
-19.51332,-0.01584821,3.884146439457765
-19.52182,-0.01579856,3.8827034262174323
-19.53027,-0.01581547,3.88127014629086
-19.53874,-0.01582713,3.879834718103624
-19.54715,-0.01586726,3.8784106890262775
-19.5555,-0.01586825,3.876998031244407
-19.56389,-0.0158106,3.8755798207820633
-19.5723,-0.01573421,3.8741594498347154
-19.58072,-0.01564965,3.8727386122675775
-19.58916,-0.01554876,3.8713156255806784
-19.59766,-0.01547658,3.869883761632766
-19.60613,-0.01548641,3.868458186291736
-19.61461,-0.01550747,3.8670321612308376
-19.62299,-0.01546659,3.8656241632900996
-19.63135,-0.01531507,3.864220723485649
-19.6398,-0.01521093,3.862803389036548
-19.64842,-0.01529911,3.861358796279802
-19.65678,-0.0153476,3.8599589861615176
-19.66507,-0.01523504,3.858572072207218
-19.67349,-0.01523039,3.8571646057715228
-19.68199,-0.01525034,3.8557449881846297
-19.69032,-0.01524035,3.8543549520779754
-19.69867,-0.0152055,3.852962758399425
-19.70708,-0.01514904,3.8515617534408952
-19.71549,-0.01508712,3.850161943730539
-19.72382,-0.01503084,3.848776626434433
-19.73221,-0.01496663,3.8473825131599555
-19.74081,-0.01495928,3.8459547353933297
-19.74919,-0.01496533,3.8445646783488336
-19.75758,-0.01495056,3.8431741437969626
-19.76599,-0.01492563,3.8417814791973486
-19.77432,-0.01488246,3.84040323004786
-19.7827,-0.01482283,3.8390178792581398
-19.79117,-0.01475913,3.837618842140207
-19.79959,-0.01472746,3.836229250201646
-19.80798,-0.01471962,3.834845784375792
-19.81645,-0.01470173,3.8334503152683754
-19.82484,-0.01467915,3.8320692020717444
-19.83319,-0.01465906,3.830695833600142
-19.84168,-0.01466128,3.829300623737506
-19.85005,-0.01466713,3.8279263024526387
-19.8584,-0.01463498,3.826556419449704
-19.86679,-0.01458458,3.8251811339426247
-19.87512,-0.01452359,3.8238168323008868
-19.88361,-0.01450253,3.8224275018469984
-19.892,-0.01448841,3.821055700784235
-19.90042,-0.01441909,3.819680157504213
-19.90874,-0.01428974,3.818322093713615
-19.91724,-0.01421393,3.816935820424918
-19.92577,-0.01420896,3.815545843397771
-19.93424,-0.014193,3.814166820505823
-19.94258,-0.01414549,3.81281010781955
-19.95111,-0.01410737,3.8114236601372053
-19.95946,-0.01409028,3.8100676170597803
-19.96799,-0.01409496,3.8086835129624963
-19.97635,-0.01408094,3.807328140526172
-19.98476,-0.01403642,3.8059658059441293
-19.9931,-0.01400005,3.804615942500163
-20.00154,-0.01396808,3.8032510396699455
-20.01,-0.01394315,3.801884057971014
-20.0184,-0.0139289,3.8005279143188266
-20.0268,-0.01391086,3.799172908302874
-20.03522,-0.01388423,3.7978158163474123
-20.04364,-0.01387793,3.796459864575496
-20.05197,-0.01388398,3.795119526909326
-20.06041,-0.01385024,3.793762624991214
-20.06885,-0.01382245,3.792406864369408
-20.07713,-0.01379168,3.791077913028406
-20.08548,-0.01375125,3.789738836214021
-20.09392,-0.01370716,3.7883864571970025
-20.10242,-0.01369245,3.7870256118417585
-20.11073,-0.01360491,3.7856962974491726
-20.11913,-0.01349091,3.7843537021730067
-20.12758,-0.01347444,3.7830042459153064
-20.13612,-0.01351974,3.781641567491652
-20.14449,-0.01351062,3.7803071360952796
-20.15286,-0.0134184,3.778973813146124
-20.16126,-0.01333592,3.777636824285784
-20.16971,-0.01329336,3.776293000742202
-20.17821,-0.01326894,3.7749423610914943
-20.18655,-0.01323096,3.7736182507659803
-20.19504,-0.0132092,3.7722714488310003
-20.2034,-0.01322606,3.7709463753625627
-20.21191,-0.01324728,3.769598652477673
-20.22025,-0.01321639,3.7682789530297596
-20.22861,-0.01317826,3.7669571809432285
-20.23705,-0.01313748,3.7656238681033054
-20.24545,-0.01311141,3.7642979780642065
-20.25385,-0.01308303,3.762973187813675
-20.26225,-0.01309042,3.7616494959839106
-20.27071,-0.01312137,3.7603174580466097
-20.27902,-0.01311148,3.7590101198184134
-20.28743,-0.0131078,3.7576881398974633
-20.29575,-0.01311885,3.756381385265388
-20.30403,-0.01311577,3.7550819763367174
-20.31236,-0.01309222,3.753775789716212
-20.32086,-0.01310341,3.7524440501041787
-20.3291,-0.01308542,3.7511541091341964
-20.33743,-0.01303409,3.7498511414667437
-20.34584,-0.01298319,3.7485367426461624
-20.35416,-0.01295136,3.7472374787267073
-20.36253,-0.01290802,3.745931478062893
-20.37109,-0.0128778,3.7445969410571553
-20.37941,-0.01286077,3.743300895364488
-20.38765,-0.0127734,3.742018354248773
-20.39621,-0.01276219,3.740687103143182
-20.40457,-0.01277737,3.739388034151173
-20.41307,-0.01272735,3.738068301338309
-20.42136,-0.01264999,3.7367822319375397
-20.42973,-0.01257976,3.7354848106166845
-20.43829,-0.01257969,3.734159036788303
-20.44669,-0.01254823,3.732859122919162
-20.45508,-0.01252279,3.7315618222954887
-20.46344,-0.01252456,3.730270218496988
-20.47197,-0.01255684,3.7289534373096482
-20.48026,-0.01254099,3.727674756082198
-20.48862,-0.01251425,3.726386325677376
-20.49696,-0.01248996,3.7251020248856412
-20.50543,-0.01245907,3.723798774275887
-20.51373,-0.01243677,3.7225227250236794
-20.52213,-0.0123961,3.7212323525871827
-20.53055,-0.01238605,3.7199399675118294
-20.53894,-0.01236155,3.7186532411117614
-20.54736,-0.01231618,3.717362970230725
-20.5557,-0.01227709,3.716086000476753
-20.56415,-0.01225625,3.714793244554236
-20.57248,-0.01222632,3.7135198867613433
-20.58087,-0.01221909,3.712238399056988
-20.58937,-0.01223434,3.710941174984956
-20.59776,-0.01221845,3.7096617884663186
-20.60603,-0.01218118,3.708401720273143
-20.6144,-0.0121489,3.7071274448928904
-20.62274,-0.01209943,3.7058587656150443
-20.63117,-0.0120422,3.704577437925236
-20.63959,-0.01199998,3.70329867502213
-20.64797,-0.01195099,3.7020270225111718
-20.65634,-0.01192656,3.7007579174239
-20.66489,-0.01193329,3.699462581218676
-20.67328,-0.01191432,3.6981925267785276
-20.68169,-0.0118944,3.6969204789357155
-20.68999,-0.0118726,3.6956660829705568
-20.69835,-0.01183135,3.694403636038621
-20.70682,-0.01179168,3.6931256175501597
-20.71518,-0.01177007,3.6918652215428494
-20.72348,-0.01175515,3.690614877424062
-20.73192,-0.01173062,3.6893444697837925
-20.74037,-0.01175001,3.688073592708327
-20.74883,-0.01178646,3.6868022486087164
-20.75708,-0.01176197,3.685563460756523
-20.7655,-0.01174416,3.6843001613252753
-20.77388,-0.01173782,3.6830438801032837
-20.78211,-0.01170825,3.681811072119241
-20.79053,-0.01173149,3.68055081327893
-20.79892,-0.01172455,3.679296059603095
-20.8073,-0.01170547,3.6780438115469085
-20.8157,-0.0117091,3.676789586706188
-20.82404,-0.01170857,3.6755453216570846
-20.83221,-0.01168594,3.6743273853326173
-20.84064,-0.0116711,3.6730716906966387
-20.84914,-0.01170886,3.671806597298498
-20.85745,-0.0117183,3.6705707792659217
-20.86572,-0.01169427,3.669341887076027
-20.87407,-0.01165402,3.66810209508735
-20.88237,-0.01158889,3.666870709598575
-20.8907,-0.01154926,3.665635857103879
-20.89903,-0.01151561,3.6644019889918336
-20.90743,-0.01147086,3.663158747870972
-20.91586,-0.01142779,3.6619120705531594
-20.92444,-0.01142707,3.6606442418530674
-20.93269,-0.01141241,3.659426155931225
-20.94112,-0.01137376,3.658182484986476
-20.94951,-0.01135684,3.6569457089927164
-20.95799,-0.01136724,3.655696672247673
-20.96635,-0.01136047,3.6544662995705024
-20.97473,-0.01131738,3.6532339677316465
-20.98309,-0.01129133,3.6520055578086925
-20.99149,-0.01128072,3.6507722558046143
-20.9998,-0.01125159,3.64955313860132
-21.00818,-0.01123833,3.648324728748516
-21.01654,-0.01123784,3.6471002267737695
-21.02504,-0.0112304,3.645856217158207
-21.03334,-0.01119888,3.6446424486077817
-21.04182,-0.01119415,3.643403346288486
-21.05016,-0.01118863,3.6421856745981973
-21.05852,-0.01116634,3.6409660507955923
-21.06685,-0.01113133,3.6397517664007673
-21.07526,-0.01109942,3.6385267939754953
-21.08365,-0.01106573,3.63730570845181
-21.09198,-0.01102363,3.636094316417899
-21.10036,-0.01099284,3.6348766182188363
-21.10877,-0.01095907,3.633655532747763
-21.11719,-0.01092875,3.632433969671154
-21.1257,-0.0109214,3.631200338923681
-21.13399,-0.01090424,3.6299995552188675
-21.14238,-0.01086698,3.62878524555892
-21.15077,-0.01084791,3.627571899273643
-21.15921,-0.01084235,3.6263522929258696
-21.16756,-0.01081496,3.6251466489288324
-21.1759,-0.01078031,3.6239433979193327
-21.18434,-0.01076962,3.622726683956168
-21.19275,-0.01077091,3.6215152587559425
-21.20108,-0.01079349,3.6203163046410842
-21.20949,-0.01079806,3.6191067913467037
-21.21791,-0.01080938,3.6178968003917444
-21.22627,-0.01081412,3.6166963814179316
-21.2346,-0.01080109,3.615501210288868
-21.24287,-0.01080534,3.6143155750611853
-21.25119,-0.01080162,3.6131237027197063
-21.25955,-0.01079303,3.611927039847974
-21.26787,-0.01077344,3.6107370366661073
-21.27625,-0.01076324,3.6095393925151282
-21.28468,-0.01075229,3.608335554022893
-21.29295,-0.01073507,3.607155490432279
-21.30122,-0.01071509,3.6059763431390315
-21.30959,-0.01070501,3.60478386960988
-21.31802,-0.01070287,3.603583794367394
-21.3264,-0.01070463,3.6023917773276315
-21.33476,-0.01069136,3.6012035382633787
-21.34306,-0.01067361,3.6000247480914167
-21.35158,-0.0106733,3.5988156661005886
-21.35992,-0.01067541,3.5976330622961137
-21.36826,-0.01066,3.59645138162864
-21.37654,-0.0106333,3.59527911439363
-21.38492,-0.0106189,3.5940936136305393
-21.39322,-0.01059806,3.5929203457917978
-21.40155,-0.01057118,3.5917437522048634
-21.40997,-0.01056137,3.5905553767707286
-21.41831,-0.01055307,3.589379213392653
-21.42665,-0.01052986,3.588203965622251
-21.43503,-0.01050515,3.58702400229904
-21.44348,-0.01050856,3.5858351163150757
-21.45181,-0.010486,3.584664030680861
-21.46025,-0.0104634,3.5834784077538706
-21.46855,-0.01046383,3.582313360706708
-21.4769,-0.01044627,3.5811422039493594
-21.48529,-0.01040217,3.5799663537238735
-21.49379,-0.01037316,3.578776023214147
-21.50208,-0.01035707,3.5776160073816117
-21.51032,-0.01032001,3.5764638740846255
-21.51881,-0.0102744,3.575277708200407
-21.52733,-0.01026171,3.574088291488076
-21.53568,-0.01024562,3.5729235204089216
-21.54393,-0.01020672,3.5717735854136174
-21.55238,-0.01020756,3.5705966858416565
-21.56084,-0.0102228,3.5694193176147127
-21.56921,-0.01022257,3.568255383484142
-21.57755,-0.01022308,3.567096519298994
-21.58589,-0.01019238,3.5659385505994887
-21.59421,-0.01016103,3.5647842500373943
-21.60265,-0.0101612,3.5636142093678322
-21.61093,-0.01015692,3.562467237643174
-21.61932,-0.01014978,3.561305924515665
-21.62773,-0.01015889,3.560142747297104
-21.63609,-0.01014641,3.558987381731172
-21.64443,-0.01011894,3.5578356695001903
-21.65273,-0.01012446,3.556690361908175
-21.66116,-0.01012072,3.555528014196839
-21.66945,-0.01011753,3.5543858519713236
-21.6778,-0.01011856,3.553236306267241
-21.6862,-0.01014202,3.5520807702594275
-21.69458,-0.01015932,3.5509288771665553
-21.70297,-0.01017058,3.549776500635627
-21.71132,-0.01017786,3.5486305024291473
-21.71957,-0.01017496,3.5474990941349205
-21.72795,-0.01018147,3.5463507371841336
-21.73625,-0.01019899,3.545214215883605
-21.74455,-0.01021474,3.5440785622144397
-21.7529,-0.01022055,3.542936941741101
-21.76111,-0.01020016,3.5418153164061943
-21.76943,-0.01018172,3.5406795262898476
-21.77774,-0.01018428,3.5395459675797394
-21.78615,-0.01019129,3.5383996484004747
-21.79442,-0.01018103,3.5372732745354085
-21.80277,-0.01016775,3.536136871599343
-21.81097,-0.01014731,3.5350217298909676
-21.81938,-0.01012554,3.533878900317058
-21.82782,-0.01012488,3.532732879417184
-21.83621,-0.01012793,3.5315945257899606
-21.84444,-0.01011132,3.5304787305144925
-21.85283,-0.01009497,3.5293421080930933
-21.86127,-0.01008439,3.528199592246928
-21.86952,-0.01007205,3.527083648840944
-21.87792,-0.0100749,3.525948280275273
-21.88635,-0.01008442,3.5248097330071024
-21.89467,-0.01007268,3.523686901880686
-21.90297,-0.01005601,3.522567619825074
-21.91135,-0.01004212,3.52143840977393
-21.91974,-0.01002886,3.520308717165441
-21.92809,-0.0100201,3.5191852687580174
-21.93642,-0.01001263,3.518065363445813
-21.94467,-0.009992216,3.516957051530053
-21.95308,-0.00997704,3.515828102480381
-21.96146,-0.009972246,3.514704040623893
-21.96982,-0.00996104,3.5135835159323108
-21.97818,-0.009938492,3.512463843684964
-21.98654,-0.009922496,3.5113450229094707
-21.99497,-0.009921836,3.510217695227591
-22.00325,-0.009918264,3.509111267653642
-22.01161,-0.00990283,3.5079949944597417
-22.01996,-0.009889217,3.5068809025992778
-22.02832,-0.009884471,3.505766322624694
-22.03659,-0.009866796,3.5046645737838746
-22.04497,-0.009860908,3.5035490136752285
-22.05342,-0.009864305,3.5024249934930727
-22.06178,-0.009858234,3.5013137924501105
-22.07005,-0.009856478,3.500215382384725
-22.07837,-0.00985768,3.499111161738842
-22.08679,-0.009859849,3.4979945161791277
-22.09505,-0.009852557,3.4968999164971337
-22.10338,-0.009831537,3.495796869076132
-22.11182,-0.009822936,3.4946801032208112
-22.12006,-0.009788627,3.4935906231719085
-22.12837,-0.009738546,3.492492709585026
-22.1367,-0.009722105,3.491392980886943
-22.1451,-0.009733946,3.4902848485669518
-22.15349,-0.009738103,3.4891788742992635
-22.16191,-0.009735442,3.4880697873062387
-22.17032,-0.00974485,3.486962858452201
-22.17877,-0.009765867,3.4858515102505683
-22.18706,-0.009763241,3.4847620279568363
-22.1953,-0.009739666,3.4836799232269895
-22.20366,-0.009736525,3.482582880480065
-22.21204,-0.009741053,3.481484041988039
-22.22037,-0.009731693,3.4803925812216447
-22.22868,-0.009722026,3.4793045560959985
-22.23708,-0.009721368,3.4782055737533883
-22.24539,-0.009718021,3.477119182895872
-22.25372,-0.009715285,3.4760309916724035
-22.26209,-0.009703038,3.474938395271962
-22.27046,-0.009724206,3.4738466201416585
-22.27884,-0.00974339,3.472754362435387
-22.28711,-0.009731743,3.471677247521101
-22.29552,-0.0097442,3.4705827179630706
-22.3038,-0.009747003,3.469505913790475
-22.31218,-0.009747521,3.468416918472332
-22.32051,-0.009743635,3.467335231139432
-22.32877,-0.009739282,3.466263430542748
-22.33713,-0.009738823,3.4651794612826268
-22.34535,-0.009730616,3.4641144354418256
-22.35378,-0.009740234,3.463023014452142
-22.36215,-0.009744969,3.461940175698669
-22.37038,-0.009725739,3.4608762390267844
-22.37874,-0.009711063,3.4597962977361547
-22.38713,-0.009708066,3.4587132919673045
-22.39552,-0.00971152,3.457631097648101
-22.40382,-0.009715369,3.4565613096338037
-22.41213,-0.009711614,3.45549102651109
-22.4205,-0.009701806,3.4544138177114694
-22.42871,-0.009684773,3.453357981801004
-22.4371,-0.009673036,3.4522797955172457
-22.44551,-0.009676984,3.451199847987415
-22.4539,-0.00968645,3.450123274798587
-22.46225,-0.009685107,3.4490526327505036
-22.47058,-0.009678006,3.447985347952745
-22.47888,-0.009666192,3.446922693657335
-22.48718,-0.009647305,3.445860823811612
-22.49561,-0.009635659,3.444783124351818
-22.50395,-0.009635305,3.4437177251104805
-22.51233,-0.009644363,3.4426480111121327
-22.52065,-0.009645261,3.441586743721873
-22.52895,-0.009629275,3.440528808488634
-22.53728,-0.009610426,3.439467832852944
-22.5457,-0.009598222,3.438396190847922
-22.55402,-0.009584854,3.43733806212817
-22.56247,-0.00957993,3.436264198910846
-22.5708,-0.009570174,3.435206372835699
-22.57907,-0.009544271,3.43415693826185
-22.58739,-0.009521935,3.4331019343093647
-22.59575,-0.009512876,3.43204264076209
-22.60417,-0.009505111,3.430976536630188
-22.61255,-0.009492737,3.429916285425571
-22.62091,-0.009476991,3.428859347391418
-22.62933,-0.009465775,3.427795613038477
-22.63765,-0.0094621,3.426745289374118
-22.64601,-0.009455298,3.4256906934157496
-22.65439,-0.009447388,3.424634355637031
-22.66269,-0.009434108,3.4235888722830343
-22.67108,-0.009412889,3.422532830372439
-22.67947,-0.009405552,3.4214775698021165
-22.68787,-0.009409261,3.4204218333408996
-22.69624,-0.009408895,3.419370644653035
-22.70456,-0.009413276,3.418326503574612
-22.71294,-0.009412562,3.417275605888097
-22.7213,-0.009417751,3.4162279887154345
-22.7296,-0.009418828,3.415188652681965
-22.73802,-0.009429483,3.4141350654102687
-22.74645,-0.009448048,3.4130810082452427
-22.75469,-0.009453381,3.4120514627973395
-22.76302,-0.009466006,3.4110114299420724
-22.7713,-0.009473621,3.409978393855423
-22.77968,-0.009482162,3.4089336461267234
-22.78798,-0.009501712,3.407899629541539
-22.79627,-0.009512338,3.406867610359063
-22.80458,-0.009520875,3.4058338544274878
-22.81291,-0.009523199,3.4047983663636074
-22.82118,-0.009526785,3.4037710845802014
-22.82951,-0.009535872,3.4027371021103825
-22.83781,-0.009531429,3.4017075936790784
-22.84613,-0.009518671,3.4006763552514148
-22.85446,-0.009512953,3.399644629538392
-22.86269,-0.00948537,3.398626027820873
-22.87099,-0.009460309,3.397599504874953
-22.87938,-0.009456586,3.3965626079028364
-22.8877,-0.00945616,3.3955351127461477
-22.89597,-0.009446094,3.394514532470125
-22.90436,-0.00944043,3.393479896404003
-22.91275,-0.009440136,3.3924460180467206
-22.9211,-0.009428716,3.3914178202616805
-22.92954,-0.00943765,3.390379301111143
-22.93793,-0.009450899,3.3893476917925898
-22.94627,-0.009447745,3.3883229779829143
-22.95453,-0.009433296,3.3873088274950525
-22.9628,-0.009411435,3.386294180152246
-22.97119,-0.009395744,3.385265556551489
-22.97958,-0.009398743,3.3842376840655923
-22.98796,-0.009396566,3.383211785647791
-22.99623,-0.009385129,3.3822000867098647
-23.00453,-0.009365528,3.381185449126759
-23.01291,-0.009350384,3.3801617744127097
-23.02129,-0.009346228,3.3791388449561253
-23.02963,-0.009345895,3.3781215373412423
-23.03807,-0.009351547,3.377092781643601
-23.0463,-0.009344596,3.3760903485592046
-23.05473,-0.009346734,3.3750642970010927
-23.06307,-0.009349965,3.3740499378443545
-23.07134,-0.009344042,3.37304481664264
-23.07979,-0.009349796,3.372018562560578
-23.08812,-0.009362568,3.371007617770524
-23.09647,-0.009366732,3.369994977587484
-23.1048,-0.009365744,3.3689854921920985
-23.11308,-0.009371352,3.3679827872356256
-23.12146,-0.009383994,3.3669687035334275
-23.12972,-0.00938893,3.3659698604220027
-23.13805,-0.009384503,3.3649632747789897
-23.14645,-0.009397037,3.363948964096006
-23.15482,-0.009412545,3.3629390079473733
-23.16307,-0.009417117,3.3619442457325386
-23.1714,-0.009420479,3.360940556030279
-23.17979,-0.009426966,3.359930366064576
-23.18808,-0.009432485,3.3589329345077297
-23.1963,-0.009433497,3.3579446291003303
-23.20462,-0.009428873,3.3569450135360976
-23.21303,-0.009427826,3.35593531305478
-23.22136,-0.009434568,3.3549359382912973
-23.22963,-0.009435127,3.3539444709192527
-23.23795,-0.009429496,3.3529477212921104
-23.24626,-0.0094299,3.351952881882935
-23.25464,-0.009435749,3.3509503823753026
-23.263,-0.00942553,3.3499509951425006
-23.27129,-0.009404873,3.348960685032931
-23.27962,-0.00939962,3.3479663070101657
-23.28804,-0.009405765,3.346961908344369
-23.29639,-0.00940236,3.3459665767958042
-23.30466,-0.009393317,3.3449814843898173
-23.31303,-0.00938695,3.3439851919720427
-23.32135,-0.009373931,3.3429955598625294
-23.32968,-0.009361144,3.3420054454240264
-23.33807,-0.009364711,3.341008913761935
-23.34653,-0.009365902,3.3400047930034997
-23.35481,-0.009339084,3.3390227409257447
-23.3631,-0.00931933,3.3380402001446727
-23.37154,-0.00931609,3.337040597239206
-23.37982,-0.009307982,3.3360606454626254
-23.38823,-0.009295309,3.33506601824935
-23.39656,-0.009290252,3.3340815572887634
-23.40489,-0.009273074,3.3330977970842843
-23.41325,-0.009275354,3.33211119771924
-23.42175,-0.009306,3.331108798445889
-23.4301,-0.009316212,3.3301247967358227
-23.43842,-0.009296591,3.329145027693846
-23.44675,-0.009282599,3.3281647776344268
-23.45514,-0.009268517,3.3271781707548964
-23.46341,-0.00927372,3.3262063655709038
-23.47171,-0.009272711,3.325231723636667
-23.47997,-0.009261858,3.324262462856639
-23.48836,-0.009266994,3.3232786452523717
-23.49672,-0.009269251,3.3222990442921394
-23.50507,-0.009280106,3.32132131067893
-23.51354,-0.009307397,3.3203302352601947
-23.52173,-0.009302594,3.3193726014200484
-23.53006,-0.009289362,3.318399281599792
-23.53833,-0.009284379,3.3174336539593083
-23.54662,-0.009291031,3.31646637181897
-23.55501,-0.009295401,3.3154881148426596
-23.56331,-0.009287009,3.3145210371547966
-23.57159,-0.009284684,3.3135569683674286
-23.57999,-0.009282825,3.312579619414597
-23.58832,-0.009278593,3.3116111024439214
-23.59665,-0.009283643,3.31064326927763
-23.60489,-0.009267299,3.3096865649448057
-23.61327,-0.009258462,3.3087142907356752
-23.62169,-0.009257236,3.3077380703920842
-23.62991,-0.009230901,3.306785709298089
-23.63829,-0.009225397,3.3058154925758165
-23.64667,-0.009240463,3.304845963511987
-23.655,-0.009235878,3.303882900021137
-23.66338,-0.00922766,3.302914739990652
-23.67166,-0.009233241,3.3019588064377405
-23.68013,-0.009241809,3.3009816289015306
-23.68843,-0.009248361,3.300024742036513
-23.69695,-0.009265611,3.299043189102395
-23.70517,-0.009262973,3.2980968666328905
-23.71344,-0.009257918,3.29714545000641
-23.72177,-0.00926617,3.2961878013318566
-23.73016,-0.009270932,3.2952239344361773
-23.73843,-0.009268527,3.294274520261028
-23.7468,-0.009271965,3.2933142991897855
-23.75511,-0.009273259,3.2923616308238524
-23.76346,-0.009275023,3.2914050479181065
-23.77185,-0.009275331,3.2904445594263803
-23.78011,-0.009268249,3.2894996154349156
-23.78844,-0.009256184,3.288547328029917
-23.79672,-0.009253577,3.2876014173381876
-23.80513,-0.009258178,3.2866413289908523
-23.8134,-0.009243368,3.285697884384422
-23.82179,-0.009234084,3.284741419515494
-23.83006,-0.009227335,3.283799293833083
-23.8385,-0.009232976,3.282838475575225
-23.84679,-0.009238499,3.28189539556477
-23.85516,-0.009237122,3.280943879647003
-23.86348,-0.009240028,3.279998709324876
-23.87181,-0.009245398,3.2790530630061148
-23.88005,-0.009244173,3.278118282834416
-23.88852,-0.009241939,3.2771580826271363
-23.89685,-0.009249091,3.2762144173813703
-23.90524,-0.009260602,3.2752646198072055
-23.91353,-0.009269776,3.274326797423885
-23.92177,-0.009271085,3.2733952755168203
-23.9301,-0.009261115,3.272454231281942
-23.93845,-0.009256502,3.271511584918823
-23.94675,-0.009254781,3.2705752346351797
-23.95497,-0.009242434,3.2696485489232505
-23.96333,-0.00923788,3.268706732328103
-23.97174,-0.009248431,3.2677599456693587
-23.98003,-0.009245324,3.26682731839785
-23.98836,-0.009235617,3.265890840390923
-23.99663,-0.00922175,3.264961750879186
-24.00504,-0.009215794,3.2640175896395087
-24.01343,-0.009232695,3.2630763327021586
-24.02179,-0.009242604,3.2621390953796534
-24.03014,-0.009245484,3.261203630107856
-24.03853,-0.009257465,3.2602643381271648
-24.04683,-0.009267464,3.2593357669181344
-24.05513,-0.009277131,3.258407836498909
-24.06352,-0.009292595,3.257470494757209
-24.07184,-0.009309928,3.256541618754528
-24.08029,-0.009333534,3.2555988860599268
-24.08847,-0.009334148,3.25468690622526
-24.09679,-0.009327771,3.2537599530891876
-24.1051,-0.009335266,3.2528347528116455
-24.1134,-0.009332093,3.2519113024293547
-24.12172,-0.009311514,3.2509862646610608
-24.12997,-0.009284022,3.2500696395395434
-24.13834,-0.00925521,3.249140321993973
-24.14661,-0.009226087,3.2482227401693238
-24.15503,-0.009215127,3.247289160891127
-24.16338,-0.00919972,3.246363985502028
-24.17171,-0.0091731,3.245441663001914
-24.18015,-0.009164586,3.244507809091341
-24.18851,-0.009165315,3.243583449331935
-24.19698,-0.009156902,3.2426475783341555
-24.20534,-0.00915831,3.241724503766524
-24.21367,-0.009154139,3.240805375641115
-24.22202,-0.009146683,3.239884675183985
-24.23042,-0.009160138,3.2389591018232453
-24.23877,-0.009176153,3.238039673630304
-24.24704,-0.009176892,3.237129678509212
-24.25546,-0.00918562,3.2362038155532815
-24.26381,-0.009212671,3.2352862843881485
-24.27213,-0.009232154,3.2343726776348016
-24.28047,-0.0092466,3.2334575030878723
-24.28874,-0.009259223,3.2325506304567466
-24.29701,-0.009266874,3.231644375172089
-24.30528,-0.009267706,3.2307387366037337
-24.31368,-0.009258496,3.229819492565502
-24.32195,-0.009256823,3.2289150952123493
-24.33022,-0.009248571,3.22801131268028
-24.33847,-0.00924363,3.2271103278061437
-24.3468,-0.009232501,3.2262012256230794
-24.35513,-0.009221897,3.2252927453066356
-24.36342,-0.009205726,3.2243892442029893
-24.37174,-0.009188495,3.223483091482184
-24.38013,-0.009174856,3.222569941177508
-24.38855,-0.00916695,3.2216541573812303
-24.39688,-0.009152008,3.2207487842707754
-24.4052,-0.009132691,3.219845114975497
-24.41353,-0.009107056,3.218940976581428
-24.42192,-0.009089139,3.2180309492455956
-24.43031,-0.009077371,3.2171215469635874
-24.43865,-0.009059231,3.2162181830829444
-24.44701,-0.00904769,3.2153132714389203
-24.45535,-0.009027299,3.21441114112045
-24.46376,-0.009006731,3.2135020618253285
-24.47215,-0.008994572,3.212595767024965
-24.48053,-0.008992597,3.2116911725358883
-24.48894,-0.008999772,3.2107839620661407
-24.49728,-0.009001204,3.209884917835776
-24.5056,-0.009001082,3.2089886393314178
-24.5139,-0.009003909,3.2080951215432876
-24.52231,-0.009011462,3.2071903788835554
-24.53072,-0.00902896,3.206286256579505
-24.53903,-0.009047635,3.2053934935488484
-24.54742,-0.009063082,3.2044927491361617
-24.55565,-0.009063477,3.2036097802338768
-24.56395,-0.009075943,3.202719900504601
-24.5723,-0.009106431,3.2018252666620546
-24.58063,-0.009126271,3.200933381284369
-24.58888,-0.009140099,3.200050657044973
-24.59721,-0.009153807,3.1991599738344307
-24.60555,-0.009159599,3.1982688255291993
-24.6138,-0.009172951,3.197387888095296
-24.62222,-0.009184412,3.1964894067228706
-24.63048,-0.009184661,3.195608595528792
-24.63867,-0.00917524,3.1947358319259926
-24.64696,-0.009164753,3.193853002560965
-24.65529,-0.009161056,3.1929665114464276
-24.66364,-0.009161352,3.192078492874531
-24.67206,-0.009169913,3.1911836384963395
-24.68028,-0.009164484,3.1903106285666127
-24.68861,-0.009160711,3.1894265290755532
-24.69702,-0.009167363,3.188534543843751
-24.70535,-0.009160683,3.187651642255625
-24.71373,-0.009140479,3.186764041688567
-24.72203,-0.009119975,3.185885507783948
-24.73041,-0.009116259,3.184999104341578
-24.73869,-0.009106164,3.184123868321241
-24.74704,-0.009094615,3.1832418260931408
-24.75539,-0.009078729,3.1823603788912234
-24.76378,-0.009052786,3.1814753078891833
-24.77206,-0.009040186,3.180602428703951
-24.7805,-0.009049309,3.179713282621416
-24.78899,-0.009062318,3.178819479938473
-24.79723,-0.009057954,3.1779525818004672
-24.8056,-0.009048154,3.1770725965104654
-24.81393,-0.009047906,3.176197406053777
-24.82222,-0.009049647,3.1753270013721573
-24.8307,-0.009048873,3.1744372490505706
-24.83905,-0.009035386,3.1735617304204466
-24.84734,-0.009028316,3.1726930850545774
-24.85562,-0.009028703,3.171826065895761
-24.86395,-0.009028202,3.17095439381112
-24.87235,-0.009027212,3.170075987994701
-24.88068,-0.009022176,3.1692054879529015
-24.88892,-0.009018964,3.1683449663545065
-24.89734,-0.009037235,3.1674662353488365
-24.90587,-0.009067079,3.166576630328513
-24.91409,-0.00907385,3.165719931974236
-24.92242,-0.009076503,3.164852345799485
-24.93068,-0.009085405,3.1639926227443453
-24.939,-0.00909459,3.1631272304422793
-24.94737,-0.009118897,3.162257219899332
-24.95566,-0.009135577,3.161396100123178
-24.96391,-0.00912951,3.1605397031154174
-24.97218,-0.009118941,3.159681797904708
-24.98058,-0.009124367,3.15881098837577
-24.98886,-0.009116933,3.1579531919423296
-24.99715,-0.009111938,3.1570949288218855
-25.00551,-0.009115009,3.156229994909122
-25.01375,-0.009110276,3.1553780420768573
-25.02205,-0.00910621,3.154520452960489
-25.03043,-0.009111515,3.153655174921086
-25.03886,-0.009120421,3.1527853185009223
-25.0472,-0.0091164,3.1519253249864256
-25.05554,-0.009113735,3.1510659039877007
-25.06393,-0.009118341,3.1502019076816765
-25.07222,-0.009116182,3.1493487772522735
-25.08058,-0.009107416,3.1484890142094
-25.08881,-0.009103209,3.147643180366068
-25.09715,-0.009091945,3.1467866072442487
-25.10544,-0.009080171,3.1459357334505986
-25.1138,-0.009080074,3.145078243834067
-25.12219,-0.009093164,3.1442182508770133
-25.13052,-0.009095687,3.143364976132607
-25.13886,-0.009091266,3.142511243548832
-25.14723,-0.009083909,3.1416550093191176
-25.15556,-0.009089056,3.1408034327202414
-25.16386,-0.009098631,3.1399554837771313
-25.17224,-0.009113395,3.1390999291282777
-25.18054,-0.00911355,3.138253103388569
-25.18893,-0.009110569,3.1373976623858177
-25.19722,-0.009101949,3.13655297687602
-25.20554,-0.009087463,3.135705793250214
-25.21394,-0.009085788,3.134851030818666
-25.22224,-0.009084688,3.1340070033430814
-25.23058,-0.009068535,3.1331594675984458
-25.23875,-0.009040264,3.1323297508791046
-25.24716,-0.009013373,3.131476221483921
-25.25555,-0.009003895,3.130625288302967
-25.26395,-0.008998932,3.1297739070889548
-25.27232,-0.009017314,3.1289261294570503
-25.28075,-0.009037569,3.1280728419845136
-25.28905,-0.009029507,3.127233268944464
-25.29741,-0.009024129,3.1263881836124727
-25.30586,-0.009039816,3.125534567882696
-25.31413,-0.009067917,3.124699687486791
-25.32236,-0.00905858,3.1238693865816614
-25.33066,-0.009024999,3.123032570015941
-25.33904,-0.009018205,3.1221882439113715
-25.3474,-0.009016617,3.1213464891862674
-25.35577,-0.009001623,3.1205042836403707
-25.36391,-0.008970901,3.119685754286307
-25.37232,-0.008951711,3.1188406263203365
-25.38074,-0.008964687,3.117995054517717
-25.38911,-0.008970498,3.1171550597874442
-25.39746,-0.008977695,3.116317623888373
-25.40584,-0.008995293,3.1154777326787855
-25.41412,-0.009007639,3.1146484080503276
-25.42253,-0.009029179,3.113806615627949
-25.43079,-0.00904075,3.112980379296121
-25.43913,-0.009049181,3.1121466850477986
-25.44742,-0.00904876,3.111318530522937
-25.45575,-0.009048605,3.110486923386661
-25.46399,-0.009035137,3.1096648365004858
-25.47232,-0.009021217,3.1088343111267447
-25.48061,-0.009017701,3.1080083129877973
-25.48897,-0.009013436,3.107175884313882
-25.49736,-0.00903187,3.106341017266101
-25.50569,-0.009039331,3.1055126640369264
-25.51398,-0.009032686,3.1046888254988048
-25.52242,-0.009036588,3.1038506301518427
-25.53076,-0.009046739,3.1030229104029803
-25.53911,-0.009051353,3.1021947397540477
-25.54736,-0.009052913,3.1013770189953087
-25.55577,-0.009070676,3.100543982826579
-25.56418,-0.009087455,3.099711494755552
-25.57236,-0.009074762,3.0989022992011686
-25.58066,-0.009066295,3.098081761768461
-25.58901,-0.009067419,3.097256818454485
-25.59735,-0.009072956,3.0964334003324563
-25.60565,-0.009072541,3.095614463995251
-25.61401,-0.009071699,3.0947901441437713
-25.62233,-0.0090803,3.093970302466637
-25.63057,-0.009071774,3.093158868491805
-25.63884,-0.009074822,3.0923450046881995
-25.64728,-0.009084874,3.0915149520728904
-25.65561,-0.009091103,3.0906962531781548
-25.66394,-0.009088065,3.0898780857498886
-25.67226,-0.009074682,3.0890614305090396
-25.68062,-0.00905946,3.088241382022708
-25.68893,-0.009045358,3.0874267670938416
-25.6971,-0.009008017,3.0866263897482598
-25.70543,-0.008983621,3.085810861751778
-25.71378,-0.008972857,3.0849939059912623
-25.72217,-0.008967347,3.084173570892347
-25.73053,-0.008975857,3.083356701163948
-25.739,-0.008988587,3.0825296243055282
-25.74736,-0.008988248,3.081713822310326
-25.75575,-0.008997019,3.080895625248731
-25.7641,-0.009008942,3.0800818580893567
-25.77243,-0.009016787,3.0792705654841237
-25.78073,-0.009020363,3.0784627161449656
-25.78903,-0.009014427,3.07765538680594
-25.79729,-0.009001151,3.076852463960362
-25.8057,-0.008993848,3.076035488283596
-25.81401,-0.008989915,3.0752287498145385
-25.82234,-0.008984372,3.0744205908527267
-25.83069,-0.008981641,3.073611014649628
-25.83901,-0.008976752,3.072804867523949
-25.84737,-0.008975605,3.07199536742036
-25.85568,-0.008969292,3.0711912276142033
-25.86411,-0.008975392,3.0703760036591246
-25.87244,-0.008988583,3.0695709720459297
-25.88086,-0.00898991,3.068757769254963
-25.88911,-0.008989651,3.0679614980970764
-25.89749,-0.009001744,3.067153199016584
-25.90584,-0.009008978,3.0663483137392955
-25.91411,-0.00900112,3.065551651204691
-25.92244,-0.008996211,3.0647497226341347
-25.93083,-0.009010294,3.063942538669221
-25.93912,-0.009020659,3.0631454883588956
-25.94739,-0.009010087,3.0623508684303125
-25.9558,-0.009008558,3.0615433159447982
-25.96407,-0.009015402,3.060749716820206
-25.9724,-0.00901111,3.05995087092452
-25.9807,-0.00901978,3.0591554115170108
-25.98912,-0.009030619,3.058348970646178
-25.99747,-0.009030251,3.0575497500333686
-26.00572,-0.009023232,3.0567606049745977
-26.01399,-0.009017158,3.0559700491927613
-26.02242,-0.009026564,3.05516471565673
-26.03075,-0.009041745,3.054369447672464
-26.03903,-0.009042236,3.053579457452908
-26.04736,-0.009028077,3.052785203567655
-26.05562,-0.008997882,3.051998125548346
-26.064,-0.008990088,3.0512001227747083
-26.07242,-0.009001188,3.050398827573351
-26.08067,-0.008996676,3.049614212364943
-26.08904,-0.008987374,3.048818691680491
-26.09735,-0.008974808,3.048029378461798
-26.10564,-0.008959714,3.0472424656127948
-26.11403,-0.0089749,3.0464465691431
-26.12248,-0.009006673,3.0456454976709715
-26.13088,-0.009012216,3.0448496797658553
-26.13915,-0.009011948,3.044066677761136
-26.14749,-0.009034027,3.0432775497762883
-26.15581,-0.009039149,3.0424908156161097
-26.16415,-0.009044443,3.041702692424558
-26.17244,-0.009050028,3.0409197919643716
-26.18063,-0.009038706,3.0401468222880808
-26.18903,-0.0090441,3.0393545350858737
-26.19742,-0.009055774,3.038563698257309
-26.20563,-0.009038767,3.03779031833999
-26.21393,-0.009023724,3.037008952873529
-26.22237,-0.009023111,3.036214914975267
-26.23065,-0.00900545,3.03543642647056
-26.23898,-0.0089861,3.03465373272894
-26.2473,-0.008971353,3.033872474502139
-26.25559,-0.008961508,3.033094525775273
-26.26399,-0.00896868,3.0323067553711374
-26.27235,-0.008971254,3.031523236406336
-26.28069,-0.008965873,3.03074208858291
-26.28908,-0.008966011,3.0299567577108064
-26.29749,-0.008959793,3.0291700576747056
-26.30588,-0.008949966,3.0283857297303873
-26.31422,-0.008939376,3.0276065716559337
-26.32243,-0.008924861,3.026840040984058
-26.33083,-0.008919459,3.026056265601958
-26.33913,-0.008915853,3.0252823119062775
-26.34752,-0.008913443,3.0245004615235134
-26.35579,-0.008908594,3.023730280898429
-26.3642,-0.008910162,3.022947557672905
-26.37265,-0.008922442,3.0221616143997663
-26.38101,-0.008933096,3.021384537589728
-26.38939,-0.008942021,3.0206060958589798
-26.39774,-0.008948114,3.019830932496494
-26.40602,-0.008941093,3.0190627515998245
-26.41435,-0.008939845,3.0182904178978474
-26.42268,-0.008944402,3.0175185711668915
-26.43099,-0.008946856,3.0167490623695894
-26.43932,-0.00894771,3.0159781870335545
-26.44765,-0.008942459,3.0152077972901186
-26.45598,-0.008949405,3.014437892680596
-26.4643,-0.008959291,3.0136693961298806
-26.47263,-0.008966679,3.0129004598334204
-26.48102,-0.008970586,3.012126473980232
-26.48929,-0.008967173,3.0113640380697255
-26.49764,-0.008957783,3.0105947095665875
-26.50595,-0.008949271,3.0098295477053267
-26.51433,-0.008954653,3.009058426141637
-26.52269,-0.00896514,3.00828963050128
-26.53091,-0.008961259,3.0075341818279133
-26.53923,-0.008953997,3.006770019326107
-26.5475,-0.008945092,3.006010923815802
-26.55589,-0.008944937,3.005241296751869
-26.56424,-0.008946719,3.004475821630884
-26.5726,-0.008947844,3.0037099117135693
-26.58102,-0.008971746,3.002938991806936
-26.58925,-0.008964644,3.0021859398065005
-26.59758,-0.008947123,3.001424212277959
-26.60584,-0.008953574,3.000669356802867
-26.6142,-0.008955801,2.9999058397396876
-26.6225,-0.008953667,2.9991482768335054
-26.63083,-0.008957737,2.9983884505289544
-26.63924,-0.008970935,2.997621809030588
-26.64748,-0.008965935,2.996871133780755
-26.65581,-0.008961693,2.9961127311456677
-26.66429,-0.008975462,2.9953411585307537
-26.67253,-0.008965004,2.994591892857558
-26.68079,-0.008953209,2.9938412730657524
-26.68916,-0.008956613,2.9930811310659458
-26.6975,-0.008963203,2.99232418765802
-26.70578,-0.008964371,2.9915731575711324
-26.7141,-0.008961423,2.990818968260207
-26.72243,-0.008958582,2.9900643429508467
-26.73081,-0.008961078,2.9893056626417227
-26.7392,-0.008963879,2.9885465533748206
-26.74759,-0.008964069,2.987787920332262
-26.75588,-0.008971158,2.987038796705621
-26.76418,-0.008969618,2.9862892343423186
-26.77249,-0.008969971,2.985539234490329
-26.78084,-0.008975761,2.984786093341359
-26.78919,-0.008979783,2.984033421689868
-26.7975,-0.00898277,2.9832848213452747
-26.80582,-0.008972747,2.982535785139197
-26.8143,-0.008967401,2.9817728227102704
-26.82259,-0.008956599,2.9810274212892938
-26.83083,-0.008940645,2.980286972113796
-26.83914,-0.008902168,2.979540693181674
-26.84746,-0.008865248,2.978793979020734
-26.85585,-0.008845441,2.9780414509315474
-26.86421,-0.008852544,2.9772920811741717
-26.87265,-0.008857633,2.976536013381635
-26.88098,-0.008827723,2.9757902650870616
-26.88934,-0.008821541,2.975042295571405
-26.89781,-0.008834542,2.97428495851521
-26.90616,-0.008832703,2.9735388178766495
-26.91455,-0.008838103,2.972789569210706
-26.92278,-0.008834202,2.9720550626644053
-26.93123,-0.008859921,2.9713013887594437
-26.93962,-0.008884327,2.970553534162694
-26.94791,-0.008890847,2.9698150505920493
-26.95627,-0.008916065,2.9690707913223897
-26.96465,-0.008940292,2.968325214679219
-26.97289,-0.008960699,2.967592545700516
-26.98114,-0.008975775,2.9668594358874385
-26.98944,-0.008981906,2.9661223352540844
-26.9978,-0.008972873,2.965380364325982
-27.00607,-0.008974137,2.9646468331008546
-27.01437,-0.008979215,2.9639110925037304
-27.02266,-0.008977246,2.963176689489488
-27.0309,-0.00896383,2.9624471623216393
-27.03919,-0.008957934,2.961713657102894
-27.04753,-0.008950478,2.9609761815589075
-27.05594,-0.008953121,2.9602329765663287
-27.06427,-0.008953858,2.95949729662023
-27.07259,-0.008941592,2.958762951753046
-27.08089,-0.008925037,2.958030821734441
-27.08922,-0.008911185,2.9572964965399517
-27.09758,-0.008887301,2.9565599806329566
-27.1059,-0.008876913,2.9558274397824826
-27.11427,-0.008887482,2.955090950263459
-27.12264,-0.008880679,2.95435491530323
-27.13098,-0.008873491,2.953621970161048
-27.13937,-0.008889971,2.9528850853943918
-27.14781,-0.008910352,2.9521442687273853
-27.15617,-0.008914402,2.951410927976957
-27.16449,-0.008884837,2.9506815441777112
-27.17271,-0.008852393,2.94996136564958
-27.18114,-0.008861604,2.949223240820657
-27.18941,-0.008857543,2.9484995702370886
-27.19765,-0.008827825,2.9477789625206587
-27.20604,-0.008815704,2.947045685443379
-27.2144,-0.008821168,2.9463154800399787
-27.2229,-0.008839043,2.945573506129031
-27.23123,-0.008847862,2.9448468210947505
-27.23949,-0.008841012,2.944126681520102
-27.24786,-0.008851139,2.9433973970799907
-27.2562,-0.00887321,2.9426711720636036
-27.26448,-0.008890776,2.9419506111981595
-27.27278,-0.008890445,2.941228748957752
-27.28111,-0.008870522,2.9405047191994753
-27.28944,-0.008873192,2.939781131455977
-27.29775,-0.008868922,2.9390597210392797
-27.30602,-0.008848059,2.9383422190418083
-27.31426,-0.008828171,2.9376277519508123
-27.32256,-0.008808692,2.936908518089081
-27.33096,-0.008823481,2.9361810635264916
-27.33952,-0.008846673,2.9354402125567676
-27.34775,-0.008828691,2.9347283597370897
-27.35613,-0.008791863,2.934003972784162
-27.36437,-0.008752535,2.9332921203740483
-27.37268,-0.008719429,2.9325746547287297
-27.38107,-0.00874837,2.9318507238760207
-27.3895,-0.008786738,2.931123788313039
-27.39792,-0.008812342,2.9303981616122683
-27.40633,-0.008838302,2.92967384177305
-27.41467,-0.008842275,2.9289559896216146
-27.42271,-0.00882539,2.928264372850094
-27.43111,-0.008829791,2.927542221222546
-27.43948,-0.008839622,2.926823088484184
-27.44783,-0.008836545,2.926106111120624
-27.45618,-0.008830994,2.925389569852762
-27.46445,-0.008811235,2.9246803231086003
-27.47275,-0.008802327,2.923968932851644
-27.48111,-0.008788821,2.9232528344015214
-27.48953,-0.008779678,2.9225320367427163
-27.49783,-0.008770254,2.9218219437679265
-27.5062,-0.00877839,2.9211062960350755
-27.51448,-0.008775612,2.9203987718466786
-27.5229,-0.008771272,2.9196797212503043
-27.53125,-0.008772873,2.918967082860386
-27.5396,-0.0087757,2.9182548766140393
-27.548,-0.008796426,2.917538841295194
-27.55629,-0.008794,2.9168326106308213
-27.56461,-0.008794335,2.916124251349829
-27.57292,-0.008822489,2.9154171701800173
-27.58128,-0.008839502,2.9147062645388466
-27.58968,-0.008858665,2.9139923913579278
-27.59792,-0.008877998,2.91329253798837
-27.60629,-0.008908524,2.912582070970058
-27.61467,-0.008940744,2.911871186583073
-27.62274,-0.008940866,2.9111870075162707
-27.63117,-0.008960051,2.9104727342345615
-27.63953,-0.008993376,2.909764822339598
-27.64774,-0.009000325,2.9090700288703526
-27.65602,-0.008979677,2.9083697292669006
-27.66435,-0.008968754,2.9076656238082585
-27.67264,-0.00897489,2.9069653202585655
-27.68091,-0.008970112,2.9062671241660767
-27.68922,-0.008970122,2.90556597116134
-27.69754,-0.008960517,2.904864395899419
-27.70599,-0.008962004,2.9041522898116976
-27.71437,-0.008998148,2.9034465116832893
-27.7226,-0.009006796,2.902753782112789
-27.73094,-0.009043765,2.9020522131597413
-27.73923,-0.008986961,2.901355268332971
-27.74762,-0.008887594,2.9006503404616324
-27.75601,-0.008962375,2.8999458387570836
-27.76427,-0.008877976,2.8992526689878755
-27.77269,-0.008784306,2.8985464965763126
-27.7811,-0.008798468,2.8978415901458185
-27.78948,-0.008737216,2.8971396226197825
-27.79787,-0.01580011,2.89643724141454
-27.8062,-0.03250892,2.895740302522459
-27.7966,-0.02982753,2.896543534101293
-27.80507,-0.01607749,2.895834820771895
-27.81627,-0.01035721,2.894898341869704
-27.82686,-0.00890156,2.8940135609982582
-27.83701,-0.008617812,2.8931661733785345
-27.84709,-0.008800025,2.8923252411652345
-27.85655,-0.00932687,2.8915365865478675
-27.86562,-0.009275536,2.890780947992544
-27.87495,-0.009172812,2.890004161442442
-27.88409,-0.009311654,2.8892436977502225
-27.89293,-0.009463781,2.888508668684143
-27.90175,-0.009592196,2.8877757667529815
-27.91037,-0.009319039,2.8870599314878302
-27.91922,-0.009231981,2.8863254560836586
-27.92802,-0.009468487,2.8855955918106617
-27.93646,-0.009515767,2.8848960176056666
-27.94505,-0.009360417,2.8841844441144318
-27.95366,-0.009145453,2.8834716527281223
-27.96231,-0.009144892,2.882755991904818
-27.97083,-0.009272538,2.8820515193864464
-27.97928,-0.009187412,2.8813532585541872
-27.98779,-0.008943544,2.8806504657924044
-27.99646,-0.008968065,2.8799348989122198
-28.00491,-0.009025359,2.8792379157797687
-28.01334,-0.008825454,2.878543001298667
-28.02194,-0.008983013,2.8778345039636797
-28.03034,-0.009064399,2.8771429030115225
-28.03867,-0.008978036,2.8764574746234395
-28.04712,-0.00884323,2.8757625881017375
-28.05557,-0.008779343,2.8750681201629478
-28.06407,-0.008886738,2.8743699648696714
-28.07242,-0.009013674,2.87368454162484
-28.0808,-0.009025674,2.8729970656106665
-28.08904,-0.009083078,2.872321474852825
-28.09743,-0.009238165,2.871633992859845
-28.10581,-0.009275398,2.8709477399868564
-28.11388,-0.009208138,2.870287260242983
-28.12213,-0.00908337,2.8696124404517014
-28.13049,-0.009035323,2.86892902683174
-28.13893,-0.008991693,2.8682394852967046
-28.14737,-0.008958027,2.8675503572802716
-28.15572,-0.008930416,2.8668689843484736
-28.16406,-0.008898632,2.8661888307296604
-28.17249,-0.008897969,2.865501746561983
-28.18092,-0.008892739,2.8648150734610507
-28.18933,-0.008879187,2.8641304387156414
-28.19766,-0.008853011,2.863452719126339
-28.20599,-0.008834129,2.862775399835283
-28.2144,-0.008834959,2.8620919813995687
-28.22275,-0.008816076,2.8614138416702835
-28.23117,-0.008831801,2.860730423145764
-28.23949,-0.008809563,2.8600555215409345
-28.24783,-0.008778763,2.8593793965766574
-28.25624,-0.008771673,2.858698000866357
-28.26468,-0.008849202,2.8580145821569536
-28.27295,-0.008907573,2.8573453247715572
-28.28127,-0.008798956,2.8566724160548658
-28.28969,-0.008754355,2.8559918224625296
-28.29805,-0.0088469,2.855316479404058
-28.30629,-0.008837954,2.8546512206297607
-28.31467,-0.00880425,2.8539750560398547
-28.32301,-0.008988062,2.8533025162226755
-28.33133,-0.01242569,2.8526319837437915
-28.33771,-0.01582039,2.8521180681148897
-28.34294,-0.01294067,2.85169695874881
-28.35179,-0.009951288,2.850984727948394
-28.36093,-0.008862472,2.8502496251004463
-28.36993,-0.008576085,2.8495262448656025
-28.37888,-0.008839104,2.8488073384150465
-28.38744,-0.009012538,2.8481201827286995
-28.39603,-0.0089519,2.8474310352538716
-28.40451,-0.00895761,2.84675112156485
-28.41319,-0.009021518,2.8460555924906705
-28.42156,-0.008959509,2.8453853060845358
-28.43012,-0.0088937,2.844700212310043
-28.43857,-0.008941922,2.8440243268209335
-28.44704,-0.008938069,2.843347244563933
-28.45548,-0.00892195,2.842672961412002
-28.46387,-0.008862811,2.8420030691539835
-28.47232,-0.009668967,2.841328785290415
-28.48068,-0.01097567,2.8406620768886137
-28.48763,-0.01025638,2.840108113591759
-28.49608,-0.009098059,2.8394349538603203
-28.5049,-0.008910922,2.8387327441948575
-28.51332,-0.008950764,2.838062786094359
-28.52177,-0.00890483,2.8373908386471105
-28.53029,-0.008985663,2.8367137277609165
-28.5387,-0.009048085,2.8360457554128256
-28.54709,-0.009036475,2.8353797637517517
-28.55547,-0.009036349,2.8347149565389747
-28.56384,-0.008998847,2.834051332033788
-28.57225,-0.00889942,2.833384927683329
-28.58072,-0.008843811,2.832714165353427
-28.58916,-0.009119883,2.832046174144326
-28.59753,-0.01030402,2.8313841125439856
-28.60494,-0.0105448,2.8307983096625966
-28.61307,-0.009479643,2.830155935731468
-28.62163,-0.008933942,2.829479980699911
-28.63025,-0.008822311,2.8287996961256012
-28.63872,-0.008861738,2.8281316483418255
-28.64716,-0.008932013,2.8274663596670666
-28.65559,-0.008852124,2.826802250450959
-28.664,-0.008778856,2.826140106056377
-28.67261,-0.008903113,2.8254626174596593
-28.6808,-0.008815816,2.824818554573094
-28.68932,-0.008831062,2.824148930682219
-28.69765,-0.008831069,2.823494624124275
-28.70604,-0.008787937,2.8228359885236696
-28.71443,-0.008770942,2.822177737813357
-28.72281,-0.008790139,2.8215206555347474
-28.73125,-0.008829778,2.8208592560365457
-28.73952,-0.008855482,2.8202115553774036
-28.74786,-0.008902437,2.8195587497643304
-28.75623,-0.008910081,2.818903976633933
-28.76444,-0.008926865,2.8182620902753537
-28.77277,-0.008889799,2.817611196280372
-28.78111,-0.008917683,2.8169598983499937
-28.78943,-0.008899767,2.8163105382774165
-28.79762,-0.008889818,2.8156716909244586
-28.806,-0.008876693,2.815018398944664
-28.81442,-0.008878984,2.8143623713404606
-28.82274,-0.008872554,2.81371451152805
-28.83099,-0.008858552,2.8130724716702407
-28.83936,-0.008857585,2.81242146843758
-28.84775,-0.008856413,2.8117692887660213
-28.85608,-0.008838357,2.8111221482613025
-28.8644,-0.008829694,2.8104761574811876
-28.87285,-0.008844621,2.8098204541636864
-28.88118,-0.008849375,2.8091744381635375
-28.88953,-0.008848039,2.8085272449915246
-28.89784,-0.008844106,2.807883523474419
-28.90611,-0.00882854,2.8072432679457733
-28.91444,-0.008819885,2.806598737516618
-28.9229,-0.008838768,2.8059445283840834
-28.93128,-0.008851027,2.8052968828202554
-28.93944,-0.008835703,2.804666600321222
-28.94788,-0.008828014,2.8040150643155903
-28.95621,-0.008825724,2.803372392312392
-28.96454,-0.008818638,2.802730089965178
-28.9729,-0.008816637,2.802085845738604
-28.98129,-0.008822143,2.8014396633138134
-28.98952,-0.008817567,2.8008061671942137
-28.99786,-0.00880903,2.8001645707648772
-29.00624,-0.008806759,2.799520268742174
-29.01459,-0.008799199,2.7988786434686825
-29.02293,-0.008804589,2.798238155141469
-29.03134,-0.008801072,2.797592663652453
-29.03969,-0.00879921,2.7969521472164476
-29.04802,-0.008801483,2.7963135318689534
-29.05632,-0.008796234,2.795677580643385
-29.0647,-0.008789973,2.795035868252554
-29.073,-0.008779029,2.7944006466480924
-29.08145,-0.008779765,2.793754317614837
-29.08972,-0.008775982,2.7931221201166596
-29.09807,-0.008769211,2.792484171630627
-29.10637,-0.008762971,2.791850405942067
-29.11479,-0.008761294,2.7912078465961803
-29.12308,-0.008762099,2.7905755709904305
-29.13138,-0.008751907,2.7899428931962715
-29.13974,-0.00874824,2.7893060061620316
-29.14806,-0.008752899,2.7886725291494527
-29.15643,-0.008758335,2.788035609983801
-29.16483,-0.0087673,2.787396775499806
-29.17316,-0.008772838,2.7867636279374604
-29.18147,-0.008774525,2.786132360706983
-29.18979,-0.00877331,2.7855006939070135
-29.19814,-0.00877939,2.7848671113981918
-29.20647,-0.008782844,2.7842354074285596
-29.21475,-0.008777857,2.783607852197948
-29.22315,-0.008778934,2.782971565351442
-29.23138,-0.008776221,2.7823485104021772
-29.2397,-0.008768448,2.7817189984849366
-29.24805,-0.008761038,2.781087576778623
-29.25635,-0.008761116,2.7804602932354854
-29.26462,-0.008764196,2.779835630874414
-29.27304,-0.008767034,2.7792000010931557
-29.28134,-0.008777699,2.778573787948229
-29.28961,-0.0087782,2.7779501912111497
-29.29805,-0.00877059,2.777314138654279
-29.3064,-0.008765023,2.7766852291649604
-29.31477,-0.008763745,2.7760551728701945
-29.32312,-0.008757487,2.7754269804850233
-29.33136,-0.008742885,2.774807414316963
-29.33971,-0.008731561,2.7741799322488188
-29.34802,-0.008717244,2.7735558105793845
-29.35631,-0.008689426,2.772933543078132
-29.36467,-0.008672143,2.772306377017007
-29.37314,-0.008671742,2.7716713228480168
-29.38149,-0.008670634,2.77104562430292
-29.38983,-0.008658323,2.77042102999575
-29.39827,-0.008644086,2.769789307329989
-29.40654,-0.008633574,2.7691706606761626
-29.41493,-0.008630322,2.7685433927600713
-29.42328,-0.008622292,2.767919470568883
-29.43175,-0.008619865,2.7672869435218765
-29.44006,-0.00862752,2.7666667187498937
-29.4484,-0.00862117,2.7660446068377227
-29.45674,-0.008624001,2.7654228471989772
-29.46512,-0.008640894,2.764798460009666
-29.47353,-0.008657427,2.764172194508089
-29.48178,-0.008662029,2.7635581908555045
-29.49013,-0.008665694,2.7629370945465483
-29.49855,-0.008684196,2.7623111474970803
-29.50687,-0.008708629,2.7616929853962824
-29.51509,-0.008722481,2.761082595377483
-29.52354,-0.008743665,2.76045548060971
-29.53182,-0.008759291,2.759841330469981
-29.54005,-0.008757964,2.759231230143483
-29.54837,-0.008765502,2.7586148034561635
-29.55669,-0.008787532,2.757998723808383
-29.56497,-0.008804921,2.7573859503324374
-29.57329,-0.008805817,2.7567705622201655
-29.58148,-0.008801709,2.7561651276406725
-29.5898,-0.008805251,2.755550426160366
-29.59813,-0.008807432,2.7549353320632077
-29.60643,-0.008813359,2.7543227974463655
-29.61478,-0.008827211,2.7537069193152877
-29.62309,-0.008833389,2.7530943362086804
-29.63136,-0.00882733,2.752485042873496
-29.63963,-0.008822805,2.751876089546327
-29.64806,-0.008823556,2.7512557044204575
-29.65633,-0.008822947,2.750647436820402
-29.66467,-0.008819227,2.750034364110573
-29.67304,-0.008813657,2.7494194325893133
-29.68124,-0.0087981,2.748817327038897
-29.68959,-0.008779102,2.7482045491365827
-29.69792,-0.00876746,2.7475935823114885
-29.70627,-0.008762712,2.746981492459336
-29.71462,-0.008756103,2.7463697466095813
-29.72299,-0.008761643,2.745756880448434
-29.73134,-0.008758117,2.7451458225562653
-29.73967,-0.008759608,2.7445365701771403
-29.748,-0.008753197,2.743927659002286
-29.75646,-0.008765941,2.7433095939503556
-29.7648,-0.008775209,2.7427006396817717
-29.77324,-0.008786161,2.742084731120966
-29.78151,-0.008790296,2.741481566918534
-29.78986,-0.008785987,2.7408729077612315
-29.79817,-0.00880423,2.7402675030043793
-29.80646,-0.008819184,2.7396638916530174
-29.8147,-0.008809924,2.7390642535393614
-29.82303,-0.008797997,2.7384584027846937
-29.83141,-0.008799068,2.737849256873879
-29.83972,-0.008795267,2.737245537156515
-29.84815,-0.008806392,2.7366334429437
-29.85643,-0.008804903,2.7360325765672586
-29.86462,-0.008782124,2.7354385691162317
-29.87289,-0.008782149,2.734839089890533
-29.88135,-0.008799362,2.7342261812133652
-29.88973,-0.008814318,2.733619410412874
-29.89807,-0.008832636,2.7330158735998675
-29.90637,-0.008839731,2.732415565647051
-29.91472,-0.00883823,2.7318119775147487
-29.92311,-0.008849054,2.7312058372274803
-29.93141,-0.008846319,2.7306065334042064
-29.93964,-0.008827777,2.730012612042095
-29.94798,-0.008810597,2.729411085488904
-29.95628,-0.008816941,2.728812776486266
-29.96455,-0.008807998,2.7282169597073875
-29.97295,-0.008806082,2.727612113589086
-29.98128,-0.008810573,2.7270126425556214
-29.98961,-0.008797437,2.72641350454374
-29.99805,-0.008812331,2.7258067941082835
-30.00642,-0.008830726,2.725205452699789
-30.01479,-0.008842427,2.724604446674456
-30.023,-0.008832286,2.7240152549711887
-30.03136,-0.008799414,2.723415629528599
-30.03967,-0.008768352,2.7228199211243
-30.048,-0.008680264,2.7222231096911607
-30.05641,-0.008680557,2.7216209021636315
-30.06485,-0.008727293,2.721016885166565
-30.07314,-0.008703034,2.7204239331177256
-30.08141,-0.008634562,2.71983273722874
-30.08986,-0.008600459,2.719229009373922
-30.09822,-0.008615747,2.7186320453501898
-30.10666,-0.008941256,2.7180297050552933
-30.11496,-0.009372975,2.7174376854559994
-30.12308,-0.009330693,2.716858820545575
-30.13068,-0.009005771,2.716317308470967
-30.13931,-0.008836661,2.7157027383838583
-30.14775,-0.00875176,2.715102039123981
-30.15614,-0.008681947,2.714505231770379
-30.16466,-0.008706033,2.713899516851839
-30.17299,-0.008722153,2.7133076403763763
-30.18131,-0.008691518,2.712716800562997
-30.18965,-0.008635548,2.712124867297236
-30.19806,-0.008602985,2.711528296850857
-30.20644,-0.008659465,2.710934184895671
-30.21483,-0.008662589,2.7103396941170943
-30.22322,-0.008666108,2.7097455334011396
-30.23151,-0.008648057,2.7091587783739546
-30.23976,-0.008630973,2.7085751738770414
-30.24818,-0.008676321,2.707979871846835
-30.25658,-0.008704278,2.707386313985255
-30.26483,-0.008707124,2.7068036760821057
-30.27326,-0.008725745,2.7062086541059664
-30.28156,-0.008748593,2.705623131701273
-30.28986,-0.008775223,2.7050379301852168
-30.29807,-0.008803033,2.704459389657493
-30.3064,-0.008831102,2.703872713354275
-30.31477,-0.008868726,2.703283544621978
-30.32306,-0.008907237,2.702700327737372
-30.33139,-0.008929708,2.702114617892553
-30.33957,-0.008925921,2.7015397680323088
-30.34778,-0.008912052,2.7009631215199263
-30.35611,-0.008903154,2.7003783653439126
-30.36438,-0.008905047,2.6997981384767282
-30.37259,-0.008881873,2.6992224337799313
-30.38098,-0.00886462,2.698634428514156
-30.38936,-0.008856707,2.6980474481858123
-30.39769,-0.008848804,2.6974642908721025
-30.40604,-0.008844268,2.6968800540945153
-30.41431,-0.008819486,2.6963017309943904
-30.42268,-0.008808081,2.695716735014798
-30.43102,-0.00879804,2.6951341558712127
-30.43944,-0.008785092,2.694546312284326
-30.44772,-0.008788378,2.693968559879032
-30.45609,-0.008778092,2.6933848468401558
-30.46449,-0.008764438,2.6927993641121186
-30.47286,-0.008744216,2.6922162934493183
-30.48117,-0.008736708,2.691637719287022
-30.48959,-0.008739531,2.6910518081745276
-30.49796,-0.008741959,2.690469696989569
-30.50626,-0.008731411,2.6898927695495938
-30.5146,-0.008707661,2.6893133778584675
-30.52297,-0.00869292,2.6887322203573243
-30.53134,-0.008678453,2.6881513814984865
-30.5398,-0.008677388,2.687564620593455
-30.54822,-0.008678529,2.686980956664578
-30.55649,-0.008662229,2.6864080036679603
-30.56482,-0.008654006,2.685831207250689
-30.57312,-0.008635117,2.6852568007452295
-30.58157,-0.008636985,2.684672333696406
-30.58991,-0.008635833,2.684095791716942
-30.59828,-0.008636182,2.683517491832874
-30.60671,-0.008626758,2.682935366133766
-30.61505,-0.008624473,2.6823597707663387
-30.62341,-0.008628239,2.6817831097190026
-30.63179,-0.008657652,2.681205384993825
-30.64003,-0.008680756,2.6806376201328783
-30.64836,-0.008675247,2.680063964270845
-30.65677,-0.008692537,2.679485115359511
-30.66515,-0.008726596,2.6789086471124386
-30.67348,-0.008753754,2.6783359305823793
-30.68175,-0.008766784,2.677767646891067
-30.6899,-0.008755163,2.6772079087908396
-30.69821,-0.008767321,2.676637487983827
-30.70664,-0.008793087,2.676059145513804
-30.71491,-0.008794514,2.6754920883701105
-30.72319,-0.008779769,2.6749246513789746
-30.73151,-0.008767983,2.674354781135063
-30.73984,-0.008752162,2.67378453498782
-30.74817,-0.00873281,2.673214597811837
-30.75647,-0.008726078,2.672647020285488
-30.76477,-0.008721333,2.672079749011613
-30.77318,-0.008713294,2.6715052717983645
-30.78156,-0.008727684,2.6709331560843568
-30.78992,-0.008723879,2.670362716109688
-30.79836,-0.008725104,2.6697871315225874
-30.80666,-0.008725008,2.6692214021253844
-30.81497,-0.008717707,2.668655296435466
-30.82327,-0.008710405,2.66809017667496
-30.83168,-0.008710271,2.667517877715389
-30.84006,-0.008720969,2.6669479307109
-30.84828,-0.008739073,2.6663891665921082
-30.85666,-0.008752414,2.6658198327362714
-30.86505,-0.008765128,2.6652501291914317
-30.87337,-0.008765783,2.6646854846101995
-30.88165,-0.008768658,2.6641238567239767
-30.89005,-0.008784256,2.6635543969660134
-30.89838,-0.008806026,2.6629899884718875
-30.90671,-0.008812071,2.662425884217375
-30.91481,-0.008790908,2.6618776469918464
-30.92316,-0.008765159,2.6613127895079285
-30.93149,-0.008759162,2.6607495888494217
-30.93984,-0.008761514,2.660185340324966
-30.94818,-0.008750966,2.6596220714756083
-30.95653,-0.008737216,2.659058431290587
-30.96471,-0.008719509,2.6585065611788385
-30.97313,-0.00870918,2.6579388037308465
-30.98143,-0.008711959,2.6573794398773716
-30.9899,-0.008706252,2.656808928070113
-30.99825,-0.008689012,2.656246804255079
-31.00656,-0.008679003,2.655687673834182
-31.01494,-0.008680187,2.6551241369481935
-31.0233,-0.008687383,2.6545622483746087
-31.03162,-0.008687492,2.654003348842245
-31.03999,-0.008694585,2.6534413928612732
-31.04822,-0.008691548,2.6528891318085224
-31.0566,-0.008694046,2.652327105993573
-31.06505,-0.008717773,2.6517606924823878
-31.0734,-0.008723986,2.651201284700097
-31.08167,-0.008719716,2.6506475327741397
-31.09,-0.008708495,2.650090061112898
-31.09831,-0.008699357,2.6495342254932823
-31.10663,-0.008688154,2.648978018512452
-31.11482,-0.008663869,2.6484307927862027
-31.12325,-0.008651468,2.647867831926293
-31.13152,-0.008646366,2.647315852229509
-31.13988,-0.008638847,2.646758163486821
-31.14822,-0.00863704,2.646202107215115
-31.15666,-0.008628142,2.645639686667313
-31.16501,-0.008624036,2.6450835632653416
-31.17342,-0.008622615,2.6445237449083225
-31.18176,-0.008625451,2.6439688843734284
-31.19017,-0.00863009,2.6434096672124583
-31.1985,-0.008625937,2.642856066798083
-31.20679,-0.008614362,2.642305418147781
-31.21513,-0.008608882,2.6417517434654285
-31.22348,-0.00861053,2.641197701217161
-31.23187,-0.008624301,2.6406413032584983
-31.2402,-0.008634257,2.6400891799668376
-31.24855,-0.008633957,2.639536026471628
-31.2569,-0.008643235,2.638983168516391
-31.26524,-0.008654071,2.638431267439495
-31.27358,-0.008661864,2.6378796607232045
-31.28192,-0.008673045,2.6373283481320837
-31.29027,-0.008678783,2.6367766689133716
-31.2986,-0.008675872,2.6362266043848606
-31.30692,-0.008678302,2.635677492388264
-31.31517,-0.008681372,2.6351332884349663
-31.32358,-0.008695381,2.634578825281146
-31.33186,-0.00870219,2.63403322368988
-31.34013,-0.008697283,2.6334885688093825
-31.34845,-0.008682281,2.63294091095413
-31.3568,-0.008675026,2.632391570568425
-31.36513,-0.008666305,2.631843837407975
-31.37347,-0.008652568,2.6312957380869886
-31.38187,-0.00865198,2.630743990080897
-31.39008,-0.008654176,2.6302050074418415
-31.39842,-0.008640349,2.629657778958304
-31.40674,-0.008638541,2.6291121523596526
-31.41518,-0.008654705,2.6285589514368533
-31.42348,-0.008657903,2.6280152166469146
-31.43185,-0.008663376,2.6274671869457253
-31.44023,-0.00868463,2.6269187948052544
-31.44858,-0.008691183,2.626372656571457
-31.45679,-0.008690182,2.625835957832951
-31.46516,-0.008700503,2.6252890879944673
-31.4735,-0.008705474,2.624744467567954
-31.48172,-0.00870795,2.62420796576553
-31.4901,-0.008716512,2.623661309427407
-31.4984,-0.008710453,2.6231201584842405
-31.50671,-0.008705474,2.622578641184687
-31.51506,-0.008732121,2.622034804947222
-31.52326,-0.00874763,2.6215010186129226
-31.53165,-0.00874559,2.62095515141136
-31.53993,-0.008743077,2.6204167257187954
-31.5482,-0.008751382,2.6198792324126257
-31.5567,-0.00877254,2.6193270842641976
-31.56499,-0.008782713,2.61878886386468
-31.57326,-0.008763574,2.618252223558796
-31.58145,-0.008736228,2.6177210514400064
-31.58989,-0.00873882,2.617173953438901
-31.59825,-0.008749178,2.616632329322035
-31.60652,-0.008742495,2.6160968179983115
-31.61481,-0.00872785,2.6155602927868298
-31.62322,-0.008722151,2.615016288663836
-31.63162,-0.008713674,2.614473220151228
-31.63998,-0.008709163,2.613933023977891
-31.64833,-0.008703933,2.613393758849203
-31.65659,-0.008697469,2.6128605860580687
-31.66496,-0.008676765,2.6123205966468928
-31.67333,-0.008661198,2.611780892631119
-31.68166,-0.008651901,2.6112440509746015
-31.69005,-0.008646137,2.610703627794844
-31.69841,-0.008644741,2.6101654215463803
-31.70676,-0.008629308,2.6096281423898247
-31.71512,-0.008600117,2.6090905032047806
-31.72331,-0.008587794,2.6085640716558265
-31.73193,-0.008589387,2.6080102943628076
-31.7402,-0.008572295,2.607479284944644
-31.74849,-0.008550865,2.606947268988226
-31.75693,-0.008547283,2.6064059120324288
-31.76521,-0.008544358,2.605875097315585
-31.77354,-0.008543735,2.6053413563612993
-31.78207,-0.008560857,2.6047950904393575
-31.79033,-0.008555946,2.6042663948439664
-31.79874,-0.00856277,2.603728380432684
-31.80711,-0.008582052,2.6031932074306656
-31.81548,-0.008598804,2.6026583160147196
-31.82381,-0.008605646,2.6021262601806634
-31.83209,-0.008600814,2.60159767391962
-31.84044,-0.00860021,2.6010648973443833
-31.84866,-0.008600997,2.6005406883680506
-31.85712,-0.008618428,2.600001456503287
-31.8654,-0.008623336,2.599473974906952
-31.87364,-0.008627015,2.598949313602086
-31.88197,-0.00863094,2.598419197433534
-31.89031,-0.008624392,2.5978887223109464
-31.8987,-0.008633276,2.5973553467696173
-31.90701,-0.008633982,2.596827333554601
-31.91534,-0.008627234,2.5962983255074206
-31.92363,-0.008623637,2.5957721318033067
-31.93196,-0.008634702,2.5952436743626133
-31.94026,-0.008646185,2.5947173942854564
-31.94853,-0.008634548,2.5941932883922982
-31.95691,-0.008635529,2.593662488019023
-31.96529,-0.008638898,2.593131965954321
-31.97363,-0.008629242,2.592604252316675
-31.98201,-0.008639079,2.592074284887035
-31.9903,-0.00864429,2.591550282429361
-31.99851,-0.008641438,2.5910316042840744
-32.00678,-0.008627361,2.590509404569907
-32.01529,-0.008616047,2.5899723319701304
-32.02347,-0.008613821,2.589456354979644
-32.03186,-0.008614568,2.5889274054019964
-32.04028,-0.008624843,2.588396842973906
-32.04854,-0.008636447,2.5878766333817387
-32.05684,-0.008631481,2.587354174647283
-32.06506,-0.00861454,2.586837018237296
-32.0735,-0.008621534,2.586306296475283
-32.08191,-0.008643658,2.5857777389189107
-32.09023,-0.00864183,2.585255110356018
-32.09856,-0.008654867,2.584732125054831
-32.10698,-0.008675914,2.584203765038007
-32.11516,-0.008671608,2.5836907304836716
-32.12355,-0.008673266,2.5831647965433455
-32.1319,-0.008686279,2.5826416427288765
-32.14018,-0.008680658,2.582123143056448
-32.1485,-0.008676567,2.5816024075773365
-32.15688,-0.008680438,2.581078189177557
-32.16512,-0.008677766,2.580562994946078
-32.17342,-0.008669942,2.5800443160845195
-32.18175,-0.008672446,2.5795240314774674
-32.19014,-0.008670279,2.579000271511711
-32.19846,-0.008652631,2.5784811509618786
-32.20689,-0.008653329,2.577955440590507
-32.2152,-0.008654021,2.5774374829273135
-32.22359,-0.008653812,2.5769148099265164
-32.23193,-0.008644735,2.576395521459621
-32.24023,-0.008636059,2.575878990317377
-32.24857,-0.00862543,2.5753602376787557
-32.25687,-0.008603767,2.5748442393821844
-32.26538,-0.008622607,2.574315461339677
-32.27368,-0.008623009,2.57380000049576
-32.28203,-0.008615552,2.573281701925189
-32.29034,-0.008608086,2.572766152353924
-32.29871,-0.008591928,2.5722471485703298
-32.30714,-0.008593515,2.571724696150758
-32.3154,-0.008601081,2.5712130439357086
-32.32373,-0.008651266,2.5706973205134434
-32.33209,-0.008760054,2.5701800069219156
-32.34045,-0.008785667,2.569662960781313
-32.34876,-0.008753514,2.5691492718731723
-32.35704,-0.008713698,2.5686376998637703
-32.36496,-0.008617963,2.568148615045407
-32.37346,-0.00856786,2.5676239796425837
-32.38197,-0.008593373,2.567099002932805
-32.39032,-0.008608099,2.5665841646516614
-32.39864,-0.008609531,2.5660714400357545
-32.407,-0.008614386,2.5655565155676245
-32.41533,-0.008614874,2.5650437030873974
-32.42365,-0.008605162,2.564531769248681
-32.43198,-0.008581338,2.5640194832384577
-32.44031,-0.008527303,2.563507460317118
-32.44872,-0.008532157,2.562990786693589
-32.45703,-0.008520388,2.562480519628567
-32.46538,-0.008515472,2.5619680595144736
-32.47386,-0.008525938,2.5614478907034766
-32.48225,-0.008518561,2.5609335098399897
-32.49048,-0.008517348,2.5604291964907877
-32.49892,-0.008557567,2.5599122801619254
-32.50723,-0.008611533,2.5594035880633323
-32.51556,-0.008636952,2.558893932627948
-32.52385,-0.008665882,2.5583869837058035
-32.53201,-0.008676535,2.557888236847339
-32.54033,-0.008665029,2.5573799681810234
-32.54869,-0.008649271,2.556869517636501
-32.55692,-0.008615649,2.556367260785111
-32.56516,-0.008639222,2.5558646479857616
-32.57367,-0.008697122,2.5553458329994747
-32.58188,-0.008779647,2.5548455644671213
-32.59013,-0.00886092,2.5543431124699407
-32.59842,-0.008987062,2.5538384805153136
-32.6066,-0.00908508,2.5533407960351586
-32.61473,-0.009070921,2.552846400997341
-32.62305,-0.009062697,2.552340706954132
-32.63124,-0.008910373,2.5518431662419205
-32.63962,-0.008814844,2.5513343415150054
-32.64807,-0.01064571,2.550821530951141
-32.65509,-0.01202885,2.5503957055393203
-32.66242,-0.01047778,2.549951271216279
-32.67094,-0.009091472,2.5494349351441983
-32.67973,-0.008523976,2.54890251847246
-32.68848,-0.008385998,2.5483728090140625
-32.69713,-0.00844895,2.547849432044953
-32.7056,-0.008560296,2.547337214421995
-32.71419,-0.008674596,2.546818010777586
-32.72252,-0.008670304,2.546314782602318
-32.73097,-0.008583425,2.5458045667451956
-32.73949,-0.008718102,2.5452903909010187
-32.74779,-0.008852909,2.5447897491708598
-32.75613,-0.008941382,2.544286950259387
-32.76436,-0.008897931,2.5437910339161207
-32.77272,-0.008739466,2.5432875391484138
-32.78111,-0.008760452,2.542782495772718
-32.78961,-0.008771302,2.5422710944106988
-32.79794,-0.008826276,2.541770178249
-32.80621,-0.008805289,2.541273121765666
-32.81461,-0.00881269,2.5407685082955425
-32.82304,-0.008816379,2.540262352298873
-32.8313,-0.00879579,2.5397666555999914
-32.83945,-0.008746266,2.5392778045917335
-32.84787,-0.008690152,2.5387730132882282
-32.85625,-0.008671388,2.538270876926003
-32.86467,-0.008678707,2.5377666016424327
-32.87302,-0.008672857,2.5372667737859196
-32.88146,-0.008664208,2.536761816537344
-32.88989,-0.00865822,2.536257716276947
-32.8983,-0.00865197,2.5357550694108815
-32.90663,-0.008643248,2.5352574572358213
-32.9149,-0.008614768,2.5347636784556538
-32.92326,-0.008588644,2.534264778153804
-32.93161,-0.008576045,2.5337667274694438
-32.94008,-0.008577196,2.5332617771420103
-32.94843,-0.00856747,2.5327642348967765
-32.95674,-0.008548546,2.532269326395754
-32.96516,-0.008540116,2.5317681212528624
-32.9735,-0.008526899,2.5312719304896354
-32.98187,-0.008527961,2.530774207162905
-32.99022,-0.008529186,2.530277924791044
-32.99858,-0.00854045,2.529781299680168
-33.00699,-0.008542988,2.529281958154924
-33.01532,-0.008553071,2.5287876173848987
-33.02368,-0.008568056,2.5282917470130526
-33.03211,-0.008586151,2.527791978774592
-33.04045,-0.008607944,2.527297797094168
-33.04874,-0.008618955,2.5268068253131584
-33.05705,-0.008619914,2.5263149161827814
-33.06528,-0.008612502,2.5258279863349107
-33.07375,-0.008625459,2.525327109868098
-33.08199,-0.008633221,2.5248400806602023
-33.09024,-0.008620755,2.5243527033953215
-33.09865,-0.008618529,2.523856124041313
-33.10687,-0.008620135,2.523371007286403
-33.11516,-0.00862427,2.52288200328792
-33.12352,-0.008628014,2.522389118064747
-33.13185,-0.008634947,2.5218982489658743
-33.14021,-0.008648054,2.521405860131846
-33.14848,-0.008645123,2.5209190164978907
-33.15686,-0.008633774,2.5204259450382214
-33.16524,-0.008642807,2.519933122751411
-33.17355,-0.008659138,2.5194446629920524
-33.18185,-0.008663563,2.518957035246679
-33.19008,-0.008654899,2.5184737608345626
-33.19841,-0.008652725,2.517984858310985
-33.20674,-0.00864712,2.517496201072433
-33.21506,-0.008634499,2.5170083751165886
-33.22339,-0.00862818,2.5165202076007294
-33.23186,-0.00862746,2.516024086524197
-33.24011,-0.008620715,2.5155410947797705
-33.2484,-0.008610367,2.5150560026948665
-33.2567,-0.008600281,2.5145705677352232
-33.26508,-0.008589233,2.514080699640584
-33.27336,-0.008575503,2.5135969195777044
-33.28182,-0.008575516,2.513102871177117
-33.29016,-0.008572976,2.5126160763420784
-33.29854,-0.008564645,2.5121271923633888
-33.30696,-0.008564834,2.511636222579305
-33.31526,-0.00856207,2.5111524928816404
-33.32361,-0.008547622,2.5106660922991235
-33.33191,-0.008543467,2.510182845807516
-33.34029,-0.008543231,2.509695185614762
-33.34869,-0.008537984,2.5092066075159174
-33.35692,-0.008522174,2.508728155956845
-33.36534,-0.008516386,2.508238903005334
-33.37369,-0.008526447,2.507753961279079
-33.38207,-0.008538344,2.507267521157316
-33.39037,-0.00853763,2.5067859655343745
-33.39874,-0.008537153,2.5063005909803784
-33.40709,-0.008547832,2.505816618568095
-33.41534,-0.008551086,2.5053386797800052
-33.42375,-0.008570161,2.5048517147238116
-33.43213,-0.00859533,2.504366730447626
-33.44043,-0.008605686,2.503886615692442
-33.4487,-0.00860193,2.5034084732739985
-33.45697,-0.008592778,2.5029305672330757
-33.46541,-0.008592966,2.5024430807810214
-33.47369,-0.00858622,2.5019650746601285
-33.48196,-0.008577195,2.5014878818324853
-33.49028,-0.008574532,2.5010080417362888
-33.49854,-0.008560853,2.5005318978080835
-33.50688,-0.008553262,2.5000513804926032
-33.51518,-0.008557862,2.4995734052450262
-33.52362,-0.008571985,2.499087610466889
-33.53197,-0.008591923,2.4986072366162797
-33.54042,-0.008619167,2.498121353280609
-33.54875,-0.008633924,2.4976426096352324
-33.55708,-0.008638959,2.497164103670522
-33.56537,-0.00865391,2.4966881312495586
-33.57369,-0.008667191,2.4962106727023454
-33.58202,-0.008668245,2.495732877295648
-33.59024,-0.008666134,2.4952616236144785
-33.59851,-0.008667979,2.4947877361228223
-33.60678,-0.008662415,2.4943140818608627
-33.61508,-0.008656614,2.4938389437121673
-33.62351,-0.008671364,2.493356603757311
-33.63178,-0.008674009,2.492883653496782
-33.64009,-0.008656688,2.492408649917405
-33.64844,-0.008640996,2.491931596234476
-33.65686,-0.00863158,2.491450782990451
-33.66509,-0.008610362,2.490981051884905
-33.67351,-0.008603405,2.490500714062775
-33.68182,-0.008600463,2.4900268869081303
-33.69009,-0.00858108,2.4895555725734186
-33.69836,-0.008569681,2.4890844895715993
-33.7068,-0.008562081,2.488603961218508
-33.71518,-0.008561825,2.4881270869679475
-33.72359,-0.00857788,2.487648743802187
-33.73196,-0.008583617,2.4871729125731203
-33.74027,-0.008585356,2.4867007258685243
-33.74863,-0.008598481,2.4862259327267506
-33.75693,-0.0086109,2.4857547798333557
-33.76526,-0.008615015,2.4852821568677395
-33.77367,-0.008631765,2.4848052314125173
-33.78198,-0.008640619,2.4843342101321477
-33.79021,-0.008640069,2.4838679516937003
-33.7986,-0.00867015,2.4833928624262542
-33.80692,-0.008684699,2.482921969821563
-33.81516,-0.008685079,2.4824558334190936
-33.82347,-0.008691343,2.4819859671405684
-33.83179,-0.008705094,2.4815157666798004
-33.84015,-0.008711962,2.481043538518594
-33.8485,-0.008713437,2.4805721080697816
-33.8568,-0.00871791,2.4801037310082465
-33.86511,-0.008719887,2.4796350196411585
-33.87335,-0.008709264,2.47917048358075
-33.88167,-0.008706483,2.478701666712414
-33.89,-0.008695137,2.478232516966657
-33.8983,-0.008675567,2.477765286164793
-33.9066,-0.008660814,2.4772982841098785
-33.91499,-0.008676408,2.476826450486938
-33.9234,-0.008696313,2.4763537263363933
-33.93172,-0.008663242,2.475886291646872
-33.94,-0.008640375,2.475421331761933
-33.94844,-0.00864381,2.4749476205681322
-33.95683,-0.008646023,2.4744769491145084
-33.96513,-0.008647299,2.474011555380474
-33.97339,-0.008633276,2.473548630266217
-33.98167,-0.008618885,2.473084810134405
-33.99027,-0.008643578,2.472603303827831
-33.99847,-0.008645074,2.472144420028313
-34.00696,-0.008628875,2.471669540588162
-34.01526,-0.008624852,2.4712055177587944
-34.02358,-0.008623476,2.470740604016391
-34.03188,-0.008607553,2.470277034357197
-34.04022,-0.008595173,2.4698114583278254
-34.04857,-0.008584275,2.4693455525444974
-34.05695,-0.008587356,2.4688782025401568
-34.06538,-0.008591972,2.4684082960471896
-34.07369,-0.008569402,2.4679453061878536
-34.08199,-0.008542627,2.4674830988448737
-34.09035,-0.008544395,2.467017777758222
-34.09868,-0.008546754,2.4665543534236516
-34.10704,-0.008553124,2.4660894876834814
-34.11533,-0.00856695,2.4656287393380043
-34.12366,-0.008565214,2.465165993331313
-34.13211,-0.008579168,2.4646968118876917
-34.14053,-0.008595366,2.4642295271924604
-34.14877,-0.008586999,2.4637724550547504
-34.15711,-0.008570966,2.463310060482283
-34.16534,-0.008558926,2.462853985940137
-34.17362,-0.008557923,2.4623953622706636
-34.18198,-0.008564912,2.4619325328725834
-34.19031,-0.008567519,2.4614715894649684
-34.1987,-0.008579058,2.461007552918678
-34.20708,-0.008609129,2.4605442966777638
-34.21545,-0.008642853,2.46008181976271
-34.2238,-0.008649247,2.4596206733325934
-34.23196,-0.008638996,2.4591702374038764
-34.24028,-0.008643858,2.4587111904458725
-34.24864,-0.008648924,2.458250161174283
-34.25694,-0.008653889,2.4577926633260296
-34.26518,-0.008652913,2.457338691931576
-34.27348,-0.008657225,2.456881635596969
-34.28188,-0.008668177,2.4564192978914807
-34.29022,-0.008661747,2.455960486692707
-34.29854,-0.008648464,2.455502998086799
-34.3069,-0.008657844,2.4550435335165814
-34.31523,-0.00868501,2.4545859404118815
-34.32347,-0.008683133,2.4541335098112165
-34.33179,-0.008657967,2.4536769070298985
-34.34015,-0.008645278,2.4532183318942984
-34.34851,-0.008640015,2.4527599799816646
-34.35693,-0.00864941,2.452298563928733
-34.36528,-0.008647474,2.45184120717189
-34.37352,-0.008617664,2.451390093304381
-34.38167,-0.008593946,2.4509441193519685
-34.39021,-0.008593455,2.450477031108562
-34.39861,-0.008588424,2.4500178263017025
-34.40703,-0.008583238,2.449557753168466
-34.41533,-0.008573346,2.449104457228799
-34.42365,-0.008562048,2.4486502883918466
-34.43208,-0.008559423,2.448190338777094
-34.4404,-0.008549067,2.4477366116537556
-34.4487,-0.008538743,2.4472841935980165
-34.45709,-0.008533301,2.4468270913185064
-34.4655,-0.008528428,2.4463691227459345
-34.47389,-0.008534023,2.445912465927112
-34.48221,-0.008540871,2.4454598385660313
-34.49052,-0.008538141,2.4450079732053913
-34.49895,-0.008543218,2.444549805138997
-34.50732,-0.008549898,2.4440951195282623
-34.51556,-0.008556858,2.4436477113510544
-34.52396,-0.008563159,2.44319183546731
-34.53229,-0.008563702,2.44273997756882
-34.54068,-0.008570203,2.4422850852965254
-34.54894,-0.008563004,2.441837457241814
-34.55728,-0.00855294,2.441385710912433
-34.56563,-0.008543462,2.440933641307854
-34.57398,-0.008539114,2.4404817900629316
-34.58232,-0.008532347,2.4400306977669515
-34.59059,-0.008519377,2.4395836064085636
-34.59897,-0.008519814,2.4391307862632905
-34.60733,-0.008515608,2.4386792653463876
-34.61557,-0.008496194,2.4382344390111155
-34.62401,-0.00848381,2.4377790354150197
-34.63234,-0.008482251,2.4373297848196223
-34.64073,-0.008488419,2.4368775167266974
-34.64911,-0.008488161,2.4364260063245493
-34.65741,-0.008472248,2.4359790215137256
-34.6658,-0.008467442,2.4355274074159547
-34.67407,-0.00846173,2.435082466523255
-34.68245,-0.008453996,2.434631823876341
-34.69078,-0.008455427,2.4341840858003194
-34.69923,-0.008461374,2.433730117354189
-34.70754,-0.008473922,2.43328388586457
-34.71588,-0.00848487,2.4328362582195813
-34.72411,-0.008479419,2.4323947453224863
-34.73262,-0.008491377,2.431938431365097
-34.74092,-0.008513489,2.4314935931460653
-34.74927,-0.008528071,2.4310462896055083
-34.75757,-0.008534073,2.4306018775190554
-34.76593,-0.008553604,2.4301544673190105
-34.7742,-0.008577516,2.4297120853966447
-34.78249,-0.00858805,2.4292688447549327
-34.79079,-0.008582136,2.428825281058579
-34.79912,-0.008586915,2.42838032685884
-34.8075,-0.008594829,2.4279329167564465
-34.81569,-0.008594887,2.427495858907292
-34.82416,-0.008589927,2.4270440751478284
-34.83235,-0.008583513,2.4266074353295144
-34.84065,-0.008564709,2.426165140432225
-34.84889,-0.008542082,2.425726251252192
-34.85727,-0.008533441,2.425280118035635
-34.86563,-0.008532187,2.4248352632664316
-34.87401,-0.00852746,2.4243895582985724
-34.88231,-0.008511484,2.423948319363024
-34.89064,-0.00850691,2.423505696656754
-34.89906,-0.008516044,2.4230585064468784
-34.90743,-0.008522675,2.422614185575965
-34.91579,-0.00853865,2.422170608197609
-34.92418,-0.008552797,2.421725652542164
-34.93243,-0.008543498,2.4212883300703676
-34.94084,-0.008516353,2.4208427387549927
-34.94907,-0.00850074,2.420406892086113
-34.9574,-0.008505642,2.4199659585667126
-34.96571,-0.008505004,2.4195262930453865
-34.97398,-0.008491595,2.419088951271774
-34.9823,-0.008481673,2.4186491740108567
-34.99068,-0.008476106,2.418206436685426
-34.99927,-0.008501254,2.417752824558912
-35.00748,-0.008516251,2.4173194871496033
-35.01575,-0.00849302,2.4168831882795603
-35.02408,-0.008470206,2.416443932288871
-35.03241,-0.008458809,2.416004885190599
-35.04071,-0.008446079,2.4155676269116695
-35.04912,-0.008442707,2.4151247848733433
-35.05739,-0.008439475,2.414689521952433
-35.0657,-0.00843004,2.414252360568875
-35.0741,-0.008440727,2.4138106751135453
-35.08255,-0.008447921,2.413366573980512
-35.09082,-0.008466071,2.4129321400867805
-35.09923,-0.00848433,2.412490561758762
-35.10759,-0.008495145,2.412051818424449
-35.11588,-0.00849437,2.4116169550642046
-35.12424,-0.008501769,2.4111786276372102
-35.13248,-0.008503344,2.4107467961271163
-35.14089,-0.008511806,2.4103062642978026
-35.14922,-0.008534053,2.4098701308307837
-35.15747,-0.008537727,2.409438389622461
-35.16579,-0.008535086,2.409003190316498
-35.17406,-0.008537716,2.408570810421089
-35.18236,-0.008553961,2.408137066416238
-35.19074,-0.008574253,2.4076993493174625
-35.19899,-0.008579951,2.4072686261736487
-35.20737,-0.008586849,2.406831322532754
-35.21568,-0.008593259,2.4063978773091987
-35.22394,-0.008592241,2.4059672427332095
-35.23233,-0.008602752,2.4055300373265123
-35.24068,-0.008610267,2.405095123022598
-35.24896,-0.008605021,2.4046640581736316
-35.25717,-0.008587502,2.4042368375000036
-35.2655,-0.008581512,2.4038035757326566
-35.27387,-0.008584446,2.4033684395843156
-35.28215,-0.008577356,2.402938185456385
-35.29054,-0.008576236,2.4025024213287756
-35.29881,-0.008567958,2.402073092549012
-35.30713,-0.008557325,2.4016413710205273
-35.31548,-0.008556354,2.4012082973245725
-35.32393,-0.0085484,2.4007702455530855
-35.33226,-0.008541577,2.400338619720335
-35.34058,-0.008532291,2.3999077151535144
-35.34888,-0.0085194,2.3994780485265728
-35.35727,-0.008519758,2.3990439278824414
-35.36559,-0.008525229,2.3986136326299095
-35.37398,-0.008527547,2.3981799220783184
-35.38226,-0.008526262,2.397752099498449
-35.3906,-0.008523618,2.39732137912327
-35.399,-0.008523318,2.396887765191107
-35.4074,-0.008528182,2.3964543569988193
-35.41573,-0.00853724,2.3960247635725707
-35.42407,-0.008538167,2.395594856830398
-35.43245,-0.008540599,2.395163092024401
-35.44074,-0.008540132,2.394736165215512
-35.44901,-0.008536757,2.394310467344504
-35.45734,-0.008537107,2.3938818817203997
-35.46564,-0.008532898,2.393455039863936
-35.47401,-0.008521555,2.393024800410216
-35.48233,-0.008519051,2.3925973322496015
-35.49074,-0.008512774,2.3921654437185587
-35.49899,-0.008494114,2.3917419706870535
-35.50737,-0.008486521,2.3913120262075167
-35.51572,-0.008480104,2.3908838227128717
-35.52405,-0.008462585,2.3904568454328827
-35.53236,-0.008451954,2.390031092784155
-35.54067,-0.008449001,2.389605539231534
-35.54907,-0.008450733,2.3891755789954563
-35.5575,-0.008453805,2.388744287421782
-35.56577,-0.008464001,2.388321380360948
-35.5742,-0.008478431,2.387890493672381
-35.58258,-0.008483094,2.3874623650111935
-35.59088,-0.008481583,2.3870385222281665
-35.59923,-0.0084933,2.386612325603672
-35.60754,-0.008504506,2.3861883690926136
-35.61588,-0.008510486,2.3857630809627617
-35.62407,-0.008513774,2.385345635689577
-35.63251,-0.00853216,2.3849156486590473
-35.64069,-0.008535483,2.384499102009529
-35.64896,-0.008521299,2.384078166656194
-35.65735,-0.008514608,2.3836513229390293
-35.66573,-0.008519136,2.3832251884371916
-35.67407,-0.008532805,2.3828012867609445
-35.6823,-0.008532556,2.382383170367381
-35.69067,-0.008522464,2.381958139199965
-35.69893,-0.008521812,2.3815388892608267
-35.70723,-0.008524374,2.3811178044334436
-35.71564,-0.008531452,2.380691338584441
-35.72403,-0.008550349,2.3802660870008228
-35.73242,-0.008574684,2.3798410351160095
-35.74071,-0.008575958,2.3794212454089467
-35.74901,-0.008563508,2.3790011443673547
-35.75742,-0.008570387,2.378575674643193
-35.76572,-0.008587191,2.3781559661038556
-35.77394,-0.008592184,2.3777404948965644
-35.78227,-0.008597462,2.377319658590693
-35.79062,-0.008609336,2.3768980084726112
-35.79884,-0.008608097,2.3764831150953496
-35.80724,-0.008596339,2.376059333252158
-35.8156,-0.008601433,2.375637766783189
-35.82399,-0.008621204,2.3752148853324266
-35.83223,-0.008620079,2.374799757090195
-35.84049,-0.008604868,2.374383812832916
-35.84876,-0.008596031,2.3739675570368406
-35.85706,-0.008582616,2.373549984298769
-35.86539,-0.008560187,2.3731310965808543
-35.87378,-0.008549004,2.3727093883053305
-35.88216,-0.008557811,2.372288379517844
-35.89044,-0.008551089,2.3718725877977533
-35.89876,-0.008532612,2.371454980617715
-35.90711,-0.008525152,2.371036062217204
-35.91545,-0.008516866,2.3706178399546713
-35.92377,-0.008502804,2.370200814112773
-35.93216,-0.008502166,2.3697804752066114
-35.94063,-0.008505867,2.369356327365436
-35.94898,-0.008497597,2.3689383843435894
-35.95718,-0.008476092,2.3685281381910372
-35.96559,-0.008467512,2.368107580050821
-35.97391,-0.008462979,2.3676917160241966
-35.98225,-0.00845791,2.3672750453348526
-35.99059,-0.008458976,2.3668585677534044
-35.99902,-0.008468478,2.3664377919176687
-36.00728,-0.008483467,2.3660256925821668
-36.01566,-0.008493516,2.365607799496108
-36.02406,-0.0085033,2.3651891041709345
-36.03244,-0.008513677,2.3647716002579897
-36.04074,-0.008524899,2.364358273442776
-36.04907,-0.008550515,2.3639436440385286
-36.05742,-0.008568379,2.363528211391719
-36.06575,-0.008572778,2.3631139654658506
-36.07404,-0.008570525,2.362701898650664
-36.08221,-0.008565545,2.36229598187029
-36.09059,-0.008571483,2.361879822413543
-36.09889,-0.00857609,2.3614678262960442
-36.10725,-0.008575438,2.3610530433638672
-36.11557,-0.008555999,2.360640435690202
-36.12373,-0.008527815,2.360235947395244
-36.13213,-0.008528082,2.3598197532224092
-36.1405,-0.008536814,2.3594052378910084
-36.14887,-0.008535226,2.358990914515447
-36.15712,-0.008527283,2.3585827189776176
-36.16553,-0.008529115,2.3581667986062973
-36.17389,-0.008529666,2.35775354267954
-36.1823,-0.008526788,2.3573380078104487
-36.1907,-0.008537529,2.3569231598173013
-36.19898,-0.008542142,2.3565144266495905
-36.20726,-0.008531817,2.3561058804228767
-36.21559,-0.008539024,2.355695055637641
-36.22391,-0.008550501,2.3552849126447146
-36.23221,-0.008554891,2.3548759432560145
-36.24056,-0.008559645,2.3544646992209834
-36.24895,-0.008573127,2.35405167597958
-36.25737,-0.008585022,2.35363736807165
-36.26558,-0.008581722,2.3532335785061207
-36.27391,-0.008574779,2.3528240738315773
-36.28217,-0.008567687,2.3524181960450545
-36.29047,-0.008560032,2.352010538854967
-36.29875,-0.008557059,2.3516040497262303
-36.3071,-0.008557524,2.351194311856359
-36.31548,-0.008550448,2.3507832913126854
-36.32376,-0.008543188,2.3503773618149664
-36.33212,-0.008540203,2.34996769800386
-36.34044,-0.008543275,2.3495601814397404
-36.34883,-0.008552427,2.3491494251671923
-36.35716,-0.008551621,2.348741793913496
-36.36554,-0.008554994,2.3483319043248083
-36.37387,-0.00855164,2.3479246475560616
-36.38217,-0.008546158,2.347519042981768
-36.39055,-0.008549869,2.347109716670949
-36.39893,-0.008562231,2.3467005788356965
-36.40718,-0.008558869,2.3462979719934367
-36.41554,-0.00853426,2.345890183147085
-36.42381,-0.008516211,2.3454869685516146
-36.43218,-0.008519778,2.3450790647169617
-36.44052,-0.008521489,2.3446728092793405
-36.44881,-0.008513476,2.3442691736712393
-36.4572,-0.008497667,2.343860856017467
-36.46564,-0.008476266,2.3434502945786773
-36.47397,-0.008474576,2.343045270366785
-36.48225,-0.00848781,2.342642860569181
-36.49062,-0.0084804,2.3422362623600255
-36.4989,-0.008461339,2.3418342196614144
-36.50729,-0.008455531,2.341427021835913
-36.51581,-0.008467807,2.34101370611798
-36.52414,-0.008471791,2.3406097939609256
-36.53229,-0.008449188,2.340214788068309
-36.54067,-0.008434032,2.3398088185027808
-36.54906,-0.008425109,2.3394025509821597
-36.55739,-0.008425528,2.3389993733141234
-36.56578,-0.008438402,2.338593477289422
-36.57416,-0.008445647,2.338188250940008
-36.58244,-0.008433839,2.337788042569058
-36.59078,-0.008418659,2.337385117234451
-36.5992,-0.008423775,2.336978513191545
-36.60747,-0.008420567,2.3365793347641888
-36.61577,-0.0084271,2.336178889587738
-36.62413,-0.008438629,2.3357757331027384
-36.63248,-0.008462427,2.335373242543229
-36.64085,-0.008484108,2.334969972039404
-36.64919,-0.00850876,2.334568330159548
-36.65753,-0.008524923,2.3341668710357735
-36.66588,-0.008534359,2.3337651135060713
-36.6741,-0.008537813,2.3333697895790215
-36.68239,-0.008544026,2.3329712785889907
-36.6907,-0.008562776,2.332571986906764
-36.69898,-0.008566803,2.3321743165613866
-36.70731,-0.008572614,2.331774425856866
-36.71553,-0.008578703,2.3313799936974897
-36.72383,-0.008570275,2.330981901942145
-36.73227,-0.008578853,2.3305772798686277
-36.74057,-0.008589054,2.3301795508344045
-36.74892,-0.008589222,2.3297796071285903
-36.7572,-0.008578783,2.3293831956732287
-36.76547,-0.008579759,2.328987441205022
-36.7739,-0.008587609,2.328584213259948
-36.78211,-0.008580788,2.3281916861213237
-36.79053,-0.008580547,2.3277893006705805
-36.79884,-0.008582231,2.327392352585027
-36.80719,-0.008586985,2.3269936743337376
-36.81552,-0.008584536,2.326596131196843
-36.82393,-0.008579717,2.3261949525756758
-36.83223,-0.008571626,2.3257992008629396
-36.84052,-0.008558333,2.325404103959445
-36.84885,-0.008550615,2.3250072797387165
-36.85719,-0.008548063,2.3246101588319674
-36.8656,-0.008557958,2.3242098867236667
-36.87389,-0.008569825,2.323815504683666
-36.88219,-0.008565926,2.3234208245226218
-36.89053,-0.008556587,2.323024421172588
-36.8989,-0.008555853,2.3226267720717964
-36.90733,-0.008565916,2.3222264547448974
-36.91562,-0.008580016,2.321832963932341
-36.92398,-0.008594589,2.3214363294531086
-36.93231,-0.008600621,2.32104129690236
-36.94058,-0.008599686,2.3206492859614007
-36.94884,-0.008594194,2.3202579242000563
-36.95714,-0.0085898,2.31986484343756
-36.96558,-0.008605681,2.31946531340777
-36.97388,-0.008619262,2.3190725885408834
-36.98227,-0.008619837,2.3186757843691046
-36.99054,-0.008616461,2.3182848317434672
-36.99878,-0.008606175,2.317895471147968
-37.00711,-0.008592772,2.3175020340685886
-37.01547,-0.008591735,2.317107358085687
-37.02383,-0.008592287,2.3167128603388685
-37.03217,-0.0085966,2.3163194838433716
-37.04044,-0.008599148,2.3159295839898233
-37.04877,-0.008585929,2.315537031323847
-37.05716,-0.008577406,2.3151418295411736
-37.06551,-0.008573763,2.3147486895499347
-37.07385,-0.008577407,2.314356197157835
-37.08225,-0.00858772,2.3139610595365707
-37.09056,-0.008584651,2.313570331642337
-37.09883,-0.008582866,2.3131816582894933
-37.10718,-0.008578707,2.3127894008652774
-37.11542,-0.008567876,2.3124024839271655
-37.12376,-0.008567634,2.3120110462948795
-37.13219,-0.008581112,2.311615563208095
-37.14049,-0.008581806,2.3112263543103495
-37.14885,-0.008568946,2.3108345076630905
-37.15714,-0.008564204,2.3104461161434924
-37.16553,-0.00856853,2.310053215977278
-37.17381,-0.008564882,2.309665640944525
-37.18219,-0.008559728,2.309273560809624
-37.19057,-0.008558979,2.30888165736637
-37.19885,-0.008559696,2.3084946039998546
-37.20715,-0.008556574,2.308106788614554
-37.21553,-0.008553292,2.3077154107438482
-37.22392,-0.008562331,2.307323742367811
-37.23224,-0.008566084,2.3069355161011
-37.24054,-0.008562136,2.3065483959147746
-37.24889,-0.008575266,2.30615911776163
-37.25722,-0.008590835,2.3057709458730415
-37.2656,-0.008598437,2.3053806191232664
-37.27393,-0.008600731,2.3049927952324856
-37.28221,-0.008609251,2.3046074709626923
-37.29062,-0.008605449,2.30421627208129
-37.29886,-0.008597733,2.3038331520051822
-37.30725,-0.008596997,2.3034432315434668
-37.31554,-0.008602891,2.303058130741241
-37.32375,-0.008588974,2.302676914833049
-37.33214,-0.008573554,2.3022875141901857
-37.34053,-0.00856615,2.3018982885352726
-37.34874,-0.008557982,2.3015175826547294
-37.35718,-0.00857762,2.301126385878163
-37.36568,-0.008591127,2.3007325866945285
-37.3739,-0.008579451,2.30035193009025
-37.3822,-0.008567587,2.299967738656366
-37.39055,-0.008556103,2.299581404927181
-37.39896,-0.008577861,2.2991924695232164
-37.4073,-0.008602029,2.2988069440991463
-37.41554,-0.008598629,2.298426210072072
-37.42375,-0.008597189,2.2980470289588832
-37.43228,-0.008603103,2.2976532447395672
-37.44057,-0.008608211,2.2972707119576437
-37.44891,-0.008628417,2.2968860428781506
-37.45726,-0.008639367,2.296501084168997
-37.46542,-0.008627878,2.296125050780159
-37.47377,-0.008602972,2.2957404312403047
-37.48204,-0.008580291,2.295359665589173
-37.4904,-0.008587681,2.2949749269146236
-37.49875,-0.008612048,2.29459081969399
-37.50708,-0.008619822,2.2942078029001456
-37.51546,-0.008610475,2.293822658711902
-37.52385,-0.008593732,2.2934372272567978
-37.53207,-0.008566701,2.2930597726157926
-37.54034,-0.008516469,2.2926801888315342
-37.54863,-0.008450941,2.2922998548815228
-37.55707,-0.008430203,2.2919128116224186
-37.56552,-0.008452615,2.2915254840076753
-37.57388,-0.008452639,2.2911424532148397
-37.58228,-0.008451588,2.2907577613705183
-37.59074,-0.008480593,2.2903704954996895
-37.59911,-0.008505426,2.2899875209812146
-37.60736,-0.008504825,2.289610203960076
-37.61571,-0.008494425,2.289228481929492
-37.62405,-0.008494278,2.2888473861798504
-37.63242,-0.008486534,2.28846508940961
-37.64072,-0.008477407,2.2880861577568123
-37.64903,-0.008482832,2.2877069369383487
-37.65747,-0.008505779,2.2873219549799813
-37.6658,-0.008511412,2.286942159731109
-37.67418,-0.008537699,2.286560254264326
-37.68257,-0.008528872,2.2861780632265796
-37.6908,-0.008532395,2.2858033260105914
-37.69908,-0.008537085,2.2854264772509034
-37.70738,-0.008545972,2.2850488843298047
-37.71578,-0.008564742,2.2846669113034386
-37.72406,-0.008568442,2.2842905615143225
-37.73232,-0.008564416,2.2839152853574864
-37.74065,-0.008571109,2.2835369952557785
-37.7491,-0.008592349,2.283153426174399
-37.75732,-0.008584565,2.282780462172633
-37.76564,-0.008559084,2.282403126227968
-37.77391,-0.008553828,2.2820282226542075
-37.78224,-0.008551474,2.2816507650155207
-37.79054,-0.00854384,2.2812748322728384
-37.79884,-0.008531643,2.28089906462738
-37.80718,-0.008509848,2.280521652236427
-37.81546,-0.008490301,2.2801471197229914
-37.82393,-0.008486388,2.279764162528854
-37.83235,-0.008495303,2.2793836359623443
-37.84058,-0.008485106,2.2790118597547924
-37.84892,-0.008462061,2.2786352794214473
-37.85732,-0.008447684,2.2782561575938285
-37.86565,-0.008444763,2.277880361224487
-37.87412,-0.008447747,2.2774984184451017
-37.88248,-0.008447364,2.277121603443069
-37.89078,-0.008439435,2.2767476573456658
-37.89916,-0.008437955,2.2763702731142326
-37.90752,-0.008438666,2.2759939558166824
-37.9158,-0.008432317,2.2756214032144912
-37.92424,-0.008441521,2.275241818952733
-37.93265,-0.008474821,2.2748637519392925
-37.94093,-0.008492514,2.2744916927444847
-37.9493,-0.008513606,2.2741157544407935
-37.95761,-0.008519739,2.2737426750525125
-37.96591,-0.008507499,2.2733702076415394
-37.97429,-0.008522075,2.2729943153644214
-37.98265,-0.008545431,2.272619485475605
-37.9908,-0.008534316,2.272254229971467
-37.99913,-0.008510036,2.271881069382378
-38.00734,-0.008489754,2.2715134445083502
-38.01579,-0.00849068,2.2711352388047175
-38.02419,-0.008496767,2.270759437610637
-38.03249,-0.008482268,2.270388273289495
-38.04073,-0.008457511,2.270019952298497
-38.04909,-0.008430611,2.269646430440255
-38.05751,-0.008433733,2.269270393675256
-38.06584,-0.008432687,2.2688985400033204
-38.07414,-0.008440297,2.2685281873733723
-38.08258,-0.008452389,2.268151753373852
-38.09091,-0.008466146,2.2677803890744537
-38.09929,-0.008483182,2.2674069595522646
-38.10771,-0.008512525,2.2670319129645944
-38.11594,-0.008520642,2.266665489556338
-38.12433,-0.008527849,2.2662921053301135
-38.1326,-0.00852968,2.2659242223189606
-38.14087,-0.008525026,2.265556498842318
-38.14917,-0.008538743,2.265187601722397
-38.15744,-0.008545122,2.264820197581389
-38.16573,-0.008558731,2.2644520647187933
-38.17404,-0.008556172,2.264083204187977
-38.18234,-0.008554643,2.263714947800475
-38.19074,-0.008578954,2.263342417559859
-38.19911,-0.008597529,2.262971380746829
-38.20743,-0.008596589,2.2626027215125433
-38.21567,-0.008582626,2.2622377652936607
-38.22394,-0.008587488,2.2618716385594997
-38.23232,-0.008617654,2.2615008035086546
-38.24062,-0.008620262,2.2611336688578794
-38.24889,-0.00861425,2.2607680196732507
-38.25725,-0.008624264,2.260398551908462
-38.2657,-0.008642586,2.260025270673214
-38.274,-0.008665604,2.259658776192716
-38.28214,-0.008659497,2.2592995010205805
-38.29047,-0.008649191,2.258931997961895
-38.29889,-0.008659857,2.2585606867457515
-38.30711,-0.008672379,2.2581983527339964
-38.31546,-0.008664597,2.257830447553024
-38.32382,-0.008658213,2.257462262373636
-38.33199,-0.008649382,2.257102600204164
-38.34038,-0.008633709,2.2567334126578817
-38.34869,-0.008617446,2.2563679046142124
-38.35709,-0.00860726,2.2559985989552387
-38.36537,-0.008560154,2.2556347273595954
-38.3737,-0.00849143,2.255268816924091
-38.38208,-0.008447898,2.2549008704061895
-38.39043,-0.008402552,2.2545344008910555
-38.39885,-0.008355292,2.254165020567022
-38.40735,-0.0083488,2.2537922949643754
-38.4158,-0.008368144,2.2534219253536305
-38.42415,-0.008361459,2.2530560988336763
-38.43259,-0.008362425,2.252686490814176
-38.44103,-0.008384492,2.2523170450947854
-38.4493,-0.008391524,2.2519551981440493
-38.45761,-0.008414268,2.2515917577821396
-38.46603,-0.008462879,2.2512236667002026
-38.47434,-0.00847198,2.250860542377075
-38.48264,-0.008499752,2.2504980115709317
-38.49097,-0.008499588,2.2501343276098265
-38.49915,-0.008489436,2.249777345733607
-38.50745,-0.008483947,2.249415281977903
-38.51592,-0.008512937,2.2490459633315263
-38.52416,-0.008530962,2.248686829252085
-38.5324,-0.008523252,2.2483278487714236
-38.5408,-0.008546624,2.247962055795417
-38.54916,-0.008566797,2.2475981629690502
-38.55748,-0.008577802,2.2472361679238375
-38.56586,-0.008601176,2.2468717202209416
-38.57405,-0.008618883,2.2465156886559745
-38.58241,-0.008629371,2.2461524228268788
-38.59068,-0.008639633,2.245793222612299
-38.599,-0.008645602,2.2454320060105184
-38.60738,-0.008642916,2.2450683418558834
-38.61571,-0.008624654,2.244707003962895
-38.62395,-0.008603449,2.244349723422902
-38.63223,-0.008590208,2.24399086203411
-38.64056,-0.00857889,2.2436299887993343
-38.64891,-0.008566195,2.243268405240924
-38.65721,-0.008542616,2.24290914165818
-38.66554,-0.008526331,2.242548734609681
-38.674,-0.008525584,2.2421828618710244
-38.68239,-0.008523837,2.2418201745031783
-38.69083,-0.008533848,2.241455484413232
-38.69914,-0.008533646,2.2410965670038148
-38.70747,-0.008531356,2.240736940440695
-38.71581,-0.008512501,2.2403770371845506
-38.72421,-0.008505458,2.240014701397395
-38.73251,-0.008494645,2.2396568334972353
-38.7408,-0.008473908,2.2392995498286044
-38.74924,-0.008463147,2.2389359584858957
-38.75751,-0.00845286,2.2385798442676013
-38.76578,-0.008445255,2.2382238819907663
-38.77422,-0.008467768,2.237860759030098
-38.78256,-0.008483429,2.237502093724602
-38.79096,-0.008488682,2.237141003986496
-38.79927,-0.008497434,2.236783936914277
-38.80774,-0.008512232,2.2364201522685936
-38.81601,-0.008522512,2.236065110762286
-38.82427,-0.008532546,2.235710649549882
-38.83249,-0.008535713,2.235358054556893
-38.84078,-0.008543086,2.235002608083566
-38.84915,-0.008559978,2.2346438853874537
-38.85745,-0.008575936,2.2342883153680955
-38.86583,-0.008584162,2.23392947223821
-38.87421,-0.008598307,2.2335707838178576
-38.88245,-0.008608059,2.233218238562642
-38.89075,-0.008602312,2.2328632772574455
-38.89899,-0.008604786,2.232511031777432
-38.90733,-0.008598373,2.232154663401472
-38.91563,-0.008585795,2.2318001558756726
-38.924,-0.00859955,2.2314428116329257
-38.93234,-0.008612281,2.231086901018536
-38.94058,-0.008588385,2.2307354076390236
-38.94898,-0.00856558,2.2303772422281662
-38.95726,-0.008563412,2.2300243446279335
-38.96558,-0.008552073,2.229669893275039
-38.97405,-0.008546202,2.2293092070236478
-38.98233,-0.00853533,2.2289567632309306
-38.99059,-0.008516776,2.228605319898981
-38.99893,-0.008510977,2.2282506237991657
-39.00746,-0.008507982,2.2278880039869295
-39.01578,-0.008490299,2.227534464260358
-39.02408,-0.008476484,2.2271819245963007
-39.03243,-0.008480924,2.2268274124875136
-39.04086,-0.008486091,2.226469657686844
-39.04916,-0.008480389,2.22611757077489
-39.05743,-0.008465622,2.2257669052981726
-39.0658,-0.008459331,2.225412150781502
-39.07425,-0.008465488,2.2250541597087596
-39.08263,-0.008464334,2.224699287125764
-39.0909,-0.008464245,2.22434922194168
-39.09923,-0.008464717,2.223996766688244
-39.10758,-0.00847141,2.2236436158923665
-39.11597,-0.008477473,2.2232889252139216
-39.12427,-0.008480186,2.2229381890064657
-39.13263,-0.008488221,2.222585067755477
-39.14104,-0.008502204,2.222229986735151
-39.14937,-0.008500662,2.2218784338036603
-39.15764,-0.008499546,2.2215295610256387
-39.16596,-0.008507162,2.2211787276502353
-39.17423,-0.008513183,2.22083015033097
-39.1826,-0.008515337,2.220477507873393
-39.1909,-0.00851436,2.220127963379254
-39.19922,-0.008521847,2.2197777251690214
-39.20757,-0.00853488,2.2194263735293975
-39.21597,-0.00856134,2.2190730689563463
-39.2242,-0.008571289,2.2187270613549797
-39.23258,-0.008560867,2.218374896578303
-39.24085,-0.008547539,2.2180275019526845
-39.24915,-0.00854187,2.21767899432217
-39.25754,-0.008550688,2.2173268574648337
-39.26587,-0.008571382,2.216977387741568
-39.27409,-0.008573568,2.2166326781855417
-39.28241,-0.008553624,2.216283921989511
-39.29071,-0.008538756,2.2159361513192306
-39.29909,-0.008543132,2.215585177672053
-39.30753,-0.008560549,2.2152318423467463
-39.31586,-0.008580465,2.2148832608519817
-39.32416,-0.008578968,2.2145360816353103
-39.33235,-0.008560189,2.2141936472140618
-39.34062,-0.008550685,2.2138480125630964
-39.34906,-0.008557977,2.2134954227623225
-39.35744,-0.00857658,2.213145489137505
-39.36572,-0.00858593,2.2127998776600553
-39.37407,-0.008592814,2.2124514915526894
-39.38226,-0.008596702,2.2121099246208824
-39.39069,-0.008598614,2.211758496741235
-39.39905,-0.008600492,2.2114101355235722
-39.40735,-0.008600062,2.2110644207235453
-39.41573,-0.008600101,2.210715521442835
-39.42397,-0.008589632,2.2103725956569065
-39.4323,-0.008580004,2.2100260699984533
-39.44061,-0.008577739,2.2096805221825933
-39.44888,-0.008568733,2.209336782184944
-39.45726,-0.008565539,2.208988617050449
-39.46568,-0.008571722,2.2086389389464465
-39.474,-0.008575898,2.208293560318184
-39.48238,-0.008572061,2.2079458381181682
-39.49074,-0.00857919,2.2075990928506277
-39.49913,-0.008586066,2.207251250850335
-39.50748,-0.00858342,2.206905213898735
-39.51576,-0.008581353,2.2065622222627126
-39.52405,-0.008571805,2.2062189603545184
-39.53244,-0.00855427,2.2058717043521723
-39.54076,-0.008549266,2.205527491125613
-39.54906,-0.008544583,2.2051842496382976
-39.55745,-0.008537967,2.204837432645431
-39.56578,-0.00853208,2.2044932413818206
-39.57407,-0.008520536,2.2041508467539477
-39.58246,-0.008513778,2.203804467938577
-39.59079,-0.008513288,2.2034607114432423
-39.59909,-0.008508933,2.2031183368102654
-39.60759,-0.008511356,2.2027678609074672
-39.61594,-0.008513773,2.2024237163121714
-39.6243,-0.008507895,2.202079304871001
-39.63255,-0.008495593,2.201739567602892
-39.64095,-0.008506474,2.2013937985845446
-39.64925,-0.008511583,2.2010522897658844
-39.65761,-0.008504477,2.2007084567123436
-39.66594,-0.008498739,2.2003660016628874
-39.67421,-0.008485413,2.200026155530255
-39.68259,-0.008478541,2.1996819335633084
-39.69095,-0.008474596,2.199338677960593
-39.69925,-0.008485734,2.1989980289300175
-39.70767,-0.008499648,2.1986526003666294
-39.71588,-0.008489796,2.1983159280368456
-39.72417,-0.008480283,2.1979761163040035
-39.73261,-0.00849642,2.197630301659015
-39.741,-0.00849694,2.197286681261166
-39.74934,-0.008492398,2.196945252424317
-39.75771,-0.008512272,2.196602739443494
-39.76605,-0.008531474,2.196261597518486
-39.77419,-0.008530107,2.195928774413759
-39.78265,-0.008541226,2.195583011689769
-39.79089,-0.008544422,2.1952463817723102
-39.79927,-0.008552393,2.194904175378091
-39.80772,-0.008582695,2.1945592563452516
-39.81601,-0.00858865,2.1942210105934774
-39.82423,-0.008577354,2.193885760000884
-39.83254,-0.00856992,2.193546979429381
-39.84081,-0.008543516,2.1932099698776204
-39.84914,-0.008534787,2.192870656681675
-39.85747,-0.008550676,2.192531485315049
-39.86574,-0.008547128,2.192194897172359
-39.8741,-0.008537339,2.191854787945057
-39.88246,-0.008549171,2.191514821302397
-39.89073,-0.008539029,2.1911786547902232
-39.89919,-0.008529474,2.1908349091798605
-39.90758,-0.008531538,2.1904941517375898
-39.91579,-0.008523632,2.1901608436160225
-39.92406,-0.008509515,2.189825238214751
-39.93243,-0.008514125,2.189485716246169
-39.94074,-0.00851731,2.189148768901127
-39.94907,-0.0085102,2.1888111512983905
-39.95743,-0.008515884,2.1884724593148257
-39.96582,-0.008533179,2.188132694387354
-39.97423,-0.008536911,2.187792262665222
-39.98251,-0.008540393,2.187457233175206
-39.99091,-0.008557902,2.187117489949591
-39.99918,-0.008568091,2.186783144054453
-40.00748,-0.008566581,2.1864477242755602
-40.01581,-0.008567915,2.186111232035538
-40.02416,-0.008571056,2.185774072460234
-40.0324,-0.008575479,2.185441492391163
-40.04083,-0.008589908,2.185101385260995
-40.04913,-0.008606711,2.184766662846359
-40.05745,-0.008608765,2.1844312730840327
-40.06569,-0.00860402,2.1840992455140547
-40.07404,-0.008602186,2.183762924826147
-40.08234,-0.008603218,2.183428756903913
-40.09073,-0.00861132,2.183091106098592
-40.09905,-0.00861329,2.182756411934946
-40.10738,-0.008603685,2.1824214546051124
-40.11568,-0.008598061,2.1820878419610485
-40.12392,-0.008594216,2.1817567775032947
-40.13228,-0.008589805,2.181421030651635
-40.1406,-0.008590072,2.181087029092739
-40.14899,-0.008592106,2.180750357605509
-40.1573,-0.008591264,2.1804170350098238
-40.16568,-0.008592701,2.1800810443144494
-40.17397,-0.008591173,2.1797488000314633
-40.18237,-0.008600378,2.179412287030357
-40.19081,-0.008617286,2.179074313257185
-40.19908,-0.008620656,2.1787432846721866
-40.2074,-0.008605713,2.178410392116874
-40.21573,-0.008597677,2.1780772374391812
-40.22401,-0.008594839,2.177746219235725
-40.23245,-0.008595274,2.177408944769707
-40.24074,-0.008595791,2.177077802247175
-40.24909,-0.008598113,2.1767444009293127
-40.25737,-0.008599497,2.176413931163412
-40.2657,-0.008585365,2.176081602952389
-40.27397,-0.008564715,2.175751804453348
-40.28233,-0.008551564,2.1754185544877864
-40.29079,-0.00855303,2.175081459062977
-40.29912,-0.008563127,2.1747496818789096
-40.30747,-0.008569284,2.174417245736336
-40.31575,-0.008568045,2.174087732461879
-40.3241,-0.008558963,2.173755570490104
-40.33241,-0.008554246,2.173425136261384
-40.34084,-0.008561458,2.1730900695176403
-40.34921,-0.008567611,2.172757526107698
-40.35762,-0.008577385,2.172423532408502
-40.36597,-0.008586269,2.1720920592271162
-40.37418,-0.008579944,2.1717662773584503
-40.38248,-0.008575572,2.17143705884334
-40.39084,-0.00858939,2.1711055972096647
-40.39916,-0.008605585,2.1707758577158534
-40.40744,-0.008600821,2.170447838318884
-40.41577,-0.008598292,2.170117973751335
-40.42413,-0.008621621,2.1697870578785494
-40.4324,-0.008610551,2.1694598391389084
-40.44077,-0.008584371,2.1691287999709203
-40.44896,-0.008570524,2.1688050125392593
-40.45728,-0.0085628,2.168476219854622
-40.46567,-0.008579362,2.1681447978002093
-40.47406,-0.008590333,2.1678135131489156
-40.48224,-0.008582284,2.1674906526911557
-40.49078,-0.008597863,2.1671537224029764
-40.49915,-0.00862981,2.166823637039296
-40.50746,-0.008644674,2.166496052825825
-40.51576,-0.008640994,2.1661689969532842
-40.52402,-0.008634317,2.165843650259772
-40.53235,-0.008628691,2.165515680684688
-40.54059,-0.008618783,2.1651913871998407
-40.54898,-0.008620045,2.1648613257349507
-40.55725,-0.008607659,2.1645361186964105
-40.56558,-0.008603445,2.164208686280339
-40.57398,-0.008608212,2.163878638477172
-40.58228,-0.008612968,2.1635526540154966
-40.59062,-0.008592072,2.1632252328247263
-40.59906,-0.008578058,2.1628940226694904
-40.60729,-0.008583136,2.162571186109686
-40.61572,-0.008591958,2.16224063983108
-40.62401,-0.0085792,2.161915716838392
-40.63234,-0.008563522,2.161589359608627
-40.64064,-0.008545372,2.161264310798255
-40.64902,-0.008542508,2.1609362636540808
-40.65756,-0.008560756,2.160602092206222
-40.66573,-0.008565898,2.1602825302779514
-40.67406,-0.008560419,2.1599568422724458
-40.68243,-0.008571291,2.159629724674755
-40.69077,-0.008596799,2.159303913393627
-40.69916,-0.008609289,2.1589762835400044
-40.70747,-0.008605422,2.1586519108163684
-40.71582,-0.008611185,2.1583261100967635
-40.72417,-0.008616278,2.158000442980176
-40.73244,-0.008612663,2.157678027635958
-40.74068,-0.008610399,2.157356912059396
-40.74898,-0.008602384,2.1570335895524253
-40.75723,-0.008585827,2.156712345269784
-40.76567,-0.008579588,2.1563838371845723
-40.77406,-0.008584078,2.156057410029808
-40.7823,-0.008574874,2.1557369496080407
-40.79073,-0.008566674,2.1554092339117243
-40.79901,-0.008565873,2.155087481289374
-40.80734,-0.008563006,2.1547639174717097
-40.81564,-0.008563329,2.154441650308558
-40.82405,-0.008566312,2.1541152457926147
-40.83243,-0.008567404,2.1537901393573686
-40.84078,-0.008561871,2.153466329487341
-40.84911,-0.008566764,2.153143427115058
-40.85754,-0.008581771,2.152816782410297
-40.86577,-0.008591266,2.1524980172892865
-40.87405,-0.008605395,2.1521774451026996
-40.88239,-0.008613717,2.151854681196476
-40.8907,-0.008626315,2.151533209262742
-40.89911,-0.008650681,2.151208001836715
-40.90747,-0.008673146,2.1508848603934685
-40.9158,-0.008688858,2.1505630098886006
-40.92409,-0.008699223,2.150242834965909
-40.93239,-0.008711616,2.149922403749207
-40.94061,-0.00870548,2.1496051890775445
-40.94893,-0.00869962,2.1492842450339973
-40.9572,-0.008694934,2.1489653589600852
-40.96549,-0.008689684,2.148645830917682
-40.97382,-0.008678286,2.148324891357457
-40.98213,-0.008664894,2.1480048523588207
-40.99049,-0.008657528,2.147683018670916
-40.99875,-0.008637426,2.14736516357206
-41.0071,-0.008621684,2.1470439753115924
-41.01549,-0.008623336,2.14672138014199
-41.02385,-0.008622719,2.1464000697155434
-41.03214,-0.008596843,2.1460815789768706
-41.04063,-0.008580722,2.1457555378657687
-41.04897,-0.008585442,2.1454353885127935
-41.05734,-0.008578263,2.1451142183102947
-41.06566,-0.00856836,2.1447950964382407
-41.0741,-0.008565269,2.1444715039404394
-41.08229,-0.00855232,2.1441576236378252
-41.09067,-0.008535775,2.1438365911288377
-41.09906,-0.008537035,2.1435153066761137
-41.10751,-0.008557708,2.1431918571570012
-41.11578,-0.008570924,2.142875426417789
-41.12413,-0.008576773,2.1425560638000123
-41.13252,-0.008584481,2.1422353018973794
-41.14087,-0.008589985,2.1419161991469795
-41.14919,-0.008593621,2.141598371681192
-41.15756,-0.00860087,2.141278763852862
-41.16589,-0.008611898,2.140960812459053
-41.17423,-0.008629251,2.1406426082527834
-41.1825,-0.008643176,2.1403272020882658
-41.19074,-0.008638063,2.1400130660434846
-41.19908,-0.008631841,2.1396952456219895
-41.20744,-0.008652617,2.1393767921520968
-41.21582,-0.008671044,2.1390577064826077
-41.22414,-0.008674157,2.1387410337729302
-41.23244,-0.008670987,2.138425249633541
-41.24068,-0.008659293,2.1381118740040175
-41.24898,-0.008646382,2.137796343085332
-41.25745,-0.00865228,2.1374744803665764
-41.26569,-0.008643862,2.137161484516556
-41.27397,-0.008632394,2.136847095154646
-41.28236,-0.008643882,2.136528657760845
-41.2907,-0.008641594,2.1362122463411857
-41.29897,-0.00862545,2.135898616842018
-41.30737,-0.008627666,2.1355801858118784
-41.31569,-0.008637414,2.13526491509642
-41.3241,-0.008636282,2.1349463630181904
-41.33237,-0.0086323,2.134633240242454
-41.34065,-0.008623056,2.1343198643465935
-41.349,-0.00862873,2.1340039662386032
-41.35742,-0.008640299,2.133685549050207
-41.36571,-0.008637107,2.1333721746828473
-41.37404,-0.008623728,2.133057414746058
-41.38236,-0.008620596,2.1327431591625032
-41.39076,-0.008626645,2.1324260100563506
-41.399,-0.008628532,2.132115026933018
-41.4074,-0.008652262,2.131798132700918
-41.4157,-0.008671609,2.131485137278858
-41.424,-0.008673841,2.131172267284666
-41.43236,-0.008690843,2.130857262294496
-41.44075,-0.008713126,2.130541254682891
-41.44907,-0.008727066,2.1302280099408746
-41.45741,-0.008728583,2.129914138389253
-41.46576,-0.008730501,2.129600016977863
-41.47392,-0.008732057,2.1292931654398717
-41.48222,-0.008736605,2.1289811731387567
-41.49051,-0.008740047,2.128669681331948
-41.4988,-0.008738511,2.128358313975344
-41.50714,-0.0087342,2.1280451941521386
-41.51549,-0.008732361,2.127731824916435
-41.5239,-0.008737919,2.127416331317627
-41.53224,-0.008744158,2.127103589885833
-41.5406,-0.008744142,2.126790224503257
-41.54874,-0.008731237,2.1264852267481515
-41.55711,-0.008719428,2.1261717357150194
-41.56545,-0.008719254,2.1258594938825395
-41.57379,-0.008707523,2.1255473773259546
-41.58214,-0.008692859,2.1252350119546515
-41.59052,-0.008700334,2.124921650414566
-41.59886,-0.008696497,2.12460990998311
-41.60718,-0.008675867,2.124299041655791
-41.6154,-0.008661811,2.1239920317959218
-41.62384,-0.008663282,2.1236769312970645
-41.63214,-0.008648022,2.123367182181843
-41.64044,-0.008639194,2.123057556548394
-41.64894,-0.008642645,2.122740597959996
-41.6572,-0.008628843,2.122432712712328
-41.66562,-0.008612891,2.1221189892290093
-41.67397,-0.008615285,2.1218079990939187
-41.6823,-0.008622835,2.121497877996176
-41.69061,-0.008614314,2.121188624968548
-41.69898,-0.008609924,2.120877263664483
-41.70735,-0.008613798,2.120566027330914
-41.7157,-0.008615898,2.120255659140324
-41.72401,-0.008614101,2.119946901076862
-41.73242,-0.008624374,2.119634552705067
-41.74074,-0.008630275,2.1193256707954866
-41.74898,-0.00861942,2.119019880246176
-41.75732,-0.008615048,2.118710501536018
-41.76566,-0.008626876,2.118401246382794
-41.77397,-0.008652341,2.1180932264757217
-41.78229,-0.008657723,2.1177849586511415
-41.79065,-0.008654512,2.117475332400908
-41.79901,-0.008655899,2.1171658300041076
-41.80728,-0.008656858,2.116859781358653
-41.81567,-0.008644908,2.116549415565983
-41.82404,-0.00865206,2.1162399136955683
-41.83223,-0.008663515,2.115937187666065
-41.84058,-0.008659343,2.1156286695834523
-41.84898,-0.008671799,2.115318428310559
-41.85732,-0.008680069,2.1150105262353156
-41.86572,-0.008672698,2.11470053303753
-41.87402,-0.008671502,2.114394352393202
-41.88251,-0.008678684,2.114081288346854
-41.89063,-0.008645337,2.1137819865683567
-41.899,-0.008621954,2.113473591255161
-41.90732,-0.008617745,2.1131671602956237
-41.91565,-0.008613825,2.1128604828983923
-41.92403,-0.008619374,2.112552087669053
-41.93242,-0.008624958,2.112243447909756
-41.94078,-0.008617087,2.1119360345706495
-41.94917,-0.008623695,2.111627641262032
-41.95752,-0.008637699,2.1113208406979247
-41.96585,-0.008654703,2.1110148966361932
-41.97418,-0.008660546,2.1107090740069254
-41.98241,-0.008668025,2.1104070419015963
-41.99069,-0.00868549,2.11010329432548
-41.99919,-0.008699059,2.1097916007427764
-42.00752,-0.008714906,2.1094862634118843
-42.01579,-0.008714674,2.1091832451561663
-42.02419,-0.008706315,2.108875585704329
-42.03236,-0.008693594,2.10857646822591
-42.04073,-0.008689644,2.108270148972199
-42.04897,-0.008687375,2.1079687064867465
-42.05718,-0.008681213,2.1076684789612616
-42.06561,-0.008693149,2.1073603283061866
-42.0739,-0.008686752,2.1070574156424766
-42.08226,-0.008692749,2.106752066072497
-42.09065,-0.008713657,2.106445742700576
-42.09906,-0.008726746,2.1061388116504265
-42.10741,-0.008745301,2.1058341916541528
-42.11571,-0.008761761,2.1055315154368763
-42.12398,-0.008762144,2.1052300518611964
-42.13229,-0.008755666,2.1049272493852103
-42.14069,-0.008752062,2.1046212888303444
-42.14894,-0.008745479,2.1043209105614515
-42.15726,-0.008737235,2.1040181026945297
-42.16559,-0.008728881,2.1037150505898294
-42.17384,-0.008715147,2.1034150269456138
-42.18214,-0.008701622,2.103113303402815
-42.19046,-0.008690186,2.1028109719590637
-42.19884,-0.008687667,2.1025065807496133
-42.20728,-0.008692358,2.1022001322994517
-42.21555,-0.008689474,2.1018999752460883
-42.22395,-0.00868539,2.1015952202482238
-42.23229,-0.00868077,2.1012927620074593
-42.24072,-0.008679193,2.1009871612036917
-42.24905,-0.008676454,2.100685305350061
-42.25734,-0.008654372,2.1003850171354848
-42.2657,-0.008644184,2.100082312608096
-42.27402,-0.008643802,2.099781175293951
-42.28235,-0.008642322,2.099479794760698
-42.29079,-0.008644653,2.0991745555001455
-42.29903,-0.008641199,2.098876666911747
-42.3074,-0.008637898,2.0985741974217276
-42.3157,-0.00864844,2.0982743757045257
-42.32413,-0.008659631,2.097969978355137
-42.33255,-0.008672139,2.0976660631121917
-42.34081,-0.008679604,2.097368040431914
-42.34906,-0.008682513,2.0970704945989356
-42.35738,-0.008682652,2.096770541520746
-42.36566,-0.008695632,2.096472147489264
-42.37409,-0.008710181,2.096168467570631
-42.38237,-0.00871523,2.0958703088100075
-42.39058,-0.008707198,2.0955747857189024
-42.39897,-0.008717045,2.095272901676621
-42.40732,-0.008733302,2.094972575489326
-42.41559,-0.008737802,2.0946752432301423
-42.42394,-0.008743921,2.094375152331443
-42.43222,-0.008742124,2.0940776937902377
-42.44051,-0.008742788,2.0937799922762474
-42.44891,-0.008764288,2.0934784591642046
-42.4572,-0.008766392,2.093180991681034
-42.46559,-0.00876075,2.0928800541803376
-42.47388,-0.008769855,2.0925828203121544
-42.48215,-0.008772577,2.0922864191195596
-42.49049,-0.008758005,2.0919876259370036
-42.49883,-0.008743647,2.0916889500252127
-42.50711,-0.00872697,2.091392538801156
-42.51538,-0.008723327,2.0910966008065786
-42.5239,-0.008740362,2.090791837061041
-42.53221,-0.008725938,2.090494702720597
-42.54036,-0.008691272,2.0902034021338793
-42.54891,-0.00869616,2.0898979245296765
-42.55724,-0.008711447,2.089600425215545
-42.56563,-0.008707728,2.089300900750206
-42.57387,-0.008703234,2.0890068462181146
-42.58211,-0.008699785,2.0887129054901226
-42.59058,-0.008710924,2.0884108786496918
-42.59897,-0.008731415,2.0881118228914923
-42.60727,-0.00874337,2.0878160910098207
-42.61552,-0.008751003,2.0875222548029453
-42.62393,-0.008769613,2.0872228370307475
-42.6322,-0.00878387,2.0869285188191085
-42.6405,-0.008779642,2.0866332477339617
-42.64883,-0.008773602,2.0863370249547293
-42.65712,-0.008772811,2.0860423394734573
-42.66545,-0.008761954,2.0857463474544393
-42.67374,-0.008763229,2.0854518914911138
-42.68207,-0.008759412,2.085156129962769
-42.69034,-0.008751404,2.0848626129470977
-42.69869,-0.008748991,2.0845663719425582
-42.70712,-0.0087522,2.0842674102116927
-42.71545,-0.008756705,2.0839721107936358
-42.72369,-0.008763314,2.083680115177317
-42.73216,-0.008772619,2.0833800865671193
-42.74043,-0.008775068,2.0830872571941836
-42.74872,-0.008778814,2.0827938333592213
-42.75711,-0.00878543,2.0824969858814124
-42.76544,-0.008790483,2.0822023764984063
-42.7738,-0.008798808,2.0819068214654766
-42.78214,-0.008809346,2.0816120885958487
-42.79048,-0.008819512,2.0813174706149593
-42.7988,-0.008833516,2.081023673560941
-42.80708,-0.008845306,2.080731402375495
-42.81537,-0.008845045,2.080438891454167
-42.82369,-0.008838997,2.0801454358557145
-42.83202,-0.008835917,2.079851741757685
-42.84038,-0.008827162,2.0795571047689116
-42.84865,-0.008821448,2.079265752830019
-42.85706,-0.008823851,2.0789695840078624
-42.86528,-0.008817551,2.0786802185824986
-42.87361,-0.00880009,2.078387094065557
-42.88184,-0.008785403,2.07809760028954
-42.89023,-0.008793144,2.0778025928049346
-42.89859,-0.008801279,2.0775087549497546
-42.90698,-0.008806561,2.0772139777723813
-42.91541,-0.008810487,2.076917911305053
-42.92375,-0.008816473,2.0766251201258044
-42.93204,-0.008821853,2.0763341970239475
-42.94038,-0.008818441,2.076041632607816
-42.94872,-0.008817621,2.0757491818149645
-42.95709,-0.0088204,2.0754557932113187
-42.96526,-0.008817276,2.075169525332792
-42.97366,-0.00881982,2.0748753119934396
-42.98195,-0.008827579,2.074585064195552
-42.9904,-0.008831766,2.074289329710819
-42.99863,-0.008832292,2.0740014065564414
-43.00699,-0.008829006,2.0737090482268115
-43.01534,-0.008849635,2.073417153043542
-43.02371,-0.00887112,2.0731246724189987
-43.03203,-0.008878145,2.0728340517516837
-43.04031,-0.00886917,2.072544939848249
-43.04858,-0.008858959,2.072256288128435
-43.05687,-0.00888382,2.0719670496252975
-43.06517,-0.008912456,2.07167757377946
-43.07353,-0.008910161,2.0713861181101247
-43.08189,-0.008883405,2.071094775554183
-43.09023,-0.008867572,2.0708042426322626
-43.0984,-0.008837126,2.070519740872051
-43.10663,-0.008783945,2.07023325878177
-43.11508,-0.00875972,2.069939232398502
-43.12351,-0.008772437,2.0696460167551294
-43.13196,-0.008773261,2.0693522204880095
-43.14026,-0.00876947,2.0690637515861057
-43.14864,-0.008803708,2.068772614849506
-43.15694,-0.00882587,2.0684843689103074
-43.1653,-0.008824212,2.068194151320621
-43.17371,-0.00884859,2.0679023113834787
-43.18199,-0.008838774,2.067615093699943
-43.1902,-0.008816453,2.0673304129177454
-43.19852,-0.008793268,2.06704202829171
-43.20691,-0.008794873,2.0667513298220124
-43.21521,-0.008793528,2.066463860756433
-43.2235,-0.008784865,2.0661768482422755
-43.23195,-0.008787895,2.065884409562835
-43.24025,-0.008788222,2.065597273373766
-43.24863,-0.0087745,2.0653074814161743
-43.25705,-0.008767441,2.065016419288879
-43.26534,-0.008763744,2.0647299616737094
-43.2737,-0.008757837,2.0644411963848714
-43.28201,-0.008749261,2.064154268713491
-43.29039,-0.008735255,2.0638650356349295
-43.29869,-0.008724023,2.063578674089216
-43.30699,-0.008719039,2.0632924223087312
-43.31549,-0.008725598,2.062999386593572
-43.32385,-0.008729069,2.062711289509127
-43.33218,-0.008729371,2.0624243368323496
-43.34053,-0.008742005,2.0621368058950824
-43.34892,-0.008757028,2.061848009131485
-43.35722,-0.008765777,2.0615624202843263
-43.36557,-0.00878136,2.061275221333422
-43.37402,-0.008800562,2.0609846954467215
-43.38228,-0.008812323,2.060700811483398
-43.39056,-0.008822598,2.0604163486251386
-43.39896,-0.008835989,2.060127874032004
-43.40724,-0.008852045,2.0598436297723604
-43.41547,-0.00886014,2.059561209403008
-43.42375,-0.008867002,2.0592771812660122
-43.43205,-0.008877971,2.0589925757591456
-43.44034,-0.008891689,2.0587084217112483
-43.44865,-0.008902236,2.058423690954725
-43.45696,-0.00890709,2.05813906909273
-43.46529,-0.008916127,2.0578538714454684
-43.47362,-0.008935993,2.057568783091907
-43.48189,-0.008936935,2.057285856249579
-43.49014,-0.008910553,2.057003720843391
-43.49847,-0.008889498,2.056718958161057
-43.50674,-0.008883403,2.0564363544591022
-43.51505,-0.008872956,2.056152492068836
-43.52342,-0.008855734,2.055866689704072
-43.53169,-0.008825843,2.0555844098862233
-43.53999,-0.008789349,2.0553012138955475
-43.54843,-0.008775915,2.055013351801661
-43.5569,-0.008787458,2.0547245786545876
-43.56528,-0.008771879,2.0544389844389843
-43.57353,-0.008746839,2.054157927989768
-43.58193,-0.008747804,2.0538718707501022
-43.59035,-0.008755671,2.0535852430641186
-43.59874,-0.008770918,2.0532997467358003
-43.60715,-0.00878088,2.0530136800960395
-43.61545,-0.008775156,2.0527314632773477
-43.62375,-0.008776904,2.0524493538496804
-43.63222,-0.008790339,2.052161576926409
-43.64046,-0.008776102,2.0518817216867102
-43.64882,-0.008776451,2.0515978988664525
-43.65709,-0.008794398,2.051317238505819
-43.66536,-0.008793782,2.0510366844565118
-43.67377,-0.008799714,2.0507514899675483
-43.68211,-0.008817375,2.050468777721589
-43.69042,-0.008820706,2.05018718977753
-43.69882,-0.008824918,2.0499026609871844
-43.7072,-0.008830952,2.0496189186221034
-43.71545,-0.008832578,2.049339684253508
-43.72368,-0.008829194,2.0490612318084844
-43.73209,-0.008828732,2.0487767975415765
-43.74037,-0.008825315,2.0484968668532066
-43.7487,-0.008813211,2.0482153526847653
-43.75699,-0.008811354,2.0479352967377324
-43.76538,-0.008822929,2.0476519705758296
-43.77374,-0.008827748,2.0473697655260894
-43.78214,-0.008821806,2.047086318759202
-43.79038,-0.008804602,2.04680837663432
-43.79868,-0.00879127,2.046528516384512
-43.80705,-0.008790993,2.0462464032615757
-43.81545,-0.00880088,2.045963387343962
-43.82376,-0.00880437,2.045683510497502
-43.83199,-0.008793795,2.0454064326077828
-43.84033,-0.008795361,2.0451257574931576
-43.84866,-0.008796067,2.044845525496104
-43.85709,-0.008788641,2.0445620377457785
-43.86543,-0.008786947,2.0442816837769513
-43.87375,-0.008789481,2.044002108322174
-43.88208,-0.008789884,2.0437223030448877
-43.8904,-0.00878151,2.0434429396861273
-43.89867,-0.008765223,2.0431653601350566
-43.90701,-0.008757072,2.0428855369563994
-43.91525,-0.008750049,2.042609173350943
-43.92365,-0.008746977,2.0423275501922085
-43.93207,-0.008758709,2.0420453645821834
-43.94043,-0.008760869,2.041765296789312
-43.94873,-0.008752541,2.0414873444579626
-43.95705,-0.008742179,2.0412088277079556
-43.96538,-0.008734451,2.040930081805275
-43.97382,-0.008734959,2.0406477626915285
-43.98212,-0.008725529,2.040370232267112
-43.99039,-0.00870942,2.0400938091251293
-43.99876,-0.008711682,2.039814149307844
-44.00703,-0.00871978,2.0395379351889913
-44.01543,-0.008726122,2.0392574853863747
-44.02377,-0.008731267,2.038979144675706
-44.03211,-0.008737759,2.038700909404523
-44.04047,-0.008744313,2.0384221126613773
-44.04883,-0.008750496,2.0381434217435515
-44.05725,-0.008763308,2.03786283755795
-44.06557,-0.008778917,2.0375856910508587
-44.07385,-0.008784282,2.0373099808616675
-44.08212,-0.008784658,2.03703470704222
-44.09042,-0.008792653,2.0367585384761586
-44.09874,-0.008796101,2.036481808777303
-44.10707,-0.008787695,2.036204851059025
-44.11537,-0.008798419,2.035928994815186
-44.12372,-0.008823005,2.0356515815076337
-44.13205,-0.008826005,2.0353749372621484
-44.14037,-0.008829832,2.03509872934912
-44.14867,-0.008839747,2.034823289127396
-44.15692,-0.008839023,2.03454961079713
-44.16538,-0.008853004,2.0342690722914645
-44.17371,-0.00886669,2.0339929496526326
-44.18187,-0.008857078,2.0337225631237428
-44.19023,-0.008852548,2.0334456530323557
-44.19862,-0.008870144,2.033167854561975
-44.20685,-0.008870367,2.0328954562471653
-44.21518,-0.008856467,2.0326198513723117
-44.22351,-0.00884959,2.03234435032407
-44.23186,-0.00884555,2.032068291950644
-44.24023,-0.008840201,2.0317916769420052
-44.24852,-0.008836958,2.031517808957226
-44.25687,-0.008832162,2.0312420625317604
-44.26512,-0.008813727,2.030969720628793
-44.27351,-0.008807343,2.030692861261734
-44.28191,-0.008802358,2.0304157770069087
-44.29024,-0.008796022,2.0301411055799203
-44.29865,-0.008791886,2.029863901044388
-44.30699,-0.008790663,2.0295891077231833
-44.31526,-0.008781358,2.0293167229527707
-44.32367,-0.008763665,2.0290398313136073
-44.332,-0.00875335,2.0287656771632228
-44.34036,-0.008752797,2.028490639228008
-44.34874,-0.008749609,2.028215047372259
-44.35712,-0.008746871,2.0279395596467937
-44.36548,-0.008742264,2.0276648331089846
-44.3738,-0.008738684,2.027391523827123
-44.38219,-0.00873157,2.0271160188354833
-44.39049,-0.008711222,2.0268435716749242
-44.39888,-0.00870547,2.026568273794294
-44.4073,-0.008727382,2.026292096119332
-44.41563,-0.008732103,2.026018973500995
-44.42391,-0.00872278,2.0257475917810925
-44.43227,-0.008726466,2.025473690630706
-44.44063,-0.00873057,2.0251998925307766
-44.44899,-0.008732112,2.0249261974231585
-44.45729,-0.008729196,2.0246545684633497
-44.46568,-0.008734864,2.024380097189563
-44.47409,-0.008750018,2.024105075561973
-44.48235,-0.008751576,2.023835060422842
-44.4906,-0.008738841,2.023565472257061
-44.49899,-0.008736382,2.0232914117826044
-44.50725,-0.008735985,2.0230216987120078
-44.5156,-0.008744745,2.0227491486130704
-44.52391,-0.008771214,2.0224780056378697
-44.53224,-0.008782155,2.0222063116519626
-44.5406,-0.008782498,2.0219337413505882
-44.54889,-0.008785809,2.0216635543556754
-44.55727,-0.008786211,2.02139053626939
-44.56561,-0.008796499,2.0211189233132902
-44.57394,-0.008814388,2.0208477374896634
-44.58217,-0.008803044,2.0205799067205565
-44.59042,-0.008775939,2.020311524313967
-44.59872,-0.008771443,2.020041615544123
-44.60713,-0.008778981,2.019768232118946
-44.61543,-0.008779573,2.0194985255101203
-44.62389,-0.008784222,2.0192237229878436
-44.63211,-0.008776448,2.018956816068073
-44.64044,-0.008752378,2.0186864376784817
-44.6488,-0.008740875,2.0184151869703104
-44.65717,-0.008731495,2.0181437135402893
-44.6655,-0.008735059,2.0178736384905576
-44.67383,-0.008748332,2.017603664158636
-44.68216,-0.008729436,2.0173337904881947
-44.69052,-0.008703483,2.0170630460330288
-44.69898,-0.008698036,2.016789166106251
-44.70726,-0.008689547,2.016521213780491
-44.71564,-0.008675277,2.0162501263540005
-44.72382,-0.008660222,2.015985606775092
-44.73216,-0.008657017,2.015716012819412
-44.74069,-0.008696108,2.0154403810044057
-44.74902,-0.008725742,2.015171313248871
-44.75739,-0.008737943,2.0149010543286816
-44.76581,-0.008756135,2.014629282928199
-44.77399,-0.008744345,2.0143653558684407
-44.78235,-0.008738823,2.014095720747125
-44.79057,-0.00873923,2.0138306991851187
-44.79883,-0.008723889,2.0135644859475126
-44.80721,-0.008723125,2.013294505504806
-44.81554,-0.008742338,2.013026235988677
-44.82391,-0.008748853,2.0127567786924434
-44.83231,-0.008736676,2.012486456754069
-44.84056,-0.008726438,2.0122210605755146
-44.84889,-0.008732021,2.011953189922872
-44.85718,-0.008745253,2.0116867043358497
-44.86554,-0.008754293,2.011418068299189
-44.87375,-0.008764734,2.011154349703334
-44.8822,-0.008786539,2.0108830226682293
-44.89061,-0.008805947,2.010613081443981
-44.89894,-0.008824645,2.0103458077184
-44.90723,-0.008836181,2.0100799158621006
-44.91556,-0.00884656,2.0098128399156105
-44.92378,-0.008845295,2.0095493878743063
-44.93211,-0.00883972,2.0092825086558364
-44.94034,-0.008835343,2.009018930430878
-44.94864,-0.008834058,2.0087532081059627
-44.95699,-0.008835778,2.0084859840483094
-44.96527,-0.008837661,2.0082210981942286
-44.9736,-0.008834089,2.0079547112083533
-44.98193,-0.008835449,2.0076884228844785
-44.99028,-0.008834973,2.007421594175453
-44.99863,-0.008827077,2.0071548644925414
-45.00702,-0.008816957,2.0068869567458587
-45.01526,-0.008809113,2.006623935971935
-45.0237,-0.008795965,2.0063546310054483
-45.03198,-0.008786053,2.006090529441521
-45.04036,-0.008782307,2.0058233371136467
-45.04865,-0.008781803,2.00555911220425
-45.05699,-0.008774788,2.0052933917689577
-45.0654,-0.008773055,2.0050255406586874
-45.07378,-0.008778282,2.0047587444407813
-45.08215,-0.008790851,2.0044923656036815
-45.09049,-0.008801309,2.0042270398924473
-45.09891,-0.008812176,2.0039592686386434
-45.10724,-0.008812724,2.003694457918507
-45.11559,-0.008822339,2.00342910953841
-45.12386,-0.008836188,2.0031664002148752
-45.13216,-0.008840931,2.002902834697032
-45.14055,-0.008841169,2.002636509745672
-45.14885,-0.008836743,2.002373139072202
-45.15711,-0.008833693,2.0021111337727326
-45.16539,-0.008840057,2.0018485902590455
-45.17381,-0.008859481,2.0015817063028334
-45.18214,-0.008871975,2.0013177729076137
-45.19032,-0.008861126,2.001058686904629
-45.19859,-0.008843772,2.0007968456538134
-45.20702,-0.008845255,2.0005300371490975
-45.21538,-0.008860222,2.0002655423884526
-45.22368,-0.008864088,2.00000304265376
-45.23198,-0.008865195,1.999740639255677
-45.24025,-0.008851528,1.9994792800658705
-45.24852,-0.008827251,1.9992180164124704
-45.25687,-0.008814822,1.9989543222940518
-45.26523,-0.008811863,1.9986904098355405
-45.27367,-0.008802891,1.9984240707678436
-45.28188,-0.008787972,1.998165085018555
-45.29021,-0.008780628,1.9979024098143947
-45.29848,-0.008760381,1.9976417221946519
-45.30685,-0.008740711,1.9973779792680357
-45.31523,-0.008743688,1.9971140188409064
-45.32361,-0.008743223,1.9968501560224352
-45.33193,-0.008731942,1.9965882789459881
-45.34033,-0.008747568,1.996323981320824
-45.34872,-0.008770272,1.9960600960732737
-45.35706,-0.008765084,1.9957978801977023
-45.36531,-0.008753547,1.9955385888468524
-45.37381,-0.008761556,1.9952715388017892
-45.38208,-0.008768895,1.9950118108292965
-45.39044,-0.008775561,1.9947493525068274
-45.39883,-0.008787134,1.9944860495303516
-45.40709,-0.008784109,1.99422692139047
-45.4153,-0.008764868,1.9939694552276435
-45.42372,-0.008763554,1.9937055001219628
-45.43213,-0.008766997,1.9934419561662637
-45.44043,-0.008762901,1.9931819549242822
-45.44881,-0.008748974,1.9929195439880605
-45.45711,-0.008739699,1.9926597335378338
-45.46545,-0.008733868,1.9923987665359082
-45.47376,-0.008726083,1.9921388334723145
-45.48215,-0.008717535,1.991876494404948
-45.49051,-0.008694828,1.9916151896296612
-45.49893,-0.008696845,1.9913521065220654
-45.50722,-0.00870802,1.9910931803788499
-45.51566,-0.008712636,1.9908296660973388
-45.52397,-0.008711518,1.9905703061486069
-45.53232,-0.008710413,1.9903097931315603
-45.54067,-0.00870805,1.9900493756459885
-45.54898,-0.008699838,1.9897903004633695
-45.55742,-0.008711128,1.9895272691034744
-45.56575,-0.008718952,1.9892677614216816
-45.57398,-0.008714253,1.9890114622422708
-45.58237,-0.008720816,1.9887502755999744
-45.59065,-0.008725401,1.988492607585108
-45.59897,-0.008709632,1.9882337890526913
-45.60732,-0.008701062,1.9879741322226345
-45.61557,-0.008700127,1.987717678415506
-45.62401,-0.008704374,1.987455414375019
-45.63229,-0.008706768,1.9871982164384034
-45.64066,-0.00870703,1.986938317719332
-45.64894,-0.008709212,1.986681307386327
-45.6572,-0.008709149,1.9864250107321517
-45.66551,-0.00871083,1.9861672562071462
-45.674,-0.008729633,1.9859040154135834
-45.68233,-0.008739984,1.985645830674574
-45.69061,-0.008743721,1.985389288958935
-45.69899,-0.008747015,1.985129743567637
-45.70732,-0.008758117,1.984871841096787
-45.71558,-0.008767934,1.9846161986788746
-45.72391,-0.008759176,1.984358483340554
-45.73218,-0.008748699,1.9841027171676489
-45.74051,-0.008749862,1.983845188870872
-45.74884,-0.008749127,1.9835877543561762
-45.75722,-0.008755156,1.9833288691926652
-45.76552,-0.008755413,1.9830725489407746
-45.77393,-0.008758374,1.982812926484573
-45.78217,-0.008753237,1.9825586445552932
-45.79054,-0.008738981,1.9823004445896468
-45.79895,-0.00873543,1.982041105745874
-45.8073,-0.008739887,1.9817837113298538
-45.81558,-0.008733829,1.981528567356345
-45.82394,-0.008725131,1.98127105176901
-45.83232,-0.008716949,1.9810130143968272
-45.84059,-0.00870768,1.980758456642901
-45.84891,-0.00870604,1.9805024525119572
-45.85729,-0.008702927,1.9802446960995734
-45.86562,-0.008697052,1.9799885709601224
-45.87402,-0.008699728,1.9797303877009251
-45.88237,-0.008704626,1.9794738349392151
-45.89069,-0.008698368,1.9792182967830731
-45.89906,-0.008706409,1.9789613164191162
-45.90741,-0.008723565,1.9787050434777305
-45.91579,-0.00873189,1.9784479435070157
-45.92409,-0.00872975,1.9781933904406164
-45.93237,-0.008732842,1.9779395424185604
-45.94074,-0.008740119,1.9776830281793458
-45.94907,-0.008749856,1.9774278325981354
-45.95738,-0.008754904,1.977173341909395
-45.96574,-0.00875748,1.9769174128383447
-45.97403,-0.008753937,1.9766637186254936
-45.98227,-0.008744019,1.9764116451841112
-45.99056,-0.008742125,1.976158133321273
-45.99898,-0.008748548,1.9759007395381376
-46.00723,-0.008753611,1.9756486339212338
-46.01555,-0.008751632,1.9753944807787804
-46.0239,-0.008752978,1.9751395036057353
-46.03218,-0.008746915,1.9748867553090035
-46.04056,-0.008747804,1.9746310470593755
-46.04891,-0.008763712,1.974376346801694
-46.05727,-0.008773899,1.9741214340320212
-46.06551,-0.008760571,1.973870270838204
-46.07393,-0.008752172,1.9736137138724654
-46.08223,-0.008753624,1.973360905060367
-46.09056,-0.008750802,1.9731072740274795
-46.09882,-0.008739991,1.9728558648572783
-46.10719,-0.008732941,1.9726011995092305
-46.11559,-0.008727788,1.9723457143235077
-46.12383,-0.00870845,1.972095185937508
-46.13214,-0.008691601,1.9718426199174806
-46.1406,-0.008695945,1.9715855883972035
-46.14899,-0.008700618,1.9713307766865538
-46.15727,-0.008685043,1.9710793965934297
-46.16562,-0.008679359,1.9708259826251657
-46.17398,-0.008694913,1.9705723569854712
-46.18237,-0.008706762,1.9703179135241435
-46.19077,-0.00870341,1.9700632593914325
-46.19916,-0.008711052,1.9698090008562925
-46.20741,-0.008722757,1.9695590750487852
-46.21576,-0.008728718,1.9693062106952262
-46.2242,-0.008746456,1.9690507136954234
-46.23247,-0.00875671,1.9688004534475447
-46.24069,-0.008748982,1.9685517949667273
-46.24898,-0.008746594,1.9683011084785003
-46.25737,-0.008764787,1.968047489513563
-46.26569,-0.008785469,1.9677960773955818
-46.27397,-0.008789417,1.9675459637459247
-46.28229,-0.008798068,1.967294731959028
-46.29062,-0.00881312,1.9670432886835392
-46.29894,-0.008829628,1.9667922375760654
-46.30724,-0.008844878,1.966541879844275
-46.31555,-0.00886589,1.9662913103698432
-46.32387,-0.008892664,1.9660405294289962
-46.33214,-0.008914005,1.965791344841831
-46.34044,-0.008925548,1.965541345744667
-46.3488,-0.008932291,1.965289629936482
-46.35696,-0.008919459,1.9650440235942996
-46.36537,-0.008904169,1.9647909830116745
-46.37363,-0.00889688,1.9645425449765308
-46.38193,-0.008889153,1.9642929929823962
-46.39015,-0.008863864,1.9640459343201089
-46.39844,-0.008828674,1.9637968604116862
-46.4068,-0.00881105,1.9635457734642339
-46.41515,-0.008806516,1.9632950771461473
-46.42362,-0.008798682,1.9630408701432591
-46.43201,-0.008793201,1.9627891555846926
-46.44035,-0.008790798,1.9625390312519175
-46.44864,-0.008770847,1.9622904954805995
-46.45708,-0.008759222,1.9620375538023485
-46.46549,-0.008755131,1.9617856026052882
-46.47377,-0.008731544,1.961537635100402
-46.48212,-0.008711467,1.9612876607177125
-46.49052,-0.008722024,1.961036280084628
-46.49887,-0.008721119,1.960786485779117
-46.50714,-0.008696783,1.9605391731248147
-46.51558,-0.008694706,1.9602868673248834
-46.52388,-0.008703605,1.9600388359698289
-46.53235,-0.008718514,1.9597858156744716
-46.54073,-0.008734061,1.9595355745386889
-46.54907,-0.008735543,1.9592866173266188
-46.55727,-0.008745098,1.9590419262125978
-46.56567,-0.008751332,1.9587913563790664
-46.57402,-0.00873821,1.9585423676118148
-46.58226,-0.008730656,1.9582967464438181
-46.59062,-0.008736633,1.9580476370565578
-46.599,-0.008732129,1.9577980214167687
-46.60721,-0.008697812,1.9575535566278264
-46.61549,-0.008675096,1.9573070947017825
-46.62401,-0.008690061,1.9570535803333948
-46.63232,-0.008694059,1.9568064037989101
-46.64058,-0.008684564,1.956560801773906
-46.64896,-0.008686248,1.9563117205614016
-46.6574,-0.008701822,1.9560609463879257
-46.66576,-0.008712762,1.955812638645551
-46.67404,-0.008720495,1.9555667947321465
-46.68237,-0.008723471,1.9553195542557074
-46.69069,-0.008726233,1.9550726986472036
-46.69901,-0.008740874,1.9548259309993936
-46.70734,-0.008752655,1.9545789548280847
-46.71568,-0.008764119,1.9543317704034275
-46.72397,-0.008767605,1.9540861553502409
-46.73235,-0.008766848,1.9538379623537017
-46.74069,-0.008787611,1.953591042408659
-46.74892,-0.008803364,1.953347465567119
-46.75725,-0.008792653,1.9531010164199136
-46.7656,-0.008782539,1.9528540636707326
-46.77387,-0.00877284,1.9526095638440863
-46.78221,-0.008762085,1.9523630820348163
-46.79062,-0.008768223,1.9521146204089623
-46.79895,-0.008769975,1.9518686103000173
-46.80711,-0.008739809,1.951627705705394
-46.81549,-0.008723621,1.9513803935406848
-46.82393,-0.008723393,1.951131400119554
-46.83231,-0.008708362,1.95088426558502
-46.84065,-0.00869158,1.9506383984850766
-46.84905,-0.00868786,1.9503908510418033
-46.85729,-0.008679138,1.950148105022719
-46.86569,-0.008681458,1.9499007333509866
-46.87402,-0.008690021,1.949655510664543
-46.8824,-0.008698493,1.9494089039810247
-46.89076,-0.008711192,1.9491629736860738
-46.89917,-0.008722022,1.9489156609807807
-46.90749,-0.008722683,1.9486710821661957
-46.91579,-0.00872553,1.9484271777156477
-46.92409,-0.008721366,1.948183359549434
-46.93233,-0.008710445,1.9479413892299826
-46.94064,-0.008702022,1.9476974493743588
-46.94894,-0.008691993,1.9474538892677873
-46.95734,-0.00869257,1.9472074823659091
-46.96562,-0.008692971,1.946964681824705
-46.97401,-0.008699005,1.9467187429814912
-46.98236,-0.008703734,1.9464740638826998
-46.99066,-0.008696217,1.946230936105175
-46.99901,-0.008704338,1.9459864303524692
-47.00739,-0.00871923,1.9457411334685886
-47.01569,-0.00872733,1.9454982645155265
-47.02405,-0.008737874,1.945253726550563
-47.03233,-0.008747107,1.9450116143512344
-47.04067,-0.008753158,1.944767833876516
-47.049,-0.008755637,1.9445244319751747
-47.05736,-0.008759206,1.9442802401154675
-47.0657,-0.008776222,1.944036718884453
-47.07402,-0.008787249,1.9437938676153004
-47.08226,-0.008801723,1.9435534360500113
-47.09055,-0.008816707,1.9433116304651357
-47.09892,-0.008829457,1.9430675777703605
-47.10716,-0.008832861,1.9428274003357453
-47.1156,-0.008829115,1.9425814804438444
-47.12389,-0.008827603,1.9423400169213534
-47.13222,-0.008823305,1.9420974738724381
-47.1405,-0.008812018,1.9418564716114592
-47.1487,-0.008784027,1.9416178812989542
-47.15706,-0.008770533,1.9413747209855745
-47.16531,-0.008756097,1.9411348446559558
-47.17375,-0.008729862,1.9408895307241845
-47.18214,-0.008726925,1.940645757059769
-47.19054,-0.008730466,1.9404017796787238
-47.1989,-0.008734696,1.9401590503168507
-47.20728,-0.008744555,1.9399158265420078
-47.21561,-0.008734989,1.9396741395483401
-47.22389,-0.008716923,1.9394339877549265
-47.23236,-0.008723988,1.9391884123511933
-47.24075,-0.00872805,1.9389452432486785
-47.24904,-0.008715398,1.9387050572879363
-47.25739,-0.008711161,1.9384632181337142
-47.2656,-0.008694868,1.9382255170779596
-47.27396,-0.008673227,1.937983557967219
-47.28236,-0.008672439,1.9377405273340842
-47.2907,-0.008674307,1.9374993180477347
-47.29904,-0.008683227,1.9372581938238072
-47.3075,-0.008693118,1.9370136870475085
-47.31583,-0.008692373,1.9367730228974107
-47.32413,-0.008684823,1.9365333097512836
-47.33252,-0.00870186,1.9362910827481823
-47.34087,-0.008726439,1.9360500958262912
-47.3492,-0.008747343,1.9358097708092217
-47.35748,-0.008750415,1.93557097210409
-47.36581,-0.008756399,1.935330815624181
-47.37415,-0.008763048,1.9350904554488046
-47.38243,-0.008765462,1.93485190818622
-47.39085,-0.008801294,1.9346094129985008
-47.39906,-0.00882031,1.934373048748224
-47.40729,-0.008819189,1.9341361908685353
-47.41556,-0.008812204,1.9338982646203062
-47.42394,-0.008826342,1.933657258338299
-47.43219,-0.008852749,1.9334200740045948
-47.44066,-0.008869519,1.9331766505777956
-47.44899,-0.008874051,1.9329373354417028
-47.45708,-0.008857143,1.9327049957561653
-47.46545,-0.008854254,1.9324646980066555
-47.47376,-0.008852286,1.9322262066455238
-47.48215,-0.008860291,1.9319855040262501
-47.4904,-0.008861888,1.9317489008304838
-47.49861,-0.008844632,1.931513526395825
-47.50707,-0.008846627,1.9312710697586697
-47.51543,-0.008858198,1.9310315638519948
-47.52374,-0.008870844,1.9307935739064308
-47.53201,-0.008867494,1.9305568121356536
-47.54045,-0.008855524,1.930315268366202
-47.54871,-0.008829636,1.930078959029593
-47.55701,-0.008815707,1.9298415880224598
-47.56538,-0.008818043,1.9296022989829997
-47.57372,-0.008815935,1.9293639513580185
-47.582,-0.00881328,1.9291274011180697
-47.59027,-0.008801431,1.9288912187302154
-47.59866,-0.008800013,1.9286516931358992
-47.60709,-0.00881116,1.928411110613986
-47.61552,-0.008821522,1.9281706132790317
-47.62384,-0.008831418,1.9279333375889052
-47.63213,-0.008829772,1.9276969999032167
-47.64046,-0.008828063,1.9274596047141443
-47.64879,-0.008832261,1.9272222925283096
-47.65707,-0.008835369,1.9269864869997253
-47.6655,-0.008835817,1.9267464937953025
-47.67377,-0.00883677,1.9265111380954347
-47.68214,-0.008842546,1.9262730196253774
-47.69048,-0.00882832,1.9260358377604923
-47.69876,-0.008822439,1.9258004442882792
-47.70714,-0.008841536,1.9255622910952113
-47.71547,-0.008848599,1.9253256417677536
-47.72372,-0.008836415,1.9250913466091912
-47.73219,-0.008836917,1.9248508878390034
-47.74046,-0.008836714,1.924616189286823
-47.74873,-0.008824162,1.9243815720334343
-47.75723,-0.008825016,1.9241405144310089
-47.7655,-0.008818666,1.9239060619066062
-47.77371,-0.00879362,1.9236733906577488
-47.78206,-0.008774675,1.9234368338242427
-47.79044,-0.008763395,1.9231995101949262
-47.79877,-0.008748493,1.9229636850487992
-47.80713,-0.008726629,1.9227270932181035
-47.81549,-0.008712909,1.922490584118243
-47.82391,-0.008709157,1.9222524611643004
-47.83221,-0.008706542,1.922017813937512
-47.84061,-0.008717995,1.9217804225322377
-47.84889,-0.008717675,1.9215465040045863
-47.8573,-0.008723893,1.9213089957018052
-47.86568,-0.008731619,1.9210724176487206
-47.87407,-0.008737078,1.9208356402536904
-47.88242,-0.008755627,1.9206000740981763
-47.89079,-0.008785827,1.9203640261520012
-47.89909,-0.008796019,1.9201300337856106
-47.90732,-0.008788113,1.9198980949049123
-47.91565,-0.008788903,1.9196634189455848
-47.92398,-0.008801268,1.9194288245675755
-47.93227,-0.008807832,1.9191954376456613
-47.94063,-0.008812636,1.9189601617667518
-47.94898,-0.008818308,1.9187252492128093
-47.95709,-0.008797089,1.9184971669465347
-47.96544,-0.008786235,1.918262415605903
-47.97388,-0.008798209,1.9180252170556145
-47.98222,-0.008817694,1.9177909108832396
-47.99049,-0.008813623,1.9175586517245398
-47.99884,-0.008815268,1.9173242270021524
-48.00723,-0.00884689,1.9170887614219776
-48.01561,-0.008903414,1.9168536586330984
-48.02388,-0.008943617,1.9166217223597926
-48.03221,-0.008953997,1.9163881840956307
-48.04054,-0.008965342,1.9161547268203063
-48.04883,-0.009008558,1.9159224709529865
-48.05707,-0.00901856,1.9156916953114287
-48.06529,-0.008979545,1.9154615586424217
-48.07356,-0.008952891,1.9152301015360624
-48.08203,-0.008948493,1.914993129449817
-48.09027,-0.008903243,1.9147626723659483
-48.09847,-0.008839326,1.914533412393367
-48.10693,-0.008838917,1.9142969651150055
-48.11534,-0.008821808,1.9140619976913809
-48.12369,-0.008796645,1.9138287878589524
-48.13205,-0.008793616,1.9135953797937133
-48.14055,-0.008806931,1.913358146095132
-48.1487,-0.008781175,1.913130759501295
-48.15718,-0.008759758,1.9128942475452257
-48.16556,-0.00877142,1.9126606064582243
-48.17386,-0.00876744,1.912429275960033
-48.18216,-0.008753332,1.9121980251611799
-48.19055,-0.00874565,1.9119643477818782
-48.19888,-0.008733234,1.9117324219981873
-48.20726,-0.008708347,1.9114991849775325
-48.21556,-0.008692898,1.9112682544805035
-48.22389,-0.00870306,1.9110365692191151
-48.23225,-0.008688357,1.910804130016742
-48.24065,-0.008687649,1.9105706598066154
-48.24901,-0.008699311,1.9103383820725028
-48.25749,-0.008725163,1.9101028524276749
-48.26576,-0.008745098,1.9098732351878431
-48.27406,-0.008754307,1.9096428640971985
-48.28236,-0.00876359,1.9094125722106376
-48.29076,-0.00878506,1.909179586322518
-48.2991,-0.00880839,1.908948344793174
-48.30742,-0.008831888,1.908717737357946
-48.31574,-0.008848815,1.9084872093442011
-48.32401,-0.00885259,1.9082581453815606
-48.33229,-0.008849889,1.9080288829683014
-48.34055,-0.008853479,1.9078002525829763
-48.34891,-0.008855621,1.907568933818777
-48.35713,-0.008846289,1.9073415667968714
-48.36551,-0.008845485,1.9071098536953297
-48.37378,-0.00883198,1.9068812608814114
-48.38211,-0.00880872,1.9066510885945238
-48.39041,-0.008792297,1.9064218240762991
-48.39882,-0.008785752,1.906189601316726
-48.40711,-0.008767799,1.9059607710520208
-48.41548,-0.008752664,1.9057298120353243
-48.42389,-0.008736327,1.9054978296869582
-48.43216,-0.008711298,1.9052697876782698
-48.44055,-0.008706775,1.9050385162843937
-48.44901,-0.008702319,1.9048053964363771
-48.45738,-0.008689654,1.904574836691542
-48.46561,-0.008670495,1.9043482110304608
-48.47403,-0.008664086,1.904116433067356
-48.48236,-0.00866911,1.9038872117611438
-48.49074,-0.008665738,1.9036566940409654
-48.49919,-0.008667084,1.903424331416669
-48.50745,-0.008651136,1.9031972717592867
-48.51581,-0.00863587,1.9029675419208707
-48.5242,-0.008633928,1.9027370672777706
-48.53258,-0.008633818,1.9025069468798073
-48.54089,-0.008633677,1.902278827190849
-48.54913,-0.00861505,1.9020527061967951
-48.55754,-0.008607661,1.9018219992198944
-48.56587,-0.008614189,1.9015935656048168
-48.57427,-0.008619535,1.9013632917180225
-48.58266,-0.00863294,1.9011333714539305
-48.59102,-0.008651298,1.9009043522856692
-48.59937,-0.008678768,1.9006756857136216
-48.60767,-0.008701248,1.9004484662605718
-48.61604,-0.008720268,1.9002194090674602
-48.62437,-0.008734527,1.8999915248259258
-48.63268,-0.008742126,1.8997642655103522
-48.64104,-0.00875822,1.8995357171639422
-48.64934,-0.008768652,1.899308886821486
-48.65759,-0.00877018,1.899083499614346
-48.66582,-0.008758442,1.8988587349396355
-48.67407,-0.008748772,1.8986335003421742
-48.6824,-0.008752655,1.8984061591047277
-48.69075,-0.008772349,1.8981783500972975
-48.69908,-0.008781955,1.8979511645805216
-48.7074,-0.008780851,1.897724329362684
-48.71573,-0.008788188,1.8974972991269965
-48.72406,-0.008806936,1.8972703465187424
-48.73241,-0.008815109,1.897042926873512
-48.74072,-0.008811599,1.8968166740253323
-48.74899,-0.008791387,1.896591586820568
-48.75726,-0.008770089,1.8963665759724808
-48.7656,-0.008769148,1.8961397378479914
-48.77391,-0.008765042,1.8959137928453962
-48.78221,-0.008755015,1.8956881965782197
-48.79044,-0.00873079,1.8954645787166502
-48.79887,-0.008721124,1.8952356048408499
-48.80721,-0.00872015,1.8950091533607432
-48.8156,-0.008716751,1.8947814223322053
-48.82408,-0.008707185,1.8945513279512896
-48.83232,-0.008688622,1.894327822229212
-48.84074,-0.008671794,1.8940995120057558
-48.84903,-0.008656878,1.8938748036552617
-48.85741,-0.008651133,1.893647733271166
-48.86574,-0.008650729,1.8934220949073932
-48.87412,-0.008641595,1.8931951797802191
-48.88242,-0.008648292,1.8929705075976186
-48.89082,-0.008660764,1.8927432061888103
-48.89926,-0.008671551,1.8925149010434925
-48.90761,-0.008666762,1.8922891079731765
-48.91603,-0.008675696,1.8920615000849414
-48.92435,-0.008684097,1.8918366723318756
-48.93266,-0.008697975,1.891612191121431
-48.94093,-0.008715984,1.8913888661290255
-48.94922,-0.008723412,1.8911650767877406
-48.95757,-0.008738973,1.8909397443541418
-48.96602,-0.008779571,1.8907117915648444
-48.97432,-0.008803229,1.8904879618542942
-48.9827,-0.008814593,1.890262051703969
-48.99089,-0.008821122,1.8900413382977939
-48.99915,-0.008812363,1.8898188131834939
-49.00745,-0.008817438,1.8895952860228395
-49.01572,-0.008836962,1.8893726420829888
-49.02399,-0.008843591,1.8891500732600508
-49.03229,-0.008840204,1.8889267725411152
-49.04062,-0.008832809,1.8887027407076014
-49.04901,-0.008833603,1.8884771721182547
-49.0573,-0.008834977,1.8882543678514718
-49.06566,-0.008826096,1.888029758490969
-49.07379,-0.008797112,1.8878114019724173
-49.08217,-0.008777369,1.8875864066319807
-49.09055,-0.008769996,1.8873614881071816
-49.09897,-0.008772485,1.8871355733124342
-49.10724,-0.008759123,1.8869137585415103
-49.11563,-0.008755215,1.886688801507789
-49.12395,-0.008755508,1.886465797233325
-49.13236,-0.008745448,1.8862404574093325
-49.14064,-0.00872127,1.8860186761914375
-49.14903,-0.008706407,1.8857940248261258
-49.15736,-0.008714572,1.8855710558907153
-49.16568,-0.008724752,1.8853484300430705
-49.17404,-0.008701728,1.8851248097573436
-49.18242,-0.008679077,1.8849007307895786
-49.19081,-0.008690963,1.8846764609080435
-49.19922,-0.008709862,1.8844517331778836
-49.20755,-0.00870476,1.8842292188901908
-49.21573,-0.008667541,1.8840107847633267
-49.22417,-0.008658759,1.8837854838385288
-49.23262,-0.008690919,1.883559993354
-49.24091,-0.008697956,1.8833388477182895
-49.24918,-0.0086852,1.8831183097870867
-49.25757,-0.008666921,1.882894647462309
-49.26593,-0.008660512,1.8826718606550208
-49.27432,-0.008661731,1.8824483503780467
-49.28256,-0.00864847,1.882228910186484
-49.29096,-0.008623658,1.8820052845389905
-49.29926,-0.008624741,1.8817843959523937
-49.30768,-0.008665359,1.8815603897810647
-49.31603,-0.008669731,1.8813383214342276
-49.32442,-0.008670926,1.8811152650147736
-49.3327,-0.008679148,1.8808952074384737
-49.3411,-0.00868228,1.8806720360916152
-49.34941,-0.00868663,1.8804513306238109
-49.35764,-0.008677469,1.8802328231252545
-49.36588,-0.008666988,1.8800141231149938
-49.37424,-0.008662058,1.8797923127525609
-49.38261,-0.008672471,1.8795703123022456
-49.39099,-0.0086765,1.87934812199553
-49.39923,-0.008654449,1.8791297172040942
-49.40762,-0.00865365,1.8789074114478699
-49.41596,-0.008666513,1.8786865053314759
-49.42429,-0.008667987,1.8784659385091826
-49.43254,-0.008656876,1.8782475632447775
-49.44092,-0.008651083,1.8780258215259749
-49.44923,-0.008650235,1.8778060062815944
-49.45752,-0.008651887,1.8775867936766746
-49.46599,-0.008666117,1.8773628972148337
-49.47429,-0.00866775,1.877143568912257
-49.48256,-0.008649886,1.876925106542588
-49.49086,-0.008638205,1.8767059250940479
-49.4993,-0.008636173,1.8764831219835432
-49.50758,-0.008651887,1.876264616448633
-49.51599,-0.008663767,1.876042755077703
-49.52426,-0.008661107,1.8758246604795308
-49.53259,-0.008654839,1.8756050571956768
-49.54094,-0.008648398,1.875385000769061
-49.54933,-0.008654658,1.8751639648810592
-49.55769,-0.008663679,1.8749437937886126
-49.56606,-0.008679141,1.874723433736714
-49.57443,-0.008690673,1.8745031480946932
-49.58261,-0.008684566,1.8742879348223096
-49.59102,-0.008674149,1.87406674434202
-49.59932,-0.008668215,1.87384852050391
-49.60771,-0.008673057,1.873628004598479
-49.61609,-0.008686949,1.873407825969358
-49.62442,-0.008697425,1.8731890347534539
-49.63277,-0.008698009,1.872969791933837
-49.64104,-0.008692577,1.872752722344254
-49.64934,-0.00868848,1.8725349380273735
-49.65761,-0.008670535,1.8723180132914168
-49.66606,-0.00866631,1.8720964417149255
-49.67442,-0.008686495,1.871877304254383
-49.68276,-0.008691547,1.871658764529185
-49.69103,-0.008687475,1.871442131507437
-49.69925,-0.008681192,1.871226879681283
-49.70763,-0.008677574,1.8710075113217024
-49.71597,-0.008673525,1.8707892634901824
-49.72427,-0.008665121,1.8705721350962015
-49.73273,-0.008672305,1.8703508956777561
-49.74104,-0.008693111,1.8701336522115342
-49.74925,-0.008694512,1.8699190942577024
-49.75763,-0.008691863,1.8697001665875161
-49.76592,-0.00868827,1.8694836627153681
-49.77425,-0.008683488,1.8692661868335536
-49.78258,-0.008687363,1.8690487837311767
-49.79094,-0.008697472,1.8688306708007523
-49.79929,-0.008708653,1.868612891870547
-49.80762,-0.008717653,1.868395707323498
-49.81583,-0.008707131,1.8681817225568662
-49.82417,-0.008694761,1.8679644216852984
-49.83247,-0.008676586,1.8677482352369852
-49.84084,-0.00864325,1.8675302984460131
-49.84917,-0.008625677,1.8673134758311924
-49.8575,-0.008611514,1.867096725668154
-49.86586,-0.008620269,1.866879267699384
-49.87416,-0.008651038,1.8666634425522153
-49.88265,-0.008661964,1.8664427511369186
-49.89104,-0.008668491,1.8662247329380186
-49.89935,-0.008669181,1.86600886584695
-49.9077,-0.008675507,1.8657920320912407
-49.91579,-0.008659682,1.8655820192367987
-49.92413,-0.00862834,1.8653655877428412
-49.9326,-0.008634039,1.8651458566147165
-49.94098,-0.008657211,1.8649285336411099
-49.94934,-0.008651699,1.864711801997784
-49.95758,-0.008625254,1.864498252317266
-49.9659,-0.00861738,1.864282700801947
-49.97435,-0.00861983,1.8640638547574904
-49.98265,-0.008602899,1.86384896559106
-49.99094,-0.00859961,1.8636344065544677
-49.99939,-0.008637729,1.8634157796725122
-50.00774,-0.008651736,1.863199812668999
-50.01605,-0.008664788,1.8629849518304624
-50.02448,-0.008696176,1.8627670612468137
-50.03278,-0.008723964,1.8625526025137917
-50.04102,-0.008733269,1.8623397644572393
-50.04929,-0.008744085,1.8621262219703816
-50.05771,-0.008762929,1.8619088787721214
-50.06598,-0.008771929,1.8616954786463782
-50.07427,-0.008775072,1.8614816331820712
-50.0826,-0.00878266,1.861266827201463
-50.09082,-0.008752308,1.861054927829091
-50.09908,-0.008719341,1.8608420673593207
-50.10741,-0.008730801,1.8606274740602236
-50.11575,-0.008735085,1.8604126946119734
-50.12415,-0.008723036,1.8601964422339332
-50.13239,-0.008692912,1.8599843793603297
-50.14089,-0.008678439,1.8597656982155684
-50.14928,-0.008692885,1.8595499197595657
-50.15735,-0.008658566,1.8593424393433864
-50.16585,-0.008637541,1.8591239757723632
-50.17419,-0.008652664,1.8589096963996825
-50.18256,-0.00866009,1.8586947178461997
-50.19101,-0.008675281,1.8584777572716709
-50.19927,-0.008673646,1.858265745697099
-50.20769,-0.00868209,1.858049699159631
-50.216,-0.008705633,1.8578365461207582
-50.22429,-0.008716922,1.8576239763668134
-50.23262,-0.008720842,1.857410451614907
-50.24097,-0.00872062,1.8571964852589433
-50.24933,-0.008711838,1.856982333893805
-50.25763,-0.008718468,1.8567697899801483
-50.26595,-0.00870773,1.8565568043576217
-50.27419,-0.008696903,1.8563459361553116
-50.2825,-0.008706919,1.8561333465917564
-50.29089,-0.008706276,1.8559187817117575
-50.29921,-0.008701316,1.855706077689888
-50.3076,-0.008702461,1.8554916553363707
-50.3159,-0.008704584,1.855279603465306
-50.32422,-0.008698995,1.8550671108265564
-50.33258,-0.008698059,1.8548536673462794
-50.34091,-0.008700009,1.8546410603225092
-50.34923,-0.008695829,1.8544287787519291
-50.35745,-0.008690805,1.8542191175287868
-50.36585,-0.008693975,1.8540049358841357
-50.37424,-0.008706194,1.8537910805205198
-50.3826,-0.008713649,1.8535780606796792
-50.39092,-0.008709531,1.8533661302472746
-50.39923,-0.008704445,1.8531545243845988
-50.40759,-0.00871122,1.8529417157217791
-50.41592,-0.008718295,1.8527297409231052
-50.4243,-0.008723269,1.8525165644342114
-50.4326,-0.008726034,1.8523054928756397
-50.44092,-0.008721763,1.8520939824253801
-50.44925,-0.008719578,1.851882287645505
-50.45754,-0.008718413,1.851671678801622
-50.46591,-0.008723759,1.8514591077422362
-50.47429,-0.008744569,1.8512463533414731
-50.48259,-0.008769376,1.85103569963427
-50.49086,-0.008780033,1.85082587620809
-50.49919,-0.008781166,1.8506145999569497
-50.50752,-0.008765604,1.8504033933956765
-50.51579,-0.008730127,1.8501937770348635
-50.52409,-0.008724213,1.8499834692717871
-50.53243,-0.008746633,1.8497722175640474
-50.54077,-0.008765388,1.849561035575833
-50.54921,-0.008769596,1.8493473923726995
-50.55757,-0.008784947,1.8491358445431616
-50.5658,-0.008776269,1.8489276546598687
-50.57404,-0.008713419,1.8487192796936927
-50.58229,-0.008675171,1.8485107198586697
-50.59082,-0.008680209,1.848295153152291
-50.59915,-0.00868987,1.8480847109091751
-50.60741,-0.008666481,1.847876105495223
-50.61597,-0.008665976,1.8476599954520285
-50.62418,-0.008653962,1.847452790346431
-50.63265,-0.008633685,1.8472390937468215
-50.64079,-0.008555755,1.847033790349637
-50.64931,-0.008532345,1.8468189734470224
-50.65759,-0.008501545,1.8466102769594843
-50.66611,-0.008487514,1.846395602504317
-50.67438,-0.008478451,1.8461872962234565
-50.68295,-0.008488262,1.8459715052103323
-50.69122,-0.008482811,1.8457633373195592
-50.69968,-0.008499194,1.8455504571232009
-50.70805,-0.008528499,1.8453399115130633
-50.71635,-0.008530371,1.84513119536402
-50.72469,-0.008536709,1.8449215421523522
-50.73302,-0.008553094,1.844712209129281
-50.74139,-0.008572412,1.8445019401321092
-50.7496,-0.008564857,1.844295757996122
-50.75807,-0.008549351,1.8440831162414173
-50.76627,-0.008542146,1.843877320512222
-50.77461,-0.0085437,1.8436680793806195
-50.78293,-0.008542643,1.8434594085059683
-50.79126,-0.008530485,1.8432505553120753
-50.79959,-0.008514131,1.8430417706127153
-50.80806,-0.008511851,1.8428295471230354
-50.81635,-0.008510983,1.842621902202736
-50.8246,-0.008507348,1.8424153264364107
-50.83298,-0.008550178,1.842205564182938
-50.84132,-0.008574164,1.8419968718357431
-50.84975,-0.008587817,1.8417859969813026
-50.85805,-0.008617789,1.8415784423508175
-50.86636,-0.008600965,1.8413707055114616
-50.87448,-0.00858026,1.8411677839262435
-50.88269,-0.00851506,1.840962679056473
-50.89119,-0.008514551,1.840750399037633
-50.8994,-0.008473878,1.8405454288262728
-50.90791,-0.008535212,1.8403330386181636
-50.91612,-0.008596488,1.8401282030131125
-50.92452,-0.008643918,1.8399186953554003
-50.933,-0.008718451,1.8397072624820843
-50.9411,-0.008675364,1.8395053699272297
-50.94936,-0.008617492,1.8392995554801868
-50.95761,-0.008618586,1.8390940568052545
-50.96594,-0.008611924,1.8388866329160218
-50.97443,-0.008638201,1.8386752946526328
-50.98283,-0.008690345,1.8384662659958266
-50.99101,-0.00869365,1.838262778085784
-50.99936,-0.008686125,1.838055128534946
-51.00772,-0.008722652,1.837847298408947
-51.01602,-0.008742223,1.8376410272694734
-51.02432,-0.00876487,1.8374348232372326
-51.03275,-0.008763395,1.8372254581616705
-51.04092,-0.008744478,1.8370226163634982
-51.04929,-0.008725389,1.8368148763675265
-51.0575,-0.008704366,1.836611173676737
-51.06587,-0.008676527,1.836403568567421
-51.07428,-0.00867178,1.836195039851761
-51.0826,-0.008657523,1.8359888102798214
-51.09099,-0.00865912,1.8357809136209733
-51.0993,-0.008651742,1.8355750665860393
-51.1077,-0.008639809,1.8353670581927966
-51.11606,-0.008635208,1.8351601081930022
-51.12444,-0.008627555,1.8349527310225793
-51.13277,-0.00861867,1.8347466585518446
-51.14111,-0.008616476,1.8345404059473878
-51.14951,-0.008626598,1.834332737498365
-51.15781,-0.008634971,1.8341276082772113
-51.16614,-0.008632951,1.833921804537141
-51.17448,-0.008616378,1.833715820854457
-51.18286,-0.008611813,1.8335089168522432
-51.19122,-0.008631858,1.8333025741523645
-51.19959,-0.008652586,1.833096052136355
-51.20787,-0.008647684,1.832891817214815
-51.21614,-0.008621112,1.8326878948706402
-51.22438,-0.008599354,1.8324847777562168
-51.23286,-0.008606819,1.8322758128279388
-51.24121,-0.008613422,1.8320701189530846
-51.24951,-0.008602041,1.8318657232039879
-51.25775,-0.008577237,1.831662870492755
-51.26608,-0.008571537,1.8314578684385463
-51.27451,-0.008583955,1.8312504731883346
-51.2829,-0.008593621,1.8310441297196531
-51.2912,-0.008602498,1.8308400661322017
-51.29962,-0.008615797,1.830633119699522
-51.30789,-0.008611139,1.8304299260795953
-51.31628,-0.008608459,1.8302238509884194
-51.32462,-0.008618482,1.830019070769545
-51.33286,-0.008618749,1.8298168112978703
-51.34123,-0.008619784,1.829611427307059
-51.34953,-0.00860726,1.8294078271018255
-51.35779,-0.008600174,1.8292052734356363
-51.36618,-0.008610137,1.828999598568552
-51.37456,-0.00862817,1.8287942359019715
-51.38283,-0.008633675,1.8285916345985616
-51.39117,-0.008640205,1.8283873844475615
-51.39949,-0.008651206,1.8281836901494546
-51.40779,-0.008642118,1.8279805511966183
-51.41615,-0.008634806,1.8277760100668758
-51.42453,-0.008635003,1.827571046346948
-51.43277,-0.008620382,1.827369571967444
-51.44107,-0.008603537,1.827166695793847
-51.44936,-0.008603774,1.8269641293885872
-51.45766,-0.008600065,1.8267613840194055
-51.466,-0.008591601,1.8265577274317026
-51.47444,-0.008600998,1.8263516961039303
-51.48282,-0.00862248,1.8261471962880047
-51.49121,-0.008645398,1.8259425191212246
-51.49957,-0.008662373,1.8257386401478692
-51.5079,-0.008667334,1.8255355586230464
-51.51613,-0.008665634,1.8253349795491238
-51.52446,-0.008676767,1.8251320285549815
-51.53276,-0.008698035,1.8249298737346882
-51.54111,-0.008729716,1.8247265668123949
-51.54932,-0.00874369,1.8245267328453605
-51.55768,-0.008739112,1.8243233132289896
-51.56601,-0.008736132,1.8241206891904183
-51.57436,-0.008742529,1.8239176443488585
-51.58258,-0.008735841,1.8237178248935977
-51.591,-0.00873414,1.823513209668353
-51.59917,-0.008726339,1.8233147335509465
-51.60745,-0.008702242,1.8231136492890077
-51.6158,-0.008689313,1.8229109303740327
-51.62425,-0.008693931,1.8227058504481906
-51.63255,-0.008683435,1.8225044763429272
-51.64093,-0.008672369,1.8223012269531167
-51.64929,-0.00866711,1.82209852836312
-51.65759,-0.008657769,1.8218973494504875
-51.66591,-0.008643751,1.8216957506409934
-51.67432,-0.00862926,1.8214920370505117
-51.68265,-0.008619735,1.8212903266376625
-51.69106,-0.008630914,1.82108674498066
-51.69946,-0.008626569,1.8208834715101472
-51.70778,-0.008627285,1.8206821990810669
-51.71611,-0.008618977,1.8204807496155455
-51.72443,-0.008612296,1.8202796067544873
-51.73286,-0.008621072,1.820075870539537
-51.74123,-0.008625252,1.8198736500852415
-51.74957,-0.00861938,1.8196722194986354
-51.75783,-0.008609377,1.8194727850839185
-51.76621,-0.008607081,1.8192705183555065
-51.77457,-0.008612396,1.8190687996056751
-51.78288,-0.008606066,1.81886835185683
-51.79123,-0.008596816,1.8186670040468242
-51.79958,-0.008599706,1.818465721150635
-51.80791,-0.008589957,1.818264985018697
-51.81619,-0.008580443,1.8180655177464806
-51.8246,-0.008593661,1.8178629839882992
-51.83295,-0.008600099,1.8176619602009918
-51.84134,-0.00859332,1.8174600386486923
-51.84969,-0.00859869,1.8172591446544808
-51.85802,-0.008618855,1.8170587963057594
-51.86629,-0.008657137,1.816859954702756
-51.87463,-0.008718474,1.8166594942460312
-51.88303,-0.008749349,1.8164576567713953
-51.89134,-0.008779031,1.8162580461402618
-51.89958,-0.008815969,1.816060180063114
-51.90781,-0.008823605,1.8158626168200893
-51.91597,-0.008826007,1.815666795785574
-51.92441,-0.008859139,1.815464320153084
-51.93272,-0.008890981,1.8152650275202222
-51.94092,-0.00891532,1.8150684354455024
-51.94922,-0.008952118,1.8148695091090876
-51.95746,-0.00896509,1.8146720836622885
-51.96579,-0.008970896,1.8144725655089626
-51.97408,-0.00894093,1.8142740689205081
-51.9823,-0.008931997,1.814077310930836
-51.99052,-0.008889544,1.8138806151583018
-51.99884,-0.008864415,1.8136815898200807
-52.00722,-0.008866246,1.8134811935727386
-52.01564,-0.008860101,1.8132799058129438
-52.02383,-0.008834487,1.8130841789233898
-52.03221,-0.008823029,1.8128839751377082
-52.04059,-0.008822907,1.8126838358289175
-52.04891,-0.008797205,1.8124851932538069
-52.05722,-0.008776858,1.812286852813116
-52.0657,-0.008771767,1.8120845201351368
-52.07407,-0.008765556,1.811884876676626
-52.08231,-0.008756974,1.8116883966936181
-52.09073,-0.008762578,1.8114876888843754
-52.09909,-0.008767601,1.8112884754800902
-52.10741,-0.008763044,1.811090278714678
-52.11585,-0.008757339,1.810889287999716
-52.12416,-0.008742539,1.8106914567064485
-52.13249,-0.008739664,1.8104932125820192
-52.14082,-0.008728881,1.8102950318004205
-52.14909,-0.008714564,1.8100983411215803
-52.1575,-0.008727453,1.8098983847001868
-52.16585,-0.008733151,1.8096999186249243
-52.1743,-0.008740355,1.8094991403813756
-52.1826,-0.008746807,1.8093019895520728
-52.19093,-0.008747739,1.8091041891761654
-52.19927,-0.008746268,1.8089062145888248
-52.20766,-0.008733917,1.8087071169249875
-52.21597,-0.008724246,1.8085099807587603
-52.22418,-0.008716677,1.8083152784782834
-52.23254,-0.008709746,1.808117081803795
-52.24097,-0.008710234,1.807917289820614
-52.24925,-0.008709841,1.8077211156140995
-52.25757,-0.008714556,1.8075240563233232
-52.26587,-0.008715599,1.8073275332449263
-52.27426,-0.008719194,1.8071289426191783
-52.28278,-0.008735776,1.8069273401299624
-52.29103,-0.008741671,1.8067321890580468
-52.29935,-0.008754255,1.8065354445131727
-52.30769,-0.008770163,1.806338289838454
-52.31609,-0.008772206,1.806139780323797
-52.3243,-0.008763597,1.8059458224954752
-52.33258,-0.008737076,1.8057502725835417
-52.34099,-0.008735885,1.8055517157776344
-52.3493,-0.008706918,1.805355582596138
-52.35759,-0.008693362,1.8051599834904546
-52.36585,-0.008672258,1.8049651538168483
-52.37425,-0.008665109,1.8047670849701904
-52.38257,-0.008642284,1.8045709651130135
-52.3911,-0.008655603,1.8043699597832457
-52.39949,-0.008731074,1.8041723173259894
-52.40772,-0.008754521,1.8039785054568296
-52.41605,-0.008752628,1.8037824006196574
-52.42436,-0.008759197,1.8035868287185575
-52.43276,-0.008794127,1.8033892017128221
-52.44109,-0.008820128,1.8031932841212872
-52.44913,-0.008795985,1.8030042462096132
-52.45746,-0.00878832,1.8028084508857272
-52.46587,-0.008806258,1.8026108382458919
-52.47424,-0.008812415,1.802414228390921
-52.48253,-0.008806837,1.8022195595372406
-52.49089,-0.008820692,1.8020233091875562
-52.49916,-0.008832391,1.8018292330772527
-52.50748,-0.008818499,1.8016340452826913
-52.51584,-0.008820767,1.8014379813785708
-52.52422,-0.00882995,1.8012415110590885
-52.53262,-0.008831956,1.8010446347431368
-52.54083,-0.008810876,1.800852272413664
-52.54915,-0.008785864,1.800657394077735
-52.55756,-0.008783244,1.8004604703871334
-52.56584,-0.008775814,1.8002666522593378
-52.57422,-0.008774957,1.8000705554927872
-52.5825,-0.008774363,1.7998768601721102
-52.59088,-0.00877105,1.799680887636792
-52.59926,-0.008762971,1.7994849775453114
-52.60754,-0.008746817,1.7992914665844477
-52.61595,-0.008736277,1.799094979754238
-52.62428,-0.008729326,1.798900423910788
-52.63261,-0.008724786,1.798705929650838
-52.64096,-0.008712584,1.7985110301939784
-52.64926,-0.008700242,1.7983173590663952
-52.65753,-0.008689526,1.7981244486780903
-52.66586,-0.008675675,1.7979301999435688
-52.67424,-0.008671679,1.7977348472422192
-52.68266,-0.008672815,1.7975386246632192
-52.69104,-0.008672932,1.7973433965243428
-52.6994,-0.008678049,1.7971486961900895
-52.70769,-0.0086817,1.7969556871113115
-52.71605,-0.008673417,1.7967611097568956
-52.72444,-0.008678041,1.7965658961953888
-52.7327,-0.008679843,1.796373768079389
-52.74109,-0.008689723,1.796178677763391
-52.74939,-0.008705848,1.7959857412569131
-52.75777,-0.00871168,1.7957910067085852
-52.7661,-0.008713609,1.7955974953616054
-52.77443,-0.008716105,1.7954040451029032
-52.78268,-0.008713107,1.7952125128924865
-52.79114,-0.008718041,1.7950161674856804
-52.79947,-0.008725087,1.7948229006844199
-52.80772,-0.008722434,1.794631550083965
-52.81601,-0.008720883,1.7944393319374181
-52.8243,-0.008718093,1.7942471741225154
-52.83264,-0.008724156,1.7940539181839106
-52.84102,-0.00873508,1.7938597968018026
-52.8494,-0.008744241,1.7936657369809308
-52.85767,-0.008734158,1.793474284810511
-52.86615,-0.008738752,1.793278033297299
-52.87437,-0.008745188,1.7930878590137338
-52.8828,-0.008755329,1.7928928876685801
-52.89111,-0.00875261,1.7927007525461272
-52.89943,-0.008755766,1.792508446688367
-52.90765,-0.008747233,1.7923185115952043
-52.91611,-0.008742317,1.7921230925704856
-52.9243,-0.008731714,1.791933969839941
-52.93279,-0.008733668,1.7917379813155514
-52.94112,-0.008736256,1.791545747426575
-52.94948,-0.008732519,1.7913528820301918
-52.95764,-0.008721576,1.7911646893630455
-52.96611,-0.00872153,1.7909694085519967
-52.97434,-0.008724756,1.7907797208988354
-52.98265,-0.008726848,1.7905882491721345
-52.99101,-0.008720998,1.7903956859852266
-52.99936,-0.008716804,1.7902034137770722
-53.00775,-0.008738413,1.7900102815154386
-53.01607,-0.008767941,1.7898188209725845
-53.02441,-0.008788224,1.789626960488575
-53.03273,-0.008804662,1.7894356202292432
-53.04097,-0.008813189,1.789246178944314
-53.04941,-0.008821212,1.789052200580553
-53.05774,-0.008835764,1.7888608108826345
-53.06598,-0.008840803,1.7886715481368665
-53.07423,-0.008844781,1.7884821145780165
-53.08252,-0.008855329,1.7882918218652768
-53.09079,-0.00885322,1.7881020474549354
-53.09903,-0.008842313,1.787913020256679
-53.10747,-0.00884855,1.7877194658303246
-53.11585,-0.008859796,1.787527348239744
-53.12415,-0.00886468,1.7873371244528147
-53.13245,-0.008876525,1.78714696009689
-53.14063,-0.00886621,1.7869596032263826
-53.149,-0.008857701,1.7867679542418484
-53.1573,-0.008871815,1.7865779676544897
-53.16568,-0.008869816,1.7863862100512962
-53.17398,-0.008862428,1.7861963426472873
-53.18236,-0.008856391,1.7860047053195833
-53.19058,-0.00884184,1.7858167856037666
-53.19893,-0.008823697,1.7856259533791374
-53.20731,-0.008822178,1.7854344957487984
-53.21558,-0.008806738,1.7852456104020664
-53.22394,-0.008797419,1.7850547291312893
-53.23227,-0.008805848,1.7848645924737006
-53.24068,-0.008798717,1.7846726901309302
-53.24909,-0.008792973,1.7844808484051087
-53.25742,-0.008784118,1.7842908912974003
-53.26576,-0.008778374,1.7841007656701038
-53.27414,-0.008777064,1.7839097881260964
-53.28243,-0.0087715,1.7837209207613092
-53.29083,-0.008766163,1.783529607251379
-53.29916,-0.008763533,1.7833399475714065
-53.3075,-0.008758729,1.783150119589176
-53.31574,-0.008759937,1.7829626260462672
-53.32417,-0.008781901,1.7827708691949633
-53.33252,-0.008803239,1.7825809918601259
-53.34087,-0.008814249,1.7823911739722278
-53.34915,-0.008824562,1.7822030060460192
-53.35754,-0.008827193,1.7820123978729154
-53.36592,-0.008845238,1.7818220767111295
-53.37422,-0.008862966,1.7816336313673529
-53.38252,-0.008853716,1.7814452446231464
-53.39082,-0.008848702,1.7812569164511802
-53.39908,-0.008829341,1.7810695540072974
-53.40749,-0.008805643,1.7808788486408926
-53.41585,-0.008780071,1.7806893365920415
-53.42423,-0.008757395,1.7804994306890336
-53.43259,-0.008768118,1.7803100373760659
-53.44087,-0.00877744,1.780122514846783
-53.44928,-0.008763408,1.7799321075980816
-53.45763,-0.00876106,1.7797431180544292
-53.46616,-0.00878771,1.7795501154375026
-53.4744,-0.008777585,1.7793637329264094
-53.48258,-0.008723975,1.7791787643752413
-53.49095,-0.008698429,1.7789895580467352
-53.49939,-0.00871469,1.778798829295063
-53.50769,-0.008707567,1.778611322970586
-53.51605,-0.008678444,1.7784225199729802
-53.52448,-0.008677638,1.778232195810216
-53.53281,-0.008682879,1.7780441882277431
-53.54114,-0.008672969,1.777856239146197
-53.54947,-0.008680388,1.7776683485382767
-53.55786,-0.008673747,1.777479163655904
-53.56621,-0.008683917,1.7772909395680596
-53.57452,-0.008680361,1.7771036754039047
-53.58284,-0.00867309,1.7769162440811277
-53.59116,-0.00865445,1.776728870955583
-53.59941,-0.008644086,1.7765431317247709
-53.60783,-0.008653998,1.7763536240881228
-53.61617,-0.008657039,1.7761659756748758
-53.62444,-0.008653,1.7759799598839634
-53.63281,-0.008656342,1.7757917532197176
-53.64111,-0.008660861,1.7756051785654696
-53.64949,-0.0086525,1.7754168641677675
-53.65785,-0.008648433,1.7752290578172625
-53.66615,-0.008665249,1.7750426572429734
-53.67448,-0.008677102,1.7748556408930276
-53.68279,-0.00867295,1.7746691313920162
-53.69112,-0.008663619,1.7744822309536477
-53.6994,-0.008658117,1.7742965098306498
-53.70773,-0.008655432,1.7741097249874458
-53.71617,-0.008669803,1.7739205326813137
-53.72453,-0.008689587,1.7737331922680384
-53.73271,-0.00867942,1.7735499419255052
-53.74106,-0.008671076,1.7733629407384224
-53.74942,-0.008676452,1.7731757738036986
-53.75781,-0.008693366,1.772987993744537
-53.76613,-0.008702415,1.7728018382576542
-53.77448,-0.008716264,1.7726150694530194
-53.78275,-0.008721917,1.7724301472126287
-53.79111,-0.008703917,1.7722432703099078
-53.79942,-0.008685149,1.7720575686503683
-53.80772,-0.00868419,1.7718721477141197
-53.81607,-0.0087014,1.7716856674967159
-53.8244,-0.008704225,1.7714996915896881
-53.83272,-0.008699738,1.7713139963947575
-53.841,-0.008699548,1.77112925094259
-53.84937,-0.008702034,1.7709425551311
-53.85776,-0.008715332,1.7707554714492395
-53.8662,-0.008739095,1.7705673316476753
-53.87445,-0.008742918,1.7703834841933421
-53.88275,-0.008729187,1.7701985793226962
-53.89099,-0.008716787,1.7700150674537616
-53.89943,-0.008721301,1.7698271595822068
-53.90765,-0.008726824,1.7696442063417717
-53.91599,-0.008728461,1.76945863926453
-53.92441,-0.008730114,1.7692713503958597
-53.93263,-0.008729301,1.7690885666061527
-53.94103,-0.008730099,1.7689018378032455
-53.94937,-0.008746959,1.768716500303896
-53.95778,-0.008771483,1.7685296652308526
-53.9661,-0.008791251,1.7683448868826912
-53.97438,-0.008807251,1.7681610534479506
-53.98267,-0.008822383,1.7679770544880422
-53.99106,-0.008842953,1.7677908935294102
-53.99934,-0.008859382,1.7676072300142929
-54.00771,-0.008874235,1.7674216273935701
-54.01595,-0.008911426,1.7672389636764696
-54.02422,-0.008940966,1.7670556909475046
-54.03252,-0.008940978,1.766871809791585
-54.04077,-0.008893511,1.7666890923278848
-54.04907,-0.008840987,1.7665053237733783
-54.05736,-0.008827555,1.766321832956696
-54.0658,-0.008826715,1.7661350798471491
-54.07419,-0.008837681,1.7659494908754065
-54.08247,-0.008886407,1.7657663915867747
-54.09078,-0.008923135,1.7655826852561565
-54.09917,-0.008891688,1.7653972676475442
-54.10745,-0.008804036,1.7652143373971607
-54.11557,-0.008669109,1.765034996397525
-54.12412,-0.008611748,1.7648462164373298
-54.13258,-0.008621916,1.7646594823302344
-54.14104,-0.008634151,1.7644728065807382
-54.14941,-0.008660765,1.7642881741463112
-54.15775,-0.008675397,1.7641042602397627
-54.16606,-0.008660083,1.7639210642236116
-54.17442,-0.008624849,1.7637368226554155
-54.18271,-0.008655917,1.7635541799219716
-54.19109,-0.008682591,1.7633696111298
-54.19966,-0.008750984,1.7631809166330563
-54.20789,-0.008796983,1.762999764425437
-54.2161,-0.008788642,1.7628191072393626
-54.22435,-0.008801709,1.7626376249784461
-54.23262,-0.008790636,1.7624557581765368
-54.24095,-0.008767419,1.7622726279683523
-54.24928,-0.008755165,1.7620895539996106
-54.25755,-0.008734658,1.7619078542986184
-54.26587,-0.008722792,1.761725111934997
-54.27425,-0.008678019,1.7615411083524877
-54.28264,-0.00870516,1.761356942108932
-54.29096,-0.008703117,1.7611743686241685
-54.29923,-0.00867778,1.7609929477821322
-54.30766,-0.00869276,1.7608080738518286
-54.31613,-0.008766576,1.760622380497285
-54.32436,-0.008799678,1.7604420042868432
-54.33273,-0.008805281,1.760258615755181
-54.34099,-0.008833457,1.7600776927325028
-54.34943,-0.00886695,1.7598928838812111
-54.35771,-0.008878237,1.7597116342833425
-54.36585,-0.008851733,1.759533503109029
-54.37415,-0.008836547,1.759351925501364
-54.38249,-0.008841863,1.759169528647916
-54.39075,-0.00883649,1.7589889365379223
-54.39906,-0.008813832,1.7588073065968421
-54.4075,-0.008803573,1.7586228920645133
-54.41583,-0.008800117,1.7584409371317133
-54.42416,-0.00878978,1.7582590378978749
-54.43251,-0.008778083,1.7580767578052159
-54.44074,-0.008767002,1.7578971520225477
-54.44927,-0.008765209,1.7577110565486
-54.45757,-0.008755844,1.7575300348509857
-54.46591,-0.008733706,1.7573481963305122
-54.47426,-0.008734182,1.7571661955573146
-54.48265,-0.008724781,1.756983379112433
-54.49088,-0.008704051,1.756804103732588
-54.49924,-0.008686543,1.7566220519772386
-54.50757,-0.008670528,1.756440709061145
-54.5159,-0.008654645,1.75625942156325
-54.52437,-0.00866137,1.756075144013585
-54.53275,-0.00867498,1.755892880883506
-54.541,-0.008664565,1.755713499935828
-54.54933,-0.008650022,1.7555324345871894
-54.55769,-0.008655231,1.7553507727324966
-54.56609,-0.00866704,1.755168297746824
-54.57448,-0.008686707,1.7549860960654136
-54.58281,-0.008701989,1.7548052527892937
-54.59126,-0.008717825,1.7546218607154334
-54.59949,-0.008723729,1.7544432979135887
-54.60776,-0.00872184,1.7542639214646418
-54.61621,-0.008720312,1.7540806969212985
-54.62445,-0.008729742,1.7539020804786136
-54.63278,-0.008752927,1.7537215678938542
-54.64104,-0.008743497,1.753542626567869
-54.64937,-0.008723353,1.7533622235718362
-54.65768,-0.008710615,1.7531823085063252
-54.66602,-0.008723496,1.753001798923719
-54.67429,-0.008716241,1.752822858787924
-54.68276,-0.008725035,1.7526396473038304
-54.69113,-0.008777981,1.752458654630102
-54.69943,-0.008807271,1.7522792303320163
-54.70772,-0.008818857,1.7521000765522672
-54.71605,-0.008796358,1.751920113019854
-54.72432,-0.008772512,1.7517414999400631
-54.73258,-0.008787376,1.751563156715799
-54.74088,-0.008760185,1.7513840040569315
-54.7493,-0.008761068,1.7512023167419493
-54.75772,-0.008791288,1.7510206853024561
-54.76582,-0.008744883,1.7508460094270477
-54.7742,-0.008726556,1.7506653497449527
-54.78262,-0.008744746,1.7504838833922145
-54.79092,-0.008723758,1.7503050578453512
-54.79936,-0.008718989,1.7501232715126598
-54.80762,-0.008710773,1.7499454163490404
-54.81595,-0.008684654,1.7497661082221505
-54.82433,-0.008677852,1.7495857787956552
-54.8327,-0.008675801,1.7494057195797397
-54.841,-0.008657332,1.749227220510202
-54.84938,-0.00863393,1.7490470557734654
-54.85773,-0.008645981,1.7488675907661508
-54.86615,-0.008656564,1.74868667657563
-54.87439,-0.008638897,1.748509683661176
-54.8828,-0.008637917,1.748329093996662
-54.89119,-0.008655137,1.7481489889361117
-54.89948,-0.008646572,1.7479710846077232
-54.90778,-0.008629513,1.7477930194955977
-54.91612,-0.008626147,1.747614150453455
-54.92447,-0.008623594,1.7474351213584765
-54.93279,-0.008622421,1.7472567896150917
-54.94124,-0.008633244,1.7470757267218575
-54.94959,-0.008640023,1.7468968612868632
-54.95781,-0.008622885,1.7467208336722297
-54.96616,-0.008612723,1.7465420760700767
-54.97461,-0.008623307,1.746361232940079
-54.98291,-0.008635598,1.7461836541572646
-54.99132,-0.008659393,1.7460037765960155
-54.99951,-0.008670259,1.7458286573825839
-55.00789,-0.008665761,1.7456495295493064
-55.01627,-0.008676875,1.7454704562850227
-55.0246,-0.008692316,1.7452925055338886
-55.03296,-0.00870746,1.7451139680656826
-55.04129,-0.008714731,1.7449361252252626
-55.04956,-0.008718722,1.7447596166072898
-55.05785,-0.008720727,1.744582734342151
-55.06603,-0.008707433,1.7444082513302668
-55.07446,-0.008708466,1.7442284899388936
-55.08269,-0.00871291,1.7440530464289234
-55.0911,-0.008720319,1.7438738199092048
-55.09934,-0.008718058,1.743698269344061
-55.10773,-0.008714078,1.7435195770175982
-55.11607,-0.008725089,1.743342003520933
-55.12434,-0.008727056,1.7431659735064402
-55.13269,-0.008733464,1.7429882942406767
-55.14105,-0.008737219,1.7428104560939626
-55.1494,-0.008727478,1.7426328844919436
-55.15772,-0.008722086,1.7424560043453572
-55.16602,-0.008714217,1.7422796025524407
-55.17444,-0.008712689,1.7421007046016235
-55.18271,-0.008690889,1.74192504681267
-55.19098,-0.008646762,1.7417494416660113
-55.19928,-0.008617192,1.7415732524047414
-55.20773,-0.008614419,1.7413939334220045
-55.2161,-0.008611018,1.7412163662410056
-55.22438,-0.008594105,1.7410407613448986
-55.23277,-0.008588836,1.7408628772375527
-55.24115,-0.008594008,1.7406852590867499
-55.2496,-0.008613402,1.7405062118096781
-55.25801,-0.008646026,1.7403280664649343
-55.26634,-0.008662582,1.7401516691715067
-55.27466,-0.008676178,1.7399755367106735
-55.28297,-0.008712986,1.7397996688672839
-55.29129,-0.008740621,1.7396236423494549
-55.29961,-0.008766034,1.739447668799111
-55.30792,-0.008792235,1.7392719596036152
-55.31622,-0.008807834,1.7390965145485358
-55.32445,-0.008826766,1.7389226011284342
-55.33286,-0.008851224,1.7387449374566941
-55.34103,-0.008847008,1.738572395562569
-55.34934,-0.00883794,1.7383969492680493
-55.35764,-0.008838153,1.7382217666793598
-55.36591,-0.008829796,1.7380472695201794
-55.37427,-0.008810375,1.7378709263345593
-55.38255,-0.008796013,1.7376963231198275
-55.39078,-0.008770865,1.737522826001006
-55.39914,-0.008746651,1.7373466411211438
-55.40749,-0.008738467,1.7371707200596886
-55.41583,-0.008735619,1.7369950626021482
-55.42412,-0.008726303,1.736820510636885
-55.43254,-0.008723542,1.7366432748706804
-55.44089,-0.008718167,1.7364675657263078
-55.44922,-0.008705111,1.7362923301716418
-55.45761,-0.008713416,1.736115885628681
-55.46599,-0.008706415,1.73593970467308
-55.47424,-0.008704481,1.7357663088309097
-55.48261,-0.008713319,1.7355904435642087
-55.49097,-0.008703921,1.735414841369686
-55.49924,-0.008691607,1.7352411816810465
-55.50768,-0.008692523,1.7350640055574291
-55.51599,-0.00870239,1.7348896110832213
-55.52426,-0.008709578,1.7347161078778899
-55.53278,-0.008725429,1.7345374137581442
-55.54088,-0.0087101,1.7343675793397582
-55.54929,-0.00869977,1.7341912974945313
-55.55769,-0.008704455,1.7340152785329987
-55.5661,-0.008726325,1.7338391033381866
-55.57443,-0.008744041,1.733664656569577
-55.58269,-0.008742139,1.7334917273705175
-55.59097,-0.00872475,1.733318431032954
-55.59935,-0.008705825,1.7331430942987645
-55.6077,-0.008704792,1.7329684378242582
-55.61609,-0.008718305,1.7327929974940703
-55.62444,-0.008725222,1.7326184461362666
-55.63268,-0.008717477,1.7324462456239749
-55.64099,-0.008714928,1.732272633898139
-55.64938,-0.008711493,1.7320974034212062
-55.65779,-0.008737374,1.7319218082500223
-55.66615,-0.008754346,1.7317473096307179
-55.67452,-0.008755506,1.7315726547799604
-55.68282,-0.008750855,1.7313995124528536
-55.69113,-0.008734854,1.7312262132228238
-55.69946,-0.008709808,1.7310525488038842
-55.70772,-0.00870299,1.7308803950332199
-55.71605,-0.008726889,1.730706834027179
-55.72441,-0.008750762,1.7305327001219033
-55.73276,-0.00875547,1.730358826657786
-55.74112,-0.008755832,1.7301847971479583
-55.74956,-0.008781515,1.7300091552292072
-55.7579,-0.008815711,1.7298356466079245
-55.76614,-0.008815868,1.7296642693935782
-55.77432,-0.008789889,1.729494190157764
-55.78259,-0.008788356,1.7293222903418433
-55.79099,-0.008816657,1.7291477405222597
-55.79933,-0.008839663,1.7289744894786372
-55.8076,-0.00883433,1.728802743712326
-55.81587,-0.008826136,1.7286310488396937
-55.82417,-0.008830594,1.7284587822801485
-55.83255,-0.008836154,1.7282849072807887
-55.84082,-0.008820036,1.728113365813754
-55.84905,-0.00880913,1.7279427044864684
-55.85742,-0.008810697,1.7277691916311206
-55.86578,-0.008827575,1.7275959379784904
-55.87409,-0.008818651,1.7274237719128847
-55.8824,-0.00881964,1.7272516570512364
-55.89081,-0.008820483,1.7270775231205273
-55.89917,-0.008823615,1.7269044763992025
-55.90744,-0.008818423,1.7267333435406806
-55.91582,-0.008814465,1.7265599860647667
-55.92406,-0.00880006,1.7263895754349736
-55.93243,-0.008794263,1.726216527692432
-55.94083,-0.008800561,1.7260429117694533
-55.9491,-0.008789817,1.7258720336877627
-55.95744,-0.008773127,1.7256997603893245
-55.96584,-0.008774371,1.7255262996141933
-55.97418,-0.008783931,1.7253541293503543
-55.98256,-0.008786517,1.7251811849976137
-55.99086,-0.008786233,1.7250099426942183
-55.99924,-0.008788105,1.7248371013606612
-56.00761,-0.008785571,1.724664517911048
-56.01595,-0.008788063,1.724492604338586
-56.02432,-0.008789615,1.724320123831936
-56.0327,-0.008796536,1.7241474888770307
-56.04108,-0.008815185,1.7239749055514277
-56.04938,-0.008820715,1.7238040206689171
-56.0576,-0.008811716,1.7236348327434636
-56.06598,-0.008810115,1.723462402690544
-56.07425,-0.008819171,1.7232922865664722
-56.08263,-0.008819815,1.7231199588892316
-56.09096,-0.00883265,1.7229487104517376
-56.09924,-0.008836037,1.7227785403153413
-56.10764,-0.008835727,1.7226059552674111
-56.11591,-0.008831518,1.7224360916538641
-56.12413,-0.008813455,1.722267304633497
-56.13246,-0.008816095,1.7220963093368793
-56.1409,-0.00882242,1.7219231077521022
-56.14909,-0.008813512,1.7217550863246402
-56.1575,-0.00881472,1.721582602501892
-56.16588,-0.008814961,1.7214107853380023
-56.1741,-0.008801133,1.721242298496994
-56.18256,-0.00880176,1.721068943814593
-56.19083,-0.00880448,1.7208995328953143
-56.19928,-0.008801417,1.7207264861756237
-56.2076,-0.008787275,1.7205561525487658
-56.21588,-0.008774036,1.7203866878896141
-56.2243,-0.008763095,1.7202144090722338
-56.23256,-0.008751317,1.720045454092789
-56.24092,-0.008760487,1.7198745041866315
-56.24933,-0.008803202,1.7197025831241013
-56.25774,-0.008836677,1.7195307134627162
-56.26604,-0.008833614,1.7193611421738586
-56.27441,-0.008838052,1.7191901914209318
-56.28273,-0.008851829,1.7190203122698562
-56.29097,-0.008849272,1.718852116067639
-56.29919,-0.008830546,1.7186843771642186
-56.30751,-0.008813579,1.7185146475132713
-56.31598,-0.00884396,1.7183419093479326
-56.32427,-0.008876328,1.7181728924316286
-56.3326,-0.008858708,1.7180031100996582
-56.34088,-0.008836819,1.7178343966228429
-56.3492,-0.008827699,1.7176649180467511
-56.35759,-0.00883525,1.7174940642422785
-56.36581,-0.008824194,1.7173267216420736
-56.37412,-0.008816515,1.7171575964289998
-56.3826,-0.008828668,1.7169850627675913
-56.3909,-0.008852805,1.7168162416276385
-56.39928,-0.008860132,1.7166458437058063
-56.40755,-0.00885768,1.7164777321475584
-56.41588,-0.008852433,1.7163084507411743
-56.42413,-0.008852913,1.7161408443515214
-56.43251,-0.008854998,1.715970647061419
-56.44083,-0.008860786,1.7158017183659418
-56.44913,-0.008861572,1.7156332453662264
-56.45743,-0.008862318,1.7154648219020951
-56.46576,-0.008866012,1.7152958394609406
-56.47406,-0.008866834,1.7151275151813064
-56.48245,-0.008878744,1.7149574159761127
-56.4908,-0.008888218,1.714788177897994
-56.49907,-0.008892423,1.7146206105693422
-56.50749,-0.008901899,1.7144500543202326
-56.51576,-0.00891134,1.714282585954785
-56.52406,-0.008922294,1.7141145593575549
-56.53241,-0.008929733,1.7139455703374402
-56.54076,-0.008935364,1.7137766312302842
-56.54906,-0.008963465,1.7136087531782138
-56.55736,-0.008999923,1.713440924399583
-56.56563,-0.009020849,1.7132737512160654
-56.57396,-0.009015699,1.7131054145758933
-56.58226,-0.009004004,1.7129377334874922
-56.59065,-0.009002623,1.712768284160016
-56.59886,-0.009000005,1.7126025188493195
-56.60706,-0.008971361,1.7124370034409138
-56.61537,-0.008928956,1.7122693166184377
-56.62378,-0.008909974,1.712099662014793
-56.63222,-0.008914334,1.7119294528803568
-56.64061,-0.00890812,1.7117603023696248
-56.64888,-0.008872834,1.711593620209261
-56.65726,-0.008844974,1.7114247706295713
-56.66565,-0.008839063,1.7112557695888073
-56.67401,-0.008835757,1.7110874226122346
-56.68236,-0.008820301,1.7109193265770868
-56.69074,-0.00880288,1.7107506763891247
-56.69913,-0.008800139,1.7105818748894386
-56.70747,-0.008787591,1.7104141288616828
-56.71584,-0.008778955,1.7102458290311842
-56.72415,-0.008763932,1.7100787847856687
-56.73256,-0.008748173,1.7099097802038195
-56.74089,-0.008737645,1.7097424326618773
-56.74933,-0.008712946,1.7095729253543608
-56.75761,-0.008682153,1.7094066804433803
-56.76602,-0.008658891,1.7092378750527164
-56.77438,-0.008618675,1.7090701228265286
-56.78275,-0.008582523,1.7089022194240329
-56.79112,-0.0085972,1.7087343655134815
-56.79956,-0.008620746,1.7085651578991103
-56.80794,-0.00861869,1.7083972029262107
-56.8163,-0.008617001,1.7082296981676035
-56.82481,-0.008635912,1.7080592385614666
-56.83308,-0.008644854,1.7078936351857053
-56.84126,-0.008623732,1.7077298814276811
-56.84966,-0.008627402,1.7075617725770038
-56.858,-0.008659748,1.7073949136445181
-56.86641,-0.008715284,1.7072267037782058
-56.87474,-0.008731555,1.7070601430441705
-56.88306,-0.008747573,1.7068938309577577
-56.89136,-0.008756434,1.706727967128928
-56.89966,-0.0087759,1.706562151689483
-56.90785,-0.00878569,1.7063985812150695
-56.91608,-0.008787421,1.7062342592813842
-56.92461,-0.008801562,1.7060639976277394
-56.93276,-0.008804756,1.7059013685617912
-56.94112,-0.008811682,1.7057345974227411
-56.94946,-0.00881255,1.705568274045092
-56.95766,-0.008799954,1.7054047901546516
-56.96602,-0.00880367,1.7052381647866568
-56.97434,-0.008809883,1.7050723852176262
-56.98271,-0.008799097,1.7049056582251003
-56.99098,-0.008794629,1.7047409712905446
-56.99936,-0.008772631,1.7045741425868641
-57.00768,-0.008761966,1.7044085568821603
-57.01601,-0.008734924,1.7042428205691698
-57.02425,-0.008707924,1.704078922563646
-57.03268,-0.008697432,1.7039112943666685
-57.04099,-0.008689774,1.7037461008302976
-57.04926,-0.008673845,1.7035817502277855
-57.05774,-0.008671189,1.7034132757448859
-57.06609,-0.008672093,1.7032474329325873
-57.07446,-0.00868249,1.7030812415921237
-57.08286,-0.008692748,1.7029145035830369
-57.0912,-0.008709976,1.702749005100611
-57.09958,-0.008736231,1.702582761554463
-57.1079,-0.008753213,1.702417756562577
-57.11626,-0.008761467,1.7022520066965168
-57.12457,-0.008773376,1.7020872962369782
-57.1329,-0.008794846,1.7019222374498755
-57.14124,-0.008799268,1.7017570287239128
-57.14946,-0.008803294,1.7015942442850727
-57.15781,-0.008824217,1.7014289333338697
-57.16596,-0.008825855,1.7012676284977983
-57.1743,-0.00882461,1.7011026107884137
-57.18266,-0.008833818,1.7009372456615344
-57.19106,-0.008850809,1.7007711380065347
-57.1993,-0.008843395,1.7006082417092516
-57.20764,-0.008838107,1.700443416298942
-57.21605,-0.008843561,1.7002772561195676
-57.22427,-0.008840912,1.7001148970532958
-57.23256,-0.008837358,1.699951202602155
-57.24089,-0.008845291,1.6997867660688013
-57.24924,-0.008851903,1.6996219827547057
-57.25752,-0.008853409,1.6994586283164201
-57.26592,-0.008858921,1.6992929546927735
-57.27429,-0.008863496,1.699127921096883
-57.28265,-0.008862336,1.6989631328159573
-57.29099,-0.008863128,1.6987987866853058
-57.29929,-0.008866194,1.698635276283528
-57.30754,-0.00886019,1.6984727978203216
-57.31587,-0.008850929,1.6983087912649673
-57.32413,-0.008848529,1.6981462099817302
-57.33255,-0.008843875,1.6979805276409299
-57.34081,-0.008834935,1.6978180409380337
-57.34924,-0.008824828,1.6976522583385587
-57.35759,-0.008824668,1.697488097041734
-57.36592,-0.008814462,1.697324376563646
-57.37424,-0.008813357,1.6971609000833823
-57.38257,-0.008815475,1.6969972746079516
-57.3909,-0.008808474,1.6968336966313475
-57.39919,-0.008777016,1.6966709512799745
-57.40762,-0.008779023,1.6965055057150948
-57.41597,-0.008800556,1.6963416781080247
-57.42438,-0.008816628,1.6961767214552426
-57.43268,-0.008826029,1.6960139697468408
-57.44089,-0.008819133,1.6958530290878153
-57.44925,-0.008829872,1.695689195246239
-57.4577,-0.008862318,1.6955236460909502
-57.46603,-0.008891325,1.6953604955832167
-57.47426,-0.008896344,1.6951993501090747
-57.48265,-0.008903346,1.695035119292517
-57.49086,-0.008898023,1.6948744583051982
-57.49925,-0.008884796,1.6947103223085516
-57.50749,-0.008907807,1.694549167421496
-57.51578,-0.008916776,1.6943870812497024
-57.52412,-0.00891458,1.6942240646184592
-57.53243,-0.008920244,1.6940616813856115
-57.54076,-0.008913481,1.6938989544107517
-57.5491,-0.008912525,1.69373607927839
-57.55766,-0.008939033,1.6935689567643992
-57.56557,-0.008931412,1.6934145688125732
-57.57405,-0.008918444,1.6932491026773349
-57.58235,-0.00891652,1.6930871959897433
-57.59065,-0.008902176,1.6929253359703353
-57.59905,-0.008904847,1.6927615733245602
-57.60741,-0.008911818,1.6925986379182816
-57.61571,-0.008902033,1.692436918680686
-57.62399,-0.008882323,1.692275635546931
-57.63239,-0.008868253,1.6921120623316157
-57.6407,-0.008862264,1.6919502885981608
-57.64909,-0.00885457,1.6917870047905352
-57.65743,-0.008833094,1.6916247411651888
-57.66579,-0.008808136,1.6914621355226385
-57.67409,-0.008798769,1.6913007435401233
-57.68253,-0.008812798,1.6911366769106695
-57.69087,-0.008831679,1.6909746013537323
-57.69923,-0.008826427,1.6908121841487311
-57.7076,-0.008822563,1.6906496198074432
-57.71597,-0.008835505,1.6904871026164856
-57.72443,-0.008852012,1.6903228858214798
-57.73276,-0.008870261,1.6901612394765122
-57.74106,-0.008869098,1.6900002216793388
-57.74916,-0.008855442,1.6898431284541626
-57.75754,-0.00884657,1.6896806512188713
-57.76596,-0.008852022,1.6895174459145141
-57.77422,-0.008852255,1.6893573881222457
-57.78259,-0.008841128,1.6891952454883037
-57.79096,-0.008831535,1.689033149821356
-57.79926,-0.008828161,1.688872456152553
-57.80763,-0.008838836,1.6887104539660247
-57.8159,-0.008840687,1.6885504333582975
-57.82434,-0.008834055,1.688387170523693
-57.83263,-0.008824451,1.6882268556695417
-57.84103,-0.008820171,1.6880644604703616
-57.84938,-0.00882096,1.6879030786501081
-57.85774,-0.008818179,1.6877415502230124
-57.86601,-0.008803867,1.6875818066599027
-57.87433,-0.008775134,1.6874211433635602
-57.88261,-0.008757891,1.6872612983415918
-57.89108,-0.008759074,1.687097832688559
-57.89937,-0.008769068,1.6869378872343517
-57.90779,-0.008790248,1.6867754804664452
-57.91611,-0.008819959,1.686615048904355
-57.92453,-0.008859289,1.6864527359997568
-57.93283,-0.008887005,1.6862927825207228
-57.94119,-0.008889189,1.686131719075842
-57.94942,-0.008865602,1.6859732055989514
-57.95772,-0.008840807,1.6858133894846103
-57.96594,-0.008816694,1.685655158874332
-57.97421,-0.008778751,1.68549601107113
-57.98253,-0.008736043,1.6853359468791722
-57.99098,-0.008723598,1.6851734286952902
-57.99936,-0.008729633,1.6850123035840396
-58.00775,-0.008710378,1.6848510328361295
-58.01604,-0.008684214,1.6846917300801643
-58.02441,-0.008710019,1.684530936204263
-58.03282,-0.008749313,1.6843694206140594
-58.04115,-0.008752989,1.684209487579071
-58.0495,-0.008749151,1.6840492166168528
-58.05794,-0.00880562,1.6838872650321384
-58.06612,-0.008836407,1.6837303474039595
-58.07437,-0.008847165,1.6835721317338441
-58.08272,-0.008882462,1.683412044064052
-58.09119,-0.008917802,1.6832497027518287
-58.09937,-0.008935014,1.6830929646913555
-58.10764,-0.008943865,1.6829345469890016
-58.11591,-0.008954778,1.6827761743729042
-58.12416,-0.008957876,1.6826182296655987
-58.13252,-0.008964729,1.6824582247595665
-58.14085,-0.008972764,1.6822988398002439
-58.14916,-0.008965297,1.6821398830180865
-58.15738,-0.008949085,1.6819826924803007
-58.16568,-0.008940824,1.6818240171867673
-58.174,-0.00895777,1.681665004985045
-58.18236,-0.008982545,1.6815052741071348
-58.1907,-0.00898558,1.6813459710916003
-58.19904,-0.008984242,1.681186713732735
-58.20737,-0.008964333,1.681027692884939
-58.21562,-0.00893306,1.6808702441028713
-58.22386,-0.008903203,1.6807130307059683
-58.23224,-0.008898874,1.6805531918401218
-58.24057,-0.008896092,1.680394352253077
-58.24886,-0.008883652,1.6802363205048132
-58.25726,-0.008872483,1.6800762377083989
-58.26567,-0.008869879,1.679916010577069
-58.27406,-0.008872883,1.6797562105677897
-58.28247,-0.008883541,1.67959607580118
-58.29088,-0.008910005,1.6794359872419151
-58.29919,-0.008930471,1.679277847599598
-58.3075,-0.008944095,1.6791197530334863
-58.31583,-0.008924038,1.6789613231947484
-58.3241,-0.008889593,1.6788040792742622
-58.33249,-0.008900376,1.6786445992619208
-58.34073,-0.008904422,1.6784880151482504
-58.349,-0.00889974,1.6783309054139748
-58.35736,-0.008900542,1.6781721311587776
-58.36589,-0.008922731,1.6780101751211194
-58.37424,-0.008937902,1.677851682522976
-58.38245,-0.008922401,1.6776958914879385
-58.39075,-0.00890507,1.677538437166846
-58.39903,-0.008883474,1.6773814068487094
-58.40738,-0.008874641,1.677223094067907
-58.41576,-0.008880869,1.6770642580016077
-58.42415,-0.008876895,1.6769052780399885
-58.43248,-0.008861551,1.6767474801685638
-58.44084,-0.008853709,1.676589159224953
-58.44917,-0.008842404,1.6764314514645804
-58.45749,-0.008818399,1.6762739778940219
-58.46584,-0.008823759,1.6761159815714612
-58.47424,-0.008842782,1.6759570846923362
-58.48258,-0.008862289,1.6757993679485415
-58.49094,-0.008874476,1.6756413181255079
-58.49933,-0.008880411,1.675482746554533
-58.50771,-0.008899746,1.6753244093812594
-58.51602,-0.008932247,1.6751674396173901
-58.52434,-0.008955722,1.6750103256183664
-58.53258,-0.008972817,1.6748547663540543
-58.54085,-0.008982616,1.6746986847645702
-58.54918,-0.008985648,1.6745415153551253
-58.55756,-0.008996729,1.6743834476709751
-58.56586,-0.009001129,1.6742269335752944
-58.57411,-0.00898816,1.6740714062919606
-58.58238,-0.008981838,1.6739155459371915
-58.59061,-0.008968468,1.6737604831217836
-58.59892,-0.008951752,1.673603957206037
-58.60733,-0.008955661,1.6734455928976804
-58.61572,-0.00896075,1.67328765048011
-58.62401,-0.008971691,1.6731316349734522
-58.63243,-0.008985217,1.6729732180637917
-58.64066,-0.008966248,1.6728184198472529
-58.64899,-0.008956145,1.672661784968505
-58.65732,-0.008960398,1.6725051945775906
-58.66565,-0.008961122,1.672348648655559
-58.67401,-0.008953323,1.6721915836330257
-58.6823,-0.008933903,1.6720358779393445
-58.69058,-0.008910396,1.671880403976243
-58.69907,-0.008907669,1.6717210323775147
-58.70735,-0.008908795,1.6715656472315645
-58.71573,-0.008906238,1.6714084300748708
-58.72408,-0.008908127,1.671251820377603
-58.7323,-0.008892263,1.6710976924111605
-58.74071,-0.008888483,1.6709400465196964
-58.7491,-0.008890053,1.6707828205027822
-58.75746,-0.008883987,1.6706262013368174
-58.7659,-0.008890349,1.6704681286256147
-58.77417,-0.008892797,1.6703132838796364
-58.78253,-0.00888529,1.670156798286838
-58.7908,-0.008886882,1.670002041135688
-58.79916,-0.008898462,1.6698456440534186
-58.8075,-0.008907221,1.6696896654338307
-58.81583,-0.008915514,1.669533917994526
-58.82423,-0.008924644,1.6693769064210446
-58.83263,-0.008931349,1.6692199396831318
-58.84085,-0.008934136,1.6690663799044372
-58.84921,-0.008932417,1.6689102487527019
-58.85758,-0.008934055,1.668753975273873
-58.86577,-0.008930646,1.6686011055321286
-58.87409,-0.0089296,1.6684458528361117
-58.88242,-0.008927635,1.6682904574913868
-58.89076,-0.008918529,1.6681349196376476
-58.89909,-0.00890797,1.6679796122486783
-58.90749,-0.008903457,1.667823044234273
-58.91576,-0.008891176,1.667668942911031
-58.9241,-0.008882741,1.6675135810305122
-58.93245,-0.008891606,1.667358076916877
-58.94078,-0.008889602,1.6672029891698075
-58.94905,-0.008883133,1.6670490618593514
-58.95738,-0.008872861,1.666894061438958
-58.96576,-0.008876152,1.6667381748323096
-58.97415,-0.008889101,1.6665821465845627
-58.98253,-0.008887709,1.666426348615429
-58.99088,-0.008881423,1.6662711524222051
-58.99928,-0.008884737,1.6661150712347674
-59.00751,-0.008881402,1.6659621919311625
-59.01585,-0.008873662,1.6658073127812272
-59.02422,-0.008872305,1.6656519205166962
-59.03253,-0.008867203,1.665497685767491
-59.04092,-0.008865958,1.665342010253228
-59.04918,-0.008858753,1.6651887900898878
-59.05759,-0.008851741,1.665032831512427
-59.06598,-0.008855905,1.6648772880768252
-59.07434,-0.008858901,1.6647223447608557
-59.08263,-0.008857477,1.6645687421159145
-59.09097,-0.008863629,1.6644142565268432
-59.0992,-0.008864325,1.664261851260254
-59.10759,-0.008876076,1.6641065267590847
-59.11594,-0.008895462,1.6639519865538803
-59.12421,-0.008913863,1.6637989699989224
-59.13257,-0.008936535,1.6636443317109335
-59.14093,-0.008976326,1.6634897371414348
-59.1492,-0.008993887,1.6633368498644105
-59.15753,-0.009000683,1.663182896581382
-59.16583,-0.009018849,1.663029540868437
-59.1741,-0.009034983,1.662876782240879
-59.18234,-0.009050084,1.6627246202160983
-59.19066,-0.009065851,1.6625710238743747
-59.19899,-0.009080974,1.6624172861732944
-59.20718,-0.009078776,1.6622661744741092
-59.21561,-0.009082679,1.6621106782485229
-59.22395,-0.009099428,1.6619568856856053
-59.23227,-0.009099995,1.6618035050826179
-59.24059,-0.009100956,1.661650167562477
-59.24887,-0.009091567,1.6614976099966126
-59.25717,-0.009079667,1.6613447267225214
-59.26546,-0.009066499,1.6611920703897347
-59.27383,-0.009041601,1.6610379842166432
-59.28215,-0.00901546,1.6608848616320429
-59.29044,-0.008981729,1.6607323339142028
-59.2988,-0.008955506,1.6605785614548694
-59.30714,-0.008926425,1.6604252000686595
-59.31545,-0.008884426,1.660272433236197
-59.32381,-0.008869343,1.6601187904148436
-59.33225,-0.008886323,1.6599637212477192
-59.34061,-0.00890394,1.6598101654162303
-59.34895,-0.008914012,1.6596570200483747
-59.35732,-0.008907847,1.6595033670657635
-59.36565,-0.0089359,1.659350491403699
-59.37413,-0.008971354,1.65919490694011
-59.38231,-0.008971607,1.6590448687496329
-59.39066,-0.008954456,1.6588917550335358
-59.39888,-0.008937396,1.6587410671716367
-59.40732,-0.008943504,1.658586389690698
-59.41567,-0.008960188,1.6584334048576745
-59.42387,-0.008961157,1.6582832100972218
-59.43224,-0.008958571,1.6581299442861317
-59.44058,-0.008960958,1.6579772707466853
-59.44901,-0.008974284,1.6578229931835704
-59.45734,-0.008977853,1.657670588694348
-59.46565,-0.008977479,1.6575185926665226
-59.47392,-0.008958015,1.6573673704373277
-59.48219,-0.008930968,1.6572161902579579
-59.4906,-0.008940605,1.6570624939066003
-59.49892,-0.008932491,1.6569104850978809
-59.50732,-0.00893273,1.6567570577871766
-59.51564,-0.00892161,1.6566051343814836
-59.52402,-0.008922823,1.6564521583051683
-59.53236,-0.008936134,1.6562999551840378
-59.54085,-0.008940892,1.6561450583926836
-59.54913,-0.008936956,1.6559940355131975
-59.55737,-0.008919414,1.655843783901136
-59.56578,-0.008915895,1.655690475303102
-59.5741,-0.00891818,1.6555388499364656
-59.58249,-0.008919606,1.6553859917569742
-59.59091,-0.008934381,1.6552326302786784
-59.59918,-0.008934562,1.6550820430750894
-59.60739,-0.008917749,1.6549325897342593
-59.61578,-0.00891351,1.6547799022339387
-59.62413,-0.008921213,1.6546279853475432
-59.63249,-0.008932686,1.6544759291453368
-59.64079,-0.008953253,1.6543250064259714
-59.64908,-0.008964758,1.6541743074662678
-59.65738,-0.008965899,1.654023468680656
-59.6657,-0.008967115,1.6538723085457807
-59.67401,-0.008968681,1.6537213721685537
-59.68236,-0.008984468,1.6535697515982948
-59.69075,-0.008998888,1.6534174474269463
-59.69907,-0.008999422,1.6532664562446282
-59.70741,-0.008988134,1.6531151443346812
-59.71559,-0.008959209,1.652966776347684
-59.72391,-0.008938393,1.652815910746634
-59.73224,-0.00894738,1.6526649059201532
-59.74057,-0.008962706,1.6525139432047604
-59.74887,-0.008963642,1.6523635660389897
-59.75717,-0.008959915,1.6522132306466322
-59.76553,-0.008958782,1.652061850702236
-59.7739,-0.008965634,1.651910332101469
-59.78227,-0.008966833,1.651758855928355
-59.79065,-0.008965914,1.651607241265984
-59.79878,-0.008961645,1.6514601903249533
-59.80707,-0.008938461,1.6513102865597662
-59.81535,-0.008912428,1.6511606050955145
-59.8237,-0.008899406,1.6510097001689963
-59.83212,-0.008882422,1.6508575728220896
-59.84052,-0.008871056,1.6507058494812545
-59.84894,-0.008872864,1.650553807636359
-59.85721,-0.008852006,1.6504045160140275
-59.86551,-0.008806096,1.650254724297847
-59.87404,-0.008783163,1.6501008249986135
-59.88239,-0.008759592,1.6499502157479018
-59.89061,-0.008731689,1.6498019923323537
-59.89891,-0.008724887,1.64965236763073
-59.90709,-0.008754031,1.6495049467433653
-59.91544,-0.008792968,1.6493545036137598
-59.92372,-0.008828185,1.6492053630849353
-59.93198,-0.008854744,1.6490566238592486
-59.94019,-0.008844025,1.6489088256143334
-59.94835,-0.008827517,1.6487619675937704
-59.95667,-0.008827872,1.648612271161824
-59.96474,-0.008815444,1.6484671125064496
-59.97347,-0.008814087,1.648310126127436
-59.98207,-0.008822821,1.6481555221418667
-59.99071,-0.00880774,1.6480002437044003
