Temp./°C,DSC_mean/(mW/mg),DSC_std/(mW/mg),pore radius in nm,DSC_corr/(mW/mg)
-59.97281,-0.03607846,0.0020550709647276177,1.6483219929164568,-0.0020067154646213406
-59.94336698849425,-0.03609547129338895,0.0020479788852692526,1.648851643625774,-0.0020106867217776075
-59.9139239769885,-0.03612325575654895,0.002055510763975308,1.6493818148989572,-0.0020254311487049245
-59.884480965482744,-0.036153415933896704,0.0020530130168248,1.6499125075038323,-0.002042551289819998
-59.85503795397699,-0.036183400683417265,0.002057984812196233,1.6504437222097375,-0.002059496003107876
-59.82559494247124,-0.036204444543567006,0.0020625888454596456,1.6509754597875235,-0.002067499827024935
-59.796151930965486,-0.03622119673071663,0.0020606460902512324,1.651507721009562,-0.0020712119779418767
-59.76670891945973,-0.03623891141674738,0.0020505461492294308,1.6520405066497443,-0.0020758866277399424
-59.73726590795398,-0.03625419069925916,0.002045214220766835,1.6525738174834887,-0.0020781258740190447
-59.70782289644823,-0.03626948822356283,0.002049383930542278,1.6531076542877425,-0.0020803833620900297
-59.67837988494247,-0.0362823330738679,0.002053908008365261,1.6536420178409865,-0.0020801881761624147
-59.64893687343672,-0.03629513026589588,0.0020501115839724397,1.6541769089232385,-0.002079945331957704
-59.61949386193097,-0.03630712734759731,0.0020402580506306144,1.654712328316057,-0.0020789023774264587
-59.590050850425214,-0.03630638284340442,0.002024792141028553,1.6552482768025452,-0.0020651178370008905
-59.56060783891946,-0.036305767196425066,0.002016699209951008,1.655784755167355,-0.0020514621537888536
-59.53116482741371,-0.03631226913408672,0.002016210368295708,1.65632176419669,-0.002044924055217827
-59.501721815907956,-0.036324100630326144,0.00202078419595274,1.6568593046783109,-0.002043715515224566
-59.4722788044022,-0.03633184590630508,0.002030866359008686,1.6573973774015376,-0.002038420754970814
-59.44283579289645,-0.03634254762245981,0.0020338789713146856,1.657935983157254,-0.0020360824348928663
-59.4133927813907,-0.03635105719781914,0.002023083444847116,1.6584751227379115,-0.0020315519740195173
-59.38394976988494,-0.036359520567135296,0.002008016786378817,1.6590147969375346,-0.002026975307102989
-59.354506758379195,-0.036364508045921,0.0019992769776553906,1.6595550065517206,-0.0020189227496560103
-59.32506374687344,-0.036374513144761846,0.0020004821425526225,1.6600957523776492,-0.0020158878122641735
-59.295620735367685,-0.03639128182773219,0.0020089258041668793,1.660637035214081,-0.0020196164590018315
-59.26617772386194,-0.03640122900607425,0.0020122166523894795,1.6611788558613654,-0.0020165236011112156
-59.23673471235618,-0.03640326434173909,0.0020090169838036793,1.661721215121442,-0.002005518900543367
-59.207291700850426,-0.0364081091062653,0.0019990640246637936,1.6622641137978467,-0.0019973236288369015
-59.17784868934468,-0.03641160281673687,0.001984365082143421,1.6628075526957136,-0.001987777303075783
-59.14840567783892,-0.03641421710262962,0.0019716763774461047,1.6633515326217805,-0.0019773515527358523
-59.11896266633317,-0.036423769927844234,0.0019662148162113047,1.6638960543843915,-0.001973864341717778
-59.08951965482741,-0.03643320807576891,0.001966252785702881,1.664441118793503,-0.0019702624534097754
-59.060076643321665,-0.0364386324152064,0.0019697395180002858,1.6649867266606857,-0.001962646756614582
-59.03063363181591,-0.03643460123532143,0.0019750054968096227,1.6655328787991297,-0.0019455755404969369
-59.001190620310155,-0.03642849998204296,0.001981584747585735,1.6660795760236482,-0.0019264342509857715
-58.97174760880441,-0.036429575794347364,0.0019862072830665566,1.666626819150682,-0.0019144700270575035
-58.94230459729865,-0.036436222885192514,0.0019864600441068226,1.6671746089983026,-0.0019080770816699635
-58.912861585792896,-0.03643731628850378,0.0019876671292865253,1.6677229463862178,-0.001896130448748555
-58.88341857428715,-0.036438805641270354,0.001995442967519416,1.668271832135774,-0.001884579765282439
-58.85397556278139,-0.03643904311730254,0.00200420515497793,1.6688212670699616,-0.0018717772050819495
-58.82453255127564,-0.03644181770963943,0.002009460800483974,1.6693712520134185,-0.001861511761186152
-58.79508953976989,-0.03644665300056058,0.0020127054918539335,1.6699217877924353,-0.0018533070158746265
-58.765646528264135,-0.03644671251529874,0.0020139387515461338,1.6704728752349571,-0.0018403264943800957
-58.73620351675838,-0.036439770105260415,0.0020148184146588795,1.6710245151705898,-0.0018203440481090946
-58.70676050525263,-0.03643622992787527,0.0020147905275809713,1.6715767084306044,-0.0018037638344912607
-58.67731749374688,-0.036442125974854946,0.0020179017745365875,1.672129455847939,-0.0017966198452382606
-58.64787448224112,-0.03645388766860769,0.002017471800429816,1.672682758257205,-0.001795341502758313
-58.61843147073537,-0.036462008816679235,0.002005256910618644,1.673236616494691,-0.0017904226145971855
-58.58898845922962,-0.03646534798521548,0.001995782057371363,1.6737910313983657,-0.0017807217469007416
-58.55954544772386,-0.036465420038729705,0.001994523695115003,1.6743460038078837,-0.0017677537641822838
-58.53010243621811,-0.03646848679061284,0.001993730401346582,1.6749015345645892,-0.0017577804798327365
-58.50065942471236,-0.03647892413453899,0.001991276934462662,1.67545762451152,-0.0017551777875262076
-58.471216413206605,-0.036497159718042765,0.001988827162907479,1.6760142744934123,-0.0017603733347972966
-58.44177340170085,-0.036514596746179497,0.0019921897652040335,1.6765714853567038,-0.0017647703267013454
-58.4123303901951,-0.036535995880477824,0.001990304898056587,1.677129257949539,-0.0017731294247669907
-58.38288737868935,-0.036559550209697665,0.001985506852355203,1.677687593121774,-0.0017836437177541492
-58.35344436718359,-0.03658173695160285,0.0019834807204917094,1.67824649172498,-0.0017927904234266503
-58.324001355677844,-0.03659819035317923,0.0019762388347896566,1.6788059546124465,-0.0017962037887703577
-58.29455834417209,-0.03661651250596993,0.001970009155343793,1.679365982639189,-0.0018014859053283663
-58.26511533266633,-0.03663537979276272,0.00197422740280356,1.6799265766619493,-0.0018073131558884736
-58.235672321160585,-0.036652476459194214,0.0019860650181032996,1.6804877375392029,-0.0018113697860872857
-58.20622930965483,-0.03667223000260881,0.001991805880923485,1.681049466131162,-0.0018180832932691987
-58.176786298149075,-0.0366954475164434,0.001986992281228931,1.6816117632997805,-0.0018282607708711082
-58.14734328664333,-0.036713153536168726,0.0019818496455361215,1.682174629908757,-0.0018329267543637576
-58.11790027513757,-0.03672416177480791,0.0019766629904930813,1.6827380668235423,-0.0018308949567702529
-58.08845726363182,-0.036734074331119276,0.001973727808555766,1.68330207491134,-0.0018277674768489363
-58.05901425212607,-0.036744280905173114,0.001974235295027341,1.6838666550411134,-0.0018249340146700918
-58.029571240620314,-0.036756826609160693,0.0019779165629681115,1.6844318080835903,-0.0018244396824249887
-58.00012822911456,-0.03677158200666275,0.001979923953737139,1.6849975349112647,-0.0018261550436943635
-57.9706852176088,-0.03678309686544528,0.0019800862324821943,1.6855638363984053,-0.0018246298662442095
-57.941242206103055,-0.036788244250603556,0.0019820866114388823,1.686130713421056,-0.0018167372151698044
-57.9117991945973,-0.03680007405598882,0.00197981416529032,1.686698166857043,-0.0018155269843223854
-57.882356183091545,-0.03681065136356181,0.0019694011180566512,1.6872661975859793,-0.0018130642556626955
-57.8529131715858,-0.03682225284225108,0.0019591657207882716,1.6878348064892674,-0.0018116256981192819
-57.82347016008004,-0.036838107290987986,0.0019525769295489844,1.6884039944501055,-0.001814440110623504
-57.79402714857429,-0.036853686131323726,0.001944647770715213,1.6889737623534913,-0.0018169789147265553
-57.76458413706854,-0.03686691082576562,0.0019351313936766344,1.6895441110862275,-0.0018171635729357719
-57.735141125562784,-0.03687378073574774,0.0019298233574606585,1.690115041536925,-0.0018109934466852134
-57.70569811405703,-0.03687993730355025,0.0019276011368825024,1.690686554596009,-0.0018041099782550377
-57.67625510255128,-0.03688928452260573,0.0019247418407242077,1.6912586511557222,-0.0018004171610778372
-57.646812091045526,-0.03689631398974912,0.0019221798865247334,1.691831332110131,-0.0017944065919885469
-57.61736907953977,-0.03690381882262372,0.0019199781316160838,1.692404598355128,-0.0017888713886304516
-57.58792606803402,-0.03690904748216715,0.0019197563878008673,1.6929784507884387,-0.001781060011941206
-57.55848305652827,-0.036913511575172135,0.0019159484600774848,1.6935528903096264,-0.0017724840687135118
-57.52904004502251,-0.03691964420290065,0.0019138079964134498,1.6941279178200945,-0.0017655766602093434
-57.499597033516764,-0.036924120501678225,0.0019110083514112728,1.6947035342230934,-0.0017570129227542364
-57.47015402201101,-0.036922879847111297,0.0019066591071933356,1.6952797404237243,-0.001742732231954626
-57.440711010505254,-0.036920802147750405,0.001900639838931803,1.695856537328944,-0.0017276144963610449
-57.411267998999506,-0.036921573996224054,0.0019053103892464228,1.6964339258475705,-0.0017153463086020185
-57.38182498749375,-0.03692888607336184,0.0019129241465175913,1.6970119068902862,-0.0017096183495071207
-57.352381975987996,-0.036935565501861216,0.001915336672982611,1.697590481369644,-0.0017032577417738157
-57.32293896448224,-0.03693592923003667,0.0019096769537665203,1.698169650200072,-0.00169058143371658
-57.29349595297649,-0.03693214913114201,0.0019058993695968136,1.6987494142978767,-0.0016737612985892464
-57.26405294147074,-0.03692746380910353,0.0019030481888940803,1.6993297745812517,-0.0016560359403180736
-57.23460992996498,-0.03693058553766359,0.0018956357412726525,1.6999107319702769,-0.0016461176326454593
-57.205166918459234,-0.03694184857797011,0.0018888130478824261,1.7004922873869281,-0.0016443406367192895
-57.17572390695348,-0.03694698016667571,0.001897130772618493,1.7010744417550803,-0.0016364321891922176
-57.146280895447724,-0.036953991227029685,0.0019025688170952791,1.7016571960005118,-0.0016304032133135013
-57.116837883941976,-0.036965510219471635,0.0019075348966642958,1.7022405510509109,-0.001628882169522776
-57.08739487243622,-0.03697616334720827,0.0019144968091875955,1.7028245078358784,-0.0016264952610267197
-57.057951860930466,-0.03697950894952573,0.0019188930924474994,1.7034090672869344,-0.0016168008271115059
-57.02850884942472,-0.036982301119931144,0.001915223583918058,1.703994230337523,-0.00160655296128423
-56.99906583791896,-0.03698607886821199,0.0019088934387787055,1.704579997923017,-0.001597290673332398
-56.96962282641321,-0.036991667620482956,0.0019072777098975249,1.7051663709807223,-0.0015898393893706772
-56.94017981490746,-0.03699821491138116,0.0019123669556454813,1.7057533504498839,-0.0015833466440362057
-56.910736803401704,-0.03701222874770734,0.0019103887182818642,1.706340937271691,-0.0015843204441296985
-56.88129379189595,-0.037024492827753504,0.001914052529250683,1.7069291323892801,-0.001583544487943185
-56.851850780390194,-0.03702702061551969,0.0019167714950494286,1.7075179367477427,-0.0015730322394766835
-56.822407768884446,-0.037025102227808304,0.0019191351849681586,1.7081073512941285,-0.0015580738155326207
-56.79296475737869,-0.03702423764131919,0.0019225444502764806,1.7086973769774523,-0.001544169192810814
-56.763521745872936,-0.037026040241558575,0.0019279599153026949,1.709288014748696,-0.0015329317568175196
-56.73407873436719,-0.03702418438326042,0.0019346993898917847,1.7098792655608164,-0.0015180358622866805
-56.70463572286143,-0.03702064174573841,0.0019389586388134112,1.7104711303687505,-0.0015014531885319954
-56.67519271135568,-0.03701629524300626,0.0019460031695926615,1.7110636101294183,-0.0014840666495671562
-56.64574969984993,-0.03701345517856344,0.0019563334430728273,1.71165670580173,-0.0014681865488916646
-56.616306688344174,-0.037013654559728194,0.001958156656047905,1.7122504183465903,-0.001455345893823727
-56.58686367683842,-0.03701125332002742,0.0019573039372099135,1.7128447487269045,-0.0014399046178902725
-56.55742066533267,-0.037004026636125904,0.0019588164496632727,1.7134396979075817,-0.0014196378977560722
-56.527977653826916,-0.036997295707468895,0.001959593444525613,1.714035266855542,-0.001399866932866381
-56.49853464232116,-0.03699678586029502,0.0019560035399180534,1.7146314565397218,-0.0013863170494598231
-56.46909163081541,-0.03699658952328689,0.001954734470294556,1.7152282679310766,-0.001373080676219017
-56.43964861930966,-0.03699357119985245,0.0019572900573208147,1.71582570200259,-0.0013570223165518883
-56.4102056078039,-0.036997658228746545,0.0019487729424303806,1.7164237597292753,-0.0013480693092133011
-56.380762596298155,-0.036994460318309046,0.0019388600342339739,1.717022442088183,-0.0013318313625431191
-56.3513195847924,-0.03699028576984784,0.0019328757764370814,1.7176217500584063,-0.001314616777849234
-56.321876573286644,-0.036992591504998604,0.0019227712368639059,1.718221684621085,-0.0013038824767673124
-56.292433561780896,-0.03700084484919717,0.0019083038390520096,1.718822246759411,-0.0012990957847332021
-56.26299055027514,-0.0370041266878125,0.0018995928470824082,1.719423437458636,-0.0012893375871158436
-56.233547538769386,-0.03699903203603352,0.0018991310812260735,1.7200252577060735,-0.001271202899104179
-56.20410452726363,-0.03699093827773488,0.001900903248514324,1.720627708491107,-0.0012500691045728568
-56.17466151575788,-0.03698275455244062,0.001899111041949279,1.7212307908051931,-0.0012288453430459173
-56.14521850425213,-0.036979861523483336,0.001886956343728604,1.7218345056418696,-0.00121291227785595
-56.11577549274637,-0.03698150545517494,0.0018701495283816479,1.7224388539967581,-0.001201516173314869
-56.086332481240625,-0.036979757135148346,0.001862493909447671,1.7230438368675718,-0.0011867278170555953
-56.05688946973487,-0.03697408664516582,0.0018606348470772078,1.7236494552541193,-0.0011680172908403869
-56.027446458229115,-0.036964577224285665,0.0018587528521333758,1.7242557101583111,-0.0011454678337275495
-55.99800344672337,-0.03695343041799402,0.0018565452746001406,1.7248626025841651,-0.001121280991203219
-55.96856043521761,-0.036945337830770225,0.001854975277852466,1.725470133537812,-0.001100148367746745
-55.939117423711856,-0.03693982630824233,0.0018559346171567322,1.7260783040275003,-0.0010815968089861669
-55.90967441220611,-0.03693317237094998,0.0018600536891510723,1.7266871150636023,-0.0010619028354611343
-55.88023140070035,-0.03692340052685034,0.0018625489052921437,1.727296567658621,-0.0010390909551288158
-55.8507883891946,-0.036911886896852174,0.0018603046796795003,1.7279066628271922,-0.001014537288897964
-55.82134537768884,-0.036903641387947946,0.0018639844236007456,1.7285174015860942,-0.0009932517437610464
-55.791902366183095,-0.03689562233159938,0.0018718528622710064,1.7291287849542507,-0.0009721926511798082
-55.76245935467734,-0.03689047114242726,0.0018778837461963268,1.7297408139527386,-0.0009540014257749946
-55.733016343171585,-0.036886102618736615,0.0018814427357051,1.730353489604791,-0.0009365928658516751
-55.70357333166584,-0.03688204436140729,0.0018879378991650563,1.7309668129358053,-0.0009194945722896669
-55.67413032016008,-0.03688821148296095,0.0018948867524162811,1.7315807849733478,-0.0009126216576106488
-55.644687308654326,-0.0368968267930057,0.001903879329902282,1.732195406747159,-0.0009081969314227098
-55.61524429714858,-0.03690450879400378,0.0019133963767852446,1.7328106792891615,-0.0009028388961881129
-55.58580128564282,-0.036915820995721,0.0019208994423789726,1.733426603633463,-0.0009011110616726423
-55.55635827413707,-0.03692206117347123,0.0019226751760792193,1.7340431808163634,-0.0008943112031901956
-55.52691526263132,-0.03692622182742338,0.0019262967114087846,1.7346604118763613,-0.0008854318209096657
-55.497472251125565,-0.03693774857523174,0.0019336137533589907,1.7352782978541588,-0.000883918532485338
-55.46802923961981,-0.03694852210843414,0.0019441605044185537,1.7358968397926673,-0.0008816520294550531
-55.43858622811406,-0.03695891212952649,0.0019489396069353464,1.736516038737014,-0.0008790020143147267
-55.40914321660831,-0.03696825947414976,0.0019512719783576766,1.7371358957345482,-0.0008753093227053046
-55.37970020510255,-0.03698363961701015,0.0019582521317405874,1.7377564118348454,-0.0008776494293330217
-55.3502571935968,-0.03699607795540445,0.001963874512964237,1.7383775880897145,-0.0008770477314946346
-55.32081418209105,-0.036999351271132526,0.001967240170334243,1.7389994255532044,-0.0008672810109900328
-55.29137117058529,-0.037001041740969416,0.001972178846910265,1.7396219252816087,-0.0008559314445942337
-55.261928159079545,-0.037004380489684734,0.0019789430289304986,1.7402450883334715,-0.0008462301570768757
-55.23248514757379,-0.03700396370043019,0.001985648487931813,1.7408689157695951,-0.0008327733315896396
-55.203042136068035,-0.03700233816867402,0.0019894581624246396,1.741493408653045,-0.0008181077636007991
-55.17359912456229,-0.036998567529529895,0.0019957055770052365,1.742118568049154,-0.0008012970882239831
-55.14415611305653,-0.03699519811496421,0.0020021133942676444,1.7427443950255324,-0.0007848876374256242
-55.11471310155078,-0.0369967770643337,0.0019999587279284636,1.7433708906520708,-0.0007734265505624227
-55.08527009004503,-0.037006728587608034,0.0020018024467329007,1.7439980560009474,-0.0007703380376040819
-55.055827078539274,-0.037016402131762015,0.0020044233364029545,1.744625892146634,-0.0007669715455253731
-55.02638406703352,-0.03701882009583895,0.0020076153040837243,1.7452544001659014,-0.0007563494733696316
-54.99694105552776,-0.037012436267382334,0.002012401432164953,1.7458835811378277,-0.0007369256086803277
-54.967498044022015,-0.0370034261995188,0.002012036962197764,1.7465134361438008,-0.0007148755045841212
-54.93805503251626,-0.036999097819723145,0.002003646496343785,1.7471439662675294,-0.0006975070885557738
-54.908612021010505,-0.036997463417549475,0.0019968174898914947,1.7477751725950448,-0.0006828326501494217
-54.87916900950476,-0.03699626119260925,0.0019890175679760707,1.7484070562147092,-0.0006685903889765143
-54.849725997999,-0.03700471396076276,0.001988007547055496,1.7490396182172225,-0.000664003120897351
-54.82028298649325,-0.03701556715359077,0.001988850505743999,1.7496728596956266,-0.0006618162774926703
-54.7908399749875,-0.037021847004485214,0.0019887208333190156,1.750306781745314,-0.0006550560921544379
-54.761396963481744,-0.0370232124659956,0.0019910785143471992,1.7509413854640328,-0.0006433815174321372
-54.73195395197599,-0.03701396423249482,0.001994071800387008,1.751576671951892,-0.0006210932476986702
-54.70251094047023,-0.036997162936317295,0.0019951807880783665,1.7522126423113709,-0.000591251915288464
-54.673067928964485,-0.036983623075446954,0.0019925292168910046,1.7528492976473227,-0.0005646720181854484
-54.64362491745873,-0.03698226197422494,0.001984932180869902,1.7534866390669817,-0.0005502708807307438
-54.614181905952975,-0.03698762056652082,0.0019874124442292663,1.75412466767997,-0.0005425894367939443
-54.58473889444723,-0.03699109708162099,0.001989668544778268,1.7547633845983044,-0.0005330259156614281
-54.55529588294147,-0.03699470269628639,0.0019897354342296256,1.7554027909364014,-0.0005235914940941444
-54.52585287143572,-0.03699496753086629,0.001986796695369852,1.7560428878110859,-0.000510816292441367
-54.49640985992997,-0.036989308816871846,0.001983275508061489,1.756683676341594,-0.000492117542214239
-54.466966848424214,-0.036982357335358186,0.0019801393970981943,1.7573251576495852,-0.00047212602446789625
-54.43752383691846,-0.0369719859239074,0.0019791294985145817,1.7579673328591423,-0.0004487145767844286
-54.40808082541271,-0.03696147079120804,0.0019728052356958294,1.7586102030967834,-0.00042515940785238515
-54.378637813906956,-0.03695239913615995,0.0019669609455199638,1.7592537694914658,-0.0004030477165716112
-54.3491948024012,-0.03694689903236475,0.001964492939861472,1.759898033174593,-0.00038450757654372864
-54.31975179089545,-0.036947426253869174,0.001961186141713796,1.7605429952800216,-0.0003719947618154723
-54.2903087793897,-0.03694870132250922,0.0019547581955926805,1.7611886569440687,-0.0003602297942228369
-54.26086576788394,-0.03694447881906642,0.0019464133186208276,1.7618350193055163,-0.000342967254547355
-54.231422756378194,-0.03694125922824488,0.001935000419564047,1.7624820835056205,-0.00032670762749312937
-54.20197974487244,-0.036939799923426164,0.001926036762443894,1.763129850688117,-0.00031220828644173276
-54.172536733366684,-0.03693805365817359,0.0019252466832452152,1.7637783219992276,-0.0002974219849564766
-54.143093721860936,-0.036938528419793,0.0019292666119445066,1.7644274985876676,-0.0002848567103432009
-54.11365071035518,-0.0369395409662883,0.001921823926505783,1.765077381604652,-0.00027282922060582054
-54.084207698849426,-0.03693908138014627,0.001914088567486331,1.765727972203904,-0.00025932959823110613
-54.05476468734368,-0.03693924920263748,0.001914445977240967,1.7663792715416586,-0.0002464573844896331
-54.02532167583792,-0.03694548725377967,0.0019162849726775508,1.7670312807766724,-0.00023965539939914404
-53.99587866433217,-0.03695404134404439,0.0019182440401819953,1.7676840010702297,-0.00023516945343118184
-53.96643565282642,-0.03696077955346486,0.0019187772200826038,1.7683374335861477,-0.00022886762661897264
-53.936992641320664,-0.03696092697426137,0.0019182111679194778,1.7689915794907867,-0.00021597501118279794
-53.90754962981491,-0.03695730035605243,0.001916165641877247,1.7696464399530534,-0.0001993083567411666
-53.878106618309154,-0.03695117726378604,0.0019206908835312374,1.7703020161444107,-0.00018014522824210538
-53.848663606803406,-0.0369482921272673,0.0019280668279823324,1.7709583092388832,-0.00016422005549068114
-53.81922059529765,-0.03694449930460643,0.0019280706097403023,1.7716153204130647,-0.0001473871965971263
-53.789777583791896,-0.0369395511647555,0.0019248367404825248,1.7722730508461253,-0.00012939902051350982
-53.76033457228615,-0.036937722791973326,0.0019297669867035625,1.7729315017198175,-0.00011453061149865884
-53.73089156078039,-0.03693509340274006,0.0019358011214154775,1.7735906742184855,-9.886118603270183e-05
-53.70144854927464,-0.036934833028565706,0.0019339574452434311,1.7742505695290696,-8.556077562567321e-05
-53.67200553776889,-0.036935505286722875,0.0019277015724529936,1.7749111888411147,-7.319299755016023e-05
-53.642562526263134,-0.03693450757738023,0.0019231204971377027,1.7755725333467782,-5.9155251974835066e-05
-53.61311951475738,-0.036931306880166936,0.0019176891319729302,1.7762346042408357,-4.2914518528849865e-05
-53.583676503251624,-0.03693399451702397,0.0019179125430483842,1.7768974027206892,-3.2562119153208e-05
-53.554233491745876,-0.03694209500639176,0.0019223212796424245,1.7775609299863726,-2.7622572288311942e-05
-53.52479048024012,-0.0369456866832176,0.0019252724401476375,1.7782251872405626,-1.817421288147214e-05
-53.495347468734366,-0.036948607900670206,0.0019260949200329426,1.7788901756885815,-8.055394101390279e-06
-53.46590445722862,-0.03695384654017913,0.0019220728340588302,1.7795558965384077,-2.5399737763748265e-07
-53.43646144572286,-0.03695445836062588,0.0019169730460472704,1.7802223510006816,1.2174218408302073e-05
-53.40701843421711,-0.03695132730840259,0.0019142654866731537,1.7808895402887135,2.834530686426917e-05
-53.37757542271136,-0.03695102323878737,0.0019166282150303103,1.7815574656184903,4.168941271217447e-05
-53.348132411205604,-0.0369522747137381,0.0019179689564768581,1.7822261282086846,5.347797399412463e-05
-53.31868939969985,-0.036949496743187454,0.0019121697906717835,1.7828955292806588,6.929598077745625e-05
-53.2892463881941,-0.03695155396310055,0.0019133234134314778,1.783565670058476,8.027879709703728e-05
-53.259803376688346,-0.03695642506770903,0.001919545989250535,1.784236551768906,8.844772872124845e-05
-53.23036036518259,-0.0369535564104703,0.001918615857272672,1.7849081756414327,0.00010435642219264879
-53.20091735367684,-0.03693954087125787,0.001911311229079896,1.7855805429082605,0.00013141199763776895
-53.17147434217109,-0.03692359781161752,0.0019092757590277198,1.7862536548043253,0.000160395093510797
-53.14203133066533,-0.03691428165129341,0.0019211879243380891,1.7869275125672983,0.00018275129006759677
-53.112588319159585,-0.03690789354086461,0.0019317949735290943,1.7876021174375953,0.0002021794367290733
-53.08314530765383,-0.03690035666380945,0.0019350537021442726,1.7882774706583846,0.00022275635001692273
-53.053702296148074,-0.0368976640772144,0.0019367943595358212,1.7889535734755935,0.00023848897284465403
-53.024259284642326,-0.03689537738922306,0.0019354642551865744,1.7896304271379173,0.00025381569706867807
-52.99481627313657,-0.036888094771667025,0.001935671976880183,1.7903080328968262,0.00027413835085738497
-52.965373261630816,-0.036869728291635574,0.001937661799782337,1.7909863920065727,0.00030554486712152523
-52.93593025012507,-0.03685025587267435,0.0019354466677104344,1.7916655057241995,0.00033805732231542707
-52.90648723861931,-0.03683676100160956,0.0019350444005762806,1.7923453753095493,0.000364592229612902
-52.87704422711356,-0.036839570327503485,0.0019476743478886811,1.7930260020252686,0.000374822939951662
-52.84760121560781,-0.03684805625363424,0.001960277046440715,1.7937073871368185,0.00037937705005358646
-52.818158204102055,-0.036853775660842115,0.0019653849630182053,1.7943895319124832,0.0003866976790783891
-52.7887151925963,-0.03685744597048963,0.0019603443355892514,1.7950724376233742,0.0003960674056635652
-52.759272181090545,-0.036866499459470035,0.001953461482153518,1.795756105543442,0.0004000539529158409
-52.7298291695848,-0.03687987439970389,0.001950888083081134,1.7964405369494814,0.0003997190489146707
-52.70038615807904,-0.03689555737351291,0.0019522725844342687,1.7971257331211414,0.0003970761113383306
-52.670943146573286,-0.03690830633538201,0.0019613536566060233,1.7978116953409322,0.0003973671857019148
-52.64150013506754,-0.03692838737145458,0.0019726025418327423,1.7984984248942326,0.00039032618586202356
-52.61205712356178,-0.03695119050217654,0.0019817804525013956,1.7991859230692993,0.0003805630913727501
-52.58261411205603,-0.03697717988130547,0.0019911447907899884,1.7998741911572744,0.0003676137484764988
-52.55317110055028,-0.03699812232150549,0.0019941700959568275,1.8005632304521932,0.0003597113445091629
-52.523728089044525,-0.03701083054897958,0.0019967327731939626,1.801253042250993,0.000360043153267757
-52.49428507753877,-0.0370240548320221,0.001999507750969071,1.80194362785352,0.00035985890645792024
-52.464842066033015,-0.03704145902802465,0.0019961918767538913,1.8026349885625388,0.0003554947466880565
-52.43539905452727,-0.03705743898772736,0.0019941531563706385,1.8033271256837398,0.0003525548232180195
-52.40595604302151,-0.037075199800881385,0.001997734877444884,1.8040200405257485,0.00034783404629668
-52.376513031515756,-0.03709044787385724,0.002001638442620238,1.8047137344001318,0.0003456260095535055
-52.34707002001001,-0.03710012500795892,0.0020060742478278546,1.8054082086214085,0.00034898891168450713
-52.31762700850425,-0.03711056534369456,0.002009461113955654,1.8061034645070553,0.00035158861218155535
-52.2881839969985,-0.03711803924296347,0.002006003916222281,1.8067995033775173,0.00035715474914533446
-52.25874098549275,-0.03712450701846302,0.0020020626398290315,1.807496326556215,0.00036372700987846035
-52.229297973986995,-0.03713108999543356,0.001994776715903701,1.8081939353695535,0.0003701840691405986
-52.19985496248124,-0.03714087157192035,0.001987888636996684,1.8088923311469296,0.00037344252888649176
-52.17041195097549,-0.03715278064580052,0.0019859430340511334,1.8095915152207418,0.0003745734912390039
-52.14096893946974,-0.037164994325243145,0.001985025864427649,1.8102914889263984,0.0003753998480290621
-52.11152592796398,-0.037171845679623505,0.0019882961666331167,1.8109922536023246,0.0003815885298813909
-52.08208291645823,-0.037183663179580904,0.001986117443487804,1.8116938105899738,0.0003828110661566672
-52.05263990495248,-0.037200126914786635,0.0019766614114103175,1.812396161233833,0.0003793873671836187
-52.02319689344672,-0.037220797033860296,0.001971561434931968,1.8130993068814343,0.00037175728434264005
-51.993753881940975,-0.03723405188746611,0.0019663116768868084,1.8138032488833602,0.0003715424669695072
-51.96431087043522,-0.037238736375657874,0.0019594955306821535,1.814507988593256,0.00037989801501042697
-51.934867858929465,-0.037243877905593685,0.0019536079896356503,1.8152135273678356,0.00038779652130730563
-51.90542484742372,-0.0372494964632001,0.0019533426611166357,1.815919866566892,0.0003952179999335628
-51.87598183591796,-0.03725702539974688,0.0019506589637111331,1.8166270075533046,0.00040072909961947484
-51.84653882441221,-0.037267673774155484,0.0019544595234779667,1.817334951693049,0.00040312076144354697
-51.81709581290646,-0.03727811203600618,0.0019571042766319555,1.8180437003552052,0.00040572253582553397
-51.787652801400704,-0.03729283854038071,0.001953259481111684,1.8187532549119676,0.0004040360676836885
-51.75820978989495,-0.03731466541910145,0.0019464653938173874,1.819463616738651,0.00039524922519563327
-51.7287667783892,-0.037329934214412795,0.0019403189433406488,1.8201747872137033,0.00039302046611696534
-51.699323766883445,-0.037338312429831634,0.0019360327565229357,1.8208867677187115,0.0003976822869308158
-51.66988075537769,-0.037344458235386346,0.0019352560375537602,1.8215995596384125,0.000404576517608779
-51.64043774387194,-0.03735525888645804,0.0019357686904086446,1.8223131643607,0.00040681590276976654
-51.61099473236619,-0.037376432254902774,0.0019386150349400596,1.823027583276636,0.00039868257055771655
-51.58155172086043,-0.03741014264125888,0.0019441245976405822,1.8237428177804582,0.00037801222043429977
-51.55210870935468,-0.03744274310774607,0.0019473758091106232,1.8244588692695891,0.0003584517901797854
-51.52266569784893,-0.037469963040290356,0.0019477163798095058,1.8251757391446453,0.00034427189386818796
-51.493222686343174,-0.03749891777535036,0.001945085164224601,1.8258934288094482,0.0003283571950408598
-51.46377967483742,-0.037529906144733484,0.0019428617236977874,1.8266119396710305,0.0003104088618904252
-51.43433666333166,-0.03755985017765887,0.001944771450816873,1.8273312731396465,0.000293504865197719
-51.404893651825915,-0.03758766884450585,0.0019491433618774893,1.8280514306287823,0.0002787262345834221
-51.37545064032016,-0.03761000978180632,0.001951150182694209,1.8287724135551637,0.00026942533351562853
-51.346007628814405,-0.037635280885901894,0.0019520973898809473,1.829494223338767,0.0002571942656527451
-51.31656461730866,-0.037666350212645305,0.0019555606771167492,1.8302168614028256,0.00023916497514200885
-51.2871216058029,-0.03769654030122186,0.001954456213492317,1.8309403291738424,0.000222014922798143
-51.25767859429715,-0.03772680003606652,0.0019519476343916593,1.8316646280815982,0.00020479522418616336
-51.2282355827914,-0.03774981639001359,0.0019528771830602777,1.8323897595591592,0.00019481890647177896
-51.198792571285644,-0.0377707913642134,0.001954746822192319,1.83311572504289,0.00018688396850465028
-51.16934955977989,-0.03779586820774821,0.001953422078696986,1.83384252597246,0.00017484716120252236
-51.13990654827414,-0.037824535772576266,0.0019528098685098942,1.834570163790854,0.0001592196326071424
-51.110463536768385,-0.03785166244440714,0.0019572814020885525,1.8352986399443827,0.0001451329970089607
-51.08102052526263,-0.0378786075971004,0.0019615944985053647,1.8360279558826904,0.00013122788054838186
-51.05157751375688,-0.037905712633386386,0.0019592757969455424,1.836758113058766,0.00011716288049507667
-51.02213450225113,-0.03793553994613225,0.001950631681934067,1.837489112928953,0.00010037560398189205
-50.99269149074537,-0.037963453742833136,0.0019449979472555166,1.838220956952957,8.550184351369117e-05
-50.963248479239624,-0.03799246064035334,0.0019464683898946474,1.8389536465938576,6.953498222616455e-05
-50.93380546773387,-0.03802215037782968,0.0019548532166845157,1.8396871833181185,5.288528098251061e-05
-50.904362456228114,-0.03805096092696137,0.0019632771767249184,1.8404215685955942,3.7114768083504335e-05
-50.874919444722366,-0.03808159324628329,0.0019624648687615485,1.8411568038995432,1.9522484994267952e-05
-50.84547643321661,-0.03811596479808351,0.001954056287349214,1.8418928907066356,-1.8090305732715306e-06
-50.816033421710856,-0.038149144084959646,0.0019430952206363464,1.842629830496965,-2.194828121672432e-05
-50.78659041020511,-0.03818274213129582,0.0019335195658773763,1.8433676247540562,-4.25062913202226e-05
-50.75714739869935,-0.03821432763680765,0.0019246309710206938,1.8441062749648762,-6.105176059936074e-05
-50.7277043871936,-0.038242706310947026,0.0019178008273288232,1.8448457826198457,-7.639039850605711e-05
-50.69826137568785,-0.038268607275490286,0.0019116253690857944,1.8455861492128456,-8.925132681663478e-05
-50.668818364182094,-0.038293512413149274,0.0019051018090891012,1.8463273762412302,-0.00010111642824293943
-50.63937535267634,-0.03832502038333597,0.001900264754476241,1.8470694652058368,-0.00011958436219695195
-50.60993234117059,-0.038358116779617556,0.001898168295889959,1.8478124176109936,-0.00013964072224585677
-50.580489329664836,-0.03838819244191555,0.001890589656829203,1.848556234964533,-0.00015667634831116606
-50.55104631815908,-0.038415578764936835,0.0018817817664567905,1.8493009187777991,-0.00017102263509977123
-50.52160330665333,-0.03844391650142271,0.0018771102004672207,1.8500464705656605,-0.00018632033535296438
-50.49216029514758,-0.03846897900717405,0.0018771093414192252,1.8507928918465177,-0.00019834280487162487
-50.46271728364182,-0.03849227353515584,0.0018807905723752841,1.8515401841423165,-0.00020859729662072585
-50.43327427213607,-0.03851736185542245,0.0018875476084899033,1.852288348978555,-0.00022064558065464784
-50.40383126063032,-0.03854433371998591,0.0018946462519701661,1.8530373878842972,-0.0002345774089854355
-50.374388249124564,-0.03856985201677444,0.001900547336505826,1.8537873023921807,-0.00024705566954127955
-50.34494523761881,-0.03859350425769681,0.0019000373989215566,1.8545380940384302,-0.0002576678742309685
-50.315502226113054,-0.038621739437015246,0.00189891426970437,1.855289764362864,-0.0002728630173167157
-50.286059214607306,-0.038649218924785025,0.0018970091426143518,1.8560423149089078,-0.00028730246885382005
-50.25661620310155,-0.03867576316989501,0.0018970689798698227,1.8567957472236052,-0.00030080667773111497
-50.227173191595796,-0.03870141396864666,0.001899601574074573,1.8575500628576251,-0.0003134174402500897
-50.19773018009005,-0.03872457751344133,0.001900706276158445,1.8583052633652763,-0.0003235409488120747
-50.16828716858429,-0.03874245981470492,0.001899758558914379,1.8590613503045161,-0.0003283832138429865
-50.13884415707854,-0.03876128923679965,0.0018981097238236426,1.8598183252369607,-0.0003341725997050224
-50.10940114557279,-0.03878328377360324,0.0018965812024250503,1.860576189727896,-0.00034312710027593896
-50.079958134067034,-0.038805395703891556,0.001889785771350093,1.8613349453462913,-0.0003521989943315665
-50.05051512256128,-0.03882270147427934,0.00187915039155079,1.8620945936648052,-0.00035646472848667454
-50.02107211105553,-0.0388361665840764,0.0018752735290590912,1.8628551362598005,-0.0003568898020510497
-49.991629099549776,-0.03885278498421013,0.001876178219030459,1.8636165747113536,-0.00036046816595210196
-49.96218608804402,-0.03886913042575003,0.0018778092071589621,1.8643789106032647,-0.0003637735712593085
-49.93274307653827,-0.03888085085010056,0.0018788187202569166,1.8651421455230701,-0.0003624539593771667
-49.90330006503252,-0.038893962681778645,0.0018758881310002738,1.865906281062053,-0.00036252575482256105
-49.87385705352676,-0.03890882457035574,0.001870312765415471,1.866671318815254,-0.00036434760716698433
-49.844414042021015,-0.038923922480235955,0.0018651687444964837,1.8674372603814815,-0.00036640548081450647
-49.81497103051526,-0.03894399615774214,0.001865106712104451,1.8682041073633258,-0.0003734391220880165
-49.785528019009504,-0.03896819769559998,0.0018640793081244392,1.8689718613671666,-0.0003846006237131702
-49.756085007503756,-0.03898958910610282,0.0018672215647955084,1.869740524003186,-0.0003929519979833304
-49.726641995998,-0.039007759863080305,0.0018759627069020726,1.8705100968853805,-0.0003980827187281266
-49.697198984492246,-0.03902442666214006,0.001886045652544359,1.8712805816315714,-0.00040170948155520553
-49.6677559729865,-0.03904533190521626,0.0018893382285478742,1.8720519798634143,-0.00040957468839871586
-49.63831296148074,-0.03906954227959319,0.0018877299277871682,1.8728242932064156,-0.00042074502654296936
-49.60886994997499,-0.03909354736851263,0.0018832421581582834,1.8735975232899373,-0.0004317100792297218
-49.57942693846924,-0.039117785265410564,0.001887095586425894,1.8743716717472143,-0.0004429079398949806
-49.549983926963485,-0.03914046550594299,0.001895164120145075,1.8751467402153623,-0.00045254814419471573
-49.52054091545773,-0.039163631531484056,0.00189911783248548,1.875922730335391,-0.0004626741335031076
-49.49109790395198,-0.03918603137250347,0.0019010689565101366,1.876699643752214,-0.0004720339382898314
-49.46165489244623,-0.03920655873398353,0.0019070408578368207,1.8774774821146631,-0.00047952126353721647
-49.43221188094047,-0.03923090891351191,0.0019123360025155025,1.8782562470754973,-0.0004908314068329048
-49.40276886943472,-0.03925490466530133,0.0019143817821651353,1.8790359402914163,-0.0005017871223896506
-49.37332585792897,-0.03927409995593073,0.0019075604058972342,1.8798165634230717,-0.0005079423767863633
-49.34388284642321,-0.039293059588577116,0.0018958861544143633,1.8805981181350777,-0.0005138619732000735
-49.31443983491746,-0.03931495323788167,0.0018936836228139434,1.8813806060960245,-0.0005227155862719407
-49.28499682341171,-0.03934098034821077,0.0018939913066361779,1.8821640289784902,-0.0005357026603683632
-49.255553811905955,-0.03936799142455621,0.0018875109221491713,1.882948388459051,-0.0005496737004811111
-49.2261108004002,-0.03938621134640139,0.0018790531685527426,1.8837336862182954,-0.0005548535860936121
-49.19666778889445,-0.039403756430942204,0.0018698432230917553,1.8845199239408337,-0.0005593586344017423
-49.1672247773887,-0.039423539321163215,0.0018625830144752711,1.8853071033153128,-0.0005661014883900709
-49.13778176588294,-0.03944009888282853,0.001859091451078851,1.886095226034426,-0.0005696210138227062
-49.108338754377186,-0.0394558687634066,0.0018567340364663352,1.886884293794926,-0.0005723508581680914
-49.07889574287144,-0.039474704418346,0.0018536994999207843,1.8876743082976377,-0.0005781464768748121
-49.04945273136568,-0.0394924890923616,0.001848973551134241,1.8884652712474699,-0.0005828911146577298
-49.02000971985993,-0.03951128035872192,0.0018459553359312358,1.8892571843534265,-0.0005886423447853673
-48.99056670835418,-0.0395303113169889,0.0018482620729919899,1.8900500493286203,-0.0005946332668196608
-48.961123696848425,-0.039547689822822175,0.0018562286442028414,1.8908438678902857,-0.0005989717364202549
-48.93168068534267,-0.03957143963742029,0.0018590581562927266,1.8916386417597892,-0.0006096815147856871
-48.90223767383692,-0.039593205471147315,0.0018591966067547153,1.8924343726626431,-0.0006184073122800296
-48.87279466233117,-0.039611666354322804,0.0018657098312053083,1.893231062328518,-0.0006238281592228362
-48.84335165082541,-0.039636447031446025,0.0018748337892896877,1.8940287124912554,-0.0006355688001133744
-48.81390863931966,-0.039664860329166225,0.0018759668159999028,1.8948273248888787,-0.0006509420616008926
-48.78446562781391,-0.039693355474228566,0.0018795627977255503,1.895626901263609,-0.0006663971704305507
-48.75502261630815,-0.03971884609274909,0.0018873205245906383,1.8964274433618744,-0.0006788477527183909
-48.725579604802405,-0.039743135008938,0.0018934999234400374,1.897228952934325,-0.0006900966326746222
-48.69613659329665,-0.039767096560363556,0.0018972854625168283,1.8980314317358444,-0.0007010181478674937
-48.666693581790895,-0.03979366749750181,0.0018993780079423126,1.8988348815255636,-0.0007145490487730638
-48.63725057028515,-0.039819439508342554,0.0019021052680525566,1.8996393040668718,-0.0007272810233811267
-48.60780755877939,-0.03984325702374425,0.0019039037651210151,1.9004447011274324,-0.0007380585025501402
-48.57836454727364,-0.039864817986128516,0.0019032677223292079,1.9012510744791937,-0.0007465794287017241
-48.54892153576789,-0.039883766758767904,0.001902571496433887,1.9020584258984021,-0.0007524881651084295
-48.519478524262134,-0.03990112699053755,0.0019055120825916647,1.9028667571656155,-0.0007568083606453932
-48.49003551275638,-0.03991619863450756,0.0019116097674161394,1.9036760700657172,-0.0007588399683827185
-48.46059250125063,-0.03993059184064066,0.0019190191562749388,1.9044863663879275,-0.0007601931382831412
-48.431149489744875,-0.039946737870380694,0.001925398064754847,1.905297647925818,-0.0007632991317904902
-48.40170647823912,-0.0399609559414518,0.0019292278855154712,1.9061099164773236,-0.0007644771666289046
-48.37226346673337,-0.03997555161543057,0.0019275795702898915,1.9069231738447576,-0.0007660328043750039
-48.34282045522762,-0.039987805010541354,0.0019203902447691378,1.9077374218348244,-0.0007652461632531027
-48.31337744372186,-0.03999662498323022,0.0019164449282677602,1.9085526622586313,-0.0007610260997092874
-48.283934432216114,-0.04000697056300984,0.0019175619860205848,1.9093688969317038,-0.000758331643256227
-48.25449142071036,-0.040022302805649,0.0019182141641882013,1.9101861276739984,-0.0007606238496627032
-48.225048409204604,-0.04003958181843421,0.0019172226433849995,1.9110043563099168,-0.0007648628262152193
-48.19560539769885,-0.04005539551301667,0.0019176956269813094,1.9118235846683178,-0.0007676364845650083
-48.1661623861931,-0.04007321045028316,0.0019187712737230456,1.9126438145825326,-0.0007724113855988174
-48.136719374687345,-0.04009509992248957,0.0019178755309698027,1.9134650478903774,-0.000781260821572545
-48.10727636318159,-0.04011799088166945,0.001912733111379533,1.9142872864341687,-0.0007911117445197346
-48.07783335167584,-0.04013782109265584,0.0019073798934682218,1.915110532060734,-0.0007979019192734457
-48.04839034017009,-0.04015981850345394,0.0019056758392912445,1.9159347866214298,-0.0008068592938388561
-48.01894732866433,-0.040182857122891574,0.0019039576607583688,1.916760051972152,-0.0008168578770438167
-47.98950431715858,-0.040202850702240556,0.0019057863716852345,1.9175863299733509,-0.0008238114201601088
-47.96006130565283,-0.040227734184596735,0.0019102536267794248,1.9184136224900454,-0.0008356548662836125
-47.930618294147074,-0.04025731978312582,0.0019154513465922914,1.9192419313918387,-0.0008522004285800092
-47.90117528264132,-0.04028156275354674,0.0019186902964350649,1.9200712585529285,-0.0008634033627682516
-47.87173227113557,-0.0403043374270061,0.0019184264730916238,1.9209016058521242,-0.0008731379999949232
-47.842289259629815,-0.04033138266721834,0.0019160953872666827,1.9217329751728607,-0.00088714320397449
-47.81284624812406,-0.04035865983173629,0.0019128177294768986,1.9225653684032107,-0.0009013803322597477
-47.78340323661831,-0.04037927290311811,0.001913116178319234,1.9233987874359024,-0.000908953367408892
-47.75396022511256,-0.04040426522851149,0.00191626877007279,1.9242332341683306,-0.0009209056565695831
-47.7245172136068,-0.040436458694634754,0.00192148403806413,1.9250687105025728,-0.0009400590864601654
-47.695074202101054,-0.040465322825093936,0.0019289692438529738,1.9259052183454024,-0.0009558831806866647
-47.6656311905953,-0.04049213594166363,0.0019319402258010767,1.926742759608306,-0.0009696562610236811
-47.636188179089544,-0.04052571170278584,0.0019310480207453081,1.9275813362074938,-0.0009901919859132066
-47.606745167583796,-0.04056759541901759,0.0019312350518923011,1.9284209500639178,-0.0010190356659122782
-47.57730215607804,-0.040601677505333826,0.0019262690017077331,1.9292616031032845,-0.0010400777159958255
-47.547859144572286,-0.040628508688760584,0.0019187521749459765,1.9301032972560712,-0.001053868863189901
-47.51841613306654,-0.040661410502602885,0.0019121453720209994,1.9309460344575378,-0.0010737306407995195
-47.48897312156078,-0.04069726779601012,0.0019070749767255764,1.931789816647746,-0.0010965478979740803
-47.45953011005503,-0.04073352281070753,0.001900726776405949,1.9326346457715702,-0.0011197628764387998
-47.43008709854928,-0.04077136956260622,0.0018944569893638251,1.933480523778714,-0.0011445695921048146
-47.400644087043524,-0.040806472066292974,0.0018977784797153008,1.9343274526237266,-0.0011666320595588794
-47.37120107553777,-0.04083951481757411,0.0019000297815347882,1.9351754342660152,-0.0011866347746073355
-47.34175806403202,-0.04087152661436026,0.0018953731852206638,1.936024470669862,-0.0012056065351608025
-47.312315052526266,-0.04091264112224115,0.0018945440096776879,1.9368745638044382,-0.001233681006809012
-47.28287204102051,-0.04094932763624221,0.001894791738007489,1.937725715643821,-0.0012573274845773877
-47.25342902951476,-0.04097670524545903,0.0018934044645521112,1.9385779281670068,-0.0012716650575615301
-47.22398601800901,-0.04101063483221073,0.0018914744553455752,1.9394312033579273,-0.0012925546080805386
-47.19454300650325,-0.04104777001172238,0.001899817007903773,1.9402855432054653,-0.0013166497513595055
-47.165099994997504,-0.04108260483689837,0.0019082000324761818,1.94114094970347,-0.0013384445403028175
-47.13565698349175,-0.041119940986807525,0.0019188328815230827,1.941997424850772,-0.0013627406539792886
-47.106213971985994,-0.0411616530813716,0.0019230132544850891,1.9428549706512004,-0.0013914127123106843
-47.07677096048024,-0.04120009092330649,0.0019227378236274675,1.9437135891135955,-0.001416810518012887
-47.04732794897449,-0.04123722134402951,0.0019244161353411306,1.9445732822518274,-0.0014409009025032268
-47.017884937468736,-0.041273039428625376,0.00192682602966885,1.9454340520848104,-0.0014636789508664094
-46.98844192596298,-0.04131406280539592,0.0019269240930412381,1.9462959006365192,-0.0014916622914042735
-46.95899891445723,-0.041360375542907675,0.0019249343545382801,1.9471588299360039,-0.0015249349926833439
-46.92955590295148,-0.04141244847396627,0.001915520754907674,1.9480228420174077,-0.001563967887509253
-46.90011289144572,-0.04145779644499588,0.0019135099466527632,1.9488879389199805,-0.0015962758223061826
-46.87066987993997,-0.041498451932672875,0.0019181745900646605,1.9497541226880974,-0.0016238912737504968
-46.84122686843422,-0.041543047393569066,0.00191750359817219,1.9506213953712725,-0.001655446698414005
-46.811783856928464,-0.04158726046267735,0.001912715856041586,1.9514897590241778,-0.0016866197312896056
-46.78234084542271,-0.04162639254801803,0.0019100827192738143,1.952359215706656,-0.0017127117803975994
-46.75289783391696,-0.04167437882147027,0.0019045704342064086,1.95322976748374,-0.0017476580176171638
-46.723454822411206,-0.041729131654780406,0.001898383162839163,1.954101416425667,-0.0017893708146946158
-46.69401181090545,-0.04178275848582996,0.0018931563710464826,1.9549741646078957,-0.00182995760951149
-46.6645687993997,-0.04182560108866163,0.001884906737999913,1.9558480141111239,-0.0018597601761104754
-46.63512578789395,-0.04187268954002723,0.0018980560674084687,1.9567229670213035,-0.0018938085912433913
-46.60568277638819,-0.04193301285932072,0.0019104580735281114,1.9575990254296567,-0.0019410918743041905
-46.576239764882445,-0.04199411861625794,0.0019061387073322257,1.9584761914326947,-0.001989157595008735
-46.54679675337669,-0.04205206316056157,0.0019032533918552708,1.9593544671322323,-0.002034062103079687
-46.517353741870934,-0.04210409640256358,0.0019071034096786034,1.960233854635407,-0.002073055308849013
-46.487910730365186,-0.04216288122206686,0.0019059318943622763,1.9611143560546926,-0.0021188000921196076
-46.45846771885943,-0.04221884934893796,0.0019056211697431194,1.96199597350792,-0.0021617281827580256
-46.429024707353676,-0.04226389277712419,0.0019082908652841178,1.9628787091182902,-0.0021937315747115674
-46.39958169584793,-0.04231597569529604,0.0019161535883355392,1.9637625650143953,-0.002232774456650745
-46.37013868434217,-0.042367734542144986,0.0019086057122334693,1.9646475433302326,-0.0022714932672669996
-46.34069567283642,-0.04242622296196614,0.0018947007097532176,1.9655336462052229,-0.0023169416508554766
-46.31125266133067,-0.04249393239357301,0.001884986606162485,1.9664208757842272,-0.0023716110462296686
-46.281809649824915,-0.04256136867079854,0.001887745303074401,1.967309234217566,-0.0024260072872225105
-46.25236663831916,-0.04262728950392607,0.0018977849559548663,1.968198723661033,-0.0024788880841173574
-46.22292362681341,-0.0426884180215158,0.0019041940387720978,1.9690893462759167,-0.0025269765654744106
-46.19348061530766,-0.04275704025188276,0.0018986435242769617,1.9699811042290145,-0.00258255875960868
-46.1640376038019,-0.042828684018601994,0.001888913722416434,1.9708739996926528,-0.0026411624900952377
-46.13459459229615,-0.04289675300713843,0.0018882731248142006,1.9717680348447022,-0.002696191442398993
-46.1051515807904,-0.04295485139754409,0.0018917913280338899,1.9726632118685972,-0.0027412497965719693
-46.07570856928464,-0.043023001448727616,0.0018914418823298058,1.9735595329533537,-0.0027963598115228055
-46.046265557778895,-0.04309610281169968,0.001885174985043931,1.9744570002935857,-0.0028564211382621912
-46.01682254627314,-0.04315725688255903,0.0018814322697875525,1.9753556160895243,-0.0029045351728888558
-45.987379534767385,-0.04323020793302173,0.0018805520754432835,1.976255382547035,-0.0029644461871188785
-45.95793652326164,-0.04332970385234337,0.0018754775757323988,1.9771563018776361,-0.003050902070207827
-45.92849351175588,-0.043420980271488975,0.0018589354066332537,1.978058376298518,-0.0031291384531207597
-45.89905050025013,-0.04348434733164408,0.001875217500665239,1.978961608032558,-0.003179465477043175
-45.86960748874437,-0.04354845066066202,0.0018783903653667902,1.979865999308342,-0.0032305287698284404
-45.84016447723862,-0.04361698098501444,0.0018741386435825297,1.9807715523601819,-0.0032860190579481682
-45.81072146573287,-0.04366311276077232,0.0018960859773169037,1.9816782694281332,-0.003319110797473372
-45.78127845422711,-0.04374701519011894,0.0019061484646066044,1.9825861527580133,-0.0033899731905873073
-45.75183544272136,-0.04384624204624601,0.0018952407043126614,1.9834952046014216,-0.003476160010481691
-45.72239243121561,-0.04395134221063792,0.0018682737874046573,1.9844054272157567,-0.003568220138640922
-45.692949419709855,-0.04405477631494913,0.00183392866623553,1.9853168228642364,-0.0036586142067194516
-45.6635064082041,-0.04411642795850368,0.001842228585726143,1.986229393815914,-0.003707225814041315
-45.63406339669835,-0.0441796865700094,0.0019083460738991444,1.9871431423457002,-0.003757444389314357
-45.6046203851926,-0.04429198912467208,0.001968652533640552,1.9880580707343802,-0.0038567069077443533
-45.57517737368684,-0.044418831905885435,0.0019521158011362562,1.9889741812686328,-0.003970509652725024
-45.54573436218109,-0.044534406076346546,0.0018954269703279523,1.9898914762410493,-0.004073043786953452
-45.51629135067534,-0.04463829117311485,0.0018656627151164436,1.9908099579501544,-0.0041638888474890765
-45.48684833916958,-0.04471646909716418,0.0018858967051975622,1.9917296287004222,-0.004229026735305723
-45.457405327663835,-0.044781717245502804,0.0018859445316223777,1.992650490802299,-0.00428123484741167
-45.42796231615808,-0.04492468340622018,0.001884878451620738,1.9935725465722198,-0.004411160971896359
-45.398519304652325,-0.04505888154800906,0.0019315214282764825,1.9944957983326295,-0.004532319077452551
-45.36907629314658,-0.045160528935843935,0.0019436674923502067,1.9954202484120005,-0.0046209264290547475
-45.33963328164082,-0.045300390456449846,0.001934993096204657,1.9963458991448557,-0.004747747913427976
-45.31019027013507,-0.04556236358371583,0.0019016075301539679,1.9972727528717842,-0.0049966810044612744
-45.28074725862932,-0.0458158440577581,0.0018966476298316393,1.998200811939463,-0.00523712144227087
-45.251304247123564,-0.04588566221114689,0.0019114364356056163,1.9991300787006776,-0.005293899559426975
-45.22186123561781,-0.04594046744703209,0.0019103059275418625,2.00006055551434,-0.005335664759079491
-45.19241822411206,-0.04604963784370519,0.001918560640989142,2.0009922447455097,-0.005431795119519911
-45.162975212606305,-0.04612538452958143,0.001937723601384198,2.001925148765414,-0.005494501769163468
-45.13353220110055,-0.04635897070590994,0.002007495341093504,2.002859269951468,-0.005715047909259294
-45.1040891895948,-0.04665644284549351,0.002002808885250612,2.0037946106872924,-0.005999480012610178
-45.07464617808905,-0.046866540831684546,0.0019346663646496829,2.004731173362739,-0.006196537962568534
-45.04520316658329,-0.04686330521954249,0.0020307027867406554,2.0056689603739057,-0.006180262314193795
-45.015760155077544,-0.047024910822367226,0.0021096810241325384,2.0066079741231597,-0.006328827880785849
-44.98631714357179,-0.04727857988665365,0.001992582430286145,2.0075482170191576,-0.006569456908839588
-44.956874132066034,-0.04741877163592603,0.0018421552899616667,2.008489691476867,-0.006696608621879291
-44.927431120560286,-0.04757555968682146,0.0018600597310595548,2.009432399917583,-0.006840356636542033
-44.89798810905453,-0.047743172853258964,0.001955717484786104,2.0103763447689555,-0.006994929766746857
-44.868545097548775,-0.0478915460002331,0.0019901073061244375,2.011321528465005,-0.0071302628774883095
-44.83910208604303,-0.04806644613068947,0.0019195679307173442,2.012267953446144,-0.007292122971712001
-44.80965907453727,-0.048339154322636003,0.0018051735600068115,2.0132156221592012,-0.00755179112742585
-44.78021606303152,-0.04861108352316251,0.001770026398732797,2.014164537057439,-0.007810680291719677
-44.75077305152576,-0.04872457380340831,0.001972337528938675,2.0151147006005767,-0.007911130535732787
-44.721330040020014,-0.04891876806172963,0.0021112807712447964,2.0160661152548105,-0.008092284757821429
-44.69188702851426,-0.049090884512797674,0.00201838407532284,2.017018783492837,-0.00825136117265679
-44.662444017008504,-0.04930701782428027,0.001895113626379606,2.0179727077938714,-0.008454454447906705
-44.63300100550275,-0.049589476189166405,0.001894553010017806,2.0189278906436723,-0.00872387277656015
-44.603557993997,-0.049860614426473764,0.00200788708470534,2.0198843345345603,-0.008981970977634833
-44.574114982491245,-0.05003031144634218,0.0021331369611756732,2.020842041965442,-0.00913862796127056
-44.54467197098549,-0.050403073136821415,0.0019896836395945157,2.021801015441831,-0.00949834961551712
-44.51522895947974,-0.05064951311620176,0.001898041277575428,2.0227612574758687,-0.009731749558664772
-44.48578594797399,-0.05074945348484191,0.0018912061094113614,2.0237227705863488,-0.00981864989107225
-44.45634293646823,-0.050883446524181496,0.0019617197737359705,2.0246855572987354,-0.009939602894179146
-44.426899924962484,-0.05113360292622136,0.0020693366887256323,2.02564962014519,-0.010176719259986332
-44.39745691345673,-0.05144781460629047,0.0021590847749969723,2.0266149616645888,-0.010477890903822756
-44.368013901950974,-0.05180424314388169,0.0021198619810529526,2.0275815844025487,-0.010821279405181301
-44.338570890445226,-0.05213533752613866,0.002080193414061017,2.0285494909114474,-0.011139333751205578
-44.30912787893947,-0.052393683356694705,0.0021484967624471833,2.0295186837504477,-0.01138463954552895
-44.279684867433716,-0.05267253044209305,0.0021109426682884972,2.0304891654855184,-0.011650446594694608
-44.25024185592797,-0.05297625541730951,0.002052635968933303,2.0314609386894573,-0.011941131533678394
-44.22079884442221,-0.05327590145815545,0.0020299470810974363,2.0324340059419153,-0.012227737538291643
-44.19135583291646,-0.053579380353480956,0.0020229300281158547,2.033408369829418,-0.012518176397384471
-44.16191282141071,-0.0539063305239729,0.0019993478391717836,2.0343840329453866,-0.012832086531643729
-44.132469809904954,-0.05408342204293639,0.002117149904173504,2.0353609978901672,-0.01299613801437454
-44.1030267983992,-0.05426378106355434,0.0020264690952293035,2.036339267271046,-0.013163456998759801
-44.07358378689345,-0.054590868434612395,0.0018994834886973519,2.0373188437022787,-0.013477504333585182
-44.044140775387696,-0.05505037049193432,0.002037196400935272,2.0382997298051104,-0.013923966354674418
-44.01469776388194,-0.055503181291693376,0.002229839928677912,2.0392819282078,-0.014363737118200798
-43.98525475237619,-0.05585829225087135,0.0022100491081945123,2.0402654415456434,-0.01470580804114608
-43.95581174087044,-0.0562017351451204,0.002047200478508276,2.041250272460999,-0.015036210899162454
-43.92636872936468,-0.056486858669348355,0.0020698959740307744,2.042236423603307,-0.015308294387157723
-43.896925717858934,-0.056744728194531295,0.002118618614425695,2.043223897629118,-0.015553123876107987
-43.86748270635318,-0.05708294916460119,0.0021846565305598605,2.0442126972021137,-0.01587830480994519
-43.838039694847424,-0.05740391177108948,0.002266435903638483,2.0452028249931327,-0.016186227380200806
-43.808596683341676,-0.057652927235493374,0.0023324696188254212,2.046194283680192,-0.016422202808372012
-43.77915367183592,-0.05793676172604998,0.002311281429708128,2.047187075948515,-0.016692997262695942
-43.749710660330166,-0.05833201240362542,0.0022119743125356573,2.048181204490552,-0.017075207904038693
-43.72026764882442,-0.05879630743960677,0.00231995451717229,2.049176672006007,-0.017526462903787364
-43.690824637318656,-0.05911245186186095,0.0024818969109865244,2.050173481201861,-0.017829567289808855
-43.66138162581291,-0.059443278739649524,0.00237965558252987,2.0511716347923965,-0.01814735413136475
-43.63193861430716,-0.05982506962916845,0.0023276167558262963,2.052171135499222,-0.01851610498465099
-43.6024956028014,-0.060206043283088755,0.002378457670003728,2.0531719860512996,-0.018884038602338615
-43.57305259129565,-0.06055904724915421,0.0024538058086164874,2.054174189184964,-0.019224002532171387
-43.5436095797899,-0.060911248606623315,0.0024965156730965246,2.0551777476439526,-0.019563163853407818
-43.51416656828414,-0.061311373509791885,0.0025564369585990196,2.05618266417943,-0.019950248720343698
-43.48472355677839,-0.06168380671707674,0.0026180261685340607,2.057188941550009,-0.02030964189139587
-43.455280545272636,-0.062007104242341994,0.002579928193760839,2.0581965825217816,-0.020619899380428443
-43.42583753376688,-0.062300189264799126,0.0026318890176992922,2.05920558986834,-0.020899944366652892
-43.39639452226113,-0.06269484647539848,0.0026770000850666257,2.0602159663708033,-0.021281561541019567
-43.36695151075538,-0.06310471446380285,0.0027000933939414374,2.061227714817844,-0.02167838949319125
-43.33750849924962,-0.06340550007101638,0.002679609853354334,2.062240838005714,-0.021966135064172096
-43.308065487743875,-0.06369334889684684,0.0027118817560992264,2.063255338738266,-0.02224094385376988
-43.27862247623812,-0.06399696255867011,0.0027350940776762795,2.064271219826987,-0.02253151747936047
-43.249179464732364,-0.06434828737776856,0.0028092023849356,2.065288484091017,-0.02286980226222623
-43.219736453226616,-0.06476624600762818,0.002888351677356844,2.0663071343571784,-0.023274720855853165
-43.19029344172086,-0.06521700862979285,0.002902260636139344,2.067327173460003,-0.023712443441785157
-43.160850430215106,-0.06559952710785247,0.0029140618306297615,2.068348604241756,-0.024081921883612092
-43.13140741870936,-0.06592496010979576,0.0029529864116700066,2.069371429552464,-0.024394314849322703
-43.1019644072036,-0.06624335307862043,0.0029614390586675046,2.070395652249941,-0.024699667781914694
-43.07252139569785,-0.06659087838833676,0.0029341268310593047,2.0714212751998153,-0.025034153055398328
-43.0430783841921,-0.06700203625039598,0.002883884623296248,2.0724483012755552,-0.025432270881224878
-43.013635372686345,-0.06732961572211252,0.002965399761401556,2.073476733358498,-0.02574681031670873
-42.98419236118059,-0.0676067351624063,0.0030281107604299587,2.0745065743378737,-0.026010889720769828
-42.95474934967484,-0.0679433138635777,0.0028940478100113838,2.0755378271108347,-0.02633442838570855
-42.92530633816909,-0.06829310089232142,0.0027090566391783444,2.076570494582483,-0.026671175378219586
-42.89586332666333,-0.06859519428387835,0.0027339076615833222,2.077604579665896,-0.026960228733543826
-42.86642031515758,-0.06881909700353579,0.002929318503038516,2.0786400852821543,-0.027171091416968593
-42.83697730365183,-0.06913964752448687,0.003037441686350094,2.0796770143603696,-0.027478601901686987
-42.80753429214607,-0.06954904472152311,0.00302304917197543,2.080715369837712,-0.027874959062490545
-42.778091280640325,-0.06984874932109067,0.0030452573996355495,2.081755154659439,-0.028161623625825423
-42.74864826913457,-0.07007379475799762,0.0030517902538233868,2.08279637177892,-0.02837362902649969
-42.719205257628815,-0.07030650819830077,0.003069085107949807,2.08383902415767,-0.02859330243057015
-42.68976224612307,-0.07065175195698394,0.0032029493062722724,2.0848831147653697,-0.02892550615302064
-42.66031923461731,-0.07095614393761188,0.003246392736191498,2.0859286465799025,-0.0292168580974159
-42.63087622311156,-0.0712159365298286,0.0030916719111421277,2.0869756225873757,-0.029463610653399946
-42.60143321160581,-0.07157318635242974,0.0029769075209741627,2.088024045782152,-0.029807820439768394
-42.571990200100046,-0.07189025107877571,0.002997029311893343,2.0890739191668803,-0.030111845129881687
-42.5425471885943,-0.07203671754048195,0.003139327144391936,2.090125245752518,-0.030245271555355238
-42.51310417708855,-0.07217194216013896,0.0031696550322683832,2.091178028558366,-0.030367456138779572
-42.48366116558279,-0.07235025005570143,0.003117643360958283,2.0922322706120955,-0.030532723998109357
-42.45421815407704,-0.07256977427294327,0.0030835577386504206,2.0932879749497753,-0.030739208179118516
-42.42477514257129,-0.07280408754968476,0.003094239714520541,2.094345144615903,-0.030960481419627324
-42.39533213106553,-0.0730758602636492,0.0031161896233317756,2.095403782663434,-0.03121921409735908
-42.36588911955978,-0.07328560885483587,0.0031478545710237364,2.096463892153811,-0.031415922652313064
-42.33644610805403,-0.07344668154583693,0.0031546684964259535,2.097525476156991,-0.03156395530708145
-42.30700309654827,-0.07359987392477425,0.00314326442439969,2.098588537751479,-0.03170410764978608
-42.27756008504252,-0.07375231939955969,0.003167581556603617,2.0996530800243542,-0.03184351308833884
-42.24811707353677,-0.07387916139603512,0.0031842449414537337,2.100719106071304,-0.03195731504858158
-42.21867406203101,-0.0739579029013447,0.003133299725226946,2.1017866189966488,-0.03202301651765848
-42.189231050525265,-0.07407270221603937,0.0031114410702183675,2.1028556219133754,-0.03212477579612047
-42.15978803901951,-0.0742285120060171,0.0031453914257926975,2.103926117943168,-0.03226754554986552
-42.130345027513755,-0.0743925138652055,0.0031957961378213775,2.1049981102164352,-0.03241850737282123
-42.10090201600801,-0.07450003995999241,0.0032500791854820185,2.1060716018723435,-0.03251299343137547
-42.07145900450225,-0.07457570600630632,0.0032915114475721187,2.107146596058848,-0.03257561944145669
-42.0420159929965,-0.07463944326136789,0.003309207058932385,2.10822309593272,-0.03262631666028557
-42.01257298149075,-0.07470117480782222,0.003260436681104139,2.1093011046595818,-0.032675008170507225
-41.983129969984994,-0.07480913898670831,0.003239253746478425,2.110380625413935,-0.03276993231316064
-41.95368695847924,-0.07490346929695947,0.0032474836914968244,2.1114616613791934,-0.03285122258717911
-41.92424394697349,-0.07492660082943049,0.0032350781172566915,2.1125442157477123,-0.032861314083417456
-41.894800935467735,-0.07491523324720406,0.003209591777547064,2.113628291720823,-0.032836906464958335
-41.86535792396198,-0.0749091987437578,0.003164112038276135,2.114713892508861,-0.03281783192527939
-41.83591491245623,-0.0748919231190431,0.0031386336862422484,2.1158010213311993,-0.032787516264332
-41.80647190095048,-0.07486959138163139,0.0031669088342228383,2.116889681416281,-0.03275214449068762
-41.77702888944472,-0.07488465697874987,0.0032444032942306003,2.1179798760016504,-0.03275417005157341
-41.747585877938974,-0.0749376653110072,0.0033137857378943555,2.119071608333983,-0.032794138347598076
-41.71814286643322,-0.07490843011797947,0.0032496047395760264,2.1201648816691225,-0.03275186311833765
-41.688699854927464,-0.07479096145556947,0.0031331706379343176,2.1212596992721093,-0.03262135441969497
-41.659256843421716,-0.0746735197772775,0.003114237377464124,2.1223560644172133,-0.032490872705170315
-41.62981383191596,-0.07459647141899801,0.0032068854922497818,2.1234539803879695,-0.03240078431065815
-41.600370820410205,-0.07459966528397227,0.0032207842948669217,2.124553450477207,-0.03239093813939972
-41.57092780890446,-0.07454651112596554,0.0032053841325656142,2.1256544779870836,-0.032324743945160314
-41.5414847973987,-0.0743727753325633,0.0032364221553911996,2.12675706622912,-0.032137968115525384
-41.51204178589295,-0.07417988064821171,0.0032589206764890243,2.1278612185242314,-0.03193203339494111
-41.4825987743872,-0.07405136031838165,0.003211767569023396,2.1289669382027605,-0.03179047302887837
-41.45315576288144,-0.07394061164337827,0.003097652159113585,2.1300742286045136,-0.0316666843176423
-41.42371275137569,-0.07375779237611309,0.0030007125051495142,2.1311830930787896,-0.03147082501414444
-41.39426973986994,-0.07361887451580167,0.003079936431603241,2.1322935349844196,-0.031318867117600346
-41.36482672836418,-0.07353504272698282,0.0031812964256177035,2.1334055576897963,-0.031221995292548807
-41.33538371685843,-0.07351034656808296,0.0032040573928355676,2.1345191645729096,-0.03118425909741627
-41.30594070535268,-0.07324942750830798,0.00314995128084354,2.1356343590213807,-0.03091030000140861
-41.27649769384692,-0.07297624388065975,0.003087302060413211,2.1367511444324974,-0.030624076337527686
-41.24705468234117,-0.0728108341936066,0.0030785901298292485,2.137869524213246,-0.030445626614241855
-41.21761167083542,-0.07262302958150924,0.003070648552752331,2.13898950178035,-0.030244781965911814
-41.18816865932966,-0.07241731662602681,0.0029818766855237125,2.1401110805603003,-0.030026028974196706
-41.158725647823914,-0.07230639277834004,0.0030017435839654245,2.1412342639893938,-0.029902065090277256
-41.12928263631816,-0.0720179946885074,0.0030053702562810158,2.1423590555137673,-0.029600626964211937
-41.099839624812404,-0.07171496538583573,0.0030562752068321692,2.1434854585894305,-0.029284557625307572
-41.070396613306656,-0.07159448169329176,0.003073429503939926,2.144613476682306,-0.029151033896530926
-41.0409536018009,-0.07139173012888378,0.0030341170526193245,2.145743113268261,-0.028935242295890257
-41.011510590295146,-0.07106988478846074,0.0030371982273359553,2.1468743718331442,-0.028600356919234543
-40.9820675787894,-0.0707433368855278,0.0031346616088932934,2.148007255872822,-0.028260768980068914
-40.95262456728364,-0.07048790982113616,0.0031281459068489155,2.149141768893214,-0.027992301879444598
-40.92318155577789,-0.07023024300443749,0.0029807363331563522,2.150277914410331,-0.027721595026513238
-40.89373854427214,-0.0699604028432174,0.0028598198303481192,2.1514156959503064,-0.027438714829060476
-40.864295532766384,-0.0696939301285347,0.0028494613404986204,2.1525551170494395,-0.02715920207814508
-40.83485252126063,-0.06940681257774925,0.002927838664420669,2.153696181254227,-0.026859044491126957
-40.80540950975488,-0.06908035393698649,0.0030391674176807513,2.154838892121401,-0.02651954581413151
-40.775966498249126,-0.06866745357981001,0.003141167165968353,2.1559832532179675,-0.02609360542072235
-40.74652348674337,-0.06833081731258599,0.003032990212177146,2.157129268121242,-0.02574392911726564
-40.71708047523762,-0.06807270830479245,0.0029226172314220436,2.1582769404188866,-0.02547278007323943
-40.68763746373187,-0.06782566064924163,0.0029530457553821722,2.1594262737089496,-0.025212692381455917
-40.65819445222611,-0.06757372365509136,0.0029711517125148267,2.1605772715999,-0.02494771535107297
-40.628751440720364,-0.06724463873213597,0.00298638262348099,2.161729937710667,-0.024605590391884903
-40.59930842921461,-0.06690525007388329,0.0030279703795590193,2.1628842756706788,-0.024253161697399536
-40.569865417708854,-0.06658784256494264,0.003028035974975691,2.1640402891198987,-0.0239227141522262
-40.540422406203106,-0.06621967701435082,0.0029564028900092494,2.165197981708864,-0.0235415085654017
-40.51097939469735,-0.06586612875681702,0.002900441011812808,2.166357357098726,-0.023174920271635216
-40.481536383191596,-0.06550533572541983,0.0028187849088949037,2.1675184189612855,-0.022801087204005352
-40.45209337168585,-0.06521004515784563,0.002820900457433689,2.1686811709790352,-0.022492756600198463
-40.42265036018009,-0.06486062542325206,0.0028306266022230455,2.169845616845196,-0.022130296829372217
-40.39320734867434,-0.06449515694186984,0.002833460870907402,2.1710117602637564,-0.02175178831175731
-40.36376433716859,-0.06421143047310413,0.00285703470603525,2.1721796049495126,-0.021455021806758914
-40.33432132566283,-0.06389343064759954,0.002850623784347482,2.173349154628109,-0.021123981945021644
-40.30487831415708,-0.06351777919252688,0.0028297630994393174,2.1745204130360736,-0.020735290453716304
-40.27543530265133,-0.06313376768305048,0.002813854962738068,2.175693383920863,-0.02033823890800722
-40.24599229114557,-0.0627569573919022,0.0027902335110947685,2.1768680710408996,-0.019948388580626246
-40.21654927963982,-0.06245834448603895,0.0028493445705545756,2.178044478165611,-0.01963673563853032
-40.18710626813407,-0.062117826368316476,0.0027957016289596177,2.179222609075473,-0.01928317748457517
-40.15766325662831,-0.06170713903028807,0.0026084355624432782,2.1804024675620477,-0.018859450110314077
-40.12822024512256,-0.06140641595024641,0.002590971787795972,2.181584057428024,-0.018545686994039738
-40.09877723361681,-0.06118898031035599,0.0026435441206804113,2.182767382487262,-0.01831521131791663
-40.06933422211105,-0.060912016504739736,0.0026425804816220034,2.18395244656483,-0.018025207476067694
-40.039891210605305,-0.060574823954577604,0.0025882795234264855,2.1851392534970464,-0.01767497488967288
-40.01044819909955,-0.06025508754832712,0.002585837034144924,2.1863278071315237,-0.017342198447189712
-39.981005187593794,-0.05994960507669269,0.002672183949671964,2.1875181113272073,-0.0170236759393226
-39.951562176088046,-0.05959256829166589,0.0027285357125300834,2.1887101699544185,-0.016653599118063127
-39.92211916458229,-0.05919146456574151,0.0026694733023759753,2.189903986894896,-0.016239455355906054
-39.892676153076536,-0.05896411849274588,0.0025681554745301937,2.191099566041839,-0.015999069246677745
-39.86323314157079,-0.058708528574018676,0.0025935923661922844,2.1922969112999477,-0.015730439291717857
-39.83379013006503,-0.05829018657702561,0.0025787493814380387,2.1934960265854677,-0.015299057258492108
-39.80434711855928,-0.05803485548336277,0.0024944453283226808,2.1946969158262313,-0.015030686128596586
-39.77490410705353,-0.05776089663937495,0.00242640983718747,2.1958995829617014,-0.014743687248376082
-39.745461095547775,-0.057503378507564186,0.00245579960751685,2.1971040319430144,-0.014473129080332638
-39.71601808404202,-0.05727787965150816,0.002487988460150707,2.1983102667330225,-0.014234590188043926
-39.68657507253627,-0.05701316879175115,0.0024627820170362975,2.1995182913063376,-0.013956839292054234
-39.65713206103052,-0.05665566435629202,0.002428224607692172,2.200728109649377,-0.013586294820362423
-39.62768904952476,-0.05628090652500486,0.0024454828555619218,2.201939725760404,-0.01319849695284258
-39.59824603801901,-0.05598137351418628,0.00245717566112994,2.203153143649573,-0.012885923905791317
-39.56880302651326,-0.055826195107143074,0.0024160881002255157,2.204368367338976,-0.012717705462515431
-39.5393600150075,-0.055661379408931115,0.002387603964998926,2.205585400862683,-0.01253984972807079
-39.509917003501755,-0.0554965262746017,0.0023934338616591606,2.206804248266791,-0.012361956557508692
-39.480473991996,-0.0552712241458116,0.0023756103518300965,2.2080249136094654,-0.01212361439248591
-39.451030980490245,-0.05500157575320552,0.002349918781700616,2.2092474009609866,-0.01184092596364715
-39.4215879689845,-0.054767642244753535,0.002361925231109766,2.2104717144037944,-0.01159395241896248
-39.39214495747874,-0.054585645590533166,0.002358363355157105,2.2116978580325357,-0.011398915728509429
-39.36270194597299,-0.05441478459830729,0.0022914695497666514,2.212925835954106,-0.011215014700050874
-39.33325893446724,-0.05417727992678537,0.0022580276579445553,2.2141556522877,-0.01096446999229627
-39.30381592296148,-0.05391418792920777,0.002302399184091865,2.215387311164855,-0.010688337958485984
-39.27437291145573,-0.05375689628671565,0.002295807066007353,2.2166208167294954,-0.010518006279761183
-39.24492989994998,-0.053593403413233785,0.0023126941049738297,2.2178561731379833,-0.010341473370046636
-39.21548688844422,-0.05333831127527388,0.0022918281586824215,2.219093384559164,-0.010073341195854048
-39.18604387693847,-0.05306763908748036,0.0022011235337987536,2.2203324551744092,-0.009789628971827849
-39.15660086543272,-0.05289078501488121,0.0021208109032650455,2.22157338917767,-0.009599734862996014
-39.12715785392696,-0.05280784385421289,0.0021152522441452945,2.2228161907755193,-0.009503753666095002
-39.09771484242121,-0.05271722948354973,0.0021700615596749713,2.2240608641872015,-0.009400099259199171
-39.068271830915464,-0.052521985920869894,0.002238520357930356,2.22530741364468,-0.00919181566028665
-39.0388288194097,-0.052430060238678834,0.002205633106140047,2.2265558433926875,-0.009086849941862908
-39.00938580790395,-0.052361645127797785,0.00214912306827853,2.2278061576887676,-0.00900539479474917
-38.9799427963982,-0.05221024137352259,0.002146399650687239,2.229058360803331,-0.008840951004241301
-38.95049978489244,-0.05205551570940606,0.0021685092146466194,2.230312457019698,-0.008673185303892078
-38.921056773386695,-0.05188868538146004,0.002216452618742449,2.231568450634152,-0.008493314939713385
-38.89161376188094,-0.051713183676753365,0.002270066264125851,2.2328263459559854,-0.00830477319877402
-38.862170750375185,-0.05159420877065237,0.002254261669906055,2.23408614730755,-0.00817275825644035
-38.83272773886944,-0.051564067732240475,0.0021583559080125855,2.235347859024306,-0.008129577181795765
-38.80328472736368,-0.05149110363527398,0.0021114901084473585,2.2366114854548735,-0.008043573048596597
-38.77384171585793,-0.05138112761763939,0.0021263698657167786,2.2378770309610805,-0.007920556994729315
-38.74439870435218,-0.051312055391492396,0.0021499391093427176,2.2391444999180123,-0.007838444732349646
-38.714955692846424,-0.05121872112127226,0.0021736066592889605,2.240413896714066,-0.007732070425896818
-38.68551268134067,-0.05107790445128801,0.002174372874996894,2.241685225750996,-0.007578213719679892
-38.65606966983492,-0.05093371008652564,0.0021654973666069177,2.2429584914439693,-0.007420979318684837
-38.626626658329165,-0.050802986473909816,0.0021565883179674354,2.2442336982216133,-0.007277215669836336
-38.59718364682341,-0.05068996999106198,0.002152265646865196,2.2455108505260695,-0.007151159150755808
-38.56774063531766,-0.05059255222011579,0.0021522832665030996,2.2467899528130433,-0.007040701343576948
-38.53829762381191,-0.05049291555012641,0.0021589542217468516,2.2480710095518575,-0.006928024637354875
-38.50885461230615,-0.05036620134824186,0.002178803411692662,2.249354025225503,-0.006788270399237649
-38.479411600800404,-0.05025364806816224,0.0021940117976821617,2.25063900433069,-0.006662677082925339
-38.44996858929465,-0.0502119438984239,0.0021766588162356565,2.2519259513779057,-0.0066079328769543255
-38.420525577788894,-0.05017929425355549,0.002137878435432579,2.253214870891461,-0.006562243195853225
-38.391082566283146,-0.050133523565507244,0.002116691384352822,2.2545057674095452,-0.0065034324715723055
-38.36163955477739,-0.05006485549831185,0.0021178434436681303,2.2557986454842824,-0.00642172436814422
-38.332196543271635,-0.04997684124532344,0.002123877529234476,2.2570935096817815,-0.006320670078923132
-38.30275353176589,-0.04989168623320406,0.0021241535021794137,2.2583903645821906,-0.006222475030571065
-38.27331052026013,-0.04982098466832637,0.0021278646979235407,2.259689214779753,-0.0061387334294607035
-38.24386750875438,-0.049761732281140114,0.002135529465056812,2.2609900648828583,-0.006066441006041756
-38.21442449724863,-0.04971865172517125,0.0021336637389620006,2.2622929195140995,-0.006010320413840219
-38.184981485742874,-0.04968345408813652,0.0021233661627365276,2.2635977833103267,-0.005962082740572798
-38.15553847423712,-0.04964533711032142,0.0021188680709553318,2.264904660922703,-0.005910925726525018
-38.12609546273137,-0.0496063636755272,0.002122316845425583,2.2662135570167563,-0.00585891225549811
-38.09665245122561,-0.049568927598934005,0.00212737094786154,2.2675244762724422,-0.005808436142672235
-38.06720943971986,-0.04953571646311408,0.002126929604029031,2.26883742338419,-0.00576218497061963
-38.03776642821411,-0.049502783753819356,0.002117917286544041,2.270152403060967,-0.005716212225092228
-38.00832341670835,-0.04946162355315751,0.0021060291451166545,2.2714694200263317,-0.005662011988197692
-37.9788804052026,-0.04942351897585288,0.00209600042684655,2.2727884790184882,-0.005610867374660378
-37.949437393696854,-0.04938893306308615,0.0020918266855561797,2.2741095847903465,-0.005563241425660968
-37.91999438219109,-0.04935649817350638,0.002085249042722933,2.2754327421095795,-0.005517766499848517
-37.890551370685344,-0.04932379191649935,0.002079432467851397,2.2767579557586757,-0.0054720202066088006
-37.861108359179596,-0.04929627765971851,0.0020731481990066344,2.2780852305350026,-0.005431465913595286
-37.831665347673834,-0.049269269359671436,0.002063174862337396,2.279414571250863,-0.005391417577315524
-37.802222336168086,-0.049236398953301785,0.002055631560490877,2.2807459827335492,-0.005345507134713191
-37.77277932466233,-0.04920505001835559,0.002055520010179333,2.2820794698254074,-0.005301118163534312
-37.743336313156576,-0.04918610349016513,0.0020585782253019886,2.2834150373838926,-0.005269131599111174
-37.71389330165083,-0.04917242413799722,0.0020496614282157714,2.284752690281627,-0.005242412210710576
-37.68445029014507,-0.04914727542189539,0.0020383302375073836,2.2860924334064645,-0.005204223458376067
-37.65500727863932,-0.04911841125841012,0.0020347236516658836,2.287434271661543,-0.005162319258658114
-37.62556426713357,-0.04909496162249011,0.0020356137884291864,2.288778209965348,-0.005125829586505419
-37.596121255627814,-0.04906908693289704,0.0020394392793655854,2.2901242532517756,-0.005086914860679671
-37.56667824412206,-0.049035812282622465,0.002041717922308871,2.2914724064701866,-0.005040600174172405
-37.53723523261631,-0.049000045614249914,0.002041335050241007,2.2928226745854707,-0.004991793469567178
-37.507792221110556,-0.048977357425002255,0.0020352000687289765,2.294175062578109,-0.004956065244086837
-37.4783492096048,-0.04896614523503923,0.002025530386494303,2.295529575444231,-0.004931813017891126
-37.44890619809905,-0.048941120443435494,0.002020905717264289,2.296886218195679,-0.004893748190054711
-37.4194631865933,-0.04891041323212995,0.0020246297625970185,2.298244995860071,-0.004850000942516482
-37.39002017508754,-0.048888136107062996,0.002026081104365685,2.299605913480858,-0.004814683781216841
-37.360577163581794,-0.048868076748989776,0.002024270416672916,2.300968976117392,-0.004781584386910946
-37.33113415207604,-0.048847339791749676,0.0020219752041366603,2.302334188844986,-0.004747807393438164
-37.301691140570284,-0.04882877148516831,0.002016268423352676,2.303701556754976,-0.004716199050624113
-37.272248129064536,-0.048816341797221156,0.0020066244185827247,2.305071084954786,-0.004690729326444279
-37.24280511755878,-0.04880736432791222,0.0020014903697735545,2.306442778567992,-0.004668711820902657
-37.213362106053026,-0.04879650309614066,0.0020066519855055816,2.307816642734384,-0.004644810552898414
-37.18391909454728,-0.04877910984607776,0.0020139530779283883,2.30919268261003,-0.004614377266602833
-37.15447608304152,-0.04876018232725902,0.0020157078498195358,2.310570903367345,-0.004582409711551411
-37.12503307153577,-0.04874313973308772,0.0020139325873783412,2.3119513101951497,-0.004552327081147431
-37.09559006003002,-0.04872281510882765,0.002009956267695263,2.3133339082987394,-0.004518962420654679
-37.066147048524265,-0.04870222710481533,0.002005294535693383,2.314718702899948,-0.0044853343804096765
-37.03670403701851,-0.04869013512803025,0.0020003731466762356,2.316105699237215,-0.004460202367391905
-37.00726102551276,-0.04867848282994635,0.0020035041270821687,2.31749490256565,-0.004435510033075331
-36.977818014007,-0.04865959610663125,0.0020133166210623,2.3188863181571002,-0.0044035832735275435
-36.94837500250125,-0.04863677760671372,0.002017173909375037,2.3202799513002157,-0.004367724737377336
-36.9189319909955,-0.0486132847492455,0.002011643094001304,2.321675807300519,-0.004331191843676432
-36.88948897948974,-0.04859430413793947,0.002005601981262381,2.3230738914804703,-0.004299171196137715
-36.86004596798399,-0.04857489365254747,0.002005481256149401,2.3244742091795345,-0.00426672067451303
-36.830602956478245,-0.04855402550910915,0.002007399987314966,2.3258767657542516,-0.004232812494842038
-36.80115994497248,-0.04853856344761326,0.0020083157474042835,2.3272815665783044,-0.004204310397113456
-36.771716933466735,-0.048529338107284,0.002008648180042546,2.3286886170425847,-0.004182045020551521
-36.74227392196099,-0.048517524287583436,0.0020114939716984357,2.3300979225552645,-0.004157191164618275
-36.712830910455224,-0.04849893023247336,0.0020123811537426117,2.331509488541866,-0.004125557073275513
-36.683387898949476,-0.048480692831233296,0.00200686087121889,2.3329233204453286,-0.004094279635802764
-36.65394488744372,-0.048467355960275744,0.0020020615187846666,2.3343394237260813,-0.004067902728612537
-36.624501875937966,-0.048459773589016625,0.0020015927067768987,2.335757803862111,-0.0040472803211207276
-36.59505886443222,-0.04844734841145245,0.0020074188294254146,2.3371784663490356,-0.004021815107323877
-36.56561585292646,-0.0484340895861692,0.002015185963519887,2.338601416700172,-0.003995516245807941
-36.53617284142071,-0.048432559269431054,0.0020144007241874066,2.3400266604466093,-0.003980945892837109
-36.50672982991496,-0.048441407581879405,0.002005152390689936,2.3414542031372805,-0.003976754169052778
-36.477286818409205,-0.04844381179287572,0.002002527367077071,2.342884050339035,-0.003966118343816417
-36.44784380690345,-0.048436388653923725,0.0020097051721435274,2.344316207636708,-0.003945655168631733
-36.4184007953977,-0.048428966364963355,0.002014976262508312,2.3457506806331963,-0.003925192843438688
-36.38895778389195,-0.04842717100169963,0.002022202173229425,2.3471874749495307,-0.003910357443942275
-36.35951477238619,-0.04843026995688777,0.0020319979552177307,2.348626596224949,-0.0039004163628977295
-36.33007176088044,-0.048436550924419286,0.0020403451456939936,2.3500680501169686,-0.0038936572941965647
-36.30062874937469,-0.04844068655184303,0.0020415201732792054,2.3515118423014645,-0.0038847528853876295
-36.27118573786893,-0.04844230290270581,0.002038681176865078,2.352957978472738,-0.0038733292000177263
-36.241742726363185,-0.048441490244650366,0.0020411789134600886,2.354406464343597,-0.0038594765057296046
-36.21229971485743,-0.04844559491738565,0.002043888601541778,2.3558573056454284,-0.0038505411422321972
-36.182856703351675,-0.04844138506270945,0.0020467380493841493,2.3573105081282737,-0.003833291251323319
-36.15341369184593,-0.04843314847580323,0.002052568684719611,2.3587660775609063,-0.0038120146281844167
-36.12397068034017,-0.04842179149550965,0.002057697725816538,2.360224019730907,-0.0037876176116581547
-36.09452766883442,-0.048415076453409304,0.002061255967687926,2.36168434044474,-0.003767862533325124
-36.06508465732867,-0.04841704934640579,0.002062995040431057,2.363147045527831,-0.0037567953900889337
-36.03564164582291,-0.0484205733967813,0.0020630407129245258,2.364612140824645,-0.0037472794042317514
-36.00619863431716,-0.048419064940229045,0.002061370106559342,2.366079632198764,-0.0037327309114468174
-35.97675562281141,-0.04841068320598074,0.0020603462666396663,2.367549525532963,-0.003711309140965832
-35.947312611305655,-0.04839883741811632,0.002062869719998382,2.3690218267292917,-0.003686423316868727
-35.9178695997999,-0.04839229442552658,0.002066907021525803,2.370496541709152,-0.0036668402880463066
-35.88842658829415,-0.0483844082473917,0.002059861591866249,2.371973676413377,-0.0036459140736787507
-35.85898357678839,-0.04837773606650597,0.0020533094011138827,2.373453236802313,-0.003626201856560332
-35.82954056528264,-0.048374628736792824,0.0020535735632533237,2.374935228855895,-0.003610054490614502
-35.800097553776894,-0.04837131718871457,0.002056073832610906,2.376419658573733,-0.003593702906303564
-35.77065454227113,-0.04836963785749341,0.0020530686518956997,2.3779065319751904,-0.0035789835388497157
-35.74121153076538,-0.04837104944379474,0.0020448172728438955,2.3793958550994625,-0.003567355088918374
-35.711768519259635,-0.0483736669347806,0.0020384518337065124,2.380887634005663,-0.003556932543671551
-35.68232550775387,-0.04837187885629921,0.0020367553444051393,2.3823818747729044,-0.003542104428957478
-35.652882496248125,-0.04836752423273211,0.002027093239451462,2.383878583500379,-0.0035247097691576967
-35.62343948474238,-0.04836666658940967,0.0020168954040853016,2.3853777663074434,-0.0035108120896025705
-35.593996473236615,-0.04836689947638436,0.0020050379799669556,2.3868794293337037,-0.003498004940344572
-35.56455346173087,-0.04836923876913859,0.0019953822709891417,2.3883835787390937,-0.003487304196866124
-35.53511045022511,-0.0483739404654542,0.001993483827971605,2.3898902207039665,-0.003478965856949047
-35.50566743871936,-0.04838167296897541,0.0019921517979223963,2.3913993614291726,-0.0034736583242375788
-35.47622442721361,-0.048383576768566146,0.0019843000471089474,2.392911007136149,-0.0034625220875956347
-35.446781415707854,-0.04837642416775199,0.001974773626051244,2.394425164067003,-0.0034423294505487936
-35.4173384042021,-0.04837262488967653,0.001972138586596044,2.3959418384845996,-0.003425490136240647
-35.38789539269635,-0.048366604763801786,0.001965749272032359,2.397461036672645,-0.003406429974133228
-35.358452381190595,-0.04836414404319487,0.0019549187011099166,2.3989827649357776,-0.0033909292172936215
-35.32900936968484,-0.04836522572930127,0.001945601109389649,2.40050702959965,-0.003378970867167347
-35.29956635817909,-0.04836762750633911,0.0019420653308751751,2.4020338370110212,-0.0033683326079725073
-35.27012334667334,-0.04836983311394922,0.00194214175037478,2.403563193537843,-0.003357498179349931
-35.24068033516758,-0.04836794236004596,0.0019429135719206119,2.405095105569348,-0.003342567389213985
-35.211237323661834,-0.04836663391880878,0.001939390614044929,2.4066295795161388,-0.0033282189117441255
-35.18179431215608,-0.048361520944770454,0.0019360804776871008,2.4081666218102784,-0.0033100659014731124
-35.152351300650324,-0.048352501011957476,0.001931070451659571,2.4097062389053785,-0.0032880059324274583
-35.122908289144576,-0.04834956499607457,0.0019313664708133465,2.4112484372766914,-0.0032720298803118678
-35.09346527763882,-0.04834576118648371,0.0019342222093839075,2.4127932234212,-0.003255186034488329
-35.064022266133065,-0.04833282394518553,0.001941728397243597,2.414340603857709,-0.0032292087569574593
-35.03457925462732,-0.048322601254800514,0.001948079844362958,2.415890585126935,-0.0032059460303397666
-35.00513624312156,-0.04831483504000269,0.0019528928039523289,2.417443173791604,-0.0031851397793092526
-34.97569323161581,-0.04830460843523443,0.001958276444151709,2.418998376436537,-0.0031618731383083187
-34.94625022011006,-0.04829176492324231,0.0019645981745439094,2.4205561996687472,-0.0031359895900835155
-34.916807208604304,-0.04828268955966681,0.0019605291297241706,2.422116650117535,-0.003113874190275333
-34.88736419709855,-0.04827640761157249,0.0019529376111185061,2.4236797344345766,-0.0030945522059483213
-34.8579211855928,-0.048269032140302204,0.0019507045410909153,2.425245459294024,-0.003074136698445362
-34.828478174087046,-0.04826174526424858,0.0019520538672647017,2.4268138313925967,-0.003053809786159052
-34.79903516258129,-0.0482490107261597,0.0019538571601415496,2.428384857449679,-0.0030280352118374834
-34.76959215107554,-0.04823957931451767,0.0019517649103029313,2.4299585442074143,-0.0030055637639627777
-34.74014913956978,-0.04823655553447773,0.001946769814533677,2.4315348984308036,-0.002989499947690155
-34.71070612806403,-0.04823211257766532,0.001944373086630468,2.4331139269077995,-0.0029720169546450584
-34.681263116558284,-0.04822760525268426,0.0019435284816799905,2.434695636449407,-0.002954469593431326
-34.65182010505252,-0.048220798587725544,0.0019413086229101086,2.4362800338897808,-0.0029346228922399187
-34.622377093546774,-0.04821467831287619,0.0019393166115462541,2.4378671260863185,-0.0029154625811578794
-34.592934082041026,-0.048212244226626455,0.0019345652832054325,2.4394569199197687,-0.002899988458675465
-34.563491070535264,-0.048215423163371886,0.0019335388397590568,2.441049422294323,-0.002890127359188213
-34.534048059029516,-0.048218705164315305,0.0019401743979480877,2.4426446401377184,-0.00288036932389895
-34.50460504752377,-0.04821836393904203,0.001949252632853384,2.4442425804013386,-0.0028669880623930014
-34.475162036018006,-0.04821567223618933,0.001952320183793246,2.445843250060315,-0.0028512563233076132
-34.44571902451226,-0.0482134727933781,0.0019474561037634971,2.4474466561136246,-0.0028360168442636974
-34.4162760130065,-0.04821471371269261,0.0019361268858350076,2.449052805584198,-0.002824217727345528
-34.38683300150075,-0.04821841285098716,0.0019275665361638853,2.4506617055190167,-0.002814876829407391
-34.357389989995,-0.0482275892688644,0.0019272309712277272,2.4522733629892186,-0.002811013211051948
-34.327946978489244,-0.048237279410629295,0.0019295123129088145,2.453887785090202,-0.0028076633165841636
-34.29850396698349,-0.048244633851485315,0.0019253272748550967,2.4555049789417285,-0.0028019777212075006
-34.26906095547774,-0.048247835530127375,0.0019223695383631867,2.4571249516880274,-0.0027921393636168787
-34.239617943971986,-0.04825251213872389,0.0019265343666349413,2.458747710497903,-0.002783775935980712
-34.21017493246623,-0.048258086035473435,0.0019357296967151562,2.460373262564837,-0.002776309796497574
-34.18073192096048,-0.048261734135866256,0.0019380698318942982,2.462001615107099,-0.0027669178606577124
-34.15128890945473,-0.04826599593340585,0.001935063759188953,2.463632775367849,-0.0027581396219646254
-34.12184589794897,-0.04826949741077726,0.0019310528401534574,2.465266750615249,-0.0027486010631033522
-34.092402886443224,-0.04827804285007711,0.001934887093842241,2.466903548142566,-0.002744106466170522
-34.06295987493747,-0.048286849678170894,0.0019421175358040452,2.468543175268286,-0.0027398732580316207
-34.033516863431714,-0.04828867325997738,0.0019455636255861321,2.4701856393362194,-0.0027286568036054212
-34.004073851925966,-0.04828609541627019,0.001942628992170701,2.4718309477156115,-0.0027130389236655547
-33.97463084042021,-0.04828591779916546,0.0019356534333144593,2.473479107801253,-0.00269982127032814
-33.945187828914456,-0.04828793448615402,0.0019301207430707575,2.475130127013591,-0.0026887979210840143
-33.91574481740871,-0.0482880556580993,0.0019295374981229119,2.4767840127988388,-0.002675879056796615
-33.88630180590295,-0.04828388101802378,0.0019229553713554744,2.4784407726290913,-0.0026586643804884097
-33.8568587943972,-0.04827854578737265,0.0019134238396734508,2.480100414002433,-0.002640289113604602
-33.82741578289145,-0.048273837104225246,0.0019082016280104613,2.4817629444430542,-0.0026225403942245137
-33.797972771385695,-0.048268797629651354,0.0019079028304251917,2.4834283715013648,-0.002604460883417939
-33.76852975987994,-0.048264756446998756,0.0019071519741146795,2.485096702754107,-0.002587379664532659
-33.73908674837419,-0.04826493689301325,0.001900450295481521,2.48676794580447,-0.002574520074314468
-33.709643736868436,-0.04826349695315225,0.0018945393496037164,2.4884421082822077,-0.002560040098220785
-33.68020072536268,-0.04826058220412067,0.0018962692723573562,2.490119197843754,-0.0025440853129565233
-33.65075771385693,-0.04825482868849679,0.0018992373147348055,2.4917992221723364,-0.00252529176109996
-33.62131470235117,-0.048250739811652704,0.0019034914556470663,2.4934821889780996,-0.0025081628480231877
-33.59187169084542,-0.04825100393070123,0.00190916574121846,2.495168105998217,-0.00249538693083904
-33.562428679339675,-0.04824916165010024,0.0019114095056771002,2.4968569809970127,-0.002480504614005369
-33.53298566783391,-0.04824365054949444,0.001914805586574523,2.498548821766082,-0.0024619534771668852
-33.503542656328165,-0.04823792317327564,0.0019173476769523451,2.5002436361244054,-0.0024431860647153997
-33.47409964482242,-0.04823424579729021,0.0019150050324947322,2.501941431918477,-0.0024264686524972864
-33.444656633316654,-0.048228717907427665,0.001912593062336811,2.50364221702242,-0.002407900726402054
-33.415213621810906,-0.04822156356772572,0.0019177835718465538,2.5053459993381084,-0.002387706350467436
-33.38577061030516,-0.04821576989943662,0.0019237125189949414,2.507052786795293,-0.002368872645945652
-33.356327598799396,-0.04821174356298529,0.0019266498808262632,2.5087625873517228,-0.0023518062732616335
-33.32688458729365,-0.04820548043660434,0.0019316144463805264,2.5104754089932655,-0.0023325031106480043
-33.29744157578789,-0.04819629006781485,0.00193851254629338,2.5121912597340375,-0.0023102727056258307
-33.26799856428214,-0.048183364820807206,0.0019432237012419005,2.513910147616524,-0.002284307422385501
-33.23855555277639,-0.0481720771230765,0.0019436880393998498,2.515632080711707,-0.00225997968842212
-33.209112541270635,-0.04816573495562165,0.0019422084789063208,2.5173570671191934,-0.0022405974847345828
-33.17966952976488,-0.0481595587310902,0.0019410261810484065,2.519085114967336,-0.002221381223970448
-33.15022651825913,-0.04815041072662834,0.001941388653844945,2.520816232413368,-0.0021991931832759035
-33.12078350675338,-0.0481406239146668,0.0019458016713035805,2.5225504276435275,-0.0021763663350816906
-33.09134049524762,-0.04813181819980825,0.0019483195975373126,2.5242877088731874,-0.0021545205839904533
-33.06189748374187,-0.048130470421922394,0.0019476187911338877,2.5260280843469842,-0.002140132769871919
-33.03245447223612,-0.04813074217853049,0.0019469211483574397,2.527771562338952,-0.0021273644902473285
-33.00301146073036,-0.048126362456972265,0.0019463075862699885,2.5295181511526477,-0.0021099447324564174
-32.973568449224615,-0.048125198484588606,0.0019397449702426989,2.5312678591212876,-0.002095740723840077
-32.94412543771886,-0.04812646761253594,0.001933976907648104,2.5330206946078797,-0.002083969815554733
-32.914682426213105,-0.04812556860931682,0.0019393263603294684,2.534776666005354,-0.0020700307761029255
-32.88523941470736,-0.048121027667307886,0.0019451621565431038,2.536535781736698,-0.0020524497978613165
-32.8557964032016,-0.0481182761496061,0.0019502420642942653,2.5382980502550927,-0.0020366582439268408
-32.82635339169585,-0.04812085767845037,0.0019576606096343274,2.5400634800440463,-0.002026199736538427
-32.7969103801901,-0.048119362371845116,0.001958454759189387,2.54183207961753,-0.002011664393700492
-32.76746736868434,-0.048111845127887264,0.001955174592063179,2.5436038575201176,-0.0019911071135099573
-32.73802435717859,-0.04810172556244522,0.0019495380024900932,2.5453788223271197,-0.0019679475118352316
-32.70858134567284,-0.048090284751944455,0.0019438698648659078,2.5471569826447236,-0.001943466665101791
-32.679138334167085,-0.048078125466629464,0.0019436678947398697,2.5489383471101332,-0.00191826734355411
-32.64969532266133,-0.04806322506657227,0.0019504425142155358,2.5507229243917076,-0.0018903269072642337
-32.62025231115558,-0.04805075183349295,0.0019511845580933115,2.5525107231891013,-0.0018648136379522326
-32.59080929964983,-0.048040613591943816,0.0019448863208420051,2.554301752233408,-0.0018416353601704155
-32.56136628814407,-0.04802767446502384,0.001941102592464572,2.5560960202873,-0.001815656197017755
-32.531923276638324,-0.04800922615939631,0.0019421036821024628,2.5578935361451722,-0.001784167855157552
-32.50248026513257,-0.0479949669583136,0.0019429318286110701,2.559694308633287,-0.0017568686178421541
-32.47303725362681,-0.04798503642168106,0.0019464223402346533,2.5614983466099157,-0.0017338980449769295
-32.443594242121065,-0.04797885656964671,0.0019513264185202714,2.563305658965487,-0.0017146781567098993
-32.4141512306153,-0.04797001885462099,0.0019514274058252906,2.565116254622731,-0.001692800405451493
-32.384708219109555,-0.04794983172366233,0.0019515040872177094,2.566930142536827,-0.0016595732382601522
-32.35526520760381,-0.04792734275473547,0.0019544127057640297,2.5687473316955507,-0.0016240442331006133
-32.325822196098045,-0.0479055384670815,0.0019535448429211493,2.570567831119424,-0.0015891999092139605
-32.2963791845923,-0.04788821609355658,0.0019452254639413533,2.57239164986186,-0.0015588374994563586
-32.26693617308655,-0.047871109684494983,0.0019413666092912571,2.5742187970093187,-0.0015286910541620763
-32.23749316158079,-0.047856472972742925,0.0019409913160182612,2.576049281681456,-0.0015010143061773354
-32.20805015007504,-0.04784079001028017,0.0019392190965330759,2.577883113031272,-0.0014722913074818947
-32.178607138569284,-0.047819591163191615,0.001933385785546266,2.579720300245268,-0.0014380524241606601
-32.14916412706353,-0.04779676476425398,0.0019234887901647248,2.581560852543599,-0.0014021859889903412
-32.11972111555778,-0.047781155823238386,0.0019201517152666254,2.583404779180224,-0.0013735370117420667
-32.090278104052025,-0.0477702809450147,0.0019227751241150315,2.5852520894430686,-0.001349622097285695
-32.06083509254627,-0.04775743653879891,0.0019238147117657304,2.587102792654173,-0.0013237376548372246
-32.03139208104052,-0.04774257509695604,0.001925614085447462,2.588956898169854,-0.0012958361767616763
-32.00194906953477,-0.04772885510202537,0.0019283383905918828,2.590814415380861,-0.001269076145598319
-31.972506058029015,-0.04771913341266618,0.0019297528501405448,2.5926753537125347,-0.0012463144200064516
-31.943063046523264,-0.04770818562588197,0.0019310896083423884,2.594539722624966,-0.0012223265969895578
-31.91362003501751,-0.04769277874799533,0.0019313154829056713,2.5964075316131563,-0.0011938796828702344
-31.884177023511757,-0.04767657603062975,0.0019235865782785432,2.5982787902071802,-0.0011646369292719685
-31.854734012006002,-0.04766737609255134,0.0019187745542071733,2.600153507972346,-0.0011423969549608781
-31.82529100050025,-0.04765898259632567,0.0019225746264899095,2.6020316945093596,-0.0011209634225025286
-31.7958479889945,-0.04764853312489852,0.0019217579600257107,2.603913359454487,-0.0010974739148426962
-31.766404977488744,-0.047641874283953944,0.0019185740233015407,2.6057985124797214,-0.0010777750376654363
-31.736961965982992,-0.04763203431319479,0.0019219674288360332,2.6076871632929457,-0.0010548950306736027
-31.70751895447724,-0.04762444930335761,0.0019251077518306152,2.6095793216381034,-0.0010342699846037362
-31.678075942971486,-0.04761765132633385,0.0019239991797579384,2.611474997295362,-0.0010144319713472974
-31.648632931465734,-0.04760924371794321,0.00192284924081632,2.6133742000812847,-0.0009929843267239696
-31.61918991995998,-0.04759737516183581,0.0019216971104347115,2.615276939848997,-0.0009680757343838928
-31.589746908454227,-0.04758440770888758,0.001924252319568639,2.6171832264883594,-0.0009420682452029802
-31.560303896948476,-0.04757706339181111,0.001928331670338837,2.6190930699261377,-0.0009216838918938222
-31.53086088544272,-0.04756838114297296,0.0019289713393288552,2.621006480126176,-0.0008999616068229854
-31.50141787393697,-0.04755639017671678,0.0019304365306437074,2.622923467089569,-0.0008749306043341273
-31.471974862431217,-0.04754443328211433,0.0019324900391731886,2.6248440408548364,-0.0008499336734989968
-31.442531850925462,-0.047531844728270316,0.0019305640150664223,2.6267682114980997,-0.0008243050834223012
-31.41308883941971,-0.047516219381348514,0.0019210349071619418,2.6286959891332558,-0.0007956397002678098
-31.38364582791396,-0.04750439639771361,0.001908807084122479,2.6306273839121563,-0.00077077668040023
-31.354202816408204,-0.04749338716839485,0.0019062800557589077,2.632562406024785,-0.0007467274148487829
-31.324759804902452,-0.04748401523401513,0.001905534384885074,2.6345010656994368,-0.0007243154442363869
-31.295316793396697,-0.04747499207818586,0.0019041347169896608,2.6364433732028987,-0.0007022522521744276
-31.265873781890946,-0.0474648647725451,0.0019033056460832298,2.63838933884063,-0.0006790849103009908
-31.236430770385194,-0.04745766473528129,0.0018998568844989596,2.640338972956945,-0.0006588448368044925
-31.20698775887944,-0.04745525806245927,0.0018935306855086588,2.6422922859351976,-0.0006433981277497933
-31.177544747373688,-0.04745518616273955,0.0018881873326772477,2.6442492881979627,-0.0006302861917973843
-31.148101735867936,-0.047456117174259155,0.0018854356225490934,2.6462099902072245,-0.0006181771670843161
-31.11865872436218,-0.047455384382870995,0.0018830212467451793,2.6481744024645617,-0.0006044043394634671
-31.08921571285643,-0.0474579101616305,0.0018881535709358427,2.6501425355113346,-0.0005938900819902962
-31.059772701350674,-0.047460972272406164,0.0018978973613124502,2.6521143999288745,-0.0005839121565332714
-31.030329689844923,-0.04746507926224371,0.0019053548293423235,2.6540900063386723,-0.000574979110138138
-31.00088667833917,-0.04746864416522112,0.0019093809038674481,2.6560693654025704,-0.0005655039768828612
-30.971443666833416,-0.04747150757127999,0.0019140631348378181,2.658052487822954,-0.0005553273467090517
-30.942000655327664,-0.04747778230277896,0.0019191402993385931,2.660039384342944,-0.0005485620419753354
-30.912557643821913,-0.04748377854698286,0.0019218607997022197,2.6620300657465896,-0.0005415182499465543
-30.883114632316158,-0.04748169436447506,0.001920023918043215,2.6640245428590665,-0.0005263940312060719
-30.853671620810406,-0.04748311709962347,0.0019235971208606346,2.666022826546871,-0.0005147767301217979
-30.824228609304654,-0.047484514835303575,0.0019306279596718744,2.668024927718016,-0.0005031344295692228
-30.7947855977989,-0.047483384331529314,0.0019391527568149653,2.6700308573222338,-0.00048896388956228
-30.765342586293148,-0.0474821955696473,0.0019446153535278296,2.672040626351171,-0.0004747350914475826
-30.735899574787393,-0.047483532433822084,0.0019438775240704221,2.674054245838592,-0.0004630319193896851
-30.70645656328164,-0.047487226854084796,0.001940885324246957,2.6760717268605814,-0.0004536863034197147
-30.67701355177589,-0.047487194317833915,0.0019419642485220805,2.678093080535744,-0.0004406137309361513
-30.647570540270134,-0.047480219797566385,0.0019419247254573312,2.6801183180254124,-0.0004205991744359386
-30.618127528764383,-0.047472371549266756,0.0019392966875885476,2.6821474505338507,-0.0003997108899036275
-30.58868451725863,-0.047466680916176535,0.0019373178632435318,2.684180489308461,-0.00038098022058072334
-30.559241505752876,-0.04746659036527117,0.001937940348845488,2.6862174456399925,-0.00036784963344267674
-30.529798494247125,-0.04746391838038735,0.0019454577290537575,2.6882583308627495,-0.0003521376123261713
-30.50035548274137,-0.04745577231694822,0.0019560242088428547,2.690303156354801,-0.0003309515126543594
-30.470912471235618,-0.04745143598211895,0.00196096896419515,2.6923519335381942,-0.0003135751415924079
-30.441469459729866,-0.047449681965682354,0.0019612414821214862,2.6944046738791654,-0.0002987810889231307
-30.41202644822411,-0.04745081954746061,0.0019582393956244695,2.6964613888883537,-0.0002868786344687041
-30.38258343671836,-0.047444434292602554,0.001960582817936333,2.6985220901210183,-0.0002674533433779658
-30.353140425212608,-0.04743648448726123,0.0019607445751095138,2.7005867891772524,-0.0002464635018039618
-30.323697413706853,-0.047431475823514556,0.001955616966002665,2.702655497702203,-0.00022841480182460294
-30.2942544022011,-0.04743336337041228,0.0019573626148386945,2.704728227386288,-0.00021726231248964806
-30.26481139069535,-0.04743520452375163,0.0019624091955950107,2.7068049899654163,-0.0002060634295963093
-30.235368379189595,-0.04743245769447765,0.0019639696257624365,2.708885797221213,-0.0001902765640896531
-30.205925367683843,-0.04742975321126653,0.001964447187180424,2.710970660981237,-0.0001745320446458476
-30.176482356178088,-0.0474337205169621,0.00196507745313682,2.7130595931192087,-0.00016545931410873183
-30.147039344672336,-0.047438307994657064,0.0019620611246669146,2.7151526055552333,-0.00015700675557101668
-30.117596333166585,-0.04743851316429887,0.001957851919993879,2.7172497102560293,-0.000144171888980138
-30.08815332166083,-0.04744050548899146,0.0019561940362149677,2.7193509192351555,-0.00013312417744004712
-30.058710310155078,-0.047443993416707554,0.001953930599694392,2.7214562445532398,-0.00012357206892345957
-30.029267298649327,-0.0474471774443621,0.0019522070118001792,2.7235656983182124,-0.00011371606034532578
-29.99982428714357,-0.047443280260735854,0.001957985118688641,2.7256792926855353,-9.677884048639451e-05
-29.97038127563782,-0.0474380847699142,0.0019656899380209483,2.7277970398584364,-7.854331343205845e-05
-29.940938264132065,-0.04744152179576292,0.001965047480131667,2.7299189520881457,-6.894030304809701e-05
-29.911495252626313,-0.04744977198012837,0.0019584817978026683,2.7320450416741298,-6.415045118086243e-05
-29.88205224112056,-0.047453431952766294,0.001957446871205724,2.734175320964331,-5.4770387586104696e-05
-29.852609229614806,-0.04745726796062286,0.0019636709095511486,2.736309802355405,-4.556635920999197e-05
-29.823166218109055,-0.04746071246414843,0.0019665281804060668,2.738448498292963,-3.597082650287631e-05
-29.793723206603303,-0.047464151327757366,0.0019686173418921355,2.740591421271811,-2.6369653879129706e-05
-29.764280195097548,-0.04747011588575523,0.0019733684223066606,2.7427385838361964,-1.9294175644314626e-05
-29.734837183591797,-0.04747809792338753,0.001973417459247237,2.7448899985800503,-1.4236177043928933e-05
-29.705394172086045,-0.047482466249176646,0.0019713892422573787,2.747045678147235,-5.5644666003620835e-06
-29.67595116058029,-0.04748669908292386,0.001972013569205108,2.7492056352317915,3.242735885110315e-06
-29.64650814907454,-0.047497680114892325,0.0019733471916176092,2.7513698825781874,5.301740149322998e-06
-29.617065137568783,-0.047508972908432784,0.0019697264701472334,2.753538432981569,7.0489828415537525e-06
-29.58762212606303,-0.047517411126373976,0.001968792208201916,2.7557112992880133,1.1650801133036848e-05
-29.55817911455728,-0.04752512095580208,0.001969602037425351,2.7578884943947815,1.6981007937622028e-05
-29.528736103051525,-0.047534489104703224,0.0019673613843032844,2.7600700312505735,2.0652895269153426e-05
-29.499293091545773,-0.04754443088264557,0.0019658476800479886,2.762255922855786,2.375115355949392e-05
-29.469850080040022,-0.04755237563472162,0.0019645754975057403,2.7644461822627693,2.8846437716119333e-05
-29.440407068534267,-0.047564927525087425,0.001958347283423198,2.7666408225760883,2.9334583583007223e-05
-29.410964057028515,-0.04757367430691562,0.001955039145940608,2.7688398569527823,3.362783798748631e-05
-29.38152104552276,-0.047582515028099986,0.0019525846003593617,2.7710432986026294,3.782715303581041e-05
-29.35207803401701,-0.04759604048370401,0.0019492306153483956,2.773251160788411,3.734173366446575e-05
-29.322635022511257,-0.047605211510204394,0.0019434051774914669,2.7754634568261767,4.121074339676761e-05
-29.2931920110055,-0.04760719316716614,0.0019383086358351301,2.7776802000855136,5.2269122667703005e-05
-29.26374899949975,-0.04761097416264783,0.0019381832556022156,2.7799014039898133,6.152816341869344e-05
-29.234305987994,-0.04762172785203495,0.0019398400048321266,2.782127082016546,6.381451026424984e-05
-29.204862976488243,-0.04763076157292512,0.0019434233676443452,2.78435724769753,6.78208256067736e-05
-29.175419964982492,-0.0476387165545518,0.001944475164422351,2.7865919146192075,7.290588021277578e-05
-29.14597695347674,-0.047648612141626266,0.001942971446825682,2.7888310964229217,7.605032937098993e-05
-29.116533941970985,-0.0476616935579773,0.0019491161946546675,2.791074806805191,7.600894925263724e-05
-29.087090930465234,-0.04767292653710372,0.0019535060548085087,2.793323059517992,7.78160063589009e-05
-29.05764791895948,-0.04768149599895253,0.0019465393230346253,2.7955758683690375,8.228658074277417e-05
-29.028204907453727,-0.04769416255023908,0.001946861832807923,2.797833247222061,8.2660065688904e-05
-28.998761895947975,-0.047710705715492074,0.001950066657198107,2.8000952099971,7.915693666859375e-05
-28.96931888444222,-0.04772262097621971,0.0019563237998452745,2.8023617706707835,8.0281712173641e-05
-28.93987587293647,-0.04772861641501736,0.0019616326559545186,2.8046329432766175,8.732630960867072e-05
-28.910432861430717,-0.04773710273386309,0.0019569869797807695,2.806908741905278,9.188002699562353e-05
-28.880989849924962,-0.047747342443968,0.001946210132165416,2.8091891807048994,9.468035312339834e-05
-28.85154683841921,-0.04775168106140525,0.0019453213327195193,2.8114742738813687,0.00010338177191882708
-28.822103826913455,-0.04775874872396335,0.0019461507651502912,2.813764035698621,0.00010935414559341133
-28.792660815407704,-0.0477658814428501,0.0019405045411795606,2.816058480478935,0.00011526146293934503
-28.763217803901952,-0.04777158653867075,0.0019314107332825657,2.8183576226032336,0.00012259640335137573
-28.733774792396197,-0.04778323030210948,0.0019268174383122562,2.8206614765113835,0.00012399267614533055
-28.704331780890445,-0.04779358151378841,0.0019252822370442336,2.822970056702496,0.0001266815006990829
-28.674888769384694,-0.04779348858773059,0.0019220783814742663,2.8252833777352326,0.00013981446298958616
-28.64544575787894,-0.04779166677023541,0.001914665136558177,2.827601454228112,0.0001546763167174503
-28.616002746373187,-0.047794251814568096,0.0019050371988232765,2.829924300859816,0.00016513130861744302
-28.586559734867436,-0.047795710527054065,0.0018993242538347707,2.8322519323695,0.00017671263236415657
-28.55711672336168,-0.04779793442685195,0.0019041804329263706,2.8345843635571057,0.00018752876879895436
-28.52767371185593,-0.04780357989540743,0.0019087998872850966,2.8369216092836735,0.00019492333647615906
-28.498230700350174,-0.047812803386795964,0.001904835714146462,2.8392636844716597,0.0001987398813203048
-28.468787688844422,-0.04782396667143254,0.001896949909911426,2.8416106041052505,0.0002006166329164144
-28.43934467733867,-0.04783353683640897,0.0018921313342464957,2.843962383230687,0.0002040865041726611
-28.409901665832916,-0.04784289333175124,0.0018887371466952926,2.8463190369565825,0.00020777004506307428
-28.380458654327164,-0.04785116536671471,0.0018853399456073645,2.8486805804542477,0.0002125380463322904
-28.351015642821412,-0.04785706119293634,0.0018804638374998255,2.8510470289580154,0.0002196822563433412
-28.321572631315657,-0.04786634842350462,0.0018817734008036075,2.8534183977655694,0.00022343506200774021
-28.292129619809906,-0.047877241696736926,0.0018843528183459916,2.855794702238273,0.00022558182500811985
-28.26268660830415,-0.0478889334865276,0.001889396681838764,2.858175957801501,0.00022693007145013072
-28.2332435967984,-0.04789686354138869,0.0018977277503164484,2.8605621799449734,0.00023204005282172202
-28.203800585292647,-0.04790383109098575,0.001901690452770693,2.862953384223092,0.0002381125394573455
-28.174357573786892,-0.047909589121072765,0.0018993812132639836,2.865349586255278,0.00024539454560301016
-28.14491456228114,-0.04791442879460598,0.0018965057531767841,2.8677508017263103,0.0002535949083024777
-28.11547155077539,-0.04792103745237791,0.0018971093894961234,2.8701570463866712,0.00026002628676322775
-28.086028539269634,-0.04792456568651665,0.0018993796392632813,2.8725683360528875,0.00026953808885717134
-28.056585527763882,-0.04793079064641781,0.0018978111705168963,2.8749846866078794,0.00027635316518869607
-28.02714251625813,-0.047945869804110454,0.0018972529196760101,2.877406114001307,0.00027431404372873364
-27.997699504752376,-0.04796115361910325,0.0018980076678166175,2.879832634249925,0.0002720702649686227
-27.96825649324662,-0.04797058396142465,0.0018994525303135984,2.88226426343793,0.0002756799588799
-27.938813481740873,-0.047977137667584824,0.0018990040076829952,2.8847010177173207,0.00028216628895241097
-27.909370470235118,-0.047982622345648845,0.001897448477718134,2.8871429133082556,0.00028972164712107173
-27.879927458729362,-0.04799332337819089,0.00189035577539191,2.889589966499409,0.0002920606508117138
-27.850484447223614,-0.048008483669619566,0.0018844851000271168,2.8920421936483365,0.0002899403956157162
-27.82104143571786,-0.04802600503712238,0.0018860047006831477,2.894499611181839,0.00028545906434559315
-27.791598424212104,-0.04804296337336119,0.0018890776605685374,2.8969622355963285,0.00028154076433945657
-27.762155412706356,-0.04805871531122482,0.0018906391915555494,2.899430083458197,0.0002788288627085106
-27.7327124012006,-0.048073834038406184,0.0018893580240699293,2.9019031714041903,0.0002767501717598278
-27.703269389694846,-0.04809066414382842,0.0018881401797776406,2.9043815161417794,0.0002729601025702813
-27.673826378189098,-0.04810498315242951,0.001889792956277275,2.9068651344495366,0.00027168113020186596
-27.644383366683343,-0.048111219762084795,0.0018908807139405381,2.9093540431775176,0.000278484556779271
-27.614940355177588,-0.04811852747351094,0.0018914048806159048,2.9118482592476385,0.0002842168815858012
-27.58549734367184,-0.048128531030450276,0.001899863419492363,2.91434779965406,0.0002872533608791472
-27.556054332166084,-0.04814661349086761,0.0019080281450352785,2.916852681463577,0.00028221093669449776
-27.52661132066033,-0.048165125941837784,0.0019106312979765834,2.919362921816002,0.00027673852195701093
-27.497168309154574,-0.04817958495306363,0.0019123876120029748,2.9218785379245595,0.0002753195469638453
-27.467725297648826,-0.04819597212493029,0.0019154720133017838,2.9243995470762774,0.00027197241132986827
-27.43828228614307,-0.048215630870348865,0.0019178577206121162,2.9269259666323846,0.0002653537021439778
-27.408839274637316,-0.048234361517395734,0.001918537587982752,2.9294578140287095,0.0002596630913297912
-27.379396263131568,-0.04824952530537436,0.001924231751900383,2.931995106776078,0.0002575393395838413
-27.349953251625813,-0.04826915187702002,0.0019362398971022577,2.934537862460723,0.0002509528041708675
-27.320510240120058,-0.0482828809085763,0.0019426423466105869,2.9370860987446847,0.00025026380884727445
-27.29106722861431,-0.04829654503942372,0.0019455693624131677,2.939639833366223,0.0002496397142325371
-27.261624217108555,-0.04831505171261385,0.0019514835491408423,2.942199084140229,0.0002441730772750894
-27.2321812056028,-0.04833735521048794,0.0019559886789495377,2.9447638689586375,0.00023490961563368135
-27.20273819409705,-0.04835421093379199,0.0019568762886539416,2.947334205790845,0.0002310939285623051
-27.173295182591296,-0.048363465609707175,0.001958356064879616,2.9499101126841305,0.0002348792888798093
-27.14385217108554,-0.04837494032144862,0.0019638931636623666,2.952491607764076,0.00023644461337104378
-27.114409159579793,-0.04839258051395728,0.0019638236340170433,2.955078709234991,0.000231844457095072
-27.084966148074038,-0.04840679530056169,0.001962788235671463,2.957671435380345,0.00023066970672334236
-27.055523136568283,-0.04842579914360958,0.0019645664881422827,2.9602698045631923,0.00022470589990813278
-27.026080125062535,-0.04844500549250214,0.001962490940028908,2.962873835226608,0.0002185395872482468
-26.99663711355678,-0.04845740432191196,0.0019601958902691952,2.9654835458941275,0.00021918079407112073
-26.967194102051025,-0.04846675688262858,0.0019615072491959984,2.9680989551701797,0.00022286826958718003
-26.93775109054527,-0.04847810407327383,0.0019677462179249604,2.970720081740534,0.00022456111517461103
-26.90830807903952,-0.04849281291800119,0.0019744924539647378,2.973346944372742,0.00022289230667993376
-26.878865067533766,-0.04850899072989787,0.00197158237164451,2.975979561916589,0.00021975453101593517
-26.84942205602801,-0.04852639881505943,0.0019637754229308974,2.9786179533045414,0.00021538648208706268
-26.819979044522263,-0.048549396975708294,0.0019639464245405475,2.9812621375522013,0.00020542835767087958
-26.790536033016508,-0.04857132373155539,0.0019596325487373028,2.9839121337587664,0.0001965416380564633
-26.761093021510753,-0.048592271515240364,0.0019543812177419753,2.9865679611074856,0.0001886338906041743
-26.731650010005005,-0.04860840660609463,0.001954774249314815,2.989229638866123,0.0001855388359825877
-26.70220699849925,-0.04862229228046658,0.001956666456032828,2.991897186387427,0.00018469319784332472
-26.672763986993495,-0.048634381511960166,0.001956637937202033,2.9945706231095954,0.0001856440025824191
-26.643320975487747,-0.04864685168421662,0.0019543310760047547,2.9972499685567486,0.0001862138665586488
-26.61387796398199,-0.04866022478031228,0.0019451207307560428,2.9999352423394074,0.00018588080669566798
-26.584434952476236,-0.04867547651052708,0.001931844890517316,3.0026264641549676,0.00018366911271355119
-26.55499194097049,-0.048695068830636845,0.001917477287418509,3.005323653788183,0.00017711682883646968
-26.525548929464733,-0.048716360024682735,0.001909264658046279,3.008026831111653,0.00016886567102326194
-26.496105917958978,-0.04873203735470224,0.0019081002432094856,3.010736016086306,0.0001662283772364409
-26.46666290645323,-0.04874648701522635,0.0019050809819297718,3.0134512287618946,0.00016481875294500903
-26.437219894947475,-0.048760521738561595,0.0019000714892534404,3.016172489277488,0.00016382406584244946
-26.40777688344172,-0.0487698426351288,0.0019015114487427476,3.0188998178619713,0.00016754320550792928
-26.378333871935965,-0.048783671885135875,0.0019027252485592728,3.0216332348345443,0.00016675399173354116
-26.348890860430217,-0.04880098775160349,0.001896889067508773,3.024372760605229,0.00016247816149859984
-26.31944784892446,-0.04881971247544805,0.0018876096610124524,3.0271184156753774,0.00015679347388672382
-26.290004837418707,-0.0488367540840867,0.0018817982106019253,3.029870220638181,0.00015279190148075744
-26.26056182591296,-0.04885739398461433,0.0018822850536162191,3.032628196179185,0.0001451920371858123
-26.231118814407203,-0.04888227254776256,0.001881771198166247,3.035392363076812,0.00013335351027025932
-26.20167580290145,-0.04889802631190849,0.0018826479367886875,3.0381627422028767,0.00013063978235702128
-26.1722327913957,-0.04890474321435375,0.001886589792673623,3.040939354523115,0.0001369629161444355
-26.142789779889945,-0.048915101729095696,0.0018893338965434,3.043722221097715,0.00013964443763517242
-26.11334676838419,-0.04892518700118232,0.0018898682944646847,3.046511363081844,0.0001425992017812308
-26.083903756878442,-0.04893491285448228,0.0018901427568638865,3.049306801726188,0.00014591338471395265
-26.054460745372687,-0.048941355819739685,0.0018870972039109126,3.0521085583774936,0.00015251045568923094
-26.02501773386693,-0.048952077254793856,0.001882931148930069,3.054916654479105,0.00015482905686774878
-25.995574722361184,-0.0489686992856771,0.0018812442124746729,3.0577311115715164,0.00015124706221718298
-25.96613171085543,-0.0489835442609668,0.0018821843703819687,3.0605519512929216,0.00014944212316016225
-25.936688699349673,-0.04899605625832983,0.0018824248404531072,3.0633791953797673,0.00014997016202981245
-25.907245687843925,-0.049008059492998614,0.0018819601126702286,3.066212865667312,0.0001510069635937139
-25.87780267633817,-0.04901760503142688,0.0018824874903793666,3.0690529840901895,0.00015450146139812937
-25.848359664832415,-0.04902840939038783,0.0018793170105524083,3.0718995726829723,0.00015673713866987127
-25.81891665332666,-0.04904643530404681,0.0018775452517589299,3.0747526535807435,0.00015175126124357396
-25.789473641820912,-0.04906246474923903,0.0018720096394614432,3.0776122490196687,0.00014876185228403227
-25.760030630315157,-0.0490781606382573,0.0018676311915650054,3.080478381337577,0.00014610599949844288
-25.730587618809402,-0.04909281220962985,0.001865455991192783,3.083351072974539,0.00014449446435858132
-25.701144607303654,-0.04911043306983585,0.0018633979133014127,3.086230346473453,0.00013991364038525717
-25.6717015957979,-0.04913160357530391,0.0018605958590022917,3.089116224480639,0.00013178317114988236
-25.642258584292144,-0.0491498109999526,0.0018572196642716462,3.0920087297464254,0.0001266157827338743
-25.612815572786396,-0.04915885138397036,0.0018539631796899607,3.094907885125751,0.0001306154349487998
-25.58337256128064,-0.049167837908764854,0.0018529913313184026,3.097813713578769,0.00013466894638698018
-25.553929549774885,-0.04918151592564057,0.0018497124316564923,3.1007262381714478,0.00013403096574395035
-25.524486538269137,-0.049197948937522995,0.001844315242037748,3.103645482076185,0.00013063799009420396
-25.495043526763382,-0.04921483739211369,0.0018434246225390223,3.1065714685724215,0.00012678957173619526
-25.465600515257627,-0.04922961953367196,0.0018454258156520614,3.109504221047259,0.0001250474664106077
-25.43615750375188,-0.049238284761803384,0.0018468198907654854,3.1124437629960835,0.00012942227451186866
-25.406714492246124,-0.04924862371377887,0.0018420847758227079,3.1153901180231958,0.0001321233587690679
-25.37727148074037,-0.04926551012781024,0.001836629720509516,3.1183433098424373,0.00012827698097037793
-25.34782846923462,-0.049291121955336685,0.0018369770117611058,3.1213033622778306,0.00011570518967660842
-25.318385457728866,-0.04931336846340916,0.001837528164863906,3.1242702992642206,0.00010649871783682124
-25.28894244622311,-0.04932724271977177,0.001837194939845143,3.1272441448479165,0.0001056644977068949
-25.259499434717355,-0.04933961915359836,0.0018385964258183672,3.130224923187344,0.0001063281001129901
-25.230056423211607,-0.04935401856535568,0.0018395317346146974,3.133212658553697,0.00010496872458835155
-25.200613411705852,-0.04936675314057493,0.0018425161838924312,3.1362073753316,0.00010527418560177942
-25.171170400200097,-0.049376147831564104,0.001848214290333042,3.139209098019769,0.00010891953084529032
-25.14172738869435,-0.04938283364934803,0.0018542000851246936,3.1422178512316776,0.00011527374929404949
-25.112284377188594,-0.04938853320198864,0.0018595759843489052,3.145233659696236,0.00012261423288612017
-25.08284136568284,-0.04940537984724983,0.0018620087125050318,3.1482565482584617,0.00011880762385760996
-25.05339835417709,-0.04943282649756315,0.0018660011157097445,3.151286541880165,0.00010440100977697486
-25.023955342671336,-0.0494560456483091,0.0018693351036846745,3.1543236656406375,9.422189526370889e-05
-24.99451233116558,-0.04946589058949676,0.001868810160687683,3.15736794473734,9.741699030872686e-05
-24.965069319659833,-0.04947467351840348,0.001864865724262015,3.1604194044866034,0.00010167409763469498
-24.935626308154077,-0.04949311227870304,0.0018616057681374587,3.1634780703243286,9.62753735678154e-05
-24.906183296648322,-0.04951740930979484,0.001862053662947022,3.1665439678066925,8.501837870869555e-05
-24.876740285142574,-0.049538796428263275,0.0018609254732765445,3.16961712261086,7.66712964729438e-05
-24.84729727363682,-0.04956019570581912,0.001857015537983022,3.172697560535704,6.83120551497815e-05
-24.817854262131064,-0.049582025849319124,0.0018540737240652645,3.175785307502523,5.95219478824599e-05
-24.788411250625316,-0.049604383072281356,0.0018548814612957272,3.17888038955577,5.020476115290967e-05
-24.75896823911956,-0.04962873934893756,0.0018547377421919576,3.181982832863785,3.8888520729390974e-05
-24.729525227613806,-0.049650208583887946,0.0018533834353817661,3.1850926637195336,3.045932201168472e-05
-24.70008221610805,-0.049664997419310374,0.001853567702879857,3.1882099085413467,2.8710522821939755e-05
-24.670639204602303,-0.049673571983497276,0.0018565630538030587,3.1913345938736692,3.317599486771933e-05
-24.641196193096548,-0.049689781330129724,0.001854015980556958,3.1944667463878185,3.0006684467953626e-05
-24.611753181590792,-0.049713714628741766,0.001856607632650887,3.1976063928827365,1.91134220885944e-05
-24.582310170085044,-0.04973514172643484,0.001867783399522442,3.2007535602857566,1.072636062820348e-05
-24.55286715857929,-0.04975263767717238,0.0018750937413317867,3.2039082756533768,6.2704461233423214e-06
-24.523424147073534,-0.04977185234984414,0.001879746186508871,3.2070705661720282,9.580968426958769e-08
-24.493981135567786,-0.04979524936615574,0.0018808421027722867,3.2102404591588622,-1.0261170394647301e-05
-24.46453812406203,-0.049813373731101784,0.0018811418775549797,3.2134179820625346,-1.5345499108011806e-05
-24.435095112556276,-0.049834567575538814,0.001875487044014236,3.216603162463997,-2.349930731235933e-05
-24.405652101050528,-0.049856347729724304,0.0018719751583532165,3.2197960280772957,-3.223942526516671e-05
-24.376209089544773,-0.049877055702238306,0.0018743042350515885,3.2229966067503777,-3.990736154648594e-05
-24.346766078039018,-0.04990337464961411,0.001876860373178227,3.226204926465896,-5.318627268960374e-05
-24.31732306653327,-0.04993249393383834,0.0018758187470492998,3.2294210153420266,-6.926552068115682e-05
-24.287880055027514,-0.04996112269115966,0.001877579405217392,3.2326449016332948,-8.485424176979395e-05
-24.25843704352176,-0.04998755869904047,0.0018803188881890808,3.235876613731394,-9.825021341792334e-05
-24.22899403201601,-0.050011952790939285,0.0018824115596537978,3.2391161801660253,-0.00010960426908405291
-24.199551020510256,-0.050032691061387545,0.0018842275790222631,3.2423636296057365,-0.00011730250329963082
-24.1701080090045,-0.05004955749881481,0.0018866763226298674,3.245618990858766,-0.00012112890449420682
-24.140664997498746,-0.0500765225376733,0.0018830558982129322,3.248882292873894,-0.00013505390712002102
-24.111221985992998,-0.05010577478083463,0.0018819148854069161,3.252153564741303,-0.0001512661140486704
-24.081778974487243,-0.05012872896867503,0.0018908657294625822,3.2554328356934423,-0.0001611802656563896
-24.052335962981488,-0.050154363546266824,0.0018968581457636873,3.2587201351058965,-0.0001737748070154907
-24.02289295147574,-0.050185916753691544,0.001898736901963433,3.2620154924982625,-0.00019228797820753513
-23.993449939969985,-0.05021483631615022,0.0019027375895198024,3.265318937535037,-0.00020816750443352489
-23.96400692846423,-0.05023939791198173,0.0019071540453850214,3.268630500026503,-0.00021968906403235094
-23.93456391695848,-0.050262465668465046,0.0019073202474861684,3.271950209929625,-0.00022971678428299058
-23.905120905452726,-0.05028148110389342,0.0019070645952689064,3.27527809734896,-0.00023569218347867932
-23.87567789394697,-0.05029684887559116,0.001911369702800302,3.278614192537558,-0.00023801991894373264
-23.846234882441223,-0.05031468294777924,0.0019091587447469867,3.281958525897884,-0.00024281395489914037
-23.816791870935468,-0.05033500267767166,0.0019058263782759269,3.2853111279827427,-0.0002500936485588662
-23.787348859429713,-0.05035229769197325,0.0019073649067203541,3.288672029496204,-0.00025434862662777197
-23.757905847923965,-0.050367893567176046,0.0019107607105059352,3.292041261294545,-0.0002569044655978889
-23.72846283641821,-0.050382625174985096,0.0019158739880584224,3.2954188543871927,-0.0002585960371742635
-23.699019824912455,-0.050403806802297356,0.0019184509883183826,3.298804839937674,-0.0002667376282538339
-23.669576813406707,-0.050426357369796775,0.0019182630047664996,3.302199249264575,-0.0002762481595205771
-23.64013380190095,-0.0504401400745823,0.001915423920350068,3.305602113842509,-0.0002769908280734132
-23.610690790395196,-0.05044862943113876,0.0019116384668379025,3.3090134653030856,-0.00027244014839718916
-23.58124777888944,-0.05046189130395778,0.001913918135260784,3.3124333354358924,-0.00027266198498352573
-23.551804767383693,-0.050477980513929425,0.001916579615578891,3.3158617561894816,-0.00027571115872249835
-23.522361755877938,-0.050497699202388634,0.001913411566435615,3.3192987596723698,-0.0002823898109490172
-23.492918744372183,-0.05051900016859392,0.0019068524029565688,3.322744378154032,-0.00029065074092161913
-23.463475732866435,-0.05053410703297284,0.0019044533180316739,3.3261986440659164,-0.00029271756906786017
-23.43403272136068,-0.05054650190471286,0.0019051212208023454,3.329661590002465,-0.0002920724045751971
-23.404589709854925,-0.05056148332201904,0.0019036228859083727,3.333133248722131,-0.0002940137856486946
-23.375146698349177,-0.050578962296786455,0.0018991360246797702,3.336613653148418,-0.00029845272418342617
-23.34570368684342,-0.05059296486975267,0.001899058872546854,3.3401028363709195,-0.00029941526091695897
-23.316260675337666,-0.0506082066387808,0.0018994683393987052,3.3436008316463655,-0.0003016169937124086
-23.28681766383192,-0.050625035488047886,0.0018997509456057872,3.3471076723996793,-0.0003054058067468099
-23.257374652326163,-0.05064165453002248,0.0019020101693430279,3.350623392225047,-0.0003089848124887204
-23.227931640820408,-0.05066021491112829,0.001903693481997544,3.354148024886983,-0.00031450515736185236
-23.19848862931466,-0.050679999439478124,0.0019024805487178604,3.357681604321415,-0.000321249649479001
-23.169045617808905,-0.05069579536789894,0.001902467830320877,3.3612241646367753,-0.00032400554166713696
-23.13960260630315,-0.05071662533890641,0.0019044630545129095,3.364775740115092,-0.0003317954764419234
-23.110159594797402,-0.050738926670898486,0.0019061153699905865,3.3683363652130995,-0.0003410567722013161
-23.080716583291647,-0.05076639852344103,0.0019021179598280374,3.371906074563354,-0.0003554885885111783
-23.05127357178589,-0.05079781960337876,0.0018990462668836635,3.37548490297535,-0.0003738696322162227
-23.021830560280137,-0.05082586686324678,0.0018981300753275387,3.37907288543666,-0.00038887685585155957
-22.99238754877439,-0.050851497235946765,0.0018986620838453878,3.382670057114066,-0.0004014671923188648
-22.962944537268633,-0.05087971303208289,0.0018963576105800403,3.386276453354718,-0.00041664295222230974
-22.93350152576288,-0.05090442902568928,0.0018934170048247022,3.3898921096872825,-0.00042831890959601354
-22.90405851425713,-0.05093085601297093,0.0018870350010071252,3.393517061823115,-0.0004417058606449864
-22.874615502751375,-0.05095762434652862,0.0018835337551395184,3.397151345657436,-0.0004554341579699889
-22.84517249124562,-0.05097651122635222,0.0018834079018443686,3.400794997270511,-0.00046128100156090507
-22.815729479739872,-0.05099864480314864,0.001886797046545788,3.404448052928848,-0.00047037454212464636
-22.786286468234117,-0.051023091957571175,0.0018889894804324462,3.4081105490864028,-0.0004817816603144981
-22.75684345672836,-0.05104952184343098,0.001889159304299781,3.4117825223857863,-0.0004951715099416193
-22.727400445222614,-0.05107297886899672,0.0018916477723352515,3.4154640096594893,-0.0005055884992746784
-22.69795743371686,-0.05109402856769391,0.0018955546847580628,3.4191550479311164,-0.0005135981617391885
-22.668514422211103,-0.05111302265812367,0.0018985301356281314,3.4228556744166228,-0.0005195522159362614
-22.639071410705355,-0.05113382746136114,0.001900014292608527,3.426565926525566,-0.0005273169829410479
-22.6096283991996,-0.05114969914151322,0.0019048406494026472,3.430285841862371,-0.0005301486268604466
-22.580185387693845,-0.05116156602197728,0.001912917672198373,3.4340154582275932,-0.0005289754710918262
-22.550742376188097,-0.05117022118407566,0.0019172006062604594,3.437754813619205,-0.0005245905969575235
-22.521299364682342,-0.05118633244191769,0.00191654160778991,3.4415039462338837,-0.0005276618185668727
-22.491856353176587,-0.05120908981379329,0.0019175340854236356,3.4452628944683115,-0.0005373791542097883
-22.462413341670832,-0.051236727056383595,0.0019187012256889437,3.4490316969204886,-0.0005519763605674119
-22.432970330165084,-0.05125733662580134,0.0019220261154617214,3.4528103923910503,-0.0005595458937524764
-22.40352731865933,-0.05126930225505705,0.0019270943958788536,3.4565990198846053,-0.0005584714867754997
-22.374084307153574,-0.0512799529805431,0.001923059398994885,3.46039761861107,-0.0005560821760288645
-22.344641295647826,-0.0512979954352207,0.0019195857549611295,3.4642062279870247,-0.0005610845944737861
-22.31519828414207,-0.051318193694451626,0.0019261158674288683,3.4680248876370805,-0.0005682428174720242
-22.285755272636315,-0.0513335234896421,0.001933654856830574,3.471853637395247,-0.0005705325764298191
-22.256312261130567,-0.05134902769139719,0.001937515594010311,3.4756925173063205,-0.000572996741952228
-22.226869249624812,-0.051372756533303504,0.001933075292845616,3.479541567627282,-0.0005836855476258618
-22.197426238119057,-0.05139879452232896,0.001927809187291016,3.4834008288287004,-0.0005966835004186308
-22.16798322661331,-0.051422580970683716,0.001930739871243759,3.487270341596153,-0.0006074299125407093
-22.138540215107554,-0.05144757486142687,0.0019366000830935417,3.491150146831658,-0.0006193837670511737
-22.1090972036018,-0.05146933841049339,0.0019350906553982975,3.49504028565511,-0.0006281072798850207
-22.07965419209605,-0.05149061680463481,0.001933805153878592,3.498940799405735,-0.0006363456377937587
-22.050211180590296,-0.0515125493884265,0.0019310915043651861,3.5028517296435595,-0.0006452381853527603
-22.02076816908454,-0.05154392550422001,0.0019331506547868435,3.5067731181508774,-0.0006635742649135842
-21.991325157578792,-0.051572262916386856,0.001941052670385113,3.5107050069337458,-0.0006788716408477544
-21.961882146073037,-0.05159428600217806,0.0019426252046106304,3.514647438223482,-0.0006878546904062685
-21.932439134567282,-0.05162128966266206,0.0019301561997124802,3.518600454478175,-0.0007018183146575846
-21.902996123061527,-0.05165663453297618,0.0019245839709475898,3.5225640983842097,-0.0007241231487390212
-21.87355311155578,-0.051692614854161066,0.001932254317765411,3.526538412857804,-0.0007470634336912349
-21.844110100050024,-0.051724901944984615,0.0019405077291897316,3.5305234410465594,-0.0007663104882820945
-21.81466708854427,-0.051756482754879624,0.0019403522550932846,3.534519226331019,-0.0007848512619444206
-21.78522407703852,-0.051788451748394304,0.0019344447928212954,3.5385258123262426,-0.0008037802192264187
-21.755781065532766,-0.05182042477577301,0.0019284308640989715,3.542543242883398,-0.0008227132103724444
-21.72633805402701,-0.05185362343791714,0.0019249598424899766,3.5465715620913536,-0.0008428718362838913
-21.696895042521263,-0.051891292989303374,0.0019229281446594383,3.550610814278295,-0.0008675013514374483
-21.667452031015507,-0.051927736791179596,0.001924529372174539,3.5546610440133533,-0.0008909051170809812
-21.638009019509752,-0.05196146892835737,0.0019222687342911912,3.55872229610824,-0.0009115972180260695
-21.608566008004004,-0.051994738265334656,0.0019194964130245056,3.562794615618901,-0.0009318265187706759
-21.57912299649825,-0.052032753229942635,0.0019292658561054126,3.566878047847186,-0.0009568014471459732
-21.549679984992494,-0.05206408831788107,0.0019381253989700284,3.5709726383425235,-0.0009750964988517255
-21.520236973486746,-0.05208716168434233,0.0019341524245873392,3.5750784329036156,-0.0009851298290803057
-21.49079396198099,-0.05210767296890325,0.00192102167283301,3.5791954775801504,-0.0009926010774085406
-21.461350950475236,-0.052129835448996596,0.0019107819851922666,3.583323818674516,-0.0010017235212692044
-21.431907938969488,-0.052157080378320654,0.001908002166150484,3.587463502743542,-0.0010159284143605798
-21.402464927463733,-0.052182798489713876,0.0019087612652171383,3.5916145766002487,-0.0010286064895211194
-21.373021915957978,-0.052203533786655675,0.00190739173565124,3.5957770873156085,-0.0010363017502302355
-21.343578904452222,-0.052219005041265865,0.0019090749707814908,3.599951082220329,-0.0010387329686077432
-21.314135892946474,-0.05223407710592376,0.0019098764806094292,3.604136608906644,-0.0010407649970329558
-21.28469288144072,-0.05225453110770015,0.0019096153754140069,3.6083337152301262,-0.001048178962576661
-21.255249869934964,-0.05227686563270981,0.0019059719881339907,3.612542449311506,-0.0010574734513536382
-21.225806858429216,-0.052294568347720394,0.0018991811624358237,3.6167628595385137,-0.0010621361301315427
-21.19636384692346,-0.05231233540893965,0.0018891715348715392,3.6209949945677358,-0.001066863155118114
-21.166920835417706,-0.05233045679306756,0.0018850872931909664,3.6252389033264794,-0.0010719445030133445
-21.137477823911958,-0.052350260976223244,0.0018913616750036533,3.6294946350146606,-0.0010787086499363455
-21.108034812406203,-0.05237605675086121,0.0018955905831314292,3.6337622391067095,-0.00109146438834163
-21.078591800900448,-0.052400580162034166,0.0018936668056992244,3.63804176535348,-0.001102947763281903
-21.0491487893947,-0.052423533081521374,0.0018950499677722443,3.6423332637841876,-0.0011128606465364288
-21.019705777888944,-0.05245299438419191,0.0018915487049351164,3.646636784708361,-0.0011292819129742823
-20.99026276638319,-0.05248549446445019,0.0018823174180815918,3.650952378717802,-0.001148741956999877
-20.96081975487744,-0.05251430842611742,0.0018735156123089835,3.6552800966885717,-0.001164515882434429
-20.931376743371686,-0.052537409860521404,0.001869218081222789,3.6596199897829926,-0.0011745772806057292
-20.90193373186593,-0.05255906007468806,0.0018644734731564424,3.6639721094516577,-0.0011831874585397015
-20.872490720360183,-0.05258247543326531,0.0018618206045090096,3.668336507435469,-0.0011935627808842691
-20.843047708854428,-0.05260958387683467,0.0018651934805480749,3.672713235767687,-0.0012076311882209464
-20.813604697348673,-0.0526346405867818,0.0018685274984084261,3.6771023467759982,-0.0012196478619353954
-20.784161685842918,-0.052657665203042714,0.001868357826271054,3.681503893084599,-0.0012296324419636268
-20.75471867433717,-0.05268345969561735,0.0018648211053602782,3.6859179276163,-0.0012423868983055808
-20.725275662831415,-0.052709277854749596,0.0018667163608472614,3.6903445035946514,-0.0012551650212051443
-20.69583265132566,-0.05273533434723238,0.001874653617288574,3.6947836745460734,-0.0012681814774552352
-20.66638963981991,-0.052756924200625055,0.0018794708186554534,3.6992354943020196,-0.0012767312946152382
-20.636946628314156,-0.05277314796187612,0.0018827329109939181,3.703700017001155,-0.0012799150196336206
-20.6075036168084,-0.052792973790150355,0.0018938239723818354,3.708177297091544,-0.0012867008116751733
-20.578060605302653,-0.05281964068345682,0.001898365308665943,3.7126673893328666,-0.001300327668748956
-20.548617593796898,-0.05284931803323051,0.0018977206178300374,3.717170348798657,-0.0013169649822899615
-20.519174582291143,-0.05287549268409333,0.001898391559241673,3.7216862308785443,-0.001330099596920091
-20.489731570785395,-0.052897546945416034,0.0019014531506184689,3.726215091280531,-0.0013391138220101226
-20.46028855927964,-0.05292302937905249,0.0019031082056534185,3.730756986033284,-0.0013515562194138936
-20.430845547773885,-0.05295504289342684,0.0019026091174756067,3.7353119714884415,-0.0013705296975555642
-20.401402536268137,-0.052992332619910244,0.0019002592629457796,3.739880104322943,-0.0013947793878062859
-20.37195952476238,-0.053024606748458665,0.001902769276329514,3.744461441541388,-0.0014140134801220242
-20.342516513256626,-0.05305259249754413,0.0019040509227356644,3.749056040478396,-0.0014289591929747963
-20.31307350175088,-0.05308027146217533,0.0019021427560287078,3.7536639588010052,-0.0014435981213733254
-20.283630490245123,-0.0531084615922483,0.0019012849474536664,3.7582852545110863,-0.0014587482152136066
-20.254187478739368,-0.05313459028173476,0.0019024983269081914,3.7629199859477698,-0.0014718368684673924
-20.224744467233613,-0.053162541876401063,0.001902747967417597,3.7675682117899068,-0.0014867484269010037
-20.195301455727865,-0.05319503815342138,0.001902158676707327,3.7722299910585417,-0.0015062046676886445
-20.16585844422211,-0.053227545359343216,0.0019059701765896616,3.776905383119415,-0.0015256718373777914
-20.136415432716355,-0.053259504889881716,0.001907182074047536,3.7815944476854773,-0.001544591331683609
-20.106972421210607,-0.05329407702991983,0.0019056168450763541,3.786297244819433,-0.0015661234354890433
-20.07752940970485,-0.053323098788908625,0.0019066189090095702,3.791013834936311,-0.0015821051582451534
-20.048086398199096,-0.0533485428909673,0.0019120280528868144,3.7957442788060436,-0.0015945092240711445
-20.01864338669335,-0.05337326948707769,0.0019219450145981872,3.8004886375560787,-0.001606195783948862
-19.989200375187593,-0.053405823432283006,0.0019256598935559976,3.8052469726740177,-0.001625709692921487
-19.959757363681838,-0.05344126047075326,0.0019228588197314864,3.810019346010265,-0.0016481066951590587
-19.93031435217609,-0.05347477917300869,0.0019228143065434654,3.8148058197807106,-0.001668585361181807
-19.900871340670335,-0.05350563109589124,0.0019287191393760126,3.8196064565694376,-0.001686397247831671
-19.87142832916458,-0.05353572014364975,0.0019370473564618198,3.8244213193314427,-0.001703446259357498
-19.841985317658832,-0.05355931095230029,0.0019432540074587664,3.829250471395392,-0.0017139970317753689
-19.812542306153077,-0.053584224988975186,0.0019447698318424377,3.8340939764664013,-0.0017258710322175727
-19.78309929464732,-0.05361554976552844,0.0019453727532384823,3.8389518986288285,-0.0017441557725381418
-19.753656283141574,-0.05365035872368917,0.0019474355318583572,3.843824302349106,-0.001765924694466195
-19.72421327163582,-0.053687762124044615,0.0019480999162008084,3.8487112524785947,-0.0017902880585889541
-19.694770260130063,-0.0537239574413037,0.001946135655700671,3.8536128142564543,-0.0018134433396153546
-19.66532724862431,-0.05375538911807268,0.0019420110688048067,3.8585290533125502,-0.0018318349801516517
-19.63588423711856,-0.053784193825991956,0.0019365284725986027,3.8634600356703825,-0.0018475996518382484
-19.606441225612805,-0.0538200268103724,0.001941853209554532,3.868405827750044,-0.0018703925999860108
-19.57699821410705,-0.05385546326564961,0.0019428276583119573,3.873366496371198,-0.00189278901903054
-19.547555202601302,-0.053888836809594394,0.0019356130714599973,3.8783421087560863,-0.0019131225267426388
-19.518112191095547,-0.05392559450065271,0.0019280542552299307,3.883332732532576,-0.0019368401815682695
-19.48866917958979,-0.053962615163459994,0.0019277773864076618,3.8883384357372117,-0.001960820808142874
-19.459226168084044,-0.05399984805919896,0.001930459991657044,3.8933592868183107,-0.001985013667649159
-19.42978315657829,-0.05403526793155012,0.001932280409060897,3.8983953546390895,-0.002007393503767635
-19.400340145072533,-0.05406995379844218,0.001933621112364513,3.9034467084808018,-0.0020290393344270102
-19.370897133566785,-0.05410135727283686,0.001929864989387786,3.908513418045922,-0.0020474027725890104
-19.34145412206103,-0.054128047959928226,0.00192864616923652,3.913595553461352,-0.0020610534234476938
-19.312011110555275,-0.054156302589194856,0.0019311322924637872,3.918693185281652,-0.0020762680164816416
-19.282568099049527,-0.05418672896257487,0.0019271188222081768,3.9238063844923072,-0.0020936543536289737
-19.253125087543772,-0.054212080495389586,0.0019193336993917486,3.9289352225130276,-0.002105965850211007
-19.223682076038017,-0.054237627618552796,0.0019129362104925243,3.934079771201066,-0.0021184729371415342
-19.19423906453227,-0.05426924700151719,0.0019124045261915605,3.939240102854575,-0.0021370522838732448
-19.164796053026514,-0.05430693415885798,0.0019149179150636767,3.944416290216002,-0.00216169940498135
-19.13535304152076,-0.05434520557004766,0.0019092165844306066,3.9496084064754955,-0.0021869307799383536
-19.105910030015004,-0.05438117869613741,0.0019060709644902628,3.9548165252743637,-0.0022098638697954157
-19.076467018509256,-0.0544132663564863,0.0019101506973114148,3.96004072070855,-0.002228911493911627
-19.0470240070035,-0.054441348356161656,0.0019153273819387043,3.9652810673321537,-0.0022439534573543
-19.017580995497745,-0.0544667023158261,0.0019216363380117026,3.9705376401609693,-0.0022562673807860548
-18.988137983991997,-0.05449375582536712,0.0019274768909665597,3.975810514676069,-0.002270280854094399
-18.958694972486242,-0.054530021248658356,0.001927946662463372,3.9810997668274197,-0.0022935062411529525
-18.929251960980487,-0.05457465621437424,0.0019279648907556328,3.986405473037523,-0.002325101170636154
-18.89980894947474,-0.05461932780964394,0.0019341420342899578,3.991727710205097,-0.0023567327296731694
-18.870365937968984,-0.054658278734014486,0.0019330573297560041,3.9970665557087988,-0.0023826436178110352
-18.84092292646323,-0.05469275630570042,0.0019351435410592947,4.002422087410964,-0.0024040811532642786
-18.81147991495748,-0.054723935168806546,0.0019403907948715336,4.007794383661397,-0.002422219980137731
-18.782036903451726,-0.05474898193555975,0.001945095585249644,4.013183523301196,-0.002434226710658252
-18.75259389194597,-0.054775565185014335,0.0019426287164340437,4.018589585666602,-0.0024477699238801554
-18.723150880440222,-0.05481083679621592,0.001930888495491373,4.024012650592893,-0.0024700014988490587
-18.693707868934467,-0.05484976041526532,0.0019176254074663784,4.029452798418325,-0.0024958850816657746
-18.664264857428712,-0.05489255875087338,0.0019112953579888687,4.034910109988082,-0.002525643381041144
-18.634821845922964,-0.05494085302810653,0.0019099084031233614,4.040384666658291,-0.002560897622041619
-18.60537883441721,-0.054984077867641507,0.0018995727802445924,4.045876550300068,-0.0025910824253439144
-18.575935822911454,-0.055019009883331284,0.0018908085613057056,4.051385843303592,-0.0026129744048010092
-18.5464928114057,-0.055051865999330964,0.0018920920785861996,4.056912628582226,-0.0026327904845679997
-18.51704979989995,-0.055090361750805776,0.0018992277217953438,4.062456989576678,-0.0026582461998101367
-18.487606788394196,-0.055133326550745626,0.00190248027616173,4.068019010259204,-0.0026881709635172973
-18.45816377688844,-0.05517783019658481,0.0018935581997875136,4.073598775137841,-0.002719634573123797
-18.428720765382693,-0.05522048560194907,0.001877681430336287,4.079196369260688,-0.002749249942255373
-18.399277753876937,-0.055263251855089644,0.0018733170851916042,4.084811878220236,-0.0027789761591632753
-18.369834742371182,-0.055307024058809544,0.0018759264146790923,4.090445388157716,-0.0028097083266504855
-18.340391730865434,-0.055354574467482466,0.00187665028951538,4.096096985767511,-0.0028442186990907323
-18.31094871935968,-0.05540103136960442,0.0018745770174571402,4.101766758301613,-0.0028776355649799967
-18.281505707853924,-0.055442281713648484,0.001875707803958155,4.107454793574093,-0.002905845872791378
-18.252062696348176,-0.055487481621509654,0.0018815632184340438,4.1131611799656485,-0.0029380057444198665
-18.22261968484242,-0.05553486260755126,0.0018898850676446882,4.118886006428182,-0.0029723466942287932
-18.193176673336666,-0.055579822246530186,0.0018847546677932421,4.124629362489415,-0.0030042662969750333
-18.163733661830918,-0.055618200617240106,0.001870556143047621,4.1303913382575566,-0.0030296046314522776
-18.134290650325163,-0.055660278574975096,0.00186720862293319,4.136172024426024,-0.0030586425529545783
-18.104847638819408,-0.05570739085026039,0.0018728840052421906,4.141971512278191,-0.0030927147920071923
-18.07540462731366,-0.05575545864080513,0.0018789092747227272,4.147789893692198,-0.0031277425463192496
-18.045961615807904,-0.05580312338039259,0.001885205792484411,4.153627261145805,-0.0031623672496740238
-18.01651860430215,-0.05584904847928009,0.0018936240496543353,4.159483707721286,-0.003195252312328846
-17.987075592796394,-0.05589612830615201,0.0018990435706106308,4.165359327110381,-0.00322929210296808
-17.957632581290646,-0.055940838666423166,0.0018977854745288406,4.1712542136192905,-0.0032609624270065543
-17.92818956978489,-0.05598507853529645,0.00189364680126946,4.177168462173726,-0.0032921622596471523
-17.898746558279136,-0.056023504139924706,0.0018901322159643882,4.1831021683239955,-0.0033175478280427287
-17.869303546773388,-0.0560582926626583,0.0018947810841094715,4.189055428250157,-0.0033392963145436397
-17.839860535267633,-0.05610539911146158,0.0019070213115430527,4.195028338767214,-0.0033733627271142416
-17.810417523761878,-0.05616252845785017,0.0019119871111870556,4.201020997330362,-0.0034174520372701467
-17.78097451225613,-0.05621168882502688,0.001913622343375174,4.207033502040288,-0.0034535723682141764
-17.751531500750374,-0.056255123214360124,0.001919768071509852,4.213065951648529,-0.003483966721314735
-17.72208848924462,-0.05630190948075545,0.0019327412381985247,4.219118445562873,-0.0035177129514773753
-17.69264547773887,-0.056350599796213936,0.0019373593784255997,4.225191083852818,-0.0035533632307031826
-17.663202466233116,-0.05639625750404803,0.001936777019786766,4.231283967255098,-0.0035859809023045947
-17.63375945472736,-0.05643726073473545,0.0019355347619766248,4.237397197179238,-0.0036139440967593306
-17.604316443221613,-0.056477509286673944,0.0019330265342125768,4.24353087571319,-0.0036411526124651428
-17.574873431715858,-0.05651841832524662,0.0019387933745258696,4.249685105629019,-0.003669021614805139
-17.545430420210103,-0.056560892900607125,0.0019485888703404642,4.255859990388631,-0.0036984561539329594
-17.515987408704355,-0.05661028452750357,0.0019532253863523475,4.262055634149579,-0.0037348077445967243
-17.4865443971986,-0.0566584495639855,0.0019539491121230807,4.2682721417709235,-0.0037699327448459663
-17.457101385692845,-0.05669477964525977,0.00195331484260596,4.274509618819136,-0.003793222789887557
-17.427658374187097,-0.056727859808640806,0.001956854264852177,4.280768171574083,-0.0038132629170359103
-17.39821536268134,-0.0567745357166205,0.0019543226324088498,4.287047907035065,-0.0038468987887829223
-17.368772351175586,-0.05682299057454515,0.0019473883815801032,4.293348932926908,-0.003882313610474891
-17.33932933966983,-0.056866490111116934,0.0019479465580517512,4.299671357706123,-0.003912773110813991
-17.309886328164083,-0.05691147207720878,0.001946867432932436,4.306015290567134,-0.003944715040673154
-17.280443316658328,-0.05695850410577826,0.0019459615857862521,4.312380841448563,-0.003978707033009954
-17.251000305152573,-0.05700451964981745,0.001952672708225262,4.318768121039579,-0.004011682540816464
-17.221557293646825,-0.05705284307676595,0.0019586686996882776,4.325177240786308,-0.0040469659315322745
-17.19211428214107,-0.05709715709478511,0.001950820969685682,4.331608312898333,-0.004078239913318758
-17.162671270635315,-0.057137051957194075,0.0019389865015840872,4.338061450355222,-0.004105094739495038
-17.133228259129567,-0.057178322369283795,0.0019317860624158013,4.344536766913154,-0.004133325115352075
-17.10378524762381,-0.05722346928762368,0.0019318080226157829,4.351034377111608,-0.004165431997459279
-17.074342236118056,-0.05727044781567439,0.00193549699920427,4.357554396280104,-0.004199370489277307
-17.04489922461231,-0.05731366234272015,0.0019403143687816585,4.364096940545036,-0.004229544980090386
-17.015456213106553,-0.05735565703594248,0.0019424772442803474,4.3706621268365655,-0.0042584996370800335
-16.986013201600798,-0.05740113305983167,0.001939422872340102,4.377250072895585,-0.004290935624736536
-16.95657019009505,-0.057445250092655505,0.0019325881822919908,4.383860897280755,-0.004322012621327691
-16.927127178589295,-0.057480224881864404,0.0019279554766702756,4.390494719375623,-0.004343947374303908
-16.89768416708354,-0.05751753325961198,0.0019231781481793041,4.3971516593958055,-0.004368215715818802
-16.868241155577792,-0.05756461240940227,0.0019189591065317336,4.403831838396245,-0.004402254829376409
-16.838798144072037,-0.05761783235316115,0.0019244020012910731,4.410535378278559,-0.0044424347369026035
-16.80935513256628,-0.057667552097426224,0.0019365326575351309,4.417262401798447,-0.004479114444934998
-16.779912121060526,-0.05771160072784793,0.0019461675668077415,4.424013032573184,-0.004510123039124014
-16.75046910955478,-0.05775474396363655,0.0019470934884149077,4.430787395089194,-0.004540226238679959
-16.721026098049023,-0.0578005686044612,0.0019397930584531783,4.437585614709708,-0.004573010843271927
-16.691583086543268,-0.057842333696750764,0.0019282752714022667,4.444407817682486,-0.0046017358993288016
-16.66214007503752,-0.05788112033830665,0.0019264339036594198,4.451254131147639,-0.00462748250465201
-16.632697063531765,-0.057916010807319986,0.0019329559388911407,4.458124683145528,-0.004649332937432658
-16.60325405202601,-0.05795849574776588,0.001942404558760335,4.465019602624743,-0.004678777841645873
-16.573811040520262,-0.05800563270454529,0.0019509023751703236,4.4719390194501685,-0.0047128747621926065
-16.544368029014507,-0.058044847187186645,0.0019582168026084086,4.4788830644111455,-0.004739049208601277
-16.51492501750875,-0.05808005266698901,0.0019611067055553327,4.485851869229701,-0.004761214652170956
-16.485482006003004,-0.05812045452502087,0.0019603613468211225,4.492845566568884,-0.004788576473970137
-16.45603899449725,-0.0581673005738958,0.0019568709280460947,4.499864290041186,-0.0048223824866123755
-16.426595982991493,-0.05820826947153962,0.001954679585459174,4.50690817421704,-0.004850311348023516
-16.397152971485745,-0.05825434528036655,0.001954334770254877,4.513977354633428,-0.004883347120617769
-16.36770995997999,-0.05830969901890812,0.001958861667809668,4.521071967802579,-0.004925660822926656
-16.338266948474235,-0.05836195425795176,0.001965834858592124,4.528192151220743,-0.0049648760257376065
-16.308823936968487,-0.0584107726251476,0.001968611051361247,4.535338043377086,-0.005000654356700773
-16.279380925462732,-0.05845659123278104,0.0019686498958887983,4.5425097837626645,-0.005033432928101524
-16.249937913956977,-0.05850319929337502,0.001970630964158938,4.5497075128794995,-0.005067000952462819
-16.22049490245122,-0.05855450306992588,0.0019720924557516655,4.556931372249755,-0.0051052646927809975
-16.191051890945474,-0.058603663018112095,0.0019787508724966275,4.564181504425011,-0.005141384604734532
-16.16160887943972,-0.05865063897308817,0.00198770223121271,4.571458052995647,-0.005175320523477925
-16.132165867933963,-0.05870361333469267,0.001989861748811469,4.578761162600311,-0.005215254848849743
-16.102722856428215,-0.05876137326756454,0.0019883926296774017,4.58609097893551,-0.005259974745488928
-16.07327984492246,-0.05881449983078563,0.0019900391665678596,4.593447648765303,-0.005300061272477334
-16.043836833416705,-0.058860810429800514,0.0019960012078412133,4.600831319931085,-0.005333331835259539
-16.014393821910957,-0.05890614604095801,0.002002475571323114,4.608242141361496,-0.00536562741018435
-15.984950810405202,-0.05895778047219624,0.002004521021608792,4.615680263082441,-0.005404221805189902
-15.955507798899447,-0.05900636751132259,0.0020068935355420214,4.623145836227206,-0.00543976880808357
-15.926064787393699,-0.05904952194248475,0.0020053366269648584,4.630639013046691,-0.005469883203013046
-15.896621775887944,-0.05910309831190776,0.001994699464218971,4.638159946919773,-0.005510419536203376
-15.867178764382189,-0.059166219971202895,0.0019792384339392555,4.6457087923637586,-0.005560501159265825
-15.83773575287644,-0.05921312913491,0.0019730439680312934,4.65328570504497,-0.005594370286740251
-15.808292741370686,-0.059253519797524974,0.0019705257437409034,4.660890841789452,-0.00562172091312254
-15.77884972986493,-0.059294588461075846,0.001969357206024315,4.66852436059378,-0.005649749540440729
-15.749406718359182,-0.059340474878515355,0.0019706306399324275,4.676186420636009,-0.0056825959216475555
-15.719963706853427,-0.0593995705118757,0.0019621359956205975,4.683877182286741,-0.0057286515187752185
-15.690520695347672,-0.059458983401872584,0.0019413463019951392,4.691596807120304,-0.00577502437253942
-15.661077683841917,-0.05951003042499486,0.0019297378871752648,4.699345457926073,-0.005813031359429011
-15.631634672336169,-0.05955863466459536,0.0019255134549618635,4.707123298719915,-0.005848595562796828
-15.602191660830414,-0.05960997027720164,0.0019202484323717628,4.714930494755761,-0.00588689113917043
-15.572748649324659,-0.05966191666582272,0.0019148416929383057,4.722767212537303,-0.005925797491558825
-15.54330563781891,-0.059711274126151716,0.0019134931032475694,4.730633619829837,-0.0059621149156551395
-15.513862626313156,-0.05976869743329739,0.001910823792453937,4.738529885672239,-0.006006498186568128
-15.4844196148074,-0.059836306761349524,0.0019062112224050092,4.746456180389063,-0.006061067478387583
-15.454976603301652,-0.059894743204340156,0.0018972335182542717,4.754412675602791,-0.006106463885145533
-15.425533591795897,-0.05993841354362419,0.001895153925548452,4.762399544246229,-0.006137094188196884
-15.396090580290142,-0.059981570353773585,0.0019046496758032628,4.7704169605750195,-0.0061672109621135965
-15.366647568784394,-0.06002691223235401,0.001915501343086417,4.778465100180328,-0.006199512804461342
-15.337204557278639,-0.06007436958532686,0.0019170593893513123,4.78654414000166,-0.006233930121201506
-15.307761545772884,-0.060125537491911706,0.0019128314923008405,4.794654258339823,-0.00627205799155367
-15.278318534267136,-0.06018255889560841,0.0019109504566129168,4.802795634870043,-0.006316039359017693
-15.24887552276138,-0.06023541875548702,0.0019073615437105941,4.810968450655244,-0.006355859182663619
-15.219432511255626,-0.0602933633500373,0.001901883315286463,4.819172888159457,-0.006400763740981218
-15.189989499749878,-0.06034741052072412,0.001904479504252657,4.827409131261406,-0.006441770875435356
-15.160546488244123,-0.060394811401461385,0.0019122957631636359,4.83567736526825,-0.006476131719939937
-15.131103476738367,-0.06044404086935403,0.001920500959807581,4.843977776929469,-0.006512321151599901
-15.101660465232612,-0.060495565943211864,0.0019260558567753886,4.852310554450933,-0.006550806189225052
-15.072217453726864,-0.06055331139648203,0.0019225670553808228,4.860675887509123,-0.0065955116062625385
-15.04277444222111,-0.060610891755359414,0.0019164272372039816,4.869073967265529,-0.006640051928907237
-15.013331430715354,-0.06066586507834552,0.0019207476311325264,4.877504986381202,-0.0066819852156606505
-14.983888419209606,-0.060719819538911333,0.0019300596781637144,4.8859691390314905,-0.0067228996399937915
-14.954445407703851,-0.06077577439322491,0.001935998928237092,4.894466620920958,-0.006765814458074684
-14.925002396198096,-0.06082967594720348,0.0019523566405418341,4.902997629298448,-0.006806675975820575
-14.895559384692348,-0.06087107224825849,0.0019714294032817676,4.911562362972359,-0.006835032240642899
-14.866116373186593,-0.0609173274517452,0.001976112224230336,4.92016102232609,-0.0068682474078969255
-14.836673361680838,-0.06096882463233324,0.001971801994905242,4.928793809333657,-0.006906704552252278
-14.80723035017509,-0.06101907130863856,0.0019732684363270433,4.937460927575515,-0.006943911192324924
-14.777787338669334,-0.06107332742526849,0.0019816846561951725,4.946162582254565,-0.006985127272722165
-14.74834432716358,-0.06112981889521903,0.0019894761760878054,4.954898980212339,-0.007028578706440025
-14.718901315657831,-0.061182205976017395,0.0019977465132730967,4.9636703299453915,-0.007067925751005712
-14.689458304152076,-0.06123968830289212,0.0020015331623010483,4.972476841621899,-0.0071123680416477555
-14.660015292646321,-0.061295236405209175,0.0020065852176636744,4.981318727098425,-0.007154876107732119
-14.630572281140573,-0.06134775774664827,0.002004366347491723,4.99019619993692,-0.007194357412938536
-14.601129269634818,-0.06139887460843383,0.0019993625711035765,4.9991094754219265,-0.00723243423849141
-14.571686258129063,-0.06145734126809424,0.0019966199601737984,5.008058770577959,-0.007277860861919137
-14.542243246623308,-0.06152057708251183,0.001999566908712527,5.017044304187134,-0.007328056640104046
-14.51280023511756,-0.06158782296206527,0.002001195319882643,5.026066296806996,-0.007382262483424808
-14.483357223611804,-0.06165463132785647,0.0019977206351348745,5.035124970788565,-0.007436030812983323
-14.45391421210605,-0.061716043109555606,0.001995835719480202,5.044220550294596,-0.007484402558449774
-14.424471200600301,-0.061775510047567955,0.0019934438120592507,5.053353261318075,-0.007530829460229441
-14.395028189094546,-0.06183698162878972,0.0019917470738104043,5.062523331700942,-0.007579261005218524
-14.365585177588791,-0.061896634268726596,0.0019865378519802455,5.071730991153026,-0.007625873608922716
-14.336142166083043,-0.06195735701840394,0.001976036849523183,5.080976471271232,-0.007673556322367381
-14.306699154577288,-0.06202039003097599,0.001968779642538,5.090260005558967,-0.007723549298706743
-14.277256143071533,-0.0620856342251489,0.0019690238945441712,5.099581829445784,-0.0077757534566469735
-14.247813131565785,-0.062157914223232635,0.0019624758811512977,5.108942180307287,-0.007834993418498026
-14.21837012006003,-0.06222276463810165,0.0019549916885176523,5.118341297485297,-0.007886803797134356
-14.188927108554275,-0.06227995503239455,0.001955379138067257,5.127779422308224,-0.007930954155194576
-14.159484097048527,-0.06233630335150648,0.0019621918454812617,5.137256798111744,-0.007974262438073823
-14.130041085542771,-0.06239026379330482,0.0019720520517491507,5.146773670259704,-0.00801518284363948
-14.100598074037016,-0.06245089912884949,0.0019749529506766722,5.1563302861652955,-0.00806277814295147
-14.071155062531268,-0.06251364726966781,0.0019690829117581386,5.165926895312493,-0.008112486247537104
-14.041712051025513,-0.06256810134786821,0.0019592322053109414,5.175563749277777,-0.008153900289504822
-14.012269039519758,-0.06262354582765954,0.0019625838313624116,5.1852411017521,-0.008196304733063473
-13.982826028014003,-0.06268214139564475,0.0019663943117528486,5.19495920856316,-0.008241860264816
-13.953383016508255,-0.0627354860970204,0.001974505732665477,5.204718327697942,-0.008282164929958966
-13.9239400050025,-0.06278638740461337,0.001984342286559996,5.21451871932555,-0.008320026201319254
-13.894496993496745,-0.06284597349067138,0.001988831201770887,5.22436064582032,-0.00836657225114458
-13.865053981990997,-0.06291189282188357,0.001988101072358417,5.234244371785238,-0.008419451546124092
-13.835610970485241,-0.06297361733825643,0.001984464333561536,5.24417016407566,-0.00846813602626427
-13.806167958979486,-0.06302771175911821,0.0019770287141910726,5.254138291823319,-0.008509190410893368
-13.776724947473738,-0.06307632250214958,0.00197553576214274,5.26414902646065,-0.008544761117692048
-13.747281935967983,-0.0631283889498165,0.0019807055748227724,5.274202641745444,-0.008583787529126287
-13.717838924462228,-0.06319081027258334,0.0019874184129571263,5.284299413785778,-0.008633168815660452
-13.68839591295648,-0.06324357873564997,0.001998630221204612,5.294439621065306,-0.008672897242494391
-13.658952901450725,-0.06329518193872212,0.002004488891818938,5.304623544468871,-0.008711460409333863
-13.62950988994497,-0.0633535782417639,0.002002293463023887,5.3148514673084195,-0.008756816676142955
-13.600066878439222,-0.06341418754770158,0.0019983130770519844,5.325123675349286,-0.008804385945847953
-13.570623866933467,-0.06346373249997546,0.0020005663299015094,5.335440456836815,-0.008840890861889154
-13.541180855427712,-0.06350822640354085,0.002002016432801406,5.345802102523306,-0.008872344729221868
-13.511737843921964,-0.06355755525444527,0.00200246513755963,5.356208905695336,-0.008908633543893603
-13.482294832416208,-0.06362090060037344,0.0020075049207500654,5.36666116220144,-0.008958938853589088
-13.452851820910453,-0.06369253708003994,0.002008220848379247,5.37715917048013,-0.009017535297022906
-13.423408809404698,-0.06375241296158375,0.002009783037913688,5.38770323158831,-0.009064371142334035
-13.39396579789895,-0.0638111299300199,0.0020058217139201917,5.39829364923005,-0.009110048074537504
-13.364522786393195,-0.06387836634136818,0.001997745782748828,5.408930729785757,-0.009164244449653094
-13.33507977488744,-0.06394638671103961,0.001997743218577771,5.419614782341704,-0.00921922478309184
-13.305636763381692,-0.06400966454731132,0.0020054661495747996,5.430346118719974,-0.009269462583130869
-13.276193751875937,-0.06407161525483297,0.0020025827918956607,5.44112505350881,-0.009318373254419844
-13.246750740370182,-0.06413557401149632,0.001993332894673071,5.4519519040933355,-0.009369291974850508
-13.217307728864434,-0.06420161801662377,0.001986893696066441,5.462826990686714,-0.00942229594374528
-13.187864717358678,-0.06426018930443515,0.0019904957689630873,5.4737506363617285,-0.009467827195323977
-13.158421705852923,-0.06430817837698304,0.001998099922363069,5.48472316708276,-0.00950277623163917
-13.128978694347175,-0.06435712965213947,0.002000552039825121,5.495744911738213,-0.009538687470562926
-13.09953568284142,-0.06441556833633365,0.0020026118025977206,5.5068162021733915,-0.009584086118524425
-13.070092671335665,-0.06448641174291998,0.002012237375193289,5.517937373223782,-0.009641889488878078
-13.040649659829917,-0.0645505697933401,0.002009656216053848,5.529108762748823,-0.009693007503065516
-13.011206648324162,-0.06460909904997075,0.0020063194621580595,5.540330711666122,-0.009738496723463483
-12.981763636818407,-0.0646676930462933,0.002002454647179311,5.551603563986121,-0.009784050683553341
-12.952320625312659,-0.06472195975590395,0.0020078990729318043,5.562927666847262,-0.009825277356931311
-12.922877613806904,-0.06478589140861972,0.002014826557518732,5.574303370551623,-0.009876168973414402
-12.893434602301149,-0.06485921248613298,0.0020133614254701517,5.585731028601026,-0.009936450014694974
-12.863991590795393,-0.0649314299852581,0.002003236929582627,5.597210997733667,-0.009995627477587407
-12.834548579289645,-0.06499350757903706,0.0019965499915053633,5.6087436379612265,-0.010044665035133696
-12.80510556778389,-0.0650459105527652,0.001997945284397868,5.6203293126065255,-0.01008402797262914
-12.775662556278135,-0.06510113034605304,0.0019927663748600063,5.631968388341651,-0.010126207729684304
-12.746219544772387,-0.06515516959517206,0.0019895404175192884,5.643661235226655,-0.010167206942570645
-12.716776533266632,-0.06521232241365309,0.0019876745892557857,5.655408226748784,-0.010211319724818986
-12.687333521760877,-0.06528336400542936,0.001985081906474002,5.667209739862222,-0.010269321280362578
-12.657890510255129,-0.06536310818246922,0.0019800670904658872,5.679066155028429,-0.010336025421169764
-12.628447498749374,-0.0654308750445118,0.001977479793369167,5.690977856257029,-0.010390752246979648
-12.599004487243619,-0.06548500631873654,0.0019793096921208882,5.702945231147256,-0.010431843484971705
-12.56956147573787,-0.06554594300281345,0.001986030014768854,5.71496867093,-0.01047974013281594
-12.540118464232116,-0.06562297090314943,0.00198446075623044,5.727048570510456,-0.010543727996919237
-12.51067545272636,-0.06570068075095659,0.0019828160901387924,5.739185328511335,-0.010608397808493708
-12.481232441220612,-0.06577986036063173,0.001977433061437818,5.7513793473167265,-0.010674537381936175
-12.451789429714857,-0.06585633587731263,0.0019755980349995352,5.763631033116574,-0.010737972862384385
-12.422346418209102,-0.06592241365815689,0.001984262372790855,5.775940795951762,-0.010791010606995964
-12.392903406703354,-0.06598671255361224,0.001991357997032103,5.788309049759867,-0.010842269466218635
-12.363460395197599,-0.06605448103021773,0.0019877099243197295,5.8007362124215724,-0.01089699790659144
-12.334017383691844,-0.066128521835444,0.001983329512744254,5.8132227058077035,-0.010957998675585029
-12.304574372186089,-0.06621239351562819,0.0019826402546798388,5.825768955826989,-0.011028830319536533
-12.27513136068034,-0.06628586400959176,0.0019832326413434065,5.8383753924744735,-0.01108926077726742
-12.245688349174586,-0.06635149345122249,0.00198599844479265,5.8510424498806595,-0.011141850182665468
-12.21624533766883,-0.06641439733343625,0.0019940059183953247,5.863770566361324,-0.011191714028646549
-12.186802326163082,-0.06647797573944715,0.0020005674460510043,5.876560184468081,-0.011242252398424767
-12.157359314657327,-0.06654825954689708,0.001998379073513773,5.889411751039689,-0.011299496169642015
-12.127916303151572,-0.06662462710310785,0.0019940110959732063,5.902325717254067,-0.011362823689620098
-12.098473291645824,-0.06670406310080995,0.002001979302858425,5.915302538681108,-0.01142921965108952
-12.069030280140069,-0.06678131931392793,0.0020153425058959803,5.928342675336254,-0.011493435827974817
-12.039587268634314,-0.06684927804579938,0.0020136198835492836,5.941446591734844,-0.01154835452361358
-12.010144257128566,-0.06692315965261068,0.002012457285439167,5.954614756947271,-0.011609196094192205
-11.98070124562281,-0.06699562626774312,0.00201501941390169,5.967847644654975,-0.01166862267309196
-11.951258234117056,-0.06706537969701631,0.002021078156092569,5.981145733207207,-0.01172533606613247
-11.921815222611308,-0.0671432869582396,0.002027044966389829,5.994509505678695,-0.01179020329112307
-11.892372211105553,-0.0672294055025008,0.002034309829333983,6.007939449928138,-0.011863281799151588
-11.862929199599797,-0.06730581591816732,0.0020454885782890788,6.02143605865756,-0.011926652178585434
-11.83348618809405,-0.06737461204445978,0.002044755871038022,6.034999829472571,-0.01198240826864521
-11.804043176588294,-0.06744741188132916,0.002031536114157206,6.048631264943533,-0.012042168069281906
-11.77460016508254,-0.0675211545720382,0.002032349597477959,6.062330872667613,-0.012102870723758256
-11.745157153576784,-0.06759053055646193,0.0020409796460341464,6.076099165331804,-0.012159206671949307
-11.715714142071036,-0.06766353054082237,0.0020450663358601152,6.089936660776875,-0.01221916662007707
-11.68627113056528,-0.06774067546527102,0.002048427826208008,6.103843882062304,-0.012283271508293031
-11.656828119059526,-0.06782384473431702,0.0020480758150050165,6.117821357532171,-0.01235340074110635
-11.627385107553778,-0.06789597354675024,0.0020414461962033033,6.131869620882074,-0.01241248951730689
-11.597942096048023,-0.06796138269009833,0.0020367767960171707,6.145989211227066,-0.012464858624422294
-11.568499084542267,-0.06803028708463142,0.00202956741217661,6.160180673170603,-0.012520722982722707
-11.53905607303652,-0.06810023841525799,0.0020291583952471155,6.1744445568745725,-0.01257763427711659
-11.509613061530764,-0.06817033384842103,0.0020264689158664036,6.1887814181304,-0.012634689674046948
-11.48017005002501,-0.06824592704368403,0.0020196770280747765,6.203191818431219,-0.012697242833077264
-11.450727038519261,-0.06832108889122672,0.002009368591882464,6.217676325045185,-0.012759364644387275
-11.421284027013506,-0.06839179271854122,0.0020004794934564084,6.232235511089924,-0.012817028435469092
-11.391841015507751,-0.06847318078706316,0.0019938840372053495,6.246869955608099,-0.01288537646775835
-11.362398004002003,-0.06855548800004248,0.0019921978930445656,6.261580243644192,-0.012954643644504986
-11.332954992496248,-0.06862656311354738,0.0019989755670273574,6.276366966322479,-0.013012678721777207
-11.303511980990493,-0.06869760719011572,0.0020079669252308337,6.291230720926185,-0.013070682762112859
-11.274068969484745,-0.06877636535406934,0.002015119661162359,6.306172110977923,-0.013136400889833796
-11.24462595797899,-0.06884366523475555,0.00201954985120529,6.3211917463213885,-0.013190660734287325
-11.215182946473234,-0.06890807346118792,0.0020133373722291286,6.336290243204313,-0.013242028924487018
-11.18573993496748,-0.06897697174363204,0.002009290920164016,6.3514682243627565,-0.01329788717069845
-11.156296923461731,-0.0690594108276515,0.002019994254768282,6.366726319106725,-0.013367286218485236
-11.126853911955976,-0.0691448364275566,0.0020296378745680056,6.38206516340716,-0.013439671782157644
-11.097410900450221,-0.0692232398717157,0.0020279470869012826,6.397485399984275,-0.013505035190084065
-11.067967888944473,-0.06929352506253875,0.0020249180784026053,6.412987678397343,-0.01356228034467443
-11.038524877438718,-0.06936690094099675,0.0020268903989475963,6.428572655135915,-0.01362261618689975
-11.009081865932963,-0.06946240296337826,0.002032917514287097,6.444240993712472,-0.013705078173048571
-10.979638854427215,-0.06956338700397156,0.0020411524427369396,6.4599933647565955,-0.0137930221774092
-10.95019584292146,-0.06965357110859728,0.00204732947353321,6.475830446110666,-0.013870166245802229
-10.920752831415705,-0.06973018749616557,0.002053472801112708,6.491752922927068,-0.013933742597137831
-10.891309819909957,-0.06980690521271894,0.0020650703889186234,6.507761487767011,-0.013997420277458532
-10.861866808404201,-0.06989397082463329,0.0020755251190715932,6.523856840700955,-0.014071445853140192
-10.832423796898446,-0.06998002452332508,0.0020775443827722485,6.540039689410638,-0.014144459515599297
-10.802980785392698,-0.07005416033246897,0.0020782955761470974,6.556310749292811,-0.014205555288510516
-10.773537773886943,-0.07014044745516289,0.0020872566787583082,6.572670743564671,-0.014278802374971741
-10.744094762381188,-0.07022962287672956,0.0021047250020371686,6.589120403370991,-0.014354937760305726
-10.71465175087544,-0.07031460263158644,0.0021171655135473356,6.605660467893055,-0.014426877478929928
-10.685208739369685,-0.07039758271626269,0.0021199862993153025,6.6222916844593955,-0.014496817527373494
-10.65576572786393,-0.07048311041304449,0.0021309760178722585,6.639014808658321,-0.014569305187922613
-10.626322716358175,-0.07056145953183245,0.002142469569534054,6.655830604452369,-0.014634614270477887
-10.596879704852427,-0.07065133900318198,0.002150850457857286,6.672739844294628,-0.014711453705594735
-10.567436693346671,-0.07074505220689702,0.0021630717484534888,6.689743309247045,-0.014792126873077092
-10.537993681840916,-0.07082867161706645,0.002168944725016646,6.706841789100655,-0.014862706247013843
-10.508550670335168,-0.07092187888423161,0.0021583547128476337,6.724036082497889,-0.014942873477946324
-10.479107658829413,-0.0710157625562014,0.0021502530259525717,6.74132699705693,-0.01502371711368343
-10.449664647323658,-0.0711049130753754,0.002154592683217401,6.758715349498141,-0.015099827596624753
-10.42022163581791,-0.07118497827644467,0.0021631796886711287,6.776201965772668,-0.015166852761461333
-10.390778624312155,-0.07126506304486843,0.002168135168749726,6.793787681193238,-0.015233897493652414
-10.3613356128064,-0.07134838785171789,0.0021649865330434035,6.8114733405671375,-0.01530418226426919
-10.331892601300652,-0.071428861550998,0.0021727028303441943,6.829259798331517,-0.01537161592731661
-10.302449589794897,-0.0715076838010668,0.002174078134354982,6.847147918691002,-0.015437398141152733
-10.273006578289142,-0.0715878578925787,0.002162177412630955,6.865138575757643,-0.015504532196431949
-10.243563566783394,-0.07167683442555746,0.0021400885151563165,6.883232653693307,-0.015580468693178029
-10.214120555277638,-0.07175700975607376,0.0021285135842514665,6.901431046854543,-0.015647603987461643
-10.184677543771883,-0.0718452931691365,0.002124615629902292,6.919734659939911,-0.015722847364291706
-10.155234532266135,-0.07195358762807041,0.002116018981731767,6.9381444081399195,-0.015818101786992937
-10.12579152076038,-0.07206394289729127,0.002095089482716001,6.9566612172895805,-0.015915417019981115
-10.096348509254625,-0.07214392897049088,0.0020955059142427224,6.9752860240235846,-0.015982363056948036
-10.06690549774887,-0.07222282130187209,0.002103839372959378,6.994019775934254,-0.016048215352096565
-10.037462486243122,-0.07232079087396608,0.0021129764124488185,7.012863431732242,-0.01613314488795787
-10.008019474737367,-0.07242378857573972,0.002119950900107201,7.031817961410101,-0.016223102553498833
-9.978576463231612,-0.07250458980564545,0.00212495739986935,7.050884346408696,-0.016290863747171876
-9.949133451725864,-0.07258265933611859,0.002121112873329963,7.070063579786618,-0.01635589324141233
-9.919690440220108,-0.07267574275110417,0.0021186917810305282,7.08935666639261,-0.01643593662016523
-9.890247428714353,-0.07277055051090463,0.0021103202270011698,7.108764623041038,-0.01651770434373301
-9.860804417208605,-0.07286975270254493,0.0021059187383458446,7.128288478690543,-0.016603866499140633
-9.83136140570285,-0.07298469377686055,0.002106017716859082,7.147929274625898,-0.016705767537223568
-9.801918394197095,-0.07309788583199996,0.0021059405702436368,7.167688064643118,-0.01680591955613029
-9.772475382691347,-0.07321717190331879,0.002099163217982189,7.18756591523793,-0.016912165591216444
-9.743032371185592,-0.07332906890487997,0.002095589304456228,7.207563905797694,-0.017011022556544943
-9.713589359679837,-0.07342500983542233,0.0020899090189928143,7.227683128796743,-0.017093923450854615
-9.684146348174089,-0.07351021878836096,0.0020759372761995844,7.247924689995345,-0.017166092367560566
-9.654703336668334,-0.07360835390203307,0.0020787561600152248,7.268289708642303,-0.017251187444999996
-9.625260325162579,-0.07371217884342311,0.002096948989771308,7.288779317681226,-0.01734197235015735
-9.59581731365683,-0.07381444027346444,0.0021124322395424237,7.309394663960644,-0.017431193743965998
-9.566374302151075,-0.07393129242588113,0.0021183248577397538,7.330136908448004,-0.017535005860150006
-9.53693129064532,-0.07405405558302783,0.002125733810873051,7.351007226447584,-0.01764472898106402
-9.507488279139565,-0.07416314035756572,0.002133778418032134,7.372006807822506,-0.01774077371936922
-9.478045267633817,-0.07425367063367345,0.002132050259608616,7.393136857220855,-0.017818263959244282
-9.448602256128062,-0.07435575527866091,0.002136927322376603,7.414398594306063,-0.017907308567999054
-9.419159244622307,-0.07446575026402114,0.0021471965951227316,7.4357932539915526,-0.01800426351712659
-9.389716233116559,-0.07457127054377544,0.0021512259532301273,7.45732208667985,-0.018096743760648216
-9.360273221610804,-0.07467858485548122,0.002144225828976403,7.478986358506209,-0.018191018036121318
-9.330830210105049,-0.07477897073162171,0.0021405269239180404,7.500787351586792,-0.018278363876029116
-9.3013871985993,-0.07487630692448743,0.0021347017472913028,7.522726364271631,-0.018362660032662168
-9.271944187093546,-0.07498103708020876,0.002119954161673933,7.544804711402383,-0.0184543501521508
-9.24250117558779,-0.07510210803547397,0.002111587297492825,7.56702372457499,-0.018562381071183333
-9.213058164082042,-0.07523582325757651,0.0021359559619854645,7.5893847524074,-0.018683056257053195
-9.183615152576287,-0.07536939591690202,0.002172757526117891,7.611889160812458,-0.01880358888014602
-9.154172141070532,-0.07551459545895402,0.002191915364255642,7.634538333276,-0.01893574838596533
-9.124729129564784,-0.07562054554184797,0.0022126195679651977,7.657333671140386,-0.019028658432626605
-9.095286118059029,-0.07572261499091171,0.002199806045255403,7.680276593893546,-0.019117687845457657
-9.065843106553274,-0.0758193041303719,0.0021778838266612722,7.703368539463592,-0.019201336948685165
-9.036400095047526,-0.07590736087259092,0.0021707510244321814,7.72661096451926,-0.019276353654671514
-9.00695708354177,-0.07599997326256175,0.002178000429665311,7.750005344776226,-0.019355926008409657
-8.977514072036016,-0.07609584249719455,0.002187785512845859,7.773553175309416,-0.019438755206809766
-8.94807106053026,-0.07620253855727294,0.002196324167674345,7.797255970871523,-0.019532411230655473
-8.918628049024512,-0.07632626104200502,0.0022046952692779463,7.82111526621781,-0.01964309367915487
-8.889185037518757,-0.07643986560421802,0.002218679601174041,7.845132616437398,-0.01974365820513519
-8.859742026013002,-0.07654835104232523,0.002222336435325818,7.8693095972911005,-0.019839103607009717
-8.830299014507254,-0.0766706238101943,0.002221496103075102,7.893647805556073,-0.0199483363386461
-8.800856003001499,-0.07680080261028437,0.002223415251338506,7.918148859377377,-0.02006547510250349
-8.771412991495744,-0.07693592305126377,0.002219014119529169,7.942814398626573,-0.020187555507250217
-8.741969979989996,-0.0770502217762587,0.0022091929589058714,7.967646085267615,-0.02028881419601246
-8.71252696848424,-0.07715764705333654,0.0022053154491420684,7.99264560373016,-0.020383199436857617
-8.683083956978486,-0.07725871970988679,0.002184136195059366,8.01781466129042,-0.020471232057175187
-8.653640945472738,-0.07734891248925646,0.0021644039992072405,8.04315498845985,-0.020548384800312174
-8.624197933966983,-0.07745139496249313,0.002164392851846158,8.068668339381784,-0.020637827237316164
-8.594754922461227,-0.07756562588191994,0.0021907232636960688,8.09435649223618,-0.020739018120510287
-8.56531191095548,-0.07767430352969483,0.0022205628623573905,8.120221249652767,-0.020834655732052496
-8.535868899449724,-0.07778890364315386,0.0022058260293037354,8.146264439132732,-0.02093621580927884
-8.50642588794397,-0.07791046252944077,0.002157623823320233,8.172487913479129,-0.02104473465933307
-8.476982876438221,-0.07802005163566222,0.002117566976523324,8.19889355123629,-0.021141283729321843
-8.447539864932466,-0.07812014937500929,0.0021123295463605814,8.225483257138439,-0.021228341432436224
-8.41809685342671,-0.07822820445241441,0.0021416145682233434,8.252258962567664,-0.02132335647360866
-8.388653841920956,-0.07836341814792235,0.002178475491963429,8.279222626021594,-0.021445530132883917
-8.359210830415208,-0.07851243279599344,0.002194673550938381,8.306376233590916,-0.021581504744722334
-8.329767818909453,-0.07864674712803638,0.002185490795024188,8.333721799447071,-0.021702779040532583
-8.300324807403697,-0.07876413651035645,0.002164241481361411,8.36126136634025,-0.021807128386619974
-8.27088179589795,-0.0789026754998773,0.002154389978561213,8.388997006108093,-0.02193262733990814
-8.241438784392194,-0.07907059237222393,0.0021844890943431157,8.4169308201953,-0.022087504176022087
-8.21199577288644,-0.07914741902157572,0.0022559811865660038,8.44506494018434,-0.0221512907891412
-8.182552761380691,-0.0792263516649675,0.0022784128594794065,8.473401528337698,-0.022217183396300293
-8.153109749874936,-0.07934110370560837,0.0022653475150630435,8.501942778151857,-0.022318895400708486
-8.123666738369181,-0.07946641671942013,0.002279475366986631,8.530690914923284,-0.022431168378287562
-8.094223726863433,-0.07962672561504774,0.0022980297239846726,8.559648196326798,-0.02257843723768249
-8.064780715357678,-0.07978757584431849,0.002281733822458691,8.588816913006648,-0.022726247430720554
-8.035337703851923,-0.07991869405536797,0.0022279514531058945,8.61819938918049,-0.022844325605537355
-8.005894692346175,-0.08005597947063153,0.002203639567022717,8.647797983256769,-0.022968570984568233
-7.9764516808404196,-0.08019634684592175,0.0021885546736096686,8.677615088465778,-0.02309589832362577
-7.947008669334664,-0.08028136344208238,0.0022408856846257807,8.70765313350467,-0.023167874883553714
-7.917565657828916,-0.08038967121696533,0.002290323940715696,8.73791458319693,-0.023263142622203983
-7.888122646323161,-0.08053197397202137,0.00230990177709174,8.768401939166628,-0.023392405341027343
-7.858679634817406,-0.08069406521236007,0.0023068256315438213,8.799117740527743,-0.023541456545133357
-7.829236623311651,-0.08083496695607417,0.0023036585921446346,8.830064564589128,-0.02366931825261477
-7.799793611805903,-0.08096209209183232,0.0023100974373871396,8.861245027575393,-0.023783403352140242
-7.770350600300148,-0.08109213292700843,0.0023247519391033,8.892661785364224,-0.023900404151083667
-7.740907588794393,-0.0812426229163843,0.002325577311413872,8.924317534240457,-0.02403785410422686
-7.711464577288645,-0.08140164039925052,0.002299339121020062,8.956215011667474,-0.024183831550860395
-7.68202156578289,-0.08156641167657162,0.002260288305263067,8.988356997076375,-0.024335562791948817
-7.6525785542771345,-0.08167316167029204,0.002281128885952727,9.020746312673266,-0.024429272749436542
-7.6231355427713865,-0.08177556714467926,0.0023383352998252913,9.053385824265334,-0.02451863818759109
-7.593692531265631,-0.08191153650485046,0.0023413219894445627,9.086278442106153,-0.024641567511529607
-7.564249519759876,-0.08210924564082017,0.0022767506749661274,9.119427121760642,-0.02482623661126663
-7.534806508254128,-0.08236668672444912,0.002263900960198966,9.152834864990385,-0.025070637658662902
-7.505363496748373,-0.08246515184556412,0.002215442676306969,9.186504720659787,-0.02515606274354522
-7.475920485242618,-0.08253177000676191,0.002228079807712064,9.220439785663565,-0.025209640868510325
-7.44647747373687,-0.08271028697736744,0.0022349108229844285,9.254643205876324,-0.02537511780288318
-7.417034462231115,-0.08294214462755091,0.0022575439475913477,9.289118177124749,-0.02559393541683396
-7.38759145072536,-0.0831181036037814,0.002284825418967617,9.323867946182961,-0.02575685435683176
-7.358148439219612,-0.08320916711936599,0.0022333126928500103,9.358895811791852,-0.025834877836183677
-7.328705427713857,-0.0833172432974932,0.002222060725818248,9.394205125703,-0.0259299139780782
-7.2992624162081015,-0.08342395935407403,0.002298231876372428,9.429799293747745,-0.02602358999842634
-7.269819404702346,-0.08361493825343942,0.0023093589657875485,9.465681776932371,-0.026201528861559055
-7.240376393196598,-0.08388626431169305,0.0022525017953686946,9.501856092559914,-0.02645981488358
-7.210933381690843,-0.08408991504957637,0.0022540112520207847,9.53832581537953,-0.02665042558523064
-7.181490370185088,-0.08420050335508172,0.0022971062770903946,9.575094578764055,-0.02674797385450331
-7.15204735867934,-0.08428703618322857,0.00230375933629439,9.612166075916704,-0.026821466646417477
-7.122604347173585,-0.084439489676073,0.002281738014255391,9.649544061107727,-0.026960880103029217
-7.09316133566783,-0.08465487603228222,0.0022638472386903173,9.68723235094176,-0.02716322642300576
-7.063718324162082,-0.084788182810968,0.002243472419178732,9.725234825656973,-0.02728349316545886
-7.034275312656327,-0.084978076399454,0.0022012181611053764,9.763555430456833,-0.02746034671771217
-7.0048323011505715,-0.08516985270412346,0.0022427917052647703,9.802198176875368,-0.02763908298614895
-6.9753892896448235,-0.08532825507825537,0.002353101125523484,9.841167144177112,-0.027784445324048175
-6.945946278139068,-0.08551383050789159,0.0023980725027821937,9.880466480792613,-0.027956980717451715
-6.916503266633313,-0.08569488526832476,0.002369602355671664,9.920100405790578,-0.028124995441652208
-6.887060255127565,-0.0858666271401437,0.002344639844354221,9.960073210387813,-0.028283697277238465
-6.85761724362181,-0.0860701786631775,0.0023772731446528527,10.000389259498089,-0.028474208764039576
-6.828174232116055,-0.08627408236586831,0.0023602779255947927,10.041052993320989,-0.028665072430497707
-6.798731220610307,-0.08644684538858745,0.00236073474793421,10.08206892897212,-0.028824795416984163
-6.769288209104552,-0.08670368324583426,0.0023085362989761745,10.123441662155882,-0.02906859323799829
-6.739845197598797,-0.08693000546042993,0.0022799049511543607,10.165175868881969,-0.029281875416361285
-6.710402186093042,-0.08701208221917522,0.00226311433585643,10.20727630722719,-0.02935091213887389
-6.680959174587294,-0.08708926190395556,0.0023056619581876907,10.249747819143783,-0.02941505178742155
-6.6515161630815385,-0.08732193622970486,0.002414179227707596,10.292595332315852,-0.029634686076938158
-6.622073151575783,-0.08758843059733551,0.002412049169535708,10.335823862065187,-0.02988814040833613
-6.592630140070035,-0.08779917530442764,0.002305223479928963,10.379438513308285,-0.03008584507919558
-6.56318712856428,-0.08802922616728646,0.0022213098518524864,10.423444482566017,-0.03030285590582172
-6.533744117058525,-0.08821928141789252,0.0022726969620847854,10.467847060027546,-0.030479871120195096
-6.504301105552777,-0.08837434608759788,0.0023602272300900138,10.512651631670415,-0.03062189575366777
-6.474858094047022,-0.08854038636613344,0.002367592972941796,10.557863681438445,-0.03077489599597065
-6.445415082541267,-0.08872219520127704,0.002284627446869015,10.60348879347926,-0.030943664794881566
-6.415972071035519,-0.08894952472548527,0.002287727000421053,10.649532654443501,-0.031157954282857114
-6.386529059529764,-0.08911365677824908,0.002315553735171005,10.696001055847637,-0.031309046299388237
-6.357086048024009,-0.08928576491412758,0.002322135216213238,10.742899896502355,-0.03146811439903406
-6.3276430365182605,-0.08953803899170594,0.0022906830818894847,10.790235185008825,-0.031707348440379736
-6.298200025012505,-0.08978701128160989,0.0023399046375412115,10.838013042324993,-0.031943280694051
-6.26875701350675,-0.09005035845426503,0.002431049930245188,10.8862397044041,-0.03219358783047346
-6.239314002001002,-0.09030473701289626,0.002468274286294051,10.93492152490799,-0.03243492635287201
-6.209870990495247,-0.09050461978913833,0.00242013592061843,10.98406497799763,-0.0326217690928814
-6.180427978989492,-0.09068817449214195,0.0023849693556830327,11.033676661203264,-0.03279228375965233
-6.150984967483737,-0.09090910219062986,0.0023079075318218206,11.083763298377137,-0.033000171421907566
-6.121541955977989,-0.09122022407956872,0.002156050210664061,11.134331742731346,-0.033298253274613734
-6.092098944472234,-0.0914658707363577,0.002135084778218023,11.185388979963859,-0.03353085989517004
-6.062655932966479,-0.0916588821667959,0.002237491729508325,11.236942131475494,-0.03371083128937555
-6.033212921460731,-0.09185575879609363,0.002272854397624578,11.288998457681224,-0.0338946678824406
-6.0037699099549755,-0.09205715930244536,0.002224571663988914,11.341565361418887,-0.03408302835255965
-5.97432689844922,-0.0923888495700292,0.002340893507200721,11.394650391458601,-0.03440167858391081
-5.944883886943472,-0.09266572794940535,0.002332199519075458,11.448261246116568,-0.034665516927054274
-5.915440875437717,-0.09293968639432064,0.0022008250450705202,11.5024057769768,-0.03492643533573688
-5.885997863931962,-0.093105523117984,0.0021910286304162936,11.557091992724438,-0.03507923202316755
-5.856554852426214,-0.09337092577718979,0.0021421210868483504,11.612328063094798,-0.03533159464614067
-5.827111840920459,-0.09365838753637372,0.002092800287627775,11.668122322942173,-0.035606016369091914
-5.797668829414704,-0.09388865046872001,0.002102186844657767,11.724483276432448,-0.03582323926520552
-5.768225817908956,-0.09416955205941213,0.002257256841080687,11.781419601364286,-0.03609110081966496
-5.738782806403201,-0.09445431488341287,0.0023271256969293703,11.838940153623295,-0.036362823607433016
-5.709339794897446,-0.09473521428980554,0.0023178424370375694,11.89705397177392,-0.036630682977593004
-5.679896783391698,-0.09505698968682537,0.002314793119870566,11.95577028179426,-0.03693941833838015
-5.6504537718859424,-0.09539291885319101,0.002337258619064513,12.015098501958933,-0.03726230746851311
-5.621010760380187,-0.09566702143879276,0.0023311848871778963,12.07504824787525,-0.03752337001788217
-5.591567748874439,-0.09583742274523906,0.002223518173668571,12.135629337678655,-0.03768073128809579
-5.562124737368684,-0.09607209012160768,0.002235961940335893,12.196851797393153,-0.037902358628231735
-5.532681725862929,-0.09637151735257578,0.0023438918178042313,12.25872586646279,-0.03818874582296714
-5.503238714357174,-0.09667184559381009,0.0024051065107344514,12.321262003460815,-0.03847603402796877
-5.473795702851426,-0.09700146216051649,0.0024106049149283625,12.384470891983037,-0.03879261055844249
-5.444352691345671,-0.09729642035607493,0.0024320299685272563,12.448363446732477,-0.039074528717768245
-5.414909679839916,-0.09759073537090664,0.0024036820455022702,12.512950819802388,-0.03935580369636727
-5.385466668334168,-0.09787741985656179,0.0022409448033159658,12.578244407165503,-0.039629448145789746
-5.3560236568284125,-0.09826429220434844,0.0023146638269370386,12.644255855377338,-0.040003280457343714
-5.326580645322657,-0.09861899434257955,0.0024713677430009454,12.710997068501648,-0.04034494255934214
-5.297137633816909,-0.09894756085592671,0.0024437877903408364,12.778480215267003,-0.04066046903645662
-5.267694622311154,-0.09923773883205937,0.0023647970231721245,12.84671773646336,-0.040937606976356594
-5.238251610805399,-0.09946439392632751,0.002368276402406101,12.915722352587942,-0.04115122203439205
-5.208808599299651,-0.09979287095709814,0.002313023102600009,12.98550707175057,-0.04146665902893
-5.179365587793896,-0.10021943560388746,0.0022725251373046443,13.056085197848644,-0.04188018363948664
-5.149922576288141,-0.10062333704310648,0.0023225586099527274,13.127470339022372,-0.04227104504247298
-5.120479564782393,-0.10092218053555942,0.0023645618550669433,13.199676416401891,-0.042556848498693234
-5.091036553276638,-0.10124472357768986,0.0023354603665310266,13.272717673157896,-0.04286635150459099
-5.061593541770883,-0.1016531036297259,0.0022187995695318605,13.346608683867991,-0.04326169152039435
-5.032150530265135,-0.10199745038573622,0.0022063093455740616,13.421364364212026,-0.04359299824017199
-5.0027075187593795,-0.10232311156886975,0.0022660079554663575,13.496999981009784,-0.04390561938707283
-4.973264507253624,-0.10271604260012394,0.0023299983864914224,13.573531162615074,-0.04428551038209434
-4.943821495747869,-0.10312900297527126,0.0022725449183897055,13.65097390968141,-0.04468543072100898
-4.914378484242121,-0.10351808821069886,0.002128225389621226,13.729344606314585,-0.04506147592020389
-4.884935472736366,-0.10391397034191706,0.0021300232216089838,13.808660031628664,-0.04544431801518941
-4.855492461230611,-0.10425205058843785,0.0023136076908417,13.888937371722244,-0.04576935822547752
-4.826049449724863,-0.10467031050187153,0.0023835380382018993,13.970194232093268,-0.04617457810267852
-4.796606438219108,-0.1051345017386262,0.002352363512986816,14.052448650511087,-0.0466257293032005
-4.767163426713353,-0.1056241594504726,0.0022754325988581805,14.135719110365331,-0.04710234697881422
-4.737720415207605,-0.10604587526762288,0.002231014254944427,14.22002455451272,-0.04751102275973182
-4.7082774037018496,-0.10647385281351683,0.0023128938584041276,14.305384399643419,-0.04792596026939309
-4.678834392196094,-0.10692813277824288,0.0023519708824879465,14.391818551189623,-0.048367200197886456
-4.649391380690346,-0.10738191459151497,0.002294816070352785,14.47934741880081,-0.04880794197492586
-4.619948369184591,-0.10779891307590465,0.002294887186784345,14.567991932410727,-0.04921190042308286
-4.590505357678836,-0.10824843157923687,0.002353727919524465,14.657773558922505,-0.0496483788901824
-4.561062346173088,-0.10870881913215985,0.002412054364692671,14.748714319540204,-0.050095726406872695
-4.531619334667333,-0.10914256571476393,0.0024142645817821877,14.840836807776009,-0.05051643295324409
-4.502176323161578,-0.10957772769615166,0.002385945837960722,14.934164208163793,-0.050938554898399144
-4.47273331165583,-0.11006443746760186,0.002344151421327942,15.02872031571201,-0.05141222463361666
-4.443290300150075,-0.11060840184788097,0.002304145775065718,15.12452955613,-0.051943148977663084
-4.41384728864432,-0.11115568478095884,0.0023246367235370278,15.221617006863623,-0.052477391874508277
-4.3844042771385645,-0.11166656660293818,0.0023796615376590865,15.32000841897869,-0.05297523366025493
-4.3549612656328165,-0.1122036051820882,0.0023766116316794703,15.419730239931962,-0.05349923220317227
-4.325518254127061,-0.1127630384802938,0.0023730666943013214,15.520809637272272,-0.054045625465145186
-4.296075242621306,-0.11323576881062107,0.002407599327651968,15.62327452331602,-0.054505315759239774
-4.266632231115558,-0.11367064862993281,0.002494595063150282,15.727153580844561,-0.054927155542318834
-4.237189219609803,-0.11429066011753326,0.0024233020665573955,15.832476289872977,-0.0555341269936866
-4.207746208104048,-0.11493969805448301,0.002249204039017678,15.939272955542489,-0.056170124894403664
-4.1783031965983,-0.11551873766369773,0.0022000015346436527,16.047574737192377,-0.056736124467385705
-4.148860185092545,-0.11606056282053819,0.0022889042129440903,16.157413678669787,-0.057264909587993476
-4.11941717358679,-0.116594637977785,0.002397561020584788,16.26882273993911,-0.057785944709007615
-4.089974162081042,-0.117171450587863,0.002471033771463052,16.381835830056907,-0.05834971728285293
-4.060531150575287,-0.11783346720783187,0.0025222141534158083,16.49648784158144,-0.05899869386658912
-4.0310881390695315,-0.11861038993051058,0.0025137459125384887,16.61281468648992,-0.05976257655303514
-4.001645127563783,-0.1193207319786332,0.002452726115030819,16.730853333681626,-0.06045987856492508
-3.9722021160580283,-0.11992147405492437,0.0024225063279538607,16.850641848148914,-0.06104758060498357
-3.942759104552273,-0.12050406063202912,0.00243765337329072,16.97221943190306,-0.061617127145855634
-3.913316093046525,-0.12118108518571606,0.002414550495658986,17.095626466747863,-0.06228111166330989
-3.88387308154077,-0.1219055325360166,0.002403562212227883,17.22090455899882,-0.06299251897737776
-3.854430070035015,-0.12264388826356547,0.002433677166720371,17.3480965862516,-0.06371783466869393
-3.82498705852926,-0.12349385538235531,0.0022693147133102066,17.47724674631087,-0.06455476175125109
-3.795544047023512,-0.12435842698253403,0.002079381200149399,17.608400608396206,-0.06540629331519714
-3.7661010355177567,-0.12538685664702723,0.002096041287446609,17.741605166750205,-0.06642168294345764
-3.7366580240120015,-0.1262549222859073,0.0023690170639711163,17.87690889678062,-0.06727670854610501
-3.7072150125062535,-0.12716012620481126,0.0025830817472685176,18.01436181387818,-0.06816887242877631
-3.6777720010004984,-0.12780758859691843,0.002382639429069502,18.154015535059603,-0.0688032947846508
-3.6483289894947433,-0.12858052976764323,0.0023729963220355497,18.295923343595213,-0.06956319591914291
-3.6188859779889953,-0.12937818043036262,0.002372213209630874,18.44014025679166,-0.07034780654562962
-3.58944296648324,-0.130306931560048,0.0023706443896241796,18.58672309711066,-0.07126351763908231
-3.559999954977485,-0.1312665890769652,0.002391217163491003,18.73573056681654,-0.07221013511976684
-3.530556943471737,-0.1320168345042949,0.0024929846759496384,18.88722332635922,-0.07294734051086388
-3.501113931965982,-0.13276644810709184,0.002267107696628342,19.041264076712245,-0.07368391407742811
-3.4716709204602267,-0.13355138033545919,0.0022554419801448654,19.1979176459003,-0.07445580626956277
-3.4422279089544787,-0.13446117503434088,0.0022833990897918673,19.357251079967703,-0.07535256093221179
-3.4127848974487236,-0.13549258893225066,0.00217440440855952,19.519333738655778,-0.07637093479388889
-3.3833418859429685,-0.13620554648505326,0.002091375964511605,19.68423739607559,-0.07707085231045879
-3.3538988744372205,-0.136867084300156,0.0022995370655162824,19.85203634668369,-0.07771935008932887
-3.3244558629314653,-0.1378486661742677,0.0023954215402737893,20.022807516889326,-0.07868789192720788
-3.29501285142571,-0.1387959827987175,0.0022634936045124593,20.196630582644957,-0.07962216851542499
-3.265569839919955,-0.13953408617266255,0.0021178151558183906,20.37358809339848,-0.08034723185313736
-3.236126828414207,-0.14033853279901076,0.0020678547631967355,20.553765602811715,-0.08113863844325289
-3.206683816908452,-0.141392471040788,0.002208031258155534,20.73725180668047,-0.08217953664879746
-3.177240805402697,-0.14228696673059701,0.0021933270801737384,20.924138688522685,-0.08306099230237378
-3.147797793896949,-0.14315556293080015,0.0022818321267386262,21.114521673337553,-0.08391654846634422
-3.1183547823911937,-0.14397029329932243,0.0024707185420091834,21.308499790075278,-0.08471823879863383
-3.0889117708854386,-0.1447597484519299,0.0025091234554178955,21.506175843398175,-0.08549465391500863
-3.0594687593796905,-0.14553999458248842,0.0024002608386429797,21.707656595360003,-0.08626186000933446
-3.0300257478739354,-0.1464729480223004,0.0025190317003532946,21.913052957677575,-0.08718177341291375
-3.0005827363681803,-0.1473390311349054,0.0027233233921584387,22.122480195321902,-0.08803481648928607
-2.9711397248624323,-0.14800333954800263,0.0027202469074702794,22.336058142214874,-0.08868608486615062
-2.941696713356677,-0.14882358862817666,0.002735907706158595,22.553911429879225,-0.08949329391009196
-2.912253701850922,-0.14960062775944602,0.002888624450738377,22.776169729957974,-0.09025729300512864
-2.882810690345174,-0.1503014903511664,0.0030199240852218576,23.002968011595907,-0.09094511556061635
-2.853367678839419,-0.15090556526321877,0.0031032044337208136,23.234446814756076,-0.09153615043643604
-2.8239246673336638,-0.15166245180273222,0.0031308148474629618,23.47075254063385,-0.0922799969397168
-2.7944816558279157,-0.15233606353219964,0.0030247267249638578,23.71203776043051,-0.09294056863295153
-2.7650386443221606,-0.152883334863406,0.003254712669382023,23.958461543854344,-0.0934747999279252
-2.7355956328164055,-0.15365654972633958,0.003338023214242362,24.21018980883503,-0.09423497475462611
-2.7061526213106504,-0.1543925565078517,0.003351005834505064,24.467395694068014,-0.09495794149990554
-2.6767096098049024,-0.15486436040518706,0.0034462480909290562,24.73025995614579,-0.09541670536100821
-2.6472665982991472,-0.1552451736767659,0.0035880331216956093,24.99897139319103,-0.09578447859635439
-2.617823586793392,-0.15582989398738403,0.003740649764499395,25.273727297077023,-0.09635615887073984
-2.588380575287644,-0.15656923433424144,0.0038566327574742778,25.554733936512907,-0.09708245918136456
-2.558937563781889,-0.15686486528208765,0.003866263709572864,25.842207073479088,-0.09736505009297808
-2.529494552276134,-0.15749434161363254,0.0038465749180444735,26.136372515729484,-0.0979814863882903
-2.500051540770386,-0.15812189725038917,0.003922556666595313,26.43746670833517,-0.09859600198881424
-2.4706085292646307,-0.1586022108506917,0.004035669235713054,26.745737367525738,-0.09906327555288409
-2.4411655177588756,-0.1590679590875012,0.004145579130820722,27.061444160398686,-0.09951598375346091
-2.4117225062531276,-0.1594707433806325,0.004102319252170702,27.384859434418043,-0.09990572801035952
-2.3822794947473724,-0.16011103664093776,0.004366812326797218,27.71626900100901,-0.1005329812344321
-2.3528364832416173,-0.16074078710238382,0.004589218939621381,28.055972977986553,-0.10114969165964548
-2.3233934717358693,-0.16139474962065015,0.004516032721185494,28.404286696038326,-0.10179061414167911
-2.293950460230114,-0.1620269078864867,0.004447894950635554,28.761541675016264,-0.10240973237128298
-2.264507448724359,-0.16250382434617583,0.004583013630656765,29.128086676389547,-0.10287360879473945
-2.235064437218611,-0.16298484544513606,0.004745275521028509,29.50428883888355,-0.10334158985746698
-2.205621425712856,-0.1636883541537201,0.00482436398709793,29.89053490507723,-0.10403205852981834
-2.176178414207101,-0.16404676080947425,0.004870761196252013,30.28723254757252,-0.10437742514933981
-2.1467354027013457,-0.16436721834319948,0.005244886209961925,30.694811804297107,-0.10468484264683235
-2.1172923911955976,-0.16496581093460658,0.0052566568585884765,31.113726633562404,-0.10527039520200678
-2.0878493796898425,-0.16532014132387896,0.005364604942825986,31.54445660069931,-0.10561168555504646
-2.0584063681840874,-0.16572979478316394,0.005332329902203684,31.9875087094447,-0.10600829897809877
-2.0289633566783394,-0.1663493724623814,0.005382282380738317,32.44341939278424,-0.10661483662108356
-1.9995203451725843,-0.16689407063916573,0.0057560279147935815,32.91275667968667,-0.1071464947616352
-1.9700773336668291,-0.16708478594314777,0.006113253783082897,33.39612255612942,-0.10732417002938455
-1.9406343221610811,-0.16703362984254064,0.006222648620892407,33.89415554105206,-0.10725997389254474
-1.911191310655326,-0.1671790743194281,0.006295119276625215,34.40753350041414,-0.10739237833319953
-1.8817482991495709,-0.16685191895075113,0.006449137340425435,34.936976725434896,-0.10705218292828986
-1.8523052876438229,-0.16618809052442138,0.007025434025589195,35.48325130441203,-0.10637531446572743
-1.8228622761380677,-0.16548064464877174,0.0076865913161162785,36.04717282131179,-0.10565482855384511
-1.7934192646323126,-0.16423639063815107,0.00787027732175144,36.62961041868181,-0.10439753450699175
-1.7639762531265646,-0.1622108547675318,0.008534010763131834,37.2314912674564,-0.10235895860013981
-1.7345332416208095,-0.15943232818443875,0.009603658636578645,37.853805492000866,-0.09956739198081407
-1.7050902301150543,-0.15582716145911543,0.010689240611447557,38.497611605420005,-0.09594918521925808
-1.6756472186093063,-0.15075576243251684,0.01210459892411454,39.16404251789496,-0.09086474615642681
-1.6462042071035512,-0.14446829539438663,0.013722433535232777,39.85431218978902,-0.0845642390820639
-1.616761195597796,-0.13658886947527663,0.014922570471849908,40.56972301171437,-0.07667177312672122
-1.587318184092041,-0.1266787999115934,0.01655044663759401,41.31167400595349,-0.06674866352680531
-1.557875172586293,-0.115045256780069,0.017636508451518464,42.08166995789442,-0.05510208035904822
-1.5284321610805378,-0.10288482095706764,0.017907895606197894,42.88133160288973,-0.04292860449981418
-1.4989891495747827,-0.08981587668527435,0.017264969245160692,43.712407013649766,-0.029846620191788215
-1.4695461380690347,-0.07718932179582637,0.01631304216659348,44.576784356546696,-0.017207025266107547
-1.4401031265632795,-0.0645146827057297,0.014925514638569984,45.47650621273986,-0.0045193461397781964
-1.4106601150575244,-0.05278272692896293,0.013637175506477531,46.413785692744895,0.007225649673221257
-1.3812171035517764,-0.04168251884806196,0.012303771489078132,47.391024612062935,0.018338897790354906
-1.3517740920460213,-0.03103498195045822,0.011464041596889931,48.41083404211175,0.028999474724191333
-1.3223310805402662,-0.02115541774360456,0.010254652256688954,49.47605760667572,0.03889207896727767
-1.2928880690345181,-0.011951951282774232,0.008943647760667016,50.589797961546054,0.048108585464340686
-1.263445057528763,-0.003216337273279232,0.007926989556021221,51.75544697661121,0.056857239510068366
-1.234002046023008,0.004859680572363065,0.006587367254483576,52.97672023877198,0.06494629739194335
-1.2045590345172599,0.012215519670252474,0.0054108423264369815,54.25769661498343,0.07231517652606544
-1.1751160230115048,0.018436425046419194,0.004043755045881191,55.602863762905955,0.07854912193846483
-1.1456730115057496,0.023089293236424172,0.0020778841745256343,57.01717065910866,0.0832150301647025
-1.11623,0.03026466,0.0010238284344882378,58.506088440554365,0.090403436964511
