Temp./°C,DSC_mean/(mW/mg),DSC_std/(mW/mg),pore radius in nm,DSC_corr/(mW/mg)
-59.97165,-0.035487873333333336,0.0002765299300654112,1.6483428503301143,-0.002118739882245889
-59.94221507753877,-0.03551403435353567,0.0002778738284479903,1.6488723759431574,-0.002130845079280297
-59.912780155077535,-0.03554403530298194,0.0002773071391690873,1.6494024218640653,-0.0021467902055586283
-59.88334523261631,-0.0355697983159061,0.00027628046447792775,1.6499329888600909,-0.0021584973953148526
-59.85391031015507,-0.03558715443975331,0.0002743293258384294,1.6504640776999961,-0.0021617976959941304
-59.824475387693845,-0.03559923808698826,0.00027552818379835206,1.6509956891540565,-0.002159825520061144
-59.79504046523261,-0.03561837633819356,0.0002804655502384064,1.6515278239940634,-0.002164907948098503
-59.76560554277138,-0.035644160422587036,0.00028104184057474674,1.6520604829933294,-0.0021766362093240538
-59.736170620310155,-0.035665467375655575,0.00027447018717351407,1.6525936669266903,-0.0021838873392246647
-59.70673569784892,-0.03568634404975194,0.00027501645068487646,1.6531273765705112,-0.002190708190153094
-59.67730077538769,-0.035703446622283336,0.0002751032533859696,1.6536616127026882,-0.002193754939516554
-59.64786585292646,-0.03571625832106663,0.00027394973186186403,1.6541963761026524,-0.002192510815131915
-59.61843093046523,-0.03572679820455843,0.00027273282299873083,1.6547316675513746,-0.002188994875455784
-59.588996008003996,-0.035734596240407895,0.0002726612107604574,1.6552674878313693,-0.002182737088137314
-59.55956108554277,-0.03574339837873829,0.0002716020852255449,1.6558038377266975,-0.0021774834032997833
-59.53012616308154,-0.03575286442783132,0.00026753438920157455,1.6563407180229701,-0.0021728936292248757
-59.500691240620306,-0.03575418671476042,0.0002550635269595536,1.656878129507354,-0.002160160092986037
-59.47125631815908,-0.035763875278355374,0.000249474234421134,1.6574160729685734,-0.0021557928334130574
-59.44182139569784,-0.035778773073596004,0.00024722680931803866,1.6579545491969152,-0.002156634805485752
-59.412386473236616,-0.03579344628496616,0.00023965421763879076,1.6584935589842327,-0.0021572521936879807
-59.38295155077538,-0.03580346613311672,0.00023331642861102621,1.6590331031239485,-0.002153216218670602
-59.35351662831415,-0.03581176362362091,0.00023327933568527832,1.6595731824110596,-0.0021474578860068635
-59.324081705852926,-0.03581928323038811,0.00023343358597960776,1.6601137976421412,-0.0021409216696061314
-59.29464678339169,-0.035825821262282564,0.0002257894884106704,1.660654949615349,-0.0021334038783326487
-59.265211860930464,-0.03583252123460964,0.00022040692355177635,1.6611966391304263,-0.002126048027491792
-59.23577693846923,-0.035846894399028086,0.00022127123406315494,1.661738866988704,-0.0021263653687422987
-59.206342016008,-0.03585936463771486,0.00021296921170041046,1.6622816339931075,-0.0021247797842611424
-59.17690709354677,-0.03586642424820842,0.00020860519976132323,1.66282494094816,-0.002117783571586769
-59.14747217108554,-0.03587274827183807,0.0002093413532249694,1.6633687886599855,-0.0021100517720484893
-59.11803724862431,-0.035886744671042345,0.00021465579507680359,1.663913177936314,-0.00210999234808483
-59.08860232616308,-0.03590580806638643,0.00021739484081646196,1.6644581095864845,-0.002114999920260978
-59.05916740370185,-0.03591947136368787,0.00021377471018984656,1.6650035844214504,-0.002114607394394487
-59.029732481240615,-0.035925327767831326,0.00020823365906730412,1.665549603253781,-0.0021064079753700046
-59.00029755877939,-0.035932363505664804,0.0002038331769485847,1.666096166897669,-0.0020993878900355534
-58.97086263631816,-0.035941955263650564,0.00019976215673359876,1.6666432761689318,-0.0020949238248533855
-58.941427713856925,-0.03594935940903563,0.00020270376899988,1.667190931885016,-0.0020882721470705176
-58.9119927913957,-0.03595736697135083,0.00020981126845728937,1.6677391348650028,-0.002082223886217781
-58.88255786893446,-0.035966073146887274,0.00021102769334127775,1.6682878859296109,-0.002076874238586289
-58.853122946473235,-0.035971929089256616,0.00020926949334281735,1.6688371859012001,-0.0020686743577877018
-58.823688024012,-0.03597465841199165,0.00021172738926997017,1.6693870356037777,-0.0020573478573547993
-58.79425310155077,-0.03598081962719615,0.00021757917292754113,1.669937435863,-0.0020494532493913753
-58.764818179089545,-0.03599298651713495,0.00021836504265033632,1.670488387506178,-0.002047564316162237
-58.73538325662831,-0.03600308299174972,0.00021764825039608692,1.6710398913622813,-0.0020436049676090737
-58.70594833416708,-0.036006892942780956,0.00022285721522375505,1.6715919482619417,-0.0020333590954723715
-58.67651341170585,-0.03600349913783464,0.00023789108025820032,1.6721445590374575,-0.0020159094673581207
-58.64707848924462,-0.03600174751309496,0.00025268628973214183,1.6726977245227985,-0.0020001020194505142
-58.617643566783386,-0.03600675386252385,0.00026035273507120756,1.6732514455536092,-0.001991052545711469
-58.58820864432216,-0.03601492608945952,0.0002642059325176638,1.6738057229672139,-0.001985168949479206
-58.55877372186093,-0.0360207209401312,0.00026928992067683867,1.6743605576026201,-0.001976907976982953
-58.529338799399696,-0.03602459984213557,0.00027200208322139216,1.674915950300523,-0.001966731055819383
-58.49990387693847,-0.03603127555073498,0.00026618270443542666,1.6754719019033102,-0.0019593509412508606
-58.470468954477234,-0.03603837010535318,0.00026545989469353796,1.676028413255065,-0.0019523896727011228
-58.441034032016006,-0.03604895265820272,0.0002691785925985171,1.6765854852015716,-0.0019489164023827332
-58.41159910955477,-0.036057639072070886,0.00027354834253037844,1.6771431185903194,-0.0019435469930829674
-58.382164187093544,-0.03606108717715722,0.00027743077938524797,1.6777013142705064,-0.0019329392750013705
-58.352729264632316,-0.03606320316450989,0.0002790031766587601,1.6782600730930435,-0.0019209994391861038
-58.32329434217108,-0.03606938809928643,0.00027589224673917387,1.6788193959105615,-0.0019131285507947085
-58.293859419709854,-0.03608305337624087,0.00026613727961980035,1.6793792835774104,-0.0019127380045812145
-58.26442449724862,-0.036100393391066354,0.00025347052521627043,1.6799397369496694,-0.0019160221962387647
-58.23498957478739,-0.0361144620547578,0.0002510463551763886,1.6805007568851464,-0.0019160350367622841
-58.20555465232616,-0.03612505548297882,0.0002576770214276852,1.6810623442433856,-0.001912572641815366
-58.17611972986493,-0.0361387577223835,0.0002623322478003033,1.6816244998856709,-0.0019122190580521184
-58.1466848074037,-0.03614885694860525,0.000266083500017934,1.6821872246750291,-0.001908262461105932
-58.11724988494247,-0.03615901565468869,0.0002733727689358291,1.682750519476237,-0.0019043653440214345
-58.08781496248124,-0.03617241687284987,0.00028406080794631867,1.6833143851558225,-0.0019037107390146787
-58.058380040020005,-0.036186454458571965,0.0002919919529639148,1.6838788225820727,-0.0019036925015688475
-58.02894511755878,-0.03619404078971589,0.0002907013378888361,1.6844438326250346,-0.0018972230095448406
-57.99951019509754,-0.03620270583194627,0.00028624890239733347,1.6850094161565226,-0.0018918322286072889
-57.970075272636315,-0.0362200560520314,0.00028243252272777897,1.6855755740501213,-0.0018951266255244834
-57.94064035017509,-0.03623504169314721,0.000281401390383846,1.6861423071811905,-0.0018960564434723562
-57.91120542771385,-0.03624669798770439,0.0002824980522276821,1.68670961642687,-0.0018936569148616036
-57.881770505252625,-0.03625713818622455,0.0002864594028016936,1.687277502666083,-0.0018900412902138342
-57.85233558279139,-0.03626514962781022,0.0002911506390199063,1.687845966779543,-0.0018839969086315647
-57.82290066033016,-0.036270637260831635,0.00029217345749094564,1.6884150096497552,-0.0018754287184850546
-57.79346573786893,-0.036271929411780375,0.0002897123661545516,1.688984632161024,-0.0018626650462658587
-57.7640308154077,-0.03627022665818304,0.00028461768679805466,1.6895548351994547,-0.0018469064695005866
-57.73459589294647,-0.03627504516326637,0.00027588912242829995,1.6901256196529615,-0.001837669151415984
-57.70516097048524,-0.03628141409782711,0.0002716405681043449,1.690696986411269,-0.0018299822628087895
-57.67572604802401,-0.03628078472249255,0.00027191219443710565,1.6912689363659186,-0.0018152970643062968
-57.646291125562776,-0.03627947419387309,0.0002692335465022876,1.6918414704102727,-0.0017999307125189032
-57.61685620310155,-0.03628169360951342,0.00026422289890327554,1.6924145894395184,-0.001788094304991307
-57.587421280640314,-0.03628768325283354,0.0002603470022232509,1.6929882943506747,-0.0017800281251434888
-57.557986358179086,-0.036292732645171945,0.0002606758666188759,1.6935625860425931,-0.0017710216943139581
-57.52855143571786,-0.03629799623537727,0.0002600506638263183,1.6941374654159675,-0.00176222946135135
-57.499116513256624,-0.03630280292069063,0.00025208587293653413,1.6947129333733346,-0.0017529803234967722
-57.469681590795396,-0.03630892911942473,0.00024462238752149694,1.6952889908190798,-0.0017450506990629444
-57.44024666833416,-0.03631421245086917,0.00024152977102905528,1.695865638659443,-0.001736278207339445
-57.410811745872934,-0.03632179969266434,0.00024092951322982203,1.696442877802523,-0.001729809625966687
-57.3813768234117,-0.036332185037261114,0.00024134452480895855,1.6970207091582807,-0.0017261391473955279
-57.35194190095047,-0.036341755336199405,0.0002397693420731983,1.6975991336385463,-0.0017216536231658836
-57.322506978489244,-0.03634617783975739,0.00023517387642752754,1.698178152157022,-0.001712020303555932
-57.29307205602801,-0.03634990061768994,0.0002292666691133641,1.6987577656292885,-0.0017016872583205458
-57.26363713356678,-0.03636348431213201,0.00022809998972825137,1.6993379749728081,-0.001701215129594695
-57.23420221110555,-0.03638270646597624,0.0002335710563177235,1.699918781106931,-0.0017063814602709879
-57.20476728864432,-0.03639283392322155,0.0002353930112396462,1.7005001849529,-0.001702453094348362
-57.175332366183085,-0.03639648006469317,0.00023775258520367063,1.7010821874338542,-0.0016920434126520487
-57.14589744372186,-0.03639981597718709,0.00024015636126706105,1.701664789474835,-0.001681323501978034
-57.11646252126063,-0.03640700523070526,0.00024268718153081496,1.7022479920027909,-0.0016744569323282749
-57.087027598799395,-0.03641531601940668,0.0002456782942330904,1.7028317959465817,-0.0016687118978617604
-57.05759267633817,-0.036420895642694594,0.00024734534514408334,1.7034162022369848,-0.0016602356979817448
-57.02815775387693,-0.03642266190556979,0.00024624273243967497,1.7040012118066983,-0.0016479461376890034
-56.998722831415705,-0.03642262217514386,0.00024648925367318583,1.7045868255903471,-0.0016338505840951395
-56.96928790895447,-0.036429664157211876,0.0002473660771159748,1.7051730445244888,-0.0016268367429952205
-56.93985298649324,-0.03643820079602459,0.00025074598960937597,1.7057598695476162,-0.0016213175586399994
-56.910418064032015,-0.036446749618613994,0.0002551855410102844,1.706347301600164,-0.0016158105580614743
-56.88098314157078,-0.036454707210789625,0.0002540423581469385,1.706935341624514,-0.0016097123270691696
-56.85154821910955,-0.03645841809463433,0.0002510681481502553,1.7075239905649995,-0.0015993673877459438
-56.82211329664832,-0.036460064893846615,0.0002516992352357211,1.7081132493679112,-0.001586958363790296
-56.79267837418709,-0.036465573491995244,0.0002529946545253343,1.7087031189814996,-0.0015784111387709895
-56.76324345172586,-0.03647165867514379,0.00024793041737132364,1.7092936003559842,-0.0015704404987516019
-56.73380852926463,-0.03647174867967248,0.00024324191287767568,1.7098846944435557,-0.0015564746801123575
-56.7043736068034,-0.03647173302068335,0.00024299217221214914,1.7104764021983816,-0.0015424031979552957
-56.674938684342166,-0.0364698153322692,0.00024313431292081702,1.711068724576612,-0.001526429686373211
-56.64550376188094,-0.03647039348410969,0.00024173297764979064,1.7116616625363843,-0.0015129520150457682
-56.616068839419704,-0.03647133623924312,0.00023882247203344545,1.7122552170378285,-0.0014998389470112644
-56.586633916958476,-0.03647108004477989,0.0002365956082096736,1.7128493890430727,-0.0014855269293801016
-56.55719899449725,-0.036469453572146704,0.0002365576115347118,1.7134441795162467,-0.0014698446335789789
-56.527764072036014,-0.03646882802688612,0.00023476830338845607,1.71403958942349,-0.0014551632651504595
-56.498329149574786,-0.03646403511727362,0.00023172277773977413,1.7146356197329546,-0.001436314532370031
-56.46889422711355,-0.03645849942293519,0.00023221289486813844,1.7152322714148118,-0.0014167230148636745
-56.439459304652324,-0.03645244271818107,0.00023245579004888456,1.715829545441255,-0.0013966104869416185
-56.41002438219109,-0.036443788544241164,0.00023146121183061777,1.7164274427865096,-0.001373900489833775
-56.38058945972986,-0.03643998875717346,0.00022971190990603817,1.7170259644268335,-0.001356044879598138
-56.351154537268634,-0.036442465526902994,0.00022817628725827136,1.7176251113405243,-0.0013444658261597409
-56.3217196148074,-0.03644711391216691,0.00022686357677978482,1.7182248845079258,-0.0013350583882557193
-56.29228469234617,-0.03645036140835081,0.00022679937717733653,1.7188252849114316,-0.001324250061271695
-56.26284976988494,-0.03644921030658621,0.0002366744914396934,1.7194263135354912,-0.001309043136339158
-56.23341484742371,-0.03645548461481476,0.0002532394285764695,1.7200279713666156,-0.00130126162139977
-56.203979924962475,-0.03646910105910515,0.00026152591781046595,1.7206302593933818,-0.0013008222425222246
-56.17454500250125,-0.036478073617395364,0.0002589327453708576,1.7212331786064397,-0.0012957389776445047
-56.14511008004002,-0.036482302435639644,0.0002570978497307852,1.7218367299985156,-0.001285911972720856
-56.115675157578785,-0.03648913019874022,0.0002592758384883814,1.72244091456442,-0.0012786839126534971
-56.08624023511756,-0.036496794578902786,0.0002587745703948615,1.7230457333010505,-0.0012722924696481341
-56.05680531265632,-0.036501767505594473,0.0002535284650127919,1.7236511872073992,-0.0012632095731718862
-56.027370390195095,-0.036507096050434625,0.0002509443894698792,1.7242572772845568,-0.0012544822948441017
-55.99793546773386,-0.03651833997452841,0.00025308556804418873,1.7248640045357209,-0.0012516703957699549
-55.96850054527263,-0.03652606715237572,0.00026119264832753883,1.7254713699661965,-0.0012453417504493247
-55.939065622811405,-0.03652233866191406,0.00027121691907353425,1.7260793745834073,-0.0012275574368197373
-55.90963070035017,-0.036516685329527655,0.00028248247571162024,1.7266880193968972,-0.0012078482812653973
-55.88019577788894,-0.03651648544045653,0.00028147814989973324,1.727297305418337,-0.0011935925690263402
-55.85076085542771,-0.0365212878376869,0.00026722973584790655,1.7279072336615307,-0.0011843391430887765
-55.82132593296648,-0.03652167209335699,0.000252720128459129,1.7285178051424204,-0.0011706675755909293
-55.79189101050525,-0.0365129029505648,0.00024795774313237485,1.7291290208790926,-0.0011478426096308073
-55.76245608804402,-0.036505281273983566,0.00024846412812107814,1.7297408818917832,-0.001126165109881637
-55.73302116558279,-0.03650135251375084,0.00025421272550030515,1.7303533892028828,-0.001108180526480984
-55.703586243121556,-0.03649305338504846,0.0002628465741043535,1.7309665438369444,-0.0010858255746106701
-55.67415132066033,-0.03648668129518775,0.00027868742576016444,1.7315803468206865,-0.001065397661582028
-55.644716398199094,-0.036475657750310635,0.00028943409062478164,1.7321947991830005,-0.0010403182935369779
-55.615281475737866,-0.036461252085081226,0.0002920554984614056,1.7328099019549557,-0.001011856805139634
-55.58584655327664,-0.03644954243327547,0.0002895371860728611,1.7334256561698056,-0.0009860913301659516
-55.556411630815404,-0.03644220407359356,0.0002865411017623203,1.734042062862994,-0.0009646971473161042
-55.52697670835418,-0.0364375367526036,0.0002830425870729166,1.7346591230721593,-0.000945974003158212
-55.49754178589294,-0.036435857830918926,0.0002814608608799809,1.7352768378371421,-0.0009302392583056054
-55.468106863431714,-0.03643798462641521,0.00028767219164162487,1.7358952081999899,-0.000918310230633955
-55.43867194097048,-0.036429095223662715,0.0002954294909749306,1.7365142352049627,-0.0008953650047135234
-55.40923701850925,-0.036416335442511105,0.0003041404008091379,1.73713391989854,-0.0008685494003939781
-55.379802096048024,-0.036408293523226574,0.000313939841463189,1.7377542633294265,-0.0008464516579415188
-55.35036717358679,-0.0364012161509718,0.00032316764901769003,1.7383752665485575,-0.0008253184625188065
-55.32093225112556,-0.03639554894299551,0.0003253973547452086,1.7389969306091047,-0.0008055954313745881
-55.29149732866433,-0.03639210897008346,0.0003193583888376229,1.739619256566482,-0.0007880996352946021
-55.2620624062031,-0.03638943002294187,0.0003112995122998139,1.740242245478353,-0.0007713648649850802
-55.232627483741865,-0.03639224857578623,0.0003121053759046181,1.740865898404636,-0.0007601275946615069
-55.20319256128064,-0.03639659855519678,0.0003176569359366612,1.7414902164075081,-0.0007504217509041178
-55.17375763881941,-0.036394207347731765,0.00032390007305951933,1.7421152005514156,-0.0007339747202711744
-55.144322716358175,-0.03639916659988745,0.00032863766393221195,1.7427408519030756,-0.0007248781492589229
-55.11488779389695,-0.036405663226003165,0.00033178196766321574,1.7433671715314847,-0.0007173189522067108
-55.08545287143571,-0.036405149665785154,0.0003352004690177289,1.743994160507924,-0.0007027495688207638
-55.056017948974485,-0.036399589869769614,0.00033836939138129156,1.744621819905967,-0.0006831339496372879
-55.02658302651325,-0.036398738197725704,0.000339916286913384,1.7452501508014824,-0.0006682264544254427
-54.99714810405202,-0.036407868595459365,0.00033851983293401377,1.745879154272643,-0.0006633010289911687
-54.967713181590796,-0.036418788608812265,0.0003381256443544467,1.7465088313999315,-0.0006601652191761398
-54.93827825912956,-0.036423961923065094,0.00033152620900149445,1.7471391832661451,-0.0006512827102610336
-54.90884333666833,-0.036425182346233376,0.00032585295208839663,1.747770210956404,-0.0006384473102613863
-54.8794084142071,-0.03642465106425896,0.00032751546895944773,1.7484019155581554,-0.0006238602051190367
-54.84997349174587,-0.03642708743185987,0.0003299568765193635,1.7490342981611815,-0.0006122407495520107
-54.820538569284636,-0.03643350650197144,0.0003292532272011048,1.7496673598576047,-0.0006046039964956451
-54.79110364682341,-0.03643916130805955,0.00032625361575822873,1.7503011017418943,-0.0005962029794158233
-54.76166872436218,-0.03644103783356634,0.000321731164055332,1.7509355249108731,-0.0005840236817546904
-54.732233801900946,-0.03643711719512353,0.0003154389237999297,1.751570630463723,-0.0005660472201439448
-54.70279887943972,-0.03642927764215451,0.00031251606114627336,1.752206419501992,-0.000544151844006989
-54.673363956978484,-0.03642831113505385,0.0003087843163616849,1.7528428931295994,-0.0005291295137383883
-54.64392903451726,-0.03643002709542656,0.0003074430464749015,1.7534800524528444,-0.0005167896509431641
-54.61449411205602,-0.036432842421350704,0.0003066061086024438,1.754117898580411,-0.0005055491536993736
-54.585059189594794,-0.0364357172477955,0.00030434355051603575,1.754756432623373,-0.0004943681569762395
-54.55562426713357,-0.03643617506509014,0.00029850209737050296,1.7553956556952044,-0.00048077015110295496
-54.52618934467233,-0.03643533965157605,0.0002883080505967309,1.756035568911782,-0.00046587891442092383
-54.496754422211104,-0.03644067422077427,0.0002812253522733712,1.7566761733913938,-0.00045715766045121425
-54.46731949974987,-0.03644949980816082,0.00028404213840655654,1.7573174702547458,-0.0004519274246698249
-54.43788457728864,-0.03644901551167466,0.00028752163279300365,1.7579594606249667,-0.0004373873050157323
-54.40844965482741,-0.03644890347150584,0.0002868499186307404,1.7586021456276164,-0.00042321944167897363
-54.37901473236618,-0.03644798161878786,0.0002826723721497916,1.7592455263906919,-0.00040824176579306454
-54.34957980990495,-0.036447785529225916,0.00027338680159535875,1.7598896040446332,-0.00039398985306319384
-54.32014488744372,-0.036451262930341184,0.0002634937938413679,1.7605343797223316,-0.00038341143101052605
-54.29070996498249,-0.03646004330419627,0.0002582660665395584,1.7611798545591344,-0.0003781359816976762
-54.261275042521255,-0.036468963007878163,0.00025830372649477583,1.7618260296928532,-0.0003729998622116343
-54.23184012006003,-0.03647819480999072,0.00025591946228051634,1.7624729062637683,-0.0003681758411562541
-54.20240519759879,-0.03648579592932003,0.00024597271747686704,1.7631204854146385,-0.00036172113731763184
-54.172970275137565,-0.03648695880176093,0.00023547747793284642,1.763768768290706,-0.00034882818659059955
-54.14353535267634,-0.03649335879716958,0.00023601257363343856,1.7644177560397027,-0.0003411723588313195
-54.1141004302151,-0.036502437939030484,0.0002465793474154187,1.765067449811859,-0.0003361956775242911
-54.084665507753876,-0.03650771228656736,0.0002537332231312452,1.7657178507599083,-0.0003274142018932294
-54.05523058529264,-0.03650974031506902,0.0002498488170984502,1.7663689600390944,-0.0003153864072269544
-54.02579566283141,-0.03651308776762317,0.0002422344533959374,1.7670207788071797,-0.00030467803661318044
-53.99636074037018,-0.036515769420822394,0.0002391489817961907,1.7676733082244507,-0.0002933038666444662
-53.96692581790895,-0.036527067146099074,0.00023965242651458003,1.7683265494537252,-0.000290545768753217
-53.93749089544772,-0.036539017230088004,0.00024395065274418536,1.76898050366036,-0.00028844002957421205
-53.90805597298649,-0.036543751204635704,0.00025281284260868063,1.7696351720122565,-0.00027911818095397584
-53.87862105052526,-0.036542546278702154,0.00025313418031192795,1.770290555679868,-0.00026385743185249055
-53.84918612806403,-0.036541574942813654,0.0002461573433028875,1.770946655836208,-0.0002488302727960551
-53.8197512056028,-0.03653800015110905,0.0002446334239360585,1.7716034736568544,-0.0002311996579235226
-53.790316283141564,-0.03653305802023211,0.00025213073966550564,1.7722610103199603,-0.000212201703878645
-53.76088136068034,-0.03653070515826764,0.00026057831444960364,1.7729192670062583,-0.00019579301874624727
-53.73144643821911,-0.036532646420516963,0.0002609427634563784,1.7735782448990673,-0.00018367845782763653
-53.702011515757874,-0.036530712243731646,0.0002558219722097086,1.7742379451843022,-0.0001676884578743834
-53.67257659329665,-0.03653050736731414,0.0002514215080716755,1.774898369050478,-0.00015342775828894317
-53.64314167083541,-0.03653361277056744,0.0002528779705629717,1.7755595176887198,-0.0001424773383743097
-53.613706748374184,-0.03653190287082783,0.00025518784608396475,1.7762213922927663,-0.0001267116154667694
-53.58427182591295,-0.036525553730437026,0.0002527851277861111,1.776883994058982,-0.00010630665190802802
-53.55483690345172,-0.036517061123524694,0.00025017336723313124,1.7775473241863589,-8.375822182776771e-05
-53.525401980990495,-0.03650771460592278,0.00025055116873268435,1.7782113838765286,-6.0355881057919114e-05
-53.49596705852926,-0.0364948168083545,0.0002495904444975808,1.7788761743337655,-3.3402260321703514e-05
-53.46653213606803,-0.036484895288410334,0.0002498871480729329,1.7795416967649977,-9.42491720960087e-06
-53.4370972136068,-0.03648225062853045,0.0002578155689254426,1.7802079523798113,7.27556583821759e-06
-53.40766229114557,-0.03648141279527675,0.0002598688875427159,1.7808749423904593,2.2169222259844912e-05
-53.378227368684335,-0.03647649025960118,0.0002545079040667989,1.7815426680118693,4.114758110335126e-05
-53.34879244622311,-0.0364662685462585,0.00024879792001283304,1.7822111304616493,6.542511761396114e-05
-53.31935752376188,-0.03645138277377571,0.00024879538612549535,1.7828803309600962,9.436671326468887e-05
-53.289922601300646,-0.036438954222303636,0.00025169653344537943,1.7835502707302036,0.00012085108790469562
-53.26048767883942,-0.03643175874998086,0.0002542811926940787,1.7842209509976685,0.00014210238339541076
-53.23105275637818,-0.03642873967012753,0.00025550087048324774,1.7848923729908983,0.00015917728641666462
-53.201617833916956,-0.036428539903560035,0.0002611279804191227,1.78556453794102,0.00017343287615208952
-53.17218291145572,-0.03642486567569,0.00026692718352718176,1.786237447081886,0.0001911629271900625
-53.14274798899449,-0.03642493744008883,0.0002679955796735023,1.7869111016500825,0.0002051469859591648
-53.113313066533266,-0.036427154113076905,0.00027445563038643413,1.7875855028849368,0.000216986136139026
-53.08387814407203,-0.036429560034534486,0.00027949127350371776,1.7882606520285256,0.0002286360378493807
-53.0544432216108,-0.0364307480116913,0.00027814519127174154,1.788936550325681,0.00024150388386049576
-53.02500829914957,-0.03642926555156837,0.0002750831785523066,1.789613199024001,0.0002570421671513612
-52.99557337668834,-0.036425282078863294,0.0002787825999755498,1.7902905993738525,0.0002750814630243653
-52.96613845422711,-0.03642180153159744,0.0002917051570092493,1.7909687526283848,0.0002926178334581517
-52.93670353176588,-0.03642263713328643,0.00030539994022279955,1.7916476600435325,0.00030583805493709926
-52.90726860930465,-0.03643243106452617,0.00031338927686953047,1.7923273228780263,0.0003100999468652957
-52.87783368684342,-0.03643326753777857,0.000320488579971387,1.793007742393399,0.00032331929678083154
-52.84839876438219,-0.03642596881245317,0.00032570483976333776,1.7936889198539943,0.0003446738452741599
-52.818963841920954,-0.0364194720579204,0.0003262101678239951,1.7943708565269736,0.0003652264229748667
-52.78952891945973,-0.036417926428792165,0.0003245482541597427,1.795053553682325,0.0003808278752710295
-52.7600939969985,-0.03641954951923327,0.0003242958812448639,1.7957370125928707,0.00039326060799785983
-52.730659074537265,-0.03642343002672615,0.00032530486244984613,1.7964212345342756,0.00040343592367291653
-52.70122415207604,-0.03642727433708566,0.0003226729019944295,1.7971062207850532,0.0004136474364813403
-52.6717892296148,-0.03642844430740983,0.00032788325551467236,1.7977919726265759,0.0004265332893251053
-52.642354307153575,-0.03643004562676056,0.00033670835649399737,1.7984784913430816,0.00043898779314230363
-52.61291938469234,-0.036440774099203654,0.00034128425984561553,1.7991657782216826,0.00044231514386714604
-52.58348446223111,-0.036455981452246745,0.00034080859538907637,1.7998538345523718,0.0004411636139919836
-52.554049539769885,-0.036464471885057644,0.00033665971765815806,1.8005426616280342,0.000446729004349021
-52.52461461730865,-0.03646525357624173,0.00033068560251663397,1.8012322607444515,0.0004600031363328691
-52.49517969484742,-0.03647349766198176,0.00032810074386952013,1.8019226332003124,0.00046581487376077396
-52.46574477238619,-0.03649012785566332,0.0003285969174231308,1.8026137802972193,0.000463240503247149
-52.43630984992496,-0.03650928230792423,0.00032867983485071077,1.803305703339697,0.0004581418741541679
-52.40687492746373,-0.03652932292355517,0.000331050717379055,1.803998403635203,0.0004521570816911555
-52.3774400050025,-0.03654465315307342,0.00033338820860524045,1.804691882494132,0.0004508826753408454
-52.34800508254127,-0.036553305665723144,0.0003367936317936923,1.8053861412298264,0.00045628598585905483
-52.318570160080036,-0.036566144287815024,0.00033651534435831754,1.8060811811585844,0.0004575031869351112
-52.28913523761881,-0.03658807780482084,0.0003310842964561905,1.806777003599668,0.0004496254930972249
-52.25970031515757,-0.03660989743674218,0.0003209714623564192,1.8074736098753115,0.00044186168434381945
-52.230265392696346,-0.036627588485117636,0.0003092944642062525,1.80817100131073,0.0004382264591362914
-52.20083047023512,-0.03664247266536797,0.000295478706522284,1.8088691792341272,0.0004373981020538917
-52.17139554777388,-0.036654718117046355,0.00029537449859233815,1.809568144976705,0.000439208473543444
-52.141960625312656,-0.03667002159822663,0.000300551252302462,1.8102678998726702,0.0004379608155311021
-52.11252570285142,-0.03669127371189531,0.0003003488600976442,1.8109684452592454,0.0004307645250303596
-52.083090780390194,-0.036714867988106935,0.00029581718780287436,1.8116697824766748,0.0004212260719866634
-52.05365585792896,-0.03673669738183984,0.00029130726355073823,1.812371912868235,0.00041345250142169054
-52.02422093546773,-0.036755285648063574,0.0002885538954528945,1.8130748377802415,0.00040892005836588863
-51.994786013006504,-0.03677078094196141,0.00028569341423446813,1.8137785585620603,0.0004074805876359902
-51.96535109054527,-0.03678024732251763,0.00027883704618244615,1.814483076566113,0.00041207003024770067
-51.93591616808404,-0.03679002413833588,0.00027635237542554303,1.8151883931478885,0.0004163490375973869
-51.90648124562281,-0.03679588587132885,0.0002813409212946632,1.8158945096659487,0.00042454312777235464
-51.87704632316158,-0.036800837352528294,0.000287119542551405,1.8166014274819409,0.0004336474697408388
-51.847611400700345,-0.03680939514128537,0.00029413951289673437,1.8173091479606032,0.00043914550415170145
-51.81817647823912,-0.036820939305943386,0.00030260862936032265,1.8180176724697743,0.0004416571626616114
-51.78874155577789,-0.036839559215007533,0.0003071081795881084,1.8187270023804043,0.0004370930767653991
-51.759306633316655,-0.036866247290282546,0.0003049709821043517,1.8194371390665602,0.0004244608246583223
-51.72987171085543,-0.0368882757685478,0.00030109060630254507,1.8201480839054374,0.0004164881695610037
-51.70043678839419,-0.03690053826621886,0.00029962660855559827,1.820859838277367,0.00041828149505787615
-51.671001865932965,-0.03691182539773009,0.00030074650382759527,1.8215724035658258,0.0004210501867145805
-51.64156694347173,-0.03692619997593265,0.0002999920394545434,1.8222857811574453,0.00042073143167995625
-51.6121320210105,-0.036947446092596654,0.00029805470211663286,1.8229999724420187,0.00041354113818387744
-51.582697098549275,-0.03697390603753389,0.0003016593641561201,1.8237149788125135,0.0004011370164145808
-51.55326217608804,-0.03700287311009411,0.00030886431193868674,1.8244308016650765,0.0003862257670222899
-51.52382725362681,-0.03703103940418367,0.0003121534105871913,1.825147442399047,0.00037211529610066407
-51.49439233116558,-0.03706060071057495,0.00031385247313853875,1.8258649024169618,0.00035660981287731486
-51.46495740870435,-0.03709290201739284,0.0003117594104541511,1.8265831831245674,0.00033836432922735443
-51.435522486243116,-0.03712404002866381,0.0003107058540974396,1.8273022859308283,0.0003212821411243197
-51.40608756378189,-0.0371519898766547,0.0003123026592539485,1.828022212247936,0.00030738811630137003
-51.37665264132066,-0.03718050853604175,0.0003147773125259551,1.8287429634913175,0.00029292528008225543
-51.347217718859426,-0.03721025949208224,0.00032061996075568596,1.829464541079647,0.00027723014720969913
-51.3177827963982,-0.03724333675201433,0.00032574798378585165,1.8301869464348517,0.00025820871044553856
-51.288347873936964,-0.037276405108331495,0.00032755104455247936,1.8309101809821242,0.00023919617729630666
-51.258912951475736,-0.03730820088049932,0.00032642030922596196,1.8316342461499304,0.00022145622829641137
-51.2294780290145,-0.03734509177947772,0.00032513166969725586,1.8323591433700197,0.00019862115248594353
-51.200043106553274,-0.037380045634348456,0.0003290205388590196,1.8330848740774335,0.00017772312078314506
-51.170608184092046,-0.037411910598835654,0.0003343168711113601,1.8338114397105145,0.00015991397946388264
-51.14117326163081,-0.037439765163410306,0.0003326642057159634,1.834538841710918,0.00014611523805716647
-51.111738339169584,-0.037467028443994556,0.00032956843703566197,1.8352670815236198,0.00013290778064084519
-51.08230341670835,-0.0374983922643489,0.0003277289320381727,1.8359961605969257,0.00011559978345443422
-51.05286849424712,-0.03753580731002552,0.00032417778520958397,1.8367260803824825,9.224056094574856e-05
-51.02343357178589,-0.03757401986101617,0.0003171299841905103,1.8374568423352868,6.80838331230324e-05
-50.99399864932466,-0.03761468503087085,0.000307713312050666,1.838188447913693,4.147448643628676e-05
-50.96456372686343,-0.03765466371209261,0.00029156440547725124,1.8389208985794268,1.5551628382459715e-05
-50.9351288044022,-0.03769118717228644,0.0002743659652621822,1.8396541957975914,-6.916008643435834e-06
-50.90569388194097,-0.03772453691606856,0.0002744573049634954,1.8403883410366788,-2.62099292576215e-05
-50.876258959479735,-0.03776242148516223,0.0002750552561219827,1.8411233357685801,-5.003867518335592e-05
-50.84682403701851,-0.03779880812231187,0.0002723867558755745,1.8418591814685943,-7.236948916507224e-05
-50.81738911455727,-0.037831681996352916,0.0002678424335294783,1.842595879615438,-9.118754003818036e-05
-50.787954192096045,-0.03786713537447211,0.0002616636881563276,1.8433334316912564,-0.0001125850949894383
-50.75851926963482,-0.03790478201022247,0.00025382273676706815,1.844071839181633,-0.00013617590757186715
-50.72908434717358,-0.03793803036273579,0.00024620907985454187,1.8448111035755992,-0.00015536843691725533
-50.699649424712355,-0.037968001567442435,0.00024167232194150027,1.8455512263656426,-0.0001712838184559709
-50.67021450225112,-0.03799934165854393,0.00023614560559869863,1.8462922090477218,-0.00018856808638952754
-50.64077957978989,-0.038029501456277204,0.00023542957439823698,1.8470340531212712,-0.00020467206095486912
-50.61134465732866,-0.038053706112921526,0.00024108701742163962,1.8477767600892148,-0.00021482089443125574
-50.58190973486743,-0.03807322876531181,0.00025005689967491017,1.8485203314579732,-0.00022028772365360189
-50.5524748124062,-0.038094298377293855,0.00025576611435542296,1.849264768737478,-0.00022730151246772023
-50.52303988994497,-0.03811755217074297,0.0002533799171779447,1.8500100734411773,-0.00023649948274889754
-50.49360496748374,-0.03814023765640815,0.00024289380539528808,1.85075624708605,-0.0002451291452461521
-50.464170045022506,-0.03816221465207683,0.00023916700151047247,1.8515032911926128,-0.00025305031774689596
-50.43473512256128,-0.03818270638618482,0.00023935307057402705,1.8522512072849326,-0.0002594862286869476
-50.405300200100044,-0.038207096644690776,0.00023757829776664075,1.8529999968906372,-0.0002698206640249709
-50.375865277638816,-0.03823389427835142,0.00023613972260382536,1.8537496615409235,-0.0002825624745176822
-50.34643035517759,-0.03826101535202356,0.000236675780129421,1.85450020277057,-0.00029562772502188944
-50.316995432716354,-0.038287301659314335,0.00023532025665727734,1.8552516221179465,-0.00030785820914473044
-50.287560510255126,-0.03831057479412415,0.0002301089129613125,1.856003921125024,-0.0003170755207866152
-50.25812558779389,-0.038330091810020034,0.0002242414833114898,1.8567571013373865,-0.00032253671351456514
-50.228690665332664,-0.03834970012729789,0.00022050575783223963,1.8575111643042406,-0.00032808920762448374
-50.19925574287143,-0.03837387882895823,0.00020989285626674044,1.858266111578427,-0.00033821208611688885
-50.1698208204102,-0.03839914062641921,0.00020090555839590723,1.8590219447164302,-0.0003494180604099381
-50.140385897948974,-0.03841872037277417,0.0001990511995626123,1.8597786652783892,-0.00035494198359696527
-50.11095097548774,-0.03843703279727539,0.0001978105233595167,1.8605362748281102,-0.00035919858493024814
-50.08151605302651,-0.03845417622267464,0.00019627709790413938,1.8612947749330742,-0.0003622861871615743
-50.05208113056528,-0.038474268759194616,0.0001961392295385513,1.86205416716445,-0.0003683229005136124
-50.02264620810405,-0.03849851497924565,0.0001990708374773026,1.862814453097105,-0.0003785132973967084
-49.993211285642815,-0.03852184338080097,0.00019738769297842251,1.863575634309615,-0.0003877858757840927
-49.96377636318159,-0.038543100421807926,0.0001913411138446542,1.8643377123842755,-0.00039498709362312256
-49.93434144072036,-0.03856824407273125,0.00018162223359032112,1.865100688907114,-0.0004060749213785214
-49.904906518259125,-0.038593124244733455,0.00018105087738849815,1.8658645654678994,-0.000416899270212788
-49.8754715957979,-0.03861587231324212,0.00018298825262352684,1.8666293436601524,-0.0004255915155535195
-49.84603667333666,-0.03863765687948537,0.00018317572836667857,1.867395025081159,-0.00043332025862883455
-49.816601750875435,-0.03866047669463207,0.00018150457124013652,1.8681616113319803,-0.0004420842506075995
-49.7871668284142,-0.038681753255807604,0.00017946922620508754,1.8689291040174627,-0.00044930498861519425
-49.75773190595297,-0.03870056139968677,0.0001746529355393927,1.869697504746251,-0.0004540573093264333
-49.728296983491745,-0.03871939407341044,0.00017355327445343343,1.8704668151307984,-0.0004588341598821752
-49.69886206103051,-0.03874511747736564,0.0001786789008791981,1.8712370367873783,-0.0004705017406694406
-49.66942713856928,-0.038768054236568796,0.0001760971683997807,1.8720081713360948,-0.000479382676704658
-49.639992216108055,-0.03878607197801909,0.00016373059252389654,1.8727802204008959,-0.00048334459498701465
-49.61055729364682,-0.038801018469556435,0.00014905433769411494,1.8735531856095822,-0.00048423526335642647
-49.581122371185586,-0.03881585557731921,0.00013840395674386807,1.8743270685938205,-0.00048501654795126553
-49.55168744872436,-0.038835891565116125,0.00013120241721057625,1.8751018709891554,-0.0004909967125802522
-49.52225252626313,-0.0388550654464609,0.00013002362045488265,1.8758775944350181,-0.0004961147707570959
-49.492817603801896,-0.0388717848449333,0.00013429654907778826,1.8766542405747422,-0.0004987783460615666
-49.46338268134067,-0.038885382771155545,0.00013443432151427257,1.8774318110555712,-0.000498320449115873
-49.43394775887944,-0.03890002796023887,0.0001331542863224382,1.8782103075286725,-0.0004989098150312635
-49.404512836418206,-0.03891712547114771,0.00013622026372083686,1.878989731649149,-0.0005019515027721647
-49.37507791395697,-0.03893663643628093,0.00014171623018260319,1.8797700850760495,-0.0005074066447374528
-49.345642991495744,-0.03896105560139768,0.00014358863810190982,1.880551369472382,-0.0005177699866862756
-49.316208069034516,-0.038983287443237695,0.00014157938978637223,1.8813335865051246,-0.000525946005358359
-49.28677314657328,-0.038999730953681054,0.00013724677333414238,1.8821167378452377,-0.0005283336926337825
-49.257338224112054,-0.039013574936668426,0.00013852275931542106,1.8829008251676753,-0.0005281218524532186
-49.22790330165083,-0.039028822760511735,0.00014933382620103023,1.8836858501513984,-0.0005293138531285921
-49.19846837918959,-0.0390499011968408,0.00016780541280102764,1.8844718144793853,-0.0005363364662897205
-49.16903345672836,-0.039071071428235564,0.00018404173575874597,1.8852587198386441,-0.0005434508745165573
-49.13959853426713,-0.039092037993461386,0.00019378568677705697,1.8860465679202254,-0.0005503616165744504
-49.1101636118059,-0.0391137289664591,0.00019550895537426654,1.8868353604192345,-0.0005579967664042298
-49.08072868934467,-0.039135085780427646,0.00019671355687163292,1.8876250990348424,-0.0005652977572048398
-49.05129376688344,-0.039158238520486804,0.00020119734897522677,1.8884157854702988,-0.0005743946740960626
-49.02185884442221,-0.039185053509889135,0.00020341513015738924,1.8892074214329444,-0.0005871538403304649
-48.99242392196098,-0.03920836848384207,0.0002083718873981843,1.8900000086342228,-0.000596412991115465
-48.96298899949974,-0.03923286123005168,0.00021041518733593147,1.8907935487896936,-0.0006068499141571385
-48.933554077038515,-0.03925562516255987,0.00020883789414773092,1.8915880436190435,-0.0006155580234974006
-48.90411915457729,-0.03927742601390319,0.00020974829924245685,1.8923834948460998,-0.0006233030516727828
-48.87468423211605,-0.03930353002776909,0.00021347423096418943,1.8931799041988424,-0.0006353512423707477
-48.845249309654825,-0.03933263244947969,0.00021561786295641879,1.893977273409417,-0.0006503978409134123
-48.8158143871936,-0.03935735441468067,0.00021316250369874022,1.894775604214146,-0.0006610639829464637
-48.78637946473236,-0.039375360308785225,0.0002051912940447056,1.8955748983535434,-0.000665014053883084
-48.75694454227113,-0.03938562520728169,0.0001971994884819655,1.8963751575723253,-0.0006612231292116161
-48.7275096198099,-0.039396931300642646,0.00019204632981322935,1.8971763836194242,-0.000658473399404641
-48.69807469734867,-0.03941397175676532,0.00019239070380035038,1.8979785782480003,-0.0006614580323593827
-48.66863977488744,-0.03943124413111099,0.0001902450313683165,1.898781743215456,-0.0006646745835371115
-48.63920485242621,-0.0394472088112083,0.00018691919090599353,1.8995858802834467,-0.000666583440466488
-48.60976992996498,-0.039463170897197385,0.000184285338974474,1.900390991217896,-0.0006684897032876447
-48.58033500750375,-0.03947842202955887,0.00018375093956421584,1.901197077789007,-0.0006696850124811929
-48.550900085042514,-0.03949324110589476,0.00018550380261072138,1.9020041417712754,-0.0006704482656491456
-48.521465162581286,-0.03951334799447728,0.00018726857546603182,1.9028121849435022,-0.0006764993310637429
-48.49203024012006,-0.03953287607635267,0.00018699147651654466,1.9036212090888092,-0.0006819715897711937
-48.462595317658824,-0.0395488687090339,0.00018888388987463902,1.9044312159946482,-0.0006839083992844913
-48.433160395197596,-0.03956743030837532,0.00018803940419426484,1.905242207452817,-0.0006884141754579728
-48.40372547273637,-0.03958839394741376,0.00018826942597560749,1.9060541852594732,-0.0006953219913284833
-48.374290550275134,-0.03960910476760776,0.00018902236090390532,1.9068671512151445,-0.000701976988354551
-48.3448556278139,-0.03962777647180042,0.00018929088332493693,1.907681107124744,-0.0007065928693792828
-48.31542070535267,-0.039645696643038436,0.00018907730637820618,1.9084960547975829,-0.0007104572174493617
-48.285985782891444,-0.03966745570625196,0.00018854599088024532,1.9093119960473852,-0.0007181604574949471
-48.25655086043021,-0.039696333142740015,0.00018611327105494597,1.9101289326922992,-0.0007329820708150692
-48.22711593796898,-0.03971928999535873,0.00018344552187609192,1.9109468665549127,-0.0007418831002658569
-48.197681015507754,-0.03973506534831256,0.0001875692159071979,1.9117657994622652,-0.0007436026300517568
-48.16824609304652,-0.03975295252120328,0.00019131998632008462,1.9125857332458622,-0.000747433979774545
-48.13881117058529,-0.03977520697780064,0.00019051732678474715,1.913406669741689,-0.0007556326132039659
-48.10937624812406,-0.039799554165100164,0.00019241947846279119,1.9142286107902238,-0.0007659239773355545
-48.07994132566283,-0.03982851819727356,0.00019529081082199563,1.9150515582364527,-0.0007808321863410142
-48.050506403201595,-0.039859287914547646,0.0001949976716415279,1.915875513929881,-0.000797546080447166
-48.02107148074037,-0.039887375383973,0.00019400161237879295,1.9167004797245508,-0.0008115777267045932
-47.99163655827914,-0.0399171502623653,0.000196313254793729,1.9175264574790507,-0.0008272967819289642
-47.962201635817905,-0.039948797407484464,0.00020526699658454008,1.918353449056534,-0.0008448881038801911
-47.93276671335668,-0.0399788386404494,0.0002060174529809269,1.9191814563247278,-0.0008608735136771892
-47.90333179089544,-0.04000394890184471,0.0002058237093874248,1.9200104811559529,-0.0008719279519045636
-47.873896868434215,-0.04002503188101345,0.00020896019591569925,1.9208405254271317,-0.0008789551079053728
-47.84446194597298,-0.040048228666660156,0.0002145633452664184,1.921671591019809,-0.0008880960703841409
-47.81502702351175,-0.04008277147906242,0.00021658908205488505,1.9225036798201591,-0.0009085830596184744
-47.785592101050526,-0.04012353162315333,0.00021438168513657853,1.9233367937190065,-0.0009352873805414594
-47.75615717858929,-0.040160274597939,0.00021509901027212208,1.924170934611836,-0.000957974532159192
-47.72672225612806,-0.04018173051133959,0.00020175051115570934,1.9250061043988085,-0.0009653746223918444
-47.69728733366683,-0.04020771368259366,0.000188015120302161,1.925842304984776,-0.0009773019704779826
-47.6678524112056,-0.04023413205739021,0.0001870870701616626,1.926679538279295,-0.0009896645221065953
-47.638417488744366,-0.040262256167624265,0.00018915667586241318,1.9275178061966423,-0.0010037328091727152
-47.60898256628314,-0.04029430778376928,0.0001881783623258007,1.9283571106558268,-0.0010217286021498018
-47.57954764382191,-0.04032978354970223,0.0001868140452016323,1.929197453580609,-0.0010431485449148223
-47.55011272136068,-0.04036443114909371,0.0001859596057990075,1.9300388368995107,-0.0010637403211383664
-47.52067779889945,-0.04039838084744112,0.00017741623662300337,1.9308812625458325,-0.001083634196317844
-47.491242876438214,-0.04043839982024521,0.0001700483693380365,1.9317247324576687,-0.0011095973459539984
-47.46180795397699,-0.04047341510237229,0.00016271127576917852,1.9325692485779205,-0.0011305568049131479
-47.43237303151575,-0.040509083074916054,0.00015460158871536084,1.9334148128543127,-0.0011521689542889763
-47.402938109054524,-0.04055462499305064,0.00014865947756940008,1.9342614272394067,-0.001183655049255633
-47.3735031865933,-0.04060107107555901,0.00015363538643609629,1.9351090936906186,-0.0012160453085960712
-47.34406826413206,-0.04064178978712015,0.00016382302239731207,1.93595781417023,-0.0012427081969892742
-47.314633341670834,-0.04068134311171653,0.0001687117239082667,1.936807590645408,-0.001268205698417714
-47.2851984192096,-0.04072336322998347,0.00017276683341325592,1.937658425088216,-0.00129616999351672
-47.25576349674837,-0.04077027158328839,0.00017158885755928413,1.9385103194756317,-0.0013290225236537098
-47.22632857428714,-0.04081327619942437,0.0001657919387022821,1.9393632757895611,-0.001357971316621756
-47.19689365182591,-0.040860115429696496,0.00016355915668272116,1.9402172960168556,-0.0013907547237259552
-47.16745872936468,-0.040902953996506015,0.00016571743177280415,1.9410723821493248,-0.001419537467367539
-47.13802380690345,-0.040944189801446346,0.00016649268444439357,1.9419285361837542,-0.0014467174491399337
-47.10858888444222,-0.04098861621071159,0.0001683534206444204,1.942785760121919,-0.001477088035237245
-47.079153961980985,-0.041038190084969006,0.0001702344333646386,1.9436440559706019,-0.0015126060863267232
-47.04971903951976,-0.04108127341748725,0.00017226565928149163,1.9445034257416065,-0.001541633595677036
-47.02028411705852,-0.04112541054938717,0.00017756814393112675,1.9453638714517747,-0.0015717149044090217
-46.990849194597295,-0.04117265832546774,0.00018936322417307494,1.9462253951230006,-0.0016049068573216613
-46.96141427213607,-0.04123175397522175,0.00018458107251247117,1.9470879987822487,-0.0016499466839077354
-46.93197934967483,-0.04129045607064726,0.00017671361140644845,1.947951684461569,-0.0016945929561653153
-46.902544427213606,-0.041342255739868675,0.00017786335626304245,1.9488164541981101,-0.0017323368022187924
-46.87310950475237,-0.04139465050776501,0.00018280120097593125,1.9496823100341412,-0.001770675746947191
-46.84367458229114,-0.04145580817677363,0.0001788886114652544,1.9505492540170608,-0.0018177775927878809
-46.81423965982991,-0.04151892728224529,0.00017523095061929524,1.9514172881994205,-0.001866840875091605
-46.78480473736868,-0.041582300482362146,0.00018172162741312303,1.9522864146389347,-0.0019161582520405354
-46.75536981490745,-0.04164741822336878,0.00018306780964256355,1.9531566353985004,-0.0019672201698792344
-46.72593489244622,-0.041703668347424484,0.00017033365000715053,1.954027952546213,-0.002009414470767003
-46.69649996998499,-0.041751643048933196,0.00015465657386967065,1.954900368155382,-0.0020433333491077857
-46.66706504752376,-0.04181081163362721,0.00014630954512923148,1.955773884304548,-0.002088446110633864
-46.63763012506253,-0.04187738141076633,0.00014663613717314495,1.9566485030774983,-0.0021409600646050547
-46.608195202601294,-0.041941000212932754,0.00015002930524015093,1.9575242265632857,-0.002190523043603544
-46.57876028014007,-0.04200214910830436,0.0001509121600256085,1.9584010568562418,-0.002237616115807216
-46.54932535767884,-0.04206324101596199,0.00014990389378527906,1.9592789960559966,-0.002284652200296909
-46.519890435217604,-0.04212636378314124,0.00014871604303013877,1.9601580462674941,-0.002333719144308223
-46.49045551275638,-0.04218679421093102,0.0001402973337488342,1.9610382096010093,-0.0023800937489300775
-46.46102059029514,-0.04223642622601195,0.00012520618553209554,1.9619194881721644,-0.0024156699408430723
-46.431585667833914,-0.04229947751160464,0.00012706868104215543,1.9628018841019461,-0.0024646654032678336
-46.40215074537268,-0.042377571654311226,0.0001332027441252137,1.9636853995167245,-0.0025287037228064815
-46.37271582291145,-0.04245308928503175,0.00013413428718821643,1.9645700365482663,-0.0025901655303590676
-46.343280900450225,-0.04251489252655436,0.00013113515023991615,1.9654557973337563,-0.0026379129487137457
-46.31384597798899,-0.042569874741397264,0.00011931797975791172,1.9663426840158107,-0.0026788393403887126
-46.28441105552776,-0.042627009241718326,0.00010361698611177597,1.967230698742497,-0.0027219180175418467
-46.25497613306653,-0.042705507800472775,9.341362531720648e-05,1.9681198436673504,-0.00278636075312836
-46.2255412106053,-0.04279796724729921,0.000106333069427073,1.9690101209493913,-0.0028647643767868644
-46.196106288144065,-0.04287558289119719,0.0001124142115739309,1.9699015327531435,-0.0029283241975169086
-46.16667136568284,-0.04293606517871761,0.00010254478256694695,1.9707940812486489,-0.002974750661869398
-46.13723644322161,-0.0429894300225959,9.413965707652972e-05,1.9716877686114898,-0.003014059682579749
-46.107801520760376,-0.0430593462194552,9.951271117421425e-05,1.9725825970228024,-0.0030699200562711165
-46.07836659829915,-0.04315554271968606,0.0001104210453924796,1.9734785686692962,-0.0031520607333340445
-46.04893167583791,-0.04324821931774404,0.0001147674888315205,1.974375685743273,-0.003230681508224087
-46.019496753376686,-0.04332145950921897,0.00010696654695722686,1.975273950442642,-0.0032898658765310937
-45.99006183091545,-0.04339422600952894,0.00011323079711154836,1.9761733649709408,-0.003348576553673127
-45.96062690845422,-0.043486405499654684,0.00012295616757739894,1.9770739315373498,-0.003426700220630935
-45.931191985992996,-0.043587598264987724,0.00011319702233196075,1.9779756523567147,-0.0035138371627960394
-45.90175706353176,-0.043685296924622696,9.588892951424212e-05,1.9788785296495615,-0.0035974799992630827
-45.87232214107053,-0.04377312044871587,9.817020438814645e-05,1.9797825656421146,-0.0036712477001883265
-45.842887218609306,-0.04387945536361609,0.00010646395971018277,1.9806877625663177,-0.0037635267919206156
-45.81345229614807,-0.043991326365845164,0.00012070832224963939,1.9815941226598492,-0.0038613419709817506
-45.78401737368684,-0.044097101458023626,0.00014271490881906843,1.9825016481661435,-0.003953061239992277
-45.75458245122561,-0.044216800399316525,0.0001496390397874125,1.9834103413344057,-0.0040587043581172405
-45.72514752876438,-0.044345393130571086,0.00016120650250678166,1.9843202044196349,-0.004173241266203873
-45.69571260630315,-0.044453448391333805,0.00017818632494934444,1.9852312396826393,-0.004267240703798657
-45.66627768384192,-0.044540985299146164,0.0002011067857309995,1.9861434493900552,-0.004340721788443087
-45.63684276138069,-0.0446352944661522,0.00020297504608341268,1.9870568358143688,-0.004420975132281187
-45.60740783891946,-0.044734215973281366,0.00021240204859385763,1.9879714012339313,-0.004505840816242418
-45.57797291645822,-0.044852168407717906,0.00024977667154691286,1.9888871479329797,-0.004609737427511022
-45.548537993996995,-0.04498572592622941,0.0002834337451691599,1.9898040782016557,-0.004729239122854591
-45.51910307153577,-0.04513248850310092,0.0002952819362587118,1.9907221943360254,-0.004861945876558173
-45.48966814907453,-0.04529837090689093,0.000293532263541467,1.9916414986380966,-0.005013772457180245
-45.460233226613305,-0.04546330431172771,0.0002774142901117304,1.9925619934158396,-0.005164650038849097
-45.43079830415208,-0.04561380540945887,0.00024711895132012034,1.9934836809832062,-0.005301095313412323
-45.40136338169084,-0.04573419906475543,0.00024725836928000445,1.9944065636601493,-0.0054074331455409505
-45.37192845922961,-0.04584795014044144,0.0002866474547009735,1.995330643772642,-0.005507128398059023
-45.34249353676838,-0.045970956053058454,0.00034293699165693805,1.9962559236526962,-0.0056160784875081
-45.31305861430715,-0.04612088029676684,0.00037486091562232007,1.9971824056383842,-0.005751946908048561
-45.28362369184592,-0.046296601525612935,0.00038934868234452173,1.998110092073858,-0.005913612313726717
-45.25418876938469,-0.04648309016092731,0.0004012162165003443,1.9990389853093657,-0.006086045125873164
-45.22475384692346,-0.04664872181617405,0.0003993477777873769,1.999969087701278,-0.006237620957951967
-45.19531892446223,-0.04679973278005617,0.00039046917901577253,2.000900401612101,-0.0063745760986661515
-45.16588400200099,-0.0469417148230166,0.0004001215858898129,2.0018329294105017,-0.006502502318458649
-45.136449079539766,-0.04708137741035039,0.0004368013175413232,2.0027666734713243,-0.0066281090826245045
-45.10701415707854,-0.047230193030339394,0.0004938469116139561,2.003701636175612,-0.006762868879445584
-45.0775792346173,-0.04740267073860513,0.0005033656115357752,2.004637819910629,-0.0069212907645433835
-45.048144312156076,-0.04757369407222467,0.0004984377517277542,2.005575227069876,-0.007078258274994989
-45.01870938969485,-0.04778170739719353,0.0005246456019696865,2.006513860053116,-0.007272215776795911
-44.989274467233614,-0.04800629915924074,0.0005532250846428127,2.0074537212663914,-0.0074827517156751885
-44.95983954477238,-0.04821799073539013,0.0005706911510368984,2.0083948131220453,-0.007680387468656645
-44.93040462231115,-0.04843350336185138,0.0005652520672616086,2.009337138038742,-0.007881844271949962
-44.900969699849924,-0.04864296139587263,0.000589186025456379,2.0102806984414894,-0.008077246482803287
-44.87153477738869,-0.04882502488492276,0.0006440709661350374,2.011225496761657,-0.008245254148685481
-44.84209985492746,-0.0490234464037598,0.0006514982697409986,2.0121715354369996,-0.008429619844354586
-44.812664932466234,-0.049265031068509595,0.0006637840748381489,2.0131188169116756,-0.008657148685936443
-44.783230010005,-0.04950367742392305,0.0006703733537462634,2.01406734363627,-0.008881739218181965
-44.753795087543764,-0.04974148661170744,0.0006780238770396815,2.0150171180678145,-0.00910549258279842
-44.72436016508254,-0.04996456829874494,0.0007143013652852907,2.0159681426698093,-0.009314518446667988
-44.69492524262131,-0.050216015921951705,0.0007376694155622066,2.0169204199122444,-0.009551910246706825
-44.665490320160075,-0.05050154508206379,0.0007368414960959861,2.017873952271621,-0.009823383583650973
-44.63605539769885,-0.05079501527017927,0.0007311450465170425,2.018828742230972,-0.010102797948598516
-44.60662047523762,-0.05108487551392884,0.0007301500740611946,2.019784792279884,-0.010378602369180152
-44.577185552776385,-0.05134824466310109,0.0007205837862825145,2.0207421049145213,-0.010627915695184467
-44.54775063031516,-0.05160926626849397,0.0007200701559077531,2.021700682637643,-0.01087488147740942
-44.51831570785392,-0.051884113996168636,0.0007327690768363675,2.022660527958629,-0.01113567338191615
-44.488880785392695,-0.05215682536197173,0.0007573082331132232,2.0236216433934993,-0.011394328924551313
-44.45944586293146,-0.052422722964680805,0.0007760952273562166,2.024584031464938,-0.011646170704092455
-44.43001094047023,-0.052710292383151815,0.0007870465414735378,2.025547694702313,-0.011919684299395529
-44.400576018009005,-0.053050848840228475,0.0008309633575282314,2.026512635641701,-0.012246184933304254
-44.37114109554777,-0.05340862743405475,0.0008542096265107524,2.0274788568259074,-0.012589907703962594
-44.34170617308654,-0.05374876551282531,0.0008478130961330134,2.0284463608044887,-0.012915989959565222
-44.31227125062531,-0.054065346861146925,0.0008598278255079625,2.029415150133777,-0.013218515484718911
-44.28283632816408,-0.05438181163394418,0.0009084049027981349,2.030385227376901,-0.013520924434348228
-44.253401405702846,-0.05469781375321187,0.0009637708117439996,2.0313565951038086,-0.013822870730447988
-44.22396648324162,-0.05501810037630766,0.0009559700648366471,2.0323292558912884,-0.014129101530375839
-44.19453156078039,-0.05539346132930903,0.0009186958110764916,2.0333032123229966,-0.01449040666020928
-44.165096638319156,-0.055802099826554596,0.0008764266066673454,2.034278466989475,-0.014884989334286912
-44.13566171585793,-0.05619023472468596,0.0008545336784289143,2.0352550224881774,-0.01525906840925035
-44.106226793396694,-0.05655115821590275,0.0008529604562206597,2.0362328814234907,-0.015605936077299203
-44.076791870935466,-0.056877246379991676,0.0008834405159443246,2.0372120464067582,-0.015917968418220192
-44.04735694847423,-0.057219135022544866,0.0009012390027697528,2.0381925200563056,-0.016245801237605446
-44.017922026013004,-0.0575787752783419,0.0009285794337627945,2.039174304997459,-0.01659138567023454
-43.988487103551776,-0.05796034351340094,0.0009662119368152693,2.0401574038625743,-0.016958898082125654
-43.95905218109054,-0.0583449805683623,0.0009768716400911097,2.041141819291056,-0.01732947931391908
-43.92961725862931,-0.05875545997820106,0.0009767348677833575,2.0421275539293835,-0.017725902900589903
-43.900182336168086,-0.05919676002492464,0.000966232798020219,2.043114610431134,-0.018153147124145556
-43.87074741370685,-0.05962617100909182,0.0009614999923627408,2.0441029914570064,-0.018568502285144804
-43.84131249124562,-0.060023961087094894,0.000954684739581141,2.045092699674845,-0.01895223653997994
-43.81187756878439,-0.060442191538412814,0.0009431877770057458,2.046083737759663,-0.019356411168129924
-43.78244264632316,-0.06085722695514046,0.0009357364368114226,2.0470761083936684,-0.01975739076168964
-43.75300772386193,-0.06127336030257451,0.0009085960436024183,2.0480698142662868,-0.02015946828595576
-43.72357280140069,-0.06169139578785154,0.0008835153255192797,2.0490648580741846,-0.020563447948064847
-43.69413787893947,-0.0620979872563141,0.0008782355435859142,2.0500612425212963,-0.020955983593359484
-43.66470295647824,-0.06250736374741651,0.0008739017825092952,2.0510589703188478,-0.02135130426129396
-43.635268034017,-0.06291832126593717,0.000867300983000388,2.052058044185378,-0.021748205956646685
-43.605833111555775,-0.0633424747581222,0.0008664489319620473,2.0530584668467693,-0.022158303625663775
-43.57639818909455,-0.0637651802296588,0.0008686198882077803,2.0540602410362667,-0.022566953274032443
-43.54696326663331,-0.06418335034051015,0.0008756860827700604,2.055063369494507,-0.02297106756171586
-43.51752834417208,-0.06458841982425824,0.0008673611330059907,2.056067854969541,-0.023362081222296015
-43.48809342171086,-0.06499979803475985,0.0008382090634096403,2.0570737002168586,-0.023759403609629692
-43.45865849924962,-0.06544716998349405,0.0007891374908930558,2.058080907999418,-0.02419271973519596
-43.42922357678839,-0.06591255654707302,0.0007434750155280782,2.059089481087665,-0.024644050475607
-43.39978865432716,-0.06636929163911816,0.0006989918756698366,2.060099422259562,-0.025086729744484206
-43.37035373186593,-0.06680105032832162,0.0006692567223409719,2.0611107343006143,-0.02550443261051974
-43.3409188094047,-0.06722351253861915,0.0006605649416894503,2.062123420003893,-0.025912838997649332
-43.31148388694346,-0.06762561368611218,0.0006527710629926902,2.0631374821700628,-0.02630088432197443
-43.28204896448224,-0.06800619337554342,0.0006387414057232358,2.064152923607405,-0.026667408188237735
-43.25261404202101,-0.06838670755174403,0.0006219547906465378,2.065169747131849,-0.027033866541270407
-43.223179119559774,-0.06879547504430206,0.0005921569149049662,2.066187955566991,-0.027428578210660498
-43.193744197098546,-0.06921595113169525,0.0005384595065997664,2.0672075517441266,-0.027834998474885762
-43.16430927463732,-0.06963663712564305,0.0004891171213470317,2.0682285385022734,-0.028241628645665637
-43.134874352176084,-0.07005860380606954,0.0004544263627301636,2.069250918688198,-0.02864953950292419
-43.10543942971485,-0.07047304201251181,0.0004130900990113788,2.070274695156444,-0.029049921886198524
-43.07600450725363,-0.07086493876541812,0.00034764237412726145,2.071299870769354,-0.029427762815936898
-43.046569584792394,-0.07123383694245476,0.0002942145746284942,2.072326448397105,-0.029782605169805604
-43.01713466233116,-0.0716041806154485,0.00025587956282100484,2.0733544309177248,-0.030138893019631408
-42.98769973986993,-0.0719824316480062,0.00021276614137924628,2.0743838212171264,-0.03050308822902118
-42.958264817408704,-0.07237147966250522,0.00014512509791457493,2.0754146221891316,-0.03087808042035227
-42.92882989494747,-0.07273820567820914,8.733206921218921e-05,2.0764468367355002,-0.031230750612888256
-42.89939497248624,-0.07310620202802605,7.565434343458417e-05,2.0774804677659544,-0.03158469113953723
-42.869960050025014,-0.0734457308587093,8.409339071716521e-05,2.078515518198209,-0.03191016414705254
-42.84052512756378,-0.07377131310838868,8.730721280919771e-05,2.079551990957997,-0.032221690573563985
-42.811090205102545,-0.07409110610631892,0.00011809704823465218,2.080589888979098,-0.03252742774832629
-42.78165528264132,-0.07442987128916133,0.00017882342560221598,2.0816292152033653,-0.03285213710800077
-42.75222036018009,-0.07474441538451658,0.00020981723765652247,2.0826699725807547,-0.033152625380188094
-42.722785437718855,-0.07506112180120293,0.00026071050646568026,2.0837121640693517,-0.03345527597370651
-42.69335051525763,-0.07535886431144606,0.0002802793839457378,2.0847557926353995,-0.033738962660781704
-42.6639155927964,-0.07563512326011103,0.0003161965558569416,2.0858008612533263,-0.03400116578627874
-42.634480670335165,-0.07589323389607687,0.000355292364114273,2.0868473729057766,-0.03424522059907665
-42.60504574787393,-0.07614310967828036,0.0003938409527030893,2.087895330583635,-0.03448104055811221
-42.5756108254127,-0.07637590789444672,0.000426854073001911,2.0889447372860594,-0.03469978295111063
-42.546175902951475,-0.07661614842048418,0.0004797143989253374,2.0899955960205054,-0.034925967653980164
-42.51674098049024,-0.0768447499381086,0.0005473510007588649,2.0910479098027595,-0.03514051334843664
-42.48730605802901,-0.07706849014809007,0.0006310711082737971,2.0921016816569624,-0.03535019773525018
-42.457871135567785,-0.07730051585466034,0.000687147365148654,2.0931569146156432,-0.03556816761865252
-42.42843621310655,-0.07752395624366397,0.0007398898578979135,2.094213611719746,-0.035777552184488214
-42.399001290645316,-0.07772868149805094,0.0007942375072296226,2.095271776018659,-0.03596822161570725
-42.36956636818409,-0.07791817748860896,0.000856901900568079,2.096331410570244,-0.036143661783097344
-42.34013144572286,-0.0780864205313214,0.0009171969210317813,2.0973925184408673,-0.03629784900264184
-42.310696523261626,-0.07824999703335554,0.0009725037333526201,2.098455102705427,-0.03644736968150805
-42.2812616008004,-0.0783930436809518,0.0010117818105039621,2.099519166447384,-0.03657636050593638
-42.25182667833917,-0.07851737732520513,0.001064929383936757,2.1005847127587916,-0.03668663832702177
-42.222391755877936,-0.07862675215103389,0.0011152839774336573,2.1016517447403262,-0.0367819573296826
-42.1929568334167,-0.07872247943659648,0.001150428551399962,2.1027202655013157,-0.03686362879207725
-42.163521910955474,-0.07882056970761299,0.0011979929738389777,2.1037902781597713,-0.036947663239925835
-42.134086988494246,-0.07891503815616706,0.0012545976278573528,2.1048617858424166,-0.03702807586531197
-42.10465206603301,-0.0789933882812467,0.0012983569500669293,2.105934791684719,-0.03709237016722368
-42.075217143571784,-0.0790501969183068,0.0013251688282705787,2.1070092988309206,-0.037135122981115834
-42.04578222111056,-0.0790832519661941,0.0013449460902064789,2.108085310434067,-0.037154122205835215
-42.01634729864932,-0.07909282040123858,0.0013609781455325505,2.10916282965604,-0.03714963481771175
-41.98691237618809,-0.07910170065183228,0.001375063156527977,2.110241859667588,-0.03714445924513752
-41.95747745372686,-0.07911680777194154,0.0013784557848402872,2.1113224036483564,-0.03714551054207885
-41.92804253126563,-0.0791245795200239,0.0014032869946468262,2.1124044647869202,-0.037139226466993275
-41.8986076088044,-0.07912224753263673,0.0014199976525460494,2.1134880462808154,-0.03712283865643817
-41.86917268634317,-0.07910055165775037,0.001436876586811168,2.1145731513365673,-0.037087086958383884
-41.83973776388194,-0.07908066510652179,0.0014596469339417787,2.115659783169727,-0.03705314458398737
-41.81030284142071,-0.07906931558209679,0.00148083675536094,2.1167479450049,-0.037027739236394436
-41.78086791895947,-0.07904258953424802,0.0014948490625055076,2.117837640075778,-0.03698695736537773
-41.751432996498245,-0.07898379090562231,0.0015143305639556495,2.118928871625172,-0.03691410291358409
-41.72199807403702,-0.07891497022408729,0.0015371457785409623,2.1200216429050456,-0.03683122640888113
-41.69256315157578,-0.07884930181037042,0.0015538186286278,2.1211159571765443,-0.036751502171996325
-41.663128229114555,-0.07876897829781866,0.0015744836423609515,2.122211817710031,-0.03665712283627664
-41.63369330665333,-0.078683904628834,0.0016012665168714283,2.123309227785115,-0.036557993344124046
-41.60425838419209,-0.07857928804981458,0.001609608042146812,2.1244081906906898,-0.03643932094193669
-41.57482346173086,-0.07845242264544695,0.0016071837901757789,2.125508709724961,-0.03629839971440113
-41.54538853926963,-0.07829417003159012,0.001610530432448103,2.1266107881954808,-0.03612609127737636
-41.5159536168084,-0.07812938710834066,0.001628645564018073,2.127714429419184,-0.03594725253095897
-41.48651869434717,-0.0779682373725445,0.0016368186678138823,2.1288196367224166,-0.035772046971994875
-41.45708377188594,-0.07779540443553873,0.0016255262709702046,2.1299264134409728,-0.03558515821182117
-41.42764884942471,-0.07759956946796077,0.001626739194405434,2.1310347629201276,-0.03537526742107529
-41.39821392696348,-0.07739602354527159,0.0016307092362088473,2.132144688514669,-0.035157665675218164
-41.368779004502244,-0.07720903459866828,0.0016492332105556007,2.1332561935889345,-0.03495662090544692
-41.339344082041016,-0.07700248140071773,0.001664857209651894,2.1343692815168414,-0.03473601188432844
-41.30990915957979,-0.07678494291901877,0.0016447491827584104,2.1354839556819263,-0.034504417579461544
-41.280474237118554,-0.07652253713349559,0.001610829455735642,2.1366002194773737,-0.03422795597077043
-41.251039314657326,-0.07625041470315767,0.001601553389441886,2.1377180763060544,-0.03394177771726458
-41.2216043921961,-0.07600428092179107,0.0016113542345277075,2.1388375295805577,-0.033681588112730046
-41.192169469734864,-0.07577118435372486,0.001620052655864428,2.139958582723229,-0.0334344357214959
-41.16273454727363,-0.07555018162972355,0.0016425954174898324,2.1410812391662,-0.03319937717432665
-41.1332996248124,-0.07525803583047631,0.0016137701579544874,2.142205502351428,-0.032893175551911485
-41.103864702351174,-0.07491663077051314,0.0015728931143687232,2.143331375730731,-0.032537714668780374
-41.07442977988994,-0.0746020609099904,0.001540081631393366,2.144458862765819,-0.03220908898508971
-41.04499485742871,-0.07427202047554289,0.0014851006768367334,2.1455879669283333,-0.03186499272747427
-41.015559934967484,-0.07396478982914796,0.0014816374927141365,2.1467186916998813,-0.031543706257911405
-40.98612501250625,-0.0736783278500086,0.001488532221056731,2.1478510405720717,-0.0312431884556041
-40.956690090045015,-0.0733920971778273,0.0014749214441549749,2.14898501704655,-0.03094290196025487
-40.92725516758379,-0.0731012992849246,0.0014552823766163928,2.150120624635036,-0.030638048244184243
-40.89782024512256,-0.0727585475472483,0.0014278684952443,2.1512578668593587,-0.030281240683340004
-40.868385322661325,-0.07238066481182974,0.0013906186543352038,2.1523967472514944,-0.029889302124753513
-40.8389504002001,-0.07199286598013861,0.00134349084574694,2.153537269353601,-0.029487447469894457
-40.80951547773887,-0.07161555589289019,0.0013058839385530555,2.1546794367180553,-0.0290960815594781
-40.780080555277635,-0.0712561696243499,0.001284209882008125,2.1558232529074934,-0.028722639467769873
-40.7506456328164,-0.07090777679400123,0.001277049404460326,2.1569687214948416,-0.02836019081425327
-40.72121071035517,-0.070547169402368,0.0012556549830496104,2.1581158460633585,-0.02798552759945211
-40.691775787893945,-0.07018554285613038,0.0012271609718186608,2.15926463020667,-0.027609845230046552
-40.66234086543271,-0.0698264286108224,0.0012023959737524918,2.1604150775288082,-0.02723667516157064
-40.63290594297148,-0.06947432079565491,0.0011869150996770637,2.161567191644248,-0.02687051152323522
-40.603471020510256,-0.06910729432945018,0.0011656453930049251,2.162720976177945,-0.02648942923386255
-40.57403609804902,-0.06869623199775511,0.0011270958119101164,2.163876434765375,-0.02606431107899955
-40.544601175587786,-0.06828069008584896,0.0010844600114566323,2.1650335710525694,-0.02563471334392546
-40.51516625312656,-0.06788218559322913,0.0010595401087930317,2.1661923886961567,-0.025222153028137698
-40.48573133066533,-0.06747921279373871,0.001032530308834607,2.1673528913633984,-0.02480512440547935
-40.456296408204096,-0.06708031331407366,0.0009737607062525975,2.16851508273223,-0.024392169102646362
-40.42686148574287,-0.06668650024750594,0.0009169310944148919,2.169678966491298,-0.023984300212910717
-40.39742656328164,-0.06631528536825869,0.0008961174841330475,2.1708445463399983,-0.02359902951049553
-40.36799164082041,-0.06595111725424034,0.0008793639673743214,2.1720118259885197,-0.023220805573309244
-40.33855671835917,-0.06559821446913135,0.0008720653916398336,2.1731808091578775,-0.022853846965032315
-40.30912179589795,-0.06522245325358543,0.000851004285866751,2.1743514995799567,-0.02246402992631847
-40.27968687343672,-0.06483550169822262,0.0008134095247722737,2.1755239009975518,-0.022063022547787726
-40.25025195097548,-0.06448077419645361,0.0007804036675060547,2.176698017164404,-0.021694239222850784
-40.220817028514254,-0.06411682067461305,0.0007445489303302575,2.177873851845244,-0.02131622987784229
-40.19138210605303,-0.06373890193182147,0.0007022732847083898,2.179051408815831,-0.020924255311882772
-40.16194718359179,-0.0633895907708883,0.0006718180211764917,2.180230691862993,-0.020560888327781662
-40.13251226113056,-0.06304726485488392,0.0006611260771227685,2.1814117047846686,-0.020204506588609353
-40.10307733866934,-0.06267427757679295,0.0006130617589233485,2.1825944513899445,-0.01981746348735046
-40.0736424162081,-0.062319887278359166,0.0005663067312268045,2.183778935499103,-0.019449017365748743
-40.04420749374687,-0.061972769710993664,0.0005319976718497981,2.1849651609436544,-0.019087843975215305
-40.01477257128564,-0.06160501910309855,0.0004967200036627695,2.186153131566386,-0.018706037544152253
-39.98533764882441,-0.06125850189582827,0.0004929635447198179,2.1873428512213984,-0.018345464513714042
-39.95590272636318,-0.060926511609051874,0.0004972953413591496,2.1885343237741512,-0.01799941840376971
-39.92646780390194,-0.06058857291697628,0.0004646869264892578,2.1897275531015024,-0.01764742388852618
-39.89703288144072,-0.060226863512959826,0.0004054870559794557,2.1909225430917485,-0.017271658661341803
-39.86759795897949,-0.059875131989227254,0.0003685764584458449,2.192119297644673,-0.016905871314441295
-39.83816303651825,-0.05956440676539834,0.0003624144793069009,2.193317820671582,-0.016581090267444448
-39.808728114057025,-0.059250887915931146,0.00034289072485350214,2.194518116095352,-0.016253515594809316
-39.7792931915958,-0.05894750573816651,0.0003458214858647453,2.195720187850469,-0.015936077593876746
-39.74985826913456,-0.05867696015912444,0.0003558631007961296,2.1969240398830734,-0.015651476191666742
-39.72042334667333,-0.05843219144488318,0.0003574087279292709,2.1981296761510034,-0.015392651654257544
-39.69098842421211,-0.05815049986910601,0.0003592663983531705,2.1993371006238362,-0.015096904255312453
-39.66155350175087,-0.05786439707980728,0.00035778206405955097,2.2005463172829356,-0.014796745642845784
-39.63211857928964,-0.05759126392333965,0.00035459745552527224,2.201757330121491,-0.014509556663210223
-39.60268365682841,-0.057327193963582435,0.00035522643506649015,2.2029701431445647,-0.01423143088028507
-39.57324873436718,-0.05707292957929741,0.0003536352128252233,2.204184760369135,-0.01396311067283211
-39.54381381190595,-0.056820922047621576,0.00034984633252805843,2.2054011858241402,-0.013697047317988341
-39.514378889444714,-0.056573834964566,0.0003444940135417515,2.206619423550524,-0.013435904411764829
-39.484943966983494,-0.05632921958132411,0.0003394373071839019,2.2078394776012784,-0.013177233205355014
-39.45550904452226,-0.05608566130950355,0.0003312507167825956,2.2090613520414926,-0.012919619110366522
-39.426074122061024,-0.05584490336538297,0.0003259357596969668,2.2102850509483933,-0.012664805343078005
-39.3966391995998,-0.055611859970269,0.00031976306505914864,2.2115105784113926,-0.012417706124796098
-39.36720427713857,-0.05539926129555859,0.00030997760986506114,2.2127379385321335,-0.012191051626917762
-39.337769354677334,-0.0551946833728772,0.00030073817926022005,2.2139671354245363,-0.01197241788106844
-39.30833443221611,-0.0549790474749634,0.0002978432058245383,2.2151981732148416,-0.011742726159986706
-39.27889950975488,-0.05477063373110467,0.0002914778601974455,2.2164310560416607,-0.011520256592960042
-39.249464587293645,-0.054573142724419314,0.00028295110733678246,2.2176657880560193,-0.011308709763106752
-39.22002966483241,-0.054373262353504204,0.0002692577538722498,2.218902373421403,-0.011094773569023705
-39.19059474237118,-0.054173018558323516,0.0002602431132547905,2.2201408163138074,-0.010880473950675082
-39.161159819909955,-0.05398514671777294,0.00025637494527477937,2.2213811209217833,-0.01067854628695658
-39.13172489744872,-0.05380994139858181,0.00024992493197462616,2.2226232914464834,-0.010489285144597515
-39.10228997498749,-0.05363799543066359,0.00024266161792425628,2.22386733210171,-0.010303283353511362
-39.072855052526265,-0.0534739788335134,0.0002355606261178964,2.225113247113964,-0.01012521093319324
-39.04342013006503,-0.05331916326283581,0.00023116312436899912,2.226361040722492,-0.009956339539347714
-39.013985207603795,-0.053168973974775886,0.00022772890597189314,2.2276107171793327,-0.009792094428119853
-38.98455028514257,-0.05301625958274472,0.0002216851887430027,2.228862280749367,-0.009625324212920748
-38.95511536268134,-0.05286201313063781,0.00020971494811171135,2.2301157357103683,-0.009457021937645915
-38.925680440220106,-0.052716857319758365,0.00020126393422497272,2.2313710863530463,-0.009297810303598532
-38.89624551775888,-0.05257827610394869,0.00019049875188158745,2.2326283369811,-0.009145173264620929
-38.86681059529765,-0.05244136420819855,0.00017907385429372249,2.2338874919112652,-0.008994205545702856
-38.837375672836416,-0.052305660750223214,0.00016986822342327808,2.235148555473366,-0.008844446264559581
-38.80794075037518,-0.05218520133579868,0.0001594609067854722,2.2364115320103606,-0.008709931026967113
-38.77850582791395,-0.052073635548484466,0.0001489984477032036,2.2376764258783934,-0.008584309416484963
-38.749070905452726,-0.05195872191823899,0.00014028674308605245,2.2389432414468473,-0.00845533996307156
-38.71963598299149,-0.051842047249642864,0.00013539489780091182,2.24021198309839,-0.008324609471307497
-38.69020106053026,-0.05173089882817641,0.00013657231353945585,2.241482655229026,-0.00819940522667311
-38.660766138069036,-0.0516249739490203,0.00013180569676311644,2.2427552622481484,-0.008079424524349066
-38.6313312156078,-0.05152481718595136,0.00011884249311286461,2.2440298085785892,-0.007965211938112192
-38.60189629314657,-0.05142611969521275,0.00010930235810507967,2.24530629865667,-0.007852458624205645
-38.57246137068534,-0.05132942015664168,0.00010037459632276807,2.246584736932254,-0.007741703262466648
-38.54302644822411,-0.05124171091813482,9.110341009715262e-05,2.2478651278687978,-0.007639938200791861
-38.51359152576288,-0.05115803530607365,8.694884023843198e-05,2.2491474759434036,-0.007542206765562755
-38.48415660330165,-0.05107856937057442,8.375817416490431e-05,2.2504317856468705,-0.007448685006895592
-38.45472168084042,-0.05100127860025535,8.06798276128058e-05,2.2517180614837478,-0.007357338413408583
-38.42528675837919,-0.05092667432709617,8.38869573292226e-05,2.2530063079723868,-0.007268678317081466
-38.39585183591795,-0.050849317279183494,8.943609140050604e-05,2.2542965296449946,-0.007177265446000856
-38.366416913456725,-0.05077098551208864,9.008311232054281e-05,2.255588731047686,-0.007084877855738074
-38.3369819909955,-0.0507031298805438,8.346377359548091e-05,2.256882916740539,-0.007002966401025303
-38.30754706853426,-0.05063631062778451,7.303198319533332e-05,2.2581790912976465,-0.006922091325098079
-38.278112146073035,-0.05057156562455348,6.611104099865001e-05,2.259477259307171,-0.006843290498699112
-38.24867722361181,-0.05051327623506848,6.716172627415635e-05,2.260777425371398,-0.00677094528604618
-38.21924230115057,-0.05045663607786332,7.42905536932094e-05,2.262079594106792,-0.0067002493056730825
-38.18980737868934,-0.05040112006176579,7.783650838083883e-05,2.2633837701440496,-0.006630677466407615
-38.16037245622811,-0.050351102207972814,8.004579918631757e-05,2.2646899581281548,-0.006566603789446714
-38.13093753376688,-0.05030307831685064,8.271299487002331e-05,2.2659981627184336,-0.006504524075156608
-38.10150261130565,-0.050248930324317924,8.39364174335654e-05,2.2673083885886123,-0.006436320259455959
-38.07206768884442,-0.05019361806330324,8.753310392090521e-05,2.2686206404268687,-0.00636695217527334
-38.04263276638319,-0.05014104793117147,9.180542050840656e-05,2.2699349229358905,-0.0063003262199736315
-38.01319784392196,-0.05009546865444864,9.159261166580828e-05,2.271251240832933,-0.006240691120082867
-37.98376292146072,-0.05005588110149454,8.538251518070376e-05,2.2725695988498713,-0.0061870477439608315
-37.954327998999496,-0.05001420401482202,8.071685792942599e-05,2.273890001733261,-0.006131314834120383
-37.92489307653827,-0.04997121736642977,8.173176618257606e-05,2.2752124542443926,-0.006074272362560203
-37.89545815407703,-0.04993219312738625,8.713161013832641e-05,2.276536961159352,-0.0060211923003487475
-37.866023231615806,-0.049894999589675755,8.598349998373362e-05,2.277863527269072,-0.00596994293947032
-37.83658830915458,-0.0498559519221733,8.361172948811404e-05,2.2791921573793976,-0.005916839448799928
-37.807153386693344,-0.04981698354514344,8.209929609296032e-05,2.2805228563111375,-0.00586381524860214
-37.77771846423211,-0.04978237531126095,8.151699430130002e-05,2.2818556289001273,-0.0058151511915517165
-37.74828354177088,-0.049746237541205024,8.261675457302303e-05,2.283190479997283,-0.005764957598327861
-37.718848619309654,-0.04970580598235527,9.027301481999311e-05,2.2845274144686663,-0.005710470216310173
-37.68941369684842,-0.049670222353539635,9.889656413070818e-05,2.285866437195538,-0.005660830764326601
-37.65997877438719,-0.0496481570181922,0.00010114838153070319,2.2872075530744196,-0.005624709605811233
-37.630543851925964,-0.04963135242220834,9.707218055573849e-05,2.2885507670171537,-0.005593849186659443
-37.60110892946473,-0.049606121969033724,9.442262505069699e-05,2.2898960839509637,-0.00555456291031689
-37.571674007003494,-0.04957716094029784,9.845778851638729e-05,2.291243508818513,-0.005511546058413072
-37.54223908454227,-0.04954998372812305,0.00010432749357856487,2.2925930465779647,-0.005470313023070349
-37.51280416208104,-0.049529385965261984,0.0001095651642404063,2.2939447022030466,-0.00543565943704135
-37.483369239619805,-0.049509342391469306,0.00010984770647017955,2.2952984806831083,-0.005401560040080737
-37.45393431715858,-0.04948674965483512,0.00010802194386686108,2.296654387023183,-0.0053649114802786155
-37.42449939469735,-0.049465572270950775,0.00010560597667558186,2.2980124262440516,-0.005329678273226342
-37.395064472236115,-0.04944692262363725,0.00010162594660234072,2.299372603382302,-0.0052969728027448815
-37.36562954977488,-0.04942809192427275,9.668699952988428e-05,2.3007349234903933,-0.005264086280212445
-37.33619462731365,-0.04940868225095104,9.495066969505012e-05,2.302099391636716,-0.005230620783722807
-37.306759704852425,-0.04938987571427225,9.416098808409975e-05,2.303466012905658,-0.005197758423876084
-37.27732478239119,-0.04937369423275093,8.706655446951034e-05,2.304834792397666,-0.005167521119186828
-37.24788985992996,-0.04934886650515952,8.526909740385106e-05,2.3062057352293084,-0.005128637568427477
-37.218454937468735,-0.04932293870202464,8.604177416339738e-05,2.3075788465333393,-0.0050886539421246685
-37.1890200150075,-0.0493031357873901,8.661223506287772e-05,2.308954131458765,-0.005054795204322199
-37.159585092546266,-0.04928540267492809,8.770387162068699e-05,2.3103315951709043,-0.0050230062686922525
-37.13015017008504,-0.04926773864350128,8.847144804990984e-05,2.3117112428514557,-0.004991286414097511
-37.10071524762381,-0.04924884262004068,8.706790198133036e-05,2.3130930796985623,-0.004958334567468976
-37.071280325162576,-0.049228730128843705,8.571534405769507e-05,2.314477110926877,-0.004924166253104066
-37.04184540270135,-0.0492135986630883,8.401148921455909e-05,2.3158633417676273,-0.004894978964180723
-37.01241048024012,-0.04919647807870198,8.116958175417583e-05,2.317251777468681,-0.0048638025566264745
-36.982975557778886,-0.04917414777990306,8.559864589932514e-05,2.3186424232946155,-0.004827416434659629
-36.95354063531765,-0.04915302062979863,8.826673789730798e-05,2.3200352845267784,-0.004792233461387262
-36.924105712856424,-0.04913697700237169,8.50160739290231e-05,2.321430366463361,-0.004762134010792389
-36.894670790395196,-0.04912506091422041,7.947470062137948e-05,2.32282767441946,-0.004736162099473175
-36.86523586793396,-0.04911162474299244,7.776664284062361e-05,2.3242272137271502,-0.0047086701050772645
-36.835800945472734,-0.049096761405100664,8.361564692509262e-05,2.325628989735547,-0.004679750944017562
-36.806366023011506,-0.049082843883829386,9.28004395483834e-05,2.327033007810878,-0.004651777599578355
-36.77693110055027,-0.0490726526748656,9.569465309695921e-05,2.32843927333655,-0.004627530567446636
-36.74749617808904,-0.04906461196894838,8.98674462846566e-05,2.3298477917132203,-0.004605434038361479
-36.71806125562781,-0.049052528407252716,8.382360296690298e-05,2.331258568358861,-0.0045792946534978785
-36.68862633316658,-0.0490386198028031,7.9165326917598e-05,2.332671608708833,-0.004551330225880328
-36.65919141070535,-0.049027707504170105,7.716279254019846e-05,2.334086918215955,-0.004526362104079397
-36.62975648824412,-0.04901833986408749,7.910411883718575e-05,2.3355045023505703,-0.004502938640828853
-36.60032156578289,-0.04900633730825349,8.187832291837801e-05,2.336924366600621,-0.004476880261826924
-36.57088664332166,-0.048997773438068715,8.34696470411846e-05,2.3383465164717196,-0.004454260568474214
-36.54145172086042,-0.04899392966822297,8.627348572327008e-05,2.3397709574872154,-0.004436360975460532
-36.5120167983992,-0.04898684632295921,8.991402520681506e-05,2.3411976951882685,-0.0044152218070288365
-36.48258187593797,-0.04897709038846676,9.021684700856339e-05,2.3426267351339245,-0.004391410049368452
-36.45314695347673,-0.048970748862818714,8.786994383654041e-05,2.3440580829011823,-0.004371012700552471
-36.423712031015505,-0.04897022125385834,8.388951772340796e-05,2.345491744085068,-0.004356429268424167
-36.39427710855428,-0.04896994312317928,8.046086358455827e-05,2.3469277242987103,-0.004342095314577181
-36.36484218609304,-0.048965830614034665,7.926012386566903e-05,2.3483660291734103,-0.0043239269822646295
-36.33540726363181,-0.04896144243613056,8.22670143786685e-05,2.349806664358716,-0.004305482981192592
-36.30597234117059,-0.04895670394884052,8.673323381959392e-05,2.351249635522498,-0.0042866886707346105
-36.27653741870935,-0.0489460631513633,8.790259563339952e-05,2.352694948351022,-0.0042619920500894595
-36.24710249624812,-0.04893601572360195,8.682248915363144e-05,2.3541426085490254,-0.004237888799160171
-36.21766757378689,-0.0489338049859642,8.102811618322447e-05,2.355592621839788,-0.00422162223835449
-36.18823265132566,-0.0489352659844926,7.66511641167844e-05,2.3570449939652134,-0.004209027413714962
-36.15879772886443,-0.04893800517373915,7.559483321247388e-05,2.3584997306859012,-0.004197710779793577
-36.12936280640319,-0.048936768617302305,7.490427361741418e-05,2.359956837781223,-0.004182418400188799
-36.09992788394197,-0.048930801437744274,7.255169401778651e-05,2.3614163210494006,-0.00416239539746284
-36.07049296148074,-0.04892086083068459,7.051396400673652e-05,2.3628781863075825,-0.004138398967235217
-36.041058039019504,-0.048912598062181734,6.924091228376046e-05,2.3643424393919195,-0.004116080375564428
-36.011623116558276,-0.04890357737178164,6.930220376993334e-05,2.3658090861576437,-0.004093003861996403
-35.98218819409705,-0.04889695304829339,7.02612128433566e-05,2.3672781324791483,-0.00407232371534022
-35.952753271635814,-0.048894410576765995,6.858884890996633e-05,2.3687495842500628,-0.00405572542064489
-35.92331834917458,-0.048893631841081274,6.730099595652917e-05,2.370223447383333,-0.004040890861792233
-35.89388342671336,-0.048895670778898004,6.971750028982654e-05,2.3716997278113,-0.0040288739764410345
-35.864448504252124,-0.04890279543343231,7.6521735161128e-05,2.3731784314857833,-0.004021942807807405
-35.83501358179089,-0.04890745086394203,8.3655347472338e-05,2.3746595643781547,-0.004012542415149187
-35.80557865932966,-0.04890470754233919,8.496172036116727e-05,2.3761431324794215,-0.003995743270378424
-35.776143736868434,-0.04890056517553293,7.92999152817636e-05,2.3776291418003095,-0.003977545080404224
-35.7467088144072,-0.04889459385671277,7.02187705032546e-05,2.379117598371341,-0.00395751793841613
-35.71727389194597,-0.048891065647625805,6.78867318849856e-05,2.3806085082429176,-0.003939933906161229
-35.687838969484744,-0.0488932885227617,7.132698845610226e-05,2.382101877485402,-0.003928100958129198
-35.65840404702351,-0.04889918954978545,7.530978626525842e-05,2.3835977121892014,-0.003919946161985009
-35.628969124562275,-0.048906004321087555,7.680953692073573e-05,2.385096018464848,-0.00391270511011918
-35.59953420210105,-0.048910641165866416,7.729531593491512e-05,2.386596802443085,-0.003903286131730112
-35.57009927963982,-0.04891757131059025,7.695094189874158e-05,2.388100070274947,-0.0038961604532860086
-35.540664357178585,-0.04892571338609499,7.44588460367921e-05,2.3896058281318484,-0.003890246705622817
-35.51122943471736,-0.0489300816293102,7.201553905496699e-05,2.3911140822056622,-0.003880559125670091
-35.48179451225613,-0.048931536446494506,6.793196365986432e-05,2.392624838708811,-0.003867958119686467
-35.452359589794895,-0.04893516531763994,5.81612459883765e-05,2.3941381038743477,-0.0038575311676639634
-35.42292466733366,-0.04893910756951125,5.3127110432660244e-05,2.3956538839560424,-0.003847417596367343
-35.39348974487243,-0.048943094196681226,5.6357513770010736e-05,2.3971721852284698,-0.003837348400369388
-35.364054822411205,-0.04894297820296185,6.6461443594669e-05,2.398693013987095,-0.0038231765834820727
-35.33461989994997,-0.048945875967699955,7.58442194910707e-05,2.4002163765483595,-0.003812018525052245
-35.30518497748874,-0.048952423633724075,7.84713361722243e-05,2.401742279249771,-0.003804510367908437
-35.275750055027515,-0.048955141877803886,7.139391662183354e-05,2.403270728449988,-0.003793172788820319
-35.24631513256628,-0.04895008104489782,6.669268716339615e-05,2.4048017305289124,-0.0037740561327463187
-35.216880210105046,-0.04894412309164031,6.718485875087466e-05,2.4063352918877734,-0.0037540423563208747
-35.18744528764382,-0.04894173247692621,7.071048192408018e-05,2.4078714189492203,-0.003737595918438835
-35.15801036518259,-0.04893871192279883,7.505539064450701e-05,2.4094101181574112,-0.0037205195411435243
-35.128575442721356,-0.048931731609380434,7.820444393063489e-05,2.4109513959781035,-0.0036994834045571898
-35.09914052026013,-0.048926957769513134,7.695771560723051e-05,2.412495258898742,-0.003680653741521961
-35.0697055977989,-0.04892648523104232,7.271716108531673e-05,2.414041713428553,-0.0036661253798832213
-35.040270675337666,-0.048919373530038134,7.474694925777039e-05,2.4155907660986355,-0.0036449578557110965
-35.01083575287643,-0.04890964592055732,8.52092125083619e-05,2.4171424234620513,-0.003621174423062347
-34.981400830415204,-0.04890621058841613,8.84727813428373e-05,2.4186966920939175,-0.003603683267753219
-34.951965907953976,-0.04890684881756239,8.512298279758069e-05,2.4202535785915016,-0.003590265673731545
-34.92253098549274,-0.048907414072119126,8.126295657864944e-05,2.421813089574313,-0.0035767751051203472
-34.893096063031514,-0.04890420601267661,8.519104696022452e-05,2.4233752316841977,-0.0035595112225099007
-34.86366114057029,-0.04890435637460583,9.308044554438125e-05,2.424940011585431,-0.003545605761271192
-34.83422621810905,-0.04890847828548997,9.324722618054048e-05,2.4265074359648158,-0.0035356718489873984
-34.80479129564782,-0.04890308241892577,8.453945942171379e-05,2.4280775115317725,-0.003516220159255262
-34.77535637318659,-0.048892909581524036,7.844625078072465e-05,2.42965024501844,-0.0034919914986855927
-34.74592145072536,-0.048889105645267626,7.725687490659358e-05,2.4312256431797676,-0.003474131739261248
-34.71648652826413,-0.048895458122379006,7.790539026756882e-05,2.432803712793617,-0.0034664283932046916
-34.6870516058029,-0.0489015102571313,8.196080459375021e-05,2.4343844606608527,-0.003458424704789055
-34.65761668334167,-0.048902913853975494,8.528586772989772e-05,2.4359678936054454,-0.0034457724784653226
-34.62818176088044,-0.04890433259422631,8.432967550563316e-05,2.437554018474568,-0.003433135395548202
-34.5987468384192,-0.04890850935771946,7.858808206427017e-05,2.4391428421386934,-0.003423256335873419
-34.569311915957975,-0.04891403996918134,7.165241937523683e-05,2.4407343714916947,-0.003414731124167361
-34.53987699349675,-0.048916178222715816,6.943957268627852e-05,2.4423286134509463,-0.0034028135545339094
-34.51044207103551,-0.04891281510223124,7.510594578517856e-05,2.4439255749574214,-0.003385394610881401
-34.481007148574285,-0.048916542784552104,7.282225547741837e-05,2.4455252629757935,-0.003375066470034334
-34.45157222611306,-0.048923818096621725,7.168727004719616e-05,2.4471276844945398,-0.0033682859589360195
-34.42213730365182,-0.048932811339529626,7.30737949168411e-05,2.4487328465260405,-0.003363223378675985
-34.39270238119059,-0.0489453749909989,7.548692580440759e-05,2.4503407561066823,-0.003361731206977324
-34.36326745872936,-0.04895231810392983,7.423943062022842e-05,2.4519514202969592,-0.003354618496740319
-34.33383253626813,-0.04895181254063,7.157353822002256e-05,2.4535648461815796,-0.0033400571102725624
-34.3043976138069,-0.04895215206091321,7.25353214764529e-05,2.455181040869568,-0.0033263408073878342
-34.27496269134567,-0.0489574174251775,7.607500553854413e-05,2.4568000114943667,-0.0033175503484841953
-34.24552776888444,-0.04896448142375861,8.077027397495999e-05,2.458421765213947,-0.003310558523897368
-34.21609284642321,-0.04896990351034467,8.640675183846804e-05,2.46004630921091,-0.0033019247873154953
-34.186657923961974,-0.04897326127794388,9.44172837643527e-05,2.461673650692593,-0.0032912267317467686
-34.157223001500746,-0.04897707806693407,0.0001006796093478946,2.463303796891177,-0.0032809876975690225
-34.12778807903952,-0.04898195647949918,9.642772122785342e-05,2.464936755063795,-0.003271810286966201
-34.098353156578284,-0.04899174622258421,8.969791131639127e-05,2.4665725324926377,-0.0032675442068832994
-34.068918234117056,-0.04899939311175755,8.544712007454197e-05,2.4682111364850625,-0.00326113527288871
-34.03948331165583,-0.049003199128638014,8.395369878925574e-05,2.4698525743737023,-0.0032508854666012388
-34.010048389194594,-0.049002772628260506,8.282846926041491e-05,2.4714968535165758,-0.003236403143055795
-33.98061346673336,-0.04900424994368188,8.027701574457383e-05,2.473143981297195,-0.003223824635309236
-33.95117854427213,-0.04901075018814207,7.856911456784813e-05,2.474793965124678,-0.003216269056601488
-33.921743621810904,-0.04901783115717203,7.985820550418525e-05,2.4764468124338594,-0.0032092942024635196
-33.89230869934967,-0.049020747028776034,8.066851068872546e-05,2.478102530685403,-0.0031981542508995875
-33.86287377688844,-0.049020814776172844,8.046620063528115e-05,2.4797611273659106,-0.0031841661751284694
-33.833438854427214,-0.04902409270313274,7.979665713525387e-05,2.481422609988039,-0.0031733882789204276
-33.80400393196598,-0.049029675569438,7.681418174157204e-05,2.4830869860906124,-0.0031649153220577528
-33.774569009504745,-0.049032622140188775,7.302679330780545e-05,2.4847542632387327,-0.003153806069640594
-33.74513408704352,-0.04903379019812676,6.842904631956857e-05,2.4864244490239,-0.003140918304410649
-33.71569916458229,-0.049031670196816146,6.911289828900923e-05,2.4880975510641234,-0.0031247424799321077
-33.686264242121055,-0.04902904571394052,7.338466371489962e-05,2.4897735770040392,-0.003108062173888544
-33.65682931965983,-0.04902763160077626,7.4091684152138e-05,2.491452534515026,-0.0030925922375563478
-33.6273943971986,-0.04902632406444402,7.568205220421659e-05,2.493134431295321,-0.0030772288780561777
-33.597959474737365,-0.049027961250051634,8.216472677411105e-05,2.4948192750701423,-0.0030648102404958535
-33.56852455227613,-0.049032552901868975,9.02416096625798e-05,2.496507073591801,-0.0030553460691452594
-33.5390896298149,-0.04902710844207262,9.147623260476155e-05,2.498197834639822,-0.0030358457861809768
-33.509654707353675,-0.049018451748292315,8.979481296899987e-05,2.4998915660210668,-0.0030131332692327414
-33.48021978489244,-0.049015418991497306,9.595185610083834e-05,2.501588275569851,-0.0029960446892697973
-33.45078486243121,-0.04901787242266159,0.00010278608076100238,2.5032879711480636,-0.002984442297266146
-33.421349939969986,-0.04902269454683423,0.00010079897577409341,2.5049906606452916,-0.0029752085982708495
-33.39191501750875,-0.04902243801199801,8.936902429648388e-05,2.5066963519789405,-0.002960896240266693
-33.362480095047516,-0.049014029393803726,8.140672113577898e-05,2.5084050530943567,-0.0029384317989044756
-33.33304517258629,-0.0490052633568667,8.55089073864494e-05,2.510116771964951,-0.002915609938799524
-33.30361025012506,-0.04900370986163954,8.884824317461379e-05,2.5118315165923235,-0.002900000620404429
-33.274175327663826,-0.049002910635161566,8.900437589324031e-05,2.5135492950063885,-0.0028851455707585225
-33.2447404052026,-0.04899961693652119,9.731707879994193e-05,2.5152701152654973,-0.002867796048950211
-33.21530548274137,-0.04900391840368149,0.00010361980511978615,2.5169939854565677,-0.002858041692942577
-33.18587056028014,-0.04900791976728903,0.00010385077102151381,2.5187209136952076,-0.002847987233382178
-33.1564356378189,-0.049008547457555195,0.00010186780189500169,2.5204509081258446,-0.002834559100480409
-33.127000715357674,-0.049009119021534736,0.00010325382820141128,2.522183976921853,-0.002821074841292022
-33.09756579289645,-0.049006970276130636,0.00010108961281343867,2.523920128285681,-0.0028048702727199934
-33.06813087043521,-0.04899919986249416,9.089252131909962e-05,2.525659370448986,-0.0027830440359155814
-33.038695947973984,-0.04899061863473061,8.172283269028202e-05,2.527401711672755,-0.0027604069849840943
-33.00926102551276,-0.048981884256643626,8.458258759536846e-05,2.5291471602474456,-0.002737616783729177
-32.97982610305152,-0.04897884140257348,9.455488352163915e-05,2.53089572449311,-0.002720518106491092
-32.95039118059029,-0.048983296809507755,9.846157192296059e-05,2.5326474127595313,-0.0027109176902574417
-32.92095625812907,-0.04898455251220996,9.433384339942145e-05,2.5344022334263525,-0.0026981175697917206
-32.89152133566783,-0.04897723328393306,9.071968915984956e-05,2.5361601949032173,-0.002676742518346882
-32.8620864132066,-0.048968701119980716,9.077634803788593e-05,2.5379213056298964,-0.0026541545312266032
-32.83265149074537,-0.04896008135438181,8.653736835635544e-05,2.5396855740764255,-0.0026314789424597626
-32.80321656828414,-0.048950739377870145,7.9128822181135e-05,2.541453008743244,-0.002608081142780168
-32.77378164582291,-0.048936321084417096,7.104921361589517e-05,2.543223618161328,-0.0025796070261591836
-32.74434672336167,-0.0489271922524292,6.861759147988719e-05,2.5449974108923286,-0.0025564223710033487
-32.71491180090045,-0.048924856658147685,6.896334243189741e-05,2.5467743955287085,-0.002540030953553908
-32.68547687843922,-0.04892266920901023,7.066610611620265e-05,2.5485545806938856,-0.0025237876812485155
-32.65604195597798,-0.04891577578271661,7.606899718985266e-05,2.5503379750423667,-0.0025028384317869606
-32.626607033516756,-0.04890210604912442,7.817435655848617e-05,2.552124587259889,-0.0024751128750268372
-32.59717211105553,-0.04888588997054647,7.494559535424582e-05,2.5539144260635656,-0.0024448409732809595
-32.56773718859429,-0.048871407892257974,6.963531451114797e-05,2.555707500202022,-0.002416303071824527
-32.53830226613306,-0.0488615515680357,7.04080740909569e-05,2.55750381845554,-0.002392390924434315
-32.50886734367184,-0.04885336070266338,7.273221211853128e-05,2.5593033896362014,-0.002370144235894066
-32.4794324212106,-0.04884394246025272,7.155370157510689e-05,2.561106222588035,-0.002346670170315472
-32.44999749874937,-0.0488319016646496,6.855448231943752e-05,2.5629123261871563,-0.0023205735515444206
-32.42056257628814,-0.04881238241150467,6.808621382582758e-05,2.564721709341915,-0.002286998475231554
-32.39112765382691,-0.048790121278837466,6.780269396988178e-05,2.5665343809930445,-0.002250681519396419
-32.36169273136568,-0.04877310760444903,6.769877421042865e-05,2.5683503501138056,-0.0022196120218400464
-32.332257808904444,-0.04876040317248858,6.858221886413319e-05,2.570169625710135,-0.002192851766711662
-32.302822886443224,-0.04874496384662443,6.900810842288933e-05,2.5719922168207954,-0.0021633566176795863
-32.27338796398199,-0.04872818704689411,6.81304433462072e-05,2.573818132517526,-0.002132523994781331
-32.243953041520754,-0.04871123782876913,6.359320614378035e-05,2.57564738190519,-0.00210151895348841
-32.21451811905953,-0.0487021695911804,5.6688591240677256e-05,2.577479974121928,-0.002078394892731754
-32.1850831965983,-0.04869138023403682,5.459841327944202e-05,2.5793159183393097,-0.0020535497124202357
-32.155648274137064,-0.04867468999151365,5.461360292460752e-05,2.5811552237624884,-0.002022803646729132
-32.12621335167583,-0.04865343031069979,5.473955764295249e-05,2.5829978996303513,-0.0019874881427473373
-32.09677842921461,-0.0486334765217429,5.528986405487206e-05,2.5848439552156774,-0.0019534785306225197
-32.067343506753375,-0.04861645772847558,5.669356866467145e-05,2.586693399825293,-0.0019224039141872637
-32.03790858429214,-0.048600600663483574,5.9821637389358804e-05,2.5885462428002257,-0.0018924910260273223
-32.00847366183091,-0.04858250000950398,6.340519701061219e-05,2.590402493515863,-0.001860334548879801
-31.97903873936968,-0.04856633238471275,6.418673740037583e-05,2.592262161382111,-0.0018301111009206353
-31.94960381690845,-0.0485505064166068,6.406530224312914e-05,2.594125255843554,-0.001800229309646753
-31.920168894447222,-0.04853140805012853,6.522501591021921e-05,2.59599178637961,-0.001767075120000551
-31.89073397198599,-0.04851126058568741,6.638003303171023e-05,2.597861762504699,-0.001732871832391493
-31.86129904952476,-0.048490358057338305,6.897919902960526e-05,2.5997351937683972,-0.0016979134808744537
-31.83186412706353,-0.048467718370887945,7.549167291902874e-05,2.6016120897556045,-0.0016612179712561653
-31.802429204602298,-0.04844423630350203,8.485173195267576e-05,2.603492460086705,-0.0016236800807023152
-31.772994282141067,-0.04842345494029126,9.214423564913595e-05,2.6053763144177333,-0.0015888428943236083
-31.743559359679836,-0.04840737430938171,9.317315408121869e-05,2.607263662440539,-0.0015587064402461312
-31.714124437218608,-0.04839057451492448,9.179285636517672e-05,2.6091545138829533,-0.0015278508226209617
-31.684689514757377,-0.04837094341787788,8.943777128054887e-05,2.611048878508955,-0.001494163902406427
-31.655254592296146,-0.04835077864816396,8.934028012431754e-05,2.612946766118841,-0.001459943309524571
-31.625819669834915,-0.04833550729443765,8.807526530829894e-05,2.6148481865493913,-0.001430616132630333
-31.596384747373683,-0.0483215112039527,8.626156091397238e-05,2.6167531496740435,-0.0014025642189774493
-31.566949824912452,-0.04830273339865474,8.548634497946938e-05,2.6186616654030606,-0.0013697305905115559
-31.53751490245122,-0.04827923492622924,8.596818891439089e-05,2.6205737436837038,-0.001332176294918129
-31.508079979989994,-0.048262142744872234,8.891581405945935e-05,2.622489394500405,-0.0013010282903931844
-31.478645057528762,-0.04824343432234349,9.343592911792465e-05,2.624408627874942,-0.0012682640446965016
-31.44921013506753,-0.04822857303602029,9.276169904866211e-05,2.626331453866612,-0.0012393469352053738
-31.4197752126063,-0.048216540135605924,8.954766079001781e-05,2.6282578825724054,-0.001213258211623075
-31.39034029014507,-0.048201471186111185,8.616523566829456e-05,2.630187924127188,-0.0011841334389603997
-31.360905367683838,-0.048182850377721416,8.658382629174626e-05,2.6321215887038725,-0.0011514568074027023
-31.331470445222607,-0.04817008350353679,9.158831171017955e-05,2.6340588865136016,-0.001124634110050142
-31.30203552276138,-0.048161622970729207,9.67596819599527e-05,2.6359998278059265,-0.0011021177540746219
-31.272600600300148,-0.048151465517361915,9.81911550995192e-05,2.637944422868986,-0.0010779044775393945
-31.243165677838917,-0.04813662150634613,9.522379871326686e-05,2.6398926820296915,-0.0010490046433556804
-31.213730755377686,-0.04812091375454853,9.233135108049946e-05,2.6418446156539064,-0.0010192410683901448
-31.184295832916455,-0.04810905058431903,9.663220467096718e-05,2.6438002341466325,-0.0009933220749927113
-31.154860910455223,-0.048102674964361575,9.813936536255036e-05,2.6457595479521934,-0.0009728906318673264
-31.125425987993996,-0.04809399454394944,9.600701106956477e-05,2.647722567554421,-0.0009501543882872582
-31.095991065532765,-0.04807923167430824,9.370384771733456e-05,2.649689303476844,-0.0009213356954781218
-31.066556143071534,-0.048066639839555884,9.380573160649826e-05,2.6516597662828714,-0.0008946880375578364
-31.037121220610302,-0.048057938667145084,8.939562193022239e-05,2.6536339665759874,-0.0008719310419791002
-31.00768629814907,-0.04804764306141949,8.222861482451783e-05,2.655611914999937,-0.0008475796130855695
-30.97825137568784,-0.04804069827819877,7.931317813573811e-05,2.6575936222389203,-0.0008265790066969217
-30.94881645322661,-0.04803652184062971,6.92904760850351e-05,2.659579099017783,-0.0008083467459599272
-30.91938153076538,-0.048028451541116346,5.868063465626301e-05,2.6615683561022103,-0.0007862206232786273
-30.88994660830415,-0.04802064110502391,5.2603031110373254e-05,2.6635614042989233,-0.0007643543640182549
-30.86051168584292,-0.04801427364348512,5.029574769063881e-05,2.665558254455871,-0.0007439310793115397
-30.831076763381688,-0.04800658573891955,4.843213721230543e-05,2.6675589174624306,-0.0007221873515780297
-30.801641840920457,-0.04799767629642546,4.479647578703896e-05,2.669563404249604,-0.0006992220859160028
-30.772206918459226,-0.04798684033635883,3.9371299847071786e-05,2.6715717257902165,-0.0006743303026814501
-30.742771995997995,-0.047976372635982645,3.5026027039647424e-05,2.6735838930991176,-0.0006498067791373269
-30.713337073536767,-0.04796875381235208,3.1093180980780135e-05,2.6755999172333826,-0.0006281321323388239
-30.683902151075536,-0.04796487350399298,2.686754109661054e-05,2.6776198092925143,-0.0006101960008117954
-30.654467228614305,-0.0479654852827305,2.647210560239516e-05,2.6796435804186483,-0.0005967519563813833
-30.625032306153074,-0.04796665164340077,2.519296341826379e-05,2.6816712417967548,-0.0005838624938837161
-30.595597383691842,-0.047965105782015384,1.8637806290112856e-05,2.683702804654849,-0.0005682608093304023
-30.56616246123061,-0.047963201911556584,1.8327464078125493e-05,2.6857382802641934,-0.000552301115703667
-30.53672753876938,-0.04795732791543209,1.9126910533351302e-05,2.687777679939511,-0.0005323712964112395
-30.507292616308153,-0.04794631653060921,1.927457781014404e-05,2.689821015039192,-0.0005073040884204238
-30.47785769384692,-0.047936630415144656,1.8792927062610417e-05,2.6918682969655054,-0.0004835621497879389
-30.44842277138569,-0.04793517213675657,1.905787002757203e-05,2.6939195371648115,-0.00046804804823191715
-30.41898784892446,-0.047936992368072216,2.3575558105143796e-05,2.6959747471277735,-0.0004558124563796284
-30.389552926463228,-0.04794119680275318,2.8200737665769188e-05,2.6980339383895755,-0.0004459610678926654
-30.360118004001997,-0.04794889594936608,3.1007896295994505e-05,2.700097122530135,-0.0004396043913376252
-30.330683081540766,-0.04795380044998591,3.2354323907386e-05,2.7021643111743208,-0.00043045306878952
-30.301248159079538,-0.0479479288846749,3.0873924633002556e-05,2.7042355159921727,-0.00041052568031058057
-30.271813236618307,-0.047939020393021364,2.85177876962103e-05,2.7063107486991202,-0.00038756136548911274
-30.242378314157076,-0.047934432460955655,2.339671529365271e-05,2.7083900210562026,-0.00036891761025546754
-30.212943391695845,-0.04792880949300366,2.039350462984664e-05,2.7104733448702922,-0.00034923881913554583
-30.183508469234614,-0.04792318322515266,1.935283780044256e-05,2.7125607319943175,-0.00032955672811661035
-30.154073546773382,-0.04792002360452344,1.930855539689894e-05,2.714652194327488,-0.00031234128431945063
-30.124638624312155,-0.047921352832389165,1.95165052887027e-05,2.71674774381552,-0.0002996146890172427
-30.095203701850924,-0.047922730294441385,2.115540399348286e-05,2.718847392450866,-0.00028693632790153384
-30.065768779389693,-0.0479195802784125,2.5486808678129475e-05,2.7209511522729386,-0.0002697304887047114
-30.03633385692846,-0.047912465555386065,2.5246638581528363e-05,2.7230590353683466,-0.00024855994251034297
-30.00689893446723,-0.04791242233632279,1.7722222370536445e-05,2.7251710538711222,-0.00023446090027914174
-29.977464012006,-0.04791281857221677,1.147101794125244e-05,2.7272872199629563,-0.0002208013130051839
-29.948029089544768,-0.04790988738320622,8.579271296652888e-06,2.729407545873431,-0.00020381430082670043
-29.91859416708354,-0.04790894510846517,7.962805235333125e-06,2.7315320438802564,-0.00018881620291771872
-29.88915924462231,-0.04791506991808747,5.258938238702493e-06,2.7336607263095063,-0.00018088518937208614
-29.859724322161078,-0.04792180923471626,1.7057009596828998e-06,2.735793605535858,-0.0001735686828329419
-29.830289399699847,-0.047924441674726224,1.698214555349549e-06,2.7379306939828316,-0.00016214529967497476
-29.800854477238616,-0.04792436671224217,5.174028508138695e-06,2.740072004123031,-0.00014801451402298577
-29.771419554777385,-0.04792856802325307,1.3846104596643713e-05,2.7422175484783855,-0.00013816000186595012
-29.741984632316154,-0.047936519941919026,2.007998821080737e-05,2.7443673396203967,-0.0001320560973639695
-29.712549709854926,-0.04794342730743612,2.1234357385468e-05,2.746521390170381,-0.00012490763971313712
-29.683114787393695,-0.04795388027199677,2.29832827217554e-05,2.7486797127997193,-0.0001213047811058493
-29.653679864932464,-0.047964367178859456,2.5182151208453077e-05,2.750842320230103,-0.00011773586480059994
-29.624244942471233,-0.04797323755750554,2.2950206743333515e-05,2.753009225233785,-0.00011255042027875223
-29.59481002001,-0.0479820366636654,2.0302235676237233e-05,2.755180440633832,-0.00010729370327067916
-29.56537509754877,-0.047989277475706145,2.6329173122718402e-05,2.757355979304376,-0.00010047869214348942
-29.53594017508754,-0.04800156053182656,3.124122101275457e-05,2.7595358541708697,-9.87059250959696e-05
-29.50650525262631,-0.04802317806596468,3.584024301259084e-05,2.7617200782103417,-0.00010626763606615824
-29.47707033016508,-0.04803738339400759,4.116244895783485e-05,2.7639086644516557,-0.00010641714094113824
-29.44763540770385,-0.04803925259055047,4.129405644652551e-05,2.766101625975767,-9.423051431608348e-05
-29.418200485242618,-0.04804652582254884,4.249453589025616e-05,2.7682989759159855,-8.744792314652194e-05
-29.388765562781387,-0.04805906291625456,4.399798279641799e-05,2.770500727458236,-8.592919368430318e-05
-29.359330640320156,-0.048069194011016864,4.400305410218129e-05,2.772706893841323,-8.200446527867333e-05
-29.32989571785893,-0.04807779347112354,4.303180991559484e-05,2.7749174883571963,-7.654810221741776e-05
-29.300460795397697,-0.048087150181856164,4.511956806497156e-05,2.7771325243512175,-7.18489897821098e-05
-29.271025872936466,-0.04809944833635004,4.505458733601962e-05,2.7793520152224276,-7.009132110805116e-05
-29.241590950475235,-0.04810613510424932,4.5128578331683594e-05,2.781575974423819,-6.272226583940027e-05
-29.212156028014004,-0.04811306416924873,4.984472882247489e-05,2.7838044154626065,-5.559550767087612e-05
-29.182721105552773,-0.04812071624594901,5.448439796305024e-05,2.7860373519005,-4.9191761203222495e-05
-29.15328618309154,-0.04812908002239144,5.63717052351429e-05,2.788274797353981,-4.34997144777155e-05
-29.123851260630314,-0.048133873269544436,5.668800979329524e-05,2.7905167654945773,-3.423713846278237e-05
-29.094416338169083,-0.048135301488818505,5.6702568820641136e-05,2.7927632700491456,-2.1609534568915734e-05
-29.06498141570785,-0.048142912794530146,5.375544606270281e-05,2.795014324800146,-1.5165017112628298e-05
-29.03554649324662,-0.04815762119931011,5.2793605642172367e-05,2.797269943585928,-1.581759872465449e-05
-29.00611157078539,-0.04816931310101533,5.608668087168523e-05,2.7995301403010133,-1.3453677261944519e-05
-28.97667664832416,-0.04817541524485045,5.749605921351191e-05,2.8017949288963795,-5.499997929127309e-06
-28.947241725862927,-0.04818267567618593,5.697780436947954e-05,2.804064323379749,1.2953939033319428e-06
-28.9178068034017,-0.04818997353539803,5.3713396381639086e-05,2.8063383378158764,8.053357859159893e-06
-28.88837188094047,-0.04819444682941986,4.912208776415802e-05,2.808616986326841,1.7635887005262862e-05
-28.858936958479237,-0.04819935809201672,4.6575660381972265e-05,2.810900283092336,2.6780447576334188e-05
-28.829502036018006,-0.048209737093989895,4.6833127801779674e-05,2.813188242349966,3.0457268771093282e-05
-28.800067113556775,-0.048220790450645666,4.639929393545738e-05,2.8154808783955407,3.3459735283257463e-05
-28.770632191095544,-0.04822842764894411,4.3493094045128305e-05,2.817778205583374,3.987836015274804e-05
-28.741197268634313,-0.048231613321851975,3.502646177611686e-05,2.820080238326582,5.0748510412819414e-05
-28.711762346173085,-0.04823333816855712,3.0020514885142254e-05,2.8223869910973853,6.307948687560294e-05
-28.682327423711854,-0.048241853916533815,2.7589716715326773e-05,2.824698478427414,6.861956206683645e-05
-28.652892501250623,-0.04825113845393856,2.3783300405806627e-05,2.827014714908009,7.339084783002797e-05
-28.62345757878939,-0.04825766577404697,1.9684292118729444e-05,2.8293357151905325,8.091935088955227e-05
-28.59402265632816,-0.04826275013818323,1.764888326914107e-05,2.8316614939866755,8.98908099212295e-05
-28.56458773386693,-0.04826713906739971,2.1279152135547884e-05,2.8339920660687685,9.955770387268248e-05
-28.5351528114057,-0.0482709220780892,2.489645066876183e-05,2.836327446270095,0.00010983051635111984
-28.50571788894447,-0.04828060015037311,2.879706425581895e-05,2.8386676494852043,0.00011420826723514826
-28.47628296648324,-0.048290319012026066,3.147724947771055e-05,2.8410126906702318,0.00011854522875012069
-28.44684804402201,-0.04829457021418798,2.9854118349862587e-05,2.843362584843214,0.00012834984975614028
-28.417413121560777,-0.048295258152560444,3.166947448874262e-05,2.84571734708441,0.00014171773455161352
-28.387978199099546,-0.04829439475564725,3.414977985822885e-05,2.848076992536626,0.00015663695463274258
-28.358543276638315,-0.04829632312034141,3.0743190326597175e-05,2.8504415364055373,0.00016876441310651608
-28.329108354177087,-0.04830361925494389,2.619467320156865e-05,2.8528109939600164,0.0001755241016719658
-28.299673431715856,-0.04831312501990547,2.8820761850400012e-05,2.8551853805324616,0.00018007415987831427
-28.270238509254625,-0.0483213517484189,3.5198820835625515e-05,2.857564711519128,0.00018590325453281958
-28.240803586793394,-0.04833041102775329,3.940057423340822e-05,2.8599490023804583,0.0001908997983663674
-28.211368664332163,-0.04834092509349536,4.122943021146806e-05,2.86233826864142,0.0001944415557922352
-28.18193374187093,-0.04835035791296003,3.893828826070808e-05,2.8647325258918412,0.00019906455949549734
-28.1524988194097,-0.048359396290972634,3.498127969834721e-05,2.8671317897867508,0.00020408200465082266
-28.123063896948473,-0.04836485139299057,3.4309089758657504e-05,2.8695360760467175,0.00021268272580082098
-28.093628974487242,-0.048367648009387164,3.7589997269464134e-05,2.8719454004581957,0.00022394193257215672
-28.06419405202601,-0.04837492834077609,3.9727920271158066e-05,2.8743597788738686,0.00023071742435116366
-28.03475912956478,-0.048388630503041374,4.046408070406425e-05,2.8767792272129986,0.00023107108525381725
-28.00532420710355,-0.048402485585162525,4.544821839195183e-05,2.8792037614617745,0.0002312718263006025
-27.975889284642317,-0.04841535567213875,5.399717215455486e-05,2.881633397673665,0.00023245756249231503
-27.946454362181086,-0.04842196662348348,5.7205432344520535e-05,2.8840681519697733,0.00023990243431551428
-27.91701943971986,-0.048429066162576466,5.2960919279710454e-05,2.8865080405391925,0.0002468587183904608
-27.887584517258624,-0.04843924983871236,4.888088249235231e-05,2.8889530796393665,0.0002507308654224952
-27.858149594797396,-0.048447463856227356,4.983652459551013e-05,2.891403285596447,0.00025657267107543485
-27.82871467233617,-0.048455918811525577,4.880134134022214e-05,2.8938586748056614,0.0002621735389451499
-27.799279749874934,-0.048466215402357515,4.544847425389009e-05,2.896319263731678,0.00026593277128114656
-27.769844827413706,-0.048478767814496,4.5843485913384793e-05,2.898785068908969,0.0002674361823105931
-27.74040990495247,-0.0484968117233118,4.908207615151419e-05,2.9012561069421876,0.0002634480966627259
-27.710974982491244,-0.04851345595266691,4.752250894189859e-05,2.9037323945065356,0.00026085969047554697
-27.68154006003001,-0.04852865691839401,4.469512619808867e-05,2.906213948348143,0.0002597145479163801
-27.652105137568782,-0.048541617209486056,4.456105857021553e-05,2.9087007852844398,0.00026081007999226996
-27.622670215107554,-0.0485531381279836,4.465644353432625e-05,2.9111929222045414,0.0002633449846626626
-27.59323529264632,-0.04856504819091531,4.142100189627094e-05,2.9136903760696287,0.0002654907448988858
-27.563800370185092,-0.048581608071274186,3.4486815211837815e-05,2.9161931639133307,0.000262986687707939
-27.534365447723857,-0.04860254438406808,3.1543955153745653e-05,2.918701302842117,0.0002561061980819804
-27.50493052526263,-0.04862202584616048,3.285450587475066e-05,2.9212148100356816,0.00025068055915750814
-27.475495602801395,-0.048637739938869974,2.715175405419354e-05,2.9237337027473402,0.0002490222896159508
-27.446060680340167,-0.04865574968987956,2.443744561334996e-05,2.926257998304421,0.0002450683617742991
-27.41662575787894,-0.04867702941299168,2.7163589694311553e-05,2.9287877141086645,0.00023784446183010982
-27.387190835417705,-0.0486953817566261,2.826474904775498e-05,2.9313228676366236,0.00023354794136362655
-27.357755912956478,-0.048707547757543844,2.5008575437877573e-05,2.9338634764400635,0.00023543776361381608
-27.328320990495243,-0.048719161763879464,1.8553903172160392e-05,2.9364095581463694,0.000237879580446132
-27.298886068034015,-0.048735901223524614,1.3519693741632875e-05,2.938961130458952,0.00023519594396891053
-27.26945114557278,-0.048757517589967526,1.2638110718095123e-05,2.9415182111576614,0.00022763540069393323
-27.240016223111553,-0.04877598329384794,8.252284792416688e-06,2.944080818099194,0.00022322551998145423
-27.210581300650325,-0.048794991574556405,7.694747853680744e-06,2.9466489692175153,0.00021827306244091849
-27.18114637818909,-0.04881235563028824,1.0336702874027494e-05,2.9492226825242738,0.00021496482987701931
-27.151711455727863,-0.04882070122525245,1.1324003039666899e-05,2.951801976109221,0.0002206750580807451
-27.12227653326663,-0.04882697127114613,1.3960572223586972e-05,2.95438686814064,0.00022846083535500022
-27.0928416108054,-0.048838694550298656,2.044133264625931e-05,2.9569773768657677,0.00023079337937040312
-27.063406688344166,-0.048852539783458736,2.6456160864074925e-05,2.959573520611227,0.00023100396937825868
-27.03397176588294,-0.04886177673884146,2.8029368945165674e-05,2.962175317783456,0.00023582283716346714
-27.00453684342171,-0.04887123547093001,2.8483486467029563e-05,2.9647827868691468,0.0002404199282428493
-26.975101920960476,-0.04888843421957528,3.095231632872043e-05,2.967395946435681,0.00023727700276551106
-26.94566699849925,-0.048906293692135804,4.014648512291178e-05,2.9700148151315693,0.00023347335337291913
-26.916232076038014,-0.04891718917702731,5.185567071574678e-05,2.9726394116868984,0.0002366336916493489
-26.886797153576786,-0.048926196031754465,6.070002442752456e-05,2.975269754913774,0.0002416826600901284
-26.85736223111555,-0.048939380749212745,6.434596471958377e-05,2.9779058637067743,0.00024255376579978422
-26.827927308654324,-0.04895533904918089,6.923186525027822e-05,2.980547757043398,0.00024065128899957572
-26.798492386193097,-0.048972593653519386,7.473609999240926e-05,2.983195453984522,0.00023745250782900712
-26.769057463731862,-0.048994015401733516,7.578703439500041e-05,2.985848973674861,0.00023008658278281247
-26.739622541270634,-0.049014987957063105,7.429531245963975e-05,2.9885083353434263,0.00022316985062115213
-26.7101876188094,-0.04903295920158637,7.346747315863699e-05,2.9911735583039927,0.00021925442926582633
-26.680752696348172,-0.04904676344661779,7.661680417327308e-05,2.9938446619555625,0.00021950600740233694
-26.651317773886937,-0.04906030023937207,8.546687003298405e-05,2.996521665782842,0.00022002503781599209
-26.62188285142571,-0.049071807377293886,9.454074546913217e-05,2.9992045893567085,0.00022257372306210693
-26.592447928964482,-0.04908191580719138,9.634302022883755e-05,3.001893452334693,0.00022652111633254812
-26.563013006503247,-0.04909185806233297,9.340228009703279e-05,3.0045882744614576,0.00023063468435889634
-26.53357808404202,-0.04910539742217388,9.116119437405585e-05,3.0072890755692767,0.000231151147685911
-26.504143161580785,-0.04911568359256299,8.873624437443686e-05,3.009995875578529,0.00023492080046473574
-26.474708239119558,-0.04912370161642782,9.139108848596036e-05,3.012708694498182,0.00024095859976784595
-26.445273316658323,-0.04913648376402798,9.899764527038912e-05,3.0154275524262886,0.00024223227533561736
-26.415838394197095,-0.04914920617921233,0.00010293518474859764,3.0181524695504796,0.00024356568331919404
-26.386403471735868,-0.04915980175504333,0.00010071845861595486,3.020883466148469,0.00024702593065613343
-26.356968549274633,-0.04917274984839546,9.96897776930009e-05,3.023620562588552,0.00024813366047193863
-26.327533626813405,-0.0491919267742329,9.790572554314652e-05,3.0263637793301124,0.00024301255780243003
-26.29809870435217,-0.04921112584321006,9.484474084186605e-05,3.029113136924135,0.00023786931199320377
-26.268663781890943,-0.04922285845098363,8.675597725867357e-05,3.0318686560137147,0.0002401925273875713
-26.23922885942971,-0.049232222517195806,7.734785901493089e-05,3.0346303573345774,0.00024488428434332743
-26.20979393696848,-0.04924814630309518,7.480784345152866e-05,3.037398261715596,0.00024301632161188164
-26.180359014507253,-0.049264731244497074,7.434113989076947e-05,3.040172390079318,0.00024048720337791624
-26.15092409204602,-0.04928861793530002,7.273008229189132e-05,3.04295276344249,0.0002306563357429084
-26.12148916958479,-0.04931814868556004,6.58809427652748e-05,3.045739402916589,0.0002151814086508233
-26.092054247123556,-0.049347402603064645,5.805571636433067e-05,3.0485323297083577,0.0001999833143141519
-26.06261932466233,-0.04937337319708196,4.7621356394633806e-05,3.05133156512034,0.00018806854346477275
-26.0331844022011,-0.049392752829504005,3.842370737002012e-05,3.0541371305514264,0.00018274473421065612
-26.003749479739867,-0.04941226371479782,2.5672738552038378e-05,3.056949047497397,0.00017728967208477386
-25.97431455727864,-0.049437156834054946,2.2538355953034145e-05,3.059767337551469,0.00016645237599557938
-25.944879634817404,-0.04945728346610124,2.5029524960465947e-05,3.062592022404853,0.00016038156711722235
-25.915444712356177,-0.04947387645584106,2.7495917398076068e-05,3.0654231238473058,0.00015784440054533722
-25.886009789894942,-0.04949588035094546,2.901296286912449e-05,3.0682606637676955,0.0001498963286088728
-25.856574867433714,-0.04952292570456574,3.0680559052549247e-05,3.0711046641545585,0.00013690679815651918
-25.827139944972487,-0.049553996482276735,3.2847883373054026e-05,3.073955147096675,0.00011989184361346078
-25.797705022511252,-0.049585589305351264,3.529763582351571e-05,3.0768121347836375,0.0001023548437068672
-25.768270100050024,-0.04960821694641524,4.1180802935673566e-05,3.0796756495064237,9.378302581081882e-05
-25.73883517758879,-0.049617557168932125,4.231961457531316e-05,3.082545713657982,9.849862646187091e-05
-25.709400255127562,-0.0496315457543306,4.858795745217404e-05,3.0854223497338102,9.856586423133418e-05
-25.679965332666328,-0.0496439285319747,5.4583418107286276e-05,3.0883055803325483,0.00010023890975516953
-25.6505304102051,-0.04965460767623157,6.115534038245286e-05,3.0911954281565635,0.00010361558866622822
-25.621095487743872,-0.04966827377264044,6.809793088745881e-05,3.0940919160125526,0.00010400531542529429
-25.591660565282638,-0.04968202480228623,7.325443624592946e-05,3.0969950668121395,0.0001043101089474377
-25.56222564282141,-0.04969242827547212,7.468230104368204e-05,3.099904903572477,0.00010796245892947393
-25.532790720360175,-0.049708629552653975,7.248568205636197e-05,3.1028214494168593,0.00010581700491555518
-25.503355797898948,-0.049728630882715424,7.216387915404631e-05,3.1057447275753307,9.987149802204165e-05
-25.473920875437713,-0.0497461631046196,7.00392474929398e-05,3.1086747613853056,9.639509928580092e-05
-25.444485952976486,-0.049757304414984764,7.228251020847987e-05,3.1116115742921866,9.930961208856615e-05
-25.415051030515258,-0.049759588390603744,7.959895423039406e-05,3.1145551898499924,0.00011108145963751453
-25.385616108054023,-0.04976534753854411,8.658861584209952e-05,3.1175056317219862,0.00011937813486508769
-25.356181185592796,-0.0497836514514663,8.433726223542488e-05,3.120462923681309,0.00011513004511082975
-25.32674626313156,-0.049803896598794806,8.28947326713943e-05,3.1234270896116203,0.00010894072095025964
-25.297311340670333,-0.0498222640478932,7.907811933783912e-05,3.126398153507738,0.0001046290950197995
-25.2678764182091,-0.049841974734101124,7.505505104775964e-05,3.1293761394762902,9.897423197981203e-05
-25.23844149574787,-0.0498624420953874,7.82383905588254e-05,3.1323610717363626,9.25626938614657e-05
-25.209006573286644,-0.04987831031958365,8.075506621439805e-05,3.1353529746201576,9.075029283314023e-05
-25.17957165082541,-0.049896051619968664,8.183178929502605e-05,3.1383518725736566,8.706481561606555e-05
-25.15013672836418,-0.049914638535863885,8.330866578883587e-05,3.141357790157281,8.25337228887793e-05
-25.120701805902947,-0.04992825530505816,8.893759872996195e-05,3.14437075204657,8.297277686244303e-05
-25.09126688344172,-0.04994287436556264,8.959268967954696e-05,3.147390783032847,8.240953952589475e-05
-25.061831960980484,-0.04995881772890262,9.032628559154372e-05,3.150417908023909,8.05219993538428e-05
-25.032397038519257,-0.04998121552603966,8.519302002363105e-05,3.153452152044702,7.2180025384741e-05
-25.00296211605803,-0.050004933766860486,7.098870941058001e-05,3.156493540238019,6.251760773184206e-05
-24.973527193596794,-0.05002517159052233,6.54365027307238e-05,3.1595420978651894,5.6335607237931185e-05
-24.944092271135567,-0.05004134934016543,6.632498852814134e-05,3.1625978503067786,5.4213680762769945e-05
-24.914657348674332,-0.050056040980256046,6.464256991614544e-05,3.165660823063295,5.3577863840088835e-05
-24.885222426213105,-0.050069485075933375,5.967262506950897e-05,3.168731041755897,5.41895913306889e-05
-24.85578750375187,-0.0500829127555814,5.577454172179182e-05,3.1718085321271094,5.481773485059571e-05
-24.826352581290642,-0.05010006654190805,5.061177725580679e-05,3.1748933200415386,5.171977169188269e-05
-24.796917658829415,-0.050118530821214556,4.8478130746987034e-05,3.177985431486603,4.7311315553306976e-05
-24.76748273636818,-0.050141494790274986,4.5721952994024994e-05,3.181084892573261,3.840316966081253e-05
-24.738047813906952,-0.05016385893973385,3.9719061818694664e-05,3.1841917295367406,3.0094843369882218e-05
-24.708612891445718,-0.050184441067334,3.741351627409412e-05,3.187305968737289,2.3568538937666916e-05
-24.67917796898449,-0.05020470340200201,3.9705773607305115e-05,3.190427636660909,1.7362027437586858e-05
-24.649743046523255,-0.05022857578154605,4.10233845621442e-05,3.1935567599201176,7.54547106148612e-06
-24.620308124062028,-0.050255567834221894,4.0836551832482745e-05,3.196693365254695,-5.390758446431609e-06
-24.5908732016008,-0.05027826019800851,4.3174696820264234e-05,3.1998374795324533,-1.4027299065112742e-05
-24.561438279139566,-0.050297719754221544,4.3855450023105355e-05,3.202989129749999,-1.9431032110210633e-05
-24.532003356678338,-0.05031572649621674,4.892107254022791e-05,3.2061483430335054,-2.338195093747053e-05
-24.502568434217103,-0.05033620220718705,5.4325082209072556e-05,3.209315146639496,-2.9801838739844377e-05
-24.473133511755876,-0.050356465683102036,5.4197382142289434e-05,3.2124895679556205,-3.60094914869033e-05
-24.44369858929464,-0.05037607287012818,4.9374258161303274e-05,3.215671634501452,-4.1560855345110226e-05
-24.414263666833413,-0.05039725131944799,4.35795770102075e-05,3.2188613739292777,-4.8683481496995806e-05
-24.384828744372186,-0.05041946310646297,4.027889344590887e-05,3.2220588140249005,-5.6839445344035455e-05
-24.35539382191095,-0.05044005104517039,4.149483849202034e-05,3.225263982708448,-6.337156088351975e-05
-24.325958899449724,-0.05045884080138066,4.624689355965346e-05,3.228476908035181,-6.810549392585741e-05
-24.29652397698849,-0.05047957679449374,4.791242109757198e-05,3.231697618196318,-7.478566387100066e-05
-24.26708905452726,-0.05049912898826847,4.578383246919948e-05,3.2349261415198534,-8.028203447780352e-05
-24.237654132066034,-0.05051695654746202,4.233398331033033e-05,3.238162506471392,-8.405377050342555e-05
-24.2082192096048,-0.050531585194604066,3.966940272171449e-05,3.241406741654986,-8.462659447753401e-05
-24.17878428714357,-0.05055183896898518,3.911418324017301e-05,3.2446588758139736,-9.082454569071113e-05
-24.149349364682337,-0.05058026917269217,3.7707278196205984e-05,3.247918937831834,-0.00010519892622976729
-24.11991444222111,-0.05060782267477154,3.9551441079266266e-05,3.251186956733035,-0.00011869660514120944
-24.090479519759874,-0.05063020879420468,4.4795752522734184e-05,3.254462961683903,-0.00012702690140641015
-24.061044597298647,-0.050655479254972886,4.5128567208229535e-05,3.2577469819934812,-0.0001382415390066838
-24.03160967483742,-0.050683750229570744,5.062552424770075e-05,3.261039047114413,-0.00015245669043661286
-24.002174752376185,-0.05071198890414185,5.6384844471406005e-05,3.2643391866438165,-0.00016663954183978452
-23.972739829914957,-0.05073535371511315,5.4582106364528425e-05,3.2676474303241716,-0.00017594852964315094
-23.943304907453722,-0.05075606157506487,4.808244259974319e-05,3.270963808044217,-0.00018260056642693118
-23.913869984992495,-0.05077454301748835,4.127228534837959e-05,3.2742883498398467,-0.00018702618568248314
-23.88443506253126,-0.05079379087709065,3.691135229639345e-05,3.2776210858950208,-0.0001922182221168467
-23.855000140070032,-0.050815192508296074,3.7212846522617814e-05,3.2809620465426725,-0.00019956403015433666
-23.825565217608805,-0.0508418358580286,3.9133559103057484e-05,3.2843112622656365,-0.00021215155671893554
-23.79613029514757,-0.050870681717767874,4.1404722488751665e-05,3.2876687636975706,-0.00022694159329027241
-23.766695372686343,-0.050894321834722915,4.632188486767086e-05,3.291034581623889,-0.00023652588707737815
-23.737260450225108,-0.0509144144893385,4.5293252515604064e-05,3.294408746982709,-0.00024256271852502592
-23.70782552776388,-0.05093415772449128,4.5766898870564985e-05,3.2977912908657916,-0.00024825013050987915
-23.678390605302646,-0.0509563096228085,4.890742972333002e-05,3.301182244519503,-0.0002563462056591609
-23.648955682841418,-0.05097801791960712,4.769234117908412e-05,3.304581639345772,-0.00026399867928985493
-23.61952076038019,-0.050997982551467785,4.022847523084619e-05,3.3079895069030623,-0.0002699074879825847
-23.590085837918956,-0.051014288490131225,3.8420583461900805e-05,3.311405878907348,-0.000272157603478089
-23.560650915457728,-0.05103236632317748,4.625769280775379e-05,3.3148307872330958,-0.0002761796133564087
-23.531215992996493,-0.0510537592818775,4.9461645213886394e-05,3.318264263914261,-0.00028351674888849043
-23.501781070535266,-0.05107830421291478,4.749063954820455e-05,3.32170634114528,-0.0002940058567578452
-23.47234614807403,-0.051101836074297545,4.525130846309802e-05,3.3251570512820825,-0.00030348189497267364
-23.442911225612804,-0.05112145496694004,4.550887538639561e-05,3.3286164268431,-0.0003090449644472387
-23.413476303151576,-0.0511380559691584,4.676110045400647e-05,3.332084500510293,-0.0003115901434976656
-23.38404138069034,-0.05115890675370519,4.5121559252357976e-05,3.335561305130175,-0.00031838510487652155
-23.354606458229114,-0.051180054161737154,4.6636454351286404e-05,3.339046873714851,-0.0003254766897405545
-23.32517153576788,-0.0512037816504012,4.6637710370213174e-05,3.342541239443066,-0.00033514835523666686
-23.29573661330665,-0.05122896767770794,4.184657214963103e-05,3.3460444356612506,-0.00034627855937546803
-23.266301690845417,-0.05124930927940813,3.761379631349719e-05,3.34955649588459,-0.0003525643379077223
-23.23686676838419,-0.05126972780966119,4.0204527202848336e-05,3.3530774537980848,-0.0003589270449928586
-23.20743184592296,-0.051293183273048125,4.826565339577024e-05,3.356607343257634,-0.0003683266852118547
-23.177996923461727,-0.05131669853577975,5.2565822007671195e-05,3.3601461982911194,-0.0003777861247755421
-23.1485620010005,-0.0513425736363192,5.025076159197931e-05,3.363694053099493,-0.00038960540214706685
-23.119127078539265,-0.051369294745070924,4.930457222936718e-05,3.3672509420578884,-0.0004022706877308546
-23.089692156078037,-0.05139313192988757,5.34173481349529e-05,3.3708168997167216,-0.00041205204937956597
-23.060257233616802,-0.05141895609828939,5.5051569736811906e-05,3.3743919608028183,-0.0004238203946134514
-23.030822311155575,-0.051442982415939524,5.438268183017819e-05,3.3779761602205323,-0.0004337908890956546
-23.001387388694347,-0.051461094784611826,5.246759385524646e-05,3.38156953305289,-0.0004378474346000208
-22.971952466233112,-0.051483271438820234,5.357703764354607e-05,3.3851721145627303,-0.0004459682656404937
-22.942517543771885,-0.051503040021824716,5.142829031473708e-05,3.3887839401938566,-0.00045168102547704647
-22.91308262131065,-0.05152103497907914,5.1123343455901284e-05,3.3924050455722057,-0.00045562015956353286
-22.883647698849423,-0.05154122408842746,5.4325028351272175e-05,3.3960354665070103,-0.0004617534457439301
-22.854212776388188,-0.051564769253862115,5.571325068092445e-05,3.399675238991988,-0.0004712427880106465
-22.82477785392696,-0.05158914976645754,5.4036592889525204e-05,3.4033243992065247,-0.0004815674774381329
-22.795342931465733,-0.05161035630095292,5.364238050699514e-05,3.4069829835168766,-0.0004887181887655787
-22.765908009004498,-0.051627677058061205,5.8410434114633514e-05,3.410651028477378,-0.0004919831227059301
-22.73647308654327,-0.051645113882772375,6.54671542957524e-05,3.4143285708316546,-0.0004953641242491716
-22.707038164082036,-0.05166536716757261,7.062214930245463e-05,3.4180156475138586,-0.0005015615858814729
-22.677603241620808,-0.05168427955126226,7.206306121758179e-05,3.421712295649896,-0.0005064181464031897
-22.648168319159574,-0.05170515584123448,7.486036765701715e-05,3.4254185525586807,-0.000513238613207477
-22.618733396698346,-0.051732389313557496,7.989271308754278e-05,3.4291344557533834,-0.0005264162623625571
-22.58929847423712,-0.05176110960463894,8.239483812219905e-05,3.4328600429427025,-0.0005410807302760751
-22.559863551775884,-0.05178850330116627,7.822983350605653e-05,3.4365953520321386,-0.000554418603635469
-22.530428629314656,-0.051818450195021286,7.274199820021191e-05,3.4403404211252755,-0.0005703096743225472
-22.50099370685342,-0.05184807165159899,7.451570162433971e-05,3.4440952885250846,-0.0005858753077323184
-22.471558784392194,-0.05187336010543072,8.139999288920629e-05,3.4478599927352205,-0.0005971079383961173
-22.442123861930966,-0.05189651584253451,8.702689503649069e-05,3.4516345724613453,-0.0006062078523319733
-22.41268893946973,-0.05192607852811191,8.685110620707655e-05,3.455419066612453,-0.0006217147147414351
-22.383254017008504,-0.051963397787379184,8.165124557349585e-05,3.459213514302201,-0.0006449781508407817
-22.35381909454727,-0.05200032366064942,7.793882769925478e-05,3.4630179548502675,-0.0006678482009430803
-22.32438417208604,-0.05203128727399905,8.162458231295818e-05,3.4668324277836993,-0.0006847559911247747
-22.294949249624807,-0.05206611094569702,8.48496068641827e-05,3.47065697283829,-0.0007055238396548105
-22.26551432716358,-0.05209865220964715,8.459823062551806e-05,3.4744916299599513,-0.0007240092804370116
-22.236079404702352,-0.052125273571474895,8.013138541977998e-05,3.4783364393061116,-0.0007365748190968219
-22.206644482241117,-0.05215070147894637,7.772100012820323e-05,3.4821914412471124,-0.0007479469034003608
-22.17720955977989,-0.05217829568051078,8.094144858927506e-05,3.486056676367622,-0.000761485281796842
-22.147774637318655,-0.05220572076495437,8.599391074328954e-05,3.489932185468063,-0.0007748545430724951
-22.118339714857427,-0.05223586722614767,8.691183410855215e-05,3.4938180095660427,-0.0007909451810978671
-22.088904792396193,-0.05226948474921672,8.165394469034833e-05,3.4977141898978066,-0.0008105068809989846
-22.059469869934965,-0.052302923068012264,7.442509680640127e-05,3.5016207679196896,-0.0008298893766265913
-22.030034947473737,-0.05233309301430417,7.22886872883868e-05,3.5055377853095933,-0.0008460034997505653
-22.000600025012503,-0.05236105039039196,7.252390376655222e-05,3.5094652839684652,-0.0008599050526704177
-21.971165102551275,-0.052390701231574466,7.443499462660212e-05,3.51340330602179,-0.0008755000706849939
-21.94173018009004,-0.05242237898378707,7.921271189833698e-05,3.5173518938211012,-0.0008931219997296638
-21.912295257628813,-0.05245139625030634,8.292022403230428e-05,3.5213110899454954,-0.0009080834430810064
-21.882860335167578,-0.05248467975587215,8.361457331804543e-05,3.525280937203165,-0.0009273111254788774
-21.85342541270635,-0.05252253203295648,8.467208008794657e-05,3.5292614786329373,-0.0009511075793952745
-21.823990490245123,-0.05255757207552989,8.478911617992753e-05,3.533252757505836,-0.0009720917988007491
-21.79455556778389,-0.05258621920939365,7.848890938204258e-05,3.537254817326645,-0.0009866831094965806
-21.76512064532266,-0.05261333293797149,7.348681266009046e-05,3.5412677018354883,-0.0009997410149064842
-21.735685722861426,-0.05264391156778514,7.408890170437957e-05,3.5452914550094268,-0.0010162638215521977
-21.7062508004002,-0.05267555251663885,7.496098351904229e-05,3.549326121064061,-0.0010338489472379794
-21.676815877938964,-0.052706491609117286,7.462794808330089e-05,3.5533717444551565,-0.0010507322165484792
-21.647380955477736,-0.05273582706015254,7.521585578339577e-05,3.5574283698802676,-0.0010660118444157998
-21.61794603301651,-0.05276311113078879,7.673430742927607e-05,3.5614960422803925,-0.0010792400918841205
-21.588511110555274,-0.052788631323514336,7.728295462655068e-05,3.56557480684163,-0.00109070446144173
-21.559076188094046,-0.05281608795615359,7.201514987017742e-05,3.569664708996848,-0.00110410527091305
-21.52964126563281,-0.05284292529143103,7.008098011238808e-05,3.573765794427378,-0.001116886783022554
-21.500206343171584,-0.052869738130831824,6.947460201450122e-05,3.5778781090647085,-0.0011296437992554184
-21.47077142071035,-0.05288979976868624,6.906901507224768e-05,3.582001699092208,-0.0011356496139418998
-21.44133649824912,-0.052908727218129316,6.987997773341421e-05,3.586136610946845,-0.0011405212402170392
-21.411901575787894,-0.052936064050925456,7.306238964016844e-05,3.5902828913209377,-0.001153802249845251
-21.38246665332666,-0.052968178043397575,7.074827635099318e-05,3.5944405871639096,-0.0011718604191494342
-21.353031730865432,-0.052996175728890836,6.38491256586393e-05,3.598609745684059,-0.0011858022814747668
-21.323596808404197,-0.0530188711779348,5.918185985968651e-05,3.6027904143503515,-0.0011944419073507961
-21.29416188594297,-0.053042036426093515,6.0671591767195734e-05,3.606982640894214,-0.001203551332341575
-21.264726963481735,-0.0530666674978037,6.09248023852886e-05,3.61118647331136,-0.001214126580883823
-21.235292041020507,-0.05308933897126592,6.062881054270617e-05,3.615401959863611,-0.0012227422311781103
-21.20585711855928,-0.05311153815915696,6.406482583774136e-05,3.6196291490807546,-0.0012308855959012183
-21.176422196098045,-0.053136430445195636,6.76659618547864e-05,3.6238680897623987,-0.0012417220587719602
-21.146987273636817,-0.05316332512835215,6.861694641238142e-05,3.6281188309798504,-0.0012545609187605486
-21.117552351175583,-0.053189199156068755,6.642894998291134e-05,3.6323814220780144,-0.001266379123309215
-21.088117428714355,-0.053215309632566044,6.028282042312343e-05,3.6366559126772953,-0.0012784337766385684
-21.05868250625312,-0.053243018745591286,5.355820627821429e-05,3.6409423526755305,-0.0012920870664958756
-21.029247583791893,-0.05327216226381477,4.933914002882816e-05,3.645240792249925,-0.0013071747615514204
-20.999812661330665,-0.05329296271024316,4.910905003692456e-05,3.6495512818590137,-0.0013139193848118874
-20.97037773886943,-0.05331497370565932,5.2169373772622805e-05,3.6538738722446364,-0.001321874557060107
-20.940942816408203,-0.0533445220529419,5.626465229796575e-05,3.6582086144339234,-0.0013373670811747604
-20.91150789394697,-0.05337740349986383,5.753283819204128e-05,3.6625555597413104,-0.0013561927049287534
-20.88207297148574,-0.05340954208724496,5.9089058187372566e-05,3.666914759770557,-0.0013742754691419487
-20.852638049024506,-0.0534422768698295,6.0054812885405037e-05,3.6712862664167942,-0.0013929544285585516
-20.82320312656328,-0.053478228425701914,5.5702686468856195e-05,3.67567013186858,-0.0014148501612630399
-20.79376820410205,-0.053505909275750906,5.360536959122394e-05,3.680066408609977,-0.001428475188144096
-20.764333281640816,-0.0535327098661905,5.5097621581378136e-05,3.6844751494226506,-0.001441219955415754
-20.73489835917959,-0.053559882578423,5.7453547703743335e-05,3.6888964073879733,-0.0014543368444803265
-20.705463436718354,-0.05358823488705958,6.336806108231384e-05,3.693330235889164,-0.001468633329948968
-20.676028514257126,-0.053620669671732644,6.757270621905444e-05,3.6977766886134296,-0.0014870122914540998
-20.6465935917959,-0.05365736162270996,6.56768515759132e-05,3.702235819554136,-0.0015096484192634874
-20.617158669334664,-0.05369267842328949,6.264374173605977e-05,3.706707683012994,-0.0015309093966750786
-20.587723746873436,-0.05372799989493953,6.34250527336364e-05,3.7111923336022583,-0.0015521750451571933
-20.5582888244122,-0.05376308340469602,7.144373643307183e-05,3.715689826246958,-0.00157320273174575
-20.528853901950974,-0.0537909741311526,8.01670094945158e-05,3.7202002161871315,-0.0015870376350343926
-20.49941897948974,-0.053818858740057214,7.493869845483166e-05,3.724723558980096,-0.0016008664207710702
-20.469984057028512,-0.0538519191864407,7.084419719859407e-05,3.7292599105027198,-0.0016198710439866218
-20.440549134567284,-0.053884621199653364,7.398614236295491e-05,3.7338093269537316,-0.0016385172340313559
-20.41111421210605,-0.05392343779148079,7.541605099391506e-05,3.738371864856037,-0.0016632780026908447
-20.381679289644822,-0.053966446380076506,7.117070587944302e-05,3.742947581059056,-0.001692230768118634
-20.352244367183587,-0.0540009666991872,6.907590729152887e-05,3.747536532741094,-0.001712695264061391
-20.32280944472236,-0.05403621726017927,6.419879240866894e-05,3.752138777411712,-0.0017338900018855283
-20.293374522261125,-0.05406817228082666,6.210371111782035e-05,3.756754372914138,-0.0017517891993649795
-20.263939599799897,-0.05409776117490258,6.347770206467652e-05,3.7613833774276846,-0.0017673222702729655
-20.23450467733867,-0.05413392545853355,6.855397484922732e-05,3.7660258494701973,-0.001789430730736008
-20.205069754877435,-0.05417222633472637,7.056028921698353e-05,3.7706818479005193,-0.0018136757837608902
-20.175634832416208,-0.054212288752534615,6.667964421082568e-05,3.7753514319209756,-0.0018396823784012084
-20.146199909954973,-0.054256586707751096,5.875871566173496e-05,3.7800346610798887,-0.0018699245104497539
-20.116764987493745,-0.054296407716856045,5.6191577537117656e-05,3.7847315952741036,-0.0018956896963867667
-20.08733006503251,-0.054329856751364945,6.0139482128991754e-05,3.7894422947515465,-0.0019150829077277318
-20.057895142571283,-0.05435802657014966,6.482098663377737e-05,3.7941668201137957,-0.0019291969033445183
-20.028460220110055,-0.05439235131071812,6.291976639490031e-05,3.798905232318685,-0.0019494658207450458
-19.99902529764882,-0.0544330020172796,6.123374341196805e-05,3.803657592682925,-0.0019760607041385894
-19.969590375187593,-0.05447786855306056,6.488929414831132e-05,3.8084239628847416,-0.0020068714167516197
-19.94015545272636,-0.05451842805168746,6.540431865147279e-05,3.813204404966555,-0.0020333750922105834
-19.91072053026513,-0.05455775676610439,6.220829762399787e-05,3.817998981337661,-0.0020586479834595744
-19.881285607803896,-0.054594313365585824,5.99433143019747e-05,3.822807754776956,-0.0020811487597730757
-19.85185068534267,-0.054631787925479125,6.267569063337764e-05,3.8276307884356684,-0.002104567496498448
-19.82241576288144,-0.05467034544377624,6.994891452559261e-05,3.832468145840131,-0.0021290691916276278
-19.792980840420206,-0.05470051753928409,8.064134262099587e-05,3.837319890894567,-0.0021451854639675458
-19.76354591795898,-0.05472729955028439,8.791699757889898e-05,3.842186087883899,-0.002157911651799911
-19.734110995497744,-0.054760136335355224,9.441854444075802e-05,3.8470668014766,-0.0021766926137028117
-19.704676073036516,-0.05479956247371831,0.00010098951232428901,3.851962096727544,-0.002202062928897963
-19.675241150575282,-0.05483724540944993,0.00010650830392733679,3.8568720390809097,-0.002225690041461649
-19.645806228114054,-0.054869588753746,0.00011365790555294498,3.8617966943730844,-0.0022439775625897884
-19.616371305652827,-0.05489842652233421,0.00012118956045601282,3.866736128835618,-0.0022587595080100706
-19.586936383191592,-0.054926915337899784,0.00012434082831294972,3.8716904090981865,-0.0022731925004077086
-19.557501460730364,-0.054962794408488,0.00012863537312298636,3.8766596021915847,-0.0022950157478279914
-19.52806653826913,-0.05500121272615879,0.00014063857510700277,3.881643775550758,-0.00231937824233084
-19.498631615807902,-0.05503887976317026,0.0001489905196186196,3.8866429970178435,-0.0023429894561743797
-19.469196693346667,-0.055073944577054945,0.0001517254010386106,3.8916573348452577,-0.0023639984468911274
-19.43976177088544,-0.05511001132484301,0.00015262040618483846,3.8966868576987927,-0.0023860093715112607
-19.410326848424212,-0.05514877952191768,0.00015694657332767796,3.901731634660758,-0.0024107217454180027
-19.380891925962977,-0.05519166298584389,0.00016207820681414246,3.906791735233142,-0.0024395493861762776
-19.35145700350175,-0.05523281282383987,0.00016467129333092503,3.9118672293407992,-0.0024666434010043245
-19.322022081040515,-0.05527271668922179,0.00015970517700406,3.9169581873346786,-0.0024924914432183087
-19.292587158579288,-0.05531143629328775,0.000154971161293737,3.922064679995066,-0.0025171552241163367
-19.263152236118053,-0.05535454063471721,0.0001539563292981165,3.927186778534873,-0.0025462037423778644
-19.233717313656825,-0.05540225939203563,0.00015462173225870994,3.9323245546029377,-0.0025798666765283473
-19.204282391195598,-0.05544743769486584,0.00015693605180491422,3.9374780802873754,-0.002610989156190631
-19.174847468734363,-0.05548338913524245,0.000154731315871735,3.9426474281189443,-0.002632884773399305
-19.145412546273135,-0.05552013518138361,0.00014728249826873252,3.9478326710744462,-0.002655574996372527
-19.1159776238119,-0.05556305793763289,0.00013966143078311186,3.9530338825801685,-0.0026844419294538707
-19.086542701350673,-0.05560689832801725,0.00013848629863833065,3.9582511365153406,-0.0027142264966703022
-19.05710777888944,-0.05564535265001097,0.00014065011955135496,3.9634845072156417,-0.0027386249954960903
-19.02767285642821,-0.05568416828840472,0.00013362195095553388,3.9687340694767212,-0.002763384810721907
-18.998237933966983,-0.0557287826434134,0.00012395893290577368,3.9739998985577705,-0.002793943342562659
-18.96880301150575,-0.055770756858477454,0.00012176263453634177,3.979282070185117,-0.0028218617344587735
-18.93936808904452,-0.055813203758392584,0.00012183156231974679,3.9845806605558485,-0.002850252811205968
-18.909933166583286,-0.05585495073904622,0.0001175093246730363,3.9898957463414875,-0.0028779439686916694
-18.88049824412206,-0.055888156632534984,0.00011175468524775917,3.9952274046916787,-0.0028970940390125044
-18.85106332166083,-0.05592126473538128,0.0001061794824814719,4.0005757132379305,-0.0029161463186908737
-18.821628399199597,-0.05595687876928643,9.7899006657706e-05,4.00594075009738,-0.002937704529428084
-18.79219347673837,-0.055993184856179934,9.718619656590083e-05,4.0113225938765895,-0.0029599547931536546
-18.762758554277134,-0.05603560619067798,0.00010843718440664251,4.016721323675399,-0.0029883203044837672
-18.733323631815907,-0.05608243308451812,0.0001170974723466002,4.022137019090789,-0.0030210913751559723
-18.703888709354672,-0.05613162176829071,0.00011751585672763293,4.0275697602208025,-0.0030562242357606226
-18.674453786893444,-0.05617491151497391,0.0001137000772581384,4.033019627668482,-0.0030854581592758973
-18.645018864432217,-0.05621217516414447,0.00011248145913473348,4.038486702545868,-0.003108665985278529
-18.615583941970982,-0.05625522915215575,0.00011751601126684692,4.043971066478019,-0.0031376641501218716
-18.586149019509755,-0.056300470343728294,0.00012094686686686244,4.049472801607065,-0.00316884951852648
-18.55671409704852,-0.05634165804648892,0.00012627546748119416,4.054991990596325,-0.00319598139811917
-18.527279174587292,-0.05638344884198924,0.0001362629706783625,4.0605287166344315,-0.00322371637045156
-18.497844252126058,-0.05643602088748461,0.00014635806442441158,4.066083063439521,-0.0032622325927789964
-18.46840932966483,-0.056491728817167346,0.00014951689643586514,4.071655115263446,-0.0033038846992937965
-18.438974407203602,-0.05654417355136652,0.00014718595832619418,4.077244956896041,-0.0033422736103250403
-18.409539484742368,-0.05659346102487594,0.00014494693710107698,4.0828526736694215,-0.003377505260666526
-18.38010456228114,-0.056641039661191744,0.00014413292117789142,4.088478351462319,-0.0034110280738143955
-18.350669639819905,-0.05668873348864533,0.0001421178003087548,4.0941220767044815,-0.0034446660781000463
-18.321234717358678,-0.05674315867418542,0.00013753093645796176,4.099783936381079,-0.0034850354404722048
-18.291799794897443,-0.05680641399801816,0.00013878451810678388,4.105464018037193,-0.0035342349411370128
-18.262364872436216,-0.056865415240005796,0.00013689080681331882,4.111162409782308,-0.0035791803599567115
-18.232929949974988,-0.056914438907977205,0.0001272550804216007,4.116879200294888,-0.0036141482047601925
-18.203495027513753,-0.056969366378534225,0.00011607721226189114,4.122614478826964,-0.003655019852149277
-18.174060105052526,-0.05703365292618771,0.00010719048040562921,4.128368335208777,-0.0037052505766348234
-18.14462518259129,-0.05709006268472277,0.00010029611680867711,4.134140859853479,-0.0037476045120019494
-18.115190260130063,-0.05713373934910771,9.709032235678892e-05,4.139932143761856,-0.003777225353218963
-18.08575533766883,-0.057180049016348544,9.671299555927543e-05,4.1457422785271225,-0.003809479197291861
-18.0563204152076,-0.057238970652005644,9.611854172125816e-05,4.151571356339739,-0.0038543450097810322
-18.026885492746374,-0.05729952098871898,9.014741850749846e-05,4.157419469992296,-0.003900839523326434
-17.99745057028514,-0.05735483972921279,8.763086050191376e-05,4.163286712884436,-0.003942102440652309
-17.96801564782391,-0.05740168874006155,9.311264643489937e-05,4.16917317902782,-0.003974895628333135
-17.938580725362677,-0.05744494472269013,9.730730061718205e-05,4.17507896305116,-0.004004095787793774
-17.90914580290145,-0.057492311785952877,9.320305517498792e-05,4.181004160205276,-0.004037407027888594
-17.879710880440214,-0.05754594292148819,8.935230841382908e-05,4.186948866368233,-0.004076982340255969
-17.850275957978987,-0.05760606646338997,9.682746022593398e-05,4.192913178050495,-0.004123050058989823
-17.82084103551776,-0.05766299986490824,0.00010688851777255915,4.198897192400163,-0.00416592763734016
-17.791406113056524,-0.057711986405752765,0.00010643237294988538,4.20490100720824,-0.004200858355016747
-17.761971190595297,-0.05776192997410042,0.00010379956994855764,4.210924720913962,-0.004236746100196476
-17.732536268134062,-0.05781458252318328,0.00010160514704220324,4.2169684326101775,-0.004275342826111396
-17.703101345672835,-0.05786548827840051,0.00010075446233481605,4.22303224204878,-0.004312192758160693
-17.6736664232116,-0.05790841495171312,0.00010147254984862397,4.2291162496462,-0.0043410636083053705
-17.644231500750372,-0.05795111341167558,0.00010483118592820302,4.235220556488942,-0.0043697062450999
-17.614796578289145,-0.05799435496149156,0.00011103093437616367,4.241345264339189,-0.004398891971747941
-17.58536165582791,-0.058041423011001715,0.00011552125447159718,4.247490475640455,-0.004431904198090163
-17.555926733366682,-0.058085780767416974,0.00011807244275204271,4.253656293523293,-0.004462206131337493
-17.526491810905448,-0.05812957994892626,0.0001142459637235733,4.259842821811072,-0.004491949489678841
-17.49705688844422,-0.05817392485342934,0.00010847326071279348,4.2660501650257965,-0.004522238571013991
-17.467621965982985,-0.05821364083962436,0.00010467774930614671,4.272278428394,-0.004547898734041073
-17.438187043521758,-0.05825258795182209,0.00010596971427598026,4.278527717852685,-0.004572790023070872
-17.40875212106053,-0.05830228522082417,0.00010712433652232396,4.284798140055334,-0.004608431468905015
-17.379317198599296,-0.05835076383055132,0.00010622342696207559,4.291089802377975,-0.004642854255464235
-17.349882276138068,-0.058394259802572714,0.00010565643170813902,4.297402812925309,-0.004672294404317698
-17.320447353676833,-0.05843520898543547,0.00010818335340001658,4.3037372805369065,-0.00469918776401252
-17.291012431215606,-0.058483708719751254,0.00011034867161598031,4.310093314793455,-0.004733631675160374
-17.26157750875437,-0.058540906387037885,0.00011019065852819722,4.316471026023085,-0.004776773519279069
-17.232142586293143,-0.05859932933060067,0.00010285798749430514,4.32287052530775,-0.0048211406396739195
-17.202707663831916,-0.058651058921328804,9.79572001890699e-05,4.329291924489677,-0.0048588144072341174
-17.17327274137068,-0.05869741448833116,0.00010316193104539247,4.335735336177883,-0.004891114151068535
-17.143837818909454,-0.05874094889491186,0.00011570240874528297,4.342200873754752,-0.0049205927344813105
-17.11440289644822,-0.058788887756612944,0.00012560930025641535,4.348688651382695,-0.004954475773014458
-17.08496797398699,-0.05884735374130857,0.00013483732707502829,4.355198784010858,-0.0049988859345421535
-17.055533051525757,-0.058902687855274305,0.00013725399910617162,4.361731387381923,-0.005040164225339955
-17.02609812906453,-0.05895473811365675,0.00013441187996405274,4.3682865780389575,-0.005078158660554465
-16.9966632066033,-0.05901503583327691,0.00013666380112592594,4.37486447333235,-0.005124400557006692
-16.967228284142067,-0.059079730474902066,0.00013884007332879824,4.381465191426814,-0.005175039375463916
-16.93779336168084,-0.05913952898998368,0.00013948292583610441,4.388088851308457,-0.005220782067377597
-16.908358439219604,-0.059189836771569256,0.0001438354842696225,4.394735572791938,-0.005257034025795235
-16.878923516758377,-0.05923844004697205,0.0001538082613001769,4.401405476527686,-0.005291581478030098
-16.84948859429715,-0.059294235892473124,0.00016105709150104026,4.408098684009206,-0.005333321500363239
-16.820053671835915,-0.05935597776436777,0.00015846106302469713,4.414815317580449,-0.005381007549089947
-16.790618749374687,-0.059419728918973375,0.00015576075124636767,4.421555500443271,-0.0054307028805276256
-16.761183826913452,-0.059488364310163654,0.00015262833572803535,4.42831935666497,-0.005485282448549969
-16.731748904452225,-0.059552301060573055,0.0001481063363690107,4.435107011185883,-0.005535163375791435
-16.70231398199099,-0.0596077588861376,0.000145756626771367,4.441918589827099,-0.005576565378188042
-16.672879059529762,-0.05965952390625375,0.00014638971612226774,4.44875421929822,-0.005614274575136267
-16.643444137068535,-0.0597130364805169,0.0001494551759426167,4.455614027205222,-0.0056537313262314814
-16.6140092146073,-0.059762367463655375,0.00015498969754987956,4.462498142058397,-0.0056890064862020195
-16.584574292146073,-0.05981758254876802,0.00015531591984038688,4.469406693280373,-0.005730165748146734
-16.555139369684838,-0.05988275581781969,0.0001537217945916989,4.476339811214234,-0.00578128319403047
-16.52570444722361,-0.05994231710653506,0.00014993548880193436,4.483297627131704,-0.0058267886595779125
-16.496269524762376,-0.05999518369547846,0.00014596190990604714,4.4902802732414475,-0.005865599425353377
-16.466834602301148,-0.06004786293024172,0.00014112247675369648,4.497287882697427,-0.0059042228369486985
-16.43739967983992,-0.06010136270516538,0.0001341305671196668,4.504320589607383,-0.005943666788704428
-16.407964757378686,-0.0601527084196378,0.00013204045010232343,4.511378529041379,-0.005980956680008913
-16.378529834917458,-0.06020274358922036,0.00013896453618056245,4.51846183704045,-0.006016936026423544
-16.349094912456223,-0.060259589330461744,0.00014258034303748813,4.525570650625347,-0.0060597259444969895
-16.319659989994996,-0.060312677405298325,0.00013362576464544007,4.532705107805364,-0.006098758196165642
-16.29022506753376,-0.060372140773277516,0.00012450194758709026,4.539865347587284,-0.006144165740976898
-16.260790145072534,-0.06043989382935583,0.00012259912333156082,4.54705150998439,-0.006197862973887275
-16.231355222611306,-0.06050804949661978,0.00012430097054743394,4.554263736025603,-0.006251962817983299
-16.20192030015007,-0.060571029396254916,0.00012468278646835982,4.561502167764706,-0.006300886894450498
-16.172485377688844,-0.060631250148662906,0.00012020059854514581,4.568766948289662,-0.006347051823690553
-16.14305045522761,-0.060696173211168124,0.00011423513107728621,4.576058221732058,-0.006397919063027835
-16.11361553276638,-0.06075085174335912,0.00012056160804476595,4.5833761332766185,-0.006438541772050901
-16.084180610305147,-0.06080639976565216,0.00012636014513623984,4.590720829170862,-0.006480033971176004
-16.05474568784392,-0.060866995592225775,0.0001306651983160732,4.598092456734823,-0.006526573974581687
-16.02531076538269,-0.06092971954114849,0.00012909177812747976,4.605491164370918,-0.00657524210033647
-15.995875842921457,-0.060990138442955234,0.00012592077277304893,4.612917101573902,-0.006621605178975282
-15.96644092046023,-0.06105197663386247,0.00012886507463706842,4.620370418940924,-0.006669387546714582
-15.937005997998995,-0.06111239401929982,0.000137247394567143,4.627851268181726,-0.0067157491089839955
-15.907571075537767,-0.06116919016245136,0.00014078793661107268,4.6353598021289235,-0.006758489428967611
-15.878136153076532,-0.061222319472768814,0.00013762063039981875,4.6428961747484205,-0.006797562916117127
-15.848701230615305,-0.06127435733594149,0.0001356292898239311,4.650460541149925,-0.006835544956121868
-15.819266308154077,-0.06132163367078767,0.00013620504504182444,4.658053057597602,-0.006868765467800117
-15.789831385692843,-0.06137415717771171,0.0001355074807646193,4.665673881520829,-0.006907233151556225
-15.760396463231615,-0.06143222957833246,0.0001409172675450897,4.673323171525068,-0.00695124972900904
-15.73096154077038,-0.061495424547727495,0.00014249699284970673,4.681001087402886,-0.007000388875236137
-15.701526618309153,-0.06155347221616441,0.00013848412022709203,4.688707790145065,-0.007044380720505124
-15.672091695847918,-0.06160766949224975,0.0001359631238733358,4.69644344195187,-0.007084522173422529
-15.64265677338669,-0.06166874574230382,0.00014584963289163616,4.704208206244413,-0.0071315426003086616
-15.613221850925463,-0.06172500472672785,0.00016234731823958203,4.712002247676173,-0.007173745761564765
-15.583786928464228,-0.061779231310641274,0.00017203818531462634,4.719825732144631,-0.007213916522310251
-15.554352006003,-0.06183968573057138,0.00017414916380511836,4.727678826803036,-0.007260315119072429
-15.524917083541766,-0.06191231070983461,0.00017102115170520532,4.735561700072318,-0.007318884275167727
-15.495482161080538,-0.06198580578199137,0.00016744686375290177,4.743474521653117,-0.007378323524156551
-15.466047238619304,-0.062043525945049555,0.00017357442722076616,4.751417462537977,-0.007421987864046797
-15.436612316158076,-0.06210451345166943,0.00017820405847186646,4.759390695023643,-0.007468919547498745
-15.407177393696848,-0.06217728421038524,0.00018593243525802616,4.767394392723538,-0.007527634483046622
-15.377742471235614,-0.06224086055225131,0.00019407608042748604,4.775428730580355,-0.007577155001744752
-15.348307548774386,-0.06229756263154437,0.000197636124191493,4.7834938848788005,-0.007619801257869888
-15.318872626313151,-0.06236707825107002,0.00020387150613512735,4.791590033258497,-0.007675261054227597
-15.289437703851924,-0.06243939195614525,0.00019744713554803315,4.799717354727012,-0.0077335189361348936
-15.260002781390689,-0.06250804593029642,0.00018104433647771182,4.807876029673071,-0.007788117087118129
-15.230567858929462,-0.06257392185973532,0.00016869689279720338,4.816066239879882,-0.007839937193389095
-15.201132936468234,-0.06263576617741316,0.00017166681489244978,4.824288168538651,-0.007887725687899007
-15.171698014007,-0.06269111281636543,0.00018547822105933462,4.8325420002622375,-0.007929016503683335
-15.142263091545772,-0.06275091968802071,0.00018700425024546929,4.840827921098964,-0.007974767552170692
-15.112828169084537,-0.06282354334132129,0.0001798085017752582,4.849146118546613,-0.00803333538230333
-15.08339324662331,-0.0628962426249623,0.0001864031048878819,4.857496781566545,-0.008091978842776404
-15.053958324162082,-0.06295821888926098,0.00018788437456840353,4.865880100598034,-0.00813989928390716
-15.024523401700847,-0.06301719588499095,0.00017523086114446226,4.874296267572724,-0.008184820456469198
-14.99508847923962,-0.06307827258918068,0.00016492736576807475,4.882745475929284,-0.00823184133749099
-14.965653556778385,-0.06313895603861149,0.00016669059251188948,4.891227920628235,-0.008278468963753859
-14.936218634317157,-0.06319297619268664,0.00017203714931654014,4.899743798166927,-0.008318433294661087
-14.906783711855923,-0.06324804786536521,0.00016773416585441763,4.908293306594738,-0.008359449144171721
-14.877348789394695,-0.06331545288676693,0.00016735071608176328,4.9168766455284,-0.008412798342405506
-14.847913866933467,-0.06337907316553089,0.00016096841727713696,4.925494016167557,-0.008462362798001534
-14.818478944472233,-0.06343401035223856,0.00015783571809474368,4.934145621310478,-0.008503244161541267
-14.789044022011005,-0.06348274118663201,0.00015708133462332966,4.942831665369958,-0.008537919172766792
-14.75960909954977,-0.0635351461626658,0.00015430922613086703,4.951552354389434,-0.008576268325632644
-14.730174177088543,-0.06360345177613612,0.00014384855176010494,4.960307896059257,-0.00863051811593503
-14.700739254627308,-0.06367641766173943,0.00013691273755555327,4.969098499733204,-0.0086894281783704
-14.67130433216608,-0.06373840795272444,0.00014789953029094936,4.977924376445137,-0.008737362646187477
-14.641869409704853,-0.06380211133741291,0.00015972049790089716,4.986785738925915,-0.008787010207708022
-14.612434487243618,-0.06386398527414767,0.00015084274963002024,4.995682801620476,-0.00883482832127485
-14.58299956478239,-0.06392554684765867,0.00013794027054839163,5.004615780705128,-0.008882334071617912
-14.553564642321156,-0.06399330704477173,0.00013642501382314962,5.013584894105074,-0.008936038445563038
-14.524129719859928,-0.0640619951408263,0.00014322159022952646,5.022590361512117,-0.008990670718449681
-14.494694797398694,-0.0641365851595897,0.00014773890528372533,5.031632404402615,-0.009051204914045138
-14.465259874937466,-0.06420915917279203,0.0001472555511717892,5.040711246055618,-0.009109723104079544
-14.435824952476239,-0.06427786702884325,0.0001426941008623099,5.049827111571264,-0.009164375136962825
-14.406390030015004,-0.06434555350038958,0.00014535864521514707,5.058980227889378,-0.009218005785341217
-14.376955107553776,-0.06440999991878012,0.00014825164470518771,5.068170823808292,-0.009268396380563829
-14.347520185092542,-0.06447672035115469,0.0001459970157454993,5.0773991300039345,-0.009321060989770466
-14.318085262631314,-0.06455062322626563,0.0001345139118153154,5.0866653790491005,-0.009380908041713473
-14.28865034017008,-0.06462304443190879,0.00012298982470596273,5.095969805433018,-0.009439273424188696
-14.259215417708852,-0.06468859755825432,0.00012190127088441414,5.105312645581105,-0.009490770727366295
-14.229780495247624,-0.06475599821362643,0.00013005717903359136,5.114694137875008,-0.009544115559570472
-14.20034557278639,-0.06482667965902718,0.0001433263709881233,5.124114522672878,-0.009600741181803284
-14.170910650325162,-0.0648899801041108,0.0001539095468116655,5.133574042329884,-0.00964998580371898
-14.141475727863927,-0.06495339429106549,0.00015259801471310318,5.143072941219016,-0.00969934416750573
-14.1120408054027,-0.06502215420906293,0.00015384376930615122,5.1526114657521065,-0.009754048262335238
-14.082605882941465,-0.06509410109804074,0.00016039311090725226,5.162189864401165,-0.009811939328145114
-14.053170960480237,-0.06516706701649354,0.00017043616178483365,5.171808387719923,-0.00987084942342998
-14.02373603801901,-0.06523892131075408,0.00017885975584870965,5.18146728836571,-0.009928647894522587
-13.994301115557775,-0.06531072466610838,0.00018326600984211005,5.191166821121558,-0.009986395426708955
-13.964866193096547,-0.06537981220421607,0.0001897095991066407,5.200907242918608,-0.010041427141648712
-13.935431270635313,-0.06544667943440276,0.00020049773623673822,5.210688812858801,-0.010094238548667464
-13.905996348174085,-0.06551166471861092,0.00020503569089734872,5.220511792237846,-0.010145168009707689
-13.87656142571285,-0.06558387777997504,0.00020314296722538197,5.230376444568497,-0.010203325247903877
-13.847126503251623,-0.06565814793238063,0.00019890840248798101,5.240283035604103,-0.010263539577141538
-13.817691580790395,-0.0657261656392331,0.0001960006187023639,5.250231833362485,-0.010317501460826078
-13.78825665832916,-0.06579300981792464,0.00019906245999631956,5.260223108150107,-0.010370289816349687
-13.758821735867933,-0.06586778541826685,0.0002050479875178962,5.270257132586543,-0.010431009593523957
-13.729386813406698,-0.0659448366773117,0.00020942196466652312,5.28033418162929,-0.010494005029400871
-13.69995189094547,-0.06601624921356812,0.00020444230255407057,5.290454532598869,-0.010551361742489364
-13.670516968484236,-0.06607507798513633,0.00019953461227245305,5.300618465204283,-0.010596134690889637
-13.641082046023008,-0.06613853806822048,0.00019933411702662164,5.310826261568761,-0.010645538950805854
-13.61164712356178,-0.06620643811664233,0.00019780037878347581,5.321078206255887,-0.01069938317605977
-13.582212201100546,-0.06627581981705445,0.00019636856043581433,5.33137458629603,-0.01075470905330396
-13.552777278639319,-0.06634604723483911,0.0001994131928730927,5.341715691213129,-0.010810880647920684
-13.523342356178084,-0.06641873045900427,0.00020447076843939453,5.352101813051844,-0.010869508048917911
-13.493907433716856,-0.06649499161428248,0.00020762281665954074,5.36253324640503,-0.010931713381028184
-13.464472511255622,-0.06657310484125041,0.00020879638266144777,5.373010288441611,-0.010995770784828184
-13.435037588794394,-0.06664571969101814,0.00021087516051865915,5.38353323893478,-0.011054329811427975
-13.405602666333166,-0.06671018960836855,0.00020041511782521436,5.394102400290608,-0.011104743905610462
-13.376167743871932,-0.06677314301568221,0.00018242427792662417,5.404718077577002,-0.011153641489756186
-13.346732821410704,-0.0668466661038989,0.0001726239048854626,5.4153805785530515,-0.01121310875480494
-13.31729789894947,-0.06692237760865243,0.00017115334960491444,5.426090213698792,-0.011274764436390528
-13.287862976488242,-0.06700049992059738,0.00016732522015230948,5.436847296245314,-0.011338830925167555
-13.258428054027014,-0.06707874612653068,0.00016024348060905154,5.447652142205322,-0.011403021307932922
-13.22899313156578,-0.0671472767357426,0.00015441397184058015,5.458505070404076,-0.0114574960939769
-13.199558209104552,-0.06720762776402377,0.00014113386048493208,5.469406402510738,-0.01150379129909014
-13.170123286643317,-0.06727660422663735,0.00013667797396870382,5.480356463070173,-0.01155871193853579
-13.14068836418209,-0.06734675725400965,0.00013472591484405062,5.4913555795351385,-0.011614809142740157
-13.111253441720855,-0.06741269512785773,0.00012628553992990202,5.502404082298942,-0.0116666911934203
-13.081818519259627,-0.06747877354821302,0.00012108205854117078,5.5135023047285046,-0.011718713790607661
-13.0523835967984,-0.06754535099976527,0.00012297903467872753,5.524650583197908,-0.011771235418991985
-13.022948674337165,-0.06761399453382906,0.00012891029190080643,5.535849257122373,-0.011825823129887836
-12.993513751875938,-0.06768674496710576,0.00013386862301526455,5.547098668992695,-0.011884517739996603
-12.964078829414703,-0.06776103595655115,0.00013692040922700846,5.558399164410179,-0.011944752906274059
-12.934643906953475,-0.06782737203979346,0.00013420528702397895,5.569751092122015,-0.011997033166348432
-12.90520898449224,-0.06789677004924109,0.0001193223734098387,5.581154804057167,-0.012052375352628132
-12.875774062031013,-0.06798233399731725,0.0001149050085423995,5.592610655362728,-0.012123883477536353
-12.846339139569785,-0.06806613777997432,0.00011558921674704878,5.604119004440806,-0.012193631437025496
-12.81690421710855,-0.06814041186207875,0.00011147889125710847,5.615680212985889,-0.012253849695961994
-12.787469294647323,-0.06821471076163342,0.0001065997943964609,5.627294646022733,-0.012314092772348725
-12.758034372186088,-0.06829397113743295,0.0001122113231296759,5.6389626719448005,-0.012379297324980318
-12.728599449724861,-0.06837853019231928,0.00011990771558748791,5.650684662553185,-0.012449800556698719
-12.699164527263626,-0.06846494144928694,0.00011777770538304197,5.662460993096125,-0.012522155990498447
-12.669729604802399,-0.06854640334078746,0.00011091381634451036,5.6742920423090295,-0.012589562058831029
-12.640294682341171,-0.06862705178010091,9.86840490350483e-05,5.686178192455095,-0.01265615467497655
-12.610859759879936,-0.06871604704898247,9.103173430822478e-05,5.698119829366472,-0.012731094120690178
-12.581424837418709,-0.0688098817865807,9.605684890101348e-05,5.710117342486,-0.012810873035120476
-12.551989914957474,-0.06889684711335392,0.00011031539658976482,5.722171124909568,-0.012883782538725755
-12.522554992496246,-0.0689805732276021,0.00011604490858423038,5.7342815734290244,-0.012953452829805999
-12.493120070035012,-0.06907094725343711,0.00011141382253985892,5.746449088575739,-0.013029771032473082
-12.463685147573784,-0.06917114083933798,0.00011138929192684801,5.758674074664735,-0.013115908795206015
-12.434250225112557,-0.06927213928126456,0.00010902365418275925,5.7709569398394995,-0.01320285141396467
-12.404815302651322,-0.06936181099573561,0.00010427902504399381,5.78329809611739,-0.013278467305267785
-12.375380380190094,-0.06944671750867436,0.00010538262344760459,5.795697959435703,-0.013349317995038593
-12.34594545772886,-0.0695322573931909,0.000109447161861923,5.808156949698415,-0.013420802056387196
-12.316510535267632,-0.06962173130813509,0.00011118874001014148,5.820675490823567,-0.013496220148163464
-12.287075612806397,-0.06970836005332427,0.00011519442498977136,5.833254010791362,-0.013568793070184708
-12.25764069034517,-0.06979070045125356,0.000123497078752079,5.845892941692919,-0.013637077644946066
-12.228205767883942,-0.06987146434436216,0.00013120820457807096,5.85859271977977,-0.01370378571488673
-12.198770845422708,-0.06995549411338307,0.00013529201861898357,5.871353785514042,-0.01377375966073971
-12.16933592296148,-0.07003260086768827,0.0001377915097948659,5.884176583619378,-0.013836810591876976
-12.139901000500245,-0.07010680435652532,0.00014835747471974247,5.897061563132612,-0.01389695825754609
-12.110466078039018,-0.07018368789570607,0.0001588378826146688,5.910009177456172,-0.01395978597355891
-12.081031155577783,-0.07026036842208748,0.00016226388612816352,5.923019884411276,-0.01402241067677238
-12.051596233116555,-0.07033948483599763,0.000160005937913502,5.936094146291879,-0.014087471267514598
-12.022161310655328,-0.07041964407846225,0.00016201397682465097,5.949232429919445,-0.01415357468681129
-11.992726388194093,-0.0704938277028114,0.00017118674986544774,5.962435206698503,-0.014213702487992502
-11.963291465732866,-0.07057293040786515,0.0001826072542207082,5.9757029526730125,-0.014278749369878323
-11.93385654327163,-0.07065936787030318,0.00019362569579409717,5.98903614858361,-0.014351131009148414
-11.904421620810403,-0.07074338706566095,0.00019892514228301355,6.00243527992564,-0.014421094381338255
-11.874986698349169,-0.07082576952956011,0.00020230205921417728,6.015900837008118,-0.01448942102206948
-11.845551775887941,-0.07091171790368643,0.0002034391947096305,6.029433315013504,-0.014561313573027868
-11.816116853426713,-0.07099765015051347,0.00019909197478390372,6.043033214058432,-0.014633189996686974
-11.786681930965479,-0.07107025357773446,0.0002034233383928835,6.056701039255304,-0.014691737600740024
-11.757247008504251,-0.07114809962558884,0.00021299176838155033,6.070437300774825,-0.014755527825426475
-11.727812086043016,-0.07124829904474667,0.00022126584260867923,6.084242513909495,-0.014841671421416368
-11.698377163581789,-0.07135332029492664,0.0002263835901284414,6.098117199138026,-0.014932636848428403
-11.668942241120554,-0.07144527117311322,0.0002251288880206379,6.1120618821907735,-0.015010531903447054
-11.639507318659327,-0.07153036529659466,0.00022103871840225775,6.126077094116119,-0.015081570203760566
-11.610072396198099,-0.07160822199510182,0.00021600613585478267,6.140163371347901,-0.015145371079099787
-11.580637473736864,-0.07168886313874868,0.00021418212577824802,6.154321255773855,-0.015211956399578716
-11.551202551275637,-0.07177001301859481,0.00022067285342952387,6.168551294805084,-0.015279050456256917
-11.521767628814402,-0.07185266872245057,0.00022943303100078595,6.1828540414466415,-0.015347650336944733
-11.492332706353174,-0.07193830053298185,0.00023209204444125052,6.197230054369139,-0.015419226324308088
-11.462897783891947,-0.07202684633928098,0.0002353064706139096,6.211679897981511,-0.015493716307439287
-11.433462861430712,-0.07211045344619117,0.00023559292778122342,6.226204142504872,-0.01556326759118154
-11.404027938969485,-0.07220010403990847,0.0002334477185103301,6.240803364047515,-0.0156388623617309
-11.37459301650825,-0.07228869616721806,0.00023013327295274885,6.255478144681107,-0.015713398665872562
-11.345158094047022,-0.07237668236577548,0.00023260797545099753,6.270229072518023,-0.015787329041262045
-11.315723171585788,-0.07247533819484203,0.0002391550381285466,6.285056741789941,-0.015871929047160664
-11.28628824912456,-0.07257653047909884,0.00024061948595703792,6.299961752927606,-0.015959065508249548
-11.256853326663332,-0.07266766518775342,0.00023981615304693462,6.31494471264191,-0.016036144393736185
-11.227418404202098,-0.07276210085171934,0.00023510620068610509,6.330006234006198,-0.016116524234534177
-11.19798348174087,-0.0728592015316177,0.00023618613459995682,6.345146936539884,-0.01619956909126461
-11.168548559279635,-0.07295536038483262,0.00024231998866654168,6.360367446293414,-0.01628167212131159
-11.139113636818408,-0.07304648413764296,0.0002521990232719642,6.375668395934532,-0.016358740050953995
-11.109678714357173,-0.07312953537408544,0.0002625072351530058,6.391050424835974,-0.016427735464228536
-11.080243791895946,-0.07321291848278005,0.000267190238351118,6.40651417916449,-0.016497062749755223
-11.050808869434718,-0.0733069847784774,0.0002544873995688167,6.42206031197136,-0.016577073222284633
-11.021373946973483,-0.07339707118709933,0.00025200116350017907,6.437689483284311,-0.01665310380773863
-10.991939024512256,-0.07348504887079906,0.0002566999870880638,6.45340236020092,-0.016727025668270425
-10.962504102051021,-0.07358271455355649,0.00026848045772983063,6.469199616983552,-0.01681063552785992
-10.933069179589793,-0.0736908326954148,0.00027600390729094873,6.48508193515578,-0.016904697846550305
-10.903634257128559,-0.0737938864245366,0.00027607585034087093,6.501050003600421,-0.016993695752504166
-10.874199334667331,-0.07389274044500983,0.0002749477454830227,6.517104518659113,-0.017078493949809467
-10.844764412206104,-0.07399463267270001,0.0002734412049721,6.5332461842335645,-0.01716633035433171
-10.815329489744869,-0.07410430632621873,0.00026024768147822895,6.549475711888419,-0.01726194818468249
-10.785894567283641,-0.0742006640500057,0.0002574053338157928,6.565793820955801,-0.01734425008530153
-10.756459644822407,-0.07430103679874424,0.00025718024294575534,6.582201238641632,-0.017430567010872138
-10.727024722361179,-0.07441352586481258,0.0002578750740120522,6.598698700133617,-0.017529000253772548
-10.697589799899944,-0.07452762647343202,0.00026477939804643775,6.6152869487110895,-0.01762904503922405
-10.668154877438717,-0.07464484114518505,0.0002743144943713777,6.631966735856615,-0.017732203887809148
-10.63871995497749,-0.0747500344116362,0.0002795701220066649,6.648738821369497,-0.01782334133109237
-10.609285032516254,-0.07485203278967383,0.00027422425542316943,6.665603973481134,-0.017911283885962054
-10.579850110055027,-0.07495938894180025,0.00025609700388918997,6.682562968972313,-0.01800458421492055
-10.550415187593792,-0.07505841157671446,0.00025487071320183627,6.69961659329249,-0.018089551026666824
-10.520980265132565,-0.07515306426236318,0.0002665971046016771,6.716765640681026,-0.018170147889147614
-10.49154534267133,-0.07526289246229678,0.00027743473872691483,6.734010914290525,-0.018265920265913282
-10.462110420210102,-0.07537718948343065,0.0002878850558014182,6.751353226312181,-0.01836616146387922
-10.432675497748875,-0.07547843809703586,0.0002990751528710762,6.7687933981033215,-0.018453354254316497
-10.40324057528764,-0.07557397141413562,0.00029811099391863785,6.786332260317064,-0.01853483174824832
-10.373805652826412,-0.07567714953759937,0.0002810552373411603,6.803970653034186,-0.018623954048544132
-10.344370730365178,-0.07578360544120812,0.00026793540724914013,6.821709425897289,-0.018716354128984945
-10.31493580790395,-0.07589060501689733,0.0002706928086375976,6.839549438247187,-0.01880929788150623
-10.285500885442715,-0.07600527811494366,0.0002822569706042831,6.857491559261718,-0.018909915156384627
-10.256065962981488,-0.07611650501533647,0.00030083347010949194,6.87553666809687,-0.0190070862336095
-10.22663104052026,-0.07623216622583402,0.00030546548566385575,6.8936856540304055,-0.019108691620939124
-10.197196118059026,-0.07635136260888735,0.0002935970343792947,6.9119394166079395,-0.019213832180824515
-10.167761195597798,-0.0764618659396747,0.00028199113922183614,6.930298865791549,-0.019310279688443933
-10.138326273136563,-0.07657239135295235,0.00028527422029275845,6.948764922111015,-0.019406749278553646
-10.108891350675336,-0.0766969675859351,0.00029467025680628665,6.967338516817638,-0.019517269688368463
-10.079456428214101,-0.07681788739264797,0.00030549412005797155,6.986020592040832,-0.019624133671913402
-10.050021505752873,-0.07693640587032542,0.00031467743947746806,7.0048121009473805,-0.019728596326422917
-10.020586583291646,-0.07704248297698423,0.00030946175636345497,7.023714007903584,-0.019820617609913792
-9.991151660830411,-0.07714790983543031,0.00029649339279999153,7.042727288640215,-0.01991198864519194
-9.961716738369184,-0.07728746489124076,0.00029502855909547377,7.061852930420407,-0.020037487877834465
-9.932281815907949,-0.07742728414955417,0.00029903456422349973,7.081091932210571,-0.02016325131297994
-9.902846893446721,-0.07755356826874976,0.00029908626930133,7.100445304854287,-0.020275479609007593
-9.873411970985487,-0.07766425264836949,0.00030159887986021066,7.119914071249389,-0.020372108165459382
-9.843977048524259,-0.07778541992803002,0.00029684816510052315,7.139499266528144,-0.020479219621951983
-9.814542126063031,-0.07792308810314853,0.0002927425952100669,7.159201938240749,-0.020602831973902565
-9.785107203601797,-0.07804871506334866,0.00029013145930598664,7.179023146542089,-0.02071440311093476
-9.75567228114057,-0.07815972507142012,0.00030292376283018663,7.19896396438188,-0.020811357295838287
-9.726237358679334,-0.07826903510448378,0.00031210395970833607,7.21902547769831,-0.020906611505734016
-9.696802436218107,-0.0784011006541248,0.0003182742367143411,7.239208785615131,-0.021024621232207094
-9.66736751375688,-0.07853933869591505,0.0003318465231097102,7.259515000642435,-0.021148803450829416
-9.637932591295645,-0.07866732531449076,0.00035304323250398166,7.279945248881047,-0.021262734246237196
-9.608497668834417,-0.07877578297523241,0.00037490491950085974,7.300500670230684,-0.02135713608381091
-9.579062746373182,-0.07890233121203218,0.00036801414623438534,7.321182418601999,-0.021469628497442737
-9.549627823911955,-0.07904573890104476,0.0003534591711054174,7.341991662132471,-0.02159898036328739
-9.52019290145072,-0.0791830892426385,0.0003661558774756627,7.362929583406379,-0.021722274881713202
-9.490757978989492,-0.0792965996841751,0.00038588386813986805,7.383997379678793,-0.021821729500081863
-9.461323056528265,-0.07940097166648158,0.00038851141116527015,7.40519626310382,-0.021912045659220412
-9.43188813406703,-0.07951434916540838,0.0003800875594686685,7.4265274609670655,-0.022011367334979277
-9.402453211605803,-0.07964494546952071,0.0003793853360635598,7.4479922159224765,-0.02212790781592367
-9.373018289144568,-0.07977463305451228,0.0003980912049989229,7.469591786233689,-0.022243539577747308
-9.34358336668334,-0.07988661851258334,0.00039137360496889424,7.491327446019855,-0.02234146921265044
-9.314148444222106,-0.07999181331636197,0.0003763085023266712,7.513200485506228,-0.022432608193261136
-9.284713521760878,-0.08010512700186871,0.0003734871715529533,7.535212211279418,-0.02253186605559994
-9.25527859929965,-0.0802369466128292,0.00037625210958409217,7.557363946547606,-0.022649629843392492
-9.225843676838416,-0.08037360100434217,0.00037473004493551466,7.579657031405677,-0.02277222841173753
-9.196408754377188,-0.08050273892092809,0.00036652320050800245,7.602092823105456,-0.022887310505155516
-9.166973831915953,-0.08063384937481119,0.0003554285483373293,7.624672696331192,-0.02300436513587069
-9.137538909454726,-0.0807769656336713,0.00035424019542242566,7.647398043480301,-0.023133425571562866
-9.108103986993491,-0.08093868110270484,0.0003551128761715289,7.67027027494962,-0.02328108521742847
-9.078669064532264,-0.08108036784152656,0.0003520207992906497,7.6932908194271565,-0.02340871613308225
-9.049234142071036,-0.08120391315415436,0.00035571948815728234,7.716461124189613,-0.023518205622542122
-9.019799219609801,-0.08130641006554488,0.0003650574537896692,7.7397826554056754,-0.023606646710764713
-8.990364297148574,-0.0814157931166669,0.0003820750838444136,7.763256898445266,-0.0237019739387188
-8.960929374687339,-0.08155124055068307,0.0004064215202974884,7.786885358194941,-0.02382336554956703
-8.931494452226111,-0.08169763774109591,0.0004307053470796222,7.810669559379446,-0.02395570691681194
-8.902059529764877,-0.08182392348863764,0.0004352681663196135,7.83461104688974,-0.02406793684118573
-8.87262460730365,-0.08196024256443456,0.0004388800367112101,7.858711386117453,-0.024190200093814722
-8.843189684842422,-0.08210643236909647,0.0004450158258232832,7.8829721632961185,-0.024322334075308698
-8.813754762381187,-0.08227272946367022,0.0004590374485679784,7.907394985849175,-0.02447457534671451
-8.78431983991996,-0.08244248547824194,0.0004725833515311639,7.931981482744971,-0.024630275538118307
-8.754884917458725,-0.08259622826412799,0.0004794884937978596,7.956733304858989,-0.02476996250083642
-8.725449994997497,-0.08275662843797717,0.00047534461722942517,7.981652125343314,-0.02491630685151766
-8.696015072536262,-0.08293068744145553,0.00047239872833387705,8.006739640003692,-0.025076310031828086
-8.666580150075035,-0.083099041916952,0.00046460869864636676,8.031997567684192,-0.02523060868415663
-8.637145227613807,-0.08323673007207955,0.000475755117864064,8.057427650659806,-0.02535424101611624
-8.607710305152573,-0.08337761488853324,0.000490305322575074,8.083031655037061,-0.025481070009401995
-8.578275382691345,-0.08349026868402006,0.0004997730633782185,8.108811371162867,-0.025579667981720886
-8.54884046023011,-0.08359734217597281,0.0005113082173020318,8.134768614041871,-0.025672685650505706
-8.519405537768883,-0.0837088434299648,0.000535554188095116,8.160905223762384,-0.025770131081329764
-8.489970615307648,-0.0838423947987606,0.0005609368536778351,8.187223065931256,-0.025889626626957624
-8.46053569284642,-0.08400124357239847,0.0005764688199739219,8.213724032117728,-0.02603441957742756
-8.431100770385193,-0.08416129859680603,0.0005733174901346372,8.240410040306683,-0.02618041877866719
-8.401665847923958,-0.08432707166596091,0.0005373086963419323,8.26728303536136,-0.02633213602465414
-8.37223092546273,-0.08450488609291852,0.000522102620624007,8.294344989495821,-0.026495894628443817
-8.342796003001496,-0.08469082751505379,0.0005268197555362405,8.321597902757494,-0.026667780227411148
-8.313361080540268,-0.08487647521868524,0.0005474110367129009,8.349043803519868,-0.026839372107874668
-8.283926158079034,-0.08503788809826568,0.0005700934267640184,8.376684748985785,-0.026986729164287168
-8.254491235617806,-0.0851876518334065,0.0005816484793649151,8.404522825701418,-0.02712243707626006
-8.225056313156578,-0.08534831798582554,0.0005801160328087864,8.432560150081358,-0.02726904740551117
-8.195621390695344,-0.08548029733520786,0.0006028542798605974,8.460798868944968,-0.027386970931725554
-8.166186468234116,-0.08562080978444107,0.0006256917780365661,8.489241160064333,-0.027513427557790834
-8.136751545772881,-0.08578946808198924,0.0006273971816274125,8.517889232724166,-0.027668030032171068
-8.107316623311654,-0.0859480465060986,0.0006058559295412968,8.546745328293813,-0.02781255263311249
-8.07788170085042,-0.08610335293895083,0.0005933143980873306,8.575811720811869,-0.02795380324279679
-8.048446778389192,-0.08629300024878532,0.000596285415185352,8.605090717583524,-0.028129394729463346
-8.019011855927964,-0.08649355172897998,0.0005957231912141353,8.634584659791148,-0.028315890386490072
-7.989576933466729,-0.08664700217025646,0.0005827607116089183,8.664295923118331,-0.028455285004598624
-7.960142011005502,-0.08679772226459677,0.0005724531595687532,8.694226918387738,-0.028591949275770995
-7.930707088544267,-0.08697127195675873,0.0006211658487350679,8.724380092213266,-0.02875144314476502
-7.901272166083039,-0.08711877589183631,0.0006486377625615859,8.75475792766665,-0.02888489125667467
-7.871837243621812,-0.08724365186751222,0.0006446778585978452,8.78536294495915,-0.028995711409182647
-7.842402321160577,-0.08741791706049828,0.000635171703035887,8.816197702138501,-0.029155920779000775
-7.8129673986993495,-0.08761779267967036,0.0006253302692673664,8.847264795801635,-0.029341740575004924
-7.783532476238115,-0.0878084136956942,0.0006132217662280832,8.878566861823627,-0.029518305767860825
-7.754097553776887,-0.0880097118781167,0.0005874974473418786,8.910106576103155,-0.029705548127115386
-7.724662631315653,-0.0882052232248149,0.0005922547588147007,8.941886655325103,-0.029887003650645658
-7.695227708854425,-0.0883909942095356,0.0006013939883105872,8.97390985774056,-0.030058718812198425
-7.665792786393197,-0.08860063164077688,0.000603743109381981,9.006178983964897,-0.030254300420271767
-7.636357863931963,-0.08881152221063393,0.0006058959525045174,9.038696877794226,-0.030451135166960887
-7.606922941470735,-0.08899320272463307,0.0006100591412387206,9.071466427040813,-0.030618759857792097
-7.5774880190095,-0.08916735676840565,0.0006177847485497559,9.10449056438804,-0.03077885807839674
-7.548053096548273,-0.08933236741224797,0.0006577410006023746,9.137772268265259,-0.030929812899071124
-7.518618174087038,-0.08952138649472703,0.0007057398838296705,9.171314563743314,-0.031104776158382252
-7.4891832516258106,-0.08972737757517986,0.000694516370260502,9.205120523451063,-0.03129671141566715
-7.459748329164583,-0.08993114968100048,0.0006616997315148317,9.239193268513711,-0.031486427698319844
-7.430313406703348,-0.09014205370237165,0.0006630700178582436,9.273535969513368,-0.031683275896523075
-7.400878484242121,-0.09032978782894263,0.0006920041272745921,9.308151847472532,-0.031856954199926124
-7.371443561780886,-0.09048762364351637,0.0007246471462657782,9.343044174861214,-0.032000734191331925
-7.342008639319658,-0.09063621543617055,0.0007453562347996049,9.378216276628162,-0.03213527016081818
-7.312573716858424,-0.09080612600283387,0.0007620415191890273,9.413671531257133,-0.032291124904313566
-7.283138794397196,-0.09099717273543857,0.0007673504561922574,9.449413371848634,-0.03246811581375033
-7.2537038719359686,-0.09121494809025789,0.0007603082203624855,9.485445287228135,-0.03267183534540172
-7.224268949474734,-0.09145023540900347,0.0007516294106378014,9.521770823081285,-0.03289306684097937
-7.194834027013506,-0.09166808250928919,0.0007421032027851183,9.558393583116995,-0.03309685811809715
-7.165399104552272,-0.09186948907741166,0.0007568298940870225,9.595317230259276,-0.03328420886305168
-7.135964182091044,-0.09206466904556998,0.0007991875869270578,9.632545487868441,-0.033465333008042074
-7.106529259629809,-0.09226303794664209,0.0008421075143840497,9.670082140992799,-0.03364964608594625
-7.077094337168582,-0.09246923760696595,0.00084786549697747,9.707931037651436,-0.03384178992310217
-7.047659414707354,-0.09269074552719703,0.0008228473774068342,9.746096090149292,-0.03404924202016532
-7.018224492246119,-0.09292107893379326,0.0008068946655012503,9.784581276425222,-0.034265519603593614
-6.988789569784892,-0.09314998882708632,0.0008191059354260079,9.823390641434134,-0.03448037367371874
-6.959354647323657,-0.09337981464818401,0.0008564260943386443,9.862528298564293,-0.0346961436716485
-6.92991972486243,-0.09358821283273133,0.000903170600712056,9.9019984310906,-0.03489048603302789
-6.900484802401195,-0.0937904747715818,0.0009386500604841403,9.941805293665233,-0.03507869214871042
-6.871049879939967,-0.09401145445758045,0.0009582241915579242,9.981953213846415,-0.03528561601154114
-6.84161495747874,-0.0942581684481588,0.0009586196155381467,10.022446593666839,-0.035518274178951564
-6.812180035017505,-0.09449536290901567,0.0009387618286973511,10.06328991124261,-0.03574141281664049
-6.782745112556277,-0.09472676288080521,0.0009274041091524109,10.104487722424116,-0.0359587569652621
-6.753310190095043,-0.09494928697397587,0.0009293547555349297,10.146044662490155,-0.03616722523526482
-6.723875267633815,-0.09517604531583136,0.0009211032974134042,10.187965447886407,-0.036379927753952386
-6.6944403451725805,-0.09543333527559532,0.0008980162308326494,10.230254878009946,-0.03662316189054841
-6.665005422711353,-0.09571934565371498,0.000895026811292715,10.272917837040854,-0.03689511644550014
-6.635570500250125,-0.09601231286001456,0.0009318954249825849,10.315959295822761,-0.03717402782863179
-6.606135577788891,-0.09626864218576196,0.0009572374635628047,10.359384313793543,-0.03741630133121125
-6.576700655327663,-0.09651270877393642,0.0009649130320322933,10.403198040967858,-0.03764631209621778
-6.547265732866428,-0.09677707931340368,0.0009708681747228286,10.447405719973295,-0.037896626812517105
-6.517830810405201,-0.09706695973632956,0.0009708759107491953,10.4920126881415,-0.03817245141227505
-6.488395887943966,-0.09734967202709595,0.000962684550415005,10.537024379656424,-0.0384411078798735
-6.4589609654827385,-0.09760990114364909,0.0009463274111423727,10.582446327761112,-0.03868728117325872
-6.429526043021511,-0.09786511877705371,0.00094682548140569,10.628284167025287,-0.038928442983495404
-6.400091120560276,-0.09814591139184858,0.0009363374324833585,10.674543635675404,-0.03919517977512234
-6.370656198099049,-0.09843847742160199,0.0009220488818334841,10.721230577989282,-0.03947368998170781
-6.341221275637814,-0.0987357425503602,0.0009166770681105831,10.768350946757547,-0.03975689928729809
-6.311786353176586,-0.09900039508107827,0.0009136308475688305,10.81591080581379,-0.04000749599484823
-6.282351430715352,-0.0992619362052089,0.0009156898056782032,10.863916332636016,-0.04025498129581092
-6.252916508254124,-0.09954805030606188,0.0009087359250988338,10.9123738210214,-0.040527039573495974
-6.2234815857928965,-0.09984643848218372,0.0008794212420230048,10.96128968383712,-0.040811371926449874
-6.194046663331662,-0.10013409350714253,0.0008378981289425535,11.01067045584949,-0.04108497112824075
-6.164611740870434,-0.10042835914831998,0.0008337794193390998,11.06052279663418,-0.04136518094625027
-6.1351768184091995,-0.10073720505614338,0.000874646853037603,11.11085349357028,-0.04165997103090573
-6.105741895947972,-0.10102869211285104,0.0009119728142944568,11.16166946492084,-0.04193740226444546
-6.076306973486744,-0.10129221805292699,0.000942125836933767,11.212977763003087,-0.04218687238135348
-6.04687205102551,-0.10155256738860852,0.0009666492429728894,11.264785577451137,-0.04243316589386707
-6.017437128564282,-0.10181895465070738,0.000981455655480959,11.31710023857446,-0.042685497332798
-5.988002206103047,-0.1020876719426956,0.0009885822136915328,11.369929220815504,-0.04294015880161828
-5.95856728364182,-0.1023691942718929,0.0010160115900442557,11.423280146309652,-0.04320762530764765
-5.929132361180585,-0.10264006253957653,0.0010495241813453556,11.47716078855139,-0.04346443775216335
-5.8996974387193575,-0.10292707228885846,0.0011046729864621738,11.531579076170026,-0.043737391678277344
-5.87026251625813,-0.10324272520985815,0.0011627711909795492,11.586543096819199,-0.04403898877610911
-5.840827593796895,-0.10355967660731315,0.001210209339712584,11.642061101183874,-0.04434188435039617
-5.811392671335668,-0.10386215587319199,0.0012421798061873373,11.698141507109087,-0.044630307793107074
-5.781957748874433,-0.10417154794050011,0.001263758295987684,11.754792903854968,-0.04492564403724726
-5.752522826413205,-0.10449732240727334,0.0013043155012223391,11.81202405648216,-0.045237362680852565
-5.723087903951971,-0.10483156660179427,0.0013191264829745825,11.869843910372817,-0.045557551052205554
-5.693652981490743,-0.10518910552844403,0.0013346754469203313,11.928261595891598,-0.04590103415568739
-5.6642180590295155,-0.1055370795586235,0.0013489163560803472,11.98728643319221,-0.04623495236269892
-5.634783136568281,-0.1058972197155957,0.0013556245565920738,12.046927937174456,-0.04658103669650318
-5.605348214107053,-0.10627051455925163,0.001362671198356081,12.107195822597456,-0.046940275716991185
-5.5759132916458185,-0.10665663992767842,0.0013724710988302024,12.168100009354994,-0.04731234526225004
-5.546478369184591,-0.10705108704660467,0.0014028384409819667,12.229650627918591,-0.047692736558008354
-5.517043446723356,-0.10741498093580693,0.0014297157191198511,12.29185802495508,-0.048042574624042676
-5.487608524262129,-0.10778051817708995,0.0014533378961456456,12.35473276912471,-0.04839405604215777
-5.458173601800901,-0.10817836418163573,0.0014656867363769894,12.418285657067122,-0.04877784622353562
-5.428738679339666,-0.10859191226984878,0.001454787753485908,12.482527719581862,-0.04917733848858073
-5.399303756878439,-0.1090122249135665,0.0014260531889137746,12.547470228011104,-0.04958359530913053
-5.369868834417204,-0.10943850038609308,0.0014022092755018867,12.613124700832415,-0.04999581495848917
-5.3404339119559765,-0.10986223601514462,0.001418030468573215,12.67950291046933,-0.050405494764372775
-5.310998989494742,-0.11027570147077058,0.0014419319756987976,12.746616890328639,-0.050804904396830795
-5.281564067033514,-0.1106738234041059,0.0014639312848885638,12.814478942072755,-0.051188970506998194
-5.252129144572287,-0.11107210961594834,0.0014945708890533136,12.883101643136857,-0.05157320089567269
-5.222694222111052,-0.11148399614524264,0.0015291702393191522,12.952497854500068,-0.051971031601799056
-5.193259299649824,-0.11191449765118193,0.0015509200776029997,13.022680728720907,-0.05238747728457042
-5.16382437718859,-0.1123507553852463,0.0015577381618991169,13.093663718247745,-0.052809679195466856
-5.134389454727362,-0.1128070124282826,0.0015316591017799461,13.165460584014854,-0.05325188041533522
-5.104954532266127,-0.11329142132810659,0.0015091703564057482,13.238085404336111,-0.05372223349199127
-5.0755196098049,-0.11377107832195747,0.0015020986343569841,13.311552584107913,-0.054187834662674225
-5.046084687343672,-0.11420488312374084,0.0015071528567625523,13.38587686433443,-0.05460758364128966
-5.0166497648824375,-0.11462438600640512,0.0015365611102566323,13.461073331988029,-0.055013030700786
-4.98721484242121,-0.11504522363097593,0.00159110203747053,13.537157430218866,-0.05541981250218888
-4.957779919959975,-0.11547382709617049,0.0016311801780309995,13.614144968928368,-0.05583436014421551
-4.928344997498748,-0.11592724806436865,0.0016492802758152818,13.692052135721335,-0.056273725289245735
-4.898910075037513,-0.11639151981496076,0.0016667672500444537,13.770895507253172,-0.05672394121666992
-4.869475152576285,-0.11687060758084328,0.0016741203869353937,13.85069206098837,-0.057188973159384496
-4.840040230115058,-0.11737043896305958,0.0016678597700401144,13.931459187388338,-0.057674748718432874
-4.810605307653823,-0.11787863001105199,0.0016532603791628115,14.01321470254648,-0.058168883943257345
-4.7811703851925955,-0.1183916845352922,0.0016366907637177287,14.09597686128999,-0.058667882644329615
-4.751735462731361,-0.11890325077319476,0.0016296534093217597,14.179764370768828,-0.05916539305906424
-4.722300540270133,-0.11941028205549324,0.0016541204174298275,14.264596404552565,-0.059658368518194796
-4.6928656178088985,-0.11991653581199496,0.0016782310118333577,14.350492617258123,-0.06015056645152858
-4.663430695347671,-0.12041127493229832,0.0017048614813223418,14.437473159731107,-0.060631249748664004
-4.633995772886443,-0.12091255913872441,0.001735378699170578,14.525558694806076,-0.061118478131922165
-4.604560850425209,-0.1214358460502396,0.0017629174055160345,14.614770413671055,-0.061627709220269423
-4.575125927963981,-0.12197914641417505,0.0017809541603249573,14.70513005286379,-0.062156953761036936
-4.545691005502746,-0.12253470904642981,0.0017863940001990898,14.796659911928527,-0.06269846057012377
-4.516256083041519,-0.12311742893706296,0.0017736240321945122,14.88938287176296,-0.06326712463758898
-4.486821160580284,-0.12373541968773727,0.0017413917627002128,14.983322413687686,-0.06387105956509535
-4.4573862381190565,-0.12434354463464391,0.001722445238567725,15.078502639270873,-0.06446512868883406
-4.427951315657829,-0.12493380175651163,0.0017274046256324088,15.174948290943991,-0.06504132998753384
-4.398516393196594,-0.12551468401519608,0.0017377369657825368,15.272684773445048,-0.06560815642305037
-4.369081470735367,-0.12607221351815812,0.0017504915159265802,15.371738176128654,-0.06615163010284447
-4.339646548274132,-0.12667064357784855,0.0017251655355647918,15.47213529618423,-0.06673600433936697
-4.310211625812904,-0.12727935201434082,0.001708224833770156,15.573903662805249,-0.0673306569526913
-4.28077670335167,-0.12788873266381343,0.0016888982206219134,15.677071562355984,-0.06792598177899598
-4.251341780890442,-0.1284874244698765,0.0016604075354695142,15.781668064583341,-0.0685106177618911
-4.2219068584292145,-0.1290820344890121,0.001638040471531106,15.887723049925564,-0.06909117195785877
-4.19247193596798,-0.129695571538163,0.0016335487072394392,15.995267237971065,-0.06969065318384174
-4.163037013506752,-0.13033236445409774,0.001637882809007014,16.104332217124572,-0.07031339027660856
-4.133602091045518,-0.13097238924538335,0.001606518982142705,16.214950475541038,-0.07093935924472623
-4.10416716858429,-0.131611198588329,0.0015609209656159428,16.327155433390292,-0.07156411276450396
-4.074732246123062,-0.13226753000377442,0.001529148314951866,16.440981476520527,-0.07220638835678145
-4.045297323661828,-0.13293118644341928,0.0015094890289297704,16.556463991591183,-0.07285598897325837
-4.0158624012006,-0.13359277179615603,0.0014928666067404242,16.673639402750943,-0.07350351850282719
-3.9864274787393654,-0.13427948914080082,0.0014553924772840526,16.792545209940883,-0.07417618002430404
-3.956992556278138,-0.13498138229045087,0.0014406627624308419,16.913220028906807,-0.07486401735078616
-3.927557633816903,-0.1356841228365419,0.0014262970178340985,17.035703633011238,-0.07555270207370926
-3.8981227113556756,-0.13638238412378212,0.0014068672657289677,17.1600369969393,-0.07623690753778153
-3.868687788894448,-0.13708634287367474,0.00138929291961611,17.286262342400263,-0.07692681046450622
-3.8392528664332133,-0.13780379233623338,0.0013628276491418128,17.414423185931085,-0.07763020410389693
-3.8098179439719857,-0.13856211344671762,0.001385024047265016,17.54456438891599,-0.07837446939121323
-3.780383021510751,-0.1397080746015464,0.0015139693940772784,17.676732209943104,-0.07950637472287408
-3.7509480990495234,-0.14076762991639394,0.0013265222055942793,17.81097435962581,-0.08055187421455369
-3.7215131765882887,-0.14148668634909156,0.0013344124330001697,17.9473400580262,-0.08125687482408338
-3.692078254127061,-0.14196572911408603,0.0015058210950225663,18.085880094824883,-0.08172186176590991
-3.6626433316658336,-0.14263378684424996,0.0014313535936589703,18.226646892392594,-0.08237586367290592
-3.633208409204599,-0.1436278161675916,0.0012895533265484184,18.36969457192738,-0.08335583717307962
-3.6037734867433713,-0.1445628615120478,0.0012680355134775262,18.515079022832943,-0.0842768266943679
-3.5743385642821366,-0.14515959031573664,0.0012761143381036465,18.662857975525384,-0.08485949967488879
-3.544903641820909,-0.14574644390760128,0.0013708636106591885,18.813091077866645,-0.08543229744358549
-3.5154687193596743,-0.14648431779840282,0.0015167419610603704,18.96583997543842,-0.0861561155112191
-3.4860337968984467,-0.14704978180902442,0.001424104585473211,19.12116839588229,-0.08670752369867277
-3.456598874437219,-0.14774158620868774,0.0013507039073317594,19.279142237549664,-0.08738527227516815
-3.4271639519759844,-0.14852665149421726,0.0014536804252364155,19.43982966271967,-0.08815628173752973
-3.397729029514757,-0.1494048987561302,0.0015749737426119146,19.603301195662382,-0.08902047317627475
-3.368294107053522,-0.15004627844652882,0.0014642810783881215,19.769629825844184,-0.08964779704350544
-3.3388591845922946,-0.15073308126548562,0.0013425373508820244,19.93889111659161,-0.0903205440392943
-3.30942426213106,-0.1516952245015124,0.0013803988773410855,20.11116331955475,-0.09126863145215315
-3.2799893396698323,-0.15259480151073976,0.0013064046685266897,20.28652749533319,-0.09215415263821258
-3.2505544172086047,-0.15312876949786194,0.001285995767898789,20.465067640656514,-0.09267406480216683
-3.22111949474737,-0.15376859951400243,0.0014183077452066234,20.646870822537437,-0.09329983899513938
-3.1916845722861424,-0.15452493969926107,0.0013366542436366415,20.83202731984825,-0.09404212335723008
-3.1622496498249077,-0.1552298461396797,0.0011146634707341248,21.020630772804655,-0.09473297397448077
-3.13281472736368,-0.15597278977027781,0.0010855922806610049,21.212778340875897,-0.09546186178191096
-3.1033798049024455,-0.15658758836336772,0.0012072058324718792,21.40857086968216,-0.09606260455183294
-3.073944882441218,-0.15717526774109133,0.0012724853597200587,21.608113067480048,-0.09663622810638861
-3.0445099599799903,-0.15793867171726825,0.001341936216161504,21.81151369188657,-0.09738557625939759
-3.0150750375187556,-0.15848262099629765,0.0013857618287673788,22.01888574754011,-0.09791546971525905
-2.985640115057528,-0.15889495153821978,0.0015229659033826014,22.23034669545359,-0.09831374443401326
-2.9562051925962933,-0.15926840562142017,0.0018256681461292878,22.446018674875354,-0.09867314269404572
-2.9267702701350657,-0.1596599638334031,0.0020149229176086953,22.666028738536962,-0.09905064508286072
-2.897335347673831,-0.1601907433126649,0.00162312818015437,22.890509102241573,-0.09956736873895457
-2.8679004252126035,-0.16096456733429276,0.0018813184393022698,23.119597409821466,-0.10032713693741452
-2.838465502751376,-0.1613426078582204,0.002307505339552785,23.35343701458207,-0.10069112163817423
-2.809030580290141,-0.16149886514049913,0.0027948694487900856,23.59217727844042,-0.10083332309728502
-2.7795956578289136,-0.16186428269833883,0.0029814911938482597,23.8359738900702,-0.10118468483195678
-2.750160735367679,-0.16214393122281043,0.002955172015161291,24.08498920347797,-0.10145027753326044
-2.7207258129064513,-0.16224132049766543,0.003040893172050471,24.33939259855642,-0.10153361098494751
-2.6912908904452166,-0.1623589251159702,0.0034048260478681306,24.599360865299005,-0.10163715978008434
-2.661855967983989,-0.16256964965475973,0.003746275672209508,24.865078613505577,-0.10183382849570594
-2.6324210455227615,-0.1628283029616767,0.0038802779445322607,25.136738709976186,-0.10207842597945496
-2.6029861230615268,-0.16296560741824864,0.004014237853277606,25.414542745367296,-0.10220167461285899
-2.573551200600299,-0.16318273698233599,0.004450813500693017,25.69870153308598,-0.1024047483537784
-2.5441162781390645,-0.16318060807157164,0.004823550696082399,25.98943564281737,-0.10238856361984612
-2.514681355677837,-0.16334013997115684,0.004974581156140256,26.286975971521485,-0.1025340396962634
-2.485246433216602,-0.16349315715050752,0.00507426447979882,26.59156435500804,-0.10267300105244614
-2.4558115107553746,-0.16340327359741177,0.005386738085544339,26.903454223491437,-0.10256906167618246
-2.426376588294147,-0.16336261193027538,0.005798263967831433,27.222911304863004,-0.10251434418587813
-2.3969416658329123,-0.16359381653359426,0.006198133920589351,27.55021437978043,-0.10273149296602907
-2.3675067433716848,-0.1635590669341018,0.006354709584915314,27.885656093084755,-0.10268268754336868
-2.33807182091045,-0.16362140542475304,0.0066311945004091455,28.22954382650973,-0.10273097021085198
-2.3086368984492225,-0.16358772700468757,0.006798595272326823,28.582200638151757,-0.10268323596761858
-2.279201975987995,-0.16368818753664838,0.006947374917250726,28.943966274738187,-0.10276964067641145
-2.24976705352676,-0.1640274206361668,0.007240723578756272,29.315198263359125,-0.10309481795276193
-2.2203321310655326,-0.16402570004048078,0.007957194130216741,29.696273090037664,-0.103079041533908
-2.190897208604298,-0.16398941276640158,0.008164881804470552,30.087587473306318,-0.10302869843666086
-2.1614622861430703,-0.16403535167214534,0.008238077649684676,30.48955974184386,-0.10306058151923668
-2.1320273636818357,-0.16399157381033638,0.009015158930023385,30.90263132623225,-0.10300274783425979
-2.102592441220608,-0.16408282244603642,0.009508690484314249,31.327268376013677,-0.1030799406467919
-2.0731575187593805,-0.1637991128752553,0.009829744262240077,31.76396351450412,-0.10278217525284286
-2.043722596298146,-0.16368958954288806,0.010303483113457534,32.21323774524911,-0.10265859609730768
-2.014287673836918,-0.1633553896610164,0.010699708745654462,32.67564252563452,-0.10231034039226808
-1.9848527513756835,-0.16300878727231685,0.011125078654645553,33.15176202500554,-0.1019496821804006
-1.955417828914456,-0.16240201952399871,0.01186220303395621,33.64221558673286,-0.10132885860891452
-1.9259829064532212,-0.16141303829701556,0.012676318702424532,34.14766041604831,-0.10032582155876343
-1.8965479839919936,-0.16041703699668095,0.013388549167990219,34.668794518173925,-0.09931576443526088
-1.867113061530766,-0.15912253776836446,0.014260467081404184,35.206359914369536,-0.09800720938377647
-1.8376781390695314,-0.1572837391055521,0.015123863513546018,35.76114616705636,-0.09615435489779617
-1.8082432166083038,-0.15480834351015912,0.01601830328329522,36.33399424923634,-0.09366490347923527
-1.778808294147069,-0.15191670099947419,0.01745040177137526,36.92580079808937,-0.0907592051453824
-1.7493733716858415,-0.14759886074153894,0.018677709278980433,37.537522797994015,-0.08642730906427923
-1.7199384492246068,-0.14263578590468448,0.019676715951147106,38.17018274442026,-0.08145017840425683
-1.6905035267633792,-0.13666490757453512,0.02048674853828568,38.82487434729966,-0.07546524425093953
-1.6610686043021516,-0.12872848689582353,0.021047231201700673,39.50276884079641,-0.06751476774906001
-1.631633681840917,-0.11951833066283261,0.02121389384821499,40.20512197605227,-0.05829055569290116
-1.6021987593796894,-0.10895096686664628,0.02070769900910801,40.93328178473798,-0.04770913607354689
-1.5727638369184547,-0.09686300748420129,0.01897747516293482,41.68869721439496,-0.03560712086793397
-1.543328914457227,-0.08461263179096816,0.017434347319952446,42.4729277519522,-0.023342689351532907
-1.5138939919959924,-0.07203909880648636,0.015386042148781455,43.28765416991707,-0.010755100543883171
-1.4844590695347648,-0.06011067917424671,0.013592234890404882,44.13469055106237,0.0011873749115244164
-1.4550241470735372,-0.0488595759528096,0.011966760373541281,45.0159977726621,0.012452533956129455
-1.4255892246123025,-0.03793552459074038,0.010246693999480219,45.93369866122367,0.02339064114136661
-1.396154302151075,-0.027739933196563454,0.008701749493416549,46.890095064250424,0.03360028835871147
-1.3667193796898403,-0.018074072065649982,0.007300323280449742,47.88768712804529,0.04328020531279288
-1.3372844572286127,-0.009189989262998697,0.006041851412083106,48.929195121449375,0.05217834393861209
-1.307849534767378,-0.0012908072324669655,0.004769021393028888,50.01758420662099,0.060091581792311756
-1.2784146123061504,0.006500777257659469,0.00376789701783233,51.1560926318269,0.06789722210560613
-1.2489796898449228,0.013560617944581854,0.002885400700859037,52.348263910784354,0.07497111861569644
-1.219544767383688,0.019786862417524118,0.0020469240257706104,53.59798366208216,0.08121141891180664
-1.1901098449224605,0.025615783371810988,0.0013713791115655253,54.909521915486266,0.08705439568926145
-1.1606749224612258,0.02967371501600295,0.0010101213128538684,56.287581855621085,0.09112638315662135
-1.13124,0.03669259333333333,0.000865353884694552,57.737356175524205,0.09815931729711966
