Temp./°C,DSC_mean/(mW/mg),DSC_std/(mW/mg),pore radius in nm
-59.96591,-0.03495240333333333,0.0013936376702077904,1.6484460704423562
-59.93645567783892,-0.034977592147958515,0.0014099488048427407,1.648976046691918
-59.90700135567784,-0.03499613952621355,0.0014062057242194466,1.6495065440856145
-59.87754703351676,-0.03501653257856448,0.0014007558431066382,1.6500375633925124
-59.848092711355676,-0.03504141430501124,0.0013961389325122986,1.6505691053831932
-59.8186383891946,-0.035055755526151366,0.0013854739984441725,1.651101170829755
-59.78918406703352,-0.035060956894811195,0.0013633656047771306,1.6516337605058178
-59.75972974487244,-0.035064931130110895,0.0013391273227751415,1.6521668751865275
-59.73027542271136,-0.035045510974253645,0.0012880443023078553,1.6527005156485584
-59.70082110055028,-0.034992065714871255,0.0011932009679905,1.6532346826701168
-59.67136677838919,-0.03496724041033022,0.001138554864395695,1.653769377030947
-59.64191245622811,-0.03496898383384218,0.001124180931120765,1.654304599512332
-59.61245813406703,-0.0349832843723172,0.0011278203250586327,1.6548403508971008
-59.583003811905954,-0.03500534907646762,0.001132053870279203,1.6553766319696281
-59.553549489744874,-0.0350207486255644,0.0011207177562091945,1.6559134435158422
-59.524095167583795,-0.03501964988624314,0.0010961717784692447,1.656450786323227
-59.494640845422715,-0.035022310996047724,0.001080868124918861,1.656988661180824
-59.46518652326163,-0.03503175675432418,0.0010716291550962936,1.65752706887924
-59.43573220110055,-0.03503722764115443,0.0010625564774913703,1.6580660102106477
-59.40627787893947,-0.03505265089072063,0.0010708090247348848,1.658605485968792
-59.37682355677839,-0.03505881485318058,0.001071147857626549,1.6591454969489918
-59.34736923461731,-0.03507730121156034,0.0010846303483204162,1.6596860439481453
-59.31791491245623,-0.035101527297617875,0.0011019464507776922,1.6602271277647334
-59.288460590295145,-0.03511771283671665,0.001109890711577663,1.660768749198824
-59.259006268134065,-0.03512873456864551,0.001113251453820045,1.6613109090520752
-59.229551945972986,-0.035129995142635116,0.0011184022173408772,1.66185360812774
-59.20009762381191,-0.03513772817778942,0.0011234430637920233,1.6623968472306698
-59.17064330165083,-0.035150858256192886,0.0011222934720280114,1.6629406271673193
-59.14118897948975,-0.03516229684970842,0.0011201198590900694,1.663484948745749
-59.11173465732867,-0.03517220049344991,0.0011207621576267122,1.6640298127756301
-59.08228033516758,-0.03518267350713358,0.0011209704337759065,1.6645752200682482
-59.0528260130065,-0.03519393387676281,0.0011204607420594883,1.6651211714365086
-59.02337169084542,-0.03520420155680699,0.0011172258038206445,1.6656676676949376
-58.99391736868434,-0.03520256179972039,0.001112950676786891,1.6662147096596893
-58.964463046523264,-0.03518974005026567,0.001105726334889305,1.6667622981485484
-58.935008724362184,-0.03518290978498148,0.0010954664729109593,1.667310433980934
-58.905554402201105,-0.03518434286385446,0.0010883125539146222,1.6678591179779048
-58.87610008004002,-0.035188246162912495,0.0010873134746118278,1.6684083509621623
-58.84664575787894,-0.03518992280983974,0.0010933981225171438,1.6689581337580548
-58.81719143571786,-0.03518673073386366,0.0011012161302135343,1.6695084671915823
-58.78773711355678,-0.035176327262847855,0.0011080688236782194,1.6700593520903992
-58.7582827913957,-0.03516335238512094,0.0011102592548451532,1.6706107892838213
-58.72882846923462,-0.03515652968920816,0.0011085831582123718,1.6711627796028266
-58.699374147073534,-0.035144978343607004,0.0011078150737056157,1.6717153238800608
-58.669919824912455,-0.03513944390116149,0.001110342857677849,1.6722684229498435
-58.640465502751375,-0.03513600821331234,0.001109431593479113,1.672822077648168
-58.611011180590296,-0.035138899486251644,0.0011125763764962306,1.6733762888127104
-58.58155685842922,-0.0351405357611262,0.0011243097892499182,1.67393105728283
-58.55210253626814,-0.035140993677802275,0.0011363125898459522,1.674486383899576
-58.52264821410706,-0.03513729983358362,0.0011429338295011783,1.6750422695056901
-58.49319389194597,-0.03512917093403087,0.0011512091702805098,1.6755987149456124
-58.46373956978489,-0.035135410858102296,0.001150003770822178,1.6761557210654825
-58.43428524762381,-0.035149566662352257,0.0011520809046858607,1.6767132887131488
-58.40483092546273,-0.03515147387774295,0.0011575194093060867,1.6772714187381688
-58.37537660330165,-0.03515450874131737,0.0011643235495803208,1.6778301119918142
-58.345922281140574,-0.03516462188222907,0.0011655446420148002,1.6783893693270762
-58.31646795897949,-0.035176699703316536,0.0011623080788198284,1.6789491915986692
-58.28701363681841,-0.035189015303353,0.001162825024502144,1.6795095796630353
-58.25755931465733,-0.03519953566365049,0.0011669888660856185,1.6800705343783484
-58.22810499249625,-0.0352045765311818,0.0011641091050266996,1.6806320566045194
-58.19865067033517,-0.035210827070873606,0.0011585532447736177,1.6811941472031995
-58.16919634817409,-0.03521956111278531,0.001156707412196666,1.6817568070377846
-58.13974202601301,-0.03522690852982449,0.0011476010639741695,1.682320036973422
-58.110287703851924,-0.035237816899979055,0.001140757615835942,1.6828838378770108
-58.080833381690844,-0.03524626614898404,0.001141820495739275,1.6834482106172102
-58.051379059529765,-0.03525675914185291,0.0011479195792894472,1.6840131560644416
-58.021924737368685,-0.03527223203549632,0.0011481829001212054,1.6845786750908949
-57.992470415207606,-0.03528504815574377,0.00114611397964184,1.68514476857053
-57.96301609304653,-0.03529225372843667,0.0011521773555635917,1.6857114373790854
-57.93356177088545,-0.035300873977163076,0.0011590740434526965,1.6862786823940792
-57.90410744872436,-0.0353138576318149,0.0011599546679765859,1.6868465044948153
-57.87465312656328,-0.03533617460350128,0.0011598626010703946,1.6874149045623876
-57.8451988044022,-0.035359202397059274,0.0011610361799140635,1.687983883479685
-57.81574448224112,-0.03537487669168638,0.0011610345515592397,1.6885534421313948
-57.78629016008004,-0.035386419894587844,0.001158046392575027,1.6891235814040084
-57.75683583791896,-0.03539678431997422,0.0011548903982775505,1.6896943021858264
-57.72738151575788,-0.03540525744042159,0.0011540989885619995,1.6902656053669607
-57.6979271935968,-0.03541697112070187,0.0011524788030875172,1.6908374918393418
-57.66847287143572,-0.035428044036608104,0.0011538931391007255,1.6914099624967225
-57.63901854927464,-0.03543999321145597,0.0011576788769641429,1.6919830182346822
-57.60956422711356,-0.035454514700443605,0.0011627084820603698,1.6925566599506316
-57.58010990495248,-0.03546655687596801,0.001159273586893889,1.6931308885438185
-57.5506555827914,-0.03547996214566319,0.0011531297267028842,1.6937057049153301
-57.52120126063031,-0.03549623456443001,0.0011573045738635492,1.6942811099681014
-57.491746938469234,-0.03551105585681185,0.0011747171797595192,1.6948571046069154
-57.462292616308154,-0.03551718598376459,0.0011793238285857373,1.6954336897384121
-57.432838294147075,-0.03551620872912405,0.0011724853528953378,1.6960108662710902
-57.403383971985996,-0.03552004756261756,0.0011720669721816057,1.6965886351153139
-57.373929649824916,-0.03552658913021726,0.001176408381650277,1.6971669971833165
-57.34447532766383,-0.0355303011604466,0.0011762312303348929,1.6977459533892052
-57.31502100550275,-0.03553553321517699,0.0011721960733851202,1.6983255046489663
-57.28556668334167,-0.03554091289569192,0.001166850829927042,1.6989056518804708
-57.25611236118059,-0.03554139143611575,0.0011583199590329636,1.699486396003477
-57.22665803901951,-0.03553039407503144,0.0011417510750809606,1.7000677379396385
-57.19720371685843,-0.035514415075226236,0.001123831721832512,1.7006496786125056
-57.16774939469735,-0.0355147691179623,0.0011195417059085414,1.7012322189475335
-57.138295072536266,-0.03551689970254102,0.001115443895965084,1.7018153598720849
-57.10884075037519,-0.035512478180920445,0.0011028851393585374,1.702399102315435
-57.07938642821411,-0.03550566520384308,0.0010898222120686828,1.7029834472087786
-57.04993210605303,-0.03550416252615965,0.0010829187992618678,1.7035683954852328
-57.02047778389195,-0.03550816668048187,0.0010840386694124144,1.7041539480798424
-56.99102346173087,-0.03552000979796663,0.0010890608948161194,1.7047401059295857
-56.96156913956979,-0.03554057493146423,0.0010995223236837225,1.705326869973379
-56.9321148174087,-0.03555549477002713,0.0011075106224218768,1.7059142411520818
-56.90266049524762,-0.03557012759989918,0.0011194094036481353,1.7065022204085007
-56.873206173086544,-0.035580136653492335,0.0011289618462859226,1.7070908086873962
-56.843751850925464,-0.03558321527364806,0.0011320609898490556,1.7076800069354872
-56.814297528764385,-0.03559011142635989,0.0011370141421641953,1.7082698161014553
-56.784843206603306,-0.03560539959250319,0.001148342824717553,1.7088602371359505
-56.75538888444222,-0.035621326243140634,0.001161556945070346,1.7094512709915963
-56.72593456228114,-0.03562976069878502,0.0011710231554455071,1.7100429186229946
-56.69648024012006,-0.03563677054709277,0.0011772636662157792,1.7106351809867317
-56.66702591795898,-0.03563819367016652,0.0011792319053459126,1.7112280590413818
-56.6375715957979,-0.03563631581588956,0.0011798840571599107,1.7118215537475137
-56.60811727363682,-0.03563173304862629,0.001180454979441606,1.7124156660676948
-56.57866295147574,-0.03562066773408767,0.0011768710318148634,1.7130103969664985
-56.549208629314656,-0.035608238372227714,0.001174602667674039,1.7136057474105058
-56.519754307153576,-0.03560163190125635,0.0011769430379636725,1.7142017183683134
-56.4902999849925,-0.0355988049761673,0.001179628575744647,1.7147983108105387
-56.46084566283142,-0.035588955077813005,0.0011746341429028691,1.7153955257098237
-56.43139134067034,-0.035573817077599636,0.001167882779999597,1.7159933640408411
-56.40193701850926,-0.035563289785782014,0.0011624441423815715,1.7165918267803009
-56.37248269634817,-0.03554996869620173,0.001154360317569724,1.7171909149069524
-56.34302837418709,-0.035537785039052555,0.001150654254092957,1.7177906294015926
-56.31357405202601,-0.0355296936630261,0.001150198560841358,1.7183909712470706
-56.28411972986493,-0.035525516039714516,0.0011467808736458731,1.718991941428293
-56.254665407703854,-0.03552080733554895,0.0011406384901051904,1.719593540932228
-56.225211085542774,-0.035524608904134794,0.0011319118601750863,1.7201957707479134
-56.195756763381695,-0.035530203502662734,0.0011267547287229954,1.7207986318664594
-56.16630244122061,-0.035524288041403736,0.0011250671923239424,1.7214021252810565
-56.13684811905953,-0.0355171892322935,0.0011219327923991719,1.7220062519869779
-56.10739379689845,-0.03551877653947514,0.0011190596528045432,1.7226110129815884
-56.07793947473737,-0.03552240845155769,0.001118740017847011,1.7232164092643467
-56.04848515257629,-0.03552423198953634,0.001118033835693873,1.723822441836814
-56.01903083041521,-0.03552580261509201,0.0011114003798823437,1.7244291117026571
-55.98957650825413,-0.03552795246942724,0.0011015648422111521,1.7250364198676547
-55.960122186093045,-0.03552816397013265,0.001093982767166696,1.7256443673397035
-55.930667863931966,-0.03552760463280468,0.0010854590184810025,1.7262529551288224
-55.901213541770886,-0.0355253994083125,0.0010886835742857021,1.7268621842471603
-55.87175921960981,-0.03551955633821645,0.00109119348961265,1.7274720557089993
-55.84230489744873,-0.035517782772774835,0.0010903074475628047,1.7280825705307623
-55.81285057528765,-0.035515520318005415,0.0010877473388091648,1.7286937297310172
-55.78339625312656,-0.035513251470863455,0.0010851980575721793,1.729305534330484
-55.75394193096548,-0.035513182730043814,0.001080118054046471,1.7299179853520381
-55.7244876088044,-0.035515409387073114,0.0010708950803522764,1.7305310838207189
-55.69503328664332,-0.03550283280895692,0.0010722034822281887,1.7311448307637343
-55.66557896448224,-0.03549668153037367,0.0010805063227731187,1.731759227210465
-55.636124642321164,-0.035495575919630575,0.001088627247871519,1.7323742741924724
-55.60667032016008,-0.0355038410528214,0.0010891406393954647,1.7329899727435043
-55.577215997999,-0.03551427647501513,0.0010835453801808247,1.7336063238994983
-55.54776167583792,-0.035517777315732885,0.0010777598451868202,1.7342233286985902
-55.51830735367684,-0.03551964278639421,0.0010772312220339475,1.7348409881811189
-55.48885303151576,-0.035520993339068684,0.001084456622571662,1.7354593033896313
-55.45939870935468,-0.035523992101271364,0.001088796635916983,1.7360782753688908
-55.4299443871936,-0.03552996711603786,0.0010844746229847415,1.73669790516588
-55.400490065032514,-0.03553646401472175,0.0010814359933598071,1.7373181938298083
-55.371035742871435,-0.03554007310188037,0.0010836324903891591,1.737939142412118
-55.341581420710355,-0.03553691420249717,0.0010876056065156417,1.7385607519664896
-55.312127098549276,-0.03553716089772304,0.0010914701104177663,1.739183023548848
-55.282672776388196,-0.03553907729845989,0.001094294223140302,1.7398059582173682
-55.25321845422712,-0.03553686051050914,0.0010973245911901769,1.7404295570324817
-55.22376413206604,-0.03553002189067226,0.0011008497227576219,1.7410538210568833
-55.19430980990495,-0.03552414199051,0.0011107122742580703,1.741678751355535
-55.16485548774387,-0.03551657958523169,0.0011240232680273757,1.7423043489956735
-55.13540116558279,-0.03551141476325389,0.0011362102103217152,1.742930615046817
-55.10594684342171,-0.0355078419591358,0.0011481768398047814,1.7435575505807681
-55.07649252126063,-0.03550393658847666,0.001161586315683376,1.7441851566716249
-55.04703819909955,-0.035497911093777056,0.0011736881994893699,1.744813434395783
-55.017583876938474,-0.035489309999923654,0.0011833490762320556,1.7454423848319425
-54.98812955477739,-0.035485632999092,0.0011931024423543516,1.7460720090611166
-54.95867523261631,-0.03549148971022329,0.0011981153304304216,1.7467023081666335
-54.92922091045523,-0.035498575608873324,0.0011947526252743977,1.7473332832341466
-54.89976658829415,-0.03550772807603648,0.00118898572052527,1.7479649353516393
-54.87031226613307,-0.035517559983645135,0.001183892726471778,1.7485972656094297
-54.84085794397199,-0.03552331949118295,0.0011807927096734352,1.7492302751001803
-54.8114036218109,-0.035530133140877516,0.0011782750559562972,1.7498639649189007
-54.781949299649824,-0.03553591076425866,0.001170213686631143,1.7504983361629556
-54.752494977488745,-0.03554081758632587,0.0011591181288795403,1.7511333899320713
-54.723040655327665,-0.03555034898735049,0.0011471313202348573,1.751769127328343
-54.693586333166586,-0.035561500651085896,0.0011390687813704601,1.7524055494562374
-54.664132011005506,-0.035566698601499934,0.0011356683754169734,1.7530426574226041
-54.63467768884442,-0.03556561296147217,0.0011309408340347536,1.7536804523366785
-54.60522336668334,-0.035567627474591745,0.0011168331534110755,1.754318935310089
-54.57576904452226,-0.03557394170534512,0.0010996606682204294,1.754958107456864
-54.54631472236118,-0.0355757978031756,0.0010855743469329869,1.7555979698934387
-54.5168604002001,-0.03557381632370546,0.0010759947219247435,1.7562385237386602
-54.48740607803902,-0.03557248965722307,0.0010675576835207177,1.756879770113796
-54.45795175587794,-0.035577997725375815,0.0010532064040230638,1.7575217101425378
-54.428497433716856,-0.035589874609690424,0.0010397467940964748,1.7581643449510116
-54.39904311155578,-0.035591812360279605,0.0010309804530109791,1.7588076756677804
-54.3695887893947,-0.03560145977518034,0.0010292766600448263,1.7594517034238542
-54.34013446723362,-0.03561590898713236,0.0010333708148832401,1.7600964293526942
-54.31068014507254,-0.035626672089834256,0.0010406229919062476,1.7607418545902216
-54.28122582291146,-0.03563331543957037,0.0010449373488857037,1.7613879802748222
-54.25177150075038,-0.03564245700391147,0.0010434120658515404,1.7620348075473538
-54.22231717858929,-0.03565147254049895,0.0010487685207682521,1.7626823375511544
-54.19286285642821,-0.03565836209039938,0.0010670227064438545,1.7633305714320464
-54.163408534267134,-0.03565871367824805,0.0010783204864797467,1.7639795103383449
-54.133954212106055,-0.03565413366898291,0.001090363008614782,1.7646291554208644
-54.104499889944975,-0.0356457469694004,0.0011141494662676602,1.7652795078329255
-54.075045567783896,-0.035638280648581475,0.0011400972141439837,1.7659305687303615
-54.045591245622816,-0.03563620134820759,0.0011660642688818168,1.7665823392715247
-54.01613692346173,-0.035634641068587776,0.0011965936844076923,1.767234820617296
-53.98668260130065,-0.03562820408760215,0.0012284439089333705,1.767888013931087
-53.95722827913957,-0.0356200602623114,0.0012438967628040885,1.7685419203788513
-53.92777395697849,-0.03560975775186807,0.001251405625586415,1.7691965411290895
-53.89831963481741,-0.03560308709456429,0.0012645339433358393,1.7698518773528567
-53.86886531265633,-0.03560367747869456,0.001274354257978005,1.770507930223768
-53.839410990495246,-0.035603996543524606,0.0012764686583884468,1.7711647009180091
-53.809956668334166,-0.035600326640272385,0.0012727377477189585,1.7718221906143383
-53.78050234617309,-0.03559340473298122,0.001266322232184118,1.7724804004940982
-53.75104802401201,-0.03558343826676145,0.0012602942077381389,1.7731393317412194
-53.72159370185093,-0.03557305607987013,0.001258483138971265,1.7737989855422298
-53.69213937968985,-0.0355763276139014,0.0012583420227165287,1.7744593630862613
-53.66268505752876,-0.035585511080333504,0.001259100420107545,1.7751204655650552
-53.63323073536768,-0.03558518281033998,0.0012502718256147583,1.7757822941729722
-53.6037764132066,-0.035582211914338295,0.001233871786980718,1.7764448501069965
-53.574322091045524,-0.03557248392523845,0.0012177486586168879,1.7771081345667463
-53.544867768884444,-0.0355591507715448,0.0012065241400450147,1.7777721487544786
-53.515413446723365,-0.035549312700841044,0.001200057670660107,1.7784368938750972
-53.485959124562285,-0.03554469307245838,0.0011944074647727795,1.77910237113616
-53.4565048024012,-0.03553820807070714,0.001190783230563234,1.779768581747887
-53.42705048024012,-0.0355316299655369,0.0011848103146613635,1.7804355269231653
-53.39759615807904,-0.03552518461649653,0.0011799121997869532,1.78110320787756
-53.36814183591796,-0.03552147105980932,0.0011779508837291698,1.781771625829319
-53.33868751375688,-0.03551400752882389,0.0011734213563367743,1.7824407819993806
-53.3092331915958,-0.035501237520757845,0.0011688878337405208,1.7831106776113828
-53.27977886943472,-0.03548963543552941,0.0011689568920790502,1.783781313891668
-53.250324547273635,-0.035478164445443765,0.001169265451228522,1.7844526920692925
-53.220870225112556,-0.03546922735637312,0.0011665852532805729,1.7851248133760338
-53.191415902951476,-0.03546446140877684,0.0011627198835033308,1.7857976790463965
-53.1619615807904,-0.03546315880111033,0.0011601902886713572,1.786471290317623
-53.13250725862932,-0.035461158776355216,0.0011561229447930126,1.7871456484296977
-53.10305293646824,-0.035461562720216694,0.001149539933728691,1.7878207546253564
-53.07359861430716,-0.03546262945358339,0.00114027985589978,1.7884966101500939
-53.04414429214607,-0.035461195811021105,0.0011277045494479123,1.7891732162521716
-53.01468996998499,-0.03545565482758807,0.0011134557933670348,1.789850574182624
-52.98523564782391,-0.03544989268079884,0.0011034063641194476,1.7905286851952686
-52.955781325662834,-0.03544718778765118,0.0010991896258881447,1.7912075505467118
-52.926327003501754,-0.03544274952956123,0.0010995418214481572,1.7918871714963567
-52.89687268134067,-0.035439434843376645,0.0011024171204651189,1.7925675493064128
-52.86741835917959,-0.035443293963706095,0.0011003019208836338,1.7932486852419016
-52.83796403701851,-0.035440263980614166,0.0010918528097841609,1.7939305805706653
-52.80850971485743,-0.035430702937335,0.0010841495335892216,1.7946132365633751
-52.77905539269635,-0.03542485698284579,0.0010805523030637419,1.7952966544935385
-52.74960107053527,-0.035424615962618755,0.0010796980382030712,1.7959808356375078
-52.72014674837419,-0.03542532654881129,0.0010815622875123456,1.7966657812744864
-52.690692426213104,-0.03542855115025964,0.0010819606011993042,1.7973514926865395
-52.661238104052025,-0.0354311700536646,0.0010891489309271985,1.7980379711585996
-52.631783781890945,-0.03543461894801123,0.0010978813343390488,1.7987252179784767
-52.602329459729866,-0.03544109077009339,0.0011019606768700727,1.7994132344368632
-52.572875137568786,-0.035452738442176786,0.001104663510194017,1.8001020218273465
-52.54342081540771,-0.03545973819433299,0.0011016496927381326,1.8007915814464126
-52.51396649324663,-0.035464070124744194,0.0010992753393442836,1.8014819145934569
-52.48451217108554,-0.035472385931788836,0.0011016402418657768,1.8021730225707921
-52.45505784892446,-0.03548933335291371,0.0011007619458009957,1.8028649066836553
-52.42560352676338,-0.03550296079129193,0.0010973618683331862,1.8035575682402172
-52.3961492046023,-0.03551022882536056,0.0010886756220739216,1.8042510085515904
-52.36669488244122,-0.03551059200534735,0.0010874219679508543,1.8049452289318362
-52.337240560280144,-0.03551068257620648,0.0010950756962389882,1.8056402306979757
-52.307786238119064,-0.03551748531849642,0.0010977809577214586,1.8063360151699945
-52.27833191595798,-0.03552611969629638,0.0010938839273938199,1.8070325836708547
-52.2488775937969,-0.03552809879811248,0.0010825750304645403,1.8077299375265006
-52.21942327163582,-0.0355285753902708,0.0010685155400589183,1.8084280780658677
-52.18996894947474,-0.035533162675746535,0.0010605943955463138,1.8091270066208933
-52.16051462731366,-0.03553678201006757,0.0010603737554532701,1.8098267245265212
-52.13106030515258,-0.035536517324485095,0.0010530352919748383,1.8105272331207138
-52.1016059829915,-0.03554164507154577,0.0010472839318912432,1.8112285337444578
-52.072151660830414,-0.03555251711050958,0.0010463588721101589,1.8119306277417744
-52.042697338669335,-0.035560488010841045,0.0010440272943002143,1.8126335164597278
-52.013243016508255,-0.03557127380682146,0.001040663846120702,1.8133372012484332
-51.983788694347176,-0.035583715402219725,0.001036705490750219,1.814041683461066
-51.954334372186096,-0.03558943851628189,0.0010355986487431963,1.81474696445387
-51.92488005002501,-0.03559628262793387,0.001038436316586293,1.8154530455861662
-51.89542572786394,-0.03561071551761275,0.0010411061170005635,1.8161599282203609
-51.86597140570285,-0.03563476224048121,0.0010516499805907312,1.8168676137219575
-51.83651708354177,-0.03565203073296724,0.0010619841833901175,1.8175761034595608
-51.80706276138069,-0.03566741058804073,0.001071022446034661,1.8182853988048886
-51.77760843921961,-0.03568462300162399,0.0010812179572997952,1.8189955011327807
-51.74815411705853,-0.035702225815267254,0.0010952490481199344,1.819706411821206
-51.71869979489745,-0.03572028539035697,0.0011107562646930742,1.8204181322512736
-51.68924547273637,-0.03573955339083484,0.00112083507744568,1.8211306638072395
-51.65979115057529,-0.035759316887026556,0.0011297126809480214,1.8218440078765172
-51.63033682841421,-0.03578090989858034,0.0011381974368314138,1.8225581658496859
-51.60088250625313,-0.03580719967719007,0.0011371975836684115,1.8232731391205008
-51.57142818409205,-0.03583774054727614,0.0011351414905915874,1.8239889290859002
-51.54197386193097,-0.03585974618655219,0.001133277726564428,1.824705537146016
-51.51251953976988,-0.03587417479664027,0.0011322358456745153,1.825422964704182
-51.483065217608804,-0.035890072881860136,0.001129405439882414,1.8261412131669434
-51.453610895447724,-0.035912780085533405,0.0011225012277550725,1.8268602839440677
-51.424156573286645,-0.035937307045786175,0.0011155810805930067,1.82758017844855
-51.394702251125565,-0.035959413696985174,0.0011087151460566947,1.8283008980966264
-51.365247928964486,-0.035976216032508467,0.001099491638957982,1.82902244430778
-51.335793606803406,-0.03599521001503489,0.0010928579469057867,1.8297448185047527
-51.30633928464232,-0.036018164322734025,0.001082065680454483,1.8304680221135534
-51.27688496248124,-0.036043629029825414,0.0010736572469738786,1.8311920565634665
-51.24743064032016,-0.03606524625406521,0.001072249043910844,1.8319169232870633
-51.21797631815908,-0.0360809795565638,0.001072780941630905,1.8326426237202105
-51.188521995998,-0.03609547714280432,0.0010707868113387805,1.8333691593020793
-51.159067673836915,-0.03611828402551851,0.0010741203713830944,1.8340965314751556
-51.12961335167584,-0.0361471884158348,0.0010849050693803274,1.8348247416852477
-51.10015902951476,-0.03617259098275231,0.0010919829700988583,1.8355537913815003
-51.07070470735368,-0.036194776494497004,0.0010977084368315373,1.836283682016398
-51.0412503851926,-0.03621499780800044,0.0011039316051430115,1.8370144150457803
-51.01179606303152,-0.03623681107535565,0.0011135472830146023,1.837745991928848
-50.98234174087044,-0.036259966602457595,0.0011275454301057245,1.8384784141281751
-50.95288741870935,-0.03628611438366389,0.001141127859883922,1.8392116831097165
-50.92343309654828,-0.03631231116846791,0.0011553415144918528,1.8399458003428188
-50.89397877438719,-0.036332005089601084,0.0011663820241916882,1.8406807673002312
-50.864524452226114,-0.03635736216347541,0.001173486373453183,1.8414165854581124
-50.835070130065034,-0.03639217687788401,0.0011804147851403328,1.842153256296044
-50.805615807903955,-0.036417195738064394,0.0011768476729724323,1.8428907812970379
-50.776161485742875,-0.03643834183895702,0.0011726170544915572,1.843629161947547
-50.74670716358179,-0.036459419480389055,0.0011713840890282662,1.8443683997374754
-50.71725284142071,-0.03648674846230785,0.001168817292448933,1.8451084961601882
-50.68779851925963,-0.03652116138164545,0.0011649399496545204,1.8458494527125224
-50.65834419709855,-0.036557093402098124,0.0011578908060608723,1.8465912708947951
-50.62888987493747,-0.03658873893296229,0.0011509984655618715,1.847333952210815
-50.59943555277639,-0.03661746034654571,0.0011421966126415513,1.8480774981678931
-50.56998123061531,-0.03664707229916995,0.0011353217726511138,1.8488219102768517
-50.540526908454225,-0.036679271577217926,0.0011319767694844742,1.849567190052034
-50.511072586293146,-0.036709238092255216,0.0011294492898132234,1.8503133390113176
-50.48161826413207,-0.03673074198984056,0.0011259836163243534,1.8510603586761203
-50.45216394197099,-0.03674846199560444,0.0011207227603207632,1.851808250571414
-50.42270961980991,-0.0367742174045099,0.0011190635135286352,1.8525570162257337
-50.39325529764883,-0.036807271445610065,0.001122997986411035,1.8533066571711885
-50.36380097548775,-0.036833635075177694,0.0011170800094089145,1.8540571749434704
-50.33434665332666,-0.036851126507051614,0.0011069219947871935,1.8548085710818674
-50.30489233116558,-0.036866701435819584,0.001099305808361839,1.8555608471292713
-50.2754380090045,-0.03688614313906654,0.001097212234114166,1.85631400463219
-50.245983686843424,-0.03690489616176117,0.0010961420243917692,1.8570680451407582
-50.216529364682344,-0.03692027045586802,0.0010888211587202275,1.8578229702087472
-50.18707504252126,-0.03693687061396034,0.0010746635390543392,1.8585787813935761
-50.157620720360185,-0.03695370840812068,0.0010717867640701842,1.8593354802563211
-50.1281663981991,-0.03697803393703197,0.0010731237435195491,1.8600930683617292
-50.09871207603802,-0.03699570796916387,0.0010690222504807396,1.8608515472782257
-50.06925775387694,-0.03700693578040236,0.0010620531775774246,1.8616109185779273
-50.03980343171586,-0.037014235528583204,0.0010556189658991705,1.8623711838366521
-50.01034910955478,-0.03702558335406956,0.0010506331234343442,1.863132344633931
-49.980894787393694,-0.0370449730700364,0.0010508701340877168,1.8638944025530177
-49.951440465232615,-0.03706882221330276,0.0010542057076752408,1.8646573591809
-49.921986143071535,-0.03708972302530302,0.0010511467636310117,1.8654212161083112
-49.892531820910456,-0.03710608956587124,0.0010455623728421524,1.866185974929742
-49.86307749874938,-0.03711597012447973,0.001043475497621302,1.8669516372434494
-49.8336231765883,-0.03712865511371916,0.0010494299705292303,1.867718204651469
-49.80416885442722,-0.037141706536699355,0.001054587246455263,1.868485678759627
-49.77471453226613,-0.037156253405382006,0.0010602770790174277,1.8692540611775503
-49.74526021010505,-0.03717250992812521,0.001069734096037487,1.8700233535186777
-49.71580588794397,-0.0371924011686181,0.0010741871978408367,1.8707935574002712
-49.68635156578289,-0.03720985671630966,0.0010723643090326004,1.8715646744434298
-49.65689724362181,-0.037222773339794235,0.0010771862541595553,1.8723367062730958
-49.627442921460734,-0.037229958440240074,0.001083329527162715,1.8731096545180712
-49.597988599299654,-0.037230928788244765,0.0010850329380340741,1.873883520811027
-49.56853427713857,-0.037231283290318086,0.0010876933591540806,1.8746583067885134
-49.53907995497749,-0.03724308804353121,0.0010957014534964493,1.8754340140909744
-49.50962563281641,-0.03726088625004791,0.0011048320828793367,1.8762106443627573
-49.48017131065533,-0.03727746022982074,0.0011072166176371314,1.8769881992521236
-49.45071698849425,-0.03728687398493771,0.0011019524952588077,1.8777666804112636
-49.42126266633317,-0.03729518343064672,0.001095552975187833,1.878546089496305
-49.39180834417209,-0.03730548461123552,0.001090021495590466,1.8793264281673268
-49.362354022011004,-0.03732169066927158,0.0010892652913025512,1.8801076980883695
-49.332899699849925,-0.037331128189490304,0.0010853037227675645,1.880889900927448
-49.303445377688845,-0.03733752404530128,0.001077560555351212,1.8816730383565634
-49.273991055527766,-0.037355271641323386,0.001074977215210936,1.8824571120517146
-49.24453673336669,-0.03737771994196886,0.0010789206308243083,1.8832421236929102
-49.2150824112056,-0.037399199353369356,0.0010854221661962822,1.8840280749641805
-49.18562808904453,-0.03740923444644179,0.0010916423692966602,1.8848149675535897
-49.15617376688344,-0.03740755699820381,0.0010834026071388774,1.885602803153248
-49.12671944472236,-0.03741526726733462,0.0010757403666934989,1.8863915834593232
-49.09726512256128,-0.03742880914453495,0.0010716796022310704,1.8871813101720547
-49.0678108004002,-0.03743981019255213,0.001070271991761033,1.887971984995763
-49.03835647823912,-0.03745202108796548,0.0010768651707375124,1.8887636096388642
-49.00890215607804,-0.037462222008935425,0.0010854900197357186,1.8895561858138805
-48.97944783391696,-0.03747599721442544,0.0010897446980077678,1.8903497152374542
-48.94999351175588,-0.03749453046381193,0.0010939281708719864,1.891144199630359
-48.9205391895948,-0.03751475655472122,0.001099930880779777,1.891939640717514
-48.89108486743372,-0.03753311478151492,0.001104207776861147,1.8927360402279922
-48.86163054527264,-0.037543241035002596,0.0010909441942369654,1.8935333998950394
-48.83217622311156,-0.03756418973130015,0.001080367904912127,1.89433172145608
-48.80272190095047,-0.037579947353195226,0.0010785459601350288,1.8951310066527354
-48.773267578789394,-0.03759392074182342,0.0010858936704960498,1.8959312572308322
-48.743813256628314,-0.0376123429564087,0.0010925251138823133,1.8967324749404173
-48.714358934467235,-0.037634314470173735,0.0010875048797008124,1.8975346615357704
-48.684904612306156,-0.03765169380478189,0.001076090142530074,1.898337818775417
-48.655450290145076,-0.037660748360716235,0.0010757875739516476,1.8991419484221401
-48.625995967984,-0.037667916262885646,0.0010777512844605032,1.8999470522429935
-48.59654164582291,-0.03767481164598856,0.0010734622790449968,1.9007531320093158
-48.56708732366183,-0.03767931905803032,0.0010647444204164172,1.9015601894967427
-48.53763300150075,-0.03768283727010138,0.001057337822799794,1.902368226485219
-48.50817867933967,-0.03768973242572263,0.0010555320839480452,1.9031772447590138
-48.47872435717859,-0.03769990798289586,0.0010581357309100252,1.9039872461067318
-48.449270035017506,-0.037715048756836955,0.0010611949060116254,1.904798232321327
-48.41981571285643,-0.037727263793523945,0.0010558971374193139,1.9056102052001163
-48.39036139069535,-0.03772372424547565,0.0010506697370036265,1.9064231665447937
-48.36090706853427,-0.03772318909083409,0.0010536474509628092,1.9072371181614405
-48.33145274637319,-0.03773581053803197,0.0010531925133312372,1.908052061860542
-48.30199842421211,-0.03774894264219344,0.0010485237619981794,1.9088679994569993
-48.27254410205103,-0.037761948858998945,0.0010472036895843046,1.9096849327701433
-48.24308977988994,-0.03777153670863034,0.0010472164033804364,1.9105028636237473
-48.21363545772887,-0.03777904226641584,0.001044656795747126,1.9113217938460414
-48.18418113556778,-0.037785426092066164,0.0010446660353328986,1.9121417252697275
-48.154726813406704,-0.03779659099633537,0.0010492419542125983,1.9129626597319893
-48.125272491245624,-0.03780904459588987,0.0010553792363042058,1.9137845990745088
-48.095818169084545,-0.037821616070539965,0.0010577595442323217,1.9146075451434807
-48.066363846923466,-0.037828970766761824,0.001055458035708462,1.9154314997896238
-48.03690952476238,-0.03784045304589013,0.0010589557795212471,1.9162564648681966
-48.0074552026013,-0.03785343425788724,0.0010648038855594264,1.9170824422390096
-47.97800088044022,-0.037864839906782605,0.001068950620860879,1.9179094337664413
-47.94854655827914,-0.03787764362399182,0.0010709997711260135,1.9187374413194513
-47.91909223611806,-0.03788935714274408,0.0010797249505236366,1.9195664667715944
-47.88963791395698,-0.03790207368883763,0.001091626105090277,1.9203965120010342
-47.8601835917959,-0.03791902974694599,0.0010962002682555205,1.9212275788905582
-47.830729269634816,-0.03793555025777227,0.0010944248661896867,1.9220596693275915
-47.801274947473736,-0.037953021249520345,0.0010934065543309777,1.9228927852042106
-47.77182062531266,-0.03796997733985663,0.0010963206902128932,1.9237269284171594
-47.74236630315158,-0.03798906758289292,0.0010986705268846478,1.9245621008678615
-47.7129119809905,-0.03801272342553726,0.001095440147588162,1.9253983044624365
-47.68345765882942,-0.03803507049948553,0.0010918136881334938,1.9262355411117138
-47.65400333666834,-0.038052054711328144,0.0010943752110291374,1.9270738127312455
-47.62454901450725,-0.038073838520410644,0.001095626343624893,1.9279131212413247
-47.59509469234617,-0.03810231536658596,0.0010897039455092052,1.9287534685669963
-47.56564037018509,-0.03812768835406203,0.001087594620215825,1.929594856638074
-47.536186048024014,-0.03814293643527241,0.0010939401560462368,1.930437287389155
-47.506731725862934,-0.03816191616849759,0.0011034513088377463,1.9312807627596338
-47.47727740370185,-0.038190934193086806,0.0011086311236370523,1.932125284693718
-47.447823081540776,-0.03822356093058523,0.0011104701057045611,1.9329708551404412
-47.41836875937969,-0.03825024380741393,0.0011107353984968534,1.9338174760536826
-47.38891443721861,-0.03826832100854841,0.0011060651836804715,1.9346651493921763
-47.35946011505753,-0.03828785966557611,0.0011035392906840102,1.935513877119531
-47.33000579289645,-0.038313804099892386,0.0011077029011721125,1.9363636612042425
-47.30055147073537,-0.03833858011248082,0.0011142314427909372,1.93721450361971
-47.271097148574285,-0.03836090065251704,0.0011191610318928172,1.9380664063442512
-47.24164282641321,-0.03838335151065319,0.001115638804851161,1.9389193713611172
-47.212188504252126,-0.03841431949124492,0.0010996813344298752,1.9397734006585088
-47.182734182091046,-0.038443585336796746,0.0010866281297504368,1.9406284962295914
-47.15327985992997,-0.03846724536142588,0.001080707408838827,1.9414846600725104
-47.12382553776889,-0.03848542492474211,0.001076375095818336,1.9423418941904065
-47.09437121560781,-0.03850111466872997,0.0010766347028319007,1.943200200591432
-47.06491689344672,-0.03852426226937959,0.001081481798104673,1.9440595812887667
-47.03546257128564,-0.03855155031193732,0.0010839638040299733,1.9449200383006322
-47.00600824912456,-0.038574695633871454,0.001081642694644691,1.9457815736503092
-46.97655392696348,-0.0386001632308309,0.001074185309511043,1.9466441893661526
-46.9470996048024,-0.03863157100870005,0.0010628172013955586,1.947507887481608
-46.917645282641324,-0.038656676057377666,0.0010590087881994143,1.9483726700352273
-46.888190960480244,-0.0386794583686725,0.0010623678647288229,1.9492385390706835
-46.85873663831916,-0.038700316000871184,0.001067433000956809,1.9501054966367897
-46.82928231615808,-0.038718664149718564,0.0010627573123706102,1.9509735447875127
-46.799827993997,-0.03874670523964585,0.001055484288305273,1.95184268558199
-46.77037367183592,-0.03878135230256229,0.0010521521156651552,1.9527129210845464
-46.74091934967484,-0.038816001663737665,0.001050390598426629,1.9535842533647103
-46.71146502751376,-0.03884858708154162,0.001052698293557734,1.9544566844972295
-46.68201070535268,-0.038880022485733336,0.001058698437080953,1.9553302165620892
-46.652556383191595,-0.0389159142553382,0.0010673477195217408,1.956204851644526
-46.623102061030515,-0.038950807287192774,0.0010704833999101199,1.9570805918350467
-46.593647738869436,-0.03898013433273665,0.0010681163343450371,1.9579574392294439
-46.564193416708356,-0.03902698115589498,0.001080355765117529,1.9588353959288134
-46.53473909454728,-0.03906349259620783,0.0010875050252141386,1.9597144640395703
-46.50528477238619,-0.03908757746110756,0.0010827782702756633,1.9605946456734658
-46.47583045022512,-0.03911427407937312,0.0010762716592238562,1.961475942947605
-46.44637612806403,-0.039150438803993375,0.001077298127905555,1.962358357984463
-46.41692180590295,-0.039185992308970054,0.0010698900048708808,1.9632418929119027
-46.38746748374187,-0.039205583050160614,0.001075501269815175,1.9641265498631908
-46.35801316158079,-0.03924157774678373,0.0010865591302787587,1.9650123309770158
-46.32855883941971,-0.03928145367255748,0.0010842996078804761,1.9658992383975056
-46.29910451725863,-0.03931924673927101,0.0010840741862376893,1.9667872742742438
-46.269650195097555,-0.0393525320382948,0.0010943918269488062,1.9676764407622866
-46.24019587293647,-0.039390140073050396,0.001099732256341658,1.968566740022184
-46.21074155077539,-0.03943501621381388,0.0010867028635900917,1.9694581742199908
-46.18128722861431,-0.039479401292237114,0.0010791138007827372,1.9703507455272908
-46.15183290645323,-0.03952347759994155,0.0010891585273865214,1.9712444561212097
-46.12237858429215,-0.03955579401186617,0.0010798790287930473,1.9721393081844352
-46.09292426213106,-0.0395981618754789,0.0010777247173075594,1.9730353039052342
-46.063469939969984,-0.039648608518504734,0.001093075716186707,1.97393244547747
-46.034015617808905,-0.039695397707025855,0.0011155709292257868,1.974830735100622
-46.004561295647825,-0.03974574634828634,0.0011314457986791075,1.9757301749798009
-45.975106973486746,-0.03980203287349975,0.0011421504039409952,1.9766307673257697
-45.945652651325666,-0.03985714409936913,0.0011570757607581486,1.9775325143549591
-45.91619832916459,-0.03991173721685587,0.0011497010766084578,1.9784354182894877
-45.8867440070035,-0.03997116812602836,0.0011307856505724662,1.9793394813571799
-45.85728968484242,-0.04004046681735542,0.001129427034175546,1.9802447057915833
-45.82783536268134,-0.040105301621370305,0.0011371059903192836,1.9811510938319872
-45.79838104052026,-0.04016395720588294,0.001148538077091701,1.9820586477234428
-45.76892671835918,-0.040214962689316576,0.0011523758558572505,1.9829673697167793
-45.7394723961981,-0.04027373684848548,0.0011661924399128164,1.9838772620686242
-45.71001807403702,-0.04034060508674612,0.0011891067430359942,1.984788327041422
-45.68056375187594,-0.04037376877865716,0.0011573513896067933,1.9857005669034509
-45.65110942971486,-0.04042333936016532,0.001152492349690288,1.9866139839288444
-45.62165510755378,-0.04048478072271188,0.0011378318825663242,1.9875285803976084
-45.5922007853927,-0.04055247420971114,0.001125810685836616,1.9884443585956406
-45.56274646323162,-0.04064175372806497,0.0011479644691444824,1.9893613208147496
-45.53329214107053,-0.04072073601603613,0.0011353743169164581,1.9902794693526755
-45.50383781890946,-0.04075269519064464,0.0010814439247388197,1.9911988065131045
-45.47438349674837,-0.0407366732346067,0.001053406704252399,1.992119334605695
-45.444929174587294,-0.040764340945262774,0.001026932120466972,1.9930410559460907
-45.415474852426215,-0.04082706622904766,0.0009617758228755044,1.9939639728559428
-45.386020530265135,-0.040891158374835146,0.0009334934868452661,1.9948880876629307
-45.356566208104056,-0.0409554927358654,0.0009430611986462756,1.9958134027007786
-45.32711188594297,-0.041040875211829565,0.0009689007953771586,1.996739920309278
-45.2976575637819,-0.04110766251351924,0.0009390431716638692,1.9976676428343043
-45.26820324162081,-0.0411874559557057,0.0008704695547403849,1.9985965726278407
-45.23874891945973,-0.041240958851551025,0.000883917929792012,1.9995267120479938
-45.20929459729865,-0.04130166257029144,0.0009598210652151842,2.0004580634590163
-45.17984027513757,-0.0413807603589251,0.0010752493444222042,2.0013906292313264
-45.15038595297649,-0.041467277957663806,0.0011768994264505436,2.0023244117415278
-45.120931630815406,-0.04152552695230413,0.0011259278226622923,2.00325941337243
-45.091477308654326,-0.04164046696725919,0.000981416080630945,2.004195636513067
-45.06202298649325,-0.04182513314282274,0.0008877978051388606,2.0051330835587207
-45.03256866433217,-0.04198675057099474,0.0009711038667138021,2.006071756910939
-45.00311434217109,-0.04203068043382005,0.0011503498059949862,2.0070116589775577
-44.97366002001001,-0.04207162594366021,0.001106626579897017,2.0079527921727194
-44.94420569784893,-0.042153771367125704,0.0010384597993396399,2.008895158916896
-44.91475137568784,-0.042287682745681614,0.0010595445335806922,2.009838761636908
-44.88529705352676,-0.04236654573628229,0.0009456813045343846,2.010783602765946
-44.855842731365684,-0.042498941768581634,0.0008759343034270636,2.0117296847435924
-44.826388409204604,-0.0426370591786431,0.000966812775732244,2.0126770100158398
-44.796934087043525,-0.042722870632143674,0.0011408985560423333,2.013625581035116
-44.767479764882445,-0.04283742223945012,0.0011861673091637954,2.014575400260301
-44.738025442721366,-0.04299180591905926,0.0010978548978786747,2.0155264701567526
-44.70857112056028,-0.04309224949795224,0.0010290554188762148,2.0164787931963226
-44.6791167983992,-0.04323664889962959,0.0009474217625044514,2.017432371857383
-44.64966247623812,-0.04339410825795317,0.0009163710726666523,2.0183872086248447
-44.62020815407704,-0.043519875658107506,0.001004765587452565,2.01934330599018
-44.59075383191596,-0.04357034468540147,0.001086830705813134,2.020300666451444
-44.561299509754875,-0.04364491952498432,0.0010419957423392764,2.0212592925132973
-44.5318451875938,-0.04372780272648372,0.0009911438835516918,2.0222191866870256
-44.502390865432716,-0.04385193939604268,0.000985441397497377,2.0231803514905646
-44.472936543271636,-0.044027422144103746,0.0009761935864754376,2.0241427894485193
-44.44348222111056,-0.04418973154683784,0.0010105087131779364,2.0251065030921875
-44.41402789894948,-0.04436181074554912,0.0010683932254130302,2.026071494959583
-44.3845735767884,-0.044481340031219875,0.0009957260894093484,2.027037767595455
-44.35511925462731,-0.04461332350958725,0.000909446068114196,2.0280053235513136
-44.32566493246623,-0.04477680797298802,0.0008686279124695822,2.028974165385449
-44.29621061030515,-0.04495449857868336,0.0008488319796402546,2.029944295662958
-44.26675628814407,-0.045057558514765304,0.0008647847580792156,2.0309157169557626
-44.237301965982994,-0.04511901985098505,0.0008947144971022338,2.0318884318426353
-44.207847643821914,-0.045294815352977774,0.0009340966989482283,2.0328624429092215
-44.178393321660835,-0.04559051833914563,0.0010123649219521832,2.033837752748062
-44.14893899949975,-0.045878217249765756,0.0011506404260368049,2.034814363958617
-44.11948467733867,-0.045988155554836686,0.0012116171364498437,2.035792279147286
-44.09003035517759,-0.04610532657671717,0.0010808693680112017,2.036771500927435
-44.06057603301651,-0.04626325918943026,0.0009775450336430886,2.037752031919418
-44.03112171085543,-0.046481801101528664,0.0009566520627961376,2.038733874750601
-44.00166738869435,-0.04657546272083977,0.0009206088685473009,2.0397170320553832
-43.97221306653327,-0.04669629667664843,0.0009585060164196208,2.040701506475224
-43.942758744372185,-0.04695785703923589,0.0010341508894538968,2.0416873006586638
-43.913304422211105,-0.04730194642943311,0.0010728112993891854,2.04267441726135
-43.883850100050026,-0.047539925337660265,0.0010730302313563523,2.0436628589460586
-43.854395777888946,-0.04759163125633029,0.0010405516041564816,2.04465262838272
-43.82494145572787,-0.04765257460956773,0.0010294104388337167,2.0456437282484425
-43.79548713356678,-0.04793909115281362,0.0011998844097412204,2.046636161227536
-43.76603281140571,-0.04820884973406198,0.0012848406929690656,2.047629930011536
-43.73657848924462,-0.048371876332855716,0.001120563005175395,2.0486250372992294
-43.70712416708354,-0.048596394142532945,0.0010103477979134681,2.049621485796677
-43.67766984492246,-0.048858120033915896,0.0010582169934146594,2.0506192782172397
-43.64821552276138,-0.04898436431654881,0.0011428180622589962,2.0516184172816025
-43.618761200600304,-0.04908957919801913,0.001125705500589889,2.052618905717799
-43.58930687843922,-0.049310364706287434,0.001165001684615728,2.0536207462612355
-43.559852556278145,-0.04967629525036552,0.0013282027224911746,2.054623941654718
-43.53039823411706,-0.049882037602350104,0.0013012342183833256,2.055628494648476
-43.50094391195598,-0.049992284207424804,0.001191308835753572,2.056634408000187
-43.4714895897949,-0.05013112097864667,0.0010983948600691116,2.057641684475002
-43.44203526763382,-0.05030761699699665,0.0011419989708427128,2.058650326845573
-43.41258094547274,-0.050535301478442575,0.0012753792202129634,2.0596603378920753
-43.383126623311654,-0.05088368106354565,0.0012783875074913141,2.0606717204022353
-43.35367230115058,-0.051060351984253384,0.0011985906908590757,2.0616844771713536
-43.324217978989495,-0.05124996363969101,0.0012187324717836383,2.0626986110023346
-43.294763656828415,-0.051455852027288286,0.0012406845037571423,2.063714124705709
-43.265309334667336,-0.051688311799208596,0.0012733541426323408,2.064731021099661
-43.23585501250625,-0.05192868288884586,0.0013225190341238163,2.0657493030100547
-43.20640069034518,-0.05219809893417051,0.0013317105837594501,2.066768973270459
-43.17694636818409,-0.0524302317789902,0.0013363368214035427,2.0677900347221763
-43.14749204602302,-0.052663634913657775,0.0013746330914381352,2.068812490214266
-43.11803772386193,-0.05288795314835832,0.0014444984513167012,2.0698363426035735
-43.08858340170085,-0.05303727869403305,0.0014302064101021053,2.0708615947547546
-43.05912907953977,-0.05318993185424689,0.0013890566822313967,2.0718882495403044
-43.029674757378686,-0.053383545174815396,0.0014142231821606555,2.072916309840582
-43.000220435217614,-0.05357751522262753,0.0014556753708004563,2.073945778543838
-42.97076611305653,-0.05375545229636053,0.0015121516204878176,2.074976658546244
-42.94131179089545,-0.05394760490712618,0.0015932092488563777,2.076008952751917
-42.91185746873437,-0.05414129353300386,0.0016825105139150406,2.0770426640729465
-42.88240314657329,-0.05436525293449162,0.0016836130979907655,2.078077795429423
-42.85294882441221,-0.054624084181991585,0.0017135095585851957,2.0791143497494664
-42.82349450225112,-0.05483322058164319,0.0017554902254196102,2.0801523299692524
-42.79404018009005,-0.05496809879402003,0.001796915951810799,2.0811917390330383
-42.764585857928964,-0.05508516077045894,0.0018491894525759585,2.082232579893196
-42.735131535767884,-0.05521682675504582,0.0018941355045449366,2.083274855510234
-42.705677213606805,-0.055378829475759485,0.0019312785047646453,2.0843185688528307
-42.676222891445725,-0.05556372141505409,0.0019909325252446767,2.0853637228978585
-42.646768569284646,-0.055723358085674614,0.0020133358670098357,2.086410320630414
-42.61731424712356,-0.05591480518961331,0.0020567545980178987,2.087458365043848
-42.58785992496249,-0.056079839114634024,0.0020550793880721166,2.088507859139789
-42.5584056028014,-0.05619872306477886,0.0019883530521587864,2.0895588059281787
-42.52895128064032,-0.05634942658540857,0.001961118503472321,2.090611208427294
-42.49949695847924,-0.056524192131657935,0.002004685421128554,2.0916650696637817
-42.47004263631816,-0.056631414727644165,0.002073775373651,2.0927203926726836
-42.44058831415708,-0.056714286035746665,0.002108679308277623,2.0937771804974665
-42.411133991995996,-0.0568310393160066,0.0021562159598918773,2.094835436190053
-42.381679669834924,-0.05698258215487575,0.002236049635635587,2.095895162810849
-42.35222534767384,-0.0570810632181927,0.0022490858050095213,2.0969563634287742
-42.32277102551276,-0.057157365536540015,0.00223765783468758,2.098019041121292
-42.29331670335168,-0.057252626593005784,0.002248592676300126,2.0990831989744376
-42.26386238119059,-0.057365335083464725,0.002286106173126761,2.1001488400828503
-42.23440805902952,-0.057480401383750095,0.0023311379075830084,2.101215967549801
-42.20495373686843,-0.057598373757718035,0.002386371450294283,2.102284584487225
-42.17549941470736,-0.05772381627572337,0.0024652446888885084,2.103354694015749
-42.146045092546274,-0.05778272522181368,0.002478005107108897,2.104426299264725
-42.116590770385194,-0.057802312688964685,0.0024858718355068197,2.105499403372258
-42.087136448224115,-0.057817952033144465,0.0025205279219362056,2.106574009485237
-42.05768212606303,-0.05783408750250763,0.002535404843874152,2.1076501207593696
-42.028227803901956,-0.05784015949688725,0.0025251995758861032,2.1087277403592055
-41.99877348174087,-0.057861721863928496,0.0025240790157169484,2.1098068714581757
-41.96931915957979,-0.057907086440813105,0.00256920809436703,2.1108875172386163
-41.93986483741871,-0.05795446151290131,0.002644039515865234,2.111969680891806
-41.91041051525763,-0.05800714423961578,0.002669178582124088,2.1130533656179926
-41.88095619309655,-0.05802267896687835,0.0026313117316167363,2.1141385746264283
-41.851501870935465,-0.05799773295443122,0.002602565921708018,2.1152253111353994
-41.82204754877439,-0.05795312098160838,0.002604127674857363,2.1163135783722566
-41.792593226613306,-0.0579126039098875,0.002602637962446834,2.117403379573452
-41.76313890445223,-0.057859469694279096,0.002611316570829751,2.1184947179845657
-41.73368458229115,-0.05782904957738066,0.0026572387893916303,2.119587596860341
-41.70423026013007,-0.057921894595105716,0.002721759334774126,2.1206820194647156
-41.67477593796899,-0.05795249648210408,0.002789494359781787,2.1217779890708557
-41.6453216158079,-0.05779530669395113,0.00273226854027311,2.1228755089611866
-41.61586729364683,-0.057615566250727814,0.0026412572731937334,2.123974582427426
-41.58641297148574,-0.05749085200283365,0.0026017367418333525,2.1250752127706183
-41.55695864932466,-0.05747195842594141,0.002681420096297329,2.1261774033011664
-41.527504327163584,-0.05753986030980592,0.0028390386613474975,2.127281157338864
-41.498050005002504,-0.05751955831071497,0.0029391002765767433,2.1283864782129323
-41.468595682841425,-0.057353954944842384,0.0029120386292801263,2.129493369262048
-41.43914136068034,-0.05719369696624219,0.0028258005176721346,2.1306018338343837
-41.409687038519266,-0.057091559637261535,0.0027435591075115084,2.131711875287635
-41.38023271635818,-0.056905677852218596,0.0026469365027882792,2.13282349698906
-41.3507783941971,-0.05680886960965581,0.0027641011192809915,2.1339367023155087
-41.32132407203602,-0.05667249847319364,0.0028485728624401655,2.1350514946534607
-41.291869749874934,-0.05650608390210234,0.00278495813868401,2.1361678773990582
-41.26241542771386,-0.05637650461523377,0.0027166344377068507,2.1372858539581387
-41.232961105552775,-0.05619846418563684,0.0026953925507175016,2.1384054277462745
-41.2035067833917,-0.05600759232675353,0.0027014294831055547,2.139526602188801
-41.174052461230616,-0.055896627817173854,0.002736557428566586,2.140649380720858
-41.14459813906954,-0.05579018400778033,0.002803996963096807,2.14177376678742
-41.11514381690846,-0.055657302132082524,0.002813907972034126,2.1428997638433334
-41.08568949474737,-0.055482934665221535,0.002769031586295471,2.1440273753533523
-41.0562351725863,-0.05532996988512152,0.002767082472373462,2.1451566047921724
-41.02678085042521,-0.05518655667901335,0.0027715878779102344,2.1462874556444693
-40.99732652826413,-0.05503682267126001,0.002727726675386598,2.147419931404932
-40.96787220610305,-0.054876635058471124,0.002699482644030873,2.148554035578299
-40.93841788394197,-0.054601410742635935,0.002699485661401506,2.149689771679396
-40.908963561780894,-0.05430374350046215,0.0026718927750198317,2.1508271432331716
-40.87950923961981,-0.05413758786142767,0.0026490540172681054,2.1519661537747328
-40.850054917458735,-0.053961997932786054,0.002778792010682061,2.153106806849382
-40.82060059529765,-0.05371210169633156,0.002790680420890347,2.154249106012656
-40.79114627313657,-0.05353564997889324,0.0027580092435879203,2.155393054830359
-40.76169195097549,-0.053502875599593935,0.002841786934028795,2.1565386568786025
-40.73223762881441,-0.05334386879432964,0.0027749984691479777,2.1576859157438424
-40.70278330665333,-0.05309577139045756,0.002688734950937695,2.158834835022915
-40.673328984492244,-0.05285267469736743,0.002661889252705821,2.159985418323076
-40.64387466233117,-0.052621449696634175,0.0025645227890678333,2.1611376692620374
-40.614420340170085,-0.052375112703796654,0.0024228208697094876,2.1622915914680063
-40.584966018009005,-0.05215873579037517,0.002451242157813189,2.1634471885797217
-40.555511695847926,-0.05207847415388004,0.002479873138529177,2.164604464246494
-40.52605737368685,-0.05190535751209239,0.0023982214602448477,2.1657634221282422
-40.49660305152577,-0.05163978457696941,0.0023376757343243344,2.1669240658955338
-40.46714872936468,-0.051453624345368626,0.002343553011359169,2.1680863992296224
-40.43769440720361,-0.05139538655208687,0.0023381979130869947,2.169250425822488
-40.40824008504252,-0.05131008403242185,0.002319505758454906,2.170416149376874
-40.37878576288144,-0.05107316193619549,0.002336471074403912,2.1715835736063287
-40.34933144072036,-0.050822270990406315,0.002280954905698457,2.172752702235243
-40.319877118559276,-0.05063672153310369,0.0021126188513142076,2.173923538998891
-40.290422796398204,-0.05034843653532823,0.002069779067828896,2.1750960876434693
-40.26096847423712,-0.0502120414902063,0.0020978675665042244,2.176270351926138
-40.231514152076045,-0.050095298426343936,0.002087711494443363,2.177446335615058
-40.20205982991496,-0.04990684044477498,0.002150677904159064,2.178624042489437
-40.17260550775388,-0.049675992866610764,0.0021573811483600845,2.1798034763395613
-40.1431511855928,-0.049456396378217506,0.0020411067340229145,2.180984640966845
-40.11369686343171,-0.04929739624215046,0.0019941698974832995,2.1821675401838667
-40.08424254127064,-0.04912542639877049,0.002066237189442048,2.1833521778144096
-40.054788219109554,-0.04890139666441904,0.002078951370550959,2.184538557693507
-40.025333896948474,-0.048675323530796254,0.0019429036946708809,2.1857266836674767
-39.995879574787395,-0.048487300425816636,0.0019267232362807287,2.186916559593971
-39.966425252626316,-0.04834989055458012,0.001959661033806289,2.188108189342011
-39.936970930465236,-0.048266854239779056,0.001957286200061435,2.1893015767920345
-39.90751660830415,-0.04814603673745082,0.0019397540785897384,2.190496725835933
-39.87806228614308,-0.04796272691823957,0.0019303096209912424,2.1916936403770975
-39.84860796398199,-0.04779064521406836,0.001940728315385785,2.19289232433046
-39.81915364182091,-0.04762583519054067,0.0018738527956487232,2.1940927816225346
-39.78969931965983,-0.04744413065439298,0.001757965674763325,2.195295016191464
-39.76024499749875,-0.047330971982217064,0.0016345092406480372,2.1964990319870585
-39.73079067533767,-0.04728577282597516,0.0015488926687935419,2.197704832970842
-39.701336353176586,-0.047160967752446874,0.0015865730623766923,2.1989124231160955
-39.671882031015514,-0.04705164128543917,0.0016270713826426004,2.200121806407897
-39.64242770885443,-0.04694683411695829,0.0016103020438498663,2.2013329868431715
-39.61297338669335,-0.046829546471510865,0.001531213201646001,2.202545968430729
-39.58351906453227,-0.04674321205744078,0.0014647372119044452,2.2037607551913134
-39.55406474237119,-0.046693111156696304,0.001443533860141597,2.204977351157644
-39.52461042021011,-0.046612999077383845,0.0014591793117366824,2.2061957603744604
-39.49515609804902,-0.04648546167532095,0.0014538389382255826,2.2074159868985697
-39.46570177588795,-0.04632986841417707,0.0014182159594191234,2.2086380347988874
-39.436247453726864,-0.046230589798905014,0.001378742126643365,2.2098619081564888
-39.406793131565784,-0.04616538147816515,0.001373695202404446,2.211087611064646
-39.377338809404705,-0.04608578467509642,0.0014065117019334298,2.2123151476288823
-39.34788448724362,-0.04599645147882636,0.001464074160221279,2.2135445219670116
-39.318430165082546,-0.04588482838243843,0.0014835927883799685,2.2147757382091866
-39.28897584292146,-0.04577990735988871,0.001485209750488313,2.216008800497948
-39.25952152076038,-0.04571427522732441,0.0014728005278494293,2.2172437129882643
-39.2300671985993,-0.04565759560004229,0.001456354657804117,2.2184804798475857
-39.20061287643822,-0.045531134913396394,0.0014870042605233079,2.2197191052558853
-39.17115855427714,-0.045418743595739906,0.0015144129544497377,2.2209595934057105
-39.141704232116055,-0.045366733894315635,0.0014927140992199417,2.2222019485022266
-39.11224990995498,-0.045339374414729024,0.0014328882166911299,2.223446174763267
-39.082795587793896,-0.045288253672889606,0.0014068758738364031,2.2246922764193804
-39.05334126563282,-0.045208698284500214,0.0014277262406655322,2.225940257713877
-39.02388694347174,-0.04513916668053655,0.0014556502365641998,2.227190122902879
-38.99443262131066,-0.045083237165941564,0.0014678833172742359,2.228441876255369
-38.96497829914958,-0.04502222573348291,0.0014724638847919641,2.229695522053234
-38.93552397698849,-0.04495479116867485,0.0014804413450334483,2.2309510645913226
-38.90606965482742,-0.044911377761260356,0.0014563259455341658,2.232208508177485
-38.87661533266633,-0.044877096058650624,0.001425176560917545,2.23346785713263
-38.84716101050525,-0.04485688759203079,0.001407880011477923,2.234729115790768
-38.817706688344174,-0.044847537789568376,0.0014002173334587628,2.2359922884990655
-38.788252366183094,-0.04483004692468728,0.0013905904113587692,2.237257379617894
-38.758798044022015,-0.04479941657370262,0.0013918564343226682,2.238524393520877
-38.72934372186093,-0.044767685320241675,0.0014018890343494698,2.239793334594946
-38.699889399699856,-0.0447463837691001,0.0013993707134968949,2.2410642072403846
-38.67043507753877,-0.04471717916605014,0.0013907679544788755,2.2423370158708855
-38.64098075537769,-0.04467817968286133,0.0013808555205964987,2.2436117649135974
-38.61152643321661,-0.044650714447236284,0.0013753415893582846,2.2448884588091778
-38.58207211105553,-0.04462458711100581,0.0013687433465814744,2.2461671020118454
-38.55261778889445,-0.04458829211788904,0.0013608488962237365,2.247447698989431
-38.523163466733365,-0.04455243838569269,0.0013545344979885448,2.2487302542234286
-38.49370914457229,-0.04452706512360242,0.0013489981440006696,2.250014772209049
-38.464254822411206,-0.04450943385927642,0.0013465869241835106,2.251301257455273
-38.43480050025013,-0.04448644148271707,0.0013484954199719543,2.2525897144849014
-38.40534617808905,-0.04445656736867232,0.001339304735467132,2.253880147834611
-38.37589185592796,-0.044426359361593025,0.0013319392211030513,2.255172562055007
-38.34643753376689,-0.04440117895581356,0.0013301998218713702,2.2564669617106743
-38.3169832116058,-0.044377562492311375,0.0013299205429201048,2.257763351380235
-38.28752888944472,-0.04435779374375195,0.0013277676537221468,2.2590617356563985
-38.25807456728364,-0.044337900031826305,0.0013219344288056816,2.260362119146019
-38.22862024512256,-0.04431483985054557,0.0013183794966231974,2.2616645064701486
-38.199165922961484,-0.04429397490120721,0.0013157613993425047,2.2629689022640918
-38.1697116008004,-0.044275848151540405,0.0013072322920319914,2.26427531117746
-38.140257278639325,-0.044249218132796864,0.0013025875893231218,2.265583737874228
-38.11080295647824,-0.04423036310402229,0.0012957687665331342,2.2668941870327903
-38.08134863431716,-0.044217478089690156,0.001298902433022715,2.2682066633460134
-38.05189431215608,-0.044199522267410175,0.0013044585347510838,2.269521171521295
-38.022439989995,-0.044179988788683455,0.0013032845105656215,2.2708377162806195
-37.99298566783392,-0.0441651174573513,0.001294757750681463,2.272156302360614
-37.963531345672834,-0.044147955402596424,0.0012892122496944178,2.2734769345126065
-37.93407702351176,-0.04412912493585603,0.0012875979105130004,2.2747996175026786
-37.904622701350675,-0.0441177304438559,0.0012844625724380463,2.2761243561117306
-37.875168379189596,-0.0441110046383301,0.001290252748870842,2.2774511551355308
-37.845714057028516,-0.04409934841372278,0.0013015959227705332,2.2787800193847794
-37.81625973486744,-0.04408307880253227,0.0012951300629123136,2.2801109536851634
-37.78680541270636,-0.04407199998123246,0.0012804544061710743,2.2814439628774172
-37.75735109054527,-0.044061570930654666,0.0012718241914034805,2.282779051817379
-37.7278967683842,-0.04404835323784021,0.001272422900597287,2.28411622537605
-37.69844244622311,-0.044036404646768786,0.001273996935103824,2.285455488439658
-37.66898812406203,-0.044021488995073466,0.0012780286477453977,2.2867968459097097
-37.63953380190095,-0.04399824392794629,0.00127995807134532,2.288140302703056
-37.610079479739866,-0.0439681668428376,0.001272915398904697,2.28948586375195
-37.580625157578794,-0.04394058194944287,0.0012660731005744005,2.2908335340041077
-37.55117083541771,-0.04392188189845226,0.0012643109602462007,2.29218331842277
-37.521716513256635,-0.04390054785248546,0.0012639639644667535,2.2935352219867586
-37.49226219109555,-0.04387597812143939,0.0012646974474105595,2.294889249690545
-37.46280786893447,-0.04385444753272543,0.001263833447600889,2.2962454065443056
-37.43335354677339,-0.04383608027279481,0.0012582059549096887,2.297603697573986
-37.4038992246123,-0.043814163641391485,0.0012493005748274318,2.298964127821364
-37.37444490245123,-0.04379164518258565,0.0012430561365989329,2.3003267023441083
-37.344990580290144,-0.0437722401786326,0.001242591144228547,2.3016914262158465
-37.315536258129065,-0.043751806679109106,0.0012486477422551144,2.3030583045262243
-37.286081935967985,-0.04372961795364392,0.001253777546187704,2.304427342380969
-37.256627613806906,-0.04371421185987395,0.0012582549092716908,2.3057985449019545
-37.227173291645826,-0.04370394165095288,0.0012616625182328462,2.3071719172272647
-37.19771896948474,-0.043693505894113006,0.0012632005827654213,2.3085474645112574
-37.16826464732367,-0.04367995467767724,0.001261467311142459,2.309925191924628
-37.13881032516258,-0.043667004984780246,0.0012568322391072122,2.311305104654477
-37.1093560030015,-0.04365606109800446,0.001252563058704593,2.312687207904371
-37.07990168084042,-0.04364936102536365,0.0012406087283543242,2.314071506894412
-37.05044735867934,-0.043652281429899596,0.001229954015605666,2.315458006861301
-37.02099303651826,-0.043656029091741384,0.0012230254734925492,2.3168467130584043
-36.991538714357176,-0.04365243958098897,0.0012193859686895334,2.3182376307558203
-36.962084392196104,-0.0436426938888092,0.001219019798471602,2.3196307652404458
-36.93263007003502,-0.04363240584892331,0.0012211325645365208,2.3210261218160433
-36.90317574787394,-0.043622375814291264,0.0012233507218323831,2.322423705803308
-36.87372142571286,-0.043610721563219774,0.0012208461394403423,2.323823522539935
-36.84426710355178,-0.04359484949822911,0.001225101159806209,2.325225577380689
-36.8148127813907,-0.04357610666979231,0.00124197646647477,2.3266298756974706
-36.78535845922961,-0.04355434519393617,0.0012617574853713764,2.328036422879386
-36.75590413706854,-0.04353831051537621,0.0012770913316673255,2.3294452243328148
-36.726449814907454,-0.04352920248564419,0.001289985836823361,2.330856285481482
-36.696995492746375,-0.043520134002525544,0.0013030130767652812,2.332269611766523
-36.667541170585295,-0.043511601452048694,0.0013089606745373288,2.3336852086465587
-36.63808684842421,-0.04350380093925169,0.0013092609689973646,2.335103081597762
-36.608632526263136,-0.04349760115326954,0.001301746272101767,2.336523236113929
-36.57917820410205,-0.0434934682503171,0.0012912493269427463,2.337945677706554
-36.54972388194098,-0.04350069815542368,0.0012875478552898723,2.3393704119048926
-36.52026955977989,-0.04350972034352863,0.001288321344684227,2.3407974442560433
-36.49081523761881,-0.043511109581578646,0.001289111920028935,2.34222678032501
-36.46136091545773,-0.04350660240824705,0.0012874613862845618,2.3436584256947817
-36.431906593296645,-0.0435051506064027,0.0012783549962448264,2.3450923859664012
-36.40245227113557,-0.043504760352807,0.001268265008550715,2.3465286667590384
-36.372997948974486,-0.04350395079940083,0.0012669922824474168,2.3479672737100663
-36.34354362681341,-0.0435055169551575,0.0012753555595948663,2.3494082124751317
-36.31408930465233,-0.04350517238626105,0.001289786277645717,2.3508514887282304
-36.28463498249125,-0.04350081268812866,0.0013034008319809495,2.3522971081617823
-36.25518066033017,-0.04349342591565636,0.001307081985591117,2.3537450764867067
-36.22572633816908,-0.04348854992828911,0.0013035744635624305,2.355195399432495
-36.19627201600801,-0.04348463472878381,0.001301807529946601,2.3566480827472875
-36.16681769384692,-0.043482339230451285,0.0013059009594560318,2.358103132197952
-36.137363371685844,-0.043478996159209554,0.0013185246611832505,2.359560553570156
-36.107909049524764,-0.04346542002208991,0.0013312196453552185,2.3610203526684455
-36.078454727363685,-0.04345134045249139,0.0013305153576862133,2.362482535316322
-36.049000405202605,-0.043444865121342206,0.0013307176005925053,2.3639471073563194
-36.01954608304152,-0.043441284935831444,0.0013305567443042468,2.365414074650083
-35.990091760880446,-0.043438894651260045,0.0013278055398383566,2.3668834430784442
-35.96063743871936,-0.04343371681851486,0.0013236118139199771,2.3683552185415055
-35.93118311655828,-0.04342278459566843,0.0013250381449531816,2.3698294069587127
-35.9017287943972,-0.043419778132943565,0.0013240044714735624,2.371306014268938
-35.87227447223612,-0.043422268678230826,0.0013192983772352426,2.37278504643056
-35.84282015007504,-0.043416731332532744,0.0013053495928274992,2.374266509421542
-35.813365827913955,-0.043414492314849285,0.001297350897958736,2.3757504092395125
-35.78391150575288,-0.04341540004950925,0.0012898519300187283,2.377236751901848
-35.754457183591796,-0.0434105359122616,0.0012708654150930432,2.3787255434457535
-35.72500286143072,-0.04340384843223357,0.0012466561765442548,2.3802167899283435
-35.69554853926964,-0.04339747654433146,0.0012280579025675015,2.381710497426725
-35.66609421710855,-0.04339177357372422,0.0012170968835497902,2.38320667203808
-35.63663989494748,-0.043384172477105354,0.0012090325666999715,2.3847053198797465
-35.60718557278639,-0.04337589588882599,0.0011987371993948657,2.386206447089307
-35.57773125062532,-0.04337464413473019,0.001183268360638291,2.387710059824665
-35.54827692846423,-0.043377664586023344,0.0011699395040030865,2.3892161642641363
-35.518822606303154,-0.043372986785297274,0.0011644209270704237,2.3907247666065286
-35.489368284142074,-0.04335954169211766,0.001167588411164796,2.3922358730712285
-35.45991396198099,-0.04334614566865475,0.0011756194850721686,2.393749489898288
-35.430459639819915,-0.04333581379185397,0.0011902481245076322,2.3952656233485063
-35.40100531765883,-0.04332971452797505,0.0012080244869230286,2.3967842797035237
-35.37155099549775,-0.04332798428203558,0.0012169094592921399,2.3983054652658993
-35.34209667333667,-0.04332204087449751,0.0012205383262372674,2.399829186359205
-35.31264235117559,-0.04330823304068085,0.0012353980427166423,2.4013554493281095
-35.28318802901451,-0.043290848165480324,0.0012569193531627282,2.4028842605384684
-35.253733706853424,-0.043274672283609844,0.001268929659787597,2.404415626377412
-35.22427938469235,-0.04326339162683651,0.0012666712335646737,2.405949553253432
-35.194825062531265,-0.04325839719142055,0.0012604035773130533,2.407486047596477
-35.165370740370186,-0.043256672558667116,0.0012548973843811038,2.409025115858034
-35.135916418209106,-0.043251157768378866,0.001249118881603547,2.410566764511226
-35.10646209604803,-0.04324257606857606,0.0012397146760377332,2.4121110000508987
-35.07700777388695,-0.04323507837176919,0.0012293205551202784,2.413657828993713
-35.04755345172586,-0.04323090990782861,0.001228998187905014,2.4152072578782366
-35.01809912956479,-0.04322917371558254,0.0012336283184069669,2.416759293265035
-34.9886448074037,-0.043227610092707425,0.0012324599495419216,2.418313941736767
-34.95919048524262,-0.04322634516422257,0.0012248925855038522,2.419871209898274
-34.92973616308154,-0.04322907928932524,0.0012216854447752738,2.4214311043766767
-34.900281840920464,-0.043235551748860436,0.001225404670199442,2.422993631821467
-34.870827518759384,-0.04323654156938458,0.001229113770261509,2.4245587989046036
-34.8413731965983,-0.04322900773030767,0.001230399764674029,2.426126612320607
-34.811918874437225,-0.04323110623945429,0.0012379199357572285,2.4276970787866534
-34.78246455227614,-0.04323798725168985,0.0012448593511244412,2.429270205042674
-34.75301023011506,-0.04324006763452082,0.0012474431276581393,2.430845997851447
-34.72355590795398,-0.04323686624823475,0.0012465057858350509,2.4324244639986974
-34.69410158579289,-0.04323725386901528,0.0012409474319360436,2.4340056102931955
-34.66464726363182,-0.04324065835073648,0.0012357098212746622,2.4355894435668497
-34.635192941470734,-0.04324164873377918,0.0012384096433036838,2.4371759706748115
-34.60573861930966,-0.043240957407579085,0.00124585462519457,2.438765198495569
-34.576284297148575,-0.04323628119500137,0.0012521250530125936,2.440357133931051
-34.546829974987496,-0.04322905064889587,0.0012475762373568603,2.4419517839067204
-34.517375652826416,-0.04323356176646865,0.0012471580920142519,2.443549155371682
-34.48792133066533,-0.043241163454838166,0.001251078349061821,2.44514925529878
-34.45846700850426,-0.04324312308799585,0.0012560971848606345,2.4467520906846962
-34.42901268634317,-0.04324192213072601,0.0012587743353527118,2.4483576685500603
-34.39955836418209,-0.04324216688793026,0.0012584377429175366,2.4499659959395426
-34.37010404202101,-0.043241966864458,0.0012582330876961794,2.4515770799219645
-34.34064971985993,-0.04324231471128121,0.0012591926449681985,2.453190927590399
-34.31119539769885,-0.04324458571668518,0.0012600988868869852,2.454807546062275
-34.28174107553777,-0.04323769747076042,0.0012545260040002558,2.4564269424794825
-34.252286753376694,-0.043234881863765735,0.0012537213049608046,2.4580491240084763
-34.22283243121561,-0.043244825465236364,0.0012591333072290703,2.4596740978403844
-34.19337810905453,-0.04325432412103603,0.0012595096444331327,2.461301871191111
-34.16392378689345,-0.04325211318379576,0.0012553100902003937,2.4629324513014463
-34.13446946473237,-0.04324621715317659,0.0012493097004337593,2.4645658454371717
-34.10501514257129,-0.04324973205666959,0.0012429187246733786,2.4662020608891693
-34.0755608204102,-0.04325099479912459,0.001246355607041582,2.4678411049735294
-34.04610649824913,-0.04325065252683413,0.0012509304668588891,2.469482985031658
-34.016652176088044,-0.04325443118181577,0.0012546745015577332,2.4711277084303926
-33.987197853926965,-0.04325918515480725,0.0012561494522277349,2.4727752825621034
-33.957743531765885,-0.043263510094629996,0.00125444129021679,2.474425714844811
-33.928289209604806,-0.043264685500844745,0.001256498836929971,2.4760790127222942
-33.898834887443726,-0.04326377884802172,0.00126463875317667,2.4777351836642043
-33.86938056528264,-0.043264692510555446,0.001269911331241438,2.4793942351661764
-33.83992624312157,-0.04326919469008175,0.0012645044798326869,2.4810561747499396
-33.81047192096048,-0.04327322154986305,0.0012582335452337534,2.4827210099634383
-33.7810175987994,-0.043276202026144406,0.001255781774147366,2.4843887483809373
-33.75156327663832,-0.04327943644520487,0.0012557334700248135,2.4860593976031433
-33.722108954477235,-0.04328019244573567,0.0012560756570997162,2.4877329652573184
-33.69265463231616,-0.04328470179986662,0.0012556034600147968,2.4894094589973936
-33.66320031015508,-0.04329267552851624,0.0012504366681414223,2.4910888865040914
-33.633745987994,-0.043298766836090706,0.0012429192480013726,2.4927712554850356
-33.60429166583292,-0.04330362283403582,0.0012376868453782908,2.4944565736748756
-33.57483734367184,-0.043310498674756476,0.0012334653065372483,2.496144848835402
-33.54538302151076,-0.043315094987652535,0.0012218156764545176,2.4978360887556654
-33.51592869934967,-0.04331981470816613,0.0012175505232177978,2.4995303012520975
-33.4864743771886,-0.04332253855197349,0.0012205610270723231,2.5012274941686305
-33.45702005502751,-0.04332539228318646,0.0012227929865843584,2.502927675376821
-33.427565732866434,-0.04333409773540924,0.0012195088113134212,2.5046308527759646
-33.398111410705354,-0.04334629649613365,0.0012144382953587303,2.506337034293227
-33.368657088544275,-0.04335614690142665,0.0012132478927066317,2.5080462278837623
-33.339202766383195,-0.0433599091018649,0.001219309668086234,2.509758441530836
-33.30974844422211,-0.04336213877607877,0.0012276766759183226,2.5114736832459514
-33.280294122061036,-0.04336815731547752,0.0012365004307611442,2.513191961068973
-33.25083979989995,-0.04337041613498779,0.0012375357902647593,2.5149132830682546
-33.22138547773887,-0.04336760656095071,0.0012362681221281292,2.5166376573407616
-33.19193115557779,-0.043366679245152424,0.001238637950617547,2.518365092012202
-33.16247683341671,-0.043373924266105986,0.0012405472936891054,2.520095595237151
-33.13302251125563,-0.04338241525656861,0.0012419915330703975,2.5218291751991817
-33.103568189094545,-0.043386369831563576,0.0012423376529438227,2.523565840110992
-33.07411386693347,-0.0433882218192318,0.00124065035098328,2.525305598214535
-33.04465954477239,-0.04339358174427285,0.0012413121543649092,2.5270484577811514
-33.01520522261131,-0.04339988528376416,0.001240219207500847,2.528794427111696
-32.98575090045023,-0.043404863881042234,0.00123546432886254,2.5305435145366757
-32.95629657828914,-0.043408323773391135,0.001229165919947479,2.5322957284163756
-32.92684225612807,-0.043408905140444966,0.0012242789352154544,2.534051077140996
-32.89738793396698,-0.04341076968124091,0.001225011998439771,2.5358095691307874
-32.86793361180591,-0.04342108349503269,0.0012311447087128022,2.53757121283618
-32.83847928964482,-0.04343408088406053,0.0012401145005238572,2.5393360167379257
-32.809024967483744,-0.04344121829080413,0.00124143853672514,2.5411039893472274
-32.779570645322664,-0.04344299398627926,0.0012374868233323989,2.5428751392058824
-32.75011632316158,-0.04344728436454099,0.0012408585595556744,2.5446494748864144
-32.720662001000505,-0.04345321333138372,0.0012461330331085627,2.5464270049922146
-32.69120767883942,-0.04346081616454114,0.0012479754171142853,2.5482077381576826
-32.66175335667834,-0.04346999426713036,0.0012485431737710106,2.549991683048361
-32.63229903451726,-0.04347360447327556,0.001253959653251553,2.55177884836108
-32.60284471235618,-0.04347187052391858,0.0012579799612770992,2.553569242824098
-32.5733903901951,-0.04346997177440587,0.001257493803360825,2.5553628751972433
-32.543936068034014,-0.04347566891022772,0.001261645205963741,2.5571597542720568
-32.51448174587294,-0.04347651966445414,0.00125740047606718,2.558959888871935
-32.485027423711855,-0.04347325658767201,0.0012498597125394967,2.5607632878522772
-32.455573101550776,-0.043471842777047985,0.0012492813703356026,2.5625699601006264
-32.4261187793897,-0.04347529946877151,0.0012506334086881297,2.5643799145368202
-32.39666445722862,-0.043477874765218104,0.0012497473084253103,2.5661931601131327
-32.36721013506754,-0.043480398175368105,0.0012457552962882243,2.568009705814426
-32.33775581290645,-0.043485379403594066,0.0012449742118427428,2.569829560658297
-32.30830149074538,-0.04348978729329389,0.0012478503898263036,2.571652733695225
-32.27884716858429,-0.04348742336934921,0.0012451870178541086,2.573479234008726
-32.24939284642321,-0.043487343428271874,0.0012490411262846873,2.575309070715499
-32.21993852426213,-0.04349251704545784,0.0012563040942681501,2.5771422529655803
-32.190484202101054,-0.04350063799035109,0.0012585339764262476,2.5789787899424956
-32.161029879939974,-0.0435127344608164,0.0012579359655563369,2.5808186908634125
-32.13157555777889,-0.04352551631427027,0.001260143969309605,2.582661964979297
-32.102121235617815,-0.0435343114521666,0.0012646291434848004,2.584508621575063
-32.07266691345673,-0.04354074946740554,0.0012648932103295012,2.5863586699697367
-32.04321259129565,-0.04354684319255972,0.0012601276211864961,2.5882121195166063
-32.01375826913457,-0.04354961877247449,0.001257924794858893,2.590068979603382
-31.984303946973487,-0.043548607693104535,0.0012570692802881677,2.591929259652355
-31.954849624812407,-0.043551280608666594,0.001257858489163164,2.5937929691205563
-31.925395302651328,-0.04356080063145389,0.0012601830058849577,2.5956601174999174
-31.89594098049025,-0.04357522189650648,0.0012602050389682712,2.5975307143174304
-31.866486658329165,-0.04358953303181528,0.0012553651163327378,2.5994047691353117
-31.837032336168086,-0.04359853103963266,0.0012489572653700837,2.6012822915511635
-31.807578014007007,-0.04359742603644983,0.0012460556090165907,2.6031632911981375
-31.778123691845924,-0.04359201851747257,0.0012442876420216476,2.605047777745101
-31.748669369684844,-0.04359124219070549,0.0012412830384933764,2.6069357608968025
-31.719215047523765,-0.043599596938268,0.0012432807953965171,2.6088272503940355
-31.68976072536268,-0.04361078296910346,0.0012484742982532121,2.610722256013811
-31.660306403201602,-0.04361970634327211,0.0012545579280397441,2.612620787569521
-31.630852081040523,-0.04362978034192131,0.001258732902668629,2.61452285491111
-31.601397758879443,-0.04364147793524622,0.0012576557049543875,2.616428467925247
-31.57194343671836,-0.043645820530314655,0.0012488472887989576,2.6183376365354945
-31.54248911455728,-0.043643942821263056,0.0012392521911122494,2.62025037070248
-31.5130347923962,-0.04364711207218491,0.0012388282375566805,2.622166680424072
-31.48358047023512,-0.043653131362425705,0.0012462096210964799,2.624086575735553
-31.45412614807404,-0.04366409645424288,0.0012564164206968946,2.6260100667097945
-31.42467182591296,-0.043676449249027714,0.0012608810485574603,2.6279371634574322
-31.395217503751876,-0.043685829837168864,0.0012589133984086053,2.6298678761270446
-31.365763181590797,-0.04368837916988374,0.0012584143249002773,2.6318022149053313
-31.336308859429717,-0.043687470102995146,0.0012597014710552582,2.6337401900172908
-31.306854537268634,-0.04368357106677323,0.001253405483168634,2.635681811726402
-31.277400215107555,-0.043682254229899076,0.0012389478374150217,2.637627090334804
-31.247945892946476,-0.04369489354278924,0.001240742546873153,2.6395760361834792
-31.218491570785396,-0.04370216396141324,0.0012494288795561021,2.6415286596524377
-31.189037248624313,-0.043706019920776884,0.0012522361625801896,2.643484971160899
-31.159582926463234,-0.043706829285308564,0.0012505736931698217,2.645444981167479
-31.130128604302154,-0.04370534590330415,0.0012497741581448233,2.6474087001703768
-31.10067428214107,-0.04370629580541679,0.0012471878799734325,2.6493761387075594
-31.07121995997999,-0.043709710741243246,0.0012436811628916097,2.651347307356954
-31.041765637818912,-0.04371549630242627,0.0012451753931715355,2.653322216736635
-31.01231131565783,-0.0437201405974564,0.0012402674731504945,2.6553008775050158
-30.98285699349675,-0.04372704549103873,0.0012349469831642542,2.657283300361039
-30.95340267133567,-0.043738165741552336,0.0012370055232458945,2.659269496044372
-30.92394834917459,-0.043749250817141795,0.0012368296409814262,2.6612594753355983
-30.894494027013508,-0.0437579062409341,0.0012304948714977853,2.663253249056414
-30.86503970485243,-0.04376610271132284,0.0012245546305897535,2.6652508280698224
-30.83558538269135,-0.04377606683110158,0.0012260512214848924,2.6672522232803337
-30.806131060530266,-0.04378700632374965,0.0012284627102856693,2.6692574456341625
-30.776676738369186,-0.04379946280135741,0.0012239413807429963,2.6712665061194247
-30.747222416208107,-0.043813924098395546,0.001220895054430904,2.673279415766343
-30.717768094047024,-0.04382837164952371,0.0012193465244566596,2.6752961856474453
-30.688313771885944,-0.043843148141338106,0.00121463615237177,2.677316826877768
-30.658859449724865,-0.04385716738334219,0.001208957800453875,2.679341350615062
-30.629405127563786,-0.04386912920185027,0.0012054702984832088,2.6813697680599957
-30.599950805402703,-0.043882464281802556,0.0012025214489091434,2.6834020904563647
-30.570496483241623,-0.04389557929603368,0.0012015869942001531,2.685438329091296
-30.541042161080544,-0.04390420405093418,0.0012056856084172241,2.687478495295459
-30.51158783891946,-0.04390808303847552,0.0012094533801284217,2.6895226004432757
-30.48213351675838,-0.04391535185287706,0.0012120219127556128,2.691570655953131
-30.4526791945973,-0.04392285818103969,0.001207555871559459,2.693622673287587
-30.42322487243622,-0.043932418309367866,0.0012029420028922921,2.695678663953595
-30.39377055027514,-0.043941745734968396,0.0012013300280350678,2.6977386395027114
-30.36431622811406,-0.04394950314490717,0.001197350665159156,2.6998026115313145
-30.334861905952977,-0.04395264875451153,0.0011920396628483823,2.701870591680822
-30.305407583791897,-0.04395255310908177,0.0011928048076186842,2.703942591637908
-30.275953261630818,-0.043952898566392375,0.0011962434137031187,2.7060186231347267
-30.24649893946974,-0.04395492853812725,0.0011987471612782694,2.70809869794913
-30.217044617308655,-0.0439603241599083,0.001201801287905574,2.710182827904894
-30.187590295147576,-0.043966586051387264,0.0011997300031059976,2.712271024871939
-30.158135972986496,-0.0439750802274295,0.0011928416861065614,2.714363300766558
-30.128681650825413,-0.04398219648635365,0.0011850857238644276,2.716459667551643
-30.099227328664334,-0.04398831994733481,0.0011789593565115198,2.71856013723691
-30.069773006503254,-0.04399350056308893,0.0011812545004520883,2.7206647218791336
-30.04031868434217,-0.04400296535110881,0.0011829526716759643,2.7227734335823723
-30.010864362181092,-0.04401209141209384,0.0011806250127286528,2.7248862844982047
-29.981410040020013,-0.044020088864933284,0.0011822619009935766,2.7270032868259597
-29.951955717858933,-0.044031618981444975,0.0011878340656952782,2.729124452812954
-29.92250139569785,-0.04404672352521802,0.0011930848559355465,2.7312497947547265
-29.89304707353677,-0.04405929830068906,0.0011984094480433822,2.7333793249952762
-29.86359275137569,-0.04406772182523492,0.0012054609937359342,2.735513055927302
-29.834138429214608,-0.04407515437191126,0.0012138156471139122,2.737650999992442
-29.80468410705353,-0.04408285756268745,0.001223874714659444,2.7397931696815165
-29.77522978489245,-0.04408974498245231,0.0012324189774211478,2.7419395775347697
-29.745775462731366,-0.04409704577258839,0.001245001779905575,2.744090236142116
-29.716321140570287,-0.04410473185602356,0.001257516083165754,2.746245158143385
-29.686866818409207,-0.04411226132681629,0.0012632944834029243,2.7484043562285696
-29.657412496248124,-0.04412403384156244,0.0012694715690258417,2.750567843138076
-29.627958174087045,-0.04413886388612715,0.0012778259688842524,2.752735631662972
-29.598503851925965,-0.04415166653926505,0.0012819859035670736,2.754907734645241
-29.569049529764886,-0.04415777181439203,0.0012827073181171874,2.757084164978035
-29.539595207603803,-0.04416691429262281,0.0012837656298954616,2.7592649356059304
-29.510140885442723,-0.04418511790497474,0.0012803164473269837,2.761450059525183
-29.480686563281644,-0.04420597727697184,0.0012797530872528749,2.7636395497839876
-29.45123224112056,-0.04422531533716361,0.0012822178615875728,2.765833419482737
-29.42177791895948,-0.044241762549337094,0.0012825886796391508,2.768031681774284
-29.392323596798402,-0.04425579013026091,0.0012811296444704121,2.770234349864203
-29.36286927463732,-0.04427256457130165,0.0012810754414226265,2.772441437011056
-29.33341495247624,-0.04429227380996396,0.0012830214820132924,2.774652956526657
-29.30396063031516,-0.04430425628494464,0.0012826856078796722,2.7768689217763423
-29.27450630815408,-0.04430999529950962,0.001281195738276993,2.7790893461792354
-29.245051985992998,-0.0443176137179039,0.0012883446825620532,2.7813142432085223
-29.215597663831918,-0.04432618429898253,0.0012898929954654767,2.783543626391721
-29.18614334167084,-0.04433590812377978,0.0012851642073201679,2.7857775093109574
-29.156689019509756,-0.04434369982572481,0.001283989988011819,2.788015905603241
-29.127234697348676,-0.04434635765958159,0.0012877422541374536,2.7902588289607397
-29.097780375187597,-0.04434439472045589,0.001288928582513717,2.792506293131064
-29.068326053026514,-0.04434489447043333,0.0012803602778835945,2.7947583119175428
-29.038871730865434,-0.0443443023089514,0.001271751516166692,2.7970148991795094
-29.009417408704355,-0.04434075169379964,0.0012611705593469059,2.799276068832585
-28.979963086543272,-0.044339025635524935,0.0012503288618484158,2.801541834848963
-28.950508764382192,-0.044336077046622825,0.001236614485720233,2.8038122112576995
-28.921054442221113,-0.04433465701565923,0.001224481040777593,2.806087212145001
-28.891600120060033,-0.044340544529423126,0.0012167873985650893,2.8083668516545153
-28.86214579789895,-0.044347221098735005,0.0012114358279222235,2.810651143987628
-28.83269147573787,-0.04434817038687794,0.0012011951519511046,2.8129401034037524
-28.80323715357679,-0.0443466299312708,0.0011888278434323352,2.8152337442206306
-28.77378283141571,-0.044355971396935485,0.0011828193708775,2.817532080814629
-28.74432850925463,-0.04437049479987031,0.0011818686344130906,2.8198351276210403
-28.71487418709355,-0.04438278762198067,0.0011848446397782048,2.8221428991343855
-28.685419864932467,-0.04439625195840866,0.0011925570976070363,2.8244554099087176
-28.655965542771387,-0.044412075653948814,0.0012004877872242323,2.8267726745579274
-28.626511220610308,-0.04442985271741342,0.0012091031209712283,2.8290947077560524
-28.597056898449228,-0.04444950592733071,0.0012192045722572765,2.831421524237585
-28.567602576288145,-0.04446844305122577,0.0012302073246001296,2.833753138797786
-28.538148254127066,-0.04448319519571658,0.0012390576094659077,2.836089566292995
-28.508693931965986,-0.0444977172012344,0.0012474822256444943,2.838430821640951
-28.479239609804903,-0.044518186841448905,0.0012584489242761913,2.8407769198211055
-28.449785287643824,-0.04454083529064246,0.0012684149105089996,2.8431278758749428
-28.420330965482744,-0.04455831670563514,0.001274345247548858,2.845483704906303
-28.39087664332166,-0.04457159972882807,0.0012802998716516165,2.8478444220817045
-28.361422321160582,-0.0445869406519211,0.0012841967194003854,2.85021004263067
-28.331967998999502,-0.04460521580902229,0.0012836979283465427,2.8525805818460515
-28.302513676838423,-0.04462221375015978,0.0012823382782606847,2.8549560550843647
-28.27305935467734,-0.044636955897782764,0.0012805211656777551,2.8573364777661157
-28.24360503251626,-0.04464144649960456,0.001277923158229133,2.8597218653761374
-28.21415071035518,-0.04465070952054343,0.0012784100272853615,2.862112233463925
-28.184696388194098,-0.04466464035485188,0.0012777142475368032,2.8645075976439727
-28.15524206603302,-0.04468097984346627,0.001272685428103335,2.866907973596115
-28.12578774387194,-0.044694626851823786,0.001266901869133122,2.8693133770658683
-28.096333421710856,-0.04470601574633723,0.0012625029613427127,2.8717238238647753
-28.066879099549777,-0.04471656529369977,0.0012603622453098724,2.8741393298707507
-28.037424777388697,-0.044726415055654785,0.0012542126768148698,2.876559911028431
-28.007970455227614,-0.04473022559776583,0.001241153862593338,2.8789855833495253
-27.978516133066535,-0.0447320593996145,0.0012324774255277505,2.8814163629131664
-27.949061810905455,-0.044732030398636734,0.0012301465112821038,2.883852265866269
-27.919607488744376,-0.04473863363898887,0.001229240295125629,2.8862933084238853
-27.890153166583296,-0.04475013676565287,0.00121914285965896,2.888739506869565
-27.86069884442221,-0.044760046003105146,0.0012004510904118487,2.891190877555719
-27.83124452226113,-0.04476724449748121,0.0011844503479451181,2.8936474369039797
-27.80179020010005,-0.044773940410748635,0.0011798738073243121,2.8961092014055723
-27.77233587793897,-0.044780756422928385,0.001176352950085892,2.8985761876216825
-27.742881555777892,-0.04478737889795987,0.0011691635402979925,2.9010484121838256
-27.713427233616812,-0.044796460125635214,0.0011653950232703974,2.9035258917942235
-27.683972911455733,-0.04481146174074902,0.0011709904103576587,2.906008643226179
-27.654518589294646,-0.044831021247360346,0.001177584153032804,2.9084966833244543
-27.625064267133567,-0.04485415941365025,0.001180197812384781,2.9109900290056516
-27.595609944972487,-0.044878485329418426,0.001183252627296519,2.9134886972585985
-27.566155622811408,-0.044901813965018245,0.0011906738389453118,2.915992705144732
-27.53670130065033,-0.04492471074922971,0.0011935097504559991,2.9185020697984876
-27.50724697848925,-0.044945739821447395,0.001200621867163253,2.9210168084276895
-27.47779265632817,-0.04496118921934014,0.0012107778631481113,2.9235369383139447
-27.448338334167083,-0.044975206656819734,0.0012183939393745498,2.9260624768130397
-27.418884012006004,-0.044998199462217975,0.0012266328458720786,2.9285934413553343
-27.389429689844924,-0.045025243954250144,0.0012349967590554287,2.9311298494461697
-27.359975367683845,-0.04504724507192115,0.0012418884311878994,2.933671718666267
-27.330521045522765,-0.04506292560050035,0.0012459290030232594,2.936219066672134
-27.301066723361686,-0.045079350266896336,0.001246097989572455,2.938771911196477
-27.2716124012006,-0.045093814240292844,0.0012511487957319175,2.9413302700486086
-27.24215807903952,-0.04510418034532491,0.0012522658250949238,2.9438941611148626
-27.21270375687844,-0.04511357160030995,0.0012433853836315125,2.9464636023590134
-27.18324943471736,-0.04512360161795509,0.0012362139644099923,2.9490386118226932
-27.15379511255628,-0.04513302789554463,0.001237390964294043,2.9516192076258143
-27.124340790395202,-0.0451447580725195,0.0012393676804606738,2.9542054079669953
-27.094886468234122,-0.04515859369222947,0.0012331519487392066,2.9567972311239874
-27.065432146073036,-0.04516716434807449,0.0012230767907838414,2.9593946954541077
-27.035977823911956,-0.04517252580271928,0.0012135119424912116,2.961997819394668
-27.006523501750877,-0.04517742896351162,0.0012016001783401993,2.9646066214634157
-26.977069179589797,-0.04519062899721643,0.0011917828406769499,2.9672211202589702
-26.947614857428718,-0.0452055888273285,0.0011842216839695915,2.969841334461267
-26.91816053526764,-0.04521530492070219,0.0011743869442093035,2.972467282831999
-26.888706213106552,-0.04522253400444202,0.001162408147933401,2.9750989842150695
-26.859251890945472,-0.04523109480939058,0.0011543200010404643,2.9777364575370364
-26.829797568784393,-0.04524246693071018,0.001156126611513088,2.980379721807572
-26.800343246623314,-0.045257051780102565,0.001163975337203642,2.9830287961199167
-26.770888924462234,-0.04527064050105381,0.0011683163010512156,2.9856836996513394
-26.741434602301155,-0.045289022648863746,0.0011734038615261132,2.9883444516635995
-26.711980280140075,-0.045310923381321914,0.0011805410063661205,2.991011071503414
-26.68252595797899,-0.0453296565886205,0.0011832429940880108,2.9936835786029268
-26.65307163581791,-0.04534658224007416,0.0011855246267149853,2.9963619924801757
-26.62361731365683,-0.04536026699624742,0.0011880411915933613,2.9990463327395758
-26.59416299149575,-0.04537030957112551,0.0011915484115281863,3.0017366190723918
-26.56470866933467,-0.045382974489034195,0.0011968427346090926,3.004432871257221
-26.53525434717359,-0.04539992001816432,0.0012042058206290563,3.0071351091604797
-26.505800025012505,-0.045423455228020215,0.0012112499235403431,3.0098433527368877
-26.476345702851425,-0.04544205546527957,0.0012155377657950873,3.012557622029963
-26.446891380690346,-0.04545643016134352,0.0012142691022278783,3.0152779371725127
-26.417437058529266,-0.04547272145927413,0.001210863925114588,3.0180043183871357
-26.387982736368187,-0.045488801476762264,0.0012115850801156793,3.020736785986719
-26.358528414207107,-0.04550307292340287,0.0012184018383157567,3.0234753603749445
-26.329074092046028,-0.04551761921906195,0.001224619517769342,3.0262200620467965
-26.29961976988494,-0.04552964183342726,0.00122828694725906,3.0289709115890737
-26.270165447723862,-0.04554584765747483,0.0012278032810127345,3.0317279296809008
-26.240711125562783,-0.045573339541445095,0.0012314363600465581,3.0344911370942516
-26.211256803401703,-0.04559908591548748,0.0012397133114922167,3.0372605546944667
-26.181802481240624,-0.04562042975286798,0.0012495281536059211,3.0400362034407804
-26.152348159079544,-0.045634537221970285,0.0012570359844251673,3.04281810438685
-26.122893836918465,-0.04564457557812856,0.001263687819065981,3.045606278681285
-26.093439514757378,-0.04565633080939471,0.0012695448185100085,3.0484007475681887
-26.0639851925963,-0.04567236663400149,0.0012731629912475912,3.05120153238769
-26.03453087043522,-0.04569021843777029,0.001275336522023826,3.0540086545764944
-26.00507654827414,-0.04570191823060199,0.0012686034986316088,3.056822135668426
-25.97562222611306,-0.045709765185801034,0.0012632183145091264,3.05964199729498
-25.94616790395198,-0.045722068577039005,0.0012671315791143744,3.062468261185877
-25.916713581790894,-0.04573059572963519,0.0012742193941577408,3.06530094916962
-25.887259259629815,-0.045731450266192436,0.0012783101335291163,3.0681400831740566
-25.857804937468735,-0.04573331274080774,0.0012744154913689172,3.070985685226948
-25.828350615307656,-0.045740810965615865,0.001268757807985445,3.073837777456533
-25.798896293146576,-0.045756434764694126,0.0012632572984321267,3.076696382092107
-25.769441970985497,-0.04577551840645419,0.0012542731338752154,3.079561521464597
-25.739987648824417,-0.045790793700602184,0.0012489706705539941,3.082433218007141
-25.71053332666333,-0.045801937670316185,0.0012495559687701575,3.08531149425568
-25.68107900450225,-0.045808439860054166,0.0012499316025788342,3.0881963728495383
-25.651624682341172,-0.045814377631308356,0.0012533747662026669,3.0910878765320255
-25.622170360180093,-0.045822989331314457,0.0012573368809352906,3.09398602815103
-25.592716038019013,-0.04582994975781322,0.0012591780325025442,3.096890850659621
-25.563261715857934,-0.045835784048868296,0.0012557351004334333,3.099802367116656
-25.533807393696847,-0.045847157277760155,0.001252870818555059,3.1027206006873898
-25.504353071535768,-0.04586087472835987,0.0012556591651799239,3.105645574644087
-25.474898749374688,-0.04587185632009366,0.0012599188396912094,3.108577312366645
-25.44544442721361,-0.04588283866263334,0.0012603025555443443,3.1115158373432132
-25.41599010505253,-0.04589461233968709,0.0012546340564700605,3.1144611731708234
-25.38653578289145,-0.045906915243579816,0.0012455585135044763,3.117413343556018
-25.35708146073037,-0.04591682510287398,0.0012383741962259315,3.120372372315488
-25.327627138569284,-0.04592500304754826,0.0012352878704516568,3.123338283376715
-25.298172816408204,-0.0459374681602675,0.0012330764980331363,3.126311100778611
-25.268718494247125,-0.045947854066277015,0.0012311308022809277,3.1292908486721744
-25.239264172086045,-0.04596200620620833,0.0012275684815948717,3.1322775513211396
-25.209809849924966,-0.04598426563830165,0.0012282579825297676,3.1352712331026362
-25.180355527763886,-0.046005626368142004,0.00122914647173041,3.138271918507854
-25.150901205602807,-0.046020186368201176,0.0012244637450848034,3.1412796321427088
-25.12144688344172,-0.04603074608224245,0.0012139503533187658,3.1442943987285177
-25.09199256128064,-0.04604391823236631,0.0012018880803131393,3.1473162431026713
-25.06253823911956,-0.046058283603334034,0.001196296771669401,3.1503451902193222
-25.033083916958482,-0.04606952958743151,0.0011985508773104077,3.153381265150067
-25.003629594797403,-0.04607951586048287,0.0012075600087577806,3.156424493084641
-24.974175272636323,-0.04609552439541081,0.0012137153994057723,3.159474899331613
-24.944720950475237,-0.04611264064465293,0.00121131779355827,3.1625325093190884
-24.915266628314157,-0.046128706078902716,0.0012072128220454714,3.165597348595413
-24.885812306153078,-0.046144190715704136,0.00120610776559747,3.1686694428298883
-24.856357983991998,-0.04615611176077283,0.0012071073579279117,3.1717488178134867
-24.82690366183092,-0.04616805580514677,0.001203802470421411,3.1748354994595713
-24.79744933966984,-0.046181689922393986,0.0012016171742259554,3.1779295138046257
-24.76799501750876,-0.046200185402654505,0.0012090799801889142,3.1810308870089843
-24.738540695347673,-0.04621914821006803,0.0012224551190887249,3.1841396453575705
-24.709086373186594,-0.04623191934435807,0.0012336655571642521,3.187255815260638
-24.679632051025514,-0.046244504106640515,0.0012417201540878041,3.19037942325452
-24.650177728864435,-0.04626244375017822,0.001241166715743155,3.1935104960023817
-24.620723406703355,-0.04628105405647271,0.0012372311242834465,3.1966490602949804
-24.591269084542276,-0.04629638927641891,0.0012367365901370803,3.1997951430514275
-24.56181476238119,-0.04631325989592286,0.0012377439090170423,3.2029487713199596
-24.53236044022011,-0.04633370552133969,0.0012397935672463453,3.206109972278712
-24.50290611805903,-0.046351432401047006,0.0012469776592137786,3.2092787732365013
-24.47345179589795,-0.04636929342206959,0.0012548593643915843,3.212455201633612
-24.44399747373687,-0.04638701768679546,0.0012593739833013059,3.215639285042586
-24.414543151575792,-0.04640521731883488,0.0012596066867300742,3.218831051169024
-24.385088829414713,-0.0464228398611116,0.0012578624101794449,3.222030527852385
-24.355634507253626,-0.04644178606392927,0.0012574546907259479,3.2252377430668004
-24.326180185092547,-0.04646227338403245,0.0012621663143756378,3.228452724921883
-24.296725862931467,-0.046475840145515306,0.0012756366750583468,3.2316755016635557
-24.267271540770388,-0.04648888449211327,0.0012858042063600362,3.234906101674873
-24.237817218609308,-0.046507856955380344,0.0012933082511993182,3.2381445534768565
-24.20836289644823,-0.04653041832825571,0.0013013552544785367,3.2413908857293348
-24.178908574287142,-0.04654961299378612,0.0013093140592243464,3.244645127231788
-24.149454252126063,-0.04656513203575654,0.0013155070404947795,3.247907306924197
-24.119999929964983,-0.04657844853051585,0.0013225554957172693,3.2511774538879066
-24.090545607803904,-0.04658834350378793,0.0013327592536429335,3.254455597346486
-24.061091285642824,-0.046600858195699334,0.0013370057744825031,3.2577417666666006
-24.031636963481745,-0.046617843508200384,0.0013383871021086244,3.261035991358888
-24.002182641320665,-0.04663369288435328,0.0013450175203391058,3.2643383010788423
-23.97272831915958,-0.04665125432761627,0.0013477991865924162,3.2676487256277036
-23.9432739969985,-0.04667143739087964,0.0013461589897263986,3.270967294953353
-23.91381967483742,-0.04669136313841662,0.0013435402839244355,3.27429403915122
-23.88436535267634,-0.046703345238684836,0.0013449834844247643,3.277628988465187
-23.85491103051526,-0.046708381890558696,0.0013470730925011537,3.2809721732885095
-23.82545670835418,-0.04671233812794214,0.0013461970335294693,3.284323624164738
-23.796002386193102,-0.04672330210964656,0.0013412228532829079,3.2876833717886487
-23.766548064032015,-0.046741570887477386,0.0013356645084290158,3.2910514470071797
-23.737093741870936,-0.046756279136322625,0.0013281149277932214,3.294427880820374
-23.707639419709857,-0.04676935434636962,0.0013222698519505195,3.297812704382335
-23.678185097548777,-0.04677934872523822,0.001319119592081977,3.301205949002181
-23.648730775387698,-0.04678632030094678,0.001313025708020415,3.3046076461450093
-23.619276453226618,-0.046789821776222124,0.0013021146540638602,3.3080178274328746
-23.58982213106553,-0.046796632266818024,0.0012874031504714841,3.311436524645763
-23.560367808904452,-0.04680545472303956,0.0012793036829156124,3.3148637697225802
-23.530913486743373,-0.046816152619471536,0.0012727683589182559,3.318299594762149
-23.501459164582293,-0.0468314261650308,0.0012616694888311962,3.3217440320242098
-23.472004842421214,-0.04684774298767366,0.001250573088261434,3.3251971139304297
-23.442550520260134,-0.04686378150021164,0.00124072997128719,3.32865887306542
-23.413096198099055,-0.04687581525274784,0.0012302983912385497,3.332129342177762
-23.38364187593797,-0.04688730018943749,0.0012196934627196959,3.335608554181039
-23.35418755377689,-0.046901553730027246,0.0012131570470056536,3.339096542154875
-23.32473323161581,-0.04691910795663151,0.0012117320191442466,3.3425933393459872
-23.29527890945473,-0.046936048702463574,0.0012121345546215738,3.34609897916924
-23.26582458729365,-0.046956465412298955,0.0012114482832414936,3.349613495208708
-23.23637026513257,-0.04697795471321615,0.0012130503546225217,3.353136921218751
-23.206915942971484,-0.04699548352090211,0.0012131347050322535,3.3566692911250944
-23.177461620810405,-0.047010407545387135,0.0012146885566748432,3.360210639025914
-23.148007298649325,-0.047024490286370936,0.0012189727340679761,3.3637609991929396
-23.118552976488246,-0.04703804319368238,0.0012241581661650703,3.367320406072556
-23.089098654327167,-0.04705643185481909,0.0012235483246578103,3.3708888942869186
-23.059644332166087,-0.04707758961436231,0.0012212577695827245,3.374466498635076
-23.030190010005008,-0.04709473733059686,0.0012272541896727065,3.3780532540941
-23.00073568784392,-0.04710957573474242,0.0012358177854522791,3.381649195820229
-22.97128136568284,-0.04712665507483795,0.0012382044731158387,3.385254359150009
-22.941827043521762,-0.047147018338440365,0.0012379915818496018,3.3888687796014616
-22.912372721360683,-0.0471676079126784,0.0012409055983072055,3.392492492875242
-22.882918399199603,-0.0471880114962587,0.0012437246790604247,3.396125534855817
-22.853464077038524,-0.04720765976520611,0.001245585172008619,3.3997679416126525
-22.824009754877444,-0.0472291104040509,0.0012465454344159261,3.403419749401402
-22.794555432716358,-0.0472555108717714,0.0012471833902099247,3.407080994665114
-22.76510111055528,-0.0472831279776528,0.0012521262869209843,3.4107517140354395
-22.7356467883942,-0.04730415061218954,0.0012612584045032695,3.4144319443338604
-22.70619246623312,-0.0473234731452033,0.0012707727871947656,3.418121722572914
-22.67673814407204,-0.0473476429487965,0.0012732084324328036,3.4218210859574385
-22.64728382191096,-0.047373620259489685,0.0012725563968938695,3.425530071885821
-22.617829499749874,-0.047396432843619836,0.0012752011795686639,3.429248717951259
-22.588375177588794,-0.047417008614808846,0.001279850400585274,3.432977061943028
-22.558920855427715,-0.04743686062907424,0.001283011740898944,3.4367151418477664
-22.529466533266636,-0.04745998356916051,0.0012828007574536122,3.4404629958507607
-22.500012211105556,-0.04748566248412348,0.0012843253605546298,3.4442206623372487
-22.470557888944477,-0.047508057122673454,0.0012888303694150016,3.4479881798937293
-22.441103566783397,-0.04752762448983148,0.0012889439616323264,3.451765587309283
-22.41164924462231,-0.047544679018276505,0.0012830670898353025,3.455552923576903
-22.38219492246123,-0.047561815146759,0.0012741435868505993,3.459350227894836
-22.35274060030015,-0.047580001039262666,0.0012686269628404828,3.4631575396679373
-22.323286278139072,-0.04760088336687598,0.0012651277316391744,3.4669748985090316
-22.293831955977993,-0.04761833209915769,0.0012624798787142994,3.4708023442402878
-22.264377633816913,-0.04763122151938221,0.0012608484187138136,3.4746399168946023
-22.234923311655827,-0.04764888967651221,0.0012639960148321614,3.4784876567169976
-22.205468989494747,-0.047669594369847294,0.0012676644109830396,3.4823456041660243
-22.176014667333668,-0.047684827861010894,0.0012712184114567337,3.4862137999151854
-22.14656034517259,-0.0476965627762233,0.0012776404215656312,3.4900922848543603
-22.11710602301151,-0.04770784953721846,0.0012830376532643954,3.4939811000912497
-22.08765170085043,-0.04771857839119659,0.0012863798231251638,3.4978802869528245
-22.05819737868935,-0.047725867001456236,0.0012949753167959032,3.501789886986792
-22.028743056528263,-0.047737496452191115,0.0013068074159324726,3.5057099419630715
-21.999288734367184,-0.047749852002445824,0.001319560708692567,3.5096404938752785
-21.969834412206104,-0.04776248662910812,0.0013302968714484615,3.5135815849422305
-21.940380090045025,-0.04777867175301754,0.0013365982778660891,3.517533257609453
-21.910925767883946,-0.04779781421891618,0.0013414400563659468,3.521495554550707
-21.881471445722866,-0.047813831265050066,0.0013455931219892951,3.5254685186695216
-21.85201712356178,-0.04782494213839263,0.0013477234358603106,3.5294521931007474
-21.8225628014007,-0.04783882561344548,0.001344030530399031,3.5334466212121107
-21.79310847923962,-0.047857491215012406,0.0013398949305262848,3.537451846605794
-21.76365415707854,-0.047874029338884606,0.0013372245221280265,3.541467913120019
-21.73419983491746,-0.04788952411657721,0.0013309760843604932,3.545494864830647
-21.704745512756382,-0.0479078804565758,0.0013282366117681453,3.5495327460527903
-21.675291190595303,-0.047924466944431865,0.0013244405335141529,3.5535816013424393
-21.645836868434216,-0.04793907864848512,0.0013209643749129362,3.557641475498101
-21.616382546273137,-0.04795189721408472,0.0013188267092503706,3.5617124135624487
-21.586928224112057,-0.04796542426399932,0.0013150821121528664,3.565794460823992
-21.557473901950978,-0.04798178938478095,0.0013067891084342978,3.5698876628187537
-21.5280195797899,-0.04799586482854578,0.001300380308862601,3.573992065331963
-21.49856525762882,-0.04800605985135581,0.0012972474227982665,3.578107714399764
-21.46911093546774,-0.04801803715199684,0.0012981754677423934,3.5822346563109346
-21.439656613306653,-0.048033140547852064,0.001299712318434684,3.586372937608626
-21.410202291145573,-0.048047868862060174,0.0012965099833627093,3.5905226050921057
-21.380747968984494,-0.048062153832935633,0.0012904275753313301,3.594683705818529
-21.351293646823414,-0.048077063331016356,0.0012863280773384436,3.598856287104712
-21.321839324662335,-0.04809319248202484,0.0012876043393981766,3.6030403965289306
-21.292385002501256,-0.04811322067660098,0.0012904077400129332,3.6072360819327236
-21.26293068034017,-0.04813056485012943,0.0012911096733388711,3.6114433914227195
-21.23347635817909,-0.048151376420124764,0.0012897016568427417,3.615662373372472
-21.20402203601801,-0.04817687106261742,0.0012893519646705969,3.619893076424318
-21.17456771385693,-0.048197532889680615,0.0012873324399095645,3.6241355494912444
-21.14511339169585,-0.048215857315686804,0.001284847212100293,3.6283898417587737
-21.11565906953477,-0.048238498508805766,0.001281049624789332,3.6326560026868644
-21.086204747373692,-0.04825850588843115,0.0012809483072700417,3.6369340820118286
-21.056750425212606,-0.048274120033781696,0.0012821020330013623,3.6412241297482653
-21.027296103051526,-0.04829139115666318,0.0012861601058774086,3.6455261961910046
-20.997841780890447,-0.04831493756959279,0.0012940368206436185,3.6498403319170816
-20.968387458729367,-0.048338823645470035,0.0013020005990573543,3.6541665877877114
-20.938933136568288,-0.04835840592394645,0.0013030250631660368,3.6585050149502916
-20.90947881440721,-0.048377123462205095,0.0013004504494883028,3.662855664840416
-20.880024492246122,-0.04839318303286674,0.0012990182886730556,3.667218589183909
-20.850570170085042,-0.048402674176709626,0.0013010659483149252,3.671593839998872
-20.821115847923963,-0.04841111448943494,0.0013048167939592127,3.675981469597756
-20.791661525762883,-0.0484275915007833,0.0013114178847379045,3.680381530589443
-20.762207203601804,-0.048446653042763334,0.0013187369829463086,3.6847940758813507
-20.732752881440724,-0.048465322387952564,0.001323180475832445,3.6892191586815493
-20.703298559279645,-0.04848440723217475,0.00132657313750428,3.6936568325009045
-20.67384423711856,-0.048503092988247086,0.0013297971048292483,3.698107151155235
-20.64438991495748,-0.0485214227745113,0.0013316976386044245,3.7025701687674792
-20.6149355927964,-0.048540077862722554,0.0013294130467341402,3.7070459397699027
-20.58548127063532,-0.04855933219640839,0.0013254056098606546,3.711534518906301
-20.55602694847424,-0.04857666251166611,0.0013286905231817887,3.716035961234235
-20.52657262631316,-0.04859390502120478,0.0013364676139087652,3.720550322127283
-20.49711830415208,-0.04861295351826755,0.001339691850422888,3.7250776572773088
-20.467663981990995,-0.04863374421687184,0.0013415793559997222,3.729618022696756
-20.438209659829916,-0.048656043161715117,0.0013408830521699135,3.7341714747209505
-20.408755337668836,-0.04867939126705254,0.0013417798244254222,3.7387380700104393
-20.379301015507757,-0.04870074576776238,0.0013446902224458753,3.7433178655533355
-20.349846693346677,-0.04872087942601222,0.0013471609772843854,3.7479109186676904
-20.320392371185598,-0.04874364977893738,0.001348699552938312,3.7525172870038834
-20.29093804902451,-0.048769381383560816,0.0013527938702880703,3.7571370285470373
-20.261483726863432,-0.04879091534948155,0.0013557370196955177,3.761770201619445
-20.232029404702352,-0.048812332717248434,0.0013592446164276137,3.7664168648830314
-20.202575082541273,-0.04883478257835295,0.001360179009867095,3.771077077341825
-20.173120760380193,-0.048860882961329656,0.0013582719258027703,3.775750898344456
-20.143666438219114,-0.048882388273770595,0.0013555482954726178,3.7804383875866754
-20.114212116058034,-0.048902032858743,0.0013526128935427736,3.7851396051138972
-20.084757793896948,-0.04892266974170925,0.001350963838186646,3.789854611323764
-20.05530347173587,-0.04894295158352715,0.0013506854489932537,3.794583466968727
-20.02584914957479,-0.04896302315710874,0.0013474607293472325,3.7993262331586646
-19.99639482741371,-0.048982201182388975,0.0013420976651438894,3.804082971363507
-19.96694050525263,-0.04899980817755948,0.001337256533236427,3.8088537434158978
-19.93748618309155,-0.04901688770577838,0.001330857157322351,3.8136386115138676
-19.908031860930464,-0.049034144990909724,0.0013239076004675054,3.8184376382235428
-19.878577538769385,-0.04905095299283411,0.0013163957849338156,3.8232508864818655
-19.849123216608305,-0.04906687917024647,0.0013083370260609138,3.8280784195993522
-19.819668894447226,-0.04907961208968902,0.0013000124932831434,3.8329203012628663
-19.790214572286146,-0.04909193979859807,0.001288082040824344,3.837776595538417
-19.760760250125067,-0.04911218288105973,0.0012808243244650584,3.8426473668739893
-19.731305927963987,-0.04913622231455473,0.0012794541921014432,3.847532680102391
-19.7018516058029,-0.04915294107253151,0.0012794718357818113,3.852432600444131
-19.67239728364182,-0.04917005252198623,0.0012825038867982017,3.857347193510321
-19.642942961480742,-0.049187758816411686,0.0012831918473504044,3.8622765253056044
-19.613488639319662,-0.049209081730921145,0.0012776243515911538,3.8672206622311136
-19.584034317158583,-0.04923007058758502,0.0012734249250903574,3.8721796710874465
-19.554579994997503,-0.04925382158167204,0.00126990806148093,3.87715361907768
-19.525125672836424,-0.04927739592301175,0.0012667238728392115,3.8821425738104023
-19.495671350675337,-0.04929713772834346,0.0012685197949232677,3.8871466033027793
-19.466217028514258,-0.0493181848992768,0.001272484394566384,3.892165775983639
-19.43676270635318,-0.04934599121376917,0.001279653537324696,3.897200160696601
-19.4073083841921,-0.04937659403931805,0.0012889511867851832,3.9022498267032164
-19.37785406203102,-0.04940493860042657,0.0012926525687066918,3.907314843686146
-19.34839973986994,-0.04943245842383207,0.0012910817929520087,3.9123952817523664
-19.318945417708854,-0.04945752039621957,0.001294051679309607,3.9174912114364053
-19.289491095547774,-0.04948292312667196,0.0012944862020596562,3.9226027037036006
-19.260036773386695,-0.04950945410525256,0.0012914503714847592,3.927729829953403
-19.230582451225615,-0.04953238831603182,0.0012972908681850117,3.9328726620226946
-19.201128129064536,-0.0495491163463162,0.0013066961706174848,3.9380312721891446
-19.171673806903456,-0.04956929547684791,0.0013155404317328281,3.9432057331745973
-19.142219484742377,-0.04959430808281701,0.001320102401562412,3.948396118148488
-19.11276516258129,-0.04961660223542184,0.001326505888868473,3.9536025007312934
-19.08331084042021,-0.04963646057282534,0.0013343754283563487,3.958824954998007
-19.05385651825913,-0.0496586057002645,0.001336808873227361,3.9640635554816606
-19.024402196098052,-0.049677646741150334,0.0013364661781373973,3.969318377176864
-18.994947873936972,-0.049702493465178736,0.0013420738720207096,3.9745894955433867
-18.965493551775893,-0.04972772262840682,0.0013463458290780257,3.979876986509767
-18.936039229614806,-0.049749128535653296,0.0013484312427776218,3.9851809264769624
-18.906584907453727,-0.04977024156150877,0.0013546214110270736,3.990501392322022
-18.877130585292647,-0.04979589763233216,0.0013596820600452818,3.995838461401809
-18.847676263131568,-0.04982718421657095,0.0013595093434723056,4.001192211556747
-18.81822194097049,-0.049857490071674816,0.0013588952008033413,4.0065627211146
-18.78876761880941,-0.0498822144236884,0.0013608942872951283,4.011950068894298
-18.75931329664833,-0.0499125370046613,0.001360730766430002,4.017354334209792
-18.729858974487243,-0.04994395619773467,0.0013554690867980832,4.022775596873945
-18.700404652326164,-0.04997211950236761,0.0013489582158720532,4.028213937202457
-18.670950330165084,-0.049997935938498404,0.0013417703953832998,4.03366943601784
-18.641496008004005,-0.05002672915995732,0.0013343943363193472,4.039142174653417
-18.612041685842925,-0.05006135153702223,0.001328452850660517,4.044632234957363
-18.582587363681846,-0.05009642780345478,0.0013264514445670529,4.050139699296786
-18.55313304152076,-0.05013066922551032,0.0013220648287896948,4.055664650561852
-18.52367871935968,-0.05016396101323948,0.0013140328223716165,4.061207172169929
-18.4942243971986,-0.050191896680137155,0.001305219881935104,4.066767348069803
-18.46477007503752,-0.05022218018546202,0.0012991561466728931,4.0723452627459045
-18.43531575287644,-0.05025542337647737,0.0012957133065318908,4.077941001222592
-18.405861430715362,-0.05028887912924076,0.0012938351771523016,4.08355464906847
-18.376407108554282,-0.050325062300309926,0.0012949992229055044,4.089186292400754
-18.346952786393196,-0.05036231216608478,0.0012937287440446066,4.094836017889671
-18.317498464232116,-0.05039197944279953,0.001286468772702386,4.100503912762906
-18.288044142071037,-0.05041102441715949,0.0012788002983696654,4.106190064810092
-18.258589819909957,-0.05043479153762568,0.0012764476991670062,4.111894562387344
-18.229135497748878,-0.050468760159411326,0.001281253168114645,4.117617494421835
-18.1996811755878,-0.05050144378152399,0.0012865728945172668,4.123358950416413
-18.17022685342672,-0.05052650707560402,0.0012845856338806155,4.129119020454271
-18.140772531265632,-0.05055090215128022,0.001277941242382432,4.134897795203662
-18.111318209104553,-0.05057539890419935,0.0012749073078350476,4.140695365922642
-18.081863886943474,-0.050602218119956084,0.0012784090242007574,4.146511824463894
-18.052409564782394,-0.05063398236916177,0.0012862364216774194,4.152347263279562
-18.022955242621315,-0.05066216279296848,0.0012978834407823606,4.158201775426159
-17.993500920460235,-0.050683797450582234,0.001312288144904205,4.16407545456951
-17.96404659829915,-0.050705986894257406,0.0013197728107292852,4.169968394989747
-17.93459227613807,-0.050729980807982356,0.0013218203613159728,4.175880691586353
-17.90513795397699,-0.05075248855143897,0.0013241750571470479,4.18181243988326
-17.87568363181591,-0.050774712933222055,0.0013345579001989626,4.187763736033991
-17.84622930965483,-0.05080303090987951,0.00134869771628302,4.193734676826855
-17.81677498749375,-0.05082985656127647,0.0013667739509555187,4.199725359690194
-17.787320665332672,-0.05085840047226368,0.0013844872943564862,4.205735882697682
-17.757866343171585,-0.050886166953443106,0.0013980602304670359,4.211766344573682
-17.728412021010506,-0.05091427280609671,0.001406948784942305,4.217816844698641
-17.698957698849426,-0.05094187005386606,0.001416597328933144,4.22388748311456
-17.669503376688347,-0.05097408321207533,0.0014258632628430937,4.229978360530503
-17.640049054527267,-0.051010286266034315,0.001430673472489622,4.236089578328165
-17.610594732366188,-0.051047044452290635,0.0014354553033483542,4.242221238567497
-17.5811404102051,-0.05107498973954535,0.0014474993580097385,4.248373443992395
-17.551686088044022,-0.05109586379728947,0.0014555170616820517,4.2545462980364235
-17.522231765882943,-0.05112251392205026,0.0014603632829175987,4.26073990482863
-17.492777443721863,-0.051162939251185285,0.001469851307474099,4.266954369199386
-17.463323121560784,-0.05119703271233808,0.0014702824654375772,4.273189796686309
-17.433868799399704,-0.05122829201033848,0.0014638324306796232,4.279446293540237
-17.404414477238625,-0.05125893317689534,0.001452321258089764,4.285723966731256
-17.374960155077538,-0.05128786300608573,0.0014418649210913529,4.292022923954809
-17.34550583291646,-0.05131595133446749,0.0014347589079863926,4.29834327363784
-17.31605151075538,-0.051344251443728506,0.0014300184646708,4.304685124945029
-17.2865971885943,-0.051370263119764024,0.0014274426263251997,4.311048587785066
-17.25714286643322,-0.05139751706508507,0.0014085746885073433,4.317433772817011
-17.22768854427214,-0.0514295205855527,0.0013885367512372685,4.323840791456697
-17.19823422211106,-0.05145797633759223,0.0013740404002542317,4.33026975588322
-17.168779899949975,-0.05148061586081699,0.0013590833095444154,4.336720779045483
-17.139325577788895,-0.05150857729641826,0.0013470504369337093,4.3431939746688055
-17.109871255627816,-0.05153807280924149,0.0013401022745176594,4.349689457261615
-17.080416933466736,-0.05156590714190928,0.0013309256491991425,4.356207342122194
-17.050962611305657,-0.051592200195124505,0.001320999772617379,4.362747745345503
-17.021508289144577,-0.05161776522922381,0.0013171169156538235,4.369310783830075
-16.99205396698349,-0.05164248713082827,0.0013155439177855827,4.375896575284979
-16.96259964482241,-0.05166854185061429,0.0013157966029589217,4.382505238236852
-16.933145322661332,-0.051700369806463586,0.0013257284329030437,4.38913689203702
-16.903691000500253,-0.051736265288778734,0.0013420994818183713,4.395791656868677
-16.874236678339173,-0.05176476248460334,0.0013543174815698591,4.402469653754144
-16.844782356178094,-0.05178724442502525,0.0013569664857625279,4.409171004562207
-16.815328034017014,-0.05181118700753951,0.001361518889383742,4.415895832015535
-16.785873711855928,-0.05184383533779117,0.0013709763940393063,4.422644259698161
-16.756419389694848,-0.05187360484246153,0.0013927217289843694,4.429416412063062
-16.72696506753377,-0.0519045849644569,0.0014117877235690665,4.4362124144398045
-16.69751074537269,-0.051937000709171836,0.0014171244981208782,4.443032393042282
-16.66805642321161,-0.05196971346310982,0.0014151121410841253,4.44987647497652
-16.63860210105053,-0.052003867824256256,0.0014141537647575902,4.456744788248579
-16.609147778889444,-0.052039858365225435,0.0014137806906788992,4.463637461772533
-16.579693456728364,-0.05207195479448821,0.0014127926420196679,4.470554625378532
-16.550239134567285,-0.05210279853564295,0.0014104966594274107,4.477496409820959
-16.520784812406205,-0.05214086599731673,0.0014076378030356146,4.484462946786667
-16.491330490245126,-0.05217845965193326,0.001408088484857059,4.4914543689033035
-16.461876168084046,-0.052204074642964005,0.0014034608028964518,4.49847080974773
-16.432421845922967,-0.05223166069423857,0.0013955872632498258,4.505512403854531
-16.40296752376188,-0.05225995220870338,0.0013900532411343725,4.512579286724606
-16.3735132016008,-0.05229209306680515,0.0013846025268674028,4.519671594833866
-16.34405887943972,-0.05232833446294404,0.0013795509037649004,4.52678946564202
-16.314604557278642,-0.05236544672273019,0.0013777171781708317,4.533933037601451
-16.285150235117563,-0.052394636049824854,0.0013794227711604985,4.541102450166199
-16.255695912956483,-0.05241704804532112,0.0013817531263378546,4.548297843801031
-16.226241590795397,-0.05243972891695959,0.0013847050387702548,4.555519359990617
-16.196787268634317,-0.05246964051666402,0.0013932363521809781,4.5627671412488
-16.167332946473238,-0.05250161301966575,0.0014039227542293053,4.570041331127977
-16.137878624312158,-0.05253403184574996,0.0014111383539192617,4.5773420742285715
-16.10842430215108,-0.052572847235140406,0.001413268445899067,4.584669516208617
-16.07896997999,-0.05261206157828143,0.0014207013791338165,4.592023803793446
-16.04951565782892,-0.052643001604603584,0.0014336256502474787,4.599405084785479
-16.020061335667833,-0.05267219943519539,0.0014455346923752637,4.60681350807413
-15.990607013506754,-0.052696288249062036,0.0014581791431436395,4.614249223645815
-15.961152691345674,-0.05272124784704683,0.001468343528678765,4.621712382594074
-15.931698369184595,-0.052756124593296115,0.0014730181056488109,4.629203137129811
-15.902244047023515,-0.05279470711856235,0.0014715116435124699,4.636721640591634
-15.872789724862436,-0.05282814790350585,0.0014695069234920194,4.644268047456319
-15.843335402701356,-0.052857835126206086,0.0014690257024952394,4.651842513349398
-15.81388108054027,-0.05288689092904351,0.0014701456152324665,4.6594451950558495
-15.78442675837919,-0.05291671214075286,0.0014760733568090108,4.667076250530911
-15.754972436218111,-0.05294734415922386,0.0014820059102153486,4.674735838911037
-15.725518114057031,-0.05297531943116185,0.0014827255957885086,4.68242412052494
-15.696063791895952,-0.053005691090443265,0.0014854204485733565,4.690141256904793
-15.666609469734873,-0.053044074048235516,0.0014895069983528351,4.6978874107975335
-15.637155147573786,-0.05308677712958764,0.001488864333912847,4.7056627461763085
-15.607700825412707,-0.05312039715064901,0.001483899854586963,4.713467428252039
-15.578246503251627,-0.05314411468145316,0.0014781338146601499,4.721301623485129
-15.548792181090548,-0.05317208323239578,0.0014756460186056719,4.729165499597297
-15.519337858929468,-0.05320077651908304,0.0014717554649546823,4.737059225583544
-15.489883536768389,-0.053231568664798536,0.0014701546319786662,4.744982971724262
-15.46042921460731,-0.05326281195647279,0.0014648874337564385,4.752936909597475
-15.430974892446223,-0.05329238449881407,0.0014583793028224762,4.760921212091226
-15.401520570285143,-0.053322907808991855,0.0014524059514009642,4.768936053416102
-15.372066248124064,-0.05335142350213387,0.0014432142687820764,4.776981609117905
-15.342611925962984,-0.05337421685131082,0.0014299229368924043,4.78505805609047
-15.313157603801905,-0.05339390427029942,0.0014241853695172587,4.79316557258863
-15.283703281640825,-0.053426869334147274,0.0014325997267447999,4.801304338241326
-15.254248959479739,-0.05346405232836813,0.001441819432475675,4.8094745340648775
-15.22479463731866,-0.05349719558285392,0.001447233758299457,4.817676342476398
-15.19534031515758,-0.0535285960522223,0.0014487741961232987,4.82590994730738
-15.1658859929965,-0.05356248350572861,0.0014519403683435354,4.8341755338174215
-15.136431670835421,-0.053600034119382835,0.0014602761594806678,4.842473288708123
-15.106977348674341,-0.053639899898091814,0.0014742184911464885,4.850803400137148
-15.077523026513262,-0.05368326066984152,0.0014903233174296889,4.859166057732442
-15.048068704352175,-0.05372207501002352,0.001510740260186859,4.8675614526066235
-15.018614382191096,-0.053752503979825,0.0015228177640622836,4.8759897773715375
-14.989160060030017,-0.05379025875527749,0.0015273118447007743,4.884451226152995
-14.959705737868937,-0.05382651758343321,0.0015337144073009124,4.892945994605672
-14.930251415707858,-0.05386211628156984,0.001538693989621813,4.9014742799281885
-14.900797093546778,-0.05389921665143952,0.001543188669191178,4.910036280878371
-14.871342771385699,-0.05393566220177339,0.0015471261064721805,4.918632197788694
-14.841888449224612,-0.053974359346123324,0.001545020418985028,4.927262232581904
-14.812434127063533,-0.0540089126186013,0.001545196488395719,4.935926588786822
-14.782979804902453,-0.05403625354825192,0.0015483762108394982,4.944625471554362
-14.753525482741374,-0.05406629386086462,0.001552523753957237,4.953359087673706
-14.724071160580294,-0.054105657895325676,0.0015533481629266752,4.9621276455887005
-14.694616838419215,-0.054151472700319336,0.0015524364707358432,4.970931355414431
-14.665162516258128,-0.05419272611454501,0.0015519878877244468,4.979770428954019
-14.635708194097049,-0.05422932009886535,0.0015521292678578069,4.988645079715586
-14.60625387193597,-0.05426757341726298,0.001556528579316824,4.997555522929466
-14.57679954977489,-0.05431414579562272,0.0015659142910019626,5.006501975565597
-14.54734522761381,-0.05434813639182168,0.0015745435728139055,5.015484656351128
-14.517890905452731,-0.05438009893021418,0.0015842869226127825,5.024503785788251
-14.488436583291652,-0.054417838840532036,0.0015863871914589692,5.033559586172238
-14.458982261130565,-0.05445100572373448,0.0015787733027145454,5.042652281609715
-14.429527938969485,-0.05448041840176291,0.0015792572403594606,5.051782098037127
-14.400073616808406,-0.05451251634754595,0.0015871087683033004,5.060949263239482
-14.370619294647327,-0.054547730183117316,0.001595370150900538,5.07015400686927
-14.341164972486247,-0.05457949524850239,0.0015981392333709453,5.079396560465654
-14.311710650325168,-0.05459631392848524,0.0015923803245161273,5.088677157473882
-14.282256328164081,-0.05462547246794646,0.0015821362703823138,5.097996033264937
-14.252802006003002,-0.05466307424249444,0.0015723972194850847,5.107353425155437
-14.223347683841922,-0.054694560178449,0.001552160845690493,5.1167495724277865
-14.193893361680843,-0.05472862858279115,0.0015381966237077733,5.126184716350566
-14.164439039519763,-0.05476581606074115,0.00153383763579244,5.1356591001991845
-14.134984717358684,-0.0548030492588048,0.0015341157224122654,5.145172969276792
-14.105530395197604,-0.05483854616883128,0.0015314285451125428,5.154726570935445
-14.076076073036518,-0.05487227785602955,0.001524353556228125,5.16432015459755
-14.046621750875438,-0.05491074423827399,0.001525783452210358,5.173953971777558
-14.017167428714359,-0.05495847460909545,0.0015370361925573612,5.18362827610396
-13.98771310655328,-0.055002729092284174,0.0015441469332940628,5.193343323341536
-13.9582587843922,-0.05504550264080321,0.00155213295092655,5.203099371413897
-13.92880446223112,-0.055089745727234296,0.0015632185021125702,5.212896680426307
-13.899350140070034,-0.05513988786631006,0.001574656728156893,5.222735512688808
-13.869895817908954,-0.05519447912152397,0.0015811747211223685,5.232616132739615
-13.840441495747875,-0.05524213249221355,0.0015813080526219023,5.242538807368842
-13.810987173586796,-0.05528470621113176,0.0015743184334932197,5.2525038056425055
-13.781532851425716,-0.05533100224730337,0.0015693659527577374,5.262511398926849
-13.752078529264637,-0.055384661637513176,0.0015713587511404588,5.27256186091297
-13.722624207103557,-0.0554360892322508,0.0015686177241362254,5.282655467641779
-13.69316988494247,-0.055487651126046984,0.0015639672750145108,5.292792497529268
-13.663715562781391,-0.055534829513391594,0.001565190132851363,5.3029732313921025
-13.634261240620312,-0.05557771603577442,0.0015725652191395478,5.313197952473569
-13.604806918459232,-0.05562385826390768,0.0015780856604655751,5.3234669464698285
-13.575352596298153,-0.0556687584403403,0.0015788022436484883,5.333780501556534
-13.545898274137073,-0.0556963712941248,0.0015708439362689293,5.344138908415783
-13.516443951975994,-0.055722830597846086,0.0015683887569709737,5.354542460263432
-13.486989629814907,-0.05575257629556041,0.0015789322825055135,5.364991452876762
-13.457535307653828,-0.05578632044119586,0.0015906341698787877,5.375486184622503
-13.428080985492748,-0.05581759277048781,0.0015961203941089685,5.386026956485243
-13.398626663331669,-0.05584781405090458,0.0015965154416734092,5.3966140720962015
-13.36917234117059,-0.0558708410670391,0.0016018855254687186,5.407247837762377
-13.33971801900951,-0.055891187059246596,0.00161039484980408,5.417928562496093
-13.310263696848423,-0.055920400154249934,0.001614237838630898,5.428656558044935
-13.280809374687344,-0.0559481369126027,0.001619584294216784,5.439432138922065
-13.251355052526264,-0.055977096593401963,0.0016190466294823268,5.450255622436981
-13.221900730365185,-0.05601197519705492,0.0016217552669903295,5.46112732872665
-13.192446408204106,-0.056050370576500176,0.0016285993640282766,5.47204758078707
-13.162992086043026,-0.05609231633550257,0.0016344189507603818,5.483016704505266
-13.133537763881947,-0.05613740869867489,0.0016369360783992219,5.494035028691703
-13.10408344172086,-0.05618354360558717,0.00163747752059251,5.5051028851131445
-13.07462911955978,-0.05622681673009692,0.001635988638641186,5.516220608525944
-13.045174797398701,-0.056269975682164686,0.0016340142396863038,5.5273885367098075
-13.015720475237622,-0.056314532309526676,0.0016348014785944392,5.538607010501995
-12.986266153076542,-0.05635892459530812,0.0016343459834626398,5.549876373831997
-12.956811830915463,-0.05640596446411885,0.0016346736235295044,5.5611969737566795
-12.927357508754376,-0.05645723958294488,0.001634754615336789,5.57256916049592
-12.897903186593297,-0.05650922808477768,0.0016349577267887462,5.583993287468704
-12.868448864432217,-0.056553024619204084,0.0016350616147678065,5.5954697113297645
-12.838994542271138,-0.05658876630497215,0.0016298738994180416,5.606998792006674
-12.809540220110058,-0.05663166986243468,0.0016252771960730533,5.618580892737489
-12.780085897948979,-0.05668693842136907,0.0016233687626618363,5.6302163801088865
-12.7506315757879,-0.056737024594645524,0.0016210456747504057,5.641905624094848
-12.721177253626813,-0.056783968228340774,0.0016175685805793947,5.653648998095877
-12.691722931465733,-0.05683025634054017,0.001619938709237576,5.665446878978742
-12.662268609304654,-0.05687266461016847,0.0016279178190924646,5.677299647116817
-12.632814287143574,-0.05691114669132549,0.0016303942764355128,5.689207686430942
-12.603359964982495,-0.056947821723364635,0.0016217631327924576,5.701171384430884
-12.573905642821416,-0.0569926092006944,0.001616864831000597,5.71319113225737
-12.544451320660336,-0.05704451199838079,0.0016259763604626492,5.7252673247247134
-12.51499699849925,-0.057093386433325254,0.001629679987517654,5.737400360364048
-12.48554267633817,-0.05714054615914529,0.00163148555616446,5.749590641467159
-12.45608835417709,-0.057185149376942634,0.0016374681088243428,5.761838574130957
-12.426634032016011,-0.057225167525653674,0.0016457170532165038,5.774144568302571
-12.397179709854932,-0.05727452540349081,0.0016476266562660145,5.786509037825084
-12.367725387693852,-0.057320202389931636,0.0016532422504870554,5.798932400483926
-12.338271065532766,-0.057368262716874514,0.001662771482317324,5.811415078053933
-12.308816743371686,-0.05741864600424409,0.0016730018336394944,5.82395749634707
-12.279362421210607,-0.05746301114128167,0.0016755405756037937,5.8365600852608654
-12.249908099049527,-0.05750464946834704,0.0016758498124747772,5.849223278827517
-12.220453776888448,-0.05755168550509348,0.0016818266910344532,5.861947515263723
-12.190999454727368,-0.057605393603113196,0.0016913346976475123,5.874733237021234
-12.161545132566289,-0.05764992666777147,0.0017038499514538585,5.887580890838133
-12.132090810405202,-0.057690929426867786,0.0017131943951384655,5.9004909277908775
-12.102636488244123,-0.05773786336100025,0.0017211897042585433,5.9134638033470734
-12.073182166083043,-0.057788761873926196,0.001730225431859136,5.926499977419059
-12.043727843921964,-0.057830797592532235,0.00173376611067296,5.9395999144182445
-12.014273521760884,-0.05787603078996558,0.001734831028524659,5.952764083310264
-11.984819199599805,-0.05793198169642322,0.0017349028791743128,5.965992957670939
-11.955364877438718,-0.05798623033745277,0.0017384947790892776,5.97928701574307
-11.925910555277639,-0.058035646912184886,0.0017409978939540718,5.992646740494061
-11.89645623311656,-0.05808467288219373,0.0017380539262312122,6.006072619674419
-11.86700191095548,-0.05813458669046573,0.0017343030351682834,6.019565145877107
-11.8375475887944,-0.05818217928749581,0.0017366081702523321,6.033124816597788
-11.808093266633321,-0.05822513616047855,0.0017334745594406954,6.046752134295978
-11.778638944472242,-0.05826402823889653,0.0017250848759945378,6.0604476064571005
-11.749184622311155,-0.05831088632773098,0.0017367630229565537,6.074211745655497
-11.719730300150076,-0.05835441651948583,0.001750429597143101,6.088045069618358
-11.690275977988996,-0.058394647269155914,0.0017605937005888367,6.101948101290657
-11.660821655827917,-0.058434774080327274,0.0017640706992906997,6.115921368901036
-11.631367333666837,-0.05847576847610255,0.001757893135613457,6.12996540602871
-11.601913011505758,-0.05852080312508351,0.001749257326388137,6.144080751671383
-11.572458689344678,-0.05857408761065813,0.0017560398086776056,6.1582679503142055
-11.543004367183592,-0.058619021862686804,0.0017531005203136568,6.172527551999793
-11.513550045022512,-0.05865793785989184,0.0017472862238387856,6.18686011239929
-11.484095722861433,-0.05868789873401683,0.0017384261124044264,6.201266192884582
-11.454641400700353,-0.058728825989206014,0.0017373791511988404,6.215746360601562
-11.425187078539274,-0.05878338514203485,0.0017403864358241704,6.230301188544578
-11.395732756378194,-0.05882897773099077,0.001734881319449395,6.2449312556319985
-11.366278434217108,-0.05886042834688015,0.0017153818150430899,6.259637146782985
-11.336824112056028,-0.05889649607292944,0.0017119628739161636,6.274419452995426
-11.307369789894949,-0.05893910773871202,0.0017155791859288238,6.2892787714251295
-11.27791546773387,-0.05898718246176076,0.001723935991169723,6.304215705466223
-11.24846114557279,-0.059027310615338335,0.0017228931256863375,6.319230864832836
-11.21900682341171,-0.05906809473558264,0.001719363562788088,6.3343248656420545
-11.189552501250631,-0.059123645934722746,0.0017268213175845055,6.349498330498202
-11.160098179089545,-0.05918839374072773,0.0017461477243979194,6.3647518885784455
-11.130643856928465,-0.05925000075004865,0.001761269021092977,6.380086175719748
-11.101189534767386,-0.059306291941159044,0.0017677533146638195,6.395501834507242
-11.071735212606306,-0.05936107469436758,0.0017709937556844397,6.410999514363979
-11.042280890445227,-0.0594093349441015,0.001769689903461068,6.426579871642126
-11.012826568284147,-0.05945727249522728,0.001771628094913646,6.442243569715627
-10.98337224612306,-0.05951580577452861,0.0017743760489067318,6.457991279074365
-10.953917923961981,-0.05956759519420152,0.0017867828190192684,6.473823677419811
-10.924463601800902,-0.059623211871323335,0.0018022921223211311,6.489741449762269
-10.895009279639822,-0.059680942838538885,0.0018111575180752195,6.505745288519655
-10.865554957478743,-0.059728935486502634,0.0018048781033700141,6.52183589361791
-10.836100635317663,-0.05977795885025247,0.0018066775456221284,6.538013972593028
-10.806646313156584,-0.05983680171694703,0.0018154002230632372,6.554280240694776
-10.777191990995497,-0.059893128760848714,0.0018222085633981938,6.5706354209921045
-10.747737668834418,-0.05994988861370887,0.0018280137899942617,6.58708024448027
-10.718283346673338,-0.06000711078369173,0.001836245929500147,6.603615450189773
-10.688829024512259,-0.06006733370918019,0.001855660251625714,6.620241785297052
-10.65937470235118,-0.060136270513094225,0.0018831772387876732,6.636960005237032
-10.6299203801901,-0.060207812935369774,0.0018976233275927077,6.65377087381754
-10.600466058029014,-0.060266679711840514,0.0019049668476157564,6.670675163335635
-10.571011735867934,-0.06032229665674405,0.0019023860821541757,6.6876736546958595
-10.541557413706855,-0.06038214175086993,0.001909802422763614,6.704767137530517
-10.512103091545775,-0.06044829368541837,0.0019246411472824305,6.72195641032193
-10.482648769384696,-0.060520727057665806,0.0019238992203663952,6.739242280526772
-10.453194447223616,-0.060589439958129966,0.0019177873885075913,6.7566255647025155
-10.423740125062537,-0.06065054414578117,0.0019266531557200887,6.7741070886360015
-10.39428580290145,-0.06071164925737413,0.0019504105284372673,6.791687687474217
-10.36483148074037,-0.06077768774370015,0.001977830951422057,6.809368205857271
-10.335377158579291,-0.06083900558540908,0.001983373255996727,6.827149498053692
-10.305922836418212,-0.06088596995135703,0.001981943108179592,6.845032428098
-10.276468514257132,-0.060928297667085816,0.001970394909509185,6.863017869930669
-10.247014192096053,-0.06098006716616339,0.0019707272433711212,6.881106707540491
-10.217559869934973,-0.06102606374979852,0.0019747531327729676,6.8992998351094155
-10.188105547773887,-0.061076031317366115,0.001961216060676481,6.917598157159893
-10.158651225612807,-0.06112423854590877,0.0019394277397451656,6.936002588704769
-10.129196903451728,-0.0611745481614403,0.0019239861503565568,6.954514055399831
-10.099742581290649,-0.06121320812618534,0.001895771030858883,6.9731334936989855
-10.070288259129569,-0.061253803685941445,0.0018845885392239704,6.991861851012176
-10.04083393696849,-0.06130869085553995,0.0018886011059899407,7.01070008586608
-10.011379614807403,-0.06136290346798825,0.0018889347977625406,7.029649168067643
-9.981925292646324,-0.061420863849010576,0.0018882876173445138,7.04871007887049
-9.952470970485244,-0.06148015879705082,0.001887320040626212,7.067883811144334
-9.923016648324165,-0.06153763985648417,0.0018726276561886377,7.087171369547355
-9.893562326163085,-0.06158447733638942,0.0018378902216609142,7.106573770701688
-9.864108004002006,-0.061632966060099055,0.0018038905707190196,7.12609204337204
-9.834653681840926,-0.061685545394756174,0.0017700544771910144,7.145727228647524
-9.80519935967984,-0.0617367217282331,0.0017495778419496265,7.165480380126776
-9.77574503751876,-0.061795766155042696,0.0017379855435289285,7.185352564106386
-9.74629071535768,-0.06187719170171838,0.0017506961905257635,7.205344859772805
-9.716836393196601,-0.06197288312829813,0.001786630783959976,7.225458359397688
-9.687382071035522,-0.062050093740262935,0.0018307644414120182,7.245694168536823
-9.657927748874442,-0.062122023809090605,0.001856403178013946,7.2660534062326985
-9.628473426713356,-0.06219887704707781,0.0018607484583292948,7.286537205220794
-9.599019104552276,-0.06226703145761267,0.001871035835006063,7.3071467121396445
-9.569564782391197,-0.06231408043022977,0.0018671983976026102,7.32788308774483
-9.540110460230117,-0.06237579632635051,0.0018707480491226673,7.348747507126882
-9.510656138069038,-0.062465108912818534,0.0018832974603360643,7.369741159933267
-9.481201815907959,-0.06254410800815535,0.0019011518639329454,7.390865250594493
-9.451747493746879,-0.0626028106403792,0.0019189319825177599,7.412120998554459
-9.422293171585792,-0.06265841151742653,0.0019346062079364532,7.433509638505114
-9.392838849424713,-0.06271435800886828,0.001935379639697361,7.455032420625514
-9.363384527263634,-0.06279090125294055,0.001935470651587395,7.476690610825447
-9.333930205102554,-0.062870154567817,0.0019509873857967628,7.4984854909936045
-9.304475882941475,-0.0629439058544395,0.001963980919514444,7.520418359250508
-9.275021560780395,-0.0630157295837611,0.001968144837484836,7.54249053020624
-9.245567238619316,-0.06308580085526101,0.0019720888284356698,7.564703335223105
-9.21611291645823,-0.06317120722151211,0.001970431768203462,7.587058122683334
-9.18665859429715,-0.06325648251165435,0.0019614847267823477,7.609556258261904
-9.15720427213607,-0.06333807386367772,0.001958351843369114,7.63219912520469
-9.12774994997499,-0.06341287961813166,0.001970274001826938,7.654988124611936
-9.098295627813911,-0.0635000366930787,0.001985629419393911,7.677924675727267
-9.068841305652832,-0.06360073311058614,0.0019990215818499984,7.701010216232321
-9.039386983491745,-0.06371491642799149,0.0020053909916569537,7.724246202547155
-9.009932661330666,-0.06382257851900415,0.00199514062639772,7.747634110136509
-8.980478339169586,-0.0639024185564767,0.0019803173704550786,7.771175433822154
-8.951024017008507,-0.06397107423035446,0.001976261325936099,7.794871688101353
-8.921569694847427,-0.06404668451133162,0.0019807066160285017,7.818724407471656
-8.892115372686348,-0.06411959328629854,0.0019799773303367887,7.8427351467621484
-8.862661050525269,-0.06420557785017021,0.001991581049181011,7.866905481471298
-8.833206728364182,-0.06427724898385365,0.001998682504420502,7.891237008111574
-8.803752406203103,-0.06434352536616701,0.0019991632290474602,7.915731344560949
-8.774298084042023,-0.0644184192091284,0.001997443980497107,7.940390130421545
-8.744843761880944,-0.0644804542469667,0.001998772446807521,7.965215027385466
-8.715389439719864,-0.06453757534821043,0.0019947435739400073,7.990207719608072
-8.685935117558785,-0.06459085694806739,0.0019798720720342524,8.015369914088852
-8.656480795397698,-0.06464710185707305,0.001951658651855278,8.04070334106008
-8.627026473236619,-0.06470209890104735,0.0019464448222903717,8.066209754383381
-8.59757215107554,-0.06475315254916382,0.0019668408708827093,8.091890931954541
-8.56811782891446,-0.0647921673540739,0.00197350457663414,8.117748676116582
-8.53866350675338,-0.0648581160292856,0.0019661699302345546,8.143784814081425
-8.5092091845923,-0.0649270996662846,0.0019622514094300696,8.170001198360305
-8.479754862431221,-0.0649863937350827,0.0019729157025050697,8.196399707203156
-8.450300540270135,-0.06504619703947043,0.0019875874755253256,8.222982245047188
-8.420846218109055,-0.06512703949829134,0.0019731617276501747,8.249750742974854
-8.391391895947976,-0.06522120716699799,0.001955862509348831,8.276707159181514
-8.361937573786896,-0.06532473084283659,0.0019627449294707055,8.303853479452933
-8.332483251625817,-0.0654368064926587,0.0019855075585865365,8.331191717652924
-8.303028929464737,-0.06554768569954565,0.00199678312643999,8.35872391622138
-8.273574607303651,-0.06562355392667059,0.0019979255144930807,8.38645214668293
-8.244120285142571,-0.06564423574871471,0.001994001577625113,8.414378510166488
-8.214665962981492,-0.06572323439907564,0.001958173184570657,8.442505137936028
-8.185211640820413,-0.0658247834300722,0.0019346812167802497,8.470834191932765
-8.155757318659333,-0.06590298443532645,0.00196305533846052,8.499367865329107
-8.126302996498254,-0.06596541877025656,0.0019963321925075073,8.52810838309466
-8.096848674337174,-0.06603466573734836,0.0020222301310827296,8.557058002574568
-8.067394352176088,-0.06614335129460382,0.0020466555177973147,8.586219014080552
-8.037940030015008,-0.06625100976474578,0.0020697664389954917,8.61559374149489
-8.008485707853929,-0.06631008540832443,0.0020879794482751507,8.645184542887812
-7.979031385692849,-0.06637021086922257,0.002087495832251548,8.674993811148477
-7.94957706353177,-0.0664753245384447,0.002064473878604026,8.705023974630038
-7.92012274137069,-0.06655611003673889,0.0020442434836981916,8.735277497809072
-7.890668419209611,-0.06661547170898392,0.0020252374715503006,8.765756881959797
-7.861214097048524,-0.06669710521284904,0.0020487251006461003,8.796464665843438
-7.831759774887445,-0.06680642449263476,0.0020990332133183245,8.827403426413117
-7.802305452726365,-0.06690208765727146,0.002128840244110625,8.858575779534794
-7.772851130565286,-0.06699992040968233,0.0021150394713289177,8.889984380724506
-7.743396808404206,-0.06708664656495433,0.0020878126358238923,8.921631925902489
-7.713942486243127,-0.06720402069447758,0.0020760283744748345,8.953521152164544
-7.68448816408204,-0.06734892574037865,0.0020758987417679336,8.985654838571183
-7.655033841920961,-0.06745586238356749,0.0020743057553754673,9.018035806954925
-7.6255795197598815,-0.0675043927578258,0.002088359841309406,9.0506669227464
-7.596125197598802,-0.06752561800727279,0.0020953316431753925,9.08355109581958
-7.5666708754377225,-0.06758081670126695,0.002046001461454662,9.116691281356799
-7.537216553276643,-0.06769421534755488,0.002004980445981767,9.150090480734047
-7.507762231115564,-0.06782996545631277,0.0020318850441735413,9.183751742427093
-7.478307908954477,-0.06795462044549323,0.002058674251670238,9.217678162939048
-7.448853586793398,-0.06805840015595079,0.002045370014533563,9.251872887749874
-7.419399264632318,-0.0682129365832239,0.0021014649394533037,9.286339112288607
-7.389944942471239,-0.06829646440260996,0.0021186602176806396,9.321080082928736
-7.360490620310159,-0.06833719037730951,0.002067485520827129,9.356099098007533
-7.33103629814908,-0.06838922836234881,0.0020204910142316546,9.391399508869942
-7.301581975987993,-0.06847168494559007,0.002042659040869765,9.426984720937734
-7.272127653826914,-0.06863144891321436,0.0021033264480706418,9.462858194804625
-7.242673331665834,-0.06881482474943483,0.0020936525707331063,9.499023447358178
-7.213219009504755,-0.06894913445934531,0.002065841979720744,9.535484052929112
-7.183764687343675,-0.06901550321446025,0.0020454278126338333,9.57224364446894
-7.154310365182596,-0.0690600276905727,0.0020445864823138765,9.609305914756671
-7.124856043021516,-0.06916891178558943,0.0020804799367045847,9.646674617635458
-7.09540172086043,-0.06928916043016843,0.0020985711366886817,9.684353569280042
-7.06594739869935,-0.06942353185604769,0.002066697340479239,9.722346649495861
-7.036493076538271,-0.06957681291867471,0.002009097684770353,9.760657803050886
-7.0070387543771915,-0.06972711079900436,0.0019562296064141076,9.799291041040929
-6.977584432216112,-0.06982343761126625,0.0019108282718958381,9.838250442289599
-6.948130110055033,-0.0698735978657115,0.0018702728346040149,9.877540154783858
-6.918675787893953,-0.0699204954253221,0.0018664835181513072,9.91716439714623
-6.8892214657328665,-0.07005709288803519,0.0019065729085715878,9.9571274601448
-6.859767143571787,-0.07024997912098045,0.0019573012833394026,9.997433708242058
-6.830312821410708,-0.07044707957871345,0.0020049681798140315,10.038087581183918
-6.800858499249628,-0.07062132316253854,0.002008516107474087,10.079093595629928
-6.771404177088549,-0.0707073933310121,0.001938708868086775,10.120456346826087
-6.741949854927469,-0.07071450982879977,0.0018164877933677583,10.16218051032148
-6.712495532766383,-0.07077026509021056,0.0017842502313293316,10.204270843730145
-6.683041210605303,-0.07090023296062788,0.0018358246792747853,10.246732188539452
-6.653586888444224,-0.07098503271266152,0.0018614217848351936,10.289569471966644
-6.624132566283144,-0.0710599186523078,0.001882339752293923,10.332787708864782
-6.594678244122065,-0.07122922736880721,0.0019016558128549532,10.376392003679836
-6.565223921960985,-0.07132942081169458,0.0019167571368011898,10.42038755246044
-6.535769599799906,-0.07140363541295067,0.0019127620520675364,10.464779644921983
-6.506315277638819,-0.07157333033477942,0.0019170485112358349,10.50957366656679
-6.47686095547774,-0.07176821409287133,0.001960702247389103,10.554775100862093
-6.44740663331666,-0.07189259221535765,0.002028885121404821,10.600389531477807
-6.417952311155581,-0.07203103278929052,0.002004384221960229,10.64642264458582
-6.3884979889945015,-0.07218628395513692,0.0019362031190282073,10.692880231222949
-6.359043666833422,-0.07232348613043095,0.0018766998313826744,10.739768189719534
-6.3295893446723355,-0.07242060697609903,0.001839662874045211,10.787092528195885
-6.300135022511256,-0.07252767967441569,0.0018062817747125856,10.834859367128661
-6.2706807003501766,-0.07270057740128398,0.001823900741674693,10.883074941989728
-6.241226378189097,-0.07293924781553326,0.0019458318102356404,10.931745605959597
-6.211772056028018,-0.0730905606103117,0.0019561856358752015,10.980877832718129
-6.182317733866938,-0.07319440461135564,0.001848726802727264,11.030478219315004
-6.152863411705859,-0.07336838682213784,0.0017650008540088624,11.080553489122634
-6.123409089544772,-0.07356476651524306,0.001736097141730404,11.131110494874305
-6.093954767383693,-0.07373865047283017,0.001710803888576727,11.18215622179038
-6.064500445222613,-0.07387891479076374,0.0016940109891703085,11.233697790795715
-6.035046123061534,-0.07404721258602003,0.0017153774715229187,11.28574246183116
-6.005591800900454,-0.07425653814284312,0.0017329878118910508,11.338297637262599
-5.976137478739375,-0.07441702072345498,0.001673404014302012,11.39137086539075
-5.946683156578288,-0.07455062273762432,0.0016662314051895605,11.444969844065312
-5.917228834417209,-0.07459356603751542,0.0016791742806003859,11.49910242440698
-5.887774512256129,-0.07473192366626173,0.001635974814528944,11.553776614641308
-5.85832019009505,-0.07499540151980726,0.0015415829367502448,11.609000584048095
-5.82886586793397,-0.07520436932341995,0.0014798099394746674,11.664782667030586
-5.799411545772891,-0.07532536653520326,0.0014619478186376777,11.721131367308645
-5.7699572236118115,-0.07549058279951516,0.0015183729180075775,11.778055362240384
-5.740502901450725,-0.07568691224083025,0.0015130126495583466,11.835563507276822
-5.7110485792896455,-0.07580544411455294,0.001449278247656346,11.893664840554345
-5.681594257128566,-0.07593268036271923,0.001467429309570108,11.952368587630142
-5.652139934967487,-0.07615055235922912,0.0015753724504996992,12.011684166365567
-5.622685612806407,-0.07638897675208094,0.0016518294653276135,12.071621191963064
-5.593231290645328,-0.07654020342672588,0.0015609064125163578,12.132189482162216
-5.563776968484248,-0.07667260833713332,0.0014145204212078055,12.193399062600848
-5.534322646323162,-0.07691265963892098,0.0014239618216897905,12.255260172347345
-5.504868324162082,-0.07714432312454256,0.0014430845676731481,12.317783269610482
-5.475414002001003,-0.07741013610235964,0.0014888625754380883,12.38097903763372
-5.445959679839923,-0.07766380442226349,0.0016032202988120676,12.444858390780611
-5.416505357678844,-0.07792571060041115,0.0016776296583237472,12.50943248081883
-5.387051035517764,-0.07812955546230128,0.0015972432715403366,12.574712703410354
-5.357596713356678,-0.07827611215091838,0.0014137549964148123,12.640710704815726
-5.328142391195598,-0.0784929536026774,0.0013310547093757783,12.70743838882063
-5.298688069034519,-0.07870489238263523,0.0012884668418124258,12.774907923893624
-5.269233746873439,-0.07886416307242902,0.0012164922387475738,12.84313175058379
-5.23977942471236,-0.07907218611232313,0.0011531524115590648,12.912122589167977
-5.2103251025512805,-0.07937840532453046,0.0011821344995327139,12.981893447557386
-5.180870780390201,-0.07968264706813034,0.0012603896568061529,13.052457629473889
-5.151416458229114,-0.07991492625705064,0.0012614735142799924,13.123828742906838
-5.121962136068035,-0.0801414507069919,0.0011989296426633547,13.1960207088616
-5.0925078139069555,-0.0804321599752817,0.0011402270594975832,13.269047770411841
-5.063053491745876,-0.08070511907838399,0.0010666514716558952,13.342924502067637
-5.033599169584797,-0.08096025118170003,0.0010420824970500768,13.41766581947255
-5.004144847423717,-0.08117269011503842,0.001034975871148447,13.49328698944317
-4.974690525262631,-0.08139752281747291,0.0009676365812045848,13.569803640365318
-4.945236203101551,-0.08161933217006923,0.0008776209828287483,13.647231772961684
-4.915781880940472,-0.08186518080274559,0.0008585009277559206,13.725587771446756
-4.886327558779392,-0.08210688333218269,0.0008366201745809889,13.804888415085012
-4.856873236618313,-0.0824074241291412,0.0008128527826230248,13.885150890169758
-4.827418914457233,-0.08260757868927555,0.0007443317019524552,13.966392802440499
-4.797964592296154,-0.0828365092001482,0.0007186662356475508,14.048632189957656
-4.768510270135067,-0.0831748050857225,0.0007172367455998755,14.13188753645449
-4.739055947973988,-0.08351905010746574,0.0006892262237994032,14.2161777851868
-4.709601625812908,-0.08378440780877137,0.0006181487517624501,14.301522353302554
-4.680147303651829,-0.08402280906039639,0.0005799530409531728,14.387941146753917
-4.650692981490749,-0.08429916985493822,0.0005430062417085862,14.475454575776029
-4.62123865932967,-0.08457951745942316,0.000452738974522103,14.564083570957717
-4.5917843371685905,-0.08484879358112686,0.0003924947511832573,14.653849599930721
-4.562330015007504,-0.08516524719667107,0.0004468290512216125,14.744774684705407
-4.532875692846424,-0.08553838993358563,0.0005573274553439357,14.83688141968226
-4.503421370685345,-0.08587689576592755,0.000568633354098799,14.930192990370411
-4.4739670485242655,-0.08610049261568614,0.00040729619458541335,15.024733192845341
-4.444512726363186,-0.08635653494083906,0.0003130130150993971,15.12052645398038
-4.415058404202107,-0.08676511252637607,0.00027524585903049813,15.21759785248803
-4.38560408204102,-0.08722843699197437,0.00025087820290189673,15.315973140809184
-4.356149759879941,-0.08762156659825042,0.00026630233945937733,15.415678767890286
-4.326695437718861,-0.08793628620534603,0.0002205217780033694,15.516741902891043
-4.297241115557782,-0.08820422126923462,0.00012992175856783565,15.619190459866909
-4.267786793396702,-0.08847198572774852,0.0001235266083162059,15.72305312347377
-4.238332471235623,-0.08880235838410706,0.0001871669068400251,15.828359375744402
-4.208878149074543,-0.08926542449180075,0.00015708333632564187,15.935139523989255
-4.179423826913457,-0.08972203322882007,0.00012556110603915378,16.043424729877035
-4.149969504752377,-0.09011010150809706,9.974960541948657e-05,16.153247039753552
-4.120515182591298,-0.09043994299163495,0.0001545112588227599,16.264639416261176
-4.091060860430218,-0.09079046639937634,0.0002377938156402906,16.377635771323934
-4.061606538269139,-0.09122170975865683,0.0002569251456968827,16.49227100056798
-4.032152216108059,-0.09166366072228362,0.0002723857546857459,16.60858101925061
-4.002697893946973,-0.09203894760452352,0.00032411588877793226,16.726602799775712
-3.9732435717858934,-0.09251585271031106,0.0002886362367148096,16.846374410877644
-3.943789249624814,-0.09295473763943769,0.0002990378954476684,16.967935058561327
-3.9143349274637345,-0.09341942005621821,0.0003211287370583486,17.091325128890407
-3.884880605302655,-0.09397088963173918,0.0003182536540470353,17.21658623272203
-3.8554262831415755,-0.09455480357367017,0.00032645773802156394,17.343761252492154
-3.825971960980496,-0.09515099694721625,0.00021019019324323727,17.472894391161923
-3.7965176388194095,-0.0958258058642704,0.00037992273587987617,17.604031223442497
-3.76706331665833,-0.09633410812393911,0.0006307185617129034,17.737218749422876
-3.7376089944972506,-0.09680055714457547,0.0005221340428337156,17.872505450733705
-3.708154672336171,-0.09730144320894275,0.0003438903529120085,18.00994134938749
-3.6787003501750917,-0.09767179072621768,0.00034658441378478295,18.14957806944563
-3.649246028014012,-0.09825659050795828,0.000558442514046756,18.291468901671895
-3.6197917058529328,-0.09908870529775732,0.0005163798248112142,18.43566887134236
-3.590337383691846,-0.09962611560738348,0.0005791386228294701,18.582234809393206
-3.5608830615307667,-0.10009875584392414,0.0005772736530275103,18.731225427099368
-3.5314287393696873,-0.1005899217803194,0.0005757808463438747,18.882701394490756
-3.501974417208608,-0.10114429299309846,0.0005488272016197934,19.036725422725354
-3.4725200950475283,-0.10184176671426502,0.00044030051418186627,19.193362350654695
-3.443065772886449,-0.10217750257239676,0.0005687604947876288,19.352679235832536
-3.4136114507253623,-0.10293337395580447,0.0005331704478120945,19.514745450235175
-3.384157128564283,-0.10367399334590778,0.000683421868516172,19.679632780980246
-3.3547028064032034,-0.10427976198952436,0.0008137355304220262,19.84741553635177
-3.325248484242124,-0.1045993349479094,0.00048686250380088427,20.018170657459695
-3.2957941620810445,-0.10511860865674909,0.00030267880070490686,20.191977835886995
-3.266339839919965,-0.10566076909933476,0.000445928446428245,20.36891963770206
-3.2368855177588856,-0.10636303551091715,0.0004932547020104845,20.54908163424186
-3.207431195597799,-0.10696563431691226,0.0005652171813392722,20.73255254010113
-3.1779768734367195,-0.10746678197987895,0.0007405788248520071,20.91942435879489
-3.14852255127564,-0.1079507699241286,0.0007024267155950817,21.109792536597404
-3.1190682291145606,-0.10846464429891511,0.0005600755476403283,21.30375612509717
-3.089613906953481,-0.10900436772866089,0.0006186534340870832,21.50141795305031
-3.0601595847924017,-0.10941826473187743,0.0007320878304559035,21.70288480815851
-3.030705262631315,-0.10994265660591851,0.0006674673230229422,21.90826762944685
-3.0012509404702357,-0.11042938968536413,0.0005251181254212459,22.117681710969332
-2.971796618309156,-0.1109131059138644,0.0005311013876647258,22.331246917628864
-2.9423422961480767,-0.11144016420957374,0.000482800430279501,22.54908791395949
-2.9128879739869973,-0.11187581310970969,0.0005286068705520024,22.771334406789197
-2.883433651825918,-0.11212355058369868,0.0005358401623180152,22.998121402775507
-2.8539793296648384,-0.11247840452003016,0.0004738677582862386,23.229589481888304
-2.824525007503752,-0.1129354525121437,0.0004459921030017172,23.465885088004164
-2.7950706853426723,-0.11318364848433538,0.0005472719660518684,23.707160837873957
-2.765616363181593,-0.11356335641551446,0.0005003682109617066,23.953575849834422
-2.7361620410205134,-0.113948120074763,0.0004027361533842821,24.205296093750306
-2.706707718859434,-0.11435237906118811,0.0003128337486841125,24.462494763805147
-2.6772533966983545,-0.11484112517647742,0.0003383593224411603,24.725352675900016
-2.647799074537268,-0.11535749787966604,0.00032068462348854715,24.994058691576438
-2.6183447523761885,-0.11563682761609413,0.00040134377936187134,25.268810170551824
-2.588890430215109,-0.11602377467730345,0.0003718031645335681,25.54981345414708
-2.5594361080540295,-0.1164839195469406,0.0003624516171869022,25.837284382093596
-2.52998178589295,-0.11699914387637649,0.0005398878837233718,26.131448845440957
-2.5005274637318706,-0.11743255727505524,0.0008130491200297506,26.432543378541556
-2.471073141570791,-0.11785453583113929,0.0010266198849591265,26.740815793372718
-2.4416188194097046,-0.11857243311219894,0.0012324490856586864,27.05652585977154
-2.412164497248625,-0.1190784493041598,0.0014621605892915586,27.379946035506375
-2.3827101750875457,-0.11946764904968799,0.0016252541901060037,27.711362250498592
-2.353255852926466,-0.12014296327856029,0.0017485992465940243,28.051074749937438
-2.3238015307653868,-0.12096673773693989,0.002044826540032779,28.39939900151445
-2.2943472086043073,-0.121526691822483,0.002324063793735246,28.75666667253904
-2.264892886443228,-0.12213043579437839,0.0029585334507792257,29.123226683296853
-2.2354385642821413,-0.1226477289042945,0.003476104043540733,29.499446343683015
-2.205984242121062,-0.12329555112851055,0.003623200223014694,29.885712580892946
-2.1765299199599824,-0.1239941373979075,0.0034675840964851364,30.282433266797923
-2.147075597798903,-0.1246482016899622,0.004029545563059527,30.69003865457608
-2.1176212756378234,-0.12551473817342423,0.004841281528203877,31.108982935237805
-2.088166953476744,-0.12654928367572846,0.005448574229206087,31.539745925883047
-2.0587126313156574,-0.12695363668628237,0.005964183036559916,31.98283490288369
-2.029258309154578,-0.12784863340301222,0.0062554820438265575,32.438786594715275
-1.9998039869934985,-0.12826123937836348,0.0064577045651458284,32.90816935089961
-1.970349664832419,-0.1290841211930867,0.006979301800653079,33.39158550548452
-1.9408953426713396,-0.12962632667191076,0.007762646716499608,33.889673955728
-1.91144102051026,-0.1298272711264751,0.008639753746671155,34.40311297919949
-1.8819866983491806,-0.1303041576598327,0.009090707954563597,34.93262331541795
-1.852532376188094,-0.13021298114981575,0.009866571262083446,35.47897154146894
-1.8230780540270146,-0.12994700636123271,0.010681285749906937,36.04297377484733
-1.7936237318659352,-0.1296285815759342,0.011259841189227841,36.62549974114291
-1.7641694097048557,-0.1285807072274363,0.012211880257632854,37.22747724920548
-1.7347150875437762,-0.12706064559780103,0.01332733123496529,37.84989712222298
-1.7052607653826968,-0.12463522070642363,0.014240269878161156,38.493818639835226
-1.6758064432216102,-0.12112879012424577,0.01523051407289003,39.160375554158186
-1.6463521210605307,-0.11704473488576277,0.01638092250851064,39.85078275159115
-1.6168977988994513,-0.11170551122963128,0.01772313898051632,40.56634364275709
-1.5874434767383718,-0.10498002805389173,0.01818596644722355,41.30845837514398
-1.5579891545772924,-0.09726154591746428,0.019070166065529557,42.07863297732391
-1.528534832416213,-0.088805706595449,0.01945871570038369,42.878489560407125
-1.4990805102551334,-0.07945220670949632,0.019288047533878836,43.70977772214089
-1.4696261880940469,-0.07032317662637913,0.01907913722766448,44.57438732237774
-1.4401718659329674,-0.061290462615105644,0.018211390907019984,45.47436282624206
-1.410717543771888,-0.052534073966681465,0.01712533418862074,46.41191944412162
-1.3812632216108085,-0.04412790260380655,0.01597987955555585,47.38946133669064
-1.351808899449729,-0.03601431628803479,0.014821975997298134,48.40960219992985
-1.3223545772886496,-0.028296616069024658,0.013691552772192032,49.47518860122911
-1.2929002551275701,-0.021131242928333644,0.012488464875855785,50.58932650529103
-1.2634459329664836,-0.014408652116135743,0.011293242953775937,51.755411510375694
-1.233991610805404,-0.007892757331808973,0.010116817117920698,52.97716341482343
-1.2045372886443246,-0.0019510939862319024,0.008889670664754306,54.258665855072366
-1.1750829664832452,0.0033505622330806365,0.00766171660404621,55.604411905010025
-1.1456286443221657,0.007733068530135216,0.006125751941664072,57.019356709532445
-1.1161743221610863,0.010725759744104413,0.004445420789535779,58.508978451671304
-1.08672,0.01577002,0.0021288345668620365,60.07934923439341
