Temp./°C,DSC_mean/(mW/mg),DSC_std/(mW/mg),pore radius in nm
-59.9597,-0.03538331333333333,0.001194879655232682,1.648557764631911
-59.930259394697345,-0.03541447028912928,0.0011847204956045713,1.6490876037109565
-59.9008187893947,-0.03545754627510433,0.0011675423976531623,1.6496179636103685
-59.871378184092045,-0.03547656645487694,0.0011775591338279122,1.6501488450984576
-59.84193757878939,-0.03546543667953816,0.0012286312342441115,1.6506802489450454
-59.812496973486745,-0.035454680801931704,0.0012831756108765756,1.6512121759214708
-59.78305636818409,-0.03546374014697775,0.001304487236699218,1.6517446268005909
-59.75361576288144,-0.035494807067060076,0.0012898592826399114,1.6522776023567864
-59.724175157578784,-0.035520990526732264,0.00127409335008726,1.6528111033659645
-59.69473455227614,-0.03552166729463142,0.0012960747975975387,1.6533451306055627
-59.665293946973485,-0.03550883596822756,0.0013362549410376849,1.6538796848545547
-59.63585334167083,-0.03549204047419625,0.0013837243751460802,1.654414766893451
-59.606412736368185,-0.0354861640940318,0.0014232033060359512,1.6549503775043037
-59.57697213106553,-0.03550668725013451,0.0014237754055335047,1.6554865174707123
-59.54753152576288,-0.03556370634825512,0.0013699739299197246,1.6560231875778246
-59.51809092046023,-0.03563352697313741,0.0012992682440749706,1.6565603886123426
-59.48865031515758,-0.035633185375955036,0.0013235849226647708,1.6570981213625253
-59.459209709854925,-0.035608371900713046,0.0013712982273938958,1.6576363866181931
-59.42976910455227,-0.03559788789519571,0.0013936782836900374,1.6581751851707316
-59.400328499249625,-0.03561862131193582,0.0013674808493792153,1.6587145178130949
-59.37088789394697,-0.0356600359113953,0.0013167132873775733,1.6592543853398105
-59.34144728864432,-0.03569041581801243,0.0012880918683932944,1.6597947885469817
-59.31200668334167,-0.035686633767120036,0.0013020426844610811,1.6603357282322935
-59.28256607803902,-0.03567958691511797,0.001308019882338263,1.660877205195015
-59.253125472736365,-0.035663921552604644,0.0013186917615088715,1.6614192202360036
-59.22368486743372,-0.03567368980582846,0.0012969589065427306,1.6619617741577093
-59.194244262131065,-0.035702356485836105,0.0012467875981691404,1.662504867764179
-59.16480365682841,-0.03571106855159636,0.0012203383202365559,1.6630485018610588
-59.13536305152576,-0.035698044108096766,0.0012324775932711822,1.663592677255601
-59.10592244622311,-0.03568777466323402,0.0012460238743757044,1.6641373947566644
-59.07648184092046,-0.03569187912482219,0.0012400921965104062,1.6646826551747211
-59.047041235617804,-0.03567546904790236,0.0012590842806150437,1.6652284593218596
-59.01760063031516,-0.035648942096042115,0.001284346210385445,1.6657748080117885
-58.988160025012505,-0.03564869368014547,0.001264303601212951,1.6663217020598413
-58.95871941970985,-0.035643004154164416,0.0012581291372763793,1.6668691422829798
-58.929278814407205,-0.035628653507030414,0.001274075424353387,1.667417129499798
-58.89983820910455,-0.035632735086394106,0.0012599484660355314,1.6679656645305267
-58.8703976038019,-0.035650968423446595,0.0012218896149256446,1.6685147481970386
-58.840956998499244,-0.03565990160690767,0.0011956271200349972,1.6690643813228503
-58.8115163931966,-0.03564300533483114,0.001203983125317113,1.6696145647331262
-58.782075787893945,-0.03558556045827812,0.0012739293070219103,1.6701652992546863
-58.75263518259129,-0.03551627373546424,0.0013697556080209431,1.6707165857160065
-58.723194577288645,-0.03553143612589423,0.0013497697402336697,1.6712684249472236
-58.69375397198599,-0.035559948882552005,0.0013226897851878385,1.6718208177801408
-58.66431336668334,-0.03558231617512712,0.0013114583648174063,1.6723737650482313
-58.63487276138069,-0.035595640054739315,0.0013085745787275273,1.6729272675866413
-58.60543215607804,-0.03561765393984881,0.0012940500032877973,1.6734813262321961
-58.575991550775385,-0.035661906326991295,0.0012583009237036394,1.6740359418234032
-58.54655094547273,-0.035708322480963776,0.001229503096796757,1.6745911152004553
-58.517110340170085,-0.03570695522015907,0.0012725834802569257,1.6751468472052378
-58.48766973486743,-0.0356992897295706,0.0013206678524108559,1.6757031386813308
-58.45822912956478,-0.03571459077329196,0.0013306045509473298,1.676259990474013
-58.42878852426213,-0.03573079848435232,0.0013471280582111505,1.6768174034302672
-58.39934791895948,-0.035744755040188085,0.0013628897768214448,1.677375378398784
-58.369907313656824,-0.03575703073496957,0.0013722527109659491,1.677933916229967
-58.34046670835418,-0.03576731574312055,0.0013767256342746112,1.678493017775935
-58.311026103051525,-0.03578595321999101,0.0013640104895905603,1.679052683890529
-58.28158549774887,-0.03584944232795579,0.0012914641981126124,1.6796129154293147
-58.252144892446225,-0.03589395632013504,0.0012551833501698465,1.6801737132495873
-58.22270428714357,-0.03591172548104967,0.0012467172719726513,1.6807350782103758
-58.19326368184092,-0.035915036306475585,0.0012513843133745927,1.6812970111724486
-58.163823076538264,-0.03590607729927756,0.0012679411754887156,1.6818595129983152
-58.13438247123562,-0.03590371541605391,0.0012642695422177663,1.6824225845522336
-58.104941865932965,-0.0359112852419233,0.0012453067041803974,1.6829862267002138
-58.07550126063031,-0.03590248897247911,0.0012511036113912362,1.6835504403100199
-58.046060655327665,-0.035861926168258014,0.0013025754061981533,1.6841152262511785
-58.01662005002501,-0.03583820142170253,0.001338531276149458,1.6846805853949798
-57.98717944472236,-0.035881151986551056,0.0012829209996427647,1.6852465186144845
-57.957738839419704,-0.035885681623792756,0.0012655936667861924,1.6858130267845262
-57.92829823411706,-0.035871609825025595,0.0012591246075034858,1.6863801107817178
-57.898857628814405,-0.035857879884893896,0.0012575157306418123,1.6869477714844554
-57.86941702351175,-0.03584438089415545,0.0012576187806385768,1.6875160097729212
-57.839976418209105,-0.03584296172974941,0.0012465368115914459,1.6880848265290904
-57.81053581290645,-0.03587047261038194,0.001203425315172243,1.688654222636735
-57.7810952076038,-0.03590081989520092,0.0011601425335370165,1.689224198981428
-57.75165460230115,-0.03589433204272361,0.0011735121432764667,1.689794756450548
-57.7222139969985,-0.035923136273840604,0.0011365159332870996,1.6903658959332843
-57.692773391695845,-0.03595441574770186,0.0010922872820377455,1.6909376183206413
-57.6633327863932,-0.03596588625113173,0.0010765623943380259,1.691509924505442
-57.633892181090545,-0.035978123342301625,0.0010703101252620927,1.6920828153823346
-57.60445157578789,-0.03598019535036127,0.001079752774782515,1.6926562918477965
-57.57501097048524,-0.03594560883880621,0.0011312086803881554,1.6932303548001384
-57.54557036518259,-0.03590220653536435,0.0011912782592991681,1.693805005139509
-57.51612975987994,-0.035875328129374086,0.0012315201776405445,1.6943802437679003
-57.486689154577284,-0.035904491395784444,0.0011947001811030136,1.6949560715891523
-57.45724854927464,-0.035932542834390624,0.0011565506569629366,1.695532489508957
-57.427807943971985,-0.035914406944168864,0.0011853987486852987,1.6961094984348644
-57.39836733866933,-0.035901980781410985,0.0012077319879685688,1.6966870992762848
-57.368926733366685,-0.035915710213860925,0.0011988447995168578,1.6972652929444974
-57.33948612806403,-0.035945714038047236,0.0011727954826183551,1.6978440803526516
-57.31004552276138,-0.035980781496192715,0.0011391315015802125,1.6984234624157737
-57.280604917458724,-0.03599990422174616,0.0011404373811724205,1.6990034400507708
-57.25116431215608,-0.035986591232758276,0.0011909797685874157,1.6995840141764362
-57.221723706853425,-0.03602432252483629,0.001162255550909836,1.700165185713455
-57.19228310155077,-0.03607188103875784,0.0011151204226092911,1.700746955584406
-57.162842496248125,-0.0360789143285295,0.001127838434623708,1.7013293247137704
-57.13340189094547,-0.03606123896000485,0.0011714841743645109,1.701912294027934
-57.10396128564282,-0.03606473956747156,0.001185454842701711,1.702495864455194
-57.07452068034017,-0.03610298209839908,0.0011573058791385148,1.703080036925762
-57.04508007503752,-0.03613461941557051,0.0011423932200991134,1.7036648123717701
-57.015639469734865,-0.036131043967054126,0.0011699071810950111,1.7042501917272759
-56.98619886443221,-0.03606927173562597,0.00127332639392528,1.7048361759282669
-56.956758259129565,-0.03599358161413108,0.0014051046040609437,1.7054227659126666
-56.92731765382691,-0.035993463324577,0.001428481520362746,1.7060099626203376
-56.89787704852426,-0.03600399109269823,0.001426948035804319,1.706597766993089
-56.86843644322161,-0.03600289618565828,0.001437029291505321,1.7071861799746788
-56.83899583791896,-0.036011625047901015,0.0014338786307648893,1.7077752025108217
-56.809555232616304,-0.03603394957895913,0.0014148183218410987,1.708364835549192
-56.78011462731366,-0.03601851307458034,0.0014413290899901107,1.7089550800394293
-56.750674022011005,-0.036024644765632975,0.001420959914213961,1.7095459369331447
-56.72123341670835,-0.03604650917303578,0.0013759359483648023,1.710137407183924
-56.691792811405705,-0.036097389191290886,0.001290981903931259,1.7107294917473341
-56.66235220610305,-0.036152180520870776,0.0012099080811675087,1.7113221915809285
-56.6329116008004,-0.03617221084071067,0.0011753806297314553,1.7119155076442514
-56.603470995497744,-0.03614404245836673,0.0012026514810566952,1.712509440898843
-56.5740303901951,-0.03608879881519071,0.0012625665563930923,1.7131039923082452
-56.544589784892445,-0.03605288357405469,0.001296608515350942,1.7136991628380067
-56.51514917958979,-0.036080123978296776,0.001248416997196421,1.7142949534556888
-56.485708574287145,-0.03610567016849984,0.0012001582034938609,1.7148913651308684
-56.45626796898449,-0.036087200869991336,0.0012125429163772,1.7154883988351464
-56.42682736368184,-0.03607622406169115,0.0012281004330667682,1.7160860555421507
-56.397386758379184,-0.03607922700241533,0.0012385593398671797,1.7166843362275421
-56.36794615307654,-0.03608887850009473,0.001243971692229016,1.71728324186902
-56.338505547773885,-0.03610146921092539,0.0012435252693951987,1.7178827734463278
-56.30906494247123,-0.036118487669402996,0.0012336618797036951,1.718482931941257
-56.279624337168585,-0.036139443055253316,0.0012109251839785866,1.7190837183376537
-56.25018373186593,-0.03613322907506978,0.0012187788504812933,1.7196851336214252
-56.22074312656328,-0.03612209389921225,0.001234457552615925,1.7202871787805418
-56.19130252126063,-0.036124194731349535,0.0012299813580821882,1.7208898548050446
-56.16186191595798,-0.036126706520888514,0.0012248011340394496,1.7214931626870529
-56.132421310655324,-0.036133287698621695,0.001198777032676582,1.7220971034207646
-56.10298070535268,-0.03613790331741617,0.0011812873238029765,1.722701678002466
-56.073540100050025,-0.03612320122866858,0.0011925010474031833,1.7233068874305353
-56.04409949474737,-0.03611740393397503,0.0011960368585823766,1.7239127327054486
-56.01465888944472,-0.036122942893029995,0.0011939585869058691,1.7245192148297859
-55.98521828414207,-0.036121254434774035,0.0012089017196504554,1.7251263348082349
-55.95577767883942,-0.03614959146130764,0.001176471867982981,1.7257340936475987
-55.926337073536764,-0.03618534449605084,0.0011301319928353193,1.7263424923568
-55.89689646823412,-0.03618820661231975,0.0011235998408252231,1.726951531946887
-55.867455862931465,-0.03615899039044373,0.0011565935292805485,1.7275612134310396
-55.83801525762881,-0.036129382012116185,0.0012035911964397945,1.7281715378245743
-55.80857465232616,-0.036119388244347635,0.0012290219208427754,1.7287825061449493
-55.77913404702351,-0.03614218237436515,0.0012231079798775306,1.7293941194117717
-55.74969344172086,-0.03614295021997179,0.00124523482461441,1.7300063786468023
-55.72025283641821,-0.036102690242402334,0.0013004025463750214,1.7306192848739608
-55.69081223111556,-0.03603993413787507,0.0013645885431811922,1.731232839119333
-55.661371625812905,-0.03598853095848146,0.001423513768937552,1.7318470424111747
-55.63193102051025,-0.03597519250641669,0.0014405098320877487,1.7324618957799185
-55.602490415207605,-0.03599756118659159,0.0014086158093584052,1.7330774002581792
-55.57304980990495,-0.036011969117564116,0.0013759380801321303,1.7336935568807612
-55.5436092046023,-0.035986560145799866,0.0013850684900317334,1.7343103666846607
-55.51416859929965,-0.03599827313108405,0.0013385051022829044,1.7349278307090752
-55.484727993997,-0.03604232540709932,0.0012439211535033704,1.7355459499954073
-55.455287388694344,-0.03599839864574322,0.001268783150285472,1.7361647255872712
-55.42584678339169,-0.03599520475540379,0.0012455954926314848,1.7367841585304982
-55.396406178089045,-0.03601712955542442,0.0011925836804490102,1.7374042498731432
-55.36696557278639,-0.036025284642875355,0.0011501933340740183,1.7380250006654903
-55.33752496748374,-0.036006415213485375,0.0011487381556371547,1.7386464119600582
-55.30808436218109,-0.03596791983192365,0.0011855668670837486,1.7392684848116065
-55.27864375687844,-0.03593203879248579,0.0012382236017687903,1.7398912202771433
-55.249203151575784,-0.03591171793735953,0.001274343197932334,1.7405146194159276
-55.21976254627314,-0.03593974611179541,0.0012281202786003558,1.7411386832894786
-55.190321940970485,-0.03595213791020232,0.001198708011604427,1.741763412961581
-55.16088133566783,-0.03596203790347235,0.001190697391296185,1.742388809498289
-55.131440730365185,-0.035958792075108915,0.0012021960698819034,1.743014873967935
-55.10200012506253,-0.035968528761516155,0.0011867236040702563,1.743641607441135
-55.07255951975988,-0.03600441046302526,0.0011342154280205572,1.7442690109907928
-55.043118914457224,-0.03601883999354936,0.001115400485840123,1.7448970856921089
-55.01367830915458,-0.035973343194861736,0.0011798201213228717,1.7455258326225853
-54.984237703851925,-0.03597520860332185,0.0011666358331966242,1.7461552528620312
-54.95479709854927,-0.035965931550876316,0.0011629633026913736,1.7467853474925703
-54.925356493246625,-0.035983578936623684,0.0011279334647154515,1.7474161175986458
-54.89591588794397,-0.036024143409161054,0.0010659728797288179,1.7480475642670275
-54.86647528264132,-0.03603825245022759,0.0010426699291386913,1.7486796885868179
-54.837034677338664,-0.03602007750421554,0.0010595128690138993,1.7493124916494582
-54.80759407203602,-0.03600566095618292,0.0010645933258413304,1.749945974548735
-54.778153466733364,-0.03599708376736144,0.0010663268332300213,1.7505801383807857
-54.74871286143071,-0.035977868311395884,0.0010903093234172162,1.7512149842441067
-54.719272256128065,-0.035985239799581854,0.0010790434644115693,1.7518505132395568
-54.68983165082541,-0.0360090905779477,0.001041908234198627,1.7524867264703667
-54.66039104552276,-0.035997274183602684,0.0010695053995211788,1.7531236250421434
-54.63095044022011,-0.03596963945618953,0.0011280925298838725,1.7537612100628768
-54.60150983491746,-0.03595209934300173,0.0011622466483331452,1.7543994826429468
-54.572069229614804,-0.035954416888467323,0.0011638891258776115,1.7550384438951294
-54.54262862431216,-0.03595800456948891,0.0011593420004843685,1.7556780949346034
-54.513188019009505,-0.035949924616994866,0.0011703629944952324,1.7563184368789564
-54.48374741370685,-0.03595938705960374,0.0011608507986588651,1.7569594708481913
-54.4543068084042,-0.03599800315474292,0.0011151505515300535,1.7576011979647341
-54.42486620310155,-0.03600896733873673,0.001108794422427662,1.758243619353438
-54.3954255977989,-0.03600071147514057,0.0011300539020635799,1.758886736141593
-54.365984992496244,-0.036004853069071314,0.0011414048820729444,1.7595305494589302
-54.3365443871936,-0.03601673761147094,0.0011353165149666088,1.760175060437628
-54.307103781890945,-0.036010489800858976,0.0011351412866983316,1.7608202702123221
-54.27766317658829,-0.035986468973970905,0.0011547339737446986,1.7614661799201086
-54.24822257128564,-0.035967678155202354,0.0011789129092104706,1.7621127907005523
-54.21878196598299,-0.03597959903951261,0.00116997596045993,1.7627601036956921
-54.18934136068034,-0.03598555646844188,0.0011699728013208615,1.7634081200500509
-54.15990075537769,-0.035986167712371286,0.0011840257582469876,1.7640568409106385
-54.13046015007504,-0.036013956566820556,0.0011701803944833018,1.764706267426961
-54.101019544772385,-0.036056356576132646,0.0011161873748123073,1.7653564007510254
-54.07157893946973,-0.03608678429648041,0.0010701244168769275,1.766007242037349
-54.042138334167085,-0.03608513259699241,0.0010700485535583533,1.7666587924429642
-54.01269772886443,-0.036077720252761736,0.0010770291605520423,1.7673110531274259
-53.98325712356178,-0.036110635324115535,0.0010228913184504378,1.7679640252528195
-53.95381651825913,-0.036154250009202936,0.000958342476807671,1.768617709983765
-53.92437591295648,-0.03614093419709153,0.0009787065922694182,1.7692721084874283
-53.894935307653824,-0.036123813658328015,0.0010044018661942236,1.7699272219335231
-53.86549470235117,-0.03610590264442246,0.0010289153410558596,1.770583051494322
-53.836054097048525,-0.03606572938603231,0.0010759117224835551,1.771239598344661
-53.80661349174587,-0.03601364117545324,0.0011296011215947814,1.7718968636619477
-53.77717288644322,-0.0359992434315097,0.0011401535556278045,1.772554848626168
-53.74773228114057,-0.03601239737475796,0.0011277656823047862,1.7732135544198937
-53.71829167583792,-0.03599735899168548,0.0011581306170018592,1.773872982228288
-53.688851070535264,-0.035973938421154185,0.0011995993611946603,1.7745331332391139
-53.65941046523262,-0.03595473668325945,0.001223823443951197,1.775194008642742
-53.629969859929965,-0.03594655642913069,0.0012370305279953964,1.7758556096321558
-53.60052925462731,-0.035943742845004886,0.0012521407677715515,1.7765179374029607
-53.571088649324665,-0.03593058079570041,0.0012844647522320908,1.7771809931533893
-53.54164804402201,-0.03590546418400498,0.0013315456315686573,1.7778447780843099
-53.51220743871936,-0.03589423636654146,0.001353347765892695,1.7785092933992348
-53.482766833416704,-0.03589441255881069,0.0013454812475007384,1.7791745403043242
-53.45332622811406,-0.03591309382157915,0.0013068628699959384,1.7798405200083969
-53.423885622811405,-0.035931669369819556,0.0012765697156595542,1.7805072337229366
-53.39444501750875,-0.03594106287955563,0.0012643485774070113,1.781174682662098
-53.365004412206105,-0.03595124166702312,0.0012486056375657483,1.7818428680427152
-53.33556380690345,-0.035957754757467306,0.001236768498074052,1.78251179108431
-53.3061232016008,-0.0359374074272396,0.0012535381003218305,1.7831814530090973
-53.276682596298144,-0.035891052221705404,0.0012921666780016765,1.7838518550419935
-53.2472419909955,-0.035892229946445774,0.0012588066172247452,1.7845229984106252
-53.217801385692844,-0.035958001699461714,0.0011395639864300998,1.7851948843453345
-53.18836078039019,-0.03601934875547766,0.0010283388780431865,1.7858675140791878
-53.158920175087545,-0.03604913407225061,0.0009697880586558282,1.7865408888479832
-53.12947956978489,-0.03602259244405153,0.00099132228438416,1.7872150098902586
-53.10003896448224,-0.03596886566222957,0.0010514269800485116,1.787889878447297
-53.07059835917959,-0.035938433579837795,0.0010795614530709446,1.788565495763137
-53.04115775387694,-0.035957359279581554,0.0010453167092099379,1.7892418630845794
-53.011717148574284,-0.03599233032777463,0.000988102019483104,1.7899189816611942
-52.98227654327164,-0.03600120097551166,0.0009722784833162355,1.7905968527453284
-52.952835937968985,-0.035998910608901,0.0009768057979044292,1.7912754775921154
-52.92339533266633,-0.03601532689112195,0.0009575939757738984,1.79195485745948
-52.89395472736368,-0.0360415869889427,0.0009281194364203352,1.7926349936081487
-52.86451412206103,-0.036035903679039416,0.0009425708281212249,1.793315887301656
-52.83507351675838,-0.03600140283262609,0.0009967460911054697,1.7939975398063521
-52.805632911455724,-0.03596893119430339,0.0010507790595516329,1.7946799523914123
-52.77619230615308,-0.03594577768162482,0.0010941864706976992,1.7953631263288434
-52.746751700850425,-0.03590114900112303,0.0011599635000983503,1.7960470628934928
-52.71731109554777,-0.03587192936186027,0.001202476725688679,1.796731763363054
-52.68787049024512,-0.0358782760849751,0.0012065824646447217,1.7974172290180777
-52.65842988494247,-0.03587150125967865,0.001238146838865777,1.7981034611419777
-52.62898927963982,-0.03582299796842115,0.0013301518710115046,1.7987904610210403
-52.59954867433717,-0.03578346721782963,0.0013959695512863657,1.7994782299444307
-52.57010806903452,-0.03580257251875609,0.0013706349853309023,1.800166769204203
-52.540667463731864,-0.035863147373913315,0.0012897345729233874,1.8008560800953064
-52.51122685842921,-0.03589285958754321,0.0012631898978131024,1.801546163915594
-52.481786253126565,-0.03589473694590868,0.0012850503997555132,1.8022370219658317
-52.45234564782391,-0.035924299083528045,0.001263760386002855,1.8029286555497057
-52.42290504252126,-0.03594218691408277,0.0012578013874583501,1.803621065973831
-52.39346443721861,-0.035955658562098855,0.0012648147014270173,1.8043142545477586
-52.36402383191596,-0.03598912576149058,0.001244294065223311,1.8050082225839859
-52.334583226613304,-0.036031025380684395,0.0012093668813971778,1.8057029713979618
-52.30514262131065,-0.03607072595333794,0.0011795187405640012,1.8063985023080988
-52.275702016008005,-0.03611686818179732,0.0011368312827182174,1.8070948166357783
-52.24626141070535,-0.03615453697533542,0.0011022632091187477,1.80779191570536
-52.2168208054027,-0.03619791923107952,0.001066526315267287,1.8084898008441912
-52.18738020010005,-0.03621149268172067,0.0010737517633641472,1.8091884733826133
-52.1579395947974,-0.03620554082565041,0.0011215989538562998,1.8098879346539727
-52.128498989494744,-0.03624187234030731,0.0011102246229089865,1.8105881859946265
-52.0990583841921,-0.0362985575918997,0.0010638352570360005,1.811289228743953
-52.069617778889445,-0.036333537166871904,0.0010411949423620272,1.8119910642443608
-52.04017717358679,-0.03633813600829016,0.0010617411880102482,1.8126936938412945
-52.010736568284145,-0.036324519827111296,0.0011094322031567233,1.813397118883246
-51.98129596298149,-0.03632948196439971,0.0011282205909274132,1.8141013407217623
-51.95185535767884,-0.03635081620662522,0.0011216823195279951,1.814806360711453
-51.922414752376184,-0.03634091639183237,0.0011520297777168243,1.8155121802100012
-51.89297414707354,-0.03635685908617498,0.0011510686675416416,1.8162188005781705
-51.863533541770884,-0.036392024623090574,0.0011370232722045309,1.8169262231798147
-51.83409293646823,-0.03640040974978163,0.0011427761225716745,1.817634449381885
-51.804652331165585,-0.036381487687773474,0.0011756771982561105,1.8183434805544412
-51.77521172586293,-0.03638002221741805,0.001190243796974646,1.8190533180706594
-51.74577112056028,-0.03640827737244845,0.0011637094345791524,1.8197639633068392
-51.716330515257624,-0.036434899876412186,0.0011340068787872245,1.8204754176424158
-51.68688990995498,-0.036471997324756415,0.0010895020403777125,1.8211876824599664
-51.657449304652324,-0.03650586549606158,0.0010573755805646174,1.8219007591452208
-51.62800869934968,-0.03650619682665451,0.0010797913019980033,1.8226146490870683
-51.598568094047025,-0.036488465157680484,0.0011208807325112425,1.8233293536775692
-51.56912748874437,-0.03649123342288651,0.001129839822041013,1.8240448743119622
-51.53968688344172,-0.036523739953846925,0.001103359926322986,1.8247612123886747
-51.510246278139064,-0.03655342898707858,0.0010936190506381472,1.8254783693093297
-51.48080567283642,-0.03655450170899057,0.0011293169964177218,1.8261963464787576
-51.451365067533764,-0.036547079109866536,0.0011807663748702008,1.8269151453050037
-51.42192446223112,-0.036545456868980544,0.00122213379046646,1.8276347671993385
-51.392483856928465,-0.03656991454471426,0.001214587683347865,1.8283552135762657
-51.36304325162581,-0.03663045225906125,0.0011619012774965825,1.8290764858535322
-51.33360264632316,-0.03668310866143152,0.0011293894585076767,1.8297985854521372
-51.30416204102051,-0.03668677614465102,0.0011650483553452017,1.830521513796342
-51.27472143571786,-0.03667422146925329,0.001221733420404861,1.8312452723136787
-51.245280830415204,-0.03671400199628307,0.0012081746055596248,1.8319698624349607
-51.21584022511256,-0.03676146628357832,0.0011868866691701048,1.8326952855942893
-51.186399619809904,-0.03675663082846826,0.0012382364548419583,1.833421543229068
-51.15695901450725,-0.03675950322146818,0.0012674610224547274,1.8341486367800064
-51.1275184092046,-0.03676241506993073,0.0012943210285769158,1.8348765676911345
-51.09807780390195,-0.03676518158719703,0.0013201310891798647,1.8356053374098091
-51.0686371985993,-0.036784258098443906,0.0013243433241866083,1.836334947386725
-51.03919659329665,-0.03682628016583463,0.0013010839263629284,1.8370653990759247
-51.009755987994,-0.03686323271818581,0.0012857207584832952,1.8377966939348065
-50.980315382691344,-0.036938597379311905,0.001209702530040986,1.838528833424136
-50.95087477738869,-0.037021065236506494,0.0011297392234597228,1.8392618190080552
-50.921434172086045,-0.03705750137592809,0.0011221949138263848,1.8399956521540903
-50.89199356678339,-0.03708975522200666,0.0011198139223211952,1.8407303343331662
-50.86255296148074,-0.037135895823323564,0.001088404757881285,1.8414658670196111
-50.83311235617809,-0.03718535470568209,0.001055851492173263,1.84220225169117
-50.80367175087544,-0.03723342166189581,0.001036300268066066,1.8429394898290128
-50.774231145572784,-0.03730855681641568,0.0009784461323843767,1.8436775829177443
-50.74479054027013,-0.03732802957916367,0.0010027036076792155,1.844416532445416
-50.715349934967485,-0.03728386898158952,0.001114751225117486,1.8451563399035327
-50.68590932966483,-0.037299670730091904,0.001137533746666102,1.8458970067870664
-50.65646872436218,-0.037337340655301914,0.0011155221988207924,1.8466385345944634
-50.62702811905953,-0.037352654628049424,0.0011291368655982703,1.8473809248276556
-50.59758751375688,-0.03732599856486368,0.0011949179936779095,1.8481241789920717
-50.568146908454224,-0.037285305820205006,0.0012791795338398324,1.8488682985966443
-50.53870630315157,-0.03726723620623459,0.0013314204879185997,1.849613285153823
-50.509265697848925,-0.037284135362984444,0.0013323025518344807,1.850359140179584
-50.47982509254627,-0.03734563472709019,0.0012767707493924615,1.8511058651934396
-50.450384487243625,-0.03736652635525076,0.0012795954337750724,1.8518534617184494
-50.42094388194097,-0.03738420147127431,0.0012820627672329942,1.8526019312812299
-50.39150327663832,-0.03740548984878503,0.0012747737222120563,1.8533512754119652
-50.362062671335664,-0.037420750844417115,0.0012706056075826695,1.854101495644417
-50.33262206603302,-0.03744473604133555,0.0012552834524910052,1.854852593515937
-50.303181460730364,-0.03749507070398526,0.0012126462686654518,1.8556045705674742
-50.27374085542771,-0.037533327986398794,0.0011977363038168042,1.8563574283435886
-50.244300250125065,-0.03756949281797826,0.0011907594847378048,1.8571111683924593
-50.21485964482241,-0.03763578833133841,0.0011425120018650366,1.8578657922658963
-50.18541903951976,-0.03766919222322162,0.0011298189109377424,1.8586213015193516
-50.155978434217104,-0.03769059862655957,0.0011279706029890025,1.859377697711929
-50.12653782891446,-0.03771863563349873,0.0011163504637233138,1.860134982406394
-50.097097223611804,-0.03775590403544381,0.0010991308832608694,1.8608931571691878
-50.06765661830916,-0.03778317253201127,0.0010912318874112899,1.8616522235704345
-50.038216013006505,-0.03779372812542046,0.0010988955427217136,1.8624121831839537
-50.00877540770385,-0.037840143927443844,0.001061702727700372,1.8631730375872708
-49.9793348024012,-0.03788460560342568,0.0010356867193103813,1.8639347883616293
-49.949894197098544,-0.037897127595283936,0.0010578916376132296,1.864697437091999
-49.9204535917959,-0.037885144569068045,0.0011125188381776575,1.8654609853670898
-49.891012986493244,-0.03788830358856385,0.001145793628587923,1.8662254347793619
-49.8615723811906,-0.03792940722641049,0.001121796899705366,1.8669907869250353
-49.832131775887945,-0.03798822454706636,0.0010745674076614918,1.867757043404103
-49.80269117058529,-0.038012046157373205,0.0010749809035894091,1.8685242058203415
-49.77325056528264,-0.037989524775337305,0.0011404600222571911,1.869292275781321
-49.74380995997999,-0.03795009674562549,0.001229468024696768,1.8700612548984177
-49.71436935467734,-0.03792257877257805,0.001295959430791539,1.8708311447868256
-49.684928749374684,-0.03797399661057571,0.0012590521828700922,1.871601947065566
-49.65548814407204,-0.03804227023170861,0.0011975111671464244,1.8723736633574997
-49.626047538769384,-0.03807846901114348,0.00117286693783454,1.8731462952893403
-49.59660693346673,-0.03807901695449811,0.0011986314860368678,1.8739198444916614
-49.56716632816408,-0.038074224937209904,0.0012299238254280774,1.8746943125989128
-49.53772572286143,-0.03810590274116412,0.0012039462628394791,1.8754697012494277
-49.50828511755878,-0.03817203862383373,0.00111951246248129,1.876246012085438
-49.47884451225613,-0.03814179536626101,0.001163054806977403,1.8770232467530836
-49.44940390695348,-0.03809861972854197,0.001231868445801705,1.8778014069024245
-49.419963301650824,-0.03808698247661645,0.0012664017053099336,1.8785804941874527
-49.39052269634817,-0.038078070802970355,0.0012953483248624564,1.8793605102661033
-49.361082091045525,-0.03807768588721532,0.0012933298839291894,1.880141456800268
-49.33164148574287,-0.0380886202621975,0.0012764878022536409,1.880923335455805
-49.30220088044022,-0.03808515140479669,0.0012955102933542332,1.881706147902551
-49.27276027513757,-0.03808815099131615,0.001311037269447593,1.8824898958143348
-49.24331966983492,-0.03811430264744955,0.0012921328753108987,1.8832745808689872
-49.213879064532264,-0.038115371346710454,0.0013091448750396878,1.8840602047483541
-49.18443845922961,-0.0381198761040859,0.0013223740111818433,1.8848467691383082
-49.154997853926965,-0.03815626258991042,0.0013053437043879128,1.8856342757287607
-49.12555724862431,-0.038228251801284474,0.0012493954538113881,1.8864227262136755
-49.09611664332166,-0.038290388123099754,0.0012038426356430604,1.8872121222910772
-49.06667603801901,-0.03830615539279754,0.001216994947862039,1.8880024656630674
-49.03723543271636,-0.03830696481024368,0.0012518938452652515,1.8887937580358347
-49.007794827413704,-0.03831910968905261,0.0012773885493648626,1.889586001119668
-48.97835422211105,-0.03837835950773319,0.001254919601094379,1.8903791966289676
-48.948913616808404,-0.03844129276058305,0.001218612769530515,1.891173346282259
-48.91947301150575,-0.03843652416560069,0.0012626898738746727,1.8919684518022049
-48.890032406203105,-0.03841641604549417,0.001333833632006998,1.892764514915616
-48.86059180090045,-0.03844572900096276,0.001342358870503908,1.8935615373534667
-48.8311511955978,-0.03850920122401158,0.0013007719407605479,1.8943595208509052
-48.801710590295144,-0.03853167340355471,0.0013053044585208168,1.8951584671472657
-48.7722699849925,-0.038560069238499695,0.0012964893157157873,1.8959583779860836
-48.742829379689844,-0.038590550306129574,0.001275263481499027,1.8967592551151058
-48.71338877438719,-0.03856494693996684,0.0013283432491389448,1.897561100286305
-48.683948169084545,-0.03854278954022106,0.0013831160476700216,1.8983639152558909
-48.65450756378189,-0.038574472695132,0.0013796951330895422,1.8991677017843243
-48.62506695847924,-0.0386236647867296,0.0013509493295780042,1.89997246163633
-48.595626353176584,-0.03864550051406355,0.0013476659902701056,1.9007781965809083
-48.56618574787394,-0.038638359765513164,0.0013650145957966988,1.9015849083913499
-48.536745142571284,-0.03864503118573661,0.0013598306291635238,1.9023925988452475
-48.50730453726864,-0.03868216842174392,0.0013122972455739865,1.903201269724509
-48.477863931965985,-0.03871340798901888,0.0012667621088213313,1.9040109228153725
-48.44842332666333,-0.03872079494100126,0.001259846083260032,1.9048215599084153
-48.41898272136068,-0.03872739510303968,0.0012594764220243047,1.9056331827985713
-48.389542116058024,-0.038740622285763936,0.0012478106455593556,1.906445793285143
-48.36010151075538,-0.038763885935534814,0.0012184574928932107,1.9072593931718127
-48.330660905452724,-0.038793467161273694,0.0011784553736692185,1.9080739842666592
-48.30122030015008,-0.038808499111866665,0.0011514141641534963,1.9088895683821692
-48.271779694847424,-0.038787149744905436,0.0011717739205023897,1.9097061473352501
-48.24233908954477,-0.03879855062750682,0.001145820837636109,1.9105237229472456
-48.21289848424212,-0.03881956357552244,0.0011266702951570069,1.911342297043948
-48.18345787893947,-0.03881456559441192,0.0011555761257718384,1.912161871455611
-48.15401727363682,-0.03881343628841452,0.0011786711271050982,1.9129824480169653
-48.124576668334164,-0.038837046279003556,0.001161268217980578,1.9138040285672306
-48.09513606303152,-0.03885886523077751,0.0011377585499605565,1.91462661495013
-48.065695457728864,-0.038843199793130286,0.001166993305486498,1.9154502090139047
-48.03625485242621,-0.03881370190518182,0.001232709862848472,1.9162748126113263
-48.00681424712356,-0.03882149033198124,0.001263234002487642,1.9171004275997099
-47.97737364182091,-0.038833583059659345,0.0012912460204174002,1.917927055840932
-47.94793303651826,-0.03881192207211335,0.0013607036447525077,1.9187546992014406
-47.91849243121561,-0.03883112053469472,0.0013642314055218269,1.9195833595522704
-47.88905182591296,-0.0388753551807176,0.0013406508569662034,1.9204130387690577
-47.859611220610304,-0.038922717567782365,0.0013265694336722096,1.9212437387320533
-47.83017061530765,-0.03898532731661291,0.0012873788370332325,1.9220754613261382
-47.800730010005005,-0.03908898867287257,0.0011916198866888067,1.9229082084408367
-47.77128940470235,-0.03913364158161554,0.0011910000557742442,1.92374198197033
-47.7418487993997,-0.03913268384901756,0.0012684744821109299,1.9245767838134737
-47.71240819409705,-0.039177968177509286,0.0012872662229347937,1.925412615873808
-47.6829675887944,-0.039215801819303314,0.0013065591554559716,1.9262494800595755
-47.653526983491744,-0.03925352708444236,0.0013074794022961364,1.9270873782837343
-47.62408637818909,-0.03928553625824872,0.001313825706551079,1.9279263124639723
-47.594645772886444,-0.03930422324392195,0.0013453887434517352,1.9287662845227223
-47.56520516758379,-0.039331630884403716,0.0013671158631652614,1.9296072963871773
-47.53576456228114,-0.03941298433943699,0.0013099808103980799,1.9304493499893045
-47.50632395697849,-0.039464438382488566,0.0012876349099166706,1.93129244726586
-47.47688335167584,-0.03948362243282231,0.0013145300981628671,1.9321365901584033
-47.447442746373184,-0.03949766034732254,0.0013542177026434317,1.9329817806133143
-47.41800214107053,-0.0395151495717142,0.0013793535704843451,1.9338280205818048
-47.388561535767884,-0.0395476388970216,0.001364618566636391,1.9346753120199365
-47.35912093046523,-0.039597411231272035,0.00131313071322219,1.9355236568886354
-47.329680325162585,-0.03965627068865171,0.0012567155760559087,1.936373057153706
-47.30023971985993,-0.03970274145166336,0.0012229510685393048,1.9372235147858463
-47.27079911455728,-0.03971921542729165,0.0012229324822917492,1.9380750317606656
-47.241358509254624,-0.0397065065781717,0.0012735359699184985,1.9389276100586965
-47.21191790395198,-0.03972469580535965,0.0012961503914104481,1.9397812516654116
-47.182477298649324,-0.03975467015955371,0.001302432905494633,1.94063595857124
-47.15303669334667,-0.0397736633108852,0.0013082023177578097,1.9414917327715817
-47.123596088044025,-0.03979492808174957,0.001302987265819989,1.9423485762668218
-47.09415548274137,-0.03983686575748141,0.0012733202604420805,1.9432064910623499
-47.06471487743872,-0.039883823743246095,0.0012443696676411123,1.9440654791685708
-47.035274272136064,-0.03989103667297857,0.001286725795282351,1.9449255426009247
-47.00583366683342,-0.0399156361655189,0.0013026818830523257,1.9457866833799002
-46.976393061530764,-0.03996963972850299,0.0012570978849703218,1.946648903531051
-46.94695245622812,-0.04001989346396438,0.0012236905564625843,1.9475122050850118
-46.917511850925465,-0.0400740134479673,0.0011964827950615444,1.948376590077514
-46.88807124562281,-0.04014295501502444,0.0011533467928088975,1.9492420605494027
-46.85863064032016,-0.04022490230885865,0.0011005395692363189,1.9501086185466505
-46.829190035017504,-0.04028612515274171,0.0010749769308294327,1.9509762661203762
-46.79974942971486,-0.04029349641946401,0.0011339773690107646,1.951845005326859
-46.770308824412204,-0.04031810775087985,0.0011990863394255192,1.952714838227557
-46.74086821910956,-0.04041656094069929,0.001182556440126542,1.9535857668891201
-46.711427613806904,-0.04045161444623457,0.0012040075169666192,1.9544577933834102
-46.68198700850425,-0.04046083306973638,0.0012229027240447613,1.9553309197875146
-46.6525464032016,-0.040511764713866034,0.00118821545847466,1.9562051481837641
-46.62310579789895,-0.04061275695402866,0.0011097255063883794,1.9570804806597488
-46.5936651925963,-0.040705525717414696,0.0010553409028881311,1.957956919308336
-46.564224587293644,-0.04073945183071026,0.001084489879190553,1.9588344662276849
-46.534783981991,-0.04072739917971314,0.0011824367778910869,1.9597131235212641
-46.505343376688344,-0.04080600078544896,0.0011581441017758276,1.9605928932978705
-46.47590277138569,-0.040837834316679165,0.001194716070669027,1.9614737776716424
-46.44646216608304,-0.040850550076456583,0.0012461788086410182,1.9623557787620793
-46.41702156078039,-0.040930293326165816,0.0012005071754608123,1.9632388986940574
-46.38758095547774,-0.04107148754421864,0.0010845289763462935,1.9641231395978487
-46.35814035017509,-0.041176301019087924,0.001014792217796209,1.9650085036091345
-46.32869974487244,-0.04121989399802492,0.0010439946431455539,1.965894992869027
-46.299259139569784,-0.041226405009108534,0.0011465286592585115,1.9667826095240821
-46.26981853426713,-0.04127089632031045,0.001207458203745598,1.967671355726321
-46.24037792896448,-0.04136688409441058,0.001191813004501568,1.968561233633244
-46.21093732366183,-0.04148605394370478,0.0011300834062976668,1.9694522454078505
-46.18149671835918,-0.04155004538429805,0.0011220340793812403,1.9703443932186553
-46.15205611305653,-0.04157509939412793,0.0012031096560899943,1.9712376792397057
-46.12261550775388,-0.041598926575181626,0.0012781911961045017,1.972132105650601
-46.093174902451224,-0.04167287135354462,0.0012791928934779773,1.973027674636508
-46.06373429714857,-0.04177702575396388,0.0012516435012792058,1.9739243883881814
-46.034293691845924,-0.04186779173959482,0.0012636327175651013,1.9748222491019782
-46.00485308654327,-0.041947734787247025,0.0012682947239884255,1.9757212589798794
-45.97541248124062,-0.042040289272896714,0.0012823056415254982,1.9766214202295052
-45.94597187593797,-0.04213936836991208,0.0013036256453672443,1.977522735064134
-45.91653127063532,-0.042250748235852904,0.0013092691354767024,1.9784252057027216
-45.887090665332664,-0.04236178364574908,0.0012660966206432182,1.9793288343699174
-45.85765006003001,-0.04247000021451111,0.0011978151835271475,1.9802336232960838
-45.828209454727364,-0.04254421930102096,0.0011394381795621017,1.9811395747173148
-45.79876884942471,-0.0425363880090266,0.0011828551294134795,1.9820466908754542
-45.769328244122065,-0.042523644455604026,0.001255794560372415,1.9829549740181136
-45.73988763881941,-0.04259429422347064,0.00127810684285822,1.9838644263986915
-45.71044703351676,-0.04272531428786877,0.0012790926095305481,1.9847750502763915
-45.681006428214104,-0.0427965546217052,0.0012794726496101754,1.9856868479162415
-45.65156582291146,-0.04282124097046047,0.0013175025828253693,1.9865998215891127
-45.622125217608804,-0.04289702959493141,0.0013119839985974064,1.9875139735717369
-45.59268461230615,-0.0430250939494383,0.0012524124969347063,1.9884293061467275
-45.563244007003505,-0.043213165851872015,0.0011632935274114577,1.9893458216025972
-45.53380340170085,-0.04338695236381337,0.0011504607001476606,1.9902635222337772
-45.5043627963982,-0.04351119381897822,0.0012030321344504112,1.9911824103406368
-45.474922191095544,-0.04360887053966191,0.0012813921915390417,1.9921024882295026
-45.4454815857929,-0.04366233923833456,0.0012569269398722454,1.9930237582126766
-45.416040980490244,-0.04378371134997492,0.0011841660695656431,1.9939462226084577
-45.38660037518759,-0.0439206910561705,0.0011244370711968928,1.9948698837411594
-45.357159769884944,-0.04396753201555678,0.001267005864242562,1.9957947439411292
-45.32771916458229,-0.04402598039795822,0.001374340642541359,1.9967208055447712
-45.29827855927964,-0.04413330664638413,0.0012956113576788819,1.9976480708945603
-45.268837953976984,-0.04426107468593602,0.0011069673159977895,1.9985765423390678
-45.23939734867434,-0.044412595414658175,0.001029248588453599,1.9995062222329767
-45.209956743371684,-0.04456729738780434,0.0011484108249374206,2.0004371129371052
-45.18051613806904,-0.04466255906659131,0.0012865575285502847,2.001369216818423
-45.151075532766384,-0.04477303319634677,0.0012726607952747277,2.002302536250075
-45.12163492746373,-0.04492028208921909,0.0012225337767226968,2.0032370736113987
-45.09219432216108,-0.045084363482194946,0.001248864764772931,2.004172831287946
-45.06275371685843,-0.045264857258917296,0.0012613416275075095,2.0051098116715025
-45.03331311155578,-0.04545510804008409,0.0012120346806796215,2.0060480171601087
-45.003872506253124,-0.04559790425345212,0.0012068904859624061,2.00698745015808
-44.97443190095048,-0.045694021641612396,0.0013074939687470924,2.007928113076027
-44.944991295647824,-0.04584053865432661,0.001388905542996918,2.0088700083308773
-44.91555069034517,-0.04604411750758072,0.0013411095863645572,2.0098131383458946
-44.88611008504252,-0.04627641620007317,0.0012343462740286538,2.0107575055507003
-44.85666947973987,-0.04643174406959225,0.0012516646375012959,2.0117031123812947
-44.82722887443722,-0.04654600779624074,0.0013573731121701135,2.012649961280077
-44.79778826913457,-0.04669158349531207,0.0013955849947792586,2.013598054695867
-44.76834766383192,-0.046867554011246794,0.0013207469589771761,2.0145473950839268
-44.738907058529264,-0.0470885900152922,0.0012895529982419936,2.0154979849059806
-44.70946645322661,-0.04725179441095395,0.0013888573870756845,2.0164498266302364
-44.68002584792396,-0.0473802857574917,0.0013870690775119603,2.0174029227314083
-44.65058524262131,-0.04753410717009904,0.001310107274132845,2.0183572756907364
-44.62114463731866,-0.047752397746497456,0.0012769637617705653,2.0193128879960103
-44.59170403201601,-0.0479970974145417,0.0012952689253889565,2.0202697621415893
-44.56226342671336,-0.0482397543670369,0.0012977465825163193,2.0212279006284235
-44.532822821410704,-0.04854283703271913,0.0012817835806563553,2.0221873059640774
-44.50338221610805,-0.04881355408525493,0.0012364942850343215,2.023147980662751
-44.473941610805404,-0.049036495452376316,0.0012202581937725942,2.0241099272453007
-44.44450100550275,-0.04922752726822257,0.001327721362823577,2.0250731482392634
-44.4150604002001,-0.04946363030419846,0.0014264579444290223,2.026037646178877
-44.38561979489745,-0.04968291279944683,0.0014609971026641707,2.0270034236051027
-44.3561791895948,-0.049947365313114,0.0014502710487168616,2.0279704830656486
-44.326738584292144,-0.050277523246064576,0.0014239199734548205,2.028938827114991
-44.29729797898949,-0.050558460175379016,0.0013894317158279022,2.029908458314397
-44.267857373686844,-0.05074353334287698,0.0014389933866048594,2.030879379231947
-44.23841676838419,-0.05088786817914628,0.0014816166920883444,2.031851592442558
-44.208976163081545,-0.05110150095406013,0.0014706049148037088,2.0328251005280062
-44.17953555777889,-0.05136444985635535,0.0014864263604944953,2.0337999060769496
-44.15009495247624,-0.05165531123162889,0.0015069573732560764,2.0347760116849503
-44.120654347173584,-0.0520076222115862,0.001514579450955035,2.035753419954499
-44.09121374187094,-0.052303810017829556,0.0014230743578242955,2.0367321334950357
-44.061773136568284,-0.052509359335678706,0.0013376712216594407,2.0377121549229775
-44.03233253126563,-0.052634098367461135,0.001405648828772992,2.0386934868617366
-44.002891925962984,-0.052815093033201505,0.001495551823863059,2.039676131941747
-43.97345132066033,-0.05310110628090661,0.001514604086787098,2.0406600928004863
-43.94401071535768,-0.05348612400779257,0.0015131471207268671,2.041645372082502
-43.914570110055024,-0.0537955822447243,0.0014944165319718975,2.042631972439431
-43.88512950475238,-0.054039996253593826,0.0015436672644912998,2.0436198965300263
-43.855688899449724,-0.05432389418186482,0.0016312049903454123,2.0446091470201817
-43.82624829414708,-0.05461273608200675,0.0016393413089685418,2.045599726582952
-43.796807688844424,-0.05488100522667524,0.001616962815555634,2.0465916378985822
-43.76736708354177,-0.05513007973543907,0.0016002705529195064,2.047584883654526
-43.73792647823912,-0.05536410417715787,0.0015790048496876518,2.048579466545475
-43.708485872936464,-0.05558351297676175,0.0015537845986321782,2.04957538927338
-43.67904526763382,-0.055828348165770925,0.0015706867726486484,2.0505726545474765
-43.649604662331164,-0.056149981418156296,0.0016491315104640194,2.0515712650843105
-43.62016405702852,-0.056588893551031534,0.0015812426790869727,2.05257122360776
-43.590723451725864,-0.05701821769657419,0.0015161379987144584,2.053572532849063
-43.56128284642321,-0.057310072067175775,0.0015738277417843246,2.054575195546841
-43.53184224112056,-0.05755178944867919,0.0016569948212965572,2.055579214447124
-43.502401635817904,-0.05783049508482183,0.0017013401648598154,2.0565845923033743
-43.47296103051526,-0.05813352651110232,0.001723227757764875,2.057591331876514
-43.44352042521261,-0.0584300689186544,0.0018057030134466922,2.0585994359349504
-43.41407981990996,-0.058730511834926814,0.001908492291169228,2.059608907254599
-43.384639214607304,-0.05899290753226815,0.001933526789403357,2.060619748618909
-43.35519860930465,-0.059302805226852516,0.0018475952174331091,2.061631962818892
-43.325758004002,-0.059602807190564294,0.0018059056681121427,2.0626455526531453
-43.29631739869935,-0.059866999188132375,0.001823779409879387,2.0636605209278773
-43.2668767933967,-0.06016758351531453,0.0018993658995566838,2.064676870456936
-43.23743618809405,-0.06047830581434419,0.0019587095584583446,2.0656946040618305
-43.2079955827914,-0.06068257949689054,0.0019223502134183602,2.066713724571763
-43.178554977488744,-0.06091033668423874,0.0018956783329289865,2.0677342348236496
-43.14911437218609,-0.06120786140036529,0.0018832072041154988,2.06875613766215
-43.11967376688344,-0.06154634540100492,0.001923557750925059,2.0697794359396924
-43.09023316158079,-0.061807837075195216,0.0020257236303710905,2.0708041325165003
-43.06079255627814,-0.061914506865332154,0.0020474939173881373,2.07183023026062
-43.03135195097549,-0.06204101270396136,0.0020142925095010702,2.072857732047946
-43.00191134567284,-0.06233333915693517,0.002015108496619126,2.07388664076225
-42.972470740370184,-0.06256745267198695,0.001989518635996712,2.0749169592952037
-42.94303013506753,-0.062781310540625,0.0019183173673024748,2.0759486905464106
-42.91358952976488,-0.06304090222779349,0.0019319253311910745,2.0769818374234315
-42.88414892446223,-0.06332244297235834,0.0020622593469802612,2.07801640284181
-42.854708319159585,-0.06349798771736921,0.0021375842024628825,2.0790523897251023
-42.82526771385693,-0.06357652804534226,0.002112918978258728,2.080089801004905
-42.79582710855428,-0.06376620697084133,0.002132149357920309,2.08112863962088
-42.766386503251624,-0.06393523643004158,0.0021428129280416787,2.082168908520784
-42.73694589794897,-0.06406756761635837,0.002223050735624882,2.0832106106604975
-42.707505292646324,-0.06422848417214086,0.002316943548788422,2.08425374900405
-42.67806468734367,-0.06449092178756731,0.0022994702052566594,2.085298326523651
-42.648624082041025,-0.06470911776534355,0.0023165968190314227,2.086344346199717
-42.61918347673837,-0.06488203984591263,0.0023621206279275573,2.0873918110208987
-42.58974287143572,-0.06509547120725498,0.0024048361599717204,2.0884407239841116
-42.560302266133064,-0.06530322388445285,0.0023858246845189965,2.0894910880945625
-42.53086166083041,-0.06543998241088582,0.0023489110457211655,2.09054290636578
-42.501421055527764,-0.06553410070903316,0.002399202280717331,2.0915961818196425
-42.47198045022511,-0.0656716112089756,0.0024989879359762954,2.0926509174864067
-42.442539844922464,-0.0658703423209202,0.0025553074720796975,2.093707116404738
-42.41309923961981,-0.06601527008208252,0.0026155289378845857,2.094764781621738
-42.38365863431716,-0.06605178701922573,0.0026518565062047506,2.095823916192975
-42.354218029014504,-0.066096525422488,0.0026598401365529128,2.0968845231825126
-42.32477742371186,-0.06621892620829328,0.0026578649463076124,2.0979466056629406
-42.295336818409204,-0.0663381368927402,0.0026565511382439537,2.0990101667154035
-42.26589621310656,-0.06638184474791121,0.0026892192375453246,2.1000752094296296
-42.236455607803904,-0.066389683721782,0.0027294839003441074,2.101141736903963
-42.20701500250125,-0.06639734463125867,0.0027596166676977793,2.1022097522453924
-42.1775743971986,-0.06640803897360738,0.0027987591276503227,2.103279258569581
-42.148133791895944,-0.06645283195842926,0.0027935566853543848,2.104350259000897
-42.1186931865933,-0.06652013561062452,0.0027417140564968113,2.1054227566724446
-42.089252581290644,-0.06654084994002268,0.0027066707583558065,2.1064967547260953
-42.059811975988,-0.06649414413741174,0.002755700414574708,2.107572256312515
-42.030371370685344,-0.06643489883597,0.0028720371935043454,2.1086492645911994
-42.00093076538269,-0.06639722494389544,0.002926778687894083,2.1097277827305017
-41.97149016008004,-0.06642118652265679,0.0028536679360857205,2.110807813907665
-41.942049554777384,-0.06641044708065487,0.0028142700945559674,2.111889361308854
-41.91260894947474,-0.06636731442686646,0.0028359256137928768,2.1129724281291837
-41.88316834417209,-0.06630799955332448,0.0029384325742056413,2.1140570175727555
-41.85372773886944,-0.06627771859406423,0.0030596609458351403,2.1151431328526837
-41.824287133566784,-0.06626975200678598,0.0030292795322403396,2.1162307771911313
-41.79484652826413,-0.06623881516805522,0.002948355384324763,2.117319953819339
-41.76540592296148,-0.06611901004689984,0.003005981057587843,2.118410665977658
-41.73596531765883,-0.0659306613764306,0.003106814627004304,2.1195029169155837
-41.70652471235618,-0.06582375356717761,0.003068888456709767,2.120596709891787
-41.67708410705353,-0.06578653941439434,0.002996123732626859,2.121692048174145
-41.64764350175088,-0.0657568994661366,0.0030238245782964416,2.122788935039776
-41.618202896448224,-0.06569458500475221,0.0031041863374885546,2.123887373775071
-41.58876229114557,-0.06552127108615081,0.0031766245796959343,2.124987367675727
-41.55932168584292,-0.06541328072668602,0.0032267737006983236,2.1260889200467794
-41.52988108054027,-0.06535976592842112,0.003238367766521565,2.1271920342026345
-41.50044047523762,-0.06521652603796964,0.003182415711675981,2.128296713467105
-41.47099986993497,-0.06509478754224869,0.0031912983024967863,2.1294029611734415
-41.44155926463232,-0.06495759602594232,0.0031855150260102555,2.1305107806643666
-41.412118659329664,-0.06470845483987438,0.0032609164909073243,2.1316201752921087
-41.38267805402701,-0.0644391783023159,0.0033133173449479965,2.132731148418435
-41.35323744872436,-0.064285076856591,0.0031734533392997703,2.1338437034146867
-41.32379684342171,-0.06414288641835442,0.0030901124696613557,2.134957843661811
-41.294356238119065,-0.06402643099981525,0.0030906609464856644,2.1360735725503996
-41.26491563281641,-0.06386259470324777,0.003153897422708894,2.1371908934807182
-41.23547502751376,-0.06361634445178461,0.003227736695748306,2.138309809862743
-41.206034422211104,-0.06338382563197568,0.003220888091986924,2.1394303251161975
-41.17659381690845,-0.06324541458830524,0.00318343049595308,2.1405524426705833
-41.147153211605804,-0.06303210178265285,0.003256291521554478,2.1416761659652175
-41.11771260630315,-0.06274924530020284,0.003349940449711006,2.1428014984492694
-41.088272001000504,-0.06251176202416996,0.003307562558093467,2.1439284435817907
-41.05883139569785,-0.06233350543211358,0.003320872356653107,2.1450570048317577
-41.0293907903952,-0.062232984063607576,0.003367101705845765,2.1461871856781007
-40.999950185092544,-0.06205217412824521,0.0033709822627049635,2.1473189896097438
-40.97050957978989,-0.061747459118576146,0.0033767522801248476,2.148452420125638
-40.941068974487244,-0.06140994898657326,0.003395319428990724,2.1495874807348003
-40.91162836918459,-0.061110585132391815,0.003376682598480191,2.150724174956347
-40.882187763881944,-0.060823082704096275,0.0033168023405507094,2.151862506319532
-40.85274715857929,-0.060511623829008716,0.0033187508114232915,2.1530024783637827
-40.82330655327664,-0.06016125055454844,0.0033556364328781187,2.154144094638736
-40.793865947973984,-0.059884697348526146,0.003271108281843002,2.1552873587042765
-40.76442534267133,-0.059636456629652244,0.0031891674903359525,2.156432274130572
-40.734984737368684,-0.05940537428882214,0.0031800269526854053,2.157578844498112
-40.70554413206604,-0.05917099413720287,0.0032015334229776077,2.158727073397744
-40.676103526763384,-0.0588473268146766,0.0031690206181239355,2.159876964430713
-40.64666292146073,-0.05858970788109782,0.003173579456627678,2.161028521208696
-40.61722231615808,-0.05840271830408,0.003170189746442782,2.1621817473538414
-40.587781710855424,-0.05822355257323066,0.003150503585120309,2.163336646498807
-40.55834110555278,-0.05796556820171811,0.003118927324235492,2.1644932222867994
-40.528900500250124,-0.05767328849921519,0.0030717613065179626,2.1656514783716103
-40.49945989494748,-0.05735558336656382,0.003050580968650986,2.166811418417655
-40.470019289644824,-0.05707487121273861,0.0029757640600990335,2.167973046100012
-40.44057868434217,-0.05684174358897026,0.002916244140268696,2.169136365104464
-40.41113807903952,-0.05665298497836236,0.0029620378711593424,2.1703013791275305
-40.381697473736864,-0.05631510944370403,0.0029185173349989255,2.1714680918765135
-40.35225686843422,-0.05600197508785645,0.0028989968639308614,2.1726365070695333
-40.32281626313157,-0.05576586136661573,0.002918539283754543,2.1738066284355697
-40.29337565782892,-0.055525750494270665,0.0029285432241102204,2.1749784597145005
-40.263935052526264,-0.05524033659191028,0.002900798390652245,2.1761520046571414
-40.23449444722361,-0.05498311936556232,0.0028295078769231463,2.177327267025287
-40.20505384192096,-0.05476863983847497,0.002867949214243172,2.1785042505917493
-40.17561323661831,-0.05459497805985684,0.0029481901976595192,2.1796829591404006
-40.14617263131566,-0.05439749405599834,0.0028641301631027517,2.1808633964662114
-40.11673202601301,-0.05411329765304712,0.002745978916081876,2.182045566375293
-40.08729142071036,-0.05393662853277172,0.0027594266136096476,2.1832294726849377
-40.057850815407704,-0.05373364784101478,0.002713070653085153,2.18441511922366
-40.02841021010505,-0.05356693127553694,0.002712447361668042,2.185602509831236
-39.9989696048024,-0.053334694734959304,0.002698629395196096,2.1867916483587497
-39.96952899949975,-0.053034812082834344,0.0025988680149941464,2.187982538668629
-39.9400883941971,-0.05278963158867273,0.002535337261469174,2.189175184634692
-39.91064778889445,-0.052625467239992396,0.002557563309943925,2.190369590142185
-39.8812071835918,-0.05248005870870558,0.002477990408563507,2.191565759087829
-39.851766578289144,-0.052239187670696734,0.002395947277909038,2.192763695379858
-39.82232597298649,-0.05192384722298552,0.0022890284291683088,2.1939634029380644
-39.79288536768384,-0.05166352431947826,0.0022752594888268223,2.1951648856938406
-39.76344476238119,-0.05145318516285869,0.0022465261580440535,2.1963681475902215
-39.734004157078544,-0.05126910782929776,0.0021180167524567995,2.1975731925819297
-39.70456355177589,-0.05115343524293036,0.0020399920931433784,2.1987800246354166
-39.67512294647324,-0.05103542687731116,0.002078413982989978,2.199988647728906
-39.645682341170584,-0.05093941503922911,0.0020904491683573184,2.201199065852439
-39.61624173586793,-0.05081936934068371,0.002110630616432804,2.202411283007918
-39.586801130565284,-0.05064541734936851,0.002161490013106675,2.203625303209149
-39.55736052526263,-0.050443759251868385,0.0021306048311963864,2.204841130481889
-39.527919919959984,-0.05029653273298738,0.0021559333503127034,2.206058768863886
-39.49847931465733,-0.050154223063078714,0.002246799089406837,2.2072782224049288
-39.46903870935468,-0.04995439559668217,0.0022272158559415796,2.208499495166888
-39.439598104052024,-0.049799236723995895,0.002086257986051645,2.209722591223763
-39.41015749874937,-0.049670033595883956,0.0019563114414428906,2.210947514661727
-39.380716893446724,-0.049525292752873235,0.0019333157436785644,2.212174269579171
-39.35127628814407,-0.04941876111544483,0.0019234174301869492,2.2134028600867532
-39.321835682841424,-0.0492555092353891,0.0020134375478882147,2.21463329030744
-39.29239507753877,-0.049136866524004674,0.0021139692638928826,2.215865564376557
-39.26295447223612,-0.04910332197681849,0.002135083334208786,2.217099686441831
-39.233513866933464,-0.04903371254469924,0.0020353689262161954,2.2183356606634397
-39.20407326163081,-0.048954804150630714,0.00199360429925403,2.219573491214057
-39.174632656328164,-0.04884312314859083,0.002021405335583668,2.2208131822788997
-39.14519205102552,-0.04869822044733151,0.0020432585677398253,2.222054738055776
-39.115751445722864,-0.04856164564622686,0.0020031087407251687,2.223298162755132
-39.08631084042021,-0.04846405284727714,0.0019210557430393686,2.2245434606000987
-39.05687023511756,-0.04840292687286524,0.0018471353843658633,2.2257906358265407
-39.027429629814904,-0.048308541602299256,0.0018668360510800583,2.227039692683105
-38.99798902451226,-0.04821250439103461,0.0019034968100427334,2.2282906354312666
-38.968548419209604,-0.04815055433180541,0.0019011043404722643,2.2295434683453803
-38.93910781390696,-0.04809324778640369,0.0018532511940765651,2.2307981957127265
-38.909667208604304,-0.048015174775726976,0.0018157653289380845,2.2320548218335614
-38.88022660330165,-0.04793278935475124,0.0018137013639340472,2.233313351021167
-38.850785997999,-0.04785090294447079,0.001849350403502281,2.2345737876018985
-38.821345392696344,-0.04776246249687691,0.001864310848912778,2.2358361359152354
-38.7919047873937,-0.047650100465087254,0.0018067463509652336,2.2371004003138295
-38.76246418209105,-0.047538411277429804,0.0017059719950555604,2.2383665851635586
-38.7330235767884,-0.047440930922827106,0.0016327999421176058,2.2396346948435726
-38.703582971485744,-0.04737323808120003,0.001602406945730008,2.240904733746346
-38.67414236618309,-0.047337041324955496,0.0015520275675163578,2.2421767062777285
-38.64470176088044,-0.047333492302049605,0.001446698669950797,2.243450616856996
-38.61526115557779,-0.047320526982670634,0.0013664772991058328,2.2447264699169005
-38.58582055027514,-0.04728136190923701,0.00136307554143156,2.2460042699037244
-38.55637994497249,-0.047207011835089886,0.0014391572934862578,2.2472840212773284
-38.52693933966984,-0.04716561485146031,0.0014822438520659153,2.2485657285112075
-38.497498734367184,-0.047191421961694034,0.0014542573853851743,2.249849396092539
-38.46805812906453,-0.04720437958211101,0.0014336715428247074,2.2511350285222376
-38.43861752376188,-0.04714474892394636,0.0014792132840333004,2.2524226303150074
-38.40917691845923,-0.047058981494477875,0.0015556336521681908,2.253712205999394
-38.37973631315658,-0.0470231525853628,0.0015643972744511987,2.255003760117839
-38.35029570785393,-0.047011818788657185,0.0015412709825793026,2.2562972972267312
-38.32085510255128,-0.046947184950051735,0.0015879860381697198,2.2575928218964636
-38.291414497248624,-0.04685336529684386,0.0016648641861074836,2.2588903387114825
-38.26197389194597,-0.04682260915102593,0.0016599355154236827,2.2601898522703463
-38.23253328664332,-0.04683364036538438,0.0016125254372665804,2.261491367185776
-38.20309268134067,-0.04682120172022262,0.0015819212413949303,2.262794888084713
-38.173652076038024,-0.0467754133146531,0.0015907100475379063,2.2641004196083716
-38.14421147073537,-0.046735759685986054,0.0016085451992994659,2.2654079664122952
-38.11477086543272,-0.04672519049952484,0.0016034624165303939,2.2667175331664113
-38.085330260130064,-0.046735721499484455,0.001572966583854261,2.2680291245550865
-38.05588965482741,-0.04669326263398116,0.001600088193490852,2.269342745277184
-38.026449049524764,-0.04665436575286394,0.0016064650555781088,2.2706584000461176
-37.99700844422211,-0.04663667297611795,0.001583031617399984,2.271976093589911
-37.967567838919464,-0.04662622983267453,0.001566561940797184,2.2732958306512496
-37.93812723361681,-0.04659715030433819,0.0015646637973772322,2.2746176159875438
-37.90868662831416,-0.0465482022047809,0.0015661939672943631,2.275941454370981
-37.879246023011504,-0.04650567622729051,0.0015527368369088058,2.2772673505885836
-37.84980541770885,-0.046494923035690174,0.0014981612972626446,2.278595309442271
-37.820364812406204,-0.04647570848092261,0.0014667725316527519,2.2799253357489118
-37.79092420710355,-0.04639701925199085,0.001523693600879649,2.281257434340386
-37.761483601800904,-0.04637533481585095,0.0015029829403411176,2.2825916100636414
-37.73204299649825,-0.046387537139754416,0.001432391477969658,2.2839278677807546
-37.7026023911956,-0.04637088096312184,0.001408497370862848,2.2852662123689873
-37.673161785892944,-0.046331374767089005,0.0014207185473664946,2.286606648720848
-37.64372118059029,-0.04632041030777107,0.0014126168552593145,2.2879491817441497
-37.614280575287644,-0.046328828003676,0.0013936998622970061,2.2892938163620706
-37.584839969985,-0.04632860976212183,0.0013978432147659986,2.2906405575132163
-37.555399364682344,-0.04629573590096898,0.0014422440834033618,2.2919894101516767
-37.52595875937969,-0.04626894465191609,0.001471613327874674,2.2933403792470886
-37.49651815407704,-0.04627695413496547,0.0014506724255647226,2.294693469784697
-37.467077548774384,-0.04629183671605439,0.00141944650128752,2.296048686765415
-37.43763694347174,-0.04626784311990025,0.0014405745754355083,2.297406035205888
-37.408196338169084,-0.0462171723888223,0.0015004493887082057,2.298765520138553
-37.37875573286644,-0.04619502991641977,0.00151386158296075,2.3001271466117017
-37.349315127563784,-0.046221357288846264,0.00145543896466495,2.3014909196895434
-37.31987452226113,-0.04622196577530611,0.0014277042000312861,2.3028568444522675
-37.29043391695848,-0.04618221649075315,0.0014403599840310255,2.304224925996106
-37.260993311655824,-0.04616631448220706,0.0014157615322595118,2.305595169433398
-37.23155270635318,-0.046125225794770935,0.0014326304472993682,2.306967579892652
-37.20211210105053,-0.04606958423794736,0.0014689842292387007,2.308342162518612
-37.17267149574788,-0.04603185252836131,0.0014808116004455527,2.3097189224723196
-37.143230890445224,-0.04602177150615014,0.0014570110841629028,2.3110978649311793
-37.11379028514257,-0.04600851608541612,0.0014300348037525263,2.3124789950890237
-37.08434967983992,-0.04595597909493978,0.001453638952164572,2.313862318156179
-37.05490907453727,-0.045920888877782014,0.0014660412732622192,2.3152478393595297
-37.02546846923462,-0.04592190479507877,0.0014429347755203056,2.316635563942585
-36.99602786393197,-0.04594525414997399,0.0013962633031923395,2.318025497165544
-36.96658725862932,-0.045955493377706685,0.0013747324672900825,2.3194176443053642
-36.937146653326664,-0.045942781585286696,0.0013854806262363702,2.320812010655827
-36.90770604802401,-0.04591711276726653,0.0014089418642704804,2.3222086015276027
-36.87826544272136,-0.04589078012691641,0.0014363464623926715,2.323607422248323
-36.84882483741871,-0.045860141128170245,0.0014744971293912236,2.3250084781626428
-36.81938423211606,-0.045827732374757645,0.0015114530184570923,2.326411774632314
-36.78994362681341,-0.04580844298184086,0.0015303509497149037,2.327817317036249
-36.76050302151076,-0.045810621909979775,0.0015322068131030213,2.3292251107705937
-36.731062416208104,-0.045829750680253495,0.0015167448261014834,2.330635161248792
-36.70162181090545,-0.045851853131741525,0.0014893723845652977,2.3320474739016595
-36.6721812056028,-0.04586574923532686,0.0014589645081905741,2.3334620541774505
-36.64274060030015,-0.04586894135949065,0.0014378889065004906,2.3348789075419285
-36.613299994997504,-0.045866978942748014,0.0014248354335535676,2.336298039478438
-36.58385938969485,-0.045877729516121374,0.0013934971543929473,2.3377194554879743
-36.5544187843922,-0.045909547981391075,0.001342392192451188,2.3391431610892535
-36.524978179089544,-0.04590974639882315,0.0013371866509123615,2.3405691618187854
-36.49553757378689,-0.0459033229558779,0.0013335066917736986,2.341997463230945
-36.466096968484244,-0.04589323998119888,0.001330871093799096,2.3434280708980433
-36.43665636318159,-0.04584854715947117,0.0013729143577779152,2.344860990410403
-36.407215757878944,-0.04579516323791976,0.0014138768210212515,2.3462962273764276
-36.37777515257629,-0.04577633225508391,0.0014146156360684864,2.347733787422677
-36.34833454727364,-0.045760643032323266,0.0014192211086897003,2.349173676193939
-36.318893941970984,-0.045724635865183265,0.0014554965245974776,2.350615899353306
-36.28945333666833,-0.045720868180241465,0.0014501055282470086,2.352060462582246
-36.260012731365684,-0.04571921438437176,0.0014410860570151578,2.35350737158068
-36.23057212606303,-0.04570107850191411,0.0014557331363689867,2.354956632067055
-36.201131520760384,-0.04566321865269507,0.001484034686648766,2.3564082497784216
-36.17169091545773,-0.04563103823551066,0.0015074586478123256,2.357862230470506
-36.14225031015508,-0.04561879857514429,0.0015168473101446185,2.3593185799177903
-36.112809704852424,-0.04561758302186158,0.001518271913310913,2.360777303913586
-36.08336909954977,-0.04561386659912212,0.0015255829361852762,2.362238408270111
-36.053928494247124,-0.04559528256514913,0.0015535141541024465,2.3637018988185696
-36.02448788894448,-0.04560612341108025,0.0015421497498130227,2.3651677814092262
-35.995047283641824,-0.04562617031018997,0.001515003992000589,2.366636061911487
-35.96560667833917,-0.04563725099728025,0.0014929148054115351,2.3681067462139733
-35.93616607303652,-0.045656586749654386,0.0014640746857085437,2.369579840224607
-35.906725467733864,-0.04568528779969216,0.0014393042292767065,2.3710553498706837
-35.87728486243122,-0.045701125559339716,0.0014307256013337355,2.3725332810989546
-35.847844257128564,-0.045694300128288255,0.0014492465388515517,2.374013639875708
-35.81840365182592,-0.04566036814814226,0.0015033794186346246,2.3754964321868464
-35.788963046523264,-0.04560792322208432,0.0015761102574221566,2.3769816640379693
-35.75952244122061,-0.0456129232756885,0.001567297598950544,2.378469341454454
-35.73008183591796,-0.04565240169590518,0.0015103677783690676,2.3799594704815354
-35.700641230615304,-0.04567720488529158,0.0014774173347852357,2.3814520571843913
-35.67120062531266,-0.045675749549539034,0.0014862268277368708,2.382947107648221
-35.64176002001001,-0.04565670598611774,0.0015106029038068124,2.3844446279783305
-35.61231941470736,-0.04563615284218708,0.0015213620526328875,2.385944624300215
-35.582878809404704,-0.04562652525200545,0.0015122157053780853,2.387447102759641
-35.55343820410205,-0.04562603616720714,0.001501627494373114,2.388952069522732
-35.5239975987994,-0.045637275156677336,0.0014852923520871884,2.3904595307760537
-35.49455699349675,-0.04563339792890623,0.0014834253761409097,2.3919694927266937
-35.4651163881941,-0.04559856092230741,0.0015205383041940162,2.393481961602355
-35.43567578289145,-0.04556958278920655,0.0015506425548088242,2.394996943651433
-35.4062351775888,-0.04556055754567271,0.0015519390757568008,2.396514445143108
-35.376794572286144,-0.04556630830658046,0.0015335282645171577,2.3980344723674283
-35.34735396698349,-0.04557681266762986,0.0015048087442425847,2.399557031635397
-35.31791336168084,-0.045587322161651476,0.0014733739526673094,2.4010821292790627
-35.28847275637819,-0.045556330942667984,0.0015008893985348202,2.4026097716516017
-35.25903215107554,-0.04553892153864871,0.001517262716676855,2.4041399651274125
-35.22959154577289,-0.04554955883225687,0.0014908781585487975,2.4056727161021993
-35.20015094047024,-0.04555553618054895,0.0014641617845965753,2.407208030993065
-35.170710335167584,-0.04555186430821629,0.0014585221465184882,2.4087459162385967
-35.14126972986493,-0.04554130592075353,0.001451755370427068,2.41028637829896
-35.11182912456228,-0.045529092069505527,0.0014371359675165714,2.411829423655986
-35.08238851925963,-0.04550233193362065,0.001435446744276473,2.413375058813264
-35.052947913956984,-0.045485333757673774,0.0014305905280402478,2.414923290296233
-35.02350730865433,-0.04548974732592171,0.00141304596160641,2.4164741246522734
-34.99406670335168,-0.04548458992305974,0.0014091762036252445,2.418027568450797
-34.964626098049024,-0.04549608709593724,0.0013752084737796513,2.4195836282833434
-34.93518549274637,-0.04551916579708403,0.0013288495838862172,2.4211423107636714
-34.905744887443724,-0.04554180051981646,0.0012844341004046458,2.422703622527851
-34.87630428214107,-0.045541927912707635,0.0012776264968559752,2.424267570234362
-34.846863676838424,-0.04549998149953197,0.0013290681893409985,2.425834160564184
-34.81742307153577,-0.04545699422721886,0.0013809848245862717,2.4274034002208955
-34.78798246623312,-0.04544800318387337,0.0013831645289919096,2.4289752959307656
-34.758541860930464,-0.04550253076509956,0.0013062688617831888,2.4305498544428534
-34.72910125562781,-0.045497756547031344,0.0013166397806196222,2.432127082529102
-34.699660650325164,-0.0454302167113446,0.001414169119606464,2.4337069869844385
-34.67022004502251,-0.045382319380719925,0.001480503186308199,2.4352895746268692
-34.640779439719864,-0.045394368315806226,0.0014727502672201073,2.436874852297578
-34.61133883441721,-0.04543269653629913,0.0014290997417231264,2.4384628268610262
-34.58189822911456,-0.04544604415355702,0.0014151642087144758,2.4400535052050505
-34.552457623811904,-0.04540783554307313,0.0014597508350304943,2.441646894240962
-34.52301701850925,-0.04534816380625447,0.0015311318832515598,2.4432430009036485
-34.493576413206604,-0.045347215378875226,0.0015357584999402235,2.4448418321516727
-34.46413580790396,-0.045373334042948195,0.0015071206642031075,2.4464433949673756
-34.434695202601304,-0.04539505397400396,0.0014875080947171853,2.4480476963569764
-34.40525459729865,-0.045398711860700776,0.0014904978354892385,2.449654743350674
-34.375813991996,-0.04539698440234551,0.0014907380633780675,2.451264543002753
-34.346373386693344,-0.045411262798385116,0.0014682085599093079,2.4528771023916836
-34.3169327813907,-0.04542208035817519,0.0014486996957984873,2.454492428620226
-34.287492176088044,-0.045369334614469105,0.0015116368570676699,2.456110528815537
-34.2580515707854,-0.045335862219639166,0.0015488537666838776,2.457731410129271
-34.228610965482744,-0.04534202369538281,0.001535706837897231,2.4593550797376893
-34.19917036018009,-0.04535480658951935,0.0015204253838070406,2.4609815448417636
-34.16972975487744,-0.04536928660034991,0.00149810483527153,2.462610812667282
-34.140289149574784,-0.0453900350529721,0.0014628130921747258,2.4642428904649587
-34.11084854427214,-0.04540994508133678,0.0014251237161764844,2.4658777855105374
-34.081407938969484,-0.045416114717684135,0.0014085352582529499,2.467515505104905
-34.05196733366684,-0.04541192714330381,0.0014149293822427963,2.4691560565741946
-34.022526728364184,-0.045430019610150925,0.0013923616153201609,2.470799447269899
-33.99308612306153,-0.04540093918363447,0.0014262969861880686,2.4724456845689775
-33.96364551775888,-0.04537116621476419,0.0014584475514136587,2.474094775873968
-33.93420491245623,-0.04538526181432123,0.0014434947900541445,2.4757467286130987
-33.90476430715358,-0.045416026037438474,0.001408208730988305,2.4774015502403968
-33.87532370185093,-0.045425691403065106,0.0013861151591649168,2.4790592482358025
-33.84588309654828,-0.04542571654850094,0.0013689441479461586,2.4807198301052833
-33.816442491245624,-0.045456203646007665,0.0013128051115313232,2.482383303380943
-33.78700188594297,-0.045477039526813444,0.0012820241496552297,2.4840496756211405
-33.75756128064032,-0.0454289145308143,0.0013532052322545486,2.4857189544105993
-33.72812067533767,-0.045393573688185064,0.0014091919825022436,2.4873911473605266
-33.69868007003502,-0.04538656599110195,0.0014172105571127324,2.4890662621087283
-33.66923946473237,-0.04539778025309538,0.001404418727377542,2.4907443063197223
-33.63979885942972,-0.0454130665797152,0.0013856577280061725,2.49242528768486
-33.610358254127064,-0.04542781024611608,0.0013665658828882913,2.4941092139224397
-33.58091764882441,-0.045429540142934675,0.001356343066658639,2.495796092777826
-33.55147704352176,-0.04539907726787693,0.0013852732681325362,2.4974859320235714
-33.52203643821911,-0.045355144051404395,0.0014312375058201105,2.4991787394595306
-33.492595832916464,-0.045339998221523424,0.0014448643624290613,2.500874522912985
-33.46315522761381,-0.04535171623432525,0.0014274691709949712,2.5025732902387605
-33.43371462231116,-0.04536345692712196,0.0014070716752602281,2.50427504931935
-33.404274017008504,-0.04535959619972892,0.001390594214013313,2.505979808065036
-33.37483341170585,-0.04535415183849565,0.0013792338784202488,2.507687574414011
-33.345392806403204,-0.04534967436287296,0.0013714050564264527,2.5093983563325017
-33.31595220110055,-0.04533529691387097,0.0013805374330704257,2.511112161814895
-33.286511595797904,-0.04532651774263711,0.001386910718141783,2.512828998883859
-33.25707099049525,-0.045295908497888664,0.0014229703042342413,2.514548875590471
-33.2276303851926,-0.04524760926593962,0.0014822532987922698,2.5162718000143407
-33.198189779889944,-0.04522327032256512,0.0015084807532109285,2.51799778026374
-33.16874917458729,-0.04521333459110261,0.0015164252437343923,2.519726824475728
-33.139308569284644,-0.04522966328674216,0.0014940719698215302,2.5214589408162773
-33.10986796398199,-0.0452583516530341,0.0014548325053695928,2.523194137480408
-33.080427358679344,-0.04526945830622787,0.0014390346222474897,2.5249324226923107
-33.05098675337669,-0.04528981542267124,0.0014099240013154834,2.52667380470548
-33.02154614807404,-0.04534662930074668,0.0013322686472940738,2.5284182918028457
-32.992105542771384,-0.04534723911002989,0.001328095840892432,2.530165892296901
-32.96266493746873,-0.04534648889220996,0.001326446892960793,2.5319166145298366
-32.933224332166084,-0.04535492535662997,0.0013136912799818592,2.5336704668736734
-32.90378372686344,-0.04536307471843681,0.00130453323984827,2.5354274577303966
-32.874343121560784,-0.045365913386162325,0.0013029597766847285,2.537187595532088
-32.84490251625813,-0.04537130692422431,0.0012958548112543676,2.5389508887410623
-32.81546191095548,-0.04538532950823149,0.0012730593910818169,2.5407173458500014
-32.786021305652824,-0.045389111484879396,0.00126231884802382,2.542486975382093
-32.75658070035018,-0.04537267267058188,0.001279247313750465,2.544259785891165
-32.727140095047524,-0.045343276563208836,0.001310177965225054,2.5460357859618252
-32.69769948974488,-0.045309447741974956,0.001342606886898808,2.5478149842096
-32.668258884442224,-0.045300041343062876,0.0013408350135740833,2.5495973892810717
-32.63881827913957,-0.04530239318214314,0.001327851044500175,2.551383009854021
-32.60937767383692,-0.04529181611003264,0.0013350073112785895,2.553171854637566
-32.579937068534264,-0.04525803163127054,0.0013682274610989592,2.554963932372305
-32.55049646323162,-0.0452117908566102,0.0014207585091233228,2.5567592518304574
-32.521055857928964,-0.04521451287144853,0.0014215089108233331,2.5585578218160094
-32.49161525262632,-0.045277746421403926,0.0013514728435795283,2.560359651164855
-32.462174647323664,-0.04527101906385198,0.0013628141317620069,2.5621647487449426
-32.43273404202101,-0.0452191610997151,0.0014244432361412694,2.56397312345642
-32.40329343671836,-0.04520459816558476,0.0014490778892337175,2.56578478423178
-32.373852831415704,-0.045227311125758674,0.0014320581228260975,2.5675997400360084
-32.34441222611306,-0.04525198910290242,0.0014129867059076177,2.569417999866731
-32.31497162081041,-0.04528607472772606,0.0013777568575989241,2.5712395727543633
-32.28553101550776,-0.045363859591679184,0.0012826325689868194,2.5730644677622605
-32.256090410205104,-0.045384300308633274,0.0012703580995870585,2.574892693986865
-32.22664980490245,-0.04531697807247718,0.0013697965912188774,2.5767242605578606
-32.1972091995998,-0.045293422396555566,0.0014001458829503734,2.5785591766383225
-32.16776859429715,-0.04531202670972329,0.001368954043924448,2.580397451424871
-32.1383279889945,-0.045298734524219696,0.0013778297015331277,2.5822390941478255
-32.10888738369185,-0.04524046760893064,0.0014484740402529394,2.5840841140713575
-32.0794467783892,-0.04518909057634301,0.0015166011654839638,2.5859325204936487
-32.050006173086544,-0.04516835489321123,0.0015458445989126393,2.5877843227470434
-32.02056556778389,-0.04518440960158757,0.0015210460152967722,2.589639530198209
-31.99112496248124,-0.045218295956005045,0.0014701743653373614,2.5914981522482905
-31.96168435717859,-0.04524096885672199,0.001432879664763113,2.5933601983330745
-31.93224375187594,-0.04522505418596734,0.0014405282652629734,2.595225677923143
-31.902803146573287,-0.04519891433558651,0.0014553314194844932,2.597094600524038
-31.873362541270637,-0.04521109482075211,0.00142321913474424,2.5989669756764204
-31.843921935967984,-0.04525210229447477,0.0013548450391761963,2.6008428129562358
-31.814481330665334,-0.045265596540906484,0.001327989152509186,2.6027221219748724
-31.785040725362684,-0.04527052555945322,0.0013199840491322794,2.6046049123793305
-31.75560012006003,-0.04528220184646702,0.0012951819039901788,2.606491193852385
-31.72615951475738,-0.045282517879090926,0.0012856738299432346,2.608380976112751
-31.696718909454727,-0.04526319704175402,0.0013123773652877638,2.6102742689152523
-31.667278304152077,-0.04523871698175728,0.0013543532954428013,2.612171082050987
-31.637837698849427,-0.04522061435230471,0.0013772899697794866,2.6140714253474995
-31.608397093546774,-0.04521312450784754,0.0013807257899273485,2.6159753086689466
-31.578956488244124,-0.045210254627155964,0.0013836572107441293,2.617882741916271
-31.54951588294147,-0.04521278854934416,0.0013898676436286182,2.619793735027372
-31.52007527763882,-0.04523448207126401,0.0013725990473286828,2.621708297977277
-31.49063467233617,-0.0452548101954531,0.0013519378762814642,2.623626440778317
-31.461194067033517,-0.0452742524293677,0.0013302993450657148,2.6255481734803
-31.431753461730867,-0.045284119589157755,0.0013204229926576433,2.6274735061706855
-31.402312856428214,-0.04529070241009658,0.0013166905909037087,2.6294024489747647
-31.372872251125564,-0.04529841093712871,0.0013087224425284406,2.6313350120558323
-31.343431645822914,-0.04529688090556495,0.001309327847115321,2.63327120561537
-31.31399104052026,-0.04527516474187873,0.0013367167357402206,2.6352110398932256
-31.28455043521761,-0.04526394076532119,0.001353908113783402,2.6371545251677886
-31.255109829914957,-0.04526076243874175,0.0013692435078147909,2.6391016717561784
-31.225669224612307,-0.04525243908476683,0.0013925850183217515,2.641052490014421
-31.196228619309657,-0.04523654650083728,0.0014209398188340168,2.643006990337638
-31.166788014007004,-0.045249117712685895,0.001424796644987364,2.6449651831602266
-31.137347408704354,-0.0452791250478611,0.0014177967523003943,2.6469270789560477
-31.1079068034017,-0.045299624727999054,0.0014138279797475362,2.648892688238613
-31.07846619809905,-0.045310277309835716,0.0014257709833963466,2.65086202156127
-31.0490255927964,-0.04531825174424587,0.0014463607928958105,2.6528350895173953
-31.019584987493747,-0.04533939299506684,0.0014456357550172863,2.654811902740581
-30.990144382191097,-0.0453999347889092,0.0013892150444473007,2.6567924719048253
-30.960703776888444,-0.045462971240231555,0.0013317901680711885,2.658776807724729
-30.931263171585794,-0.045463956260119086,0.001359271999366451,2.6607649209556827
-30.901822566283144,-0.0454654310153092,0.0013934665572815795,2.6627568223940674
-30.87238196098049,-0.045472962012454765,0.0014022940102303594,2.664752522877445
-30.84294135567784,-0.045467029160744715,0.0014159240153341732,2.666752033284756
-30.813500750375187,-0.045457090106843616,0.0014450637424994642,2.6687553645365196
-30.784060145072537,-0.04547558793619324,0.0014437727094654546,2.6707625275950297
-30.754619539769887,-0.045493424408104714,0.0014298909425569984,2.672773533464556
-30.725178934467234,-0.045474377031548385,0.001452226804223014,2.674788393191545
-30.695738329164584,-0.045465165737412466,0.0014583172651970464,2.6768071178648225
-30.66629772386193,-0.045489567537442856,0.00141163432442814,2.6788297186157966
-30.63685711855928,-0.045500959933414194,0.001375360516610222,2.680856206618662
-30.60741651325663,-0.045473354341350504,0.001384613002318368,2.682886593090607
-30.577975907953977,-0.04543738760490771,0.0014113464442392534,2.6849208892920204
-30.548535302651327,-0.04542223025601542,0.001420337567874048,2.6869591065266962
-30.519094697348677,-0.04537406406645561,0.0014700188573994865,2.689001256142049
-30.489654092046024,-0.04535761673668199,0.001461270518005367,2.69104734952932
-30.460213486743374,-0.04539295608118409,0.0013787130055400109,2.693097398123789
-30.43077288144072,-0.04541457999286299,0.0013254902291080382,2.6951514134049903
-30.40133227613807,-0.04541418798428134,0.0013137803445933494,2.6972094068969246
-30.37189167083542,-0.04540276017814543,0.001326019600151267,2.6992713901682754
-30.342451065532767,-0.04539413478140325,0.001334735465089492,2.701337374832625
-30.313010460230117,-0.04539379387805794,0.0013352475652768888,2.7034073725486736
-30.283569854927464,-0.045373443645655154,0.0013613473190360714,2.7054813950204584
-30.254129249624814,-0.04537398497116111,0.0013644490993403578,2.7075594539975723
-30.224688644322164,-0.04542646948976062,0.0013023151446368566,2.7096415612753892
-30.19524803901951,-0.045462211231758955,0.001273024613907928,2.7117277286952843
-30.16580743371686,-0.04548159702902599,0.001267666040300425,2.71381796814486
-30.136366828414207,-0.04550720101829211,0.0012513700708718712,2.7159122915581717
-30.106926223111557,-0.04553120666955073,0.0012337895577147738,2.718010710915953
-30.077485617808907,-0.04554078993320687,0.0012404389702611856,2.720113238245847
-30.048045012506254,-0.04555449775214735,0.00124242681326686,2.722219885622635
-30.018604407203604,-0.04558268336043336,0.0012172403098690244,2.7243306651684662
-29.98916380190095,-0.04556672025081538,0.001255584381561934,2.7264455890530934
-29.9597231965983,-0.04554292771397069,0.001315011897705018,2.7285646694941024
-29.93028259129565,-0.04555428688825227,0.0013226170809716132,2.7306879187571513
-29.900841985992997,-0.045579157946274006,0.0013105874379956042,2.732815349156206
-29.871401380690347,-0.045598594823275884,0.0013074771296995426,2.7349469730537774
-29.841960775387694,-0.04560696929894764,0.0013114080569875388,2.737082802861161
-29.812520170085044,-0.04561315551541115,0.0013194816407414763,2.739222851038679
-29.783079564782394,-0.04561146484024229,0.0013337757819707925,2.74136713009592
-29.75363895947974,-0.04559991371068072,0.0013464001259372272,2.7435156525919875
-29.72419835417709,-0.04559694185185965,0.0013460208686625534,2.7456684311357393
-29.694757748874437,-0.045599556141327,0.0013388044632659003,2.7478254783860385
-29.665317143571787,-0.045595309224693015,0.0013485420358252417,2.7499868070519993
-29.635876538269137,-0.04557126238628762,0.0013813760088974495,2.752152429893238
-29.606435932966484,-0.0455401518162148,0.0014118627274352067,2.754322359720123
-29.576995327663834,-0.04553505748292903,0.0014173341405781426,2.7564966093940284
-29.54755472236118,-0.045555771871338836,0.0013960079900724894,2.7586751918275874
-29.51811411705853,-0.04556187920582828,0.0013987141075580676,2.7608581199849476
-29.48867351175588,-0.04558246816482766,0.0013749496128145924,2.7630454068820294
-29.459232906453227,-0.04562118750037011,0.001323554215577137,2.7652370655867835
-29.429792301150577,-0.04564264440428161,0.001293197335869555,2.7674331092194517
-29.400351695847924,-0.04564881637614287,0.0012964761180999913,2.769633550952829
-29.370911090545274,-0.04565679683726592,0.0013072191347002135,2.771838404012526
-29.341470485242624,-0.045668911502179804,0.0013057157743180878,2.774047681677234
-29.31202987993997,-0.04567970643345465,0.0013087299158558495,2.7762613972789945
-29.28258927463732,-0.04568870124973325,0.0013284124294355192,2.778479564203462
-29.253148669334667,-0.045707274698502935,0.0013339953176382236,2.7807021958901785
-29.223708064032017,-0.04573764595658215,0.001309787307404099,2.782929305832842
-29.194267458729367,-0.04578487059335779,0.0012658832592944318,2.785160907579582
-29.164826853426714,-0.04581603274419053,0.0012471044983006579,2.787397014733232
-29.135386248124064,-0.04580693107588226,0.0012875360928465017,2.7896376409516073
-29.10594564282141,-0.04578234161564152,0.0013517390373038543,2.7918827999477824
-29.07650503751876,-0.045783762118982115,0.001380813698017526,2.794132505490371
-29.04706443221611,-0.04581276666588258,0.0013655609560731061,2.7963867714038075
-29.017623826913457,-0.04583035122883252,0.0013645985952628933,2.79864561156863
-28.988183221610807,-0.04583025844451225,0.001388610728085303,2.8009090399217653
-28.958742616308157,-0.04582538043955353,0.0014067366940996352,2.8031770704568157
-28.929302011005504,-0.045819618074958414,0.001412919937290484,2.8054497172243473
-28.899861405702854,-0.04582212320929202,0.0014001023760223058,2.8077269943321794
-28.8704208004002,-0.04581891613657996,0.0013897207699420917,2.810008915945678
-28.84098019509755,-0.045816539763225,0.0013845480888280985,2.812295496288047
-28.8115395897949,-0.0458383547068707,0.0013525547803995212,2.8145867496406276
-28.782098984492247,-0.04587764945261924,0.0013028765714741747,2.816882690343192
-28.752658379189597,-0.045912622854238444,0.0012650509242878626,2.819183332794244
-28.723217773886944,-0.04590529506582742,0.0012773378417535956,2.8214886914513193
-28.693777168584294,-0.04589846907599993,0.0012832253331498621,2.8237987808312903
-28.664336563281644,-0.04591454813172515,0.0012663778620006572,2.8261136155106685
-28.63489595797899,-0.04593349317209209,0.0012548387577259758,2.828433210125912
-28.60545535267634,-0.045938287083634934,0.0012651613580118204,2.8307575793737345
-28.576014747373687,-0.04594140108749337,0.001284781500478918,2.833086738011415
-28.546574142071037,-0.045965938635922264,0.0012889864597724415,2.8354207008571093
-28.517133536768387,-0.04600058260533982,0.0012829505211933868,2.8377594827901667
-28.487692931465734,-0.0460303939076385,0.001278947035509538,2.840103098751445
-28.458252326163084,-0.046068312215201995,0.0012606674063084398,2.8424515637436265
-28.42881172086043,-0.04609782725879923,0.0012449572241045649,2.844804892831542
-28.39937111555778,-0.04610895393766506,0.0012482288308274412,2.8471631011424896
-28.36993051025513,-0.046114627473948656,0.0012591835225573644,2.8495262038665605
-28.340489904952477,-0.04612511395339178,0.0012673874533055836,2.8518942162569663
-28.311049299649827,-0.0461322610471305,0.0012772243519040033,2.854267153630363
-28.281608694347174,-0.04612986840819051,0.001294118031349046,2.856645031367187
-28.252168089044524,-0.04610671728448345,0.0013302502031381218,2.8590278649119814
-28.222727483741874,-0.04608392484324885,0.0013632040823371367,2.8614156697737356
-28.19328687843922,-0.04609744238143245,0.001361303521766853,2.8638084615262187
-28.16384627313657,-0.04609071652602071,0.0013871124838615572,2.8662062558083186
-28.134405667833917,-0.04608883929560175,0.0013939637618108499,2.868609068324384
-28.104965062531267,-0.04611136659975795,0.001362382659527199,2.8710169148445654
-28.075524457228617,-0.04612851578431937,0.0013500992145094916,2.873429811205161
-28.046083851925964,-0.0460991291306568,0.0014066989464190925,2.8758477733089647
-28.016643246623314,-0.046112369502683936,0.001410964934907469,2.8782708171256135
-27.98720264132066,-0.046126387227958476,0.0014231614519384771,2.880698958691941
-27.95776203601801,-0.04608721557952703,0.0015047181356564352,2.8831322141123303
-27.928321430715357,-0.04611074429436148,0.0014953315382991328,2.8855705995590704
-27.89888082541271,-0.046170175111796885,0.001449920690398194,2.8880141312727132
-27.869440220110057,-0.046211864221607994,0.0014232447989168046,2.8904628255624365
-27.839999614807404,-0.04623861499773694,0.0014094837644384865,2.892916698806405
-27.810559009504757,-0.04628201083924285,0.0013743896818717368,2.8953757674521343
-27.781118404202104,-0.04630501736583264,0.0013618037227423009,2.8978400480168633
-27.75167779889945,-0.04630089992522222,0.0013803667845316988,2.9003095570879185
-27.722237193596797,-0.04631195568691546,0.0013873565949237652,2.902784311323088
-27.69279658829415,-0.046325914777777234,0.0013890164944474596,2.905264327450997
-27.663355982991497,-0.04634093865137881,0.0013822603871318623,2.907749622271485
-27.633915377688844,-0.046361524470775906,0.0013616497622073122,2.910240212655984
-27.604474772386197,-0.04638531930541199,0.0013384706841568506,2.9127361155478986
-27.575034167083544,-0.04639743771014504,0.0013216131044194192,2.9152373479629956
-27.54559356178089,-0.04639900751825882,0.0013162418416230838,2.9177439269897847
-27.516152956478244,-0.046392054658899874,0.0013246245768289702,2.920255869789911
-27.48671235117559,-0.04640132494286723,0.001312033800971671,2.922773193598546
-27.457271745872937,-0.04638812146547055,0.0013285827882886872,2.9252959157247824
-27.427831140570284,-0.04638433070920961,0.0013411644601379602,2.927824053552029
-27.398390535267637,-0.04639496976205645,0.0013412813115937791,2.9303576245384106
-27.368949929964984,-0.04639955500139608,0.0013340981254241675,2.932896646217173
-27.33950932466233,-0.046408359000468635,0.001321589875381246,2.9354411361970825
-27.310068719359684,-0.04644647119104126,0.0012776390011212941,2.9379911121628353
-27.28062811405703,-0.04649570023942976,0.0012184736163201942,2.940546591875469
-27.251187508754377,-0.046479569061286384,0.00124286956811439,2.9431075931727717
-27.22174690345173,-0.04640262866865861,0.001358779626733583,2.945674133969698
-27.192306298149077,-0.04637971184858567,0.0014290203975209415,2.9482462322587897
-27.162865692846424,-0.0464243551755407,0.001416988988799789,2.950823906110591
-27.13342508754377,-0.04648135825264734,0.001371308613022434,2.9534071736740772
-27.103984482241124,-0.0465143704083111,0.0013582826003198944,2.9559960531770746
-27.07454387693847,-0.0465278915894945,0.0013677316474918356,2.9585905629266964
-27.045103271635817,-0.04656775851087818,0.0013369785558290295,2.9611907213097672
-27.01566266633317,-0.04660569275911067,0.0013106677257821741,2.963796546793262
-26.986222061030517,-0.04660964830942837,0.001334071058148569,2.966408057924743
-26.956781455727864,-0.04664286220698616,0.001319787035772979,2.9690252733327966
-26.927340850425217,-0.04667029520993931,0.0013158271970407592,2.9716482117274783
-26.897900245122564,-0.04668558425997018,0.0013379948803127124,2.974276891900761
-26.86845963981991,-0.04669633133834956,0.0013592659803250836,2.9769113327269796
-26.839019034517257,-0.046715919561031015,0.0013568350153586816,2.979551553163284
-26.80957842921461,-0.046747228463309115,0.0013359950220657832,2.982197572250095
-26.780137823911957,-0.04678072365885844,0.001317821606169132,2.9848494091115625
-26.750697218609304,-0.04676955591994462,0.0013529705656362189,2.9875070829560237
-26.721256613306657,-0.04675423307314331,0.0013797886576632369,2.990170613076468
-26.691816008004004,-0.046758891009312964,0.001377980030954908,2.992840018851006
-26.66237540270135,-0.04679663934646767,0.0013505947075471373,2.995515319743335
-26.632934797398704,-0.04682938412659423,0.0013355499585428268,2.998196535303216
-26.60349419209605,-0.04682791336644504,0.0013584399960753898,3.00088368516695
-26.574053586793397,-0.04681689786325551,0.0013956406833135634,3.003576789057853
-26.544612981490744,-0.04684308663686281,0.0013841381756852778,3.0062758667867433
-26.515172376188097,-0.046854867882424746,0.001382424670991135,3.008980938252424
-26.485731770885444,-0.046862146042867925,0.0013825954332495622,3.011692023442176
-26.45629116558279,-0.04689330661348431,0.0013538995792750138,3.014409142432245
-26.426850560280144,-0.04689859119196063,0.001359282355526656,3.01713231538834
-26.39740995497749,-0.04689444362155094,0.001374471411423722,3.0198615625661347
-26.367969349674837,-0.04690757199422289,0.0013861628800202527,3.0225969043117646
-26.33852874437219,-0.04692299289862483,0.001385920047311158,3.0253383610623343
-26.309088139069537,-0.046920084737904884,0.0013887849049951848,3.02808595334643
-26.279647533766884,-0.04689259917834108,0.0014215926620183199,3.0308397017846267
-26.250206928464237,-0.04687634282971936,0.0014449818260629558,3.0335996270900063
-26.220766323161584,-0.046913125121651446,0.0014056368798367677,3.0363657500686796
-26.19132571785893,-0.04695584469301998,0.001354617705222007,3.0391380916203046
-26.161885112556277,-0.046970204271344095,0.001338030484783027,3.041916672738614
-26.13244450725363,-0.04696010965953148,0.0013650361618099181,3.044701514511948
-26.103003901950977,-0.04694873645923589,0.0013925421501009133,3.0474926381237855
-26.073563296648324,-0.04696804010346676,0.0013772600051234181,3.050290064853281
-26.044122691345677,-0.04701856243496574,0.001321765867527236,3.0530938160758048
-26.014682086043024,-0.047029735926910475,0.001313859894358751,3.0559039132634913
-25.98524148074037,-0.04701559427392204,0.0013367383835394483,3.058720377985782
-25.955800875437724,-0.047039666209537916,0.0013265751962883599,3.06154323190998
-25.92636027013507,-0.047055180511601125,0.0013439471893556714,3.0643724968018073
-25.896919664832417,-0.04708024836551828,0.0013504739914272546,3.06720819452596
-25.867479059529764,-0.047148821718732886,0.0013035804261770593,3.0700503470466756
-25.838038454227117,-0.04724132224145525,0.0012286695354738013,3.072898976428296
-25.808597848924464,-0.04728211094816858,0.0012204931314762028,3.0757541048358434
-25.77915724362181,-0.04724214446091906,0.0013126810062865553,3.078615754535592
-25.749716638319164,-0.04717555363485604,0.0014380484187549215,3.081483947895645
-25.72027603301651,-0.047229151780845136,0.0014096836779271752,3.0843587073865244
-25.690835427713857,-0.04731962664067304,0.0013312103745016248,3.087240055581749
-25.66139482241121,-0.04736014930192617,0.0013026500726210843,3.090128015158431
-25.631954217108557,-0.04735156153587174,0.0013357782018205751,3.0930226088978703
-25.602513611805904,-0.047334567902865644,0.00138842525251462,3.0959238596861516
-25.57307300650325,-0.047340163521608185,0.0014122664855502403,3.0988317905147484
-25.543632401200604,-0.047377806946408384,0.0013859517957004808,3.101746424481131
-25.51419179589795,-0.04738615538949394,0.0013942812755744255,3.104667784789379
-25.484751190595297,-0.0473874804024142,0.001409331295393931,3.1075958947507925
-25.45531058529265,-0.04742945300074188,0.0013673555771755363,3.1105307777845175
-25.425869979989997,-0.047473725882678224,0.0013251086162779928,3.1134724574181685
-25.396429374687344,-0.04749615016783923,0.0013180044595258672,3.1164209572884554
-25.366988769384697,-0.04749536301868721,0.001337294347573931,3.119376301141818
-25.337548164082044,-0.04748776085356859,0.0013675179230377501,3.122338512835065
-25.30810755877939,-0.04747770013077974,0.0014096471720451106,3.125307616336013
-25.278666953476737,-0.047450721912139913,0.001472192257367206,3.1282836357241344
-25.24922634817409,-0.04749919211456411,0.0014234206864905583,3.1312665951912084
-25.219785742871437,-0.047565350889283174,0.0013406227481708767,3.134256519041977
-25.190345137568784,-0.04758472315532841,0.0013251026307566183,3.1372534316948046
-25.160904532266137,-0.047580306263512166,0.001346571473714457,3.1402573576823407
-25.131463926963484,-0.047569329738209716,0.0013732573056072649,3.1432683216521946
-25.10202332166083,-0.04756374238776384,0.0013803113769820612,3.146286348367603
-25.072582716358184,-0.0475801018148922,0.0013518385693634507,3.1493114627081136
-25.04314211105553,-0.04762280072863668,0.0012934291531379897,3.1523436896702677
-25.013701505752877,-0.04766632288609624,0.0012303662036444597,3.1553830543682873
-24.984260900450224,-0.04762755047584551,0.0012756288473237808,3.158429582034769
-24.954820295147577,-0.04760307580533022,0.0013046520489409664,3.1614832980213836
-24.925379689844924,-0.047633981189411645,0.0012677780567679688,3.1645442277995786
-24.89593908454227,-0.04765922120831705,0.001261961110698247,3.1676123969612853
-24.866498479239624,-0.04766020201458987,0.0012929891278576691,3.1706878312196327
-24.83705787393697,-0.04767973593596845,0.0012870551501945329,3.1737705564096683
-24.807617268634317,-0.04773499284594827,0.0012187393082094464,3.176860598489076
-24.77817666333167,-0.04776037799606392,0.0011834316580474082,3.17995798353891
-24.748736058029017,-0.04772106962279001,0.0012461987074192905,3.183062737764326
-24.719295452726364,-0.04768990137251289,0.0013161652826184456,3.186174887495321
-24.689854847423717,-0.04770689404085715,0.001321293774789359,3.1892944591874763
-24.660414242121064,-0.04771868877783553,0.0013278253693494529,3.1924214794227104
-24.63097363681841,-0.04772518134610509,0.001333923543533654,3.1955559749100297
-24.601533031515757,-0.04776127807197753,0.0013049385925508917,3.1986979724862916
-24.57209242621311,-0.04781962114682148,0.0012488600174086109,3.2018474991169694
-24.542651820910457,-0.047826020567329895,0.0012562134916794024,3.2050045818969264
-24.513211215607804,-0.04781775724066501,0.0012813173963661534,3.2081692480511883
-24.483770610305157,-0.04784338679757468,0.0012647170452772442,3.2113415249357287
-24.454330005002504,-0.04789129971512718,0.001234375165543305,3.214521440038258
-24.42488939969985,-0.047932344509042234,0.0012198361368720688,3.2177090209790142
-24.395448794397204,-0.04795899474921395,0.0012085516811488114,3.220904295511566
-24.36600818909455,-0.04797927891950076,0.001208937479628875,3.2241072915236164
-24.336567583791897,-0.047993111160655806,0.001225376251153107,3.227318037037815
-24.307126978489244,-0.04801647861648256,0.001233704163361472,3.2305365602125726
-24.277686373186597,-0.048080126556068255,0.0011859716735696125,3.2337628893428882
-24.248245767883944,-0.048106595132481327,0.0011826850388551374,3.2369970528611773
-24.21880516258129,-0.04812083772159945,0.0011918343299989424,3.2402390793381044
-24.189364557278644,-0.0481447949585638,0.0011881434140245278,3.243488997483426
-24.15992395197599,-0.04816171311731646,0.0011917471691369683,3.24674683614684
-24.130483346673337,-0.04817510822134863,0.001206044012013039,3.250012624318837
-24.10104274137069,-0.04818403225379848,0.0012306664088201126,3.2532863911315584
-24.071602136068037,-0.048172268071152546,0.0012812306979855781,3.2565681658596692
-24.042161530765384,-0.04814582347116678,0.0013454880101893294,3.2598579779212233
-24.01272092546273,-0.04813829416130122,0.0013876204906843733,3.263155856878547
-23.983280320160084,-0.04818556753916257,0.001355509959759419,3.266461832439122
-23.95383971485743,-0.04818713552284673,0.0013784708618702365,3.2697759344564816
-23.924399109554777,-0.04817369923547513,0.0014259157052313998,3.2730981929311027
-23.89495850425213,-0.048211263765054614,0.0014159924606668107,3.2764286380113155
-23.865517898949477,-0.04827383465749369,0.0013707821715345247,3.2797672999942176
-23.836077293646824,-0.04829883847899019,0.0013766414207888548,3.283114209326586
-23.806636688344177,-0.04831636052991319,0.0013979262295681185,3.286469396605808
-23.777196083041524,-0.04838068205863524,0.0013582845150584767,3.289832892580813
-23.74775547773887,-0.04843264940333752,0.001329520902581665,3.2932047281530084
-23.718314872436217,-0.04843651089648964,0.0013493103696996804,3.296584934377231
-23.68887426713357,-0.04845469498448768,0.0013483999286618017,3.2999735424626944
-23.659433661830917,-0.048497875024494874,0.0013277755168720914,3.3033705837739578
-23.629993056528264,-0.0485303365600423,0.0013129767560002001,3.3067760898318843
-23.600552451225617,-0.04854860722647871,0.0013015641721156514,3.3101900923146217
-23.571111845922964,-0.048592980106368144,0.0012608793769836601,3.3136126230585856
-23.54167124062031,-0.04862983934008919,0.0012333547508061858,3.317043714059443
-23.512230635317664,-0.048614805455775345,0.0012612240952027966,3.3204833974731156
-23.48279003001501,-0.04859719776480562,0.0012830510776688324,3.323931705616782
-23.453349424712357,-0.04857581573356473,0.0013020412020752078,3.327388670969888
-23.423908819409704,-0.04854829251787888,0.0013297055250207227,3.33085432617517
-23.394468214107057,-0.04851601511664644,0.0013687709022769663,3.334328704039678
-23.365027608804404,-0.04849095890064351,0.001401514100674435,3.3378118375358166
-23.33558700350175,-0.048489123625227025,0.0014066093282061396,3.341303759802382
-23.306146398199104,-0.04850809366306296,0.0013838284481062116,3.344804504145616
-23.27670579289645,-0.04852371301906599,0.0013706910626939087,3.3483141040402673
-23.247265187593797,-0.04851697715866071,0.0013981548115404015,3.3518325931306525
-23.21782458229115,-0.048527609391765,0.0014112980711632676,3.3553600052317356
-23.188383976988497,-0.04853593113994689,0.0014220197375574247,3.358896374330212
-23.158943371685844,-0.04855182141046374,0.00141388394673665,3.3624417345855955
-23.12950276638319,-0.04860253194146174,0.0013690588995831302,3.3659961203313227
-23.100062161080544,-0.04868202648727762,0.0013045695091039467,3.3695595660758584
-23.07062155577789,-0.04873874020255183,0.001266340290170748,3.373132106503815
-23.041180950475237,-0.04878641113910498,0.0012328185597320787,3.376713776477075
-23.01174034517259,-0.04880548125011894,0.0012328283150771005,3.3803046110359265
-22.982299739869937,-0.048796651685371624,0.001275257969469958,3.3839046454002077
-22.952859134567284,-0.04879431647934205,0.0013115987168189304,3.3875139149704534
-22.923418529264637,-0.04880727256771685,0.0013295665690447767,3.391132455329059
-22.893977923961984,-0.04883124190810586,0.0013337623958800961,3.3947603022414525
-22.86453731865933,-0.04886853845763539,0.0013033349448398894,3.3983974916572657
-22.835096713356684,-0.0489301123603841,0.0012457209540436913,3.4020440597115265
-22.80565610805403,-0.048955250966016106,0.0012531313469763346,3.405700042725856
-22.776215502751377,-0.048953607061963354,0.001304846639226598,3.4093654772096724
-22.746774897448724,-0.04895153483860756,0.0013464340504500034,3.4130403998614054
-22.717334292146077,-0.0489679332090017,0.0013588661984696802,3.4167248475697236
-22.687893686843424,-0.04903543045314596,0.0013155591039022828,3.4204188574147696
-22.65845308154077,-0.04910442133664688,0.0012785319012515064,3.4241224666693992
-22.629012476238124,-0.049131850646217834,0.0012799484594165007,3.4278357128004386
-22.59957187093547,-0.049135188408388784,0.0013143453003700216,3.431558633469949
-22.570131265632817,-0.049135306022401785,0.0013608715109700163,3.435291266536495
-22.54069066033017,-0.04914682846321696,0.001393507016858766,3.439033650056432
-22.511250055027517,-0.049208147228175375,0.0013555873883840887,3.442785822285201
-22.481809449724864,-0.04928640313088307,0.0013019633582051235,3.446547821678626
-22.45236884442221,-0.04932893630664728,0.0012886247116734514,3.4503196868942325
-22.422928239119564,-0.049337449938027224,0.0013087727474186193,3.4541014567925705
-22.39348763381691,-0.04934071682258945,0.001335053139415187,3.4578931704385507
-22.364047028514257,-0.04935294591568092,0.0013383201102397894,3.4616948671027865
-22.33460642321161,-0.04937685572352294,0.0013277642746380503,3.4655065862629497
-22.305165817908957,-0.049391607152524164,0.0013324027476225011,3.4693283676051423
-22.275725212606304,-0.04943199174587095,0.0013071746742254315,3.4731602510252677
-22.246284607303657,-0.049453800266753827,0.001313362628181899,3.47700227663042
-22.216844002001004,-0.04943582973539037,0.0013678259519150499,3.4808544847402882
-22.18740339669835,-0.04944161610621723,0.001379805035009171,3.484716915888561
-22.157962791395697,-0.04945839669188624,0.0013739514465185925,3.48858961082435
-22.12852218609305,-0.04946118155062481,0.0013966615784667845,3.492472610513624
-22.099081580790397,-0.049460071637999876,0.0014318527031768529,3.4963659561406537
-22.069640975487744,-0.04948475227936767,0.0014264787667564423,3.500269689109466
-22.040200370185097,-0.049497270135242584,0.001432648393573532,3.504183851045311
-22.010759764882444,-0.04954515647082544,0.0014004546043740172,3.508108483796147
-21.98131915957979,-0.049608002099455144,0.0013483993668313697,3.512043629434125
-21.951878554277144,-0.049647611544568045,0.0013238008280161237,3.5159893302570944
-21.92243794897449,-0.04968242800374467,0.0013148459037375694,3.5199456287901225
-21.892997343671837,-0.049719579082142834,0.0013123432631585502,3.5239125677870162
-21.863556738369184,-0.04975044645933552,0.0013046770478318185,3.527890190231865
-21.834116133066537,-0.04977913745544026,0.0012812575185098245,3.5318785393405934
-21.804675527763884,-0.049799894214662244,0.0012733557394507863,3.535877658562528
-21.77523492246123,-0.049782730304295565,0.0013263837688673894,3.5398875915819703
-21.745794317158584,-0.04977822689906242,0.0013649161905831078,3.5439083823197914
-21.71635371185593,-0.04979706024868941,0.0013667952102150514,3.547940074935036
-21.686913106553277,-0.04980226768181917,0.001390989367797653,3.5519827138265354
-21.65747250125063,-0.0498009529051226,0.001418745278783942,3.556036343634539
-21.628031895947977,-0.04981550467596995,0.0014380880183474615,3.56010100924236
-21.598591290645324,-0.0498347880982673,0.0014519043090418478,3.5641767557780284
-21.56915068534267,-0.04985595126465544,0.0014521405094055054,3.568263628615963
-21.539710080040024,-0.04991723653633892,0.001384959229944619,3.5723616733786527
-21.51026947473737,-0.0499333533085195,0.0013714233087381011,3.57647093593836
-21.480828869434717,-0.04992774606717676,0.0013989829235511347,3.580591462418826
-21.45138826413207,-0.04995115869987866,0.0013973559409942722,3.5847232991969977
-21.421947658829417,-0.04998875720986092,0.0013640959949682433,3.588866492904774
-21.392507053526764,-0.05000617700476018,0.0013448059778357554,3.5930210904307507
-21.363066448224117,-0.050001702855159626,0.0013565211479290057,3.5971871389219934
-21.333625842921464,-0.05000742554891346,0.0013637498855542064,3.6013646857858257
-21.30418523761881,-0.050003663698006795,0.001385157512426894,3.6055537786916196
-21.274744632316164,-0.05002614137815459,0.0013655658870571062,3.6097544655726113
-21.24530402701351,-0.050057744036965446,0.0013297803719094035,3.613966794627734
-21.215863421710857,-0.05002379077713976,0.0013789654952315142,3.618190814323454
-21.186422816408204,-0.05001018877240227,0.0014111245030470395,3.6224265733956353
-21.156982211105557,-0.05005379724823914,0.001385257690984754,3.6266741208514097
-21.127541605802904,-0.05011069212371793,0.0013449184483269904,3.6309335059710732
-21.09810100050025,-0.05013093945354479,0.0013470264240540621,3.635204778309983
-21.068660395197604,-0.05014599744568183,0.0013624279901950807,3.639487987700485
-21.03921978989495,-0.05015316292656533,0.0013929389880585116,3.643783184253854
-21.009779184592297,-0.050184143684639866,0.001393907648984218,3.6480904183622407
-20.98033857928965,-0.05024576303935644,0.0013509432765979065,3.652409740700647
-20.950897973986997,-0.05030790053614054,0.001304876449058102,3.6567412022289165
-20.921457368684344,-0.050341356779060265,0.001299913107806032,3.6610848541937306
-20.89201676338169,-0.05035591515621737,0.0013221925502850727,3.6654407481306355
-20.862576158079044,-0.05037884578889387,0.0013385941852115735,3.6698089358660773
-20.83313555277639,-0.05039904193893704,0.0013558191619830818,3.6741894695194626
-20.803694947473737,-0.050396903015276356,0.0013922928092878284,3.6785824015052238
-20.77425434217109,-0.050435616536727734,0.0013661947143644648,3.6829877845349137
-20.744813736868437,-0.050482483651147235,0.001330356278796096,3.6874056716193175
-20.715373131565784,-0.05053376711167778,0.0012913511158774234,3.6918361160705717
-20.685932526263137,-0.05057687252880286,0.0012624300755796894,3.696279171504311
-20.656491920960484,-0.05060050967283647,0.001259905309927464,3.700734891841837
-20.62705131565783,-0.05060936172560329,0.0012707946868955606,3.7052033313122905
-20.597610710355177,-0.05062652696227427,0.001264105856956893,3.709684544454858
-20.56817010505253,-0.050650951327100104,0.0012534738039004431,3.714178586120986
-20.538729499749877,-0.050650708446160465,0.001278146417430359,3.7186855114766253
-20.509288894447224,-0.05066445581589333,0.00128267438773942,3.723205376004482
-20.479848289144577,-0.05067922035280873,0.0012826692835096673,3.7277382355062945
-20.450407683841924,-0.05069955531268835,0.001291492042383363,3.7322841461051373
-20.42096707853927,-0.050737364836184275,0.001283643839624186,3.7368431642477287
-20.391526473236624,-0.05078615774102465,0.0012658365106381962,3.7414153467067695
-20.36208586793397,-0.05081930084219968,0.0012608888463115095,3.746000750583305
-20.332645262631317,-0.05083963509857947,0.0012688792991557205,3.7505994333090937
-20.303204657328664,-0.050861736586613616,0.0012758123027266839,3.7552114526490112
-20.273764052026017,-0.05090119788341551,0.0012655665933247147,3.759836866703464
-20.244323446723364,-0.05094222171726359,0.0012540698544818978,3.764475733910838
-20.21488284142071,-0.05093604751428668,0.0013034337316147383,3.7691281130499474
-20.185442236118064,-0.050910999440302175,0.0013733732492029807,3.7737940632425264
-20.15600163081541,-0.05089949932739666,0.0014284821938971197,3.7784736439557323
-20.126561025512757,-0.0508989061443001,0.001443254701847558,3.783166915004667
-20.09712042021011,-0.050919381103171034,0.0014340691428907319,3.787873936554931
-20.067679814907457,-0.05095550690785287,0.0014060266683952208,3.792594769125193
-20.038239209604804,-0.05098040939138857,0.0013916854194482174,3.797329473589782
-20.00879860430215,-0.05098838698986083,0.0014025057209506413,3.8020781111813036
-19.979357998999504,-0.050999302578767496,0.001403814090117549,3.806840743493282
-19.94991739369685,-0.05100435649687557,0.0014050618627571994,3.811617432482823
-19.920476788394197,-0.0510240865435996,0.0013865058441830252,3.816408240473299
-19.89103618309155,-0.051081389062645116,0.0013379566897449937,3.821213230157058
-19.861595577788897,-0.051159519839423094,0.0012800012832099353,3.826032464598165
-19.832154972486244,-0.05120397961521861,0.001259535472966739,3.830866007235153
-19.802714367183597,-0.05119068696635287,0.0013034698778676339,3.835713921883809
-19.773273761880944,-0.05119381321648379,0.0013264518913789205,3.8405762727399892
-19.74383315657829,-0.051233115769790755,0.0013114523584207892,3.8454531243824412
-19.714392551275644,-0.051283582604727596,0.0012843364674570903,3.8503445417756708
-19.68495194597299,-0.05133100847124883,0.001269503646183184,3.855250590272827
-19.655511340670337,-0.051374805884724865,0.0012631426361856917,3.860171335618607
-19.626070735367684,-0.051418554155519935,0.001267246029386419,3.865106843952198
-19.596630130065037,-0.051443624935225064,0.0013068935093979775,3.8700571818102367
-19.567189524762384,-0.051444894760991455,0.0013857172531431523,3.8750224161298057
-19.53774891945973,-0.05151170170930434,0.0013864012931329012,3.8800026142514423
-19.508308314157084,-0.05162381533917986,0.0013191790717440967,3.8849978439221866
-19.47886770885443,-0.051723623784458043,0.0012473021960922482,3.890008173298657
-19.449427103551777,-0.051792763498250766,0.001216036147534604,3.8950336709501445
-19.41998649824913,-0.05182630067264901,0.0012413138104253993,3.9000744058617407
-19.390545892946477,-0.05181287033907481,0.001323309848361253,3.905130447437502
-19.361105287643824,-0.05176575083426688,0.0014405319998298395,3.910201865503625
-19.33166468234117,-0.0517838280016615,0.0014658360514881563,3.9152887303116675
-19.302224077038524,-0.051872618230976636,0.0013892182452619054,3.9203911125417887
-19.27278347173587,-0.05190656698247557,0.0013583496319634755,3.925509083306028
-19.243342866433217,-0.051917865874019885,0.0013452553182780776,3.930642714151602
-19.21390226113057,-0.051922624971378804,0.001340566883950732,3.935792077064242
-19.184461655827917,-0.05195734407764788,0.001309803141694196,3.9409572444715613
-19.155021050525264,-0.05203425848770151,0.0012445708768055468,3.9461382892464445
-19.125580445222617,-0.052101461164804304,0.0011861546799912233,3.9513352847104795
-19.096139839919964,-0.0520915932436437,0.001207531366579511,3.9565483046374177
-19.06669923461731,-0.05205645542010659,0.0012549746818465248,3.9617774232566583
-19.037258629314657,-0.05205989633900415,0.0012593254422254901,3.967022715256778
-19.00781802401201,-0.05207888770136959,0.0012505212634652194,3.9722842557890816
-18.978377418709357,-0.05207971135642675,0.0012639813904198618,3.9775621204712
-18.948936813406704,-0.052075337173393334,0.0012850722151964368,3.9828563853907015
-18.919496208104057,-0.0520926083330836,0.0012846115917107925,3.9881671271087535
-18.890055602801404,-0.05212766842094412,0.0012766157341852396,3.9934944226638174
-18.86061499749875,-0.05213115481855999,0.0013095239550722703,3.998838349575365
-18.831174392196104,-0.052116036062303285,0.0013611987697698222,4.004198985847645
-18.80173378689345,-0.05216195199977875,0.0013309470014658189,4.009576409973477
-18.772293181590797,-0.05218848295150901,0.00133026687879563,4.014970700938081
-18.742852576288143,-0.05222921085999821,0.001312173752017913,4.020381938222945
-18.713411970985497,-0.052290242359731544,0.001260630984855389,4.02581020180973
-18.683971365682844,-0.05234223030859989,0.0012211675762446054,4.031255572184212
-18.65453076038019,-0.0523737851586338,0.0012256741076370878,4.0367181303402555
-18.625090155077544,-0.05240338264422182,0.0012330682181476774,4.042197957783832
-18.59564954977489,-0.05245650324533635,0.0012201522539433839,4.047695136537076
-18.566208944472237,-0.05249534499794162,0.0012308261109041448,4.053209749142372
-18.53676833916959,-0.052521826977336976,0.0012580767041971339,4.058741878666488
-18.507327733866937,-0.05252049800021352,0.0013150413121884536,4.064291608704754
-18.477887128564284,-0.05253392222444702,0.0013479631770712968,4.0698590233852565
-18.44844652326163,-0.052569953745856844,0.0013489517252399132,4.075444207373106
-18.419005917958984,-0.052613568546413046,0.0013504550416448778,4.081047245874717
-18.38956531265633,-0.052653345422897825,0.0013639365017410084,4.08666822464215
-18.360124707353677,-0.052713299444241114,0.0013561205113637625,4.092307229977479
-18.33068410205103,-0.05278541537950745,0.001327367015919153,4.097964348737211
-18.301243496748377,-0.05283065932953496,0.0013187862282193418,4.103639668336748
-18.271802891445724,-0.05285033640678449,0.0013358990948531399,4.109333276754887
-18.242362286143077,-0.05287426449509968,0.0013446182364373548,4.115045262538362
-18.212921680840424,-0.052916796230259355,0.001328116822762981,4.120775714806448
-18.18348107553777,-0.05296397899585614,0.0013025320406630711,4.126524723255578
-18.154040470235117,-0.05298476201193723,0.0013092794644473337,4.132292378164036
-18.12459986493247,-0.05297279381328953,0.0013653347196145949,4.1380787703966755
-18.095159259629817,-0.05300556163073957,0.0013684431570285184,4.1438839914097
-18.065718654327164,-0.05307027875829057,0.0013310967493881558,4.149708133255469
-18.036278049024517,-0.05310235967214039,0.0013220574486673075,4.155551288587373
-18.006837443721864,-0.0531223327739705,0.0013206451726307878,4.1614135506647445
-17.97739683841921,-0.053142676674778865,0.0013271793109298873,4.167295013357816
-17.947956233116564,-0.053149709306828385,0.001358161266969951,4.173195771152737
-17.91851562781391,-0.05315147822656111,0.001407033726434684,4.179115919156628
-17.889075022511257,-0.05319494913941749,0.0014249247731192758,4.185055553102693
-17.85963441720861,-0.053301444256745545,0.0013494097932359136,4.191014769355378
-17.830193811905957,-0.05336654102962968,0.0013097982839511072,4.196993664915587
-17.800753206603304,-0.05337038020655325,0.0013503174630865387,4.202992337425938
-17.77131260130065,-0.05342117188120549,0.0013382469955417503,4.2090108851760855
-17.741871995998004,-0.05348576271656147,0.0012992632547699026,4.215049407108082
-17.71243139069535,-0.05355395554161239,0.0012588166869494692,4.221108002821808
-17.682990785392697,-0.05362248020350239,0.0012353582062080736,4.227186772580441
-17.65355018009005,-0.05366721307799064,0.0012333733224396076,4.233285817315989
-17.624109574787397,-0.05368706485035122,0.0012563070615445823,4.239405238634879
-17.594668969484744,-0.053719445705729896,0.0012588290581577533,4.245545138823595
-17.565228364182097,-0.05374495176660934,0.0012577719650843171,4.25170562085438
-17.535787758879444,-0.05375510246819479,0.0012730035140669333,4.257886788390993
-17.50634715357679,-0.05379940095795636,0.001264442265108153,4.264088745794523
-17.476906548274137,-0.05386499028452795,0.0012462607055996242,4.27031159812926
-17.44746594297149,-0.05390953935541795,0.0012388907081787564,4.276555451168631
-17.418025337668837,-0.05392898630291156,0.0012599580255590985,4.282820411401192
-17.388584732366184,-0.05394494657674306,0.001282574968542011,4.289106586036684
-17.359144127063537,-0.05398598291758091,0.0012717762338635558,4.295414083012141
-17.329703521760884,-0.054039966169488314,0.0012464959139525925,4.301743010998081
-17.30026291645823,-0.054080146466801836,0.001248951237412816,4.308093479404732
-17.270822311155584,-0.05411165361942769,0.0012649058979178251,4.314465598388347
-17.24138170585293,-0.05415309347986059,0.0012653673842651003,4.320859478857572
-17.211941100550277,-0.05421318056203075,0.0012345848424330666,4.327275232479877
-17.182500495247623,-0.054276481335914784,0.001202426299991197,4.33371297168806
-17.153059889944977,-0.05430610534914027,0.0012093907792081913,4.340172809686812
-17.123619284642324,-0.05430591242373894,0.0012571258377189328,4.346654860459356
-17.09417867933967,-0.05431885075687944,0.001284750923539636,4.353159238774152
-17.064738074037024,-0.05434553449804036,0.0012874153722323542,4.359686060191661
-17.03529746873437,-0.05435108315779372,0.0013132346825954846,4.366235441071205
-17.005856863431717,-0.05437389173263374,0.0013216436839628073,4.372807498577866
-16.97641625812907,-0.05440736880465053,0.0013239767002433955,4.379402350689481
-16.946975652826417,-0.05441651806950376,0.001358751241895785,4.386020116203704
-16.917535047523764,-0.05440288380157865,0.0014215157518252543,4.3926609147451305
-16.88809444222111,-0.054430086205408186,0.001425924209963285,4.399324866772515
-16.858653836918464,-0.05454157503046649,0.0013175731050504753,4.406012093586045
-16.82921323161581,-0.054590734501448517,0.001289400138747141,4.412722717334712
-16.799772626313157,-0.05460066700948176,0.0013119649125103773,4.419456861023741
-16.77033202101051,-0.05461951605700666,0.0013150082406661605,4.426214648522103
-16.740891415707857,-0.05465430115763723,0.0012989596557559109,4.432996204570123
-16.711450810405204,-0.054701945574935386,0.001282827243048652,4.439801654787143
-16.682010205102557,-0.0547559572332341,0.0012578359672127644,4.446631125679282
-16.652569599799904,-0.05482289445118128,0.0012124669415467088,4.453484744647281
-16.62312899449725,-0.05488472494554258,0.0011742088078258116,4.460362639994414
-16.593688389194597,-0.05493065060894512,0.0011577518361559418,4.467264940934501
-16.56424778389195,-0.054942188279169975,0.0011944827633398477,4.4741917776000015
-16.534807178589297,-0.054920531386136305,0.0012807743633308367,4.481143281050191
-16.505366573286643,-0.05493136279207265,0.001323288833010755,4.488119583279424
-16.475925967983997,-0.054999185748712535,0.0012758244426950126,4.495120817225489
-16.446485362681344,-0.05507987142441787,0.0011971939931433742,4.502147116778059
-16.41704475737869,-0.055113257132670124,0.0011920006925940758,4.509198616787219
-16.387604152076044,-0.05511455168319767,0.0012385402605314816,4.516275453072093
-16.35816354677339,-0.05515546806796071,0.0012384047138468668,4.523377762429574
-16.328722941470737,-0.055214256930481855,0.0012202903569364118,4.530505682643124
-16.29928233616809,-0.05525364318289244,0.00123039357260762,4.537659352491695
-16.269841730865437,-0.05529592874692462,0.0012226638866335592,4.544838911758734
-16.240401125562784,-0.05532751266957444,0.0012139840810839954,4.552044501241282
-16.21096052026013,-0.055335657618708324,0.0012305470338216855,4.559276262759184
-16.181519914957484,-0.055338644917030645,0.001256371198773142,4.566534339164389
-16.15207930965483,-0.05537900606734946,0.0012439819404748184,4.573818874350364
-16.122638704352177,-0.05543197743915219,0.0012324337239586701,4.581130013261592
-16.09319809904953,-0.05549721839970468,0.0012181543402532856,4.588467901903192
-16.063757493746877,-0.055555632392608745,0.0012093313038780706,4.595832687350642
-16.034316888444224,-0.05560046226294626,0.0012131266184345988,4.603224517759596
-16.004876283141577,-0.05562249588772869,0.00124504903228473,4.610643542375825
-15.975435677838924,-0.055638408051013645,0.0012783162138193093,4.618089911545263
-15.94599507253627,-0.05566120686331935,0.001286322374708349,4.6255637767241575
-15.916554467233617,-0.05568954884554966,0.00130243277782955,4.633065290489343
-15.88711386193097,-0.055717283011581076,0.0013351336795410834,4.6405946065486186
-15.857673256628317,-0.055799101735354295,0.001301790093437719,4.648151879751257
-15.828232651325663,-0.05584052880434009,0.0013139217700774363,4.655737266098606
-15.798792046023017,-0.055836987759993156,0.001383423252343552,4.663350922754831
-15.769351440720364,-0.05586729457887757,0.0014029641631463463,4.670993008057775
-15.73991083541771,-0.055959764440895766,0.0013441037046790592,4.67866368152992
-15.710470230115064,-0.05607422495209664,0.0012614447997793341,4.686363103889498
-15.68102962481241,-0.056142458924154405,0.0012119041521792048,4.6940914370617195
-15.651589019509757,-0.05617559816615273,0.001200147833317455,4.70184884419011
-15.622148414207103,-0.05619863165087547,0.0012272405272016748,4.7096354896480035
-15.592707808904457,-0.05624967174212015,0.0012296075636690866,4.7174515390501455
-15.563267203601804,-0.05627483310392456,0.0012576623651902705,4.72529715926444
-15.53382659829915,-0.05628839876097175,0.0012899705468554581,4.733172518423821
-15.504385992996504,-0.056321671282154546,0.0012905708870174437,4.741077785938258
-15.47494538769385,-0.05637224113694036,0.001270870882749105,4.749013132506921
-15.445504782391197,-0.05641117831213525,0.0012718400277988398,4.756978730130445
-15.41606417708855,-0.056427606244284584,0.001293123772205835,4.76497475212337
-15.386623571785897,-0.05645178119936333,0.0012933203481251196,4.773001373126715
-15.357182966483244,-0.05648943564197568,0.0012933424040070074,4.781058769120681
-15.32774236118059,-0.05656643852490848,0.0012614931929560637,4.789147117437517
-15.298301755877944,-0.05666050475665684,0.0012092210885638,4.7972665967745325
-15.26886115057529,-0.056728853334975994,0.0011725084671026847,4.8054173872072585
-15.239420545272637,-0.05674904217148288,0.0011782346290155382,4.813599670202752
-15.20997993996999,-0.056748629680491845,0.0012272929511536483,4.82181362863307
-15.180539334667337,-0.05676768031525253,0.0012737788382382448,4.830059446788896
-15.151098729364683,-0.05681677972372331,0.0012822338303359016,4.838337310393314
-15.121658124062037,-0.056891371803951485,0.001253991906241655,4.846647406615757
-15.092217518759384,-0.056953611138921056,0.0012370382041963744,4.854989924086121
-15.06277691345673,-0.05700429858738965,0.0012302106155259694,4.8633650529090255
-15.033336308154077,-0.057041536610735605,0.0012478360028132913,4.871772984678259
-15.00389570285143,-0.057055506075151925,0.0013071691487737285,4.8802139124913895
-14.974455097548777,-0.05706552454661581,0.0013747263335489317,4.888688030964551
-14.945014492246123,-0.05711566066539938,0.0013869526743516933,4.897195536247392
-14.915573886943477,-0.05720118936904664,0.0013477107389673823,4.905736626038214
-14.886133281640824,-0.05725873079031638,0.0013502683829000727,4.914311499599294
-14.85669267633817,-0.05733176870343005,0.0013303494895683503,4.922920357772364
-14.827252071035524,-0.05742191493245163,0.001269401245862441,4.931563402994302
-14.79781146573287,-0.05749005253433134,0.0012337684503192913,4.940240839313003
-14.768370860430217,-0.05752089259923176,0.0012637799357706875,4.94895287240343
-14.73893025512757,-0.05752857089532806,0.0013381440892863057,4.95769970958386
-14.709489649824917,-0.05755003215071829,0.001389225055449342,4.966481559832347
-14.680049044522264,-0.05761733289246546,0.001367016138480348,4.975298633803344
-14.65060843921961,-0.05764054057938462,0.0013904315418786304,4.98415114384456
-14.621167833916964,-0.0576712882564163,0.0014120288294426665,4.993039304014002
-14.59172722861431,-0.057757051340191136,0.0013737537735114605,5.001963330097237
-14.562286623311657,-0.057846059348618285,0.0013247853189552804,5.0109234396248405
-14.53284601800901,-0.057906518285405495,0.0012966969029365564,5.019919851890081
-14.503405412706357,-0.05792641327008741,0.0013195754548547668,5.028952787966815
-14.473964807403704,-0.0579244847859324,0.0013864427288807634,5.038022470727585
-14.444524202101057,-0.057943268035123154,0.0014161687908778868,5.047129124861953
-14.415083596798404,-0.05802394268267147,0.0013564708804432166,5.056272976895066
-14.38564299149575,-0.05810466946611257,0.0013004813278887266,5.065454255206421
-14.356202386193097,-0.05816758829485522,0.0012765694943544046,5.074673190048895
-14.32676178089045,-0.05820119779884254,0.0012892245036949523,5.0839300135679775
-14.297321175587797,-0.05822850388101395,0.0013085490371948843,5.093224959821277
-14.267880570285143,-0.05826797876343374,0.0013095858424376926,5.10255826479823
-14.238439964982497,-0.05831828382186303,0.0012888284629196175,5.111930166440078
-14.208999359679844,-0.05836592038842712,0.0012854475760728245,5.121340904660098
-14.17955875437719,-0.058372248852929874,0.0013549380912961056,5.130790721364059
-14.150118149074544,-0.05836231731867416,0.0014460263595601644,5.14027986047096
-14.12067754377189,-0.058413824596803686,0.0014565589304577464,5.149808567934019
-14.091236938469237,-0.05845043849038201,0.001477045203132399,5.159377091761915
-14.061796333166583,-0.058493835076118626,0.0014774499842976825,5.168985682040307
-14.032355727863937,-0.05854055808745242,0.0014626644659180607,5.178634590953627
-14.002915122561284,-0.058593331426379104,0.0014368626526082909,5.188324072807146
-13.97347451725863,-0.05866096255238589,0.0013998900187761855,5.198054384049302
-13.944033911955984,-0.05871583995282751,0.0013759943452440182,5.207825783294333
-13.91459330665333,-0.058733198918219966,0.0014057769492834674,5.217638531345198
-13.885152701350677,-0.05877825583546001,0.0013966341733536193,5.227492891216762
-13.85571209604803,-0.05879368115380614,0.001421490509309221,5.237389128159308
-13.826271490745377,-0.05882043179337874,0.001429731849032219,5.24732750968234
-13.796830885442724,-0.058892022510390406,0.0013875559096566965,5.257308305578671
-13.76739028014007,-0.05897473441467944,0.001333588420324885,5.267331787948852
-13.737949674837424,-0.0590310606759627,0.0013238794905382385,5.277398231225892
-13.70850906953477,-0.05906794966848059,0.001337516577069768,5.2875079122003115
-13.679068464232117,-0.05908371325601658,0.0013785872869756465,5.2976611100455
-13.64962785892947,-0.05908530631176421,0.0014463062500563576,5.3078581063434225
-13.620187253626817,-0.059142715572507575,0.0014413976427078727,5.318099185110654
-13.590746648324163,-0.05925107096033679,0.0013684239768168931,5.328384632824737
-13.561306043021517,-0.05933509279416423,0.0013471758179811608,5.3387147384509035
-13.531865437718864,-0.05938231657149117,0.0013781873223788835,5.349089793469138
-13.50242483241621,-0.05941808559878206,0.0014054904371067105,5.359510091901585
-13.472984227113557,-0.05945543599955321,0.00142338171314574,5.369975930340331
-13.44354362181091,-0.05950447998008371,0.0014102576735841679,5.380487607975541
-13.414103016508257,-0.05959869642459903,0.0013526762408467637,5.391045426623975
-13.384662411205603,-0.05963766977863475,0.0013784284627016488,5.401649690757868
-13.355221805902957,-0.05964812796943114,0.0014312218606642299,5.412300707534196
-13.325781200600304,-0.05966225221968152,0.0014678786607455964,5.42299878682435
-13.29634059529765,-0.059726215222559005,0.0014508276137935457,5.4337442412441685
-13.266899989995004,-0.05982144826896941,0.0013874776631525984,5.444537386184394
-13.23745938469235,-0.05989629879865393,0.0013427116766965951,5.45537853984154
-13.208018779389697,-0.059958634275444116,0.001321072313456447,5.466268023249147
-13.178578174087043,-0.06003636456965076,0.0012748029066251677,5.47720616030948
-13.149137568784397,-0.060060805968918045,0.0013154597095023464,5.488193277825641
-13.119696963481744,-0.06004673402863247,0.0014018512280599895,5.499229705534121
-13.09025635817909,-0.06004161558187802,0.0014584260142861997,5.5103157761377775
-13.060815752876444,-0.0600774411371511,0.00146785709655817,5.521451825339273
-13.03137514757379,-0.0601604792351135,0.0014500845557930072,5.53263819187497
-13.001934542271137,-0.06024067824325618,0.0014165370489291073,5.543875217549253
-12.97249393696849,-0.060289698868553766,0.0014225661631407543,5.555163247269366
-12.943053331665837,-0.06032473167380919,0.0014636694952402712,5.566502629080695
-12.913612726363183,-0.06038101979491763,0.0014700979149000779,5.577893714202531
-12.884172121060537,-0.06042105295145703,0.0014955465717683028,5.589336857064342
-12.854731515757884,-0.06046213546863042,0.0015257219454698641,5.600832415342532
-12.82529091045523,-0.06054349725503994,0.0015147343152986427,5.612380749997706
-12.795850305152577,-0.060649837212662094,0.0014772307711402757,5.623982225312449
-12.76640969984993,-0.06072808325977829,0.0014576635290693312,5.635637208929634
-12.736969094547277,-0.0607740594941663,0.0014710855370285273,5.647346071891261
-12.707528489244623,-0.060839430555858325,0.0014521643570657424,5.659109188677821
-12.678087883941977,-0.06090380122112377,0.0014405977094295638,5.670926937248227
-12.648647278639324,-0.060964252493240806,0.0014404471891428293,5.682799699080301
-12.61920667333667,-0.06103592105899416,0.0014352016878817952,5.694727859211809
-12.589766068034024,-0.061097792130108415,0.0014524892112526794,5.706711806282089
-12.56032546273137,-0.06113773289626303,0.0014950162795749826,5.718751932574274
-12.530884857428717,-0.06117903419561129,0.0015303865958665995,5.730848634058074
-12.501444252126063,-0.06124330221104376,0.001529437004679427,5.743002310433202
-12.472003646823417,-0.061286819869097627,0.00156359274655771,5.755213365173387
-12.442563041520764,-0.061284811690015234,0.0016508579401179702,5.767482205571037
-12.41312243621811,-0.06135282575380673,0.0016523662995502097,5.779809242782505
-12.383681830915464,-0.06147840626533169,0.0015899743855886613,5.792194891874033
-12.35424122561281,-0.06161445587692396,0.0015140740735035728,5.8046395718683375
-12.324800620310157,-0.06170363846051374,0.0014860692973304378,5.817143705791857
-12.29536001500751,-0.061726074842656124,0.0015344302936152992,5.829707720722686
-12.265919409704857,-0.06172316202566561,0.0016064259196987838,5.842332047839217
-12.236478804402203,-0.06178471022224641,0.0015948151376229702,5.855017122469438
-12.20703819909955,-0.061854601841963154,0.001573413751939119,5.867763384140993
-12.177597593796904,-0.061894790900686454,0.001597624324107594,5.880571276631935
-12.14815698849425,-0.06195858128311255,0.0015922934650368715,5.8934412480222464
-12.118716383191597,-0.06201989601205058,0.0015916942115268844,5.906373750746071
-12.08927577788895,-0.06207060034965132,0.0016018671000861337,5.919369241644746
-12.059835172586297,-0.06212320684420738,0.0015959012068394378,5.932428182020598
-12.030394567283643,-0.062199058955119936,0.0015616098011824945,5.945551037691519
-12.000953961980997,-0.06228574108054936,0.0015210689272169941,5.958738279046354
-11.971513356678344,-0.06236412346387357,0.001506790693850062,5.971990381101121
-11.94207275137569,-0.06240143078852365,0.0015518504327891283,5.985307823556026
-11.912632146073037,-0.06242174187696617,0.0016128102434121094,5.998691090853358
-11.88319154077039,-0.06247681774164241,0.0016318198034374985,6.012140672236226
-11.853750935467737,-0.06256492573742795,0.0016067881637946626,6.02565706180819
-11.824310330165083,-0.06266411543117051,0.0015692610778634476,6.039240758593751
-11.794869724862437,-0.06274106600816216,0.001561309597457781,6.05289226659977
-11.765429119559784,-0.06275863023818858,0.0015923801945524193,6.0666120948778195
-11.73598851425713,-0.06276397185601228,0.0016090402940477455,6.080400757587442
-11.706547908954484,-0.06280238670944506,0.0016116851981798862,6.09425877406038
-11.67710730365183,-0.06283267875636925,0.0016599345521316573,6.108186668865797
-11.647666698349177,-0.06286693738751112,0.0016967403672049476,6.122184971876443
-11.618226093046523,-0.06290721189988989,0.0016952717573575536,6.136254218335863
-11.588785487743877,-0.06296796615555576,0.0016634338550854215,6.150394948926617
-11.559344882441223,-0.06306843134051311,0.0016343130437066152,6.164607709839549
-11.52990427713857,-0.0631640928759269,0.0016133757692729385,6.1788930528441
-11.500463671835924,-0.0632021272473226,0.0016513973707382892,6.193251535359717
-11.47102306653327,-0.06320861769583791,0.0017492488743219743,6.207683720528367
-11.441582461230617,-0.06327305255146255,0.0017852624255027699,6.2221901772881445
-11.41214185592797,-0.06338144396086616,0.001769556628207236,6.236771480448041
-11.382701250625317,-0.06348326281778284,0.0017452378557454248,6.2514282107638826
-11.353260645322663,-0.0635711599361302,0.001725682103568954,6.266160955015409
-11.323820040020017,-0.06365529718949522,0.0017058644396250164,6.280970306084597
-11.294379434717364,-0.063731775280731,0.0017039723316939763,6.295856863035197
-11.26493882941471,-0.06377105367949627,0.0017651081462026932,6.310821231193499
-11.235498224112057,-0.06379865647099185,0.0018323356063392041,6.325864022230388
-11.20605761880941,-0.06387040331244882,0.0018349198740330807,6.340985854244686
-11.176617013506757,-0.06397781404517518,0.0017887080146930983,6.356187351847825
-11.147176408204103,-0.06408980346477382,0.0017363440934363697,6.3714691462498205
-11.117735802901457,-0.06416937967687285,0.0017310033881142485,6.386831875346662
-11.088295197598804,-0.06420296499248636,0.0017808014373419192,6.402276183809072
-11.05885459229615,-0.06421914116067023,0.001847401705197227,6.417802723172669
-11.029413986993504,-0.06425371926659862,0.0018690840263732831,6.433412151929599
-10.99997338169085,-0.06432834141137714,0.0018325661324007053,6.449105135621639
-10.970532776388197,-0.06442023690708633,0.0017963976857060398,6.464882346934764
-10.941092171085543,-0.06443211286182338,0.0018741532010949275,6.4807444657952855
-10.911651565782897,-0.0644114779921193,0.0019615837303057176,6.496692179467519
-10.882210960480244,-0.0644086192970657,0.0019948303878609404,6.512726182653056
-10.85277035517759,-0.06445566745068752,0.001973258616547726,6.528847177591622
-10.823329749874944,-0.0645407846881395,0.001914459874809847,6.545055874163607
-10.79388914457229,-0.06462988393416189,0.001844483590086988,6.5613529899942815
-10.764448539269637,-0.06469622767254711,0.001821795213031616,6.57773925055968
-10.73500793396699,-0.06476273843983037,0.00181855049241728,6.594215389294267
-10.705567328664337,-0.06487248279938822,0.0017696502487942,6.610782147700383
-10.676126723361683,-0.06494755802372032,0.0017763620084264914,6.627440275459452
-10.64668611805903,-0.06501005954907331,0.0018000220157143876,6.644190530545088
-10.617245512756384,-0.06510447275203325,0.0017844743671856416,6.6610336793380585
-10.58780490745373,-0.06522164753062801,0.0017362964660456305,6.6779704967431766
-10.558364302151077,-0.06530764947557587,0.0017301073711574243,6.695001766308126
-10.52892369684843,-0.06536565774690573,0.001779514424210499,6.7121282803443005
-10.499483091545777,-0.06542191486990481,0.0018481948592289667,6.72935084004969
-10.470042486243123,-0.06553604505959369,0.0018336147762368683,6.746670255633795
-10.440601880940477,-0.06564378151559143,0.0018170204818964031,6.764087346444687
-10.411161275637824,-0.06568939051572739,0.0018759810206399944,6.78160294109824
-10.38172067033517,-0.06573986529973151,0.001925946013541631,6.799217877609507
-10.352280065032517,-0.06584334263094406,0.0018983672927971936,6.816933003526395
-10.32283945972987,-0.06593895638253063,0.0018749860651739478,6.834749176065584
-10.293398854427217,-0.0659216823738374,0.001985720717827891,6.852667262250823
-10.263958249124563,-0.06593238000526687,0.002075226145756561,6.870688139053552
-10.234517643821917,-0.0660273550385894,0.0020447787865859,6.888812693535992
-10.205077038519264,-0.06608714428561248,0.0020573058051345295,6.907041822996712
-10.17563643321661,-0.06615393733661318,0.0020739223743451787,6.925376435118687
-10.146195827913964,-0.06624572753490553,0.002057571723284658,6.9438174481199635
-10.11675522261131,-0.06633568897741914,0.002037777970461977,6.962365790906974
-10.087314617308657,-0.06639958861981891,0.0020601986258157,6.9810224032304715
-10.057874012006003,-0.06645798589418174,0.002041199289509131,6.999788235844269
-10.028433406703357,-0.06652486292411125,0.0019941787680886123,7.01866425066674
-9.998992801400703,-0.06658606529902102,0.0019639123511403767,7.037651420945192
-9.96955219609805,-0.06663903521015718,0.0019454657990011874,7.05675073142312
-9.940111590795404,-0.06669066356263244,0.0019328689270312431,7.0759631785104675
-9.91067098549275,-0.0667587548155746,0.0019233126701356745,7.095289770456916
-9.881230380190097,-0.06686713083428399,0.0018903283275607298,7.114731527528242
-9.85178977488745,-0.06700689587046083,0.0018232095665965216,7.134289482185872
-9.822349169584797,-0.06710852660438367,0.0018476057156449608,7.153964679269663
-9.792908564282143,-0.06717231968550465,0.0019395261836475544,7.173758176183947
-9.76346795897949,-0.06730644727462261,0.0019074410808344506,7.193671043086982
-9.734027353676844,-0.06744206889216348,0.001855296599015235,7.213704363083811
-9.70458674837419,-0.06756047566326412,0.0018215270630917487,7.233859232422666
-9.675146143071537,-0.0676632010636537,0.0018009949474123038,7.254136760694907
-9.64570553776889,-0.06772398066356063,0.0018338260121126425,7.274538071038665
-9.616264932466237,-0.06772962913831315,0.0019445181498450057,7.295064300346226
-9.586824327163583,-0.06778782107702759,0.002025060999643603,7.315716599475195
-9.557383721860937,-0.06792578509695128,0.001993823792950675,7.336496133463602
-9.527943116558284,-0.06803455445680139,0.001983418358930429,7.357404081749002
-9.49850251125563,-0.06812762857093659,0.0019917017036659335,7.3784416383916
-9.469061905952984,-0.06819030862377733,0.002041315245362793,7.399610012301583
-9.43962130065033,-0.06824939642964817,0.0020922366271563693,7.420910427470713
-9.410180695347677,-0.068328220387872,0.00207315817694078,7.4423441232082155
-9.380740090045023,-0.06842593098391363,0.0020123466800786387,7.463912354381158
-9.351299484742377,-0.06846896726228048,0.0020424894589263945,7.485616391659349
-9.321858879439723,-0.06846497521900863,0.002155423516973124,7.507457521764897
-9.29241827413707,-0.06851180159186515,0.0022046666301014043,7.529437047726471
-9.262977668834424,-0.06856292448536448,0.002230281623381156,7.551556289138452
-9.23353706353177,-0.06864273636627825,0.002206884977888946,7.573816582425038
-9.204096458229117,-0.06874238083528407,0.0021470606495520195,7.596219281109383
-9.17465585292647,-0.06883202113617957,0.002081138284249944,7.618765756087952
-9.145215247623817,-0.06890858693988745,0.002042047524168667,7.641457395910182
-9.115774642321163,-0.06899877764767397,0.002019214383015677,7.664295607063514
-9.08633403701851,-0.06911748347248535,0.0019613091734817342,7.6872818142640185
-9.056893431715864,-0.06921860527370248,0.0019428475910694876,7.710417460752657
-9.02745282641321,-0.06930018234317258,0.0019768046576356694,7.733704008597374
-8.998012221110557,-0.06938056669149749,0.0020067369615076247,7.757142939001063
-8.96857161580791,-0.06946788092534262,0.002000728887371719,7.78073575261565
-8.939131010505257,-0.06955025819003224,0.0019914890507321033,7.804483969862383
-8.909690405202603,-0.0696243041940897,0.0020173157671975477,7.82838913125842
-8.880249799899957,-0.06971368446568209,0.002042834375591062,7.852452797749964
-8.850809194597304,-0.06983353453019195,0.002025070239024984,7.876676551052051
-8.82136858929465,-0.06997340031039445,0.001979971779750041,7.90106199399508
-8.791927983991997,-0.0700870861570402,0.0019725744039997602,7.925610750878379
-8.76248737868935,-0.07014215252774265,0.002044211220636602,7.950324467830848
-8.733046773386697,-0.07023299254519591,0.0020591589462634545,7.975204813178943
-8.703606168084043,-0.0703739086952504,0.001999746441821482,8.00025347782206
-8.674165562781397,-0.07049990314551897,0.0019544757088674988,8.025472175615631
-8.644724957478743,-0.07058426530468612,0.001972502977980945,8.050862643762025
-8.61528435217609,-0.07065221921537672,0.002030972270876131,8.076426643209443
-8.585843746873444,-0.07073601044114174,0.002047716620846712,8.10216595905903
-8.55640314157079,-0.07081614837367356,0.002015384655879667,8.128082400980448
-8.526962536268137,-0.07087284176458593,0.001989617191582775,8.154177803635937
-8.497521930965483,-0.07092479168630884,0.0019894192959013786,8.180454027113319
-8.468081325662837,-0.07099259802466834,0.002018577221001064,8.20691295736794
-8.438640720360183,-0.07108010680789449,0.002041656162599636,8.233556506673946
-8.40920011505753,-0.07117198764002963,0.0019951379312338454,8.260386614084943
-8.379759509754884,-0.07127166704693631,0.001988584498404005,8.287405245904445
-8.35031890445223,-0.0713914929135661,0.0019944933781929986,8.314614396166258
-8.320878299149577,-0.0714821740242562,0.002023423930565028,8.342016087125021
-8.29143769384693,-0.07152381215251806,0.0020722001800460056,8.369612369757245
-8.261997088544277,-0.07158474956407314,0.0021189880821759345,8.39740532427306
-8.232556483241623,-0.07171708234574516,0.0021373408977283276,8.425397060638904
-8.20311587793897,-0.07187961875147893,0.0020838351237907385,8.453589719111504
-8.173675272636324,-0.07203682842720155,0.0020069528709362495,8.481985470783384
-8.14423466733367,-0.07217323810027251,0.0019847269489087107,8.510586518140228
-8.114794062031017,-0.07223131291957359,0.0021071685683821052,8.539395095630317
-8.08535345672837,-0.07230406484782925,0.002219663837596471,8.568413470246464
-8.055912851425717,-0.07241177397572666,0.0022663691787081735,8.597643942120706
-8.026472246123063,-0.07252058309218791,0.0022560002871186867,8.627088845132034
-7.997031640820417,-0.07261637306189518,0.002226709623974158,8.656750547527594
-7.9675910355177635,-0.07274321150765793,0.0022337738539234026,8.686631452557668
-7.93815043021511,-0.07291648890413154,0.002253936439776507,8.716733999124726
-7.908709824912464,-0.07310731746816433,0.002216473403924484,8.747060662447025
-7.87926921960981,-0.07319801845193398,0.0022965615309624428,8.777613954737104
-7.849828614307157,-0.0732643451244852,0.002364751568491547,8.808396425895461
-7.820388009004503,-0.07335144580713869,0.002376016683910872,8.839410664219994
-7.790947403701857,-0.0734520479323044,0.0023674219719456314,8.870659297131457
-7.761506798399203,-0.07357173635990467,0.0023335780503549765,8.902144991915497
-7.73206619309655,-0.07370161851487701,0.0022484007588073293,8.93387045648155
-7.702625587793904,-0.07382608006952818,0.002190599360160316,8.965838440139219
-7.67318498249125,-0.07388074824740733,0.0022601681164936146,8.998051734392519
-7.643744377188597,-0.07396083049560659,0.002283206990014569,9.030513173752405
-7.61430377188595,-0.07413343378280483,0.0021862556119346473,9.06322563656824
-7.584863166583297,-0.0742812674476649,0.0021295834199274058,9.09619204587859
-7.555422561280643,-0.07440565439572237,0.002100824791552246,9.129415370281876
-7.52598195597799,-0.07453319358986966,0.0020756388266769715,9.162898624827521
-7.4965413506753436,-0.0746235034806574,0.0020462186078796336,9.196644871928047
-7.46710074537269,-0.07466008627902115,0.0020451667073826904,9.230657222292809
-7.437660140070037,-0.07470887746099746,0.0020404091922598183,9.264938835883813
-7.40821953476739,-0.07482127171320006,0.0020164434243530325,9.299492922894403
-7.378778929464737,-0.0749666977110957,0.001967012927412127,9.334322744751375
-7.349338324162083,-0.07510214608183391,0.0018994180257949508,9.369431615141108
-7.319897718859437,-0.07518990158971371,0.0018688905205701148,9.404822901060518
-7.2904571135567835,-0.0752465124211567,0.001898833913935836,9.440500023893502
-7.26101650825413,-0.07533117912346962,0.0019373111066530034,9.476466460513466
-7.231575902951477,-0.07549346423655473,0.0019201269863073152,9.512725744412883
-7.20213529764883,-0.07562844198300166,0.0018857067890885222,9.549281466860505
-7.172694692346177,-0.07579060519022514,0.00189568237799841,9.586137278087122
-7.143254087043523,-0.07600320956227492,0.0019238305438334078,9.623296888500555
-7.113813481740877,-0.07615099100554422,0.001975222615976413,9.6607640699309
-7.084372876438223,-0.07623280188725456,0.002007002272844495,9.698542656906822
-7.05493227113557,-0.07632466532796132,0.0020398014760418166,9.73663654796372
-7.025491665832924,-0.07644337473023355,0.0021055571326875164,9.77504970698487
-6.99605106053027,-0.07655682608513188,0.0021857945766404984,9.813786164576435
-6.966610455227617,-0.0767567251064514,0.0021749165697808907,9.852850019477238
-6.937169849924963,-0.07694263436414599,0.0021642536469543704,9.892245440004546
-6.907729244622317,-0.07707969019919281,0.0021503141919656794,9.93197666553676
-6.878288639319663,-0.07718480293003797,0.0021231719297557104,9.972048008034243
-6.84884803401701,-0.0772536963935771,0.002132689619411955,10.012463853599264
-6.819407428714364,-0.07731059186759867,0.0021777817859172845,10.05322866407646
-6.78996682341171,-0.07742845135829518,0.00216455406649365,10.094346978694912
-6.760526218109057,-0.07763412932922976,0.002060803359824563,10.135823415753046
-6.73108561280641,-0.07780373489486343,0.0018438704735286276,10.177662674347854
-6.701645007503757,-0.07795384147731975,0.0017888647004613554,10.219869536149666
-6.672204402201103,-0.07813476349140645,0.0018552262810065756,10.26244886722384
-6.64276379689845,-0.0782787679903752,0.0018855353395508736,10.30540561990099
-6.6133231915958035,-0.07835819331655818,0.0018294798679845603,10.3487448346971
-6.58388258629315,-0.07849631692436024,0.0018106954299447282,10.39247164228523
-6.554441980990497,-0.07868396217287375,0.001783084320497833,10.436591265520239
-6.52500137568785,-0.07884303252834528,0.0017534171059286686,10.481109021518428
-6.495560770385197,-0.07906695318543773,0.0018293846198606776,10.526030323793734
-6.466120165082543,-0.07930239669393972,0.0018765976332571202,10.571360684452182
-6.436679559779897,-0.07949144453793477,0.0018606324040577665,10.617105716446664
-6.4072389544772435,-0.07964883460430261,0.0018383515788961639,10.663271135893874
-6.37779834917459,-0.07980417579212047,0.0018678122545257487,10.709862764455314
-6.348357743871944,-0.07994735568374257,0.0019190434402968826,10.756886531784668
-6.31891713856929,-0.08014864282094712,0.001989494241174298,10.804348478043563
-6.289476533266637,-0.08039642732021676,0.0018737015708698594,10.852254756487916
-6.260035927963983,-0.08064160427163315,0.0017615022203838683,10.900611636127351
-6.230595322661337,-0.0808638895628712,0.0017815082454404228,10.949425504459958
-6.201154717358683,-0.08104685854816275,0.00181947198248454,10.998702870285022
-6.17171411205603,-0.08117826493242543,0.0017831880854416882,11.048450366596128
-6.142273506753384,-0.0813110458376437,0.0017558997046333502,11.098674753557592
-6.11283290145073,-0.08158988217322209,0.0018493370624955235,11.149382921566884
-6.083392296148077,-0.08176039719834875,0.001849374150913577,11.200581894405888
-6.05395169084543,-0.08199305493810828,0.001820393157980587,11.252278832484189
-6.024511085542777,-0.08228171643234423,0.0018660991788547892,11.30448103617749
-5.995070480240123,-0.08251107747980455,0.001850956962496018,11.357195949264261
-5.96562987493747,-0.08268035135427428,0.001749428015638262,11.410431162464274
-5.9361892696348235,-0.08284955493710557,0.0016612109678639361,11.464194417082377
-5.90674866433217,-0.08301561646091621,0.001675972185095366,11.518493608761283
-5.877308059029517,-0.08326508729195299,0.0017175171988998135,11.573336791347051
-5.84786745372687,-0.08353628447857957,0.0017467366557206599,11.62873218087143
-5.818426848424217,-0.08374181535968933,0.0016562830087694259,11.684688159655105
-5.788986243121563,-0.0838543527381987,0.0015543410490243715,11.741213280536034
-5.759545637818917,-0.08397865518772514,0.0015280669003286183,11.798316271227584
-5.7301050325162635,-0.08419248098076541,0.0015380430008691528,11.856006038811026
-5.70066442721361,-0.08448313572870901,0.0015263676450017983,11.914291674367092
-5.6712238219109565,-0.08478236808423471,0.0015862089251292447,11.973182457751953
-5.64178321660831,-0.08502902706731408,0.0015526202301149863,12.032687862522637
-5.612342611305657,-0.08518633995216585,0.0014545037003070205,12.092817561017565
-5.582902006003003,-0.08537103193869951,0.0014756180579070586,12.153581429597676
-5.553461400700357,-0.08559847113150272,0.0014590563434017476,12.214989554054405
-5.524020795397703,-0.08585474668286786,0.001401575803602957,12.277052235190594
-5.49458019009505,-0.08607523471420242,0.0014413736994035465,12.339779994580676
-5.465139584792404,-0.08628905269553049,0.0015584481426579617,12.40318358051719
-5.43569897948975,-0.086518084633476,0.0015927919449510014,12.467273974150531
-5.406258374187097,-0.0866691866845621,0.0014704353037042098,12.532062395829168
-5.376817768884443,-0.08687292164124061,0.0014502154885136017,12.597560311648321
-5.347377163581797,-0.08709932764178518,0.0015331153835412017,12.663779440214864
-5.317936558279143,-0.08732165577175384,0.0016277025567847372,12.730731759637028
-5.28849595297649,-0.08754544514698075,0.0016413932412172047,12.798429514747422
-5.2590553476738435,-0.08777197898754895,0.0016032242145283316,12.866885224568797
-5.22961474237119,-0.08804764676211675,0.001567671750919526,12.93611169003199
-5.200174137068537,-0.08823142796122936,0.0014073770669014703,13.006122001955887
-5.17073353176589,-0.08855713785298892,0.0013476644992386285,13.076929549300162
-5.141292926463237,-0.08899117625042534,0.001412911954732783,13.148548027701535
-5.111852321160583,-0.08933191610912294,0.0013929473780838408,13.220991448304883
-5.08241171585793,-0.08959048300345605,0.0012204342385025181,13.294274146901431
-5.0529711105552835,-0.08985021961869359,0.0010694356256045383,13.368410793386321
-5.02353050525263,-0.09015371115794109,0.0010576310960207517,13.443416401548813
-4.9940898999499765,-0.09054318174647717,0.0010221071025628425,13.519306339208626
-4.96464929464733,-0.09101286470720078,0.001064025196519638,13.596096338713068
-4.935208689344677,-0.0914366124017207,0.0010983406873780954,13.673802507809905
-4.905768084042023,-0.09181791326085655,0.0010701794178967585,13.752441340911547
-4.876327478739377,-0.09217648031249386,0.0009896097286933052,13.832029730767472
-4.846886873436723,-0.09252023501018745,0.0009296162158429023,13.912584980562013
-4.81744626813407,-0.09292721054060682,0.0008474357675044839,13.994124816455603
-4.7880056628314165,-0.09336388532445301,0.0007751787786339589,14.076667400588871
-4.75856505752877,-0.09374467481551707,0.0007190572106164916,14.160231344569363
-4.729124452226117,-0.09417205404924922,0.0007771281929720373,14.244835723462135
-4.699683846923463,-0.09457635389107909,0.0008053712278031457,14.330500090306009
-4.670243241620817,-0.09498623102254806,0.000685005911430208,14.41724449117904
-4.640802636318163,-0.09537585597510051,0.0005831747729751301,14.505089480837462
-4.61136203101551,-0.09583860424266351,0.0005306707532550093,14.59405613895347
-4.5819214257128635,-0.09629803039405944,0.0004684966110457137,14.684166086979227
-4.55248082041021,-0.09670596389090358,0.0004288006077009368,14.77544150566521
-4.523040215107557,-0.09706010489751649,0.00048590117365817937,14.867905153262532
-4.49359960980491,-0.09743309039081434,0.0005092334743374123,14.961580384440984
-4.464159004502257,-0.09791959452115932,0.0003755567418140438,15.056491169955663
-4.434718399199603,-0.09842101461891273,0.00026977752477253864,15.152662117096751
-4.40527779389695,-0.0989032220313046,0.000321915861998291,15.250118490959526
-4.3758371885943035,-0.09934575862219669,0.00039713290523550105,15.348886236572854
-4.34639658329165,-0.09981039215151262,0.00037048714150576096,15.448992001927161
-4.3169559779889966,-0.10024415066120101,0.0003493345766903486,15.550463161944442
-4.28751537268635,-0.10062436852303099,0.0002914771109101234,15.653327843436022
-4.258074767383697,-0.10102774047479803,0.0001993206699807154,15.757614951095706
-4.228634162081043,-0.10154800260915615,0.00016635656170676312,15.863354194578486
-4.199193556778397,-0.10218332787930155,0.00025521423900532055,15.970576116718599
-4.169752951475743,-0.10266980752942301,0.00023089303419314463,16.079312122942977
-4.14031234617309,-0.10310368153202099,0.00020945979708995294,16.189594511939365
-4.1108717408704365,-0.10368555225420807,0.00028195365727998916,16.301456507642527
-4.08143113556779,-0.10434842332697032,0.00039933539466437503,16.414932292604615
-4.051990530265137,-0.10495045037907713,0.0004710414349780073,16.530057042820484
-4.022549924962483,-0.10548099002864952,0.00047260380167536166,16.646866964082033
-3.993109319659837,-0.10609790376555488,0.0004911001159916562,16.76539932994098
-3.9636687143571834,-0.10668469301603073,0.0005105116958729415,16.885692521363506
-3.93422810905453,-0.10729633753192276,0.0005838533891615351,17.007786068165082
-3.9047875037518835,-0.10792441733337903,0.0006947110085684396,17.131720692319966
-3.87534689844923,-0.10854829635355716,0.0007808072367658439,17.25753835324485
-3.8459062931465766,-0.10916222524611795,0.0007877168058159475,17.385282295162067
-3.816465687843923,-0.10998864370813873,0.0008663142629521865,17.51499709665534
-3.787025082541277,-0.11083387328656184,0.0007726857254684255,17.64672872253682
-3.7575844772386233,-0.11180846375527949,0.0007277161012898411,17.780524578152598
-3.72814387193597,-0.1126215983335187,0.0008336384821354177,17.916433566260906
-3.6987032666333235,-0.11338124331259425,0.0008029738720459135,18.05450614662708
-3.66926266133067,-0.11410065835241211,0.0008371763605190397,18.194794398487467
-3.6398220560280166,-0.11496136265340079,0.0010521415871172534,18.337352086044458
-3.61038145072537,-0.11575267459575761,0.0011167532758829353,18.482234727166293
-3.5809408454227167,-0.1164022723061326,0.0009563586738210488,18.629499665475752
-3.5515002401200633,-0.1170835829475599,0.0007999596998686893,18.77920614602401
-3.52205963481741,-0.11778595829309295,0.001046000849805019,18.931415394760236
-3.4926190295147634,-0.11864523818042955,0.0013237908794188843,19.08619070202018
-3.46317842421211,-0.11956556718358642,0.001244769473669033,19.243597510273453
-3.4337378189094565,-0.12037441445175011,0.0010844609440520466,19.403703506384474
-3.40429721360681,-0.12107332695228455,0.0010784354444675853,19.56657871866098
-3.3748566083041567,-0.1217617584058505,0.0012182493592684245,19.73229561898224
-3.345416003001503,-0.12251427528862528,0.0014090208605837906,19.900929230319385
-3.315975397698857,-0.12333087052995596,0.0015315806161915646,20.0725572399838
-3.2865347923962034,-0.12426678948881982,0.001592411376270909,20.247260118962345
-3.25709418709355,-0.12514267099350276,0.0015419156934733517,20.425121247724164
-3.2276535817908965,-0.125792506129322,0.001529903014275239,20.606227048913098
-3.19821297648825,-0.12633703183850928,0.001669189691510188,20.790667127368714
-3.1687723711855966,-0.1273241558778381,0.0016751233782974749,20.978534417953068
-3.139331765882943,-0.12853542501339874,0.0019051927707831396,21.169925341694952
-3.109891160580297,-0.12897172749444383,0.0021050075644631003,21.364939970803597
-3.0804505552776433,-0.12952350030663148,0.002153055761727932,21.56368220314487
-3.05100994997499,-0.13022016046763818,0.0022752305517865774,21.766259946818636
-3.0215693446723435,-0.13088587409601318,0.002483200355494764,21.972785315527076
-2.99212873936969,-0.13147354854001206,0.0025324606197210105,22.183374835476876
-2.9626881340670366,-0.1321447897752072,0.0024273485592492456,22.398149664616952
-2.93324752876439,-0.13289271390243904,0.0025812925520129716,22.61723582507944
-2.9038069234617367,-0.1336147447600287,0.0027507389206575007,22.84076444976048
-2.8743663181590833,-0.13421216782023448,0.002784055389558697,23.06887204405406
-2.84492571285643,-0.13475971139167897,0.002795401931967389,23.301700763837694
-2.8154851075537835,-0.1353352317492087,0.0028532461455875436,23.539398710898574
-2.78604450225113,-0.1358592207781941,0.0029741997109122426,23.782120247090994
-2.7566038969484765,-0.13628343273493967,0.0031658371619322067,24.030026328624444
-2.72716329164583,-0.13676567159764827,0.0032342056688780562,24.28328486200471
-2.6977226863431767,-0.1373414412562104,0.003260928001753887,24.54207108328159
-2.6682820810405232,-0.13773055957127364,0.003535466746186339,24.80656796240272
-2.638841475737877,-0.13806386337727006,0.003533200636298627,25.07696663463533
-2.6094008704352234,-0.13825215046596875,0.0035057822118079716,25.353466861193183
-2.57996026513257,-0.1387755518959071,0.0038617331717856977,25.636277521400885
-2.5505196598299165,-0.13927072090715353,0.004238081574394405,25.925617138945157
-2.52107905452727,-0.1394729315438313,0.004437271501251651,26.22171444499837
-2.4916384492246166,-0.13977043641911932,0.004713190521611873,26.52480898126489
-2.462197843921963,-0.13995457268257194,0.004729970448322378,26.83515174629064
-2.432757238619317,-0.14005439648947318,0.004791139169886147,27.15300588870212
-2.4033166333166633,-0.1403926102280724,0.005167780339896537,27.478647451398476
-2.37387602801401,-0.14097872720218363,0.005999390406014056,27.812366171119336
-2.3444354227113635,-0.14135692897067084,0.006419893827655939,28.154466338257457
-2.31499481740871,-0.14170637196737954,0.0066244173136837,28.505267722278695
-2.2855542121060566,-0.14194853014417877,0.0069239656759448815,28.865106568664107
-2.256113606803403,-0.1422771011648318,0.007300241796943644,29.234336673909045
-2.2266730015007568,-0.14243272700020201,0.007848449780151945,29.613330545802203
-2.1972323961981033,-0.14251074804707334,0.0081765807613017,30.00248065698433
-2.16779179089545,-0.14265381911859917,0.008348506574854867,30.402200800652892
-2.1383511855928035,-0.14280661513806583,0.008857500148208302,30.812927558258814
-2.10891058029015,-0.14310711042126426,0.009485811508396813,31.235121890138423
-2.0794699749874965,-0.14338489579886862,0.010097111900347802,31.669270861263026
-2.05002936968485,-0.14349980397234638,0.010549297751501778,32.11588951569102
-2.0205887643821967,-0.14348605199752773,0.01083143791097175,32.57552291488819
-1.9911481590795432,-0.14340985161587874,0.011312226150259745,33.04874835687531
-1.9617075537768898,-0.14348205070874884,0.012116533945787473,33.536177795202136
-1.9322669484742434,-0.14320027045912478,0.012728817371730837,34.03846047905789
-1.90282634317159,-0.14251572718753028,0.013137978121407797,34.55628583846986
-1.8733857378689365,-0.14201915904342616,0.013813790239701022,35.0903866415494
-1.8439451325662901,-0.140972578266239,0.01447764401180726,35.64154245419236
-1.8145045272636366,-0.1395674657766178,0.015250172985534655,36.21058343658453
-1.7850639219609832,-0.13762443642852157,0.01596506961013397,36.79839451539457
-1.7556233166583368,-0.1350520860298019,0.01661587303800558,37.405919975757236
-1.7261827113556834,-0.13149810684949956,0.017695350519692305,38.034168523163146
-1.6967421060530299,-0.127137967701052,0.0188801325502369,38.68421887232803
-1.6673015007503764,-0.12174023698510272,0.02019128522622294,39.357225928180945
-1.63786089544773,-0.11450967989322823,0.020681395635143617,40.05442763347228
-1.6084202901450766,-0.10643939268547838,0.022091497568860904,40.77715256841661
-1.5789796848424231,-0.09721600461262642,0.0227861107843325,41.5268284005211
-1.5495390795397768,-0.08688964909211944,0.022616789957571354,42.30499129767506
-1.5200984742371233,-0.07636842438000344,0.021728231799460075,43.11329643509135
-1.4906578689344698,-0.06589306847725328,0.020740281455004957,43.953529747323216
-1.4612172636318235,-0.0554935403716218,0.019371805883564647,44.827621100960805
-1.43177665832917,-0.04576894035115207,0.01798594642588432,45.73765909249246
-1.4023360530265165,-0.036591420421487476,0.016604001366039723,46.68590771015938
-1.372895447723863,-0.027886209715025867,0.01499591728541972,47.67482513961062
-1.3434548424212167,-0.019660486423917697,0.013389358910406206,48.707085042210785
-1.3140142371185632,-0.011935638375442476,0.01180356550243755,49.785600693803474
-1.2845736318159098,-0.004853997013187168,0.010404566185812718,50.91355244282934
-1.2551330265132634,0.0017518184498539486,0.009236981716398572,52.09441903281924
-1.22569242121061,0.007731777010638333,0.008007948385227595,53.33201343900436
-1.1962518159079565,0.013017485266503976,0.006582304845830347,54.630523996710004
-1.1668112106053101,0.017319113126325947,0.0051404412201017085,55.994561756182435
-1.1373706053026567,0.01967534149454232,0.00327846985898721,57.429215192036004
-1.10793,0.025009889999999996,0.0020079780721412766,58.94011363533797
