Temp./°C,DSC_mean/(mW/mg),DSC_std/(mW/mg),pore radius in nm
-59.96628,-0.037275873333333334,0.0012491787462256198,1.6484394162852856
-59.936837338669335,-0.03729207253207565,0.0012654058209774788,1.6489691760775802
-59.907394677338665,-0.03732901741338784,0.0012643824490303672,1.6494994565915064
-59.877952016008,-0.03735276074920287,0.0012656490279371352,1.6500302585951983
-59.84850935467733,-0.03737417467539499,0.0012652527365229814,1.6505615828583013
-59.81906669334667,-0.03739740892516258,0.0012627162428678624,1.6510934301519766
-59.78962403201601,-0.03742071477881781,0.0012617122049119077,1.6516258012489033
-59.76018137068534,-0.037445492621692486,0.0012653979685264816,1.6521586969232849
-59.730738709354675,-0.0374767019978427,0.001272456049522184,1.6526921179508496
-59.70129604802401,-0.037504367654224186,0.0012728591219737257,1.653226065108857
-59.67185338669334,-0.03751784925981694,0.0012694771414049955,1.6537605391761003
-59.64241072536268,-0.03753302006701433,0.0012701334852086709,1.6542955409329112
-59.61296806403201,-0.037562470621463374,0.0012754157417234312,1.654831071161162
-59.58352540270135,-0.037592304235810024,0.0012759135777987637,1.655367130644271
-59.554082741370685,-0.03760558925178863,0.0012654658897295796,1.6559037201672058
-59.524640080040015,-0.03761058600833632,0.0012511983779546025,1.656440840516486
-59.49519741870935,-0.0376354333636858,0.0012545796303547073,1.6569784924801905
-59.46575475737869,-0.03767414675285404,0.0012726552774855414,1.6575166768479561
-59.43631209604802,-0.03769076988077014,0.0012793984661330741,1.6580553944109861
-59.40686943471736,-0.03769136467057604,0.0012688278382636216,1.6585946459620522
-59.37742677338669,-0.0377027689026062,0.0012651101523227818,1.659134432295498
-59.347984112056025,-0.03772581651403576,0.0012711322718686783,1.6596747542072428
-59.31854145072536,-0.03774365137762514,0.0012735868554030905,1.6602156124947878
-59.28909878939469,-0.03774182500142941,0.0012624225458394255,1.660757007957217
-59.25965612806403,-0.03773120098142508,0.0012482145685463394,1.6612989413952026
-59.23021346673337,-0.03774229372395038,0.0012560200973908671,1.6618414136110093
-59.2007708054027,-0.03775400912561078,0.0012608066112402257,1.6623844254084976
-59.171328144072035,-0.03776308687789496,0.001252409210208113,1.662927977593128
-59.141885482741365,-0.03776839148698873,0.0012375206855672267,1.6634720709719653
-59.1124428214107,-0.03777461778257347,0.0012279582041057231,1.6640167063536806
-59.08300016008004,-0.037786370066547836,0.001223818305449449,1.6645618845485588
-59.05355749874937,-0.037799445880420994,0.0012220754857912124,1.6651076063684997
-59.02411483741871,-0.03780855796050313,0.001219593324134856,1.6656538726270242
-58.994672176088045,-0.03781454842939641,0.001217887112696071,1.6662006841392754
-58.965229514757375,-0.037820535450762006,0.0012195202658657211,1.6667480417220268
-58.93578685342671,-0.03783398041698758,0.0012263923479341528,1.6672959461936814
-58.90634419209604,-0.0378487959063555,0.0012238253731238864,1.6678443983742808
-58.87690153076538,-0.03785871337717797,0.0012151701543395238,1.6683933990855055
-58.84745886943472,-0.03786467652248996,0.00120944028248409,1.668942949150681
-58.81801620810405,-0.03787104298987893,0.0012108022115761667,1.6694930493947813
-58.788573546773385,-0.037879729251449196,0.0012164723176507064,1.6700437006444329
-58.759130885442715,-0.03788860951248677,0.0012203776686417567,1.6705949037279186
-58.72968822411205,-0.037894701740062424,0.0012185587057026196,1.6711466594751831
-58.70024556278139,-0.037901220387047956,0.0012150683377576696,1.6716989687178363
-58.67080290145072,-0.03791772011763517,0.0012205702434681907,1.6722518322891564
-58.64136024012006,-0.0379339172590849,0.0012248930746497166,1.6728052510240952
-58.611917578789395,-0.037940672752846405,0.0012193002405380489,1.6733592257592833
-58.582474917458725,-0.0379440944337299,0.0012098926866019658,1.6739137573330325
-58.55303225612806,-0.03794784672466923,0.0012049668803934634,1.6744688465853406
-58.52358959479739,-0.03795122402930686,0.0012041541477067089,1.6750244943578956
-58.49414693346673,-0.03795547267529554,0.0012019095830129024,1.6755807014940811
-58.46470427213607,-0.03796936704536061,0.0012003290686163246,1.6761374688389785
-58.4352616108054,-0.03797647434258747,0.001195463357858075,1.676694797239373
-58.405818949474735,-0.03797661951159055,0.0011919158812998187,1.6772526875437572
-58.37637628814407,-0.03797829265466953,0.0011896815460587316,1.6778111406023353
-58.3469336268134,-0.03797972820205948,0.0011878783789828332,1.6783701572670275
-58.31749096548274,-0.0379816609281966,0.001185000309588794,1.6789297383914752
-58.28804830415207,-0.037987300866068184,0.0011825862045047025,1.6794898848310438
-58.25860564282141,-0.037997025295943836,0.001184397661303031,1.6800505974428277
-58.229162981490745,-0.03800522532986794,0.0011895197795601792,1.6806118770856555
-58.199720320160075,-0.03801545680740847,0.0011964968275922944,1.681173724620093
-58.17027765882941,-0.0380332026558129,0.0012045867630564944,1.6817361409084493
-58.14083499749875,-0.03804398835123902,0.0012074553200389798,1.6822991268147791
-58.11139233616808,-0.03805141218048116,0.001209143702537759,1.6828626832048883
-58.08194967483742,-0.038059749403452935,0.0012129751623700946,1.6834268109463393
-58.05250701350675,-0.03807111319283302,0.0012187787485078499,1.683991510908454
-58.023064352176085,-0.038083802706009036,0.0012243727051033189,1.684556783962318
-57.99362169084542,-0.03809451197004984,0.0012281648461946644,1.6851226309807874
-57.96417902951475,-0.03810169080726028,0.001230502666943345,1.6856890528384905
-57.93473636818409,-0.03810780284544584,0.0012334869105974874,1.6862560504118336
-57.90529370685343,-0.03811654225639622,0.0012322932538321625,1.6868236245790067
-57.87585104552276,-0.03812450342091292,0.0012304757651576204,1.687391776219986
-57.846408384192095,-0.038128815802852135,0.0012293050532379871,1.6879605062165384
-57.816965722861426,-0.03813557096067904,0.0012313066923720023,1.6885298154522284
-57.78752306153076,-0.03814621335637632,0.0012389395579834948,1.68909970481242
-57.7580804002001,-0.0381551435196134,0.001247221396868656,1.689670175184284
-57.72863773886943,-0.03815980058001028,0.001249324083474369,1.6902412274567995
-57.69919507753877,-0.03816831689728701,0.001247966799411988,1.6908128625207604
-57.6697524162081,-0.03817884197493284,0.0012484557807944533,1.691385081268781
-57.640309754877435,-0.03818919343255122,0.001250696051129449,1.6919578845952978
-57.61086709354677,-0.03820052743657667,0.0012540342897370458,1.6925312733965767
-57.5814244322161,-0.038216419670243064,0.0012625518162669965,1.6931052485707165
-57.55198177088544,-0.0382356835967371,0.001273493863946208,1.6936798110176539
-57.52253910955478,-0.03825079352761462,0.0012821443845379959,1.6942549616391673
-57.49309644822411,-0.03825788156318932,0.0012868179518408503,1.6948307013388835
-57.463653786893445,-0.03826011466918857,0.0012852532300785557,1.695407031022281
-57.434211125562776,-0.03826430268431517,0.001282738742489763,1.6959839515966944
-57.40476846423211,-0.03828036300053674,0.0012847179696942866,1.69656146397132
-57.37532580290145,-0.038299475153566895,0.0012915666374200174,1.6971395690572213
-57.34588314157078,-0.03831388785373679,0.001299600910611051,1.697718267767331
-57.31644048024012,-0.03832320920717968,0.0013052299323076692,1.6982975610164597
-57.286997818909455,-0.03832993538335206,0.0013076496283979898,1.6988774497212966
-57.257555157578786,-0.03833776703520384,0.001305930985173962,1.6994579348004186
-57.22811249624812,-0.038347807764510466,0.0012994073244264083,1.7000390171742912
-57.19866983491745,-0.038358860696944753,0.00129933593774659,1.7006206977652756
-57.16922717358679,-0.03836924218858383,0.0013035022437892158,1.7012029774976334
-57.13978451225613,-0.03839120501730051,0.001308126383220909,1.7017858572975313
-57.11034185092546,-0.03841816950903693,0.0013129285474665106,1.7023693380930451
-57.080899189594795,-0.038439454186246065,0.0013149478334383298,1.7029534208141666
-57.05145652826413,-0.03845205139622663,0.0013145813591370426,1.7035381063928057
-57.02201386693346,-0.038462886165540895,0.0013144930862727165,1.704123395762799
-56.9925712056028,-0.03847801524950508,0.0013160717210560437,1.7047092898599114
-56.96312854427213,-0.03849100653008844,0.0013152639005858786,1.7052957896218435
-56.93368588294147,-0.038502351611288343,0.0013079115021473802,1.7058828959882342
-56.904243221610805,-0.03852000911454062,0.0013012259697356657,1.7064706099006681
-56.874800560280136,-0.038533442640647536,0.0012986011158426126,1.70705893230268
-56.84535789894947,-0.0385450125289535,0.0012978998533504321,1.707647864139758
-56.81591523761881,-0.038555553359057464,0.0012941046194074968,1.7082374063593515
-56.78647257628814,-0.038563330432311194,0.0012870451828267489,1.7088275599108744
-56.75702991495748,-0.03857017540461765,0.0012822355650503165,1.7094183257457094
-56.72758725362681,-0.038579117348899454,0.0012834741181917005,1.7100097048172165
-56.698144592296146,-0.03858447832134753,0.0012857167258523109,1.7106016980807346
-56.66870193096548,-0.03858852833664717,0.0012870187995742473,1.7111943064935877
-56.63925926963481,-0.03860102249528039,0.0012902324185076752,1.711787531015092
-56.60981660830415,-0.03861833932598105,0.0012970133101194688,1.7123813726065578
-56.58037394697348,-0.038630750225808023,0.001303896916019695,1.712975832231297
-56.55093128564282,-0.03863578706766966,0.0013103549854628258,1.7135709108546275
-56.521488624312155,-0.03864034740963101,0.0013166698107452274,1.7141666094438786
-56.492045962981486,-0.038649357037895286,0.0013211478717059673,1.7147629289683972
-56.46260330165082,-0.03865954052236089,0.0013244534980263415,1.71535987039955
-56.43316064032016,-0.0386689365193649,0.0013276506955326767,1.7159574347107331
-56.40371797898949,-0.03867752311266268,0.0013295969598926248,1.7165556228773733
-56.37427531765883,-0.0386898118090162,0.0013344786920838337,1.7171544358769362
-56.34483265632816,-0.03870732025427802,0.0013337372382111203,1.7177538746889298
-56.315389994997496,-0.03872170975744708,0.0013319455133873896,1.7183539402949113
-56.28594733366683,-0.038728658588259524,0.0013339151012946866,1.7189546336784907
-56.25650467233616,-0.03873354730380403,0.0013399181445262877,1.7195559558253382
-56.2270620110055,-0.038744728941654046,0.0013453575478829974,1.7201579077231872
-56.19761934967484,-0.0387579471910963,0.0013434692256280752,1.7207604903618425
-56.16817668834417,-0.0387686868278796,0.001342015594956852,1.721363704733184
-56.138734027013506,-0.03877790681288356,0.0013450721581294148,1.7219675518311708
-56.109291365682836,-0.03879293885560565,0.0013459261286128204,1.7225720326518505
-56.07984870435217,-0.03880728387488581,0.0013462821686611398,1.7231771481933613
-56.05040604302151,-0.03881767027901087,0.0013454795364676283,1.723782899455938
-56.02096338169084,-0.03882467703088957,0.0013437563012607763,1.7243892874419204
-55.99152072036018,-0.03883097419602654,0.0013420894331367494,1.7249963131557537
-55.96207805902951,-0.038843333526117386,0.0013437287415001802,1.7256039776039995
-55.932635397698846,-0.03886471175820432,0.0013442003435579107,1.7262122817953367
-55.90319273636818,-0.03888018981340687,0.0013381882546315718,1.7268212267405705
-55.87375007503751,-0.038888483920596205,0.0013318755534643648,1.7274308134526368
-55.84430741370685,-0.0388923931602939,0.001331045717796875,1.7280410429466064
-55.81486475237619,-0.03889475498918963,0.0013314959598726248,1.7286519162396936
-55.78542209104552,-0.038895988690520404,0.001330568639726917,1.7292634343512585
-55.755979429714856,-0.038898801579661475,0.001330714192391016,1.7298755983028156
-55.72653676838419,-0.03890552214828007,0.0013330297301519726,1.7304884091180375
-55.69709410705352,-0.03891265468111655,0.0013337789645187458,1.7311018678227619
-55.66765144572286,-0.03891886685203927,0.001334698909262947,1.7317159754449962
-55.63820878439219,-0.03892205301455282,0.0013306556769072607,1.732330733014925
-55.60876612306153,-0.03892168147570343,0.0013245561349433943,1.732946141564912
-55.579323461730866,-0.03892533585248826,0.00131791755209362,1.7335622021295118
-55.549880800400196,-0.03893263720943435,0.0013154565867117564,1.7341789157454701
-55.52043813906953,-0.03894263259179181,0.0013174931533142973,1.734796283451732
-55.49099547773886,-0.038956843706940185,0.0013183866207831239,1.7354143062894494
-55.4615528164082,-0.03897147918001715,0.0013077467248944286,1.736032985301982
-55.43211015507754,-0.03898522211855603,0.001294944351111084,1.7366523215349088
-55.40266749374687,-0.039003208979190386,0.0012929890735983852,1.7372723160360302
-55.373224832416206,-0.03902225946124647,0.0012909120729723569,1.7378929698553756
-55.34378217108554,-0.03903663028186862,0.0012838825185359538,1.7385142840452086
-55.31433950975487,-0.039046910480798475,0.0012759957947604686,1.7391362596600333
-55.28489684842421,-0.03906060032254593,0.001273365741786186,1.7397588977565994
-55.25545418709355,-0.0390791140172594,0.001277457947476422,1.7403821993939101
-55.22601152576288,-0.03909102282977358,0.001279728558198006,1.7410061656332272
-55.196568864432216,-0.03909094058557978,0.001269596105641568,1.741630797538075
-55.167126203101546,-0.03909672046884099,0.0012613613432544738,1.7422560961742501
-55.13768354177088,-0.039104416915725575,0.0012548632587429448,1.7428820626098243
-55.10824088044022,-0.039111878597726246,0.0012425025444219172,1.7435086979151526
-55.07879821910955,-0.03911983294940001,0.0012332797471887146,1.7441360031628794
-55.04935555777889,-0.03912822806348722,0.0012308122188573892,1.7447639794279417
-55.01991289644822,-0.03913651933287466,0.001230963385293342,1.7453926277875795
-54.990470235117556,-0.03914265809658992,0.0012269203645864217,1.7460219493213387
-54.96102757378689,-0.039136479988868454,0.001208651182193583,1.7466519451110791
-54.93158491245622,-0.0391391072758456,0.0011998554518551367,1.7472826162409798
-54.90214225112556,-0.03915910098388614,0.001205784017208978,1.7479139637975454
-54.87269958979489,-0.03917592963406429,0.0012075785387111603,1.7485459888696124
-54.84325692846423,-0.03918440867809764,0.001203156395656313,1.7491786925483557
-54.813814267133566,-0.03918780712481528,0.0011906040750036535,1.7498120759272946
-54.784371605802896,-0.03918985251076964,0.0011777132421444806,1.7504461401022988
-54.75492894447223,-0.0391958452839258,0.0011767497993573467,1.7510808861715952
-54.72548628314157,-0.039208581647099804,0.0011882931579507284,1.7517163152357749
-54.6960436218109,-0.039213376262772735,0.0011858494584621282,1.7523524283977978
-54.66660096048024,-0.03923002402596475,0.0011934346476307276,1.7529892267630003
-54.637158299149576,-0.03924854522355493,0.0011985050367880998,1.753626711439101
-54.607715637818906,-0.039262595912399154,0.0011947509687238681,1.7542648835362087
-54.57827297648824,-0.039274100344286765,0.0011911795423028347,1.7549037441668256
-54.54883031515757,-0.039287025870277624,0.0011930143274617557,1.7555432944458578
-54.51938765382691,-0.03930432602336987,0.0011999098314941906,1.756183535490619
-54.48994499249625,-0.03932667058606166,0.0012086053765211643,1.7568244684208367
-54.46050233116558,-0.03933997094828718,0.0012022214932213898,1.7574660943586622
-54.431059669834916,-0.03934722361499011,0.0011970257292019523,1.7581084144286718
-54.401617008504246,-0.03936403562402868,0.0012042472210756524,1.7587514297578797
-54.37217434717358,-0.03938308114416083,0.001206073949671374,1.7593951414757378
-54.34273168584292,-0.03940112302308301,0.0012037644428066184,1.760039550714148
-54.31328902451225,-0.03941334935870353,0.001199424117418412,1.7606846586074658
-54.28384636318159,-0.039422300226025865,0.0011962249855781508,1.7613304662925082
-54.254403701850926,-0.03943518878029407,0.0011960488900033673,1.761976974908559
-54.224961040520256,-0.039453650831373636,0.0011942909791790737,1.7626241855973777
-54.19551837918959,-0.03947388068631632,0.0011891675931395172,1.7632720995032032
-54.16607571785893,-0.0394930261176639,0.0011879034675210793,1.7639207177727636
-54.13663305652826,-0.03950555734930094,0.0011915176475561593,1.7645700415552819
-54.1071903951976,-0.03951426458163237,0.001184815763588756,1.7652200720024807
-54.07774773386693,-0.03952308537372712,0.0011739131268805566,1.7658708102685927
-54.048305072536266,-0.03953372575287098,0.0011661226262310032,1.7665222575103647
-54.0188624112056,-0.039546150787785526,0.0011655711612877878,1.7671744148870663
-53.98941974987493,-0.03956288735146669,0.0011736016426332017,1.7678272835604942
-53.95997708854427,-0.03958589066829955,0.0011822292960299715,1.768480864694983
-53.9305344272136,-0.03961565270603709,0.0011847065332261505,1.7691351594574076
-53.90109176588294,-0.03963580347524298,0.0011956146526031252,1.7697901690171944
-53.871649104552276,-0.03965413729913669,0.001209170772263481,1.770445894546325
-53.842206443221606,-0.03967546741367553,0.001218945461913513,1.7711023372193457
-53.81276378189094,-0.03970432271814194,0.0012324936236020375,1.7717594982133722
-53.783321120560274,-0.039738160857148624,0.0012534816309345896,1.7724173787080986
-53.75387845922961,-0.03976875267528943,0.0012709971833915292,1.7730759798858027
-53.72443579789895,-0.039796050711264366,0.0012758139900995037,1.7737353029313545
-53.69499313656828,-0.03981836084780948,0.0012737337724058125,1.7743953490322237
-53.665550475237616,-0.0398388816609041,0.0012730665752424882,1.7750561193784842
-53.63610781390695,-0.03986642787439564,0.0012765316271157391,1.775717615162824
-53.606665152576284,-0.03988845271379457,0.001281613416047863,1.7763798375805515
-53.57722249124562,-0.039906446262289584,0.0012817598985500282,1.7770427878296027
-53.54777982991496,-0.039920740529427394,0.001272978724295482,1.777706467110547
-53.51833716858429,-0.03993078473241423,0.0012573433644320032,1.7783708766265973
-53.488894507253626,-0.039943371875572564,0.0012468177305981435,1.7790360175836146
-53.459451845922956,-0.03995484663199039,0.00124018768927664,1.779701891190117
-53.43000918459229,-0.03996614381918914,0.0012288632193100727,1.7803684986572863
-53.40056652326163,-0.03998025052510398,0.0012276951148584567,1.7810358411989755
-53.37112386193096,-0.03999209856509758,0.0012313415946370004,1.781703920031716
-53.3416812006003,-0.04000503736833754,0.00123207420001852,1.7823727363747248
-53.31223853926963,-0.040016345630747824,0.0012293444097798878,1.783042291449913
-53.282795877938966,-0.04002298870218066,0.0012239556954347388,1.783712586481892
-53.2533532166083,-0.040028075218556176,0.0012164970448363538,1.7843836226979817
-53.223910555277634,-0.04004193560895041,0.001213646335174463,1.7850554013282172
-53.19446789394697,-0.0400677447882638,0.001230110203724791,1.7857279236053576
-53.16502523261631,-0.04007563685058437,0.001238597837871254,1.786401190764892
-53.13558257128564,-0.040089766607026775,0.0012381311313567195,1.7870752040450486
-53.106139909954976,-0.04010378489438832,0.0012431370371282634,1.7877499646868014
-53.07669724862431,-0.04011386557414362,0.0012507877494440781,1.7884254739338772
-53.047254587293644,-0.04012252867253022,0.0012546144248311104,1.7891017330327657
-53.01781192596298,-0.04013475471284129,0.001252991553704498,1.789778743232723
-52.98836926463231,-0.04015080777108484,0.0012498070956940871,1.7904565057857842
-52.95892660330165,-0.04016441596319408,0.0012519770325193523,1.7911350219467672
-52.929483941970986,-0.04017472928401509,0.0012604790024399646,1.7918142929732825
-52.900041280640316,-0.040184898794417216,0.0012684465519653275,1.7924943201257406
-52.87059861930965,-0.040189541708094134,0.0012648612129938402,1.793175104667359
-52.841155957978984,-0.04019551581910443,0.0012602755689821994,1.7938566478641707
-52.81171329664832,-0.04020644986291056,0.0012578690768926992,1.7945389509850318
-52.78227063531766,-0.04022162452928936,0.0012544318258418002,1.795222015301631
-52.75282797398699,-0.040239496004723714,0.0012494038064558516,1.7959058420884944
-52.723385312656326,-0.04025890770133938,0.0012471043954468304,1.7965904326229953
-52.693942651325656,-0.04027939499656651,0.0012441896063704269,1.7972757881853627
-52.664499989994994,-0.04028704250502759,0.0012402985281708219,1.7979619100586879
-52.63505732866433,-0.0402959359017794,0.0012386549010005936,1.7986487995289329
-52.60561466733366,-0.04031215408706554,0.0012359226558930397,1.79933645788494
-52.576172006003,-0.04033247166716003,0.0012337723692305718,1.800024886418436
-52.546729344672336,-0.04035490598518086,0.0012367951483634055,1.8007140864240454
-52.517286683341666,-0.04038001920854298,0.0012468882836670285,1.801404059199295
-52.487844022011004,-0.040407196974387154,0.0012572788224038888,1.8020948060446216
-52.45840136068034,-0.040432945315820944,0.0012551456738121307,1.8027863282633834
-52.42895869934967,-0.040453040579856867,0.001241493749699689,1.8034786271618657
-52.39951603801901,-0.04046848973834439,0.0012373156720911127,1.8041717040492897
-52.37007337668834,-0.040487079820467745,0.001246223564453297,1.80486556023782
-52.340630715357676,-0.040513248360911476,0.0012520583453246418,1.8055601970425754
-52.31118805402701,-0.040539575141549204,0.0012478426235569668,1.8062556157816334
-52.281745392696344,-0.04056047264195323,0.0012415265975495814,1.806951817776043
-52.25230273136568,-0.04058101980239969,0.001244230345238702,1.8076488043498284
-52.22286007003501,-0.040606226546905384,0.0012460297574879693,1.8083465768300009
-52.19341740870435,-0.04062589858540527,0.0012325559931360172,1.8090451365465663
-52.163974747373686,-0.04064646352752325,0.0012300488976437428,1.8097444848325321
-52.134532086043016,-0.040670775895610196,0.00124125347621681,1.8104446230239182
-52.105089424712354,-0.040690871374797946,0.0012489080248253668,1.8111455524597635
-52.07564676338169,-0.04070952911455863,0.0012478054235313914,1.8118472744821355
-52.04620410205102,-0.04072778412261274,0.001244420599236949,1.8125497904361385
-52.01676144072036,-0.04074765919987892,0.0012448028523180219,1.8132531016699223
-51.987318779389696,-0.040774990237322735,0.0012472093477506666,1.8139572095346903
-51.957876118059026,-0.04081223434106582,0.0012495078797272721,1.8146621153847091
-51.928433456728364,-0.040841128652022766,0.0012475100520325459,1.8153678205773165
-51.898990795397694,-0.04086525020962601,0.001241894754866549,1.8160743264729304
-51.86954813406703,-0.040891375604342604,0.001242238035679618,1.816781634435058
-51.84010547273637,-0.04091348879673907,0.0012482012317753114,1.817489745830303
-51.8106628114057,-0.04093360894929145,0.001256874770189534,1.8181986620283772
-51.781220150075036,-0.04096053306878151,0.0012677329268444544,1.8189083844021061
-51.75177748874437,-0.04099824284741987,0.001278282062052005,1.8196189143274402
-51.722334827413704,-0.041034494281948324,0.0012741657408752484,1.8203302531834624
-51.69289216608304,-0.04106723687037408,0.0012676567824548397,1.8210424023523983
-51.66344950475237,-0.04110127597419593,0.0012763054132638146,1.8217553632196237
-51.63400684342171,-0.04112448178387946,0.0012775363245585228,1.8224691371736745
-51.60456418209104,-0.04114435931818288,0.0012739658747834698,1.8231837256062557
-51.575121520760376,-0.041172645901511054,0.0012720848700339528,1.8238991299122502
-51.545678859429714,-0.041209145816735,0.0012719148050484277,1.8246153514897268
-51.51623619809905,-0.04124480309172462,0.001269098438034727,1.8253323917399524
-51.48679353676838,-0.041276079377760976,0.0012653542126546962,1.826050252067398
-51.45735087543772,-0.04130531678154067,0.0012625620301906463,1.8267689338797486
-51.42790821410705,-0.04132408243707054,0.00126449048662302,1.8274884385879133
-51.398465552776386,-0.04134750371059947,0.0012737471135904495,1.8282087676060348
-51.369022891445724,-0.04136987104887231,0.0012690665916583008,1.828929922351496
-51.339580230115054,-0.041393529394595785,0.0012604149522681435,1.8296519042449342
-51.31013756878439,-0.041419083653753214,0.0012616677406396158,1.8303747147102438
-51.28069490745372,-0.04144275509872033,0.001273480324214705,1.8310983551745927
-51.25125224612306,-0.04146166880823005,0.0012839191964069542,1.8318228270684256
-51.221809584792396,-0.041481235687362124,0.0012844573151918235,1.8325481318254777
-51.19236692346173,-0.041500913097722754,0.0012762478278132508,1.8332742708827827
-51.162924262131064,-0.04152261001831208,0.0012696030515926917,1.834001245680681
-51.133481600800394,-0.0415511868709247,0.0012697240439043646,1.8347290576628312
-51.10403893946973,-0.04157994042550108,0.0012699228167232161,1.8354577082762185
-51.07459627813907,-0.04160440535440387,0.0012695904842261777,1.8361871989711651
-51.0451536168084,-0.04162746744216235,0.0012737153760612678,1.836917531201339
-51.015710955477736,-0.04165744938376243,0.00128144787756039,1.837648706423764
-50.98626829414707,-0.0416944908308119,0.001278086312205084,1.8383807260988299
-50.956825632816404,-0.041729440317589565,0.0012817703254292539,1.8391135916903005
-50.92738297148574,-0.04175922262758536,0.0012941987824336807,1.839847304665326
-50.89794031015508,-0.04179233141331958,0.0013061410054870442,1.840581866494451
-50.86849764882441,-0.041821119725321154,0.0013150867689316458,1.8413172786516245
-50.839054987493746,-0.041848617354145995,0.0013212147704782678,1.842053542614209
-50.80961232616308,-0.04187967577753923,0.001327805354014885,1.8427906598629935
-50.780169664832414,-0.041914109280685695,0.0013377011292920351,1.8435286318821995
-50.75072700350175,-0.04194650368863504,0.0013472906288894714,1.8442674601594935
-50.72128434217108,-0.041970625825501616,0.0013475764014953342,1.845007146185996
-50.69184168084042,-0.041998142701478114,0.0013521705128749764,1.845747691456292
-50.66239901950975,-0.04203013609135811,0.001357580443929469,1.8464890974684405
-50.63295635817909,-0.042063058082304754,0.0013608533087482056,1.8472313657239847
-50.603513696848424,-0.04209489980794129,0.001360255921638323,1.847974497727964
-50.574071035517754,-0.04212829842261073,0.0013608821431674665,1.84871849498892
-50.54462837418709,-0.04216660001625858,0.0013675712182738087,1.8494633590189116
-50.51518571285642,-0.04220770734725326,0.0013763106919913413,1.8502090913335212
-50.48574305152576,-0.0422415709565909,0.0013765754556404825,1.8509556934518678
-50.456300390195096,-0.04227943741663059,0.0013834478810916748,1.8517031668966157
-50.426857728864434,-0.042326488955439896,0.0013934804218006585,1.8524515131939854
-50.397415067533764,-0.042367878431086886,0.0013989297029927765,1.8532007338737637
-50.3679724062031,-0.04240819837049614,0.0013995236015186153,1.8539508304693149
-50.33852974487243,-0.04244845591220473,0.0013971030088803977,1.8547018045175903
-50.30908708354177,-0.042489148927574744,0.0013990581901687877,1.855453657559139
-50.279644422211106,-0.04253436117136419,0.0014100740577377003,1.856206391138119
-50.25020176088044,-0.042578031106443405,0.0014177266768075642,1.856960006802307
-50.220759099549774,-0.04262027753258443,0.0014140349531900724,1.8577145061031097
-50.191316438219104,-0.042660038389185334,0.0014270318828880995,1.858469890595574
-50.16187377688844,-0.042695557308998044,0.0014355801894186527,1.8592261618383965
-50.13243111555778,-0.0427346403984139,0.0014381290545452067,1.8599833213939374
-50.10298845422711,-0.042776274742876264,0.0014439141582201437,1.8607413708282285
-50.07354579289645,-0.04281747645751836,0.0014523575650161513,1.861500311710984
-50.04410313156578,-0.04285286028467772,0.001455934328615454,1.8622601456156143
-50.014660470235114,-0.0428779042922661,0.0014548158491977008,1.8630208741192318
-49.98521780890445,-0.04290401150159659,0.001455444206635802,1.8637824988026677
-49.95577514757378,-0.04293736555800104,0.001468804813308426,1.864545021250478
-49.92633248624312,-0.0429687581080408,0.001472997637298663,1.865308443050957
-49.89688982491245,-0.04300479042805769,0.0014757147029344129,1.8660727657961491
-49.86744716358179,-0.04304422228369444,0.001481685859895287,1.866837991081856
-49.838004502251124,-0.04307918730697069,0.0014880982592446114,1.8676041205076528
-49.80856184092046,-0.04310962978340935,0.001493268157416832,1.8683711556768952
-49.77911917958979,-0.04314693152753779,0.0015011927302898435,1.8691390981967335
-49.74967651825913,-0.043192962742573615,0.0015078557889041827,1.8699079496781215
-49.72023385692846,-0.04324044098750086,0.0015023277852190067,1.870677711735829
-49.6907911955978,-0.04329913991044607,0.0015007245804400402,1.8714483859884532
-49.661348534267134,-0.04335436644959337,0.0015042177108422529,1.8722199740584302
-49.631905872936464,-0.04339521623752279,0.0015080121389292216,1.8729924775720446
-49.6024632116058,-0.0434355139074861,0.0015122349070945706,1.8737658981594438
-49.57302055027513,-0.0434883712196126,0.001518010880451005,1.8745402374546467
-49.54357788894447,-0.04354803250725988,0.0015236713691565294,1.8753154970955572
-49.51413522761381,-0.043604616425260846,0.0015225358654121783,1.8760916787239745
-49.48469256628314,-0.043653290035383215,0.001524662816496809,1.8768687839856062
-49.455249904952474,-0.04369795763229243,0.0015355249507698152,1.877646814530077
-49.425807243621804,-0.04375757060917616,0.001552493097646891,1.8784257720109445
-49.39636458229114,-0.04382170868125946,0.001556683657412618,1.8792056580857075
-49.36692192096048,-0.04387786212393177,0.0015545379168280943,1.8799864744158183
-49.337479259629816,-0.0439268029613597,0.001555260596389342,1.8807682226666969
-49.30803659829915,-0.043973560398554074,0.001557786569542777,1.88155090450774
-49.278593936968484,-0.04401539968001534,0.0015547022128892698,1.882334521612334
-49.249151275637814,-0.04406724468516262,0.0015465503427336475,1.8831190756578673
-49.21970861430715,-0.04411539163607999,0.0015463518233466457,1.883904568325741
-49.19026595297649,-0.04417303190255265,0.0015517091076075692,1.8846910013013831
-49.16082329164582,-0.044232855093526834,0.0015556328909000273,1.8854783762742588
-49.13138063031516,-0.04429154812131745,0.0015590626679303575,1.886266694937882
-49.10193796898449,-0.044353373368196725,0.00157021995567085,1.88705595898983
-49.072495307653824,-0.044421263010484664,0.0015869728489133262,1.8878461701317528
-49.04305264632316,-0.044482058300067774,0.0015940818811293865,1.888637330069388
-49.01360998499249,-0.04451473441126145,0.0016026929543250467,1.8894294405125707
-48.98416732366183,-0.04456373629453878,0.0016200505514087121,1.8902225031752478
-48.95472466233116,-0.04464127154549855,0.0016326761934455144,1.891016519775489
-48.9252820010005,-0.0447043598544909,0.001635203018562856,1.8918114920354987
-48.895839339669834,-0.04474565994244469,0.001649608660764568,1.8926074216816313
-48.866396678339164,-0.04479143125833516,0.0016712508506806386,1.8934043104444007
-48.8369540170085,-0.04485883861368304,0.0016752597904712888,1.894202160058494
-48.80751135567783,-0.044920773230498014,0.0016555464464763226,1.895000972262784
-48.77806869434717,-0.04496281756316014,0.00163729974421381,1.895800748800342
-48.74862603301651,-0.045026195019984616,0.0016503153123853694,1.8966014914184504
-48.719183371685844,-0.045105087536488876,0.0016443855279615726,1.8974032018686153
-48.689740710355174,-0.04519005165985265,0.0016459005119067627,1.8982058819065797
-48.66029804902451,-0.04526917728846508,0.0016577764764977485,1.8990095332923351
-48.63085538769384,-0.045330029346096506,0.0016627451717636736,1.8998141577901362
-48.60141272636318,-0.045382130932167586,0.0016638702747380732,1.9006197571685117
-48.57197006503252,-0.045441004732947786,0.0016870461745093072,1.9014263332002797
-48.54252740370185,-0.045507740270937035,0.001715916138471174,1.9022338876625584
-48.513084742371184,-0.04558079923876037,0.0017248702667314755,1.9030424223367808
-48.483642081040514,-0.04566134604316482,0.0017612380009001637,1.9038519390087063
-48.45419941970985,-0.04573377698785905,0.001763605048756075,1.9046624394684355
-48.42475675837919,-0.045810065943803664,0.0017727669965928413,1.9054739255104223
-48.39531409704852,-0.04587750475576525,0.001776729675935781,1.9062863989334873
-48.36587143571786,-0.04593028432297183,0.001766357356051541,1.9070998615408312
-48.33642877438719,-0.045980670578445126,0.001760917114104912,1.907914315140049
-48.306986113056524,-0.04603506377417107,0.0017880609546803955,1.9087297615431411
-48.27754345172586,-0.046133274238561305,0.0018371583070227607,1.9095462025665295
-48.2481007903952,-0.046242956899607925,0.001853139982727835,1.9103636400310688
-48.21865812906453,-0.04635726997751722,0.0018315806575337806,1.9111820757620621
-48.18921546773387,-0.04644065509835979,0.0018288636830015757,1.9120015115892723
-48.1597728064032,-0.046501961862691905,0.0018499034450457797,1.912821949346938
-48.130330145072534,-0.046558197216374615,0.0018776757853626533,1.9136433908737849
-48.10088748374187,-0.046624217568005104,0.0018940565229430668,1.9144658380130406
-48.0714448224112,-0.04670058093980884,0.0018991590111125656,1.9152892926124503
-48.04200216108054,-0.046804251756467054,0.001898334534424165,1.916113756524286
-48.01255949974987,-0.04689183777304943,0.001880791615365131,1.9169392316053657
-47.98311683841921,-0.04697153659643827,0.001858963669034088,1.9177657197170634
-47.953674177088544,-0.04707619255945287,0.0018698532197419372,1.9185932227253244
-47.924231515757874,-0.04719064416512594,0.0019099387027284142,1.9194217425006799
-47.89478885442721,-0.04729133332742594,0.0019487138963067267,1.920251280918261
-47.86534619309654,-0.04736986974305916,0.0019582079770596858,1.9210818398578122
-47.83590353176588,-0.047426501284781535,0.0019456078134125806,1.9219134212037048
-47.80646087043522,-0.0475001907716188,0.0019607402985685678,1.9227460268449539
-47.77701820910455,-0.04755180190096195,0.0019577285160700527,1.9235796586752305
-47.747575547773884,-0.04760878266581758,0.0019544401373275703,1.9244143185928753
-47.718132886443215,-0.04769552080625581,0.001964597835600642,1.9252500085009157
-47.68869022511255,-0.04779657174824661,0.0019847552263409156,1.926086730307078
-47.65924756378189,-0.047894328387253014,0.00200447826895735,1.926924485923803
-47.62980490245123,-0.04798651305014129,0.002026706906612676,1.9277632772682596
-47.60036224112056,-0.04809578265843709,0.0020596524696054335,1.9286031062623614
-47.570919579789894,-0.04819465495153825,0.002103446988771207,1.929443974832778
-47.541476918459225,-0.04824693263728586,0.002051899786646017,1.9302858849109539
-47.51203425712856,-0.04827488017723778,0.001979539512331312,1.93112883843312
-47.4825915957979,-0.04837495957839436,0.001985492817335835,1.9319728373403096
-47.45314893446723,-0.04852121555080646,0.0020448433387487506,1.932817883578374
-47.42370627313657,-0.04862913532720522,0.0021022068316602846,1.9336639790979957
-47.3942636118059,-0.04869013540979821,0.0021196135456629257,1.9345111258547063
-47.364820950475234,-0.0487705989147644,0.0021238589545740827,1.9353593258088972
-47.33537828914457,-0.048925374073953275,0.002149309335671632,1.9362085809258396
-47.3059356278139,-0.04899814951836686,0.0021158021383925574,1.937058893175696
-47.27649296648324,-0.049016527284819145,0.002116628878137898,1.9379102645335373
-47.24705030515257,-0.0491731657420863,0.002213484870814065,1.9387626969793574
-47.21760764382191,-0.049355570136500604,0.002263409343123868,1.9396161924980886
-47.188164982491244,-0.04942458632394684,0.0022387167263718108,1.9404707530796172
-47.15872232116058,-0.04943601640304817,0.002191903116766196,1.9413263807187993
-47.12927965982991,-0.049554804154281575,0.0021944610494294505,1.9421830774154758
-47.09983699849925,-0.049713854932108996,0.0022180700520945296,1.9430408451744872
-47.07039433716858,-0.04988064095411545,0.0022290094774105487,1.9438996860056919
-47.04095167583792,-0.0499053651420889,0.0022116318108236083,1.9447596019239777
-47.011509014507254,-0.04991962844894484,0.002234315634396868,1.9456205949492817
-46.982066353176585,-0.05008420136691625,0.0021524732439855633,1.9464826671066051
-46.95262369184592,-0.050300637428124316,0.002125358072683977,1.947345820426026
-46.92318103051525,-0.05049036075321523,0.0022388265743403116,1.9482100569427203
-46.89373836918459,-0.05060925996118901,0.0023917850179106448,1.9490753786969726
-46.86429570785393,-0.050626709633975704,0.0024072745805882104,1.949941787734197
-46.83485304652326,-0.05074555450034793,0.0024045227268040003,1.9508092861049495
-46.805410385192594,-0.05091016623826638,0.0023123189747817994,1.9516778758649465
-46.775967723861925,-0.051070332730011686,0.0022656812797375147,1.9525475590750792
-46.74652506253126,-0.051196831779160616,0.0023398692244044096,1.9534183378014323
-46.7170824012006,-0.051298355231082504,0.0023734885964121653,1.9542902141152982
-46.68763973986993,-0.051399637122187015,0.002323815444651208,1.9551631900931938
-46.65819707853927,-0.051587874524985255,0.002323255662739207,1.9560372678168778
-46.6287544172086,-0.051803032402972106,0.002374967701783962,1.9569124493733674
-46.599311755877935,-0.05194721749450124,0.0024194336737430105,1.957788736854953
-46.56986909454727,-0.051945622663098406,0.0024051040363751307,1.9586661323592174
-46.54042643321661,-0.0520094726900473,0.0023632042886077022,1.9595446379890502
-46.51098377188594,-0.052175070235993465,0.002409354917879258,1.9604242558526677
-46.48154111055528,-0.052404128813033135,0.0025163470814508686,1.9613049880636249
-46.45209844922461,-0.052585603092658195,0.0026035472033677843,1.962186836740838
-46.422655787893945,-0.05264071898514783,0.0025912196385307023,1.9630698040085974
-46.39321312656328,-0.052572924734259154,0.0024126357799606176,1.9639538919965864
-46.36377046523261,-0.05268376938799407,0.0023096488470141503,1.9648391028398975
-46.33432780390195,-0.05295179808933911,0.002415249434039608,1.9657254386790508
-46.30488514257128,-0.05312340523887927,0.002473236718310707,1.9666129016600107
-46.27544248124062,-0.0532922294618998,0.0025015376255450752,1.967501493934202
-46.245999819909954,-0.053433029303348666,0.0025403820784438143,1.968391217658529
-46.216557158579285,-0.05348419406476207,0.002558246075445128,1.9692820749953928
-46.18711449724862,-0.05351908596133171,0.0025431429950917633,1.9701740681127071
-46.15767183591795,-0.05367506539004623,0.0026159022380163443,1.9710671991839184
-46.12822917458729,-0.05389763236702316,0.002604102395380413,1.9719614703880208
-46.09878651325663,-0.05411462930381334,0.0025283561779578983,1.9728568839095764
-46.069343851925964,-0.05427727525900669,0.002466033838018467,1.9737534419387313
-46.039901190595295,-0.05436304165776749,0.002476576693444345,1.974651146671234
-46.01045852926463,-0.05444649591480353,0.002522238376842226,1.9755500003084538
-45.98101586793396,-0.05455837576783496,0.0025279465859278406,1.9764500050573974
-45.9515732066033,-0.05467432129095815,0.002442105354752941,1.977351163130729
-45.92213054527264,-0.05476286217111106,0.0023402720519509674,1.9782534767467865
-45.89268788394197,-0.05485977910396759,0.002432749836459136,1.9791569481296016
-45.863245222611305,-0.05501763243425834,0.0024720522322567834,1.9800615795089151
-45.833802561280635,-0.05520270428239827,0.002425578162553281,1.9809673731201993
-45.80435989994997,-0.05536205430265226,0.0024208954192111633,1.981874331204673
-45.77491723861931,-0.05547536766136113,0.002465513589801478,1.9827824560093212
-45.74547457728864,-0.055644182598523606,0.0025146732960399628,1.9836917497869146
-45.71603191595798,-0.055894388060713424,0.0025833512355231962,1.984602214796027
-45.68658925462731,-0.056000967185257815,0.002666197398062545,1.9855138533010535
-45.657146593296645,-0.056093705677043755,0.0025946110138675843,1.986426667572231
-45.62770393196598,-0.056269127539829565,0.0024245265390717336,1.987340659885656
-45.59826127063531,-0.05640743031014759,0.0023454563711853083,1.9882558325233037
-45.56881860930465,-0.056485104543352045,0.0023498925352219307,1.9891721877730468
-45.53937594797398,-0.0565406342386312,0.002392182349080856,1.9900897279286744
-45.50993328664332,-0.05663370491080685,0.002436051778894738,1.9910084552899128
-45.480490625312655,-0.0567450426165013,0.0024754435577156223,1.9919283721624415
-45.45104796398199,-0.05689843595578476,0.002444102495854397,1.9928494808579158
-45.42160530265132,-0.05712855500606751,0.002518414561862345,1.9937717836939841
-45.39216264132066,-0.0573522178843115,0.002554440604871413,1.994695282994308
-45.36271997998999,-0.05751811124057934,0.0024512982144478694,1.9956199810885829
-45.33327731865933,-0.05762881469336064,0.0023746030716850055,1.9965458803125538
-45.303834657328665,-0.0576676737767955,0.002345048939663434,1.9974729830080404
-45.274391995997995,-0.057741297240601175,0.002309601673630401,1.9984012915229532
-45.24494933466733,-0.05789444548230239,0.0023272783057712034,1.999330808211314
-45.21550667333666,-0.05808041698238418,0.002364184931068621,2.000261535433275
-45.186064012006,-0.058214001111765175,0.0024007861670551148,2.001193475555142
-45.15662135067534,-0.058303843697051126,0.0024206893463189698,2.0021266309493906
-45.12717868934467,-0.05841807350133105,0.0023797126316853993,2.003061003994689
-45.097736028014005,-0.058546273169677664,0.0023112579526235275,2.0039965970759157
-45.068293366683335,-0.058652336804860844,0.002272406319959176,2.0049334125841827
-45.03885070535267,-0.058760891881406235,0.0022678815506004747,2.0058714529168538
-45.00940804402201,-0.05890231463275059,0.0022600288153736,2.0068107204775654
-44.97996538269135,-0.05908011062606767,0.0021950716418102255,2.007751217676249
-44.95052272136068,-0.05923175814822725,0.002155004013601958,2.0086929469291475
-44.921080060030015,-0.05929788336772518,0.002162313557141117,2.0096359106588406
-44.891637398699345,-0.059350908918771095,0.0021961648033601657,2.010580111294263
-44.86219473736868,-0.05941495847257405,0.002220461929531749,2.011525551270725
-44.83275207603802,-0.059486496408950984,0.002216735387905532,2.0124722330299347
-44.80330941470735,-0.059551403984910455,0.0022101382230405955,2.013420159020019
-44.77386675337669,-0.05966151425957809,0.002197262934675919,2.0143693316955433
-44.74442409204602,-0.05980619140117475,0.0021887624410756625,2.015319753517535
-44.714981430715355,-0.05997271637504057,0.0021323001892309835,2.016271426953501
-44.68553876938469,-0.06011191088748621,0.002082742212045041,2.0172243544774537
-44.65609610805402,-0.060224755401855935,0.00208145574566606,2.01817853856993
-44.62665344672336,-0.06030846138191629,0.0021058888019305855,2.0191339817180105
-44.59721078539269,-0.06036583539483808,0.0021240172367565473,2.020090686415347
-44.56776812406203,-0.060421503314891066,0.0021220951828462443,2.0210486551621782
-44.538325462731365,-0.060513220875106584,0.002092317099062617,2.0220078904653556
-44.508882801400695,-0.06059326257248615,0.0020837768642846546,2.0229683948383634
-44.47944014007003,-0.06070564199930906,0.0020581598091679474,2.02393017080134
-44.44999747873936,-0.0608134006485559,0.0020149542463037576,2.0248932208811024
-44.4205548174087,-0.06086048918637161,0.002013534070626279,2.025857547611166
-44.39111215607804,-0.0608748827486292,0.002049691751489001,2.026823153531768
-44.361669494747375,-0.06092619395303503,0.0020853568779303964,2.0277900411898884
-44.332226833416705,-0.06100533297550694,0.0021006933621578556,2.0287582131392754
-44.30278417208604,-0.06107495459508239,0.0020881483311145192,2.029727671940464
-44.27334151075537,-0.06113103098879389,0.0020400388910360922,2.0306984201608014
-44.24389884942471,-0.061159533394364696,0.001987881944655997,2.031670460374468
-44.21445618809405,-0.06123893435875807,0.0019663940161328687,2.032643795162501
-44.18501352676338,-0.06134578985255525,0.0019292719500964542,2.033618427112818
-44.155570865432715,-0.061442508932381366,0.0019045333667192634,2.0345943588202378
-44.126128204102045,-0.06149307146669387,0.0019304249456975182,2.0355715928865057
-44.09668554277138,-0.06149345265462345,0.0019599414230165113,2.0365501319203148
-44.06724288144072,-0.061501352557745026,0.0019559087647763526,2.03752997853733
-44.03780022011005,-0.06150529793147078,0.0019246882191347055,2.038511135360212
-44.00835755877939,-0.06152390810903497,0.0018652941679762594,2.039493605018639
-43.97891489744872,-0.06159191578116436,0.0018480346758415064,2.040477390149333
-43.949472236118055,-0.06168421501623176,0.0018804455722265044,2.0414624933960783
-43.92002957478739,-0.0617595475982439,0.0019250660491636,2.0424489174097524
-43.89058691345673,-0.06170809899979826,0.001835807226365808,2.043436664848343
-43.86114425212606,-0.06163282367123959,0.0017400915586733784,2.0444257383769755
-43.83170159079539,-0.0616021979638695,0.0017548584034003097,2.0454161406679368
-43.80225892946473,-0.06164268153387389,0.0018333063278538437,2.046407874400698
-43.772816268134065,-0.06166527167023437,0.0018692316435628652,2.047400942261939
-43.7433736068034,-0.06168598309530356,0.0018845849429995896,2.0483953469455742
-43.71393094547273,-0.06170711254437266,0.001903442359120517,2.049391091152776
-43.68448828414206,-0.06168012052260968,0.001876984697599768,2.0503881775919965
-43.6550456228114,-0.06164037207136797,0.0018511888325896798,2.0513866089789974
-43.62560296148074,-0.061588864571432096,0.0018350099242217576,2.0523863880368696
-43.596160300150075,-0.061510741443705254,0.0018106110966494243,2.0533875174960623
-43.566717638819405,-0.06141382074802106,0.0017683773680637325,2.0543900000944038
-43.53727497748874,-0.06134432601539876,0.0017573875139593183,2.055393838577129
-43.50783231615807,-0.06132895308085479,0.0018012974412464856,2.056399035696905
-43.47838965482741,-0.061322082651025366,0.0018498265341464087,2.057405594213853
-43.44894699349675,-0.06126648850552655,0.0018645533558313665,2.058413516895577
-43.419504332166085,-0.06120861735269827,0.001891680561891125,2.059422806517188
-43.390061670835415,-0.06116845110572022,0.0019369943995030427,2.0604334658613284
-43.360619009504745,-0.06111806888203666,0.001974207227932577,2.061445497718199
-43.33117634817408,-0.06105635761608922,0.0020089998185288103,2.0624589048855837
-43.30173368684342,-0.060991031242518874,0.0020444422942759197,2.063473690168877
-43.27229102551276,-0.060882609253313534,0.0020479836125384563,2.0644898563811065
-43.24284836418209,-0.06075047152262935,0.00204136081062553,2.065507406342963
-43.21340570285142,-0.06065053330450878,0.0020619388497785025,2.066526342882824
-43.183963041520755,-0.060558395790864,0.00208547587835714,2.0675466688367794
-43.15452038019009,-0.06044884965202937,0.0021146494342311655,2.06856838704866
-43.12507771885943,-0.06035740335909859,0.0021591050726224967,2.069591500370063
-43.09563505752876,-0.06015527356797439,0.002134859431080397,2.0706160116603787
-43.0661923961981,-0.060006172942999786,0.002135746146645115,2.0716419237868147
-43.03674973486743,-0.05998895023364081,0.0022346203197264485,2.072669239624427
-43.007307073536765,-0.05990760180973182,0.0022767861742650206,2.0736979620561433
-42.9778644122061,-0.05979638041641414,0.0022924506530571796,2.0747280939727926
-42.94842175087544,-0.059739904630241224,0.002336709690169634,2.075759638273129
-42.91897908954477,-0.05963393886748549,0.002376160666087944,2.0767925978638635
-42.8895364282141,-0.059388686158363145,0.0023742683502315427,2.077826975659686
-42.86009376688344,-0.05916351716437357,0.0023880109728531343,2.0788627745832966
-42.830651105552775,-0.05911455628222009,0.002421133219117718,2.0798999975654318
-42.80120844422211,-0.05903721458892305,0.0024334285241645066,2.0809386475448926
-42.77176578289144,-0.05888950073390161,0.0024715970099380333,2.0819787274685715
-42.74232312156077,-0.058671006514989826,0.0025075535534687912,2.083020240291481
-42.71288046023011,-0.05850582493754491,0.002547958673852654,2.08406318897678
-42.68343779889945,-0.05841787284214143,0.0025832027633641325,2.0851075764958056
-42.653995137568785,-0.05828331142361592,0.002581452180272474,2.086153405828097
-42.624552476238115,-0.0580996244748759,0.002588989723525669,2.087200679961427
-42.595109814907445,-0.05800578980234111,0.002646097604808872,2.088249401891829
-42.56566715357678,-0.05788501293136957,0.0026855100830845227,2.0892995746236247
-42.53622449224612,-0.057707873312876905,0.002752667257043502,2.0903512011694554
-42.50678183091546,-0.05752810950495137,0.002790052507242074,2.091404284550309
-42.47733916958479,-0.057330057884460224,0.002777793191832397,2.0924588277955487
-42.447896508254125,-0.05707898468309839,0.002669957266741063,2.0935148339429426
-42.418453846923455,-0.05689944809342192,0.002647401081426785,2.094572306038694
-42.38901118559279,-0.056786271602746685,0.0027320134176268074,2.095631247137468
-42.35956852426213,-0.05662940910250857,0.0027635832949610517,2.096691660302423
-42.33012586293147,-0.05639959247002801,0.0027042775056128083,2.09775354860524
-42.3006832016008,-0.05617319082151343,0.0026963040575229474,2.098816915126153
-42.27124054027013,-0.05607656014439342,0.0027595365609298433,2.099881762953975
-42.241797878939465,-0.05596995857989378,0.002790477319327691,2.100948095186133
-42.2123552176088,-0.05579274162147944,0.0027827588113479894,2.1020159149286943
-42.18291255627814,-0.05558970722501655,0.0027574631086817757,2.1030852252964
-42.15346989494747,-0.055455599840811574,0.002796397094222602,2.1041560294126906
-42.1240272336168,-0.055286421016301435,0.002775377467952302,2.105228330409741
-42.09458457228614,-0.05507998086230156,0.002706707239051336,2.1063021314284893
-42.065141910955475,-0.054910152939795114,0.0026999844199822117,2.107377435618666
-42.03569924962481,-0.05480213634761521,0.002747718533785382,2.108454246138827
-42.00625658829414,-0.054679627776198315,0.0027321025016586327,2.109532566156384
-41.97681392696348,-0.05445694511050739,0.002686286433004194,2.1106123988476346
-41.94737126563281,-0.054213191749649975,0.0026689412795905913,2.111693747397794
-41.91792860430215,-0.05403670583544534,0.0026703153347619876,2.112776615001027
-41.888485942971485,-0.05390855593695271,0.002692257366194997,2.1138610048604787
-41.85904328164082,-0.053774940370823095,0.002714372345505457,2.114946920188306
-41.82960062031015,-0.05360691606235496,0.002690163395952999,2.1160343642057104
-41.80015795897948,-0.05342256953046379,0.0026688331294017304,2.117123340142968
-41.77071529764882,-0.05324786547794891,0.002691988488051608,2.1182138512394624
-41.74127263631816,-0.0531452044715696,0.0027216149522071905,2.1193059007437176
-41.711829974987495,-0.05304726888740169,0.002697279125101312,2.1203994919134304
-41.682387313656825,-0.05279284981851915,0.002610359120152338,2.1214946280155003
-41.652944652326156,-0.052500071764021515,0.0024816133532316715,2.1225913123260645
-41.62350199099549,-0.052403127950975265,0.0025365589605330255,2.12368954813053
-41.59405932966483,-0.05235279481689634,0.002648953778751585,2.1247893387236054
-41.56461666833417,-0.05220990976822473,0.0026541907920127382,2.125890687409336
-41.5351740070035,-0.0521256327929785,0.002591368320385558,2.126993597501135
-41.50573134567283,-0.05198898490788199,0.0025537380318025145,2.1280980723218157
-41.476288684342165,-0.051711664363312544,0.0025050053728919598,2.1292041152036285
-41.4468460230115,-0.05145369527554345,0.0023936565966848735,2.130311729488292
-41.41740336168084,-0.05128699121282399,0.002331902677000047,2.1314209185270254
-41.38796070035017,-0.051232386775569204,0.002387997848719587,2.132531685680586
-41.35851803901951,-0.05114215503900558,0.002426829502582093,2.1336440343192997
-41.32907537768884,-0.05102814420655873,0.0024281836298829036,2.1347579678230972
-41.299632716358175,-0.050928333723342566,0.0023895499741403174,2.135873489581547
-41.27019005502751,-0.05081795510797978,0.0023191359691241485,2.13699060299389
-41.24074739369685,-0.05063314930176124,0.0022698656940610584,2.1381093114690746
-41.21130473236618,-0.05045978440003973,0.0022533144553859084,2.1392296184257917
-41.18186207103551,-0.050347722548252684,0.0022449664932426153,2.1403515272925073
-41.15241940970485,-0.05022618460562717,0.002238100864461826,2.141475041507501
-41.122976748374185,-0.050135246020975584,0.00221792208243777,2.1426001645188966
-41.09353408704352,-0.05003318135887765,0.002166707476823944,2.1437268997847028
-41.06409142571285,-0.0498939111881836,0.0021140070771405073,2.144855250772844
-41.03464876438218,-0.049748388284611915,0.0020940578834622915,2.145985220961198
-41.00520610305152,-0.04962101699821975,0.0020673463404283403,2.147116813837631
-40.97576344172086,-0.04953749669525482,0.002066504379804864,2.148250032900035
-40.946320780390195,-0.04942457756077299,0.0020449804680803068,2.149384881656362
-40.916878119059525,-0.04926530765670508,0.0019573098260904464,2.1505213636246605
-40.88743545772886,-0.04912814170535359,0.0018845430153589954,2.151659482333113
-40.85799279639819,-0.0490728496012138,0.0019166732152021363,2.1527992413200714
-40.82855013506753,-0.048997666137768854,0.0019156619077119225,2.1539406441340936
-40.79910747373687,-0.048793332125284826,0.0017507416675201022,2.1550836943339817
-40.769664812406205,-0.04873770336661154,0.0017723821918792595,2.1562283954888177
-40.740222151075535,-0.04871202017358343,0.0018200818356570835,2.1573747511780006
-40.710779489744866,-0.04864930706916607,0.0018135295691066112,2.1585227649912846
-40.6813368284142,-0.048576123532715655,0.0017937410071596422,2.1596724405288157
-40.65189416708354,-0.0484762858179608,0.0017384874406216446,2.1608237814011697
-40.62245150575288,-0.04835821476244114,0.001668466409029634,2.1619767912293906
-40.59300884442221,-0.04828197428878513,0.0016499100349221675,2.163131473645028
-40.56356618309154,-0.048248839125090516,0.0016766170332363785,2.1642878322901735
-40.534123521760876,-0.048195268874644016,0.001673875995186797,2.1654458708175026
-40.50468086043021,-0.04812562603107875,0.001653209243724615,2.1666055928903107
-40.47523819909955,-0.048073959396936726,0.0016569743126166408,2.167767002182552
-40.44579553776888,-0.04802281302423319,0.0016631631631164167,2.1689301023788787
-40.41635287643821,-0.047959154576483747,0.0016450793473109396,2.1700948971746805
-40.38691021510755,-0.04786142782925063,0.0016016175419887868,2.1712613902761215
-40.357467553776885,-0.04774503467202384,0.0015527361523170365,2.1724295854001823
-40.32802489244622,-0.04766383316162707,0.0015329872038725985,2.173599486274698
-40.29858223111555,-0.04766215118759843,0.0015694191941597628,2.174771096638399
-40.26913956978489,-0.0476484139927326,0.001590665307089677,2.1759444202409477
-40.23969690845422,-0.04757124823811057,0.0015555824037007259,2.177119460842983
-40.21025424712356,-0.04747798789989081,0.0015018241676722915,2.178296222216157
-40.180811585792895,-0.04743077348585245,0.0014943155042740654,2.179474708143177
-40.15136892446223,-0.0473873126555824,0.0014890504728094136,2.1806549224178453
-40.12192626313156,-0.04732622435067046,0.0014615777335016773,2.181836868845101
-40.09248360180089,-0.0472570451443751,0.001426278704861224,2.183020551241059
-40.06304094047023,-0.04720437131243427,0.0014087795870481004,2.184205973433053
-40.03359827913957,-0.04717752001275447,0.001414766374791307,2.1853931392596753
-40.004155617808905,-0.04715813082094231,0.0014202203713903129,2.1865820525708193
-39.974712956478236,-0.0471073771460482,0.0013913951343857613,2.1877727172277215
-39.945270295147566,-0.04705627363652778,0.0013659735261539964,2.1889651371030006
-39.9158276338169,-0.04701252873407145,0.0013521567202609032,2.1901593160807025
-39.88638497248624,-0.04697377560365642,0.0013405586212119566,2.1913552580563413
-39.85694231115558,-0.046929189087500926,0.001326132830172728,2.1925529669369417
-39.82749964982491,-0.04688630357143316,0.0013140206557426856,2.1937524466410814
-39.798056988494245,-0.046860119483514394,0.0013100963107658202,2.1949537010989335
-39.768614327163576,-0.04684648629541203,0.0013106386614383434,2.196156734252311
-39.73917166583291,-0.04681816746530165,0.0013058052635041685,2.1973615500547083
-39.70972900450225,-0.04678571234775187,0.0012998296730120417,2.1985681524713447
-39.68028634317159,-0.04676423109680392,0.0012965774815822655,2.1997765454792084
-39.65084368184092,-0.04673102451943748,0.001285536071167649,2.2009867330671002
-39.62140102051025,-0.04669004543669091,0.0012695357105036319,2.202198719235678
-39.591958359179586,-0.04664936171964465,0.0012548507687876575,2.203412507997497
-39.56251569784892,-0.04662268038601313,0.0012489729405917734,2.204628103377061
-39.53307303651826,-0.04661478246669678,0.0012525689316987927,2.205845509410861
-39.50363037518759,-0.046611666074878884,0.0012589341160879318,2.2070647301474224
-39.47418771385692,-0.04659859087655525,0.0012557634845065848,2.2082857696473486
-39.44474505252626,-0.046574187707869856,0.001240006318587385,2.2095086319833666
-39.415302391195596,-0.04655273455699648,0.0012293224587810604,2.2107333212403737
-39.38585972986493,-0.046530765636770256,0.0012259407919994816,2.211959841515481
-39.35641706853426,-0.04651365973011415,0.001228694099950042,2.2131881969180607
-39.32697440720359,-0.046505170276369044,0.0012345501116705925,2.2144183915697893
-39.29753174587293,-0.046498652640444,0.001237720095302433,2.215650429604697
-39.26808908454227,-0.04648719322560637,0.0012376365647820888,2.216884315169212
-39.238646423211605,-0.04647673363251869,0.0012413835823123953,2.218120052422208
-39.209203761880936,-0.04646761081031101,0.0012452390762329518,2.2193576455350508
-39.17976110055027,-0.04645375483500721,0.0012456585128221614,2.2205970986916435
-39.1503184392196,-0.0464422761266734,0.0012525755975528526,2.221838416088477
-39.12087577788894,-0.046440737632340114,0.0012656630501303209,2.223081601934673
-39.09143311655828,-0.0464390215488528,0.0012748217307422332,2.2243266604520366
-39.061990455227615,-0.04643127470293642,0.0012776673186403165,2.2255735958750997
-39.032547793896946,-0.04642061753319442,0.0012771830103928006,2.2268224124511717
-39.003105132566276,-0.04641437625964387,0.0012773692912717905,2.2280731144403867
-38.97366247123561,-0.04641153505243751,0.0012798024008370248,2.2293257061157514
-38.94421980990495,-0.04641054274904464,0.0012856113709275726,2.2305801917631953
-38.91477714857429,-0.04640680933427674,0.0012905164646709653,2.2318365756816188
-38.88533448724362,-0.04640452700265821,0.0012877589561292363,2.2330948621829414
-38.85589182591295,-0.04640383411323878,0.001284104964961664,2.234355055592152
-38.826449164582286,-0.0464008795658044,0.001282966475959766,2.2356171602473593
-38.79700650325162,-0.046396070741463145,0.001281901048422853,2.236881180499839
-38.76756384192096,-0.04639340106153338,0.0012777092282492278,2.238147120714087
-38.73812118059029,-0.04639300414862748,0.0012734154013690029,2.2394149852678673
-38.70867851925963,-0.04639416807109365,0.0012743231463999897,2.2406847785522626
-38.67923585792896,-0.0463896214091174,0.0012722195850023278,2.241956504971727
-38.649793196598296,-0.04638741702161778,0.0012708346412586267,2.243230168944134
-38.62035053526763,-0.04638698249625615,0.0012653747377136307,2.2445057749008295
-38.59090787393697,-0.046386368388440145,0.0012581332883655678,2.2457833272866843
-38.5614652126063,-0.04638727025263339,0.0012553406788384568,2.2470628305601426
-38.53202255127563,-0.046388264826391794,0.0012572467783788556,2.2483442891932763
-38.50257988994497,-0.0463872794934442,0.0012608446321040955,2.249627707671836
-38.473137228614306,-0.04638833644714396,0.0012641090048359006,2.250913090495304
-38.44369456728364,-0.04639597346107757,0.0012625695535688503,2.252200442176946
-38.41425190595297,-0.04640336093028721,0.0012617367570347297,2.253489767243866
-38.3848092446223,-0.04640690413128979,0.001261828036460229,2.2547810702370557
-38.35536658329164,-0.04640964799097972,0.0012640677802326057,2.2560743557114518
-38.32592392196098,-0.04641274012949145,0.0012676105237844886,2.2573696282359865
-38.296481260630316,-0.04641802405948114,0.0012731561772661723,2.2586668923936437
-38.267038599299646,-0.04642495787927641,0.001278269566680882,2.259966152781511
-38.237595937968976,-0.04643012038005345,0.0012807574922739883,2.261267414010835
-38.20815327663831,-0.04643307486675913,0.0012844514021702529,2.262570680707076
-38.17871061530765,-0.04643845497622014,0.0012815835236222903,2.263875957509962
-38.14926795397699,-0.04644456442963127,0.0012759477193173383,2.2651832490735453
-38.11982529264632,-0.04644600115754666,0.0012668843405821081,2.266492560066257
-38.090382631315656,-0.04644500825020017,0.0012582410213335593,2.26780389517096
-38.060939969984986,-0.04644623688741412,0.0012515894229554636,2.2691172590850104
-38.03149730865432,-0.04645151505678625,0.0012458043520104944,2.2704326565203075
-38.00205464732366,-0.046458176575589184,0.0012395935275998568,2.2717500922033556
-37.972611985993,-0.04646400245178054,0.0012305932381931719,2.273069570875317
-37.94316932466233,-0.04646745448149147,0.0012212922668800282,2.274391097292069
-37.91372666333166,-0.04647081347515681,0.001218058148044811,2.275714676224264
-37.884284002000996,-0.04647536950954958,0.0012147367214911174,2.2770403124573826
-37.85484134067033,-0.04648115857887558,0.0012104651665173086,2.2783680107917954
-37.82539867933967,-0.046488912388666835,0.0012132735285963112,2.2796977760428185
-37.795956018009,-0.046499343032149254,0.0012209754833855625,2.2810296130407726
-37.76651335667833,-0.04651390538024327,0.0012249624179106492,2.2823635266310403
-37.73707069534767,-0.04652968379314836,0.0012260994017457131,2.2836995216741265
-37.707628034017006,-0.04654332099416849,0.0012350352907633776,2.285037603045717
-37.67818537268634,-0.04655190629206924,0.0012492573845426023,2.2863777756367365
-37.64874271135567,-0.0465612418618642,0.0012646034044832542,2.2877200443534105
-37.61930005002501,-0.04656882905215203,0.0012743938406944411,2.2890644141173224
-37.58985738869434,-0.04657677528833041,0.0012799483505902339,2.290410889865477
-37.56041472736368,-0.04659124493755932,0.001288334953363074,2.291759476550357
-37.530972066033016,-0.046609607286784094,0.0012999215881737856,2.2931101791399873
-37.50152940470235,-0.04662344837923005,0.00130871726090388,2.2944630026179937
-37.47208674337168,-0.04663370266614178,0.0013107835224655208,2.295817951983666
-37.442644082041014,-0.04664731486766203,0.0013160049899498402,2.2971750322520177
-37.41320142071035,-0.04665332271257256,0.0013299728587552319,2.298534248453848
-37.38375875937969,-0.04665718313646964,0.0013394641532772406,2.299895605635806
-37.354316098049026,-0.04666527912352638,0.0013393874540818358,2.301259108860452
-37.324873436718356,-0.04667764886699451,0.0013334422475490392,2.3026247632063197
-37.295430775387686,-0.04669144879142592,0.001328018011311504,2.3039925737679794
-37.26598811405702,-0.04670372935264117,0.0013226102094116006,2.305362545656101
-37.23654545272636,-0.04671281048602444,0.0013142034853737678,2.30673468399752
-37.2071027913957,-0.04671612366935776,0.0013085010798249506,2.3081089939352983
-37.17766013006503,-0.04671955571589659,0.001305873853707691,2.309485480628791
-37.14821746873436,-0.04672939495358567,0.0013037457027074335,2.3108641492537085
-37.118774807403696,-0.04673874254105659,0.0013031246995395126,2.3122450050021843
-37.08933214607303,-0.04674734196330258,0.001297900963883106,2.313628053082837
-37.05988948474237,-0.046757834909906364,0.0012875132883442564,2.3150132987208383
-37.0304468234117,-0.046770835871337936,0.0012778735683434466,2.316400747157979
-37.00100416208104,-0.046783641757364235,0.0012739304729387105,2.3177904036527313
-36.97156150075037,-0.04679666435989787,0.0012702154269776881,2.31918227348032
-36.942118839419706,-0.04681189520307422,0.0012673749457938989,2.3205763619327864
-36.91267617808904,-0.04682625746979826,0.0012713984867563086,2.3219726743190567
-36.88323351675838,-0.04683487390892587,0.0012695214030447044,2.3233712159650084
-36.85379085542771,-0.046842489802115576,0.001263376166038626,2.3247719922135395
-36.82434819409704,-0.04685058996580968,0.0012555247906075933,2.326175008424633
-36.79490553276638,-0.04686088947184141,0.0012489731173346067,2.3275802699754307
-36.765462871435716,-0.046874099206152674,0.0012444814322143069,2.328987782260297
-36.73602021010505,-0.04688649667628594,0.0012445408309769822,2.3303975506908907
-36.70657754877438,-0.04689679610166921,0.0012480534532021156,2.331809580696234
-36.677134887443714,-0.046906518047390704,0.0012479760429470624,2.333223877722781
-36.64769222611305,-0.04691061430154251,0.0012483951702509531,2.334640447234488
-36.61824956478239,-0.04691594475439642,0.0012549453344897661,2.3360592947128853
-36.588806903451726,-0.04692085590517147,0.0012614061978290774,2.3374804256571466
-36.559364242121056,-0.046928501439789376,0.0012667105249797932,2.338903845584161
-36.52992158079039,-0.04694031988458818,0.001270828174000471,2.3403295600286023
-36.500478919459724,-0.046954918778651406,0.0012754485749912109,2.3417575745430037
-36.47103625812906,-0.04697244398043507,0.0012813902744487652,2.3431878946978273
-36.4415935967984,-0.04699087149980199,0.0012872748513589537,2.3446205260815387
-36.412150935467736,-0.04700140968202471,0.00129193585601898,2.346055474300677
-36.382708274137066,-0.04701481150983299,0.0012940979464634982,2.3474927449799328
-36.353265612806396,-0.047029931486234584,0.0012958712830409328,2.3489323437622147
-36.323822951475734,-0.04704776413673458,0.0013000841170231535,2.3503742763087287
-36.29438029014507,-0.047066072348296316,0.0013037947122993207,2.3518185482990517
-36.26493762881441,-0.04708169332998315,0.0013024491017261414,2.3532651654312033
-36.23549496748374,-0.047095015917277015,0.0012971041802974615,2.3547141334217243
-36.20605230615307,-0.047112307119755926,0.001293959712575325,2.356165458005749
-36.176609644822406,-0.04712844072765488,0.001293250283163052,2.357619144937081
-36.14716698349174,-0.0471436887288414,0.0012957480159114865,2.3590751999882733
-36.11772432216108,-0.04715951247650637,0.0013011624318892505,2.360533628950699
-36.08828166083041,-0.047176901110471486,0.001304485830097149,2.3619944376346322
-36.05883899949974,-0.0471940915710904,0.0013054604484821384,2.363457631869323
-36.02939633816908,-0.0472075735744534,0.001308226634861419,2.3649232175030765
-35.999953676838416,-0.04721559199679134,0.0013129066792863713,2.366391200403329
-35.97051101550775,-0.047225064518556736,0.001308434465194056,2.3678615864567285
-35.941068354177084,-0.04723622194682119,0.0012997132491408118,2.369334381569212
-35.91162569284642,-0.04725608813706794,0.0012974080350808858,2.3708095916660836
-35.88218303151575,-0.04727784329796051,0.0012998746762772806,2.372287222692097
-35.85274037018509,-0.047297662385601846,0.0013045839046140612,2.373767280611531
-35.823297708854426,-0.04731656969704848,0.0013042743093813506,2.375249771408274
-35.79385504752376,-0.04733564048807875,0.0012984079918138393,2.3767347010859035
-35.764412386193094,-0.047352095878198025,0.0012945794559297051,2.378222075667765
-35.734969724862424,-0.04736793125204669,0.0012949307231163957,2.3797119011970556
-35.70552706353176,-0.04738387833513758,0.0012986425391266732,2.3812041837369047
-35.6760844022011,-0.0474081549782373,0.0012874124731894604,2.382698929370457
-35.646641740870436,-0.04743349712717896,0.0012802620665521298,2.384196144200956
-35.617199079539766,-0.0474542523647119,0.0012835326839254627,2.3856958343518246
-35.587756418209096,-0.047472849053556386,0.001289104373918318,2.387198005966751
-35.558313756878434,-0.04749351452102293,0.0012933919461370113,2.388702665209769
-35.52887109554777,-0.04751199610357992,0.0012934365509059554,2.3902098182653484
-35.49942843421711,-0.0475253356921306,0.0012896204258571091,2.3917194713384746
-35.46998577288644,-0.0475394933903241,0.0012891549925069233,2.393231630654735
-35.440543111555776,-0.04755752425057058,0.0012908307336741954,2.3947463024604057
-35.411100450225106,-0.04756749794450848,0.0012896833519216605,2.396263493022536
-35.381657788894444,-0.047582103260011714,0.001286953059229032,2.397783208629036
-35.35221512756378,-0.04760127202468841,0.0012851955381270469,2.3993054555887623
-35.32277246623312,-0.04761692748363681,0.001285488318948313,2.400830240231608
-35.29332980490245,-0.047629554529461084,0.0012883741924143422,2.4023575689085863
-35.26388714357178,-0.047647374820521775,0.0012905718173398433,2.403887447991922
-35.234444482241116,-0.047666598246372836,0.0012952718486079755,2.405419883875138
-35.205001820910454,-0.047678492383598815,0.0013002536702135306,2.4069548829731473
-35.17555915957979,-0.04769273251094349,0.0013070210921143394,2.408492451722338
-35.14611649824912,-0.04771012720399443,0.0013154954304100844,2.4100325965806686
-35.11667383691845,-0.04772357902418195,0.0013202221024942466,2.4115753240277527
-35.08723117558779,-0.047740186581704445,0.001324423965695512,2.413120640564954
-35.057788514257126,-0.047761962920739136,0.0013287515993794582,2.414668552715478
-35.02834585292646,-0.04778315107318588,0.0013319935297245351,2.4162190670244597
-34.998903191595794,-0.04779757384807629,0.0013356133225359591,2.4177721900590603
-34.969460530265124,-0.04781233690843149,0.001340774356262662,2.419327928408557
-34.94001786893446,-0.047832129524794785,0.0013527335633866926,2.4208862886844367
-34.9105752076038,-0.04784699889246586,0.0013585331685767722,2.4224472775204906
-34.881132546273136,-0.04786234187896891,0.001359776956077149,2.424010901572909
-34.851689884942466,-0.04787806974677316,0.0013582707516790755,2.4255771675203737
-34.822247223611804,-0.04789708988348639,0.0013555277824549338,2.4271460820641533
-34.792804562281134,-0.04792034668284201,0.001351384804440345,2.4287176519282014
-34.76336190095047,-0.0479438545371949,0.0013455208065374835,2.4302918838592493
-34.73391923961981,-0.04796155974740627,0.0013404505477834523,2.431868784626905
-34.704476578289146,-0.047968347854910144,0.0013424936914607684,2.4334483610237494
-34.675033916958476,-0.047972513457399994,0.0013487200743310473,2.4350306198654335
-34.64559125562781,-0.04798346454802998,0.001350764708170505,2.4366155679907773
-34.616148594297144,-0.04799353415792355,0.001344293945612786,2.438203212261866
-34.58670593296648,-0.04800621579509478,0.0013389077577797212,2.4397935595641527
-34.55726327163582,-0.04801878681010161,0.0013366958441195136,2.4413866168065557
-34.52782061030515,-0.04802890642612112,0.001337223604375835,2.4429823909215584
-34.49837794897448,-0.048038403628831265,0.0013372826146783254,2.4445808888653104
-34.468935287643816,-0.04804618613863115,0.001334755653268354,2.446182117617728
-34.439492626313154,-0.04804844288463738,0.00133440343827015,2.447786084182597
-34.41004996498249,-0.048049620158991065,0.0013373518185730653,2.4493927955876744
-34.38060730365182,-0.04805237203042495,0.0013361158507672773,2.4510022588847904
-34.35116464232116,-0.04806397957588009,0.0013254775129535208,2.452614481149951
-34.32172198099049,-0.04808145198295555,0.0013195371394710408,2.454229469483445
-34.292279319659826,-0.048093223914331164,0.0013196960096050804,2.4558472310099426
-34.262836658329164,-0.04810004165363074,0.0013179451873171326,2.457467772878606
-34.2333939969985,-0.04810958392317435,0.0013104328631364755,2.4590911022631907
-34.20395133566783,-0.04811933821706941,0.0012997635433456532,2.4607172263621546
-34.17450867433716,-0.048131461160559434,0.0012937510020457888,2.462346152398761
-34.1450660130065,-0.04814515515758382,0.0012943182469267655,2.463977887621186
-34.115623351675836,-0.04815320350569982,0.001289286775851944,2.46561243930263
-34.086180690345174,-0.04816321456205722,0.0012850683375256362,2.4672498147414217
-34.056738029014504,-0.04817513485812425,0.0012823429841445817,2.4688900212611276
-34.027295367683834,-0.04818426315203473,0.0012749738376627445,2.4705330662106615
-33.99785270635317,-0.048190653832653085,0.0012613681998714847,2.472178956964395
-33.96841004502251,-0.04819581537797538,0.0012539377236517422,2.4738277009222656
-33.938967383691846,-0.04820249984062557,0.0012573936491304756,2.4754793055098916
-33.909524722361176,-0.04821644153916863,0.0012664299341834675,2.477133778178679
-33.88008206103051,-0.04822501956610361,0.0012677882357283413,2.478791126405937
-33.850639399699844,-0.04822724834944067,0.001264597068971422,2.4804513576949874
-33.82119673836918,-0.04823527444998884,0.001266260161075393,2.4821144795752814
-33.79175407703852,-0.048250371271495084,0.0012684108505426953,2.483780499602512
-33.76231141570785,-0.04826711416619134,0.0012691437376422929,2.4854494253587274
-33.732868754377186,-0.04827625356724527,0.0012755839618953865,2.487121264452446
-33.70342609304652,-0.04827597393425658,0.0012816543904034306,2.488796024518775
-33.673983431715854,-0.04828127738040911,0.0012802694173245277,2.490473713219522
-33.64454077038519,-0.04829310383271473,0.0012829536905781392,2.492154338243316
-33.61509810905453,-0.04829307119961385,0.001278264194770734,2.493837907305722
-33.58565544772386,-0.0482878510821666,0.0012727903151165936,2.4955244281493623
-33.55621278639319,-0.04828590458043606,0.0012691353027018519,2.4972139085440306
-33.52677012506253,-0.04828973569602419,0.0012657980850016405,2.498906356286815
-33.497327463731864,-0.04829463683063288,0.0012603118597741977,2.500601779202216
-33.4678848024012,-0.048291468091329504,0.0012562278287745006,2.50230018514227
-33.43844214107053,-0.048280502625746624,0.0012489074695309125,2.5040015819866657
-33.40899947973986,-0.04827714464118545,0.0012432352816084608,2.5057059776428705
-33.3795568184092,-0.04828349775424512,0.0012461212524324569,2.5074133800462497
-33.350114157078536,-0.04828166045522656,0.0012424124343417273,2.509123797160192
-33.320671495747874,-0.04827674028820955,0.0012387168018213035,2.510837236976232
-33.291228834417204,-0.04827575714120849,0.0012392839202683117,2.5125537075141766
-33.26178617308654,-0.04828020932881222,0.0012421373031845455,2.5142732168222257
-33.23234351175587,-0.04828369313851586,0.0012429752774969804,2.5159957729771034
-33.20290085042521,-0.04828345890839453,0.0012362068485902032,2.5177213840841803
-33.173458189094546,-0.04828754547697375,0.0012352453897598943,2.519450058277603
-33.144015527763884,-0.048290108712262324,0.0012455001050260324,2.5211818037204217
-33.114572866433214,-0.04828369419035681,0.0012497041874142214,2.522916628604717
-33.085130205102544,-0.04827361330445492,0.0012460217943660382,2.5246545411517314
-33.05568754377188,-0.048266775379271876,0.001241198838916706,2.526395549611996
-33.02624488244122,-0.048263809833861256,0.001239597755599112,2.5281396622654655
-32.996802221110556,-0.04826140490678913,0.0012399183760551339,2.5298868874216454
-32.96735955977989,-0.048260342236740285,0.0012372617414485446,2.531637233419727
-32.93791689844922,-0.048266002176086176,0.0012372644170110959,2.533390708628717
-32.908474237118554,-0.048269355701465726,0.001241906791093376,2.5351473214475733
-32.87903157578789,-0.04826045239519152,0.0012395820395191969,2.5369070803053386
-32.84958891445723,-0.048253941547486356,0.0012439935526334437,2.538669993661275
-32.82014625312656,-0.048247819784733394,0.0012515917544596768,2.5404360700049993
-32.79070359179589,-0.048237855384961725,0.0012546970678763594,2.5422053178566193
-32.76126093046523,-0.04822462521903812,0.0012492946417634193,2.543977745766871
-32.731818269134564,-0.04821237958397894,0.0012414827479030298,2.545753362317256
-32.7023756078039,-0.048201954788574065,0.0012394650045323,2.547532176120182
-32.67293294647323,-0.048193858735238015,0.0012409432205024724,2.5493141958190986
-32.64349028514257,-0.048182803042377174,0.001243543140575293,2.55109943008864
-32.6140476238119,-0.048169430908044486,0.0012477097177831145,2.552887887634765
-32.58460496248124,-0.04815365658835389,0.001254750504649984,2.554679577194897
-32.555162301150574,-0.04813547840742117,0.0012612178161149998,2.556474507538069
-32.52571963981991,-0.04812070395206225,0.001265863966635486,2.5582726874650654
-32.49627697848924,-0.04810948548750349,0.0012669320179757434,2.560074125808566
-32.46683431715857,-0.04808933440912361,0.0012645884912604775,2.5618788314332885
-32.43739165582791,-0.04806277949296883,0.001257930116393746,2.563686813236137
-32.40794899449725,-0.04804720761613542,0.0012521780788667177,2.565498080146347
-32.378506333166584,-0.048022953888558116,0.0012395196346047742,2.5673126411256333
-32.349063671835914,-0.04799445363884911,0.001228065335931172,2.569130505168336
-32.319621010505244,-0.047968879357969896,0.0012210496886862863,2.5709516813015694
-32.29017834917458,-0.047943394790465395,0.0012146609567910856,2.5727761785853724
-32.26073568784392,-0.04792171363766203,0.0012126314470362058,2.574604006112859
-32.23129302651326,-0.04790792657924625,0.0012134431321446143,2.5764351730103683
-32.20185036518259,-0.0478942983788067,0.0012075068598340897,2.578269688437617
-32.172407703851924,-0.047873642295476936,0.001192559477773331,2.5801075615878513
-32.142965042521254,-0.0478627003170107,0.0011923842305668585,2.581948801688003
-32.11352238119059,-0.0478569118267722,0.0012021386755058673,2.583793417998838
-32.08407971985993,-0.04783947650228704,0.0011993436251143807,2.585641419815121
-32.054637058529266,-0.04781848973790248,0.0011895134629597084,2.587492816465762
-32.0251943971986,-0.0478010695756925,0.0011841320053413477,2.5893476173139796
-31.99575173586793,-0.04778391350304926,0.0011853247200505437,2.591205831757456
-31.966309074537264,-0.047764373666567474,0.001188017552722992,2.5930674692284956
-31.936866413206598,-0.047751258771124294,0.0011921536620894577,2.5949325391941875
-31.907423751875935,-0.04774493475660926,0.0011954291339408218,2.596801051156562
-31.87798109054527,-0.047734294902144335,0.0011949795702311597,2.5986730146527552
-31.848538429214603,-0.04771693292992698,0.001193652289851677,2.6005484392551694
-31.819095767883937,-0.047702873247909665,0.0012038813879772785,2.6024273345716367
-31.789653106553274,-0.04770031618841055,0.0012197847592693586,2.6043097102455834
-31.760210445222608,-0.047703473571514755,0.0012273242823334992,2.6061955759561948
-31.73076778389194,-0.047699660662374105,0.0012259948798764059,2.6080849414185807
-31.701325122561276,-0.04768679229688874,0.0012265062411495188,2.6099778163839433
-31.671882461230613,-0.04767627303500144,0.0012289775115179049,2.6118742106397437
-31.642439799899947,-0.047664716440847694,0.0012264482504159367,2.613774134009871
-31.61299713856928,-0.04764449236848397,0.0012217790439964281,2.6156775963548133
-31.583554477238614,-0.04763231673903001,0.0012204820665528517,2.617584607571825
-31.55411181590795,-0.047618313215293535,0.0012211388752889037,2.6194951775951028
-31.524669154577285,-0.04759232136933907,0.0012175045391875547,2.6214093163959538
-31.49522649324662,-0.047565772751645925,0.0012124086186243823,2.6233270339829717
-31.465783831915953,-0.047552600079188934,0.0012108116635139,2.6252483404022113
-31.43634117058529,-0.04753908553720724,0.0012108317416496765,2.6271732457373616
-31.406898509254624,-0.04751771800091234,0.0012066116105480054,2.6291017601099256
-31.377455847923958,-0.04750292303797524,0.001204356689567926,2.6310338936793944
-31.348013186593292,-0.047495456518687314,0.0012022162828386428,2.6329696566434273
-31.31857052526263,-0.04747933014771841,0.0011978232928784916,2.6349090592380313
-31.289127863931963,-0.04746129031220667,0.001198647760369399,2.636852111737742
-31.259685202601297,-0.04744488260699543,0.001204413507806535,2.6387988244558023
-31.23024254127063,-0.04742694398767391,0.0012104928506808553,2.640749207744348
-31.200799879939968,-0.04740684794098964,0.0012150613785804451,2.6427032719945904
-31.1713572186093,-0.0473931633048505,0.0012186575021142728,2.644661027637
-31.141914557278636,-0.04737965325896262,0.0012170933376599567,2.646622485141493
-31.11247189594797,-0.0473573415267163,0.0012133236285531042,2.6485876550176166
-31.083029234617307,-0.04734174513580625,0.0012131508753866964,2.6505565478147393
-31.05358657328664,-0.04733072899962227,0.0012189365812519499,2.6525291741222365
-31.024143911955974,-0.0473197072054867,0.0012297649666940058,2.6545055445696826
-30.994701250625308,-0.04730738453256919,0.0012411736048231605,2.656485669827042
-30.965258589294645,-0.04729432667602255,0.001246709503193016,2.6584695606048583
-30.93581592796398,-0.04727895184976586,0.0012452760588400602,2.6604572276544514
-30.906373266633313,-0.04726186930738716,0.0012396596965860193,2.662448681768109
-30.876930605302647,-0.04724453276315252,0.0012365747071489226,2.6644439337792822
-30.84748794397198,-0.04723283468311364,0.0012362122879326922,2.666442994562784
-30.818045282641318,-0.04722918384275515,0.0012408915427158929,2.6684458750349833
-30.788602621310652,-0.0472261803225909,0.0012461854526555115,2.670452586154007
-30.759159959979986,-0.047221005400342915,0.001251500605562378,2.6724631389199383
-30.72971729864932,-0.04721521767304806,0.0012546587434798281,2.674477544375017
-30.700274637318657,-0.0472100627609355,0.0012513201740518738,2.676495813603843
-30.67083197598799,-0.04720034961174232,0.0012429438774612476,2.6785179577335807
-30.641389314657324,-0.04718814422047113,0.0012382637441862943,2.680543987934159
-30.611946653326658,-0.047183977978696744,0.0012489717324004254,2.682573915418482
-30.582503991995996,-0.04717903457846473,0.0012564629732253942,2.6846077514426328
-30.55306133066533,-0.047174261517664316,0.0012607312780118498,2.6866455073060833
-30.523618669334663,-0.047167961630341336,0.0012615598806440744,2.688687194351902
-30.494176008003997,-0.047164019355376514,0.0012645029483940283,2.6907328239669654
-30.464733346673334,-0.04716280350569165,0.0012708198899741131,2.6927824075821687
-30.435290685342668,-0.047155403763736115,0.0012761420804700127,2.6948359566726405
-30.405848024012002,-0.04713998855737302,0.0012744788899331668,2.696893482757956
-30.376405362681336,-0.04713167642189356,0.001276506427245899,2.6989549974023506
-30.346962701350673,-0.04712642855922455,0.0012740739686123155,2.70102051221494
-30.317520040020007,-0.04712215148296173,0.0012706021607022844,2.703090038849936
-30.28807737868934,-0.047116256928435,0.001267561925046248,2.7051635890068657
-30.258634717358674,-0.04710735693991449,0.001265510025723097,2.7072411744307923
-30.229192056028012,-0.04709922354140109,0.0012684394564220233,2.7093228069125366
-30.199749394697346,-0.04709381624819068,0.0012725955533403226,2.7114084982889013
-30.17030673336668,-0.04708386260208127,0.0012682262081589136,2.7134982604428934
-30.140864072036013,-0.04707063931420519,0.0012611687380371926,2.715592105303952
-30.11142141070535,-0.04706709918260055,0.0012594937643022428,2.7176900448481724
-30.081978749374684,-0.047066027984657643,0.0012572275867902677,2.7197920910985385
-30.052536088044018,-0.047067307831786566,0.0012622692564745147,2.7218982561251477
-30.023093426713352,-0.047068948821429375,0.0012737828276854519,2.7240085520454467
-29.99365076538269,-0.04707110795216587,0.0012872439883831368,2.7261229910244595
-29.964208104052023,-0.047073589062104536,0.0012975837827345444,2.728241585275025
-29.934765442721357,-0.04707508041401603,0.0013008759506509275,2.7303643470580297
-29.90532278139069,-0.04707440190953288,0.0012990350534445208,2.7324912886826445
-29.875880120060028,-0.047074878504545926,0.0012932095473746406,2.734622422506563
-29.846437458729362,-0.04707973453142924,0.0012863176834504813,2.7367577609362415
-29.816994797398696,-0.047087276391387684,0.0012885188084682869,2.738897316427139
-29.78755213606803,-0.04709348822924431,0.0012930441035029865,2.741041101483959
-29.758109474737363,-0.04709971610531014,0.001297567183921016,2.7431891286608945
-29.7286668134067,-0.04710733585846208,0.0013034570000388982,2.7453414105618705
-29.699224152076034,-0.04711408888179877,0.0013092831918285678,2.747497959840794
-29.66978149074537,-0.0471162209312496,0.0013083331018169757,2.749658789201799
-29.640338829414702,-0.047115243091529195,0.0013015259985357482,2.751823911399498
-29.61089616808404,-0.047118608853277365,0.0013085693796961093,2.7539933392392304
-29.581453506753373,-0.04712593321221804,0.0013221502378944201,2.7561670855773195
-29.552010845422707,-0.047128024933799105,0.001329120866323691,2.7583451633213207
-29.52256818409204,-0.04713051145816249,0.001334222293502936,2.7605275854302818
-29.493125522761378,-0.04713290616568814,0.0013412372297204936,2.762714364914997
-29.463682861430712,-0.04713177800543059,0.001349008746761484,2.764905514838267
-29.434240200100046,-0.04713025155632056,0.001350384366021708,2.767101048315159
-29.40479753876938,-0.047129592588186726,0.0013466229470295232,2.7693009785132667
-29.375354877438717,-0.04712445206984019,0.0013479689348606606,2.771505318652977
-29.34591221610805,-0.04712327303635234,0.0013546092635630547,2.7737140820077304
-29.316469554777385,-0.04712820765655343,0.0013635869563089634,2.7759272819042917
-29.28702689344672,-0.04713074802368786,0.0013673525574157998,2.7781449317230145
-29.257584232116056,-0.047129725294568,0.0013678377153475603,2.7803670448981133
-29.22814157078539,-0.04712973956417136,0.0013685371199879468,2.782593634917933
-29.198698909454723,-0.047133261784209624,0.0013701003697670754,2.7848247153252244
-29.169256248124057,-0.04713298293309032,0.001372265445504201,2.7870602997174148
-29.139813586793395,-0.047123632890834405,0.001373980173871641,2.7893004017468876
-29.11037092546273,-0.047116569751584424,0.0013761411543792884,2.79154503512126
-29.080928264132062,-0.0471175048442043,0.0013832073545341458,2.7937942136036598
-29.051485602801396,-0.047119657533536856,0.0013841593780552725,2.79604795101301
-29.022042941470733,-0.047116453270068435,0.0013757648814034407,2.798306261224309
-28.992600280140067,-0.04711095586581202,0.0013646752499781954,2.800569158168919
-28.9631576188094,-0.04711047443370061,0.0013574329792341846,2.8028366558348483
-28.933714957478735,-0.04711650030903891,0.001353045303831031,2.8051087682670426
-28.904272296148072,-0.04711551562767589,0.0013497202027799651,2.807385509567672
-28.874829634817406,-0.047108358771151305,0.0013440840779152551,2.8096668938964267
-28.84538697348674,-0.0471026573707282,0.001346972494159216,2.8119529354708077
-28.815944312156073,-0.04710213763334428,0.0013518161890608666,2.8142436485664226
-28.78650165082541,-0.04710221730849251,0.0013475325308548547,2.8165390475172822
-28.757058989494745,-0.04710349451861976,0.0013401031800460664,2.818839146716103
-28.72761632816408,-0.047104689785171884,0.001335042775899887,2.8211439606146023
-28.698173666833412,-0.04710456894587255,0.0013363554360418532,2.823453503723805
-28.668731005502746,-0.047102241559371066,0.0013470050377683456,2.8257677906143486
-28.639288344172083,-0.047102727539790445,0.0013518251675050479,2.828086835916785
-28.609845682841417,-0.04710362265386279,0.0013482081840964846,2.8304106543218945
-28.58040302151075,-0.04710698964299381,0.0013550712051941007,2.8327392605809925
-28.550960360180085,-0.047111404195727985,0.0013613036530334198,2.835072669506242
-28.521517698849422,-0.047116805853853146,0.0013619039061702248,2.8374108959709683
-28.492075037518756,-0.04712139246474548,0.0013614857784967121,2.839753954909976
-28.46263237618809,-0.04712438788961263,0.001364764279067937,2.8421018613198643
-28.433189714857424,-0.04712759324193223,0.001372075209770515,2.8444546302593503
-28.40374705352676,-0.047132145458391395,0.0013806887737284443,2.8468122768495863
-28.374304392196095,-0.04713678651957832,0.001388773726126123,2.8491748162744903
-28.34486173086543,-0.04714213369905665,0.0013916661033504312,2.8515422637810652
-28.315419069534762,-0.0471453104749206,0.0013894424121758517,2.853914634679732
-28.2859764082041,-0.04714992555593398,0.0013955498181339825,2.856291944344655
-28.256533746873433,-0.047151700073073295,0.001402629436288932,2.8586742082140804
-28.227091085542767,-0.04714941748013333,0.0014040439425191977,2.8610614417906635
-28.1976484242121,-0.04714626537183058,0.0014018895967033364,2.8634536606418095
-28.16820576288144,-0.04714695698022705,0.0014012700352379367,2.8658508804000102
-28.138763101550772,-0.047151665999895176,0.0014026820600843647,2.868253116763186
-28.109320440220106,-0.04715898731027021,0.0014099790001592316,2.8706603854950257
-28.07987777888944,-0.0471661103950643,0.0014137237822479318,2.8730727024253344
-28.050435117558777,-0.047173665614515324,0.0014114775832546117,2.875490083450378
-28.02099245622811,-0.04718178036995018,0.0014148238319963101,2.8779125445332348
-27.991549794897445,-0.04718797747849545,0.0014206630674023137,2.880340101704145
-27.962107133566782,-0.0471929713662721,0.0014201914681412839,2.8827727710608637
-27.932664472236112,-0.04719946698495776,0.0014142433922271196,2.885210568769021
-27.90322181090545,-0.047204356355258326,0.001419273652849237,2.887653511062473
-27.873779149574787,-0.04721253939433606,0.001429289413868782,2.8901016142436693
-27.844336488244117,-0.04722296446952984,0.0014350711170375975,2.8925548946840114
-27.814893826913455,-0.04723224009566768,0.0014364174657343753,2.895013368824218
-27.785451165582785,-0.047233808205061956,0.0014309667117442491,2.8974770531746943
-27.756008504252122,-0.04723333749424439,0.0014251656538337547,2.899945964315899
-27.72656584292146,-0.04723525115413668,0.0014222377813500472,2.9024201188987178
-27.69712318159079,-0.04723780567083452,0.0014220776733006439,2.904899533644839
-27.667680520260127,-0.04723784557297838,0.001424317285338303,2.9073842253471263
-27.638237858929458,-0.0472399058917772,0.0014278462974806226,2.9098742108700026
-27.608795197598795,-0.04723488025600537,0.0014245130161333595,2.912369507149827
-27.579352536268132,-0.04722738510376775,0.0014182284036233271,2.9148701311952823
-27.549909874937462,-0.04722590217473638,0.0014147603532877983,2.917376100087761
-27.5204672136068,-0.04722602435782202,0.0014125251300864186,2.9198874309817513
-27.491024552276137,-0.047224916413890095,0.0014118645642201943,2.922404141105232
-27.461581890945467,-0.047222424041102246,0.0014146682857444966,2.9249262477600664
-27.432139229614805,-0.047218948998435616,0.0014207134968357914,2.927453768322394
-27.402696568284135,-0.04721552784980798,0.0014253263971012483,2.9299867202430367
-27.373253906953472,-0.04721505534529574,0.0014271710082748937,2.9325251210478944
-27.34381124562281,-0.04721548107360832,0.001428652680036219,2.9350689883383523
-27.31436858429214,-0.0472202966426204,0.0014305867428800227,2.937618339791688
-27.284925922961477,-0.047229535775275035,0.0014356221624854963,2.940173193161478
-27.255483261630815,-0.047236949847454045,0.0014428790665557305,2.942733566278014
-27.226040600300145,-0.047238605978484095,0.0014474820355152816,2.945299477048714
-27.196597938969482,-0.047236775940749855,0.0014465508173700057,2.947870943458542
-27.167155277638813,-0.04723574159696344,0.0014456257942381267,2.950447983570427
-27.13771261630815,-0.047241341866879505,0.001448562245623286,2.9530306155256865
-27.108269954977487,-0.04725179044862302,0.001449752570861756,2.955618857544452
-27.078827293646818,-0.047263091262418844,0.0014505611823704926,2.9582127279261
-27.049384632316155,-0.04726595028082151,0.0014480447236284047,2.9608122450496763
-27.019941970985492,-0.04726064099314955,0.001442342963910279,2.963417427374338
-26.990499309654822,-0.04725473831188363,0.0014343598722979098,2.9660282934397872
-26.96105664832416,-0.04725212109860675,0.001427485216651912,2.968644861866708
-26.93161398699349,-0.04724990600504373,0.00142753578575931,2.9712671513572153
-26.902171325662827,-0.04725025916035252,0.001432576705146711,2.973895180695294
-26.872728664332165,-0.04725874561233475,0.0014359341030379608,2.976528968747252
-26.843286003001495,-0.04725718205951943,0.0014358644365396014,2.97916853446217
-26.813843341670832,-0.047255164594329636,0.0014353717203461614,2.9818138968723558
-26.78440068034017,-0.047252952435769435,0.0014355754451167238,2.9844650750938015
-26.7549580190095,-0.04724911369677698,0.0014382720740788433,2.9871220883266463
-26.725515357678837,-0.04724778903978458,0.001444476594719961,2.9897849558556358
-26.696072696348168,-0.04725152130920942,0.0014499941871187376,2.9924536970505926
-26.666630035017505,-0.04725736149433043,0.0014502393752696668,2.9951283313668826
-26.637187373686842,-0.047261946297087076,0.001449749239492377,2.9978088783458916
-26.607744712356173,-0.047260531330518864,0.0014525754564535553,3.000495357615498
-26.57830205102551,-0.047255553594738986,0.0014464951892372586,3.0031877888905525
-26.54885938969484,-0.04725325904028216,0.0014416052680849478,3.005886191973362
-26.519416728364178,-0.04725271669958803,0.0014361085458313692,3.008590586754172
-26.489974067033515,-0.04724981700592514,0.0014278813356076367,3.0113009932116586
-26.460531405702845,-0.047246030112825084,0.0014215016644494951,3.01401743141342
-26.431088744372182,-0.047243991126564466,0.0014206496902307907,3.0167399215164683
-26.40164608304152,-0.04724348326688257,0.0014223567144487008,3.0194684837677324
-26.37220342171085,-0.04724952559562459,0.001424526331445591,3.0222031385045582
-26.342760760380187,-0.04725633316246985,0.0014264700830768165,3.0249439061552126
-26.313318099049518,-0.04725189958931383,0.001416577647976157,3.027690807239395
-26.283875437718855,-0.04724674415337308,0.00141017546756179,3.030443862368746
-26.254432776388192,-0.04724574683106266,0.0014081013094654287,3.033203092247366
-26.224990115057523,-0.04724980237433029,0.0014067265161737399,3.0359685176723334
-26.19554745372686,-0.04725817943350199,0.001406519952486225,3.0387401595342247
-26.166104792396197,-0.04726809657628095,0.0014098540675819588,3.0415180388176437
-26.136662131065528,-0.04727410800665701,0.0014126532011354061,3.044302176601751
-26.107219469734865,-0.0472712583112978,0.0014044415031419957,3.0470925940607936
-26.077776808404195,-0.047270627435405645,0.0013981579870230175,3.049889312464647
-26.048334147073533,-0.04727165439544783,0.0013912795359539505,3.0526923531793497
-26.01889148574287,-0.04727276766390621,0.0013902414412811021,3.0555017376676528
-25.9894488244122,-0.04727981606827089,0.001398719198661566,3.058317487489565
-25.960006163081538,-0.04729421282465978,0.0014079231032790142,3.0611396243029034
-25.930563501750875,-0.047310036612518286,0.001409103011666785,3.063968169863851
-25.901120840420205,-0.04731765046816683,0.0014068851798702772,3.0668031460275147
-25.871678179089542,-0.04731878517384027,0.001408490429235342,3.0696445747484873
-25.842235517758873,-0.047319945967682055,0.001408187296331319,3.0724924780814162
-25.81279285642821,-0.0473203859212655,0.0014041063014562035,3.075346878181572
-25.783350195097547,-0.047331154347193594,0.0014048090941094938,3.0782077973054243
-25.753907533766878,-0.04734650751988264,0.0014072718551792931,3.0810752578112206
-25.724464872436215,-0.047359035643923235,0.0014095420564875,3.083949282159566
-25.695022211105552,-0.04736754574501665,0.0014138449506416071,3.086829892914014
-25.665579549774883,-0.04737666185284184,0.0014226043205690833,3.0897171127416536
-25.63613688844422,-0.0473909607410184,0.001430315449909723,3.0926109644137036
-25.60669422711355,-0.04739953668056348,0.0014326921577957077,3.095511470806115
-25.577251565782888,-0.04740529540269706,0.0014381027656304888,3.0984186549001684
-25.547808904452225,-0.0474213261252025,0.0014458039374401425,3.1013325397830864
-25.518366243121555,-0.047439413372856044,0.001452537057183516,3.1042531486486413
-25.488923581790893,-0.047456689369026535,0.0014596825681185324,3.10718050479777
-25.459480920460223,-0.04747333092461762,0.0014654740569998894,3.1101146316391977
-25.43003825912956,-0.04749052881738592,0.0014682635580176102,3.113055552690056
-25.400595597798898,-0.04750360996971296,0.0014746881275576945,3.1160032915765177
-25.371152936468228,-0.04751298820460598,0.0014804040793341337,3.1189578720344246
-25.341710275137565,-0.04751981657985105,0.0014781130507898644,3.121919317909925
-25.312267613806902,-0.0475241469997284,0.0014699778236680102,3.1248876531601186
-25.282824952476233,-0.047532719572111,0.0014682426769878191,3.1278629018537
-25.25338229114557,-0.04754479059287176,0.001471008880700021,3.1308450881716077
-25.2239396298149,-0.047557772884914695,0.0014724060802541082,3.133834236407684
-25.194496968484238,-0.04756744655020192,0.0014687840930091677,3.1368303709693275
-25.165054307153575,-0.047569862006387825,0.0014637322256652698,3.1398335163781668
-25.135611645822905,-0.047571828936887856,0.0014592722692781453,3.142843697270721
-25.106168984492243,-0.04757781772986732,0.001458128002986637,3.1458609383990774
-25.07672632316158,-0.047582593946315664,0.0014568738999358967,3.1488852646315695
-25.04728366183091,-0.047590041012286144,0.001456720217052642,3.1519167009534614
-25.017841000500248,-0.047598569180096084,0.0014525393198088026,3.1549552724676313
-24.988398339169578,-0.0476056496789655,0.0014450653341360569,3.1580010043952713
-24.958955677838915,-0.04760913867787114,0.0014366515292391945,3.161053922076578
-24.929513016508253,-0.047607799900911595,0.0014277884890952733,3.1641140509714614
-24.900070355177583,-0.047604028259913146,0.0014194614005497504,3.1671814166602497
-24.87062769384692,-0.04760731464392292,0.0014196188373743954,3.1702560448444004
-24.841185032516258,-0.04761527018262287,0.0014220410980814425,3.173337961347222
-24.811742371185588,-0.04761898563369641,0.0014187612563983081,3.176427192114596
-24.782299709854925,-0.04762100346718615,0.001419427215575076,3.179523763215701
-24.752857048524255,-0.047624019813600794,0.001421074721209245,3.1826277008437525
-24.723414387193593,-0.04762864753656184,0.001421572122238934,3.185739031316735
-24.69397172586293,-0.04763445355970572,0.00142296929312896,3.188857781078151
-24.66452906453226,-0.047641464537730556,0.0014287908415998,3.191983976697769
-24.635086403201598,-0.04764923388849541,0.0014410187968899942,3.195117644872373
-24.605643741870935,-0.04765816621256178,0.0014548046407690113,3.1982588124265305
-24.576201080540265,-0.047666175143400456,0.0014647220497346182,3.201407506313353
-24.546758419209603,-0.04766972659896954,0.0014701321158442074,3.2045637536152665
-24.517315757878933,-0.047672909279676566,0.00147871831230621,3.207727581544791
-24.48787309654827,-0.047679097856825996,0.0014888630650774436,3.2108990174453194
-24.458430435217608,-0.04768726458602437,0.0014941228425983317,3.214078088791908
-24.428987773886938,-0.04769483778340295,0.0014936650774746653,3.217264823192068
-24.399545112556275,-0.047700067307556805,0.0014930816664311688,3.2204592483865655
-24.370102451225605,-0.04770100520525092,0.0014929404649689075,3.2236613922502264
-24.340659789894943,-0.047705283220331324,0.0014973750735784357,3.2268712827927466
-24.31121712856428,-0.047715723040727354,0.0014993801517500117,3.230088948159509
-24.28177446723361,-0.047727350720413834,0.001496245943780961,3.2333144166324086
-24.252331805902948,-0.047739042168608525,0.0014919323307435264,3.236547716630675
-24.222889144572285,-0.047746325639525806,0.0014850960477297422,3.2397888767117133
-24.193446483241615,-0.04774914670592631,0.0014764116081203307,3.2430379255719433
-24.164003821910953,-0.047754546421901765,0.0014709128752425432,3.2462948920476427
-24.134561160580283,-0.047771060066375465,0.0014723017559119512,3.2495598051158057
-24.10511849924962,-0.04778537129957172,0.0014786995211222003,3.2528326938949976
-24.075675837918958,-0.047786990434495635,0.001482231100088992,3.2561135876462237
-24.046233176588288,-0.04779437829083764,0.0014825845244508798,3.2594025157738016
-24.016790515257625,-0.047809316369801576,0.0014802131859162607,3.262699507826235
-23.987347853926963,-0.04782373495489838,0.0014788122232148805,3.2660045934971045
-23.957905192596293,-0.04783204964520413,0.0014812374277527933,3.2693178026259555
-23.92846253126563,-0.0478361463036426,0.0014867526821987723,3.2726391651991964
-23.89901986993496,-0.04784204767678819,0.0014941195076921055,3.2759687113510063
-23.869577208604298,-0.047856636678111776,0.001504348570642788,3.27930647136424
-23.840134547273635,-0.04787313396960443,0.001515983921725974,3.282652475671354
-23.810691885942965,-0.04788041634169005,0.0015223813368861515,3.2860067548553262
-23.781249224612303,-0.04787879036882564,0.001522056579808137,3.2893693396505874
-23.75180656328164,-0.04788431968221473,0.0015209182640451365,3.2927402609439635
-23.72236390195097,-0.04789631285934327,0.0015196985816610259,3.2961195497756197
-23.692921240620308,-0.04790428497311028,0.0015174929134894306,3.299507237340011
-23.663478579289638,-0.0479036015224624,0.0015170011108436403,3.3029033549868454
-23.634035917958975,-0.04790311713436262,0.0015232471157209553,3.3063079342220476
-23.604593256628313,-0.047906330818458444,0.0015303821693393566,3.3097210067087377
-23.575150595297643,-0.04791237117111236,0.0015326865944320905,3.3131426042682093
-23.54570793396698,-0.04791508102474248,0.0015316248810539512,3.3165727588809175
-23.516265272636318,-0.04791127842972107,0.0015231631266684124,3.3200115026874797
-23.486822611305648,-0.04790566973790749,0.001509226201068443,3.323458867989677
-23.457379949974985,-0.047904811412834626,0.0014971659202447714,3.3269148872514624
-23.427937288644316,-0.04790972505744647,0.0014928906787831217,3.3303795930999867
-23.398494627313653,-0.0479150977482855,0.0014947268331818304,3.333853018326618
-23.36905196598299,-0.047914682757957905,0.0014978867486269399,3.337335195887983
-23.33960930465232,-0.047923016879395514,0.001504108238490433,3.3408261589070056
-23.310166643321658,-0.047931197391496316,0.0015022695864309462,3.3443259406739547
-23.280723981990988,-0.04794184515522589,0.001495351645287076,3.347834574647509
-23.251281320660325,-0.047951691333253776,0.0014929630710770391,3.3513520944558164
-23.221838659329663,-0.047957886756360237,0.0014931274912598274,3.354878533897574
-23.192395997998993,-0.04796502347065878,0.0014922376846178086,3.358413926943108
-23.16295333666833,-0.04797736759321385,0.0014933413771806637,3.3619583077354624
-23.133510675337668,-0.04799157366410495,0.0014998298763698812,3.365511710591503
-23.104068014006998,-0.048002835414189704,0.0015041950593819697,3.369074170003022
-23.074625352676335,-0.048008190208240514,0.0015051618578950513,3.372645720637851
-23.045182691345666,-0.04801942725561711,0.001508236085467697,3.3762263973409947
-23.015740030015003,-0.04803330021670629,0.0015069541992463486,3.379816235135753
-22.98629736868434,-0.04804182655540657,0.0014983496645366169,3.383415269224871
-22.95685470735367,-0.048046505130126926,0.0014902085141037993,3.3870235349916875
-22.927412046023008,-0.04805421088016717,0.0014866947054430167,3.390641068001291
-22.897969384692345,-0.04806862958993643,0.0014839884746428759,3.3942679040016936
-22.868526723361676,-0.048082228890532486,0.0014845150386654838,3.3979040789250066
-22.839084062031013,-0.04809412646965047,0.0014925628292719406,3.401549628888624
-22.809641400700343,-0.048106635461975376,0.0014984323841481604,3.4052045901964236
-22.78019873936968,-0.04812179593845361,0.001503144227629162,3.4088689993399677
-22.750756078039018,-0.0481423249257687,0.0015084240362846218,3.41254289299972
-22.721313416708348,-0.04816284066291777,0.00150997800457818,3.4162263080462707
-22.691870755377685,-0.04817767376828347,0.0015089097212775077,3.419919281541564
-22.662428094047023,-0.04818921397591346,0.001511676462869041,3.4236218507401484
-22.632985432716353,-0.048205117831264604,0.0015212198447771491,3.4273340530904264
-22.60354277138569,-0.04821729183428358,0.0015210681783548823,3.4310559262359144
-22.57410011005502,-0.04822643456131264,0.0015212463448991732,3.4347875080165213
-22.544657448724358,-0.04824239506429887,0.0015283860248749457,3.4385288364698225
-22.515214787393695,-0.04825749470597145,0.0015307374284469857,3.4422799498323613
-22.485772126063026,-0.04826923136481137,0.001527437051477872,3.446040886540946
-22.456329464732363,-0.048278338265331545,0.001522151297229935,3.449811685233963
-22.4268868034017,-0.04828529035648226,0.0015179535451825931,3.4535923847527012
-22.39744414207103,-0.04829135791420854,0.0015143156361173235,3.4573830241426884
-22.368001480740368,-0.04830197843331851,0.001508382274927946,3.461183642655028
-22.3385588194097,-0.04831032626432605,0.0015013540221862954,3.464994279747762
-22.309116158079036,-0.04831650080340485,0.0014995703757781924,3.46881497508723
-22.279673496748373,-0.04832551294341022,0.0015053843612644537,3.4726457685494503
-22.250230835417703,-0.04832965676200929,0.0015078925232694452,3.4764867002215056
-22.22078817408704,-0.04832638470162983,0.0015006421072522274,3.480337810402939
-22.19134551275637,-0.04832333548618719,0.0014885791272234226,3.484199139607168
-22.161902851425708,-0.048326900776777544,0.0014800138938558607,3.488070728562899
-22.132460190095046,-0.04832996915349216,0.0014786667921386552,3.491952618215566
-22.103017528764376,-0.048328281694425525,0.0014758157255727454,3.4958448497287713
-22.073574867433713,-0.04833189057711254,0.0014709947318187527,3.4997474644857367
-22.04413220610305,-0.048332792080698815,0.0014703868478616203,3.5036605040907767
-22.01468954477238,-0.04833422575426987,0.0014799320045510746,3.507584010370774
-21.985246883441718,-0.048337803333149625,0.0014920095753376173,3.5115180253766667
-21.95580422211105,-0.04834339364145062,0.0014966964777329706,3.5154625913849573
-21.926361560780386,-0.048351264293093325,0.0014951372118654292,3.51941775089922
-21.896918899449723,-0.04836276128771511,0.0014949015414974579,3.5233835466516332
-21.867476238119053,-0.048378157817083274,0.0014939123891844661,3.527360021604516
-21.83803357678839,-0.04838581109592791,0.0014940668050650715,3.5313472189518764
-21.808590915457728,-0.04838745839536652,0.0014966842083718838,3.5353451821209823
-21.77914825412706,-0.04839362585745658,0.0014987810698338477,3.539353954773934
-21.749705592796396,-0.04839916877496247,0.0014949520324277776,3.5433735808092504
-21.720262931465726,-0.048407027993122985,0.0014894827261363016,3.54740410436348
-21.690820270135063,-0.04841790783520284,0.0014837238213908355,3.551445569812806
-21.6613776088044,-0.04843004846121012,0.0014750691926140563,3.555498021774685
-21.63193494747373,-0.048442240505769806,0.0014645293157716972,3.559561505109483
-21.602492286143068,-0.04844960504480856,0.0014550830998002792,3.5636360649221297
-21.573049624812406,-0.04845272406243214,0.0014470951302015837,3.567721746563792
-21.543606963481736,-0.048459354655722674,0.001448029718885009,3.571818595633554
-21.514164302151073,-0.04846621395236028,0.0014526707794411402,3.5759266579801117
-21.484721640820403,-0.04847496483986689,0.0014585195318877915,3.5800459797034887
-21.45527897948974,-0.04848514006780308,0.0014574017931540254,3.5841766071567536
-21.425836318159078,-0.048497532174314024,0.0014492637614505965,3.5883185869477643
-21.39639365682841,-0.04851074672475036,0.0014468644600975531,3.5924719659409203
-21.366950995497746,-0.04852154680913214,0.0014556723624841114,3.596636791258925
-21.337508334167083,-0.04852752432635992,0.0014636644094347501,3.600813110284576
-21.308065672836413,-0.04853365695510811,0.0014637836413941912,3.6050009706625556
-21.27862301150575,-0.04854469826635971,0.0014628699051011814,3.609200420301244
-21.24918035017508,-0.048559835965860144,0.0014692487076299627,3.613411507374549
-21.21973768884442,-0.04857289180667045,0.0014771737736954376,3.6176342803237445
-21.190295027513756,-0.04858438733820595,0.0014824138422446882,3.6218687878593303
-21.160852366183086,-0.048597910423097745,0.001485623160105012,3.626115078962905
-21.131409704852423,-0.04861147653424225,0.0014900737890204258,3.6303732028890514
-21.101967043521753,-0.04862582710480388,0.0014949277807123542,3.6346432091672476
-21.07252438219109,-0.04864049929995353,0.0015087895338941535,3.6389251476037776
-21.043081720860428,-0.048646068206663784,0.0015108022567029995,3.643219068283679
-21.01363905952976,-0.048653881107634585,0.0015125001473407364,3.647525021572688
-20.984196398199096,-0.04866573369049589,0.0015177506920281364,3.6518430581192094
-20.954753736868433,-0.048676045855556994,0.0015249835521666953,3.6561732288563062
-20.925311075537763,-0.04868020072529158,0.0015307262889017754,3.6605155850037003
-20.8958684142071,-0.048683222046026146,0.001532670196477587,3.6648701780697883
-20.86642575287643,-0.04869344297026634,0.001534655633768385,3.6692370598536868
-20.83698309154577,-0.04870421841428993,0.0015349786751169027,3.673616282447275
-20.807540430215106,-0.04871418339151234,0.001536288579840756,3.678007898237276
-20.778097768884436,-0.04872476746883967,0.001539604809734344,3.682411959907343
-20.748655107553773,-0.04873572594893827,0.0015443480630717996,3.68682852044016
-20.71921244622311,-0.04874653433509552,0.0015498536605887511,3.6912576331195757
-20.68976978489244,-0.04875756915485222,0.001553402533120213,3.695699351532741
-20.66032712356178,-0.0487696058236888,0.0015506801639949557,3.7001537295722686
-20.63088446223111,-0.04877948621454545,0.0015432594142087734,3.7046208214384193
-20.601441800900446,-0.04878941276081741,0.0015344980620476765,3.709100681641292
-20.571999139569783,-0.048805056305192614,0.001532827000631594,3.7135933650030486
-20.542556478239113,-0.048816296506010624,0.0015308895182647147,3.7180989266601467
-20.51311381690845,-0.04882488196911471,0.0015291810085400362,3.7226174220655923
-20.483671155577788,-0.04882914752069476,0.0015236634495683107,3.72714890699122
-20.45422849424712,-0.04883387494513056,0.0015165838184888875,3.7316934375299877
-20.424785832916456,-0.04884328429779992,0.0015107737798499736,3.736251070098284
-20.395343171585786,-0.048854504371465664,0.0015058965565784524,3.7408218614382722
-20.365900510255123,-0.048865799304006245,0.001495710754713926,3.745405868620237
-20.33645784892446,-0.04888084889733033,0.0014885396241704704,3.7500031490449657
-20.30701518759379,-0.04889431806696068,0.0014872481405309018,3.754613760446143
-20.27757252626313,-0.0488959216679394,0.0014787506210855279,3.7592377608927614
-20.248129864932466,-0.04889418709927205,0.0014714046319176213,3.76387520879157
-20.218687203601796,-0.04890096293760466,0.0014687113666030937,3.7685261628895255
-20.189244542271133,-0.04891944180077456,0.0014688802889120675,3.7731906822762733
-20.159801880940464,-0.04894117049959523,0.0014713607773652745,3.7778688263866567
-20.1303592196098,-0.048956557831099784,0.0014763018425331983,3.7825606550032314
-20.10091655827914,-0.04896565681576454,0.00147515872457336,3.7872662282588205
-20.07147389694847,-0.048978172655568225,0.001474588379356723,3.7919856066390816
-20.042031235617806,-0.048987645954239406,0.0014721490412261265,3.7967188509850915
-20.012588574287136,-0.04899340066156674,0.0014705396848741178,3.8014660224959727
-19.983145912956473,-0.0490039370349856,0.0014795183811771651,3.806227182731519
-19.95370325162581,-0.04902110587556274,0.0014952545903421082,3.8110023936148667
-19.92426059029514,-0.04904070186207621,0.0015071068540311128,3.815791717435173
-19.89481792896448,-0.04905740595947116,0.0015076035694512296,3.820595216850324
-19.865375267633816,-0.049067362633917554,0.0015000675102985646,3.8254129548896714
-19.835932606303146,-0.049071653345664094,0.001495797923456479,3.8302449949567885
-19.806489944972483,-0.04908237215420388,0.0014955781851254517,3.835091400832246
-19.777047283641814,-0.04909615046211641,0.0014923836051171616,3.8399522366764267
-19.74760462231115,-0.04910862527134805,0.0014862443696586737,3.844827567032349
-19.71816196098049,-0.04911884220288424,0.001483178109336896,3.8497174568285306
-19.68871929964982,-0.04912918366194197,0.0014863714447330742,3.854621971381867
-19.659276638319156,-0.049142316202618656,0.0014915486963196858,3.8595411764005374
-19.629833976988493,-0.04915553177603226,0.001492752202370357,3.8644751379869455
-19.600391315657824,-0.04916619828525226,0.001486980046100548,3.869423922640677
-19.57094865432716,-0.04917752625266073,0.0014780608025433397,3.874387597261484
-19.54150599299649,-0.04918512143303471,0.0014750658912771435,3.8793662291523066
-19.51206333166583,-0.0491908801989408,0.0014758352888877622,3.8843598860223074
-19.482620670335166,-0.04919491892234201,0.0014744891686076147,3.8893686359899475
-19.453178009004496,-0.04919859726023094,0.001471031874599608,3.8943925475860817
-19.423735347673833,-0.049203990935607705,0.0014704254227256009,3.8994316897570793
-19.39429268634317,-0.04921248706580759,0.0014732672845177836,3.9044861318679853
-19.3648500250125,-0.04921966036550035,0.0014744148173262061,3.9095559437057013
-19.33540736368184,-0.04922388953183574,0.0014704083752241591,3.914641195482192
-19.30596470235117,-0.049231577454017184,0.0014686235372973035,3.9197419578377346
-19.276522041020506,-0.04924061595964382,0.001471848782854745,3.924858301844182
-19.247079379689843,-0.04924814229569354,0.001479313112042324,3.9299902990082707
-19.217636718359174,-0.04925497519188713,0.0014868834694447934,3.935138021274949
-19.18819405702851,-0.04926244018644232,0.001491882710536301,3.940301541030736
-19.15875139569785,-0.049270872409382195,0.001495591854674869,3.9454809311071197
-19.12930873436718,-0.049280298185338356,0.0015008600697982027,3.95067626478398
-19.099866073036516,-0.04928758029276714,0.001507906194345495,3.9558876157930407
-19.070423411705846,-0.04929701717937759,0.0015156458681565338,3.961115058321365
-19.040980750375184,-0.04930944709935314,0.0015260882436291508,3.966358667014867
-19.01153808904452,-0.0493189495289419,0.0015286849406465372,3.9716185169818723
-18.98209542771385,-0.04932361214619833,0.0015248455097628425,3.9768946837967016
-18.95265276638319,-0.049325751204023126,0.0015210851232083818,3.982187243503287
-18.92321010505252,-0.04933093470638919,0.0015212681006061362,3.987496272618832
-18.893767443721856,-0.0493426085598338,0.0015256831457794975,3.9928218481374906
-18.864324782391193,-0.04935560863665727,0.001532478874314696,3.9981640475340985
-18.834882121060524,-0.04936643366532242,0.0015345276079683032,4.003522948767925
-18.80543945972986,-0.04937142719070369,0.0015262293298128993,4.0088986302864615
-18.7759967983992,-0.049380480203071814,0.0015192989483411143,4.014291171029259
-18.74655413706853,-0.049393011025135825,0.0015150225806766112,4.019700650431787
-18.717111475737866,-0.049404517713898255,0.0015110604077035515,4.025127148429327
-18.687668814407196,-0.04941708362988878,0.0015098114555994538,4.030570745460926
-18.658226153076534,-0.049433645199203485,0.0015113595408139087,4.036031522473354
-18.62878349174587,-0.04945077562438793,0.0015087095084030176,4.041509560925129
-18.5993408304152,-0.0494612259629244,0.0015027256367743705,4.047004942790564
-18.56989816908454,-0.04946916494286308,0.0015034138525008944,4.052517750563847
-18.540455507753876,-0.04947947991007984,0.0015055134343091466,4.0580480672631865
-18.511012846423206,-0.04949046610914438,0.0015052669974211796,4.063595976434962
-18.481570185092544,-0.049505083475801175,0.0015102264340139113,4.069161562157938
-18.452127523761874,-0.04952038551901491,0.0015199329860023142,4.074744909047517
-18.42268486243121,-0.049533764078949126,0.001529306642471142,4.080346102260016
-18.39324220110055,-0.04954594709887756,0.0015355317319923642,4.085965227497005
-18.36379953976988,-0.04955759714850947,0.0015397646881498733,4.091602371009676
-18.334356878439216,-0.049567608960285926,0.0015392335205508952,4.097257619603251
-18.304914217108553,-0.049578956570884604,0.001546948623500826,4.1029310606414455
-18.275471555777884,-0.04959514208116386,0.0015641661506639462,4.108622782050965
-18.24602889444722,-0.04961350543675669,0.0015754427846082829,4.114332872326038
-18.21658623311655,-0.0496321694926716,0.001579389963410699,4.12006142053302
-18.18714357178589,-0.04964678190523453,0.0015801265559342807,4.125808516315007
-18.157700910455226,-0.0496577906534629,0.0015804231266426517,4.131574249896524
-18.128258249124556,-0.04967160630299455,0.001580761909809366,4.137358712088241
-18.098815587793894,-0.049685502697908675,0.0015835765987425694,4.143161994291737
-18.06937292646323,-0.049696188379330784,0.0015849336921438155,4.148984188504324
-18.03993026513256,-0.04970638091483994,0.0015862070312820022,4.154825387323902
-18.0104876038019,-0.04971913329387123,0.001589820791795826,4.160685683953863
-17.98104494247123,-0.049732631039518825,0.0015938641156023337,4.166565172208066
-17.951602281140566,-0.04974364920177681,0.0015951723088758832,4.172463946515818
-17.922159619809904,-0.04975069343241293,0.001592752869504579,4.178382101926952
-17.892716958479234,-0.04975335920727555,0.001589342403526161,4.184319734116922
-17.86327429714857,-0.04975639098556713,0.0015864060536595658,4.190276939391955
-17.8338316358179,-0.049772848132173975,0.0015965000840454315,4.196253814694269
-17.80438897448724,-0.04978952268938507,0.0016098315718640788,4.20225045760732
-17.774946313156576,-0.04979569163862846,0.0016112782339394464,4.208266966361123
-17.745503651825906,-0.04980322262480563,0.0016120593561705196,4.214303439837609
-17.716060990495244,-0.049815232362571536,0.001614781318959444,4.220359977576042
-17.68661832916458,-0.04982840033649057,0.0016172787020782252,4.2264366797784945
-17.65717566783391,-0.04983924213250785,0.0016169799413513189,4.232533647315374
-17.62773300650325,-0.04984825969729354,0.0016148872140092443,4.238650981730995
-17.59829034517258,-0.04985965826273733,0.0016146091578430818,4.244788785249231
-17.568847683841916,-0.04987312895533245,0.001620819591214599,4.250947160779193
-17.539405022511254,-0.049886441831953926,0.0016227560171054168,4.257126211920996
-17.509962361180584,-0.04989607091942,0.0016187887091293606,4.263326042971558
-17.48051969984992,-0.04990236013095229,0.0016148213462799832,4.26954675893047
-17.45107703851926,-0.04991099745175636,0.0016170053281434275,4.2757884655059275
-17.42163437718859,-0.04992446074359319,0.0016215180447737582,4.282051269120716
-17.392191715857926,-0.04994032710722896,0.0016204232848236058,4.288335276918257
-17.362749054527256,-0.04995425831489871,0.0016166419690708553,4.2946405967687244
-17.333306393196594,-0.04996841759257228,0.001615478424971606,4.300967337275206
-17.30386373186593,-0.049983954734640824,0.0016195167804806054,4.307315607779953
-17.27442107053526,-0.04999800026106979,0.001627340343414781,4.313685518370669
-17.2449784092046,-0.05001029597710808,0.0016289508608237182,4.320077179886874
-17.215535747873936,-0.05002452652885725,0.0016263456765164175,4.326490703926338
-17.186093086543266,-0.050038483166490656,0.0016280970955166744,4.332926202851578
-17.156650425212604,-0.05004711642882743,0.0016369111939070655,4.339383789796406
-17.127207763881934,-0.05005485859944613,0.0016433944808845655,4.345863578672578
-17.09776510255127,-0.05006993123930784,0.001641271973954187,4.352365684176475
-17.06832244122061,-0.05008218616782006,0.0016377338512809883,4.358890221795884
-17.03887977988994,-0.05009268550445237,0.0016373487472895987,4.3654373078168245
-17.009437118559276,-0.05010038708437644,0.0016399613980319873,4.372007059330464
-16.979994457228614,-0.05010588485139981,0.0016427642987679907,4.3785995942400975
-16.950551795897944,-0.05011254207684654,0.0016418424426251073,4.385215031268199
-16.92110913456728,-0.05012327181402041,0.0016368548053861231,4.391853489963546
-16.89166647323661,-0.050136591112857204,0.0016316599598847291,4.39851509070843
-16.86222381190595,-0.05014711062879126,0.0016305498861977138,4.405199954725918
-16.832781150575286,-0.05015562085140928,0.0016292970299505226,4.411908204087226
-16.803338489244616,-0.05017035955017154,0.001622800993720534,4.418639961719131
-16.773895827913954,-0.05018541984367194,0.0016136765403723635,4.425395351411487
-16.744453166583284,-0.050198270668976135,0.0016069997663478847,4.432174497824819
-16.71501050525262,-0.05021150265726403,0.001605663052632207,4.438977526497978
-16.68556784392196,-0.050228591047348975,0.001605508713169142,4.445804563855901
-16.65612518259129,-0.05024896620229463,0.0016003875831461336,4.452655737217444
-16.626682521260626,-0.05026633603300849,0.0015930211104283945,4.4595311748032795
-16.597239859929964,-0.05028472477002088,0.0015950708707551482,4.466431005743921
-16.567797198599294,-0.050299382511153845,0.001598029629167153,4.473355360087789
-16.53835453726863,-0.05031444483835305,0.0015981225013088505,4.480304368809382
-16.50891187593796,-0.05033501986252476,0.00160057510119879,4.48727816381755
-16.4794692146073,-0.05035611399133632,0.0016025284816598114,4.494276877963819
-16.450026553276636,-0.050375210420086115,0.001604301019804838,4.501300645050847
-16.420583891945967,-0.05039331642192135,0.0016063132359332639,4.508349599840941
-16.391141230615304,-0.050413159249704,0.0016068351077128452,4.515423878064674
-16.36169856928464,-0.05043453242395849,0.0016089400454074633,4.522523616429604
-16.33225590795397,-0.05044823071775568,0.0016121214384176772,4.529648952629077
-16.30281324662331,-0.05045896387246337,0.0016172144442736403,4.536800025351125
-16.27337058529264,-0.05046883405769787,0.001618233045762623,4.543976974287473
-16.243927923961976,-0.05048061101616971,0.001618449748632287,4.551179940142622
-16.214485262631314,-0.050493022123778514,0.0016190904665117996,4.558409064643058
-16.185042601300644,-0.05050241815272342,0.0016196696779135604,4.565664490546541
-16.15559993996998,-0.05050835381135715,0.0016189751677096876,4.572946361651499
-16.12615727863932,-0.05051705033665068,0.0016147993507777346,4.580254822806533
-16.09671461730865,-0.050528544585900746,0.0016086072786778852,4.587590019920024
-16.067271955977986,-0.050546400371442174,0.0016100290924066713,4.5949520999698334
-16.037829294647317,-0.05056011792511389,0.0016186354287796745,4.60234121101313
-16.008386633316654,-0.05056841667111656,0.0016228466580657935,4.609757502196305
-15.978943971985991,-0.05057904576777491,0.0016238219798410318,4.617201123765021
-15.949501310655322,-0.05059226171536082,0.0016225200269630582,4.624672227074345
-15.920058649324659,-0.050605072837390956,0.001620569649537502,4.632170964599013
-15.890615987993996,-0.05061747569085648,0.001622949216711387,4.639697489943801
-15.861173326663327,-0.05063254298260863,0.0016344225416120323,4.64725195785402
-15.831730665332664,-0.05065267299613436,0.001640040642047378,4.654834524226106
-15.802288004001994,-0.05066826124755706,0.001636506069459404,4.662445346118363
-15.772845342671332,-0.050680430345565824,0.001637647164621452,4.670084581761792
-15.743402681340669,-0.05069039988904895,0.0016469221447281742,4.6777523905710625
-15.71396002001,-0.05069849771897079,0.0016574677388420836,4.685448933155607
-15.684517358679336,-0.0507107567621356,0.0016633674369694303,4.69317437133082
-15.655074697348667,-0.05073010704976241,0.0016641844329660274,4.7009288681294175
-15.625632036018004,-0.050746562183031634,0.0016671011270060836,4.708712587812886
-15.596189374687341,-0.050759642412146144,0.0016770417493096933,4.716525695883098
-15.566746713356672,-0.050771844882007755,0.0016863348207863565,4.724368359094035
-15.537304052026009,-0.050778222270873585,0.001678004894320297,4.732240745463642
-15.507861390695346,-0.05078468792308218,0.0016715445040621118,4.740143024285847
-15.478418729364677,-0.050792907097639624,0.0016772065530036148,4.748075366142678
-15.448976068034014,-0.05080320960557716,0.0016895272292659497,4.756037942916543
-15.419533406703344,-0.050816145816841095,0.0016988189389164354,4.764030927802652
-15.390090745372682,-0.050830956531029425,0.0016991522310101852,4.77205449532156
-15.360648084042019,-0.05084159264566949,0.0016948580399121643,4.780108821331884
-15.33120542271135,-0.05084596746837105,0.001698747101687267,4.7881940830431455
-15.301762761380687,-0.05085310626746781,0.0017086644248119015,4.796310459028761
-15.272320100050024,-0.05086159448644476,0.001711976243244041,4.804458129239197
-15.242877438719354,-0.050874655016164304,0.0017114634366885762,4.812637275015269
-15.213434777388692,-0.050893248749480126,0.00171690120025024,4.820848079101587
-15.183992116058022,-0.05091157193253159,0.0017281408954928873,4.82909072566018
-15.15454945472736,-0.050927102542764696,0.0017363313842081835,4.837365400284245
-15.125106793396697,-0.05094604548342102,0.001736610581255342,4.845672290012099
-15.095664132066027,-0.05096445428663273,0.001735272760883665,4.854011583341257
-15.066221470735364,-0.050969021404576986,0.0017349568250117488,4.862383470242691
-15.036778809404701,-0.05097359280482034,0.0017347982423840662,4.870788142175263
-15.007336148074032,-0.05098389196754532,0.001731724448452653,4.879225792100315
-14.977893486743369,-0.05100315819542659,0.0017283301429006177,4.8876966144964324
-14.9484508254127,-0.0510271897173061,0.0017255880953708216,4.896200805374398
-14.919008164082037,-0.05104674034213469,0.0017228486869016336,4.904738562292297
-14.889565502751374,-0.051055249402679394,0.0017183346517680013,4.913310084370826
-14.860122841420704,-0.051058307864881684,0.001708636143256768,4.9219155723087695
-14.830680180090042,-0.05106942203541961,0.0016977607568977714,4.93055522839866
-14.801237518759379,-0.05108106705340117,0.0016909374600985372,4.939229256542635
-14.77179485742871,-0.05108889992821625,0.001684636391182605,4.947937862268483
-14.742352196098047,-0.05110431130386067,0.0016797440483420469,4.956681252745857
-14.712909534767377,-0.051127730576423364,0.0016775024512375647,4.965459636802728
-14.683466873436714,-0.05114845694913259,0.001676032981921425,4.9742732249419905
-14.654024212106052,-0.05116079819232485,0.001673029219254106,4.983122229358303
-14.624581550775382,-0.05117059229542712,0.0016692259645357899,4.99200686395511
-14.59513888944472,-0.051179238072652795,0.0016664499134126374,5.000927344361874
-14.56569622811405,-0.05119412866635409,0.0016629310295325102,5.009883887951535
-14.536253566783387,-0.05121616354883748,0.0016639424379620467,5.018876713858145
-14.506810905452724,-0.051237718207723666,0.0016706336656863402,5.027906042994761
-14.477368244122054,-0.05125320979979501,0.001677070563816936,5.036972098071528
-14.447925582791392,-0.051269264346920716,0.0016824654118604587,5.046075103613977
-14.418482921460729,-0.051290546008315833,0.0016869518505271892,5.055215285981579
-14.38904026013006,-0.051308428908120964,0.001689582806247954,5.0643928733865025
-14.359597598799397,-0.05131754570771905,0.0016853137872056534,5.0736080959125935
-14.330154937468727,-0.05133004715920455,0.001684637684523436,5.082861185534627
-14.300712276138064,-0.05134715441944033,0.0016931043769149792,5.092152376137748
-14.271269614807402,-0.051366733633464924,0.0016994583458436955,5.101481903537197
-14.241826953476732,-0.051387458154070524,0.0017059223415536908,5.110850005498254
-14.21238429214607,-0.051405306646779864,0.0017118420711842322,5.12025692175643
-14.182941630815407,-0.05141920927629908,0.001716168421894728,5.129702894037927
-14.153498969484737,-0.05143409810316499,0.0017179893084737386,5.139188166080344
-14.124056308154074,-0.051451262289971766,0.0017193465371963584,5.148712983653629
-14.094613646823404,-0.0514635400191042,0.0017167601094694698,5.158277594581325
-14.065170985492742,-0.0514701730958169,0.0017068066195956803,5.167882248762043
-14.03572832416208,-0.0514835116745549,0.0017057635123636924,5.177527198191245
-14.00628566283141,-0.0515045379784613,0.0017119560956357317,5.187212696983276
-13.976843001500747,-0.05152519760767046,0.0017157127499135166,5.196939001393672
-13.947400340170084,-0.051539773006638034,0.001716392979660337,5.206706369841777
-13.917957678839414,-0.051547675597943744,0.0017181374400908242,5.216515062933622
-13.888515017508752,-0.05155417752770975,0.0017208292297675098,5.226365343485092
-13.859072356178082,-0.051563652913575564,0.001718708703450074,5.2362574765454255
-13.82962969484742,-0.051572752451978794,0.0017156105333751214,5.246191729420959
-13.800187033516757,-0.05158807460983899,0.001717241782064966,5.256168371699227
-13.770744372186087,-0.05160647523070433,0.0017229517040092985,5.26618767527334
-13.741301710855424,-0.051625458310128984,0.001732581314805775,5.276249914366677
-13.711859049524762,-0.05164345870135217,0.0017425693086683932,5.2863553655579185
-13.682416388194092,-0.051659152840014745,0.0017474906892709253,5.296504307806382
-13.65297372686343,-0.05167116901328256,0.00174702755702806,5.306697022477681
-13.62353106553276,-0.05168079094933322,0.0017459966907590898,5.3169337933697465
-13.594088404202097,-0.05169029632229058,0.0017497268700057073,5.327214906739147
-13.564645742871434,-0.05170935666620077,0.0017536058149456813,5.33754065132779
-13.535203081540764,-0.05173318460031027,0.0017564010945470632,5.347911318389939
-13.505760420210102,-0.051757297335178976,0.0017608069000195675,5.358327201719603
-13.476317758879432,-0.05177808163766535,0.0017645109174324188,5.368788597678286
-13.44687509754877,-0.05179592250782278,0.001763550630952865,5.379295805223081
-13.417432436218107,-0.05181396627768309,0.0017599700229554368,5.389849125935167
-13.387989774887437,-0.05183066836789191,0.0017628761922174633,5.400448864048653
-13.358547113556774,-0.05184890271746249,0.001767051154137158,5.411095326479806
-13.329104452226112,-0.05187390154586854,0.0017672474549427983,5.421788822856691
-13.299661790895442,-0.05189755212645337,0.0017727422670933742,5.432529665549179
-13.27021912956478,-0.05192115736402861,0.0017773366260224665,5.443318169699356
-13.24077646823411,-0.05194667205012419,0.0017799740857176055,5.454154653252362
-13.211333806903447,-0.05197047244706173,0.0017836125484750683,5.465039436987609
-13.181891145572784,-0.051987758940910296,0.0017888533240220334,5.4759728445504425
-13.152448484242115,-0.05200062357009266,0.0017908198746135135,5.486955202484223
-13.123005822911452,-0.05201331580188844,0.0017878649067787956,5.497986840262821
-13.09356316158079,-0.05202653916726183,0.001788261696871704,5.50906809032358
-13.06412050025012,-0.052040300218162104,0.0017909448993200443,5.520199288100708
-13.034677838919457,-0.05205646657518124,0.0017950059935681138,5.531380772059111
-13.005235177588787,-0.05207558432044601,0.0018010282481419051,5.542612883728722
-12.975792516258124,-0.05209439621144065,0.0018048282315609964,5.55389596773925
-12.946349854927462,-0.05211166799125475,0.0018019990149328964,5.565230371855446
-12.916907193596792,-0.05212627678004833,0.0017959662710692534,5.576616447012827
-12.88746453226613,-0.05213805633199501,0.0017916490658638224,5.588054547353889
-12.858021870935467,-0.052149073467782615,0.0017855560831843466,5.599545030264833
-12.828579209604797,-0.05216312013810918,0.0017763352795421884,5.611088256412789
-12.799136548274134,-0.05218418474615282,0.0017788967788081563,5.62268458978354
-12.769693886943465,-0.052205395934903254,0.0017852104641407447,5.6343343977197975
-12.740251225612802,-0.05222676590518649,0.0017892931697759404,5.646038050959972
-12.71080856428214,-0.05224674813141761,0.0017897499930970243,5.657795923677522
-12.68136590295147,-0.05226215220841494,0.0017897233710696585,5.669608393520817
-12.651923241620807,-0.05227390519713346,0.0017917496182065483,5.6814758416535645
-12.622480580290144,-0.052289865556385366,0.0017930184121378516,5.6933986527958265
-12.593037918959475,-0.05230722267710614,0.0017945047249131381,5.7053772152655835
-12.563595257628812,-0.052324658027874525,0.001798604854855199,5.717411921020886
-12.534152596298142,-0.052341955564424704,0.0018017536146886115,5.7295031657026225
-12.50470993496748,-0.05236112724314985,0.0018077846290546263,5.74165134867786
-12.475267273636817,-0.05238066154749239,0.0018151830993236961,5.753856873083832
-12.445824612306147,-0.052402003102718024,0.0018196121906142383,5.766120145872519
-12.416381950975484,-0.05242606306624625,0.0018166349917062468,5.778441577855879
-12.386939289644815,-0.05244270234543471,0.001813490892011728,5.7908215837517325
-12.357496628314152,-0.05245683857885657,0.00181318366983537,5.803260582230277
-12.32805396698349,-0.05247931375038026,0.0018104552585834937,5.815758995961298
-12.29861130565282,-0.05249973445712921,0.0018109220610503945,5.828317251662038
-12.269168644322157,-0.052519503298043724,0.0018164515880355425,5.8409357801457515
-12.239725982991494,-0.05254234147931831,0.001824963315829934,5.853615016370988
-12.210283321660825,-0.052568520046172,0.0018314936638099497,5.866355399491557
-12.180840660330162,-0.05259473278166225,0.001834893708292022,5.879157372907226
-12.151397998999492,-0.05261779187844473,0.0018386657965261146,5.892021384315181
-12.12195533766883,-0.05263943492739235,0.001844262900686986,5.904947885762189
-12.092512676338167,-0.052654734673004085,0.0018479107421287937,5.91793733369757
-12.063070015007497,-0.05266960410652095,0.0018491259623611284,5.930990189026919
-12.033627353676835,-0.05269358914983871,0.0018541802846423414,5.94410691716661
-12.004184692346172,-0.05271936097140522,0.001860760626591877,5.957287988099132
-11.974742031015502,-0.052740344322612376,0.0018642016985952697,5.970533876429215
-11.94529936968484,-0.05275816264232361,0.0018621564189740046,5.983845061440786
-11.91585670835417,-0.05277581171839916,0.001857510390148703,5.997222027154797
-11.886414047023507,-0.05279226806748658,0.0018568322055284583,6.010665262387869
-11.856971385692844,-0.05280946491044148,0.001858343462507946,6.024175260811858
-11.827528724362175,-0.0528270358672543,0.0018612966950463021,6.037752521014273
-11.798086063031512,-0.05284023741284114,0.0018585823943243981,6.051397546559605
-11.76864340170085,-0.052850761683795176,0.0018551425150020464,6.065110846051606
-11.73920074037018,-0.0528652789592913,0.0018552672354842097,6.078892933196466
-11.709758079039517,-0.052885140345648535,0.0018570590387003117,6.092744326866956
-11.680315417708847,-0.05290625598640352,0.0018589918568650329,6.106665551167569
-11.650872756378185,-0.05292662495383691,0.001861236867438922,6.120657135500591
-11.621430095047522,-0.052945358202293645,0.001868154331714442,6.134719614633242
-11.591987433716852,-0.05296112178149548,0.0018751123620903828,6.148853528765795
-11.56254477238619,-0.05297574953648663,0.0018786594475532488,6.163059423600736
-11.533102111055527,-0.052989484337921805,0.0018772304766040465,6.177337850413024
-11.503659449724857,-0.053005522689840635,0.0018716763640290468,6.191689366121384
-11.474216788394195,-0.05302610640284819,0.0018692467978855061,6.206114533360713
-11.444774127063525,-0.05304924271522912,0.0018716067590481963,6.220613920555625
-11.415331465732862,-0.0530724105074555,0.0018742143886405743,6.235188101995092
-11.3858888044022,-0.05309163644812789,0.0018761125994920078,6.24983765790829
-11.35644614307153,-0.05310534747777095,0.0018809530200583787,6.26456317454159
-11.327003481740867,-0.05311470939374887,0.0018774513229442773,6.279365244236754
-11.297560820410197,-0.05312756978881141,0.0018634131679004442,6.294244465510382
-11.268118159079535,-0.05314970332565943,0.0018521304422106839,6.30920144313456
-11.238675497748872,-0.05317513656209716,0.0018452345593655253,6.324236788218819
-11.209232836418202,-0.05320068281731919,0.0018445774138541187,6.33935111829336
-11.17979017508754,-0.053226251972947926,0.0018506454398656814,6.354545057393587
-11.150347513756877,-0.053250904051316605,0.0018565663358456558,6.369819236146013
-11.120904852426207,-0.053266096909218096,0.0018558607645126621,6.3851742918555034
-11.091462191095545,-0.05328452189318666,0.0018534467125798186,6.400610868593901
-11.062019529764875,-0.05331010592787505,0.0018556457835575363,6.416129617290106
-11.032576868434212,-0.05332897694467858,0.0018448396623203251,6.431731195821547
-11.00313420710355,-0.05335102746611875,0.0018377970631357923,6.447416269107168
-10.97369154577288,-0.053375106119497896,0.0018425457539346473,6.463185509201888
-10.944248884442217,-0.05339548916339232,0.0018533024782662138,6.479039595392568
-10.914806223111555,-0.05341150809205384,0.001861361441371354,6.49497921429558
-10.885363561780885,-0.05343154745337597,0.0018615431906862303,6.5110050599559175
-10.855920900450222,-0.05345019875544097,0.0018568978652841888,6.527117833947922
-10.826478239119552,-0.05346532724503211,0.0018535181415074158,6.543318245477691
-10.79703557778889,-0.053487994830277275,0.0018553398285921217,6.5596070114871
-10.767592916458227,-0.0535140847778063,0.0018517276117739866,6.575984856759596
-10.738150255127557,-0.05354249815700916,0.0018474837589609993,6.592452514027687
-10.708707593796895,-0.053572691756946754,0.0018524110569623682,6.609010724082206
-10.679264932466232,-0.05360259075227208,0.001863958318717987,6.62566023588342
-10.649822271135562,-0.05363329255777816,0.0018651851231705518,6.642401806673945
-10.6203796098049,-0.05365814654348486,0.0018547095267397568,6.659236202093535
-10.59093694847423,-0.05368397090812932,0.0018455478124911394,6.676164196295835
-10.561494287143567,-0.053709091165351004,0.0018409617642219627,6.693186572067017
-10.532051625812905,-0.0537332467450257,0.0018367392140043032,6.710304120946476
-10.502608964482235,-0.05376059313406668,0.0018362743521602835,6.727517643349502
-10.473166303151572,-0.0537928813222498,0.0018422247088426917,6.744827948692039
-10.44372364182091,-0.053822913906889175,0.0018492479799061398,6.762235855517573
-10.41428098049024,-0.05384596689760423,0.0018521926133585973,6.779742191626151
-10.384838319159577,-0.0538658340987238,0.0018529738492830139,6.797347794205582
-10.355395657828907,-0.0538896037634484,0.0018447185444224377,6.815053509964929
-10.325952996498245,-0.05391981382311004,0.0018416548677421308,6.83286019527021
-10.296510335167582,-0.05395622074673633,0.0018503521937726114,6.850768716282501
-10.267067673836912,-0.053987422238390446,0.0018592178201375942,6.868779949098371
-10.23762501250625,-0.0540133735115487,0.0018649916061977303,6.886894779892733
-10.20818235117558,-0.05403690846726119,0.0018667253299867518,6.905114105064215
-10.178739689844917,-0.05406070177352191,0.0018652881894988752,6.923438831382995
-10.149297028514255,-0.054079937111671826,0.0018670513779333183,6.941869876141262
-10.119854367183585,-0.05409510231944837,0.001872835575350053,6.960408167306269
-10.090411705852922,-0.05411869207454484,0.001881310314115959,6.979054643676066
-10.06096904452226,-0.05414333070295269,0.0018835160893602763,6.9978102550379955
-10.03152638319159,-0.05416723369018811,0.001881378143370258,7.016675962329958
-10.002083721860927,-0.05418925290933754,0.0018839345457634163,7.035652737804508
-9.972641060530258,-0.054205544358386655,0.0018888793150373367,7.054741565195912
-9.943198399199595,-0.054219115978492154,0.001893728920590154,7.0739434398901055
-9.913755737868932,-0.05423721049384622,0.0018956178114091224,7.0932593690977415
-9.884313076538263,-0.05425995098476491,0.0018938476370361145,7.112690372030292
-9.8548704152076,-0.05428769427288573,0.0018971752349662549,7.132237480079304
-9.825427753876937,-0.05432133213762841,0.0018960407498398108,7.151901736998919
-9.795985092546267,-0.054352306066270284,0.001888106003175872,7.171684199091645
-9.766542431215605,-0.05437916299110183,0.00188283504489267,7.191585935397485
-9.737099769884935,-0.05440100218944229,0.0018812256394476353,7.211608027886544
-9.707657108554272,-0.05442319238532412,0.0018862742039204997,7.231751571655077
-9.67821444722361,-0.054448580349023744,0.0018968778984125036,7.252017675125177
-9.64877178589294,-0.054477959338555516,0.0019052125772408403,7.272407460248077
-9.619329124562277,-0.05450867902607154,0.0019113540697041735,7.2929220627111855
-9.589886463231615,-0.05453614487385098,0.0019136092066530004,7.313562632148974
-9.560443801900945,-0.05456133946724312,0.001918721164206973,7.3343303323577285
-9.531001140570282,-0.05458501113733676,0.0019273360660024322,7.355226341514268
-9.501558479239613,-0.05460981069066212,0.0019344948550935252,7.376251852398786
-9.47211581790895,-0.05463831005206673,0.0019422307143284285,7.397408072621778
-9.442673156578287,-0.054666781771824546,0.0019509266167256497,7.41869622485528
-9.413230495247618,-0.05469755212928901,0.0019555158819071256,7.4401175470683985
-9.383787833916955,-0.054738017652753324,0.0019576559980697718,7.46167329276728
-9.354345172586285,-0.05477663502849065,0.0019634050818960283,7.483364731239661
-9.324902511255623,-0.054806964569633056,0.001963025412150019,7.5051931478039675
-9.29545984992496,-0.0548346760328054,0.001960058293418028,7.527159844063236
-9.26601718859429,-0.05486482183376159,0.0019612179076638992,7.549266138163815
-9.236574527263627,-0.0548960666663188,0.001964360948042644,7.571513365059022
-9.207131865932965,-0.05492794676917664,0.001965835771229519,7.593902876777897
-9.177689204602295,-0.054959331288506226,0.0019659754290745355,7.616436042699095
-9.148246543271632,-0.054997058861239956,0.0019619628740305166,7.639114249830051
-9.118803881940963,-0.05503378951173268,0.0019615843334062654,7.661938903091621
-9.0893612206103,-0.055067624877556426,0.001969307070938599,7.684911425608165
-9.059918559279637,-0.05509750224167188,0.001967921261173839,7.708033259003376
-9.030475897948968,-0.05512551542268173,0.0019568023090625716,7.731305863701832
-9.001033236618305,-0.05515460111112835,0.0019487951745157128,7.75473071923647
-8.971590575287642,-0.05518711294983636,0.0019450273993136178,7.778309324562171
-8.942147913956973,-0.055225804989800266,0.0019403904191581253,7.802043198375479
-8.91270525262631,-0.055260393923786406,0.0019429202332121925,7.825933879440664
-8.88326259129564,-0.05529490416213496,0.0019523460718253664,7.849982926922322
-8.853819929964978,-0.05533087189041356,0.0019557717277444053,7.874191920724529
-8.824377268634315,-0.055363859943641625,0.0019506458574803317,7.898562461836869
-8.794934607303645,-0.055393656542741,0.0019383387162426621,7.923096172687355
-8.765491945972983,-0.05542533361883731,0.0019255511483193901,7.947794697502462
-8.73604928464232,-0.0554602550534572,0.0019187240088097636,7.972659702674489
-8.70660662331165,-0.0554980602235215,0.0019170143352139884,7.997692877136338
-8.677163961980987,-0.05553381314393705,0.0019169500634986828,8.022895932743895
-8.647721300650318,-0.05556928639884523,0.0019116695344916777,8.048270604666312
-8.618278639319655,-0.05560608862798166,0.0019057751282384645,8.073818651784178
-8.588835977988992,-0.05563425619438304,0.0018938514586440195,8.099541857095979
-8.559393316658323,-0.05566209525105469,0.001882392079863918,8.125442028132882
-8.52995065532766,-0.05569406202937837,0.0018780926088108147,8.151520997382116
-8.500507993996997,-0.05572628874883276,0.001878877086704593,8.1777806227192
-8.471065332666328,-0.05575531817662349,0.0018780431229742417,8.204222787849124
-8.441622671335665,-0.05578414444426013,0.0018697304634900515,8.230849402756789
-8.412180010004995,-0.05581903491677698,0.0018573505633707784,8.25766240416693
-8.382737348674333,-0.05586429197541102,0.0018520481366325007,8.28466375601367
-8.35329468734367,-0.055905565374559985,0.0018501193831930902,8.311855449920076
-8.323852026013,-0.05593783832316049,0.0018420735883169896,8.339239505687845
-8.294409364682338,-0.05597104642352668,0.0018397987914432693,8.366817971797412
-8.264966703351668,-0.05601094688748249,0.0018398778864885665,8.394592925918815
-8.235524042021005,-0.05605329284232927,0.0018352289374353942,8.422566475433412
-8.206081380690343,-0.05609335304508012,0.0018272283809788385,8.45074075796694
-8.176638719359673,-0.056126745626699025,0.0018251974092293752,8.479117941934021
-8.14719605802901,-0.0561541526298241,0.0018311460990113946,8.507700227094464
-8.117753396698348,-0.05618195976759843,0.001830789706904299,8.536489845121753
-8.088310735367678,-0.056224719057608126,0.0018379695294080136,8.565489060183868
-8.058868074037015,-0.05627256507937809,0.0018448782936701272,8.594700169536857
-8.029425412706345,-0.05631202305233599,0.0018478166824824947,8.624125504131529
-7.999982751375683,-0.05634231499268299,0.0018526404687676454,8.653767429233433
-7.97054009004502,-0.056371311194218725,0.0018616819072528627,8.683628345056693
-7.94109742871435,-0.05640809795499845,0.001869448483328348,8.713710687411874
-7.911654767383688,-0.05644869390545182,0.0018766064469165002,8.744016928368296
-7.882212106053025,-0.05649735965870236,0.0018899602790960934,8.774549576931285
-7.852769444722355,-0.0565472452082465,0.0019018446697761215,8.805311179734565
-7.823326783391693,-0.056581962251466396,0.0018972470035462834,8.836304321748303
-7.793884122061023,-0.05662231843065657,0.0018997475579958605,8.867531627003277
-7.76444146073036,-0.056670323976750814,0.0019079776610047003,8.898995759331392
-7.734998799399698,-0.056726187894741986,0.0019109306238990489,8.93069942312324
-7.705556138069028,-0.05678402627801806,0.0019119448746030337,8.962645364102944
-7.676113476738365,-0.05683976954353678,0.0019142152238207386,8.994836370120826
-7.6466708154077025,-0.05688171191936442,0.0019128270299287706,9.027275271964477
-7.617228154077033,-0.05693982397974342,0.0019258994896212025,9.059964944188541
-7.58778549274637,-0.056994385913724466,0.0019220876695169966,9.092908305963844
-7.5583428314157,-0.057047613259538076,0.0019252206543891722,9.126108321946429
-7.528900170085038,-0.05709655370376376,0.0019276807240544947,9.159568003166864
-7.499457508754375,-0.057151701482301226,0.0019202876284728477,9.193290407940639
-7.470014847423705,-0.05722725140859155,0.0019009733747126112,9.22727864279998
-7.440572186093043,-0.05728280173364259,0.0019061579897029829,9.261535863447817
-7.41112952476238,-0.057338992045542596,0.001914631199085194,9.296065275734536
-7.38168686343171,-0.05739865487603977,0.0019037205983044607,9.330870136658064
-7.352244202101048,-0.05744127160044085,0.00188508096839043,9.365953755387952
-7.322801540770378,-0.05747940807103672,0.0018716571018571263,9.401319494314269
-7.293358879439715,-0.05753009850677099,0.001856222647652317,9.436970770121768
-7.263916218109053,-0.05760563773889179,0.001851525264564049,9.472911054890297
-7.234473556778383,-0.057689281043881414,0.0018658792699282588,9.509143877222009
-7.20503089544772,-0.05776776611457315,0.0018811669736115478,9.545672823396188
-7.1755882341170505,-0.057837121860296346,0.0018796161828520677,9.582501538552622
-7.146145572786388,-0.057925962301979196,0.0018720137054960993,9.619633727904064
-7.116702911455725,-0.058015595188129564,0.0018851540214148393,9.657073157978955
-7.0872602501250554,-0.0581041559692296,0.0019181100816797719,9.694823657895009
-7.057817588794393,-0.058185244908837475,0.0019516723961239785,9.732889120664685
-7.02837492746373,-0.0582535105880738,0.001981279113930733,9.77127350453356
-6.99893226613306,-0.058316818714694664,0.001987158164726692,9.809980834352388
-6.969489604802398,-0.05839800769158892,0.001968027494102423,9.849015202983944
-6.940046943471728,-0.058478356301941314,0.0019717800840658743,9.888380772745771
-6.910604282141065,-0.058566306306168825,0.001988915887242755,9.928081776889668
-6.881161620810403,-0.058630844308552595,0.001989844257064466,9.968122521119296
-6.851718959479733,-0.05869112508061417,0.001977992027369205,10.008507385146828
-6.82227629814907,-0.058737864529314086,0.0019603560121278217,10.049240824289894
-6.792833636818408,-0.058784569441499436,0.0019408974766832719,10.090327371110153
-6.763390975487738,-0.05886670451169528,0.001916792861234255,10.131771637094566
-6.733948314157075,-0.05899651398809844,0.0019018918509662115,10.173578314380796
-6.7045056528264055,-0.05911374108781967,0.0019254553316833793,10.215752177528136
-6.675062991495743,-0.059200411957194,0.00193617792828241,10.258298085335191
-6.64562033016508,-0.05926267237245072,0.0019091389976741999,10.301220982705999
-6.6161776688344105,-0.059331572386338065,0.0019554791599530603,10.344525902565898
-6.586735007503748,-0.05940720392789886,0.001976796995069087,10.38821796782876
-6.557292346173085,-0.059500359085144026,0.0019215215383801812,10.432302393417338
-6.5278496848424155,-0.059609896945202745,0.0018609041924816927,10.476784488338163
-6.498407023511753,-0.059655302636216566,0.0018672997979764388,10.521669657812877
-6.468964362181083,-0.05968938446026705,0.0018943419982755047,10.566963405467858
-6.43952170085042,-0.05976940531514257,0.0019384463303496172,10.612671335583745
-6.410079039519758,-0.05988764341822581,0.0019003608216396836,10.658799155407149
-6.380636378189088,-0.059986026952311644,0.001786359127999562,10.705352677526225
-6.351193716858425,-0.060120655480271845,0.0017906222934824312,10.752337822312334
-6.321751055527763,-0.060253717627596404,0.0019114311048541253,10.79976062043005
-6.292308394197093,-0.06037831043941053,0.0020029221871211114,10.847627215417496
-6.26286573286643,-0.060476290721928776,0.0020079284145499226,10.895943866339508
-6.233423071535761,-0.06057369719252013,0.002006368688641463,10.94471695051607
-6.203980410205098,-0.06074274003258054,0.0020501112344843185,10.993952966328285
-6.174537748874435,-0.06086637497261164,0.0019526672674039269,11.043658536104793
-6.1450950875437655,-0.060959911227086515,0.0018466877210468748,11.093840409091053
-6.115652426213103,-0.06108943408889813,0.001844046074607281,11.144505464504393
-6.086209764882433,-0.061244656337815485,0.0019457127369680847,11.195660714677853
-6.0567671035517705,-0.061364189301151895,0.002072482518680994,11.24731330829555
-6.027324442221108,-0.06145653834464782,0.0021019126302379053,11.299470533723035
-5.997881780890438,-0.0615593916615397,0.002000302896242164,11.352139822435642
-5.9684391195597755,-0.06165856605385678,0.001956323327367375,11.405328752548284
-5.938996458229113,-0.06173473531383222,0.001977615957925538,11.459045052450373
-5.909553796898443,-0.061894425343426505,0.00201500713883992,11.513296604549275
-5.88011113556778,-0.0620743153260897,0.002010387318577219,11.568091449126243
-5.850668474237111,-0.06224283126879752,0.0019639336791528197,11.623437788308891
-5.821225812906448,-0.06242931704133534,0.002039594102550351,11.679343990164035
-5.791783151575785,-0.06264946535005157,0.002108553017107982,11.735818592915564
-5.762340490245116,-0.06290429711122393,0.0019830386013670875,11.792870309291477
-5.732897828914453,-0.06302100548476118,0.001955547485131381,11.850508031004892
-5.70345516758379,-0.06316624225310613,0.0020802871846081375,11.908740833373953
-5.674012506253121,-0.06326192362842235,0.0021039988882664944,11.967577980085446
-5.644569844922458,-0.06340054327914789,0.002075597944103425,12.027028928107525
-5.615127183591788,-0.06357099438013031,0.0020026206654070776,12.087103332757106
-5.5856845222611256,-0.06372586000906301,0.0019685069551755763,12.147811052927336
-5.556241860930463,-0.06390127635904667,0.0019846202477859167,12.209162156481467
-5.526799199599793,-0.06416425330261094,0.0020545599241275875,12.271166925818997
-5.4973565382691305,-0.06448760517992998,0.0021372276914435285,12.333835863620676
-5.467913876938468,-0.06465522771093761,0.0020939141384988306,12.397179698779253
-5.438471215607798,-0.06478767663434601,0.002121616853676291,12.461209392522738
-5.4090285542771355,-0.064978894509314,0.0021782548187481788,12.525936144737644
-5.379585892946466,-0.06520448932690474,0.002166352392167128,12.59137140050002
-5.350143231615803,-0.06547690735017538,0.0021377846132802493,12.657526856821914
-5.32070057028514,-0.0657258145433201,0.00219750124455404,12.72441446962205
-5.291257908954471,-0.06593749158392813,0.0022310251876818178,12.792046460929082
-5.261815247623808,-0.06623442378621568,0.002282309800243806,12.860435326326677
-5.232372586293145,-0.06648400309623609,0.002300341938159594,12.929593842650112
-5.202929924962476,-0.06664287943273446,0.0022405985547576624,12.999535075944044
-5.173487263631813,-0.06685750472039802,0.0022216086575094275,13.070272389692006
-5.144044602301143,-0.06717759628679705,0.002243710448316359,13.141819453328699
-5.114601940970481,-0.06755510688784426,0.002265113963573705,13.21419025104602
-5.085159279639818,-0.06787268737227756,0.0022858223003262303,13.287399090905287
-5.055716618309148,-0.06814155002248268,0.0022699782235646904,13.36146061426767
-5.026273956978486,-0.06842509655253456,0.0022804872632534398,13.436389805556079
-4.996831295647816,-0.06882657235249816,0.0024115726028604728,13.512202002362347
-4.967388634317153,-0.06919721050482008,0.002502059343724774,13.588912905913578
-4.9379459729864905,-0.06951070188769802,0.0025567129640940277,13.666538591913211
-4.908503311655821,-0.06979678769585938,0.0026329261425838556,13.745095521772075
-4.879060650325158,-0.07012956957819351,0.0026274110449750762,13.824600554246064
-4.8496179889944955,-0.07045127726102175,0.002603755601029697,13.905070957497928
-4.820175327663826,-0.07082847511310529,0.0026650925519323587,13.986524421600935
-4.790732666333163,-0.07123965054986178,0.002736969884607565,14.068979071503598
-4.761290005002493,-0.07166087870531967,0.0027576495357747787,14.152453480475643
-4.731847343671831,-0.07209400051124884,0.00279297440201244,14.236966684055622
-4.702404682341168,-0.07257109132823013,0.002902554160935,14.32253819452285
-4.672962021010498,-0.07303136448324525,0.0030536200593015944,14.409188015916193
-4.643519359679836,-0.0733889818983109,0.0031515896405527326,14.496936659624245
-4.614076698349173,-0.07375597686734683,0.0031482639683583073,14.585805160572574
-4.584634037018503,-0.07425452051803492,0.0031685664672485027,14.675815094034517
-4.555191375687841,-0.07477268045615948,0.0032660874537851284,14.766988593093904
-4.525748714357171,-0.07522406983598208,0.0034218892560112517,14.859348366789652
-4.496306053026508,-0.0757194115686185,0.0034488527500787587,14.952917718972886
-4.466863391695846,-0.0762090617185626,0.003549893595125583,15.047720567910188
-4.437420730365176,-0.07679000485888023,0.0036916899324187925,15.143781466667013
-4.407978069034513,-0.07741162288792673,0.0037821902373638794,15.241125624308014
-4.3785354077038505,-0.07805383351084053,0.003838403257633731,15.339778927952903
-4.349092746373181,-0.0786590698834097,0.003960773882126642,15.439767965728016
-4.319650085042518,-0.07922102564987578,0.004114270652987229,15.541120050656478
-4.290207423711848,-0.07985463484555966,0.004197429627068039,15.643863245532335
-4.260764762381186,-0.0805098784890632,0.004283774175769125,15.74802638882563
-4.231322101050523,-0.08124441767268754,0.004490005727708397,15.853639121669369
-4.201879439719853,-0.08191008985590757,0.0047074379450808964,15.960731915980832
-4.172436778389191,-0.08252067732724333,0.004834382929988922,16.069336103773505
-4.142994117058528,-0.0832126087567654,0.004836033788725758,16.179483907719103
-4.113551455727858,-0.08402486150868715,0.004918838928718967,16.291208473021808
-4.084108794397196,-0.08481748811229473,0.005081727440519186,16.404543900671268
-4.054666133066526,-0.08555497921220791,0.005274215457747169,16.519525282144592
-4.025223471735863,-0.0863361799180542,0.005481458021061772,16.63618873563094
-3.9957808104052006,-0.08722335140950155,0.005678023898725792,16.754571443858055
-3.966338149074531,-0.08810974333223037,0.005844990903706091,16.874711693603206
-3.936895487743868,-0.0889900953743364,0.005967993052298928,16.99664891697714
-3.9074528264131985,-0.08995933591232741,0.00613681705305791,17.1204237345747
-3.878010165082536,-0.09099602110819592,0.006372772028913783,17.246078000590703
-3.848567503751873,-0.09199657876622414,0.0066389905076766065,17.37365485000713
-3.8191248424212034,-0.09293547373276224,0.006530851216281168,17.50319874796271
-3.789682181090541,-0.09410071283937647,0.006806609367246558,17.634755541423843
-3.760239519759878,-0.09525872153322364,0.007143955890038861,17.76837251328333
-3.7307968584292084,-0.09646139506909256,0.007472797538143268,17.904098439020412
-3.7013541970985457,-0.09756604434503709,0.00764564523753666,18.041983646065045
-3.671911535767876,-0.09861761269404945,0.00786565564733024,18.18208007601853
-3.6424688744372133,-0.09983818410224232,0.008030509432773536,18.324441349891277
-3.6130262131065507,-0.10109038730323683,0.008257640753136626,18.46912283653084
-3.583583551775881,-0.10235341031516526,0.00857763679037226,18.616181724422788
-3.5541408904452183,-0.1035447833402277,0.008875889409478855,18.765677097060426
-3.5246982291145557,-0.10480572244949922,0.008966272010826762,18.91767001209231
-3.495255567783886,-0.10603129969335223,0.009168063368452958,19.072223584469686
-3.4658129064532233,-0.107330834887581,0.009480889760591948,19.22940307383203
-3.4363702451225535,-0.10884957696852567,0.009908234216806172,19.38927597638526
-3.406927583791891,-0.11024931186501384,0.010144999511380329,19.55191212154344
-3.3774849224612282,-0.11150802472949735,0.010345409058496053,19.717383773625826
-3.3480422611305585,-0.11277154954666617,0.010605610846186778,19.885765738919435
-3.318599599799896,-0.11429124576582529,0.010907302208510184,20.057135478440802
-3.289156938469233,-0.11581793091051834,0.011192770731706847,20.231573226754357
-3.2597142771385634,-0.11720279442520214,0.011535823334749284,20.409162117229645
-3.230271615807901,-0.11851291790659073,0.012123308229324817,20.589988314148574
-3.200828954477231,-0.12017582956048628,0.012460168857808233,20.774141152104175
-3.1713862931465684,-0.12187090359931223,0.012808929608649945,20.961713283163647
-3.1419436318159057,-0.12319837830205045,0.013084903352207264,21.15280083230633
-3.112500970485236,-0.12452776554581606,0.013551364150890985,21.347503561683393
-3.0830583091545734,-0.125950120890838,0.013900289261725067,21.54592504428942
-3.0536156478239107,-0.1275435090129394,0.01430359443354666,21.748172847681598
-3.024172986493241,-0.12907523844780333,0.014724673228637002,21.954358728430346
-2.9947303251625783,-0.1306521143375713,0.015316536926058378,22.164598838040348
-2.9652876638319086,-0.13215326572276684,0.01573673307681518,22.379013941139814
-2.935845002501246,-0.13367813895299327,0.016038123534225224,22.59772964679785
-2.9064023411705833,-0.13507887140141703,0.0164607644726432,22.820876653902467
-2.8769596798399135,-0.13646238250050172,0.016917717176135934,23.048591011605183
-2.847517018509251,-0.13775522308066748,0.017292576467779663,23.281014395923233
-2.818074357178581,-0.1393028950767917,0.017645007155627276,23.51829440368165
-2.7886316958479185,-0.1406835302354318,0.01801910756935793,23.760584865075298
-2.759189034517256,-0.14177020427763687,0.018497197417800156,24.008046176243443
-2.729746373186586,-0.14284227586303658,0.019022726887290346,24.260845653366353
-2.7003037118559234,-0.14420852402884526,0.019350367730346207,24.519157909927177
-2.670861050525261,-0.14532993931004198,0.01964103394316185,24.783165258927184
-2.641418389194591,-0.14636489235177022,0.020100683908950194,25.05305814200032
-2.6119757278639284,-0.14704977466656408,0.02055470175291801,25.32903558755007
-2.5825330665332586,-0.14783219472009224,0.020911230533236753,25.61130570022545
-2.553090405202596,-0.14869266558882907,0.021081494060626392,25.900086184264293
-2.5236477438719334,-0.1494508422464439,0.021294637511110416,26.195604903471736
-2.4942050825412636,-0.15004930969281705,0.021734041901659718,26.498100480859364
-2.464762421210601,-0.15052401188703737,0.022186223046695874,26.80782294126201
-2.4353197598799383,-0.15108582601760892,0.02260267829516315,27.12503440057015
-2.4058770985492686,-0.1515704741315029,0.02282906685079754,27.450009805569735
-2.376434437218606,-0.15188084483193384,0.02276109124024858,27.783037728779163
-2.346991775887936,-0.15191215806744474,0.02298047839645967,28.12442122311376
-2.3175491145572735,-0.15213853019686563,0.023559340826367063,28.474478741696075
-2.288106453226611,-0.15226655580644222,0.023841580120780866,28.833545128682513
-2.258663791895941,-0.15205049056100475,0.023752588335483757,29.201972687584224
-2.2292211305652785,-0.15196314105364114,0.023991201933101714,29.5801323342477
-2.199778469234616,-0.15227253527327456,0.0240888922278607,29.968414842427784
-2.170335807903946,-0.1520608362375469,0.024462469431897234,30.367232190744073
-2.1408931465732834,-0.15191028625109868,0.02457080745045008,30.777019020781534
-2.1114504852426137,-0.15169786335298474,0.024743665956419556,31.198234217185146
-2.082007823911951,-0.151422415991916,0.025053814864933348,31.631362621822177
-2.0525651625812884,-0.1510059694712544,0.02500563261459531,32.076916895477055
-2.0231225012506187,-0.1503526933054829,0.02499319722629597,32.53543954210554
-1.993679839919956,-0.1497132761989474,0.02524173747917787,33.00750511245398
-1.9642371785892934,-0.14871921333813068,0.025218784280438826,33.49372260586459
-1.9347945172586236,-0.1481251281045405,0.02523550039832296,33.99473809137613
-1.905351855927961,-0.14705802469446905,0.025104510216017464,34.51123757184148
-1.8759091945972912,-0.14552226193117548,0.02508124478172343,35.04395011776301
-1.8464665332666286,-0.14392696858447326,0.024943505935963863,35.59365130094762
-1.817023871935966,-0.1416529419664628,0.024478475999460278,36.161166961993025
-1.7875812106052962,-0.1388269525213682,0.02419329401580144,36.74737735009084
-1.7581385492746335,-0.13519391447580761,0.023644393072196346,37.353221678792785
-1.7286958879439638,-0.1306926306706473,0.023043894884144947,37.97970314733363
-1.6992532266133011,-0.12516070051812278,0.022086052208123437,38.62789448397319
-1.6698105652826385,-0.11782728859781628,0.020852666201313447,39.29894407579324
-1.6403679039519687,-0.10967264435650566,0.01973837525386322,39.99408275862827
-1.610925242621306,-0.09976042866048591,0.01844862900589956,40.71463135158813
-1.5814825812906435,-0.08893642339919851,0.01680703939785264,41.462009033209206
-1.5520399199599737,-0.07779189116117756,0.015356050630724899,42.23774267099252
-1.522597258629311,-0.066916458047556,0.013720777000711651,43.04347723338076
-1.4931545972986413,-0.056499597955043,0.012389438977563687,43.880987433584245
-1.4637119359679787,-0.04635950144921367,0.011244549705215616,44.752190778701674
-1.434269274637316,-0.03689746542066572,0.010039011155239653,45.65916222607719
-1.4048266133066463,-0.02825173004781238,0.008840086769215404,46.604150682682004
-1.3753839519759836,-0.02020272687876509,0.008027119587683993,47.589597623696314
-1.345941290645321,-0.012667651130058064,0.007144929456548721,48.6181581547985
-1.3164986293146512,-0.005632417023647948,0.006579569954256656,49.69272490072109
-1.2870559679839886,0.0009966548029646056,0.0060111897247911595,50.81645517265067
-1.2576133066533188,0.00677101581663351,0.005656955819711943,51.992801951814364
-1.2281706453226562,0.011970454045818252,0.0054293532769934235,53.22554932963763
-1.1987279839919935,0.01652642822609629,0.005232410476531649,54.51885317070561
-1.1692853226613238,0.020300666988230857,0.00502049689743468,55.87728791909352
-1.1398426613306611,0.023037053855894638,0.005338275004825258,57.305900658871415
-1.1104,0.02566736,0.004763358442506722,58.81027377521614
