Temp./°C,DSC_mean/(mW/mg),DSC_std/(mW/mg),pore radius in nm
-59.93802,-0.040026345,0.0005415650000001079,1.6489478865000877
-59.90859687843922,-0.04005461823413066,0.0005361906121739748,1.649477794000453
-59.879173756878444,-0.04009109773268714,0.0005336045792865482,1.6500082222672825
-59.84975063531766,-0.04012354064668022,0.000534967452535165,1.650539172068628
-59.82032751375688,-0.04014733470827693,0.0005360887976033288,1.6510706441740535
-59.7909043921961,-0.04016535920738955,0.0005356306745414977,1.651602639354636
-59.76148127063532,-0.04018649240499084,0.0005387492575776965,1.6521351583829724
-59.73205814907454,-0.04020622600530277,0.000539466270692572,1.652668202033182
-59.70263502751376,-0.04022395149771124,0.0005370873277082052,1.6532017710809086
-59.673211905952975,-0.04024554900521357,0.0005392927239365516,1.653735866303328
-59.6437887843922,-0.040268081473049167,0.0005442810624027188,1.6542704884791468
-59.61436566283142,-0.040282267224740306,0.0005455104450077448,1.6548056383886123
-59.584942541270635,-0.04028737710979381,0.0005430335745957306,1.65534131681351
-59.55551941970985,-0.04029188037300636,0.0005420737406810711,1.6558775245371717
-59.52609629814908,-0.040300435899454784,0.0005457810691077479,1.656414262344478
-59.496673176588295,-0.04030460136539937,0.0005445189916671501,1.6569515310218619
-59.46725005502751,-0.04031420366084212,0.0005420303653511577,1.6574893313573127
-59.43782693346674,-0.04033064359968165,0.0005446704707031882,1.6580276641403802
-59.408403811905956,-0.04034081062830727,0.0005469647217975924,1.6585665301621786
-59.37898069034517,-0.040347726665881656,0.0005492556831147064,1.659105930215389
-59.34955756878439,-0.04035798758159703,0.000552272703923517,1.6596458650942658
-59.320134447223616,-0.04036955830969176,0.0005521454984880235,1.6601863355946387
-59.29071132566283,-0.04037677980208172,0.000545766685720292,1.6607273425139164
-59.26128820410205,-0.040383213415760705,0.0005377120408669746,1.6612688866510932
-59.23186508254127,-0.04040003154902824,0.0005357596776121748,1.6618109688067486
-59.202441960980494,-0.040422864978723744,0.0005355886996336123,1.6623535897830548
-59.17301883941971,-0.040444404448032927,0.0005319799762545503,1.66289675038378
-59.14359571785893,-0.04046646161747419,0.0005293919771737792,1.6634404514142909
-59.114172596298154,-0.04048740255956648,0.0005313433716009062,1.663984693681558
-59.08474947473737,-0.04050359502013558,0.0005306040570300035,1.6645294779941597
-59.05532635317659,-0.040516578851342064,0.0005227002185056702,1.665074805162285
-59.02590323161581,-0.04053542818635747,0.0005134450087849686,1.6656206759977383
-58.99648011005503,-0.040564007858253474,0.0005085350727816343,1.6661670913139446
-58.96705698849425,-0.040586579972641194,0.0004981683656642498,1.666714051925951
-58.93763386693347,-0.040609799661887325,0.0004957178825281769,1.6672615586504338
-58.908210745372685,-0.040633579604430474,0.0004974721531377181,1.6678096123056991
-58.87878762381191,-0.040652947674368764,0.0004943336038219827,1.6683582137116897
-58.84936450225113,-0.04067076765833205,0.0004891340697700395,1.6689073636899887
-58.819941380690345,-0.040688828298122176,0.0004858081499403101,1.6694570630638221
-58.79051825912957,-0.04070377700763855,0.00048514423286447533,1.6700073126580648
-58.76109513756879,-0.040713673209890396,0.0004855554662295556,1.6705581132992426
-58.731672016008005,-0.040718741561609206,0.00048022188204494925,1.6711094658155385
-58.70224889444722,-0.04073041453935079,0.0004748817018603752,1.6716613710367967
-58.67282577288645,-0.040747854870936046,0.00047087851182869405,1.6722138297945235
-58.643402651325665,-0.04075825303279021,0.00046491156349652606,1.672766842921897
-58.61397952976488,-0.04076263201751581,0.0004647315534080785,1.6733204112537656
-58.5845564082041,-0.040766896906607945,0.00046785440759605415,1.673874535626657
-58.555133286643326,-0.040774255707710566,0.00046736000420421694,1.6744292168787789
-58.52571016508254,-0.0407849391269864,0.00046256813484055203,1.6749844558500246
-58.49628704352176,-0.04079828778711232,0.0004605816654229445,1.6755402533819788
-58.46686392196098,-0.04081151023863895,0.0004617315143653487,1.6760966103179178
-58.4374408004002,-0.04082418302017203,0.00046929568542669955,1.6766535275028183
-58.40801767883942,-0.04083872067367216,0.00047462226334933486,1.677211005783359
-58.37859455727864,-0.04085537812726547,0.0004803090660191607,1.677769046007925
-58.349171435717864,-0.04087299671796664,0.00048739144070570944,1.6783276490266132
-58.31974831415708,-0.04088932773096368,0.0004935785326934188,1.6788868156912362
-58.2903251925963,-0.04090195244251599,0.0004987476731923189,1.6794465468553263
-58.26090207103552,-0.04091283803803924,0.0005073599753194378,1.6800068433741395
-58.23147894947474,-0.04092582503759323,0.0005208926159242047,1.6805677061046604
-58.20205582791396,-0.04093826505881112,0.0005313879325236224,1.681129135905608
-58.17263270635318,-0.04094681445745058,0.0005407490034823012,1.681691133637437
-58.143209584792395,-0.04095805354441154,0.0005443640993621141,1.6822537001623439
-58.11378646323162,-0.040963880130257174,0.0005498305532525016,1.682816836344272
-58.08436334167084,-0.04096301944943466,0.0005588629317467556,1.6833805430489157
-58.054940220110055,-0.040961595537182045,0.0005660832425828124,1.6839448211437227
-58.02551709854928,-0.04096420242093027,0.0005672133992259767,1.684509671497901
-57.9960939769885,-0.0409706342360574,0.0005656189289160203,1.6850750949824231
-57.966670855427715,-0.040977293306557416,0.0005668390011452221,1.6856410924700294
-57.93724773386693,-0.0409781563762241,0.0005751874394505765,1.686207664835233
-57.90782461230616,-0.04098270274140851,0.000582558243213185,1.6867748129543236
-57.878401490745375,-0.040994331769289974,0.0005805265256710525,1.687342537705375
-57.84897836918459,-0.04100566015291858,0.0005709355397139267,1.6879108399682452
-57.81955524762381,-0.04101340330345768,0.0005596016483128212,1.6884797206245845
-57.790132126063035,-0.041018432540256625,0.000554736923231904,1.6890491805578374
-57.76070900450225,-0.041023453269623186,0.0005581522570032646,1.6896192206532503
-57.73128588294147,-0.04103558602436268,0.0005629574155145553,1.6901898417978733
-57.701862761380696,-0.04105285952482511,0.0005589024415696157,1.6907610448805652
-57.67243963981991,-0.04106760322112856,0.0005573566080433762,1.6913328307919997
-57.64301651825913,-0.041079840716915034,0.000561216848750279,1.6919052004246686
-57.61359339669835,-0.04109427437624339,0.0005590867634513745,1.6924781546728873
-57.58417027513757,-0.04110976958774212,0.0005531893702576798,1.6930516944327976
-57.55474715357679,-0.041125204867075354,0.0005493803366174918,1.6936258206023762
-57.52532403201601,-0.041136929567445295,0.0005468289980690924,1.694200534081435
-57.49590091045523,-0.04114302200002379,0.0005419751567187267,1.6947758357716283
-57.46647778889445,-0.041155079497076065,0.00054156854448748,1.6953517265764573
-57.43705466733367,-0.04117346727053814,0.0005445312024250158,1.6959282074012743
-57.40763154577289,-0.041193909884966046,0.0005422491451216242,1.6965052791532882
-57.378208424212104,-0.041209971449499366,0.0005385905683394213,1.697082942741568
-57.34878530265133,-0.041223763462711685,0.0005352222240686053,1.6976611990770483
-57.31936218109055,-0.04124009388568321,0.0005307750569148545,1.6982400490725347
-57.289939059529765,-0.04126041398874673,0.0005230802944604145,1.6988194936427083
-57.26051593796899,-0.04128002893353226,0.0005136837796361741,1.6993995337041286
-57.23109281640821,-0.041291228907912966,0.0005097934058587435,1.6999801701752415
-57.201669694847425,-0.04130591458431314,0.0005127503686321655,1.7005614039763826
-57.17224657328664,-0.04132141171379321,0.0005095236898646688,1.7011432360297807
-57.14282345172587,-0.04133533727781526,0.0005016736122873121,1.7017256672595655
-57.113400330165085,-0.041349467248537254,0.0004964383742561922,1.7023086985917701
-57.0839772086043,-0.041364362501198876,0.0004963300199779899,1.7028923309543376
-57.05455408704352,-0.04137787442515324,0.0004987402663291575,1.7034765652771244
-57.025130965482745,-0.0413885356671203,0.0005005828715285055,1.7040614024919063
-56.99570784392196,-0.041397682015512464,0.0005006087186006329,1.7046468435323843
-56.96628472236118,-0.04140492712894406,0.0004940353255768328,1.7052328893341864
-56.9368616008004,-0.04141506102166077,0.00048340829206293233,1.705819540834876
-56.90743847923962,-0.04142059673849424,0.0004806124211640465,1.7064067989739553
-56.87801535767884,-0.041423180962565996,0.00048400016281628704,1.7069946646928704
-56.84859223611806,-0.041426828518658296,0.0004884906458777689,1.7075831389350165
-56.81916911455728,-0.041430602572467265,0.0004902962083267745,1.7081722226457425
-56.7897459929965,-0.04143234870993329,0.000489873643330437,1.7087619167723576
-56.76032287143572,-0.04143713698445524,0.0004969507944282268,1.7093522222641333
-56.730899749874936,-0.04143853436543955,0.0005071903241904509,1.7099431400723124
-56.70147662831416,-0.04143704951328465,0.0005069832056759581,1.710534671150111
-56.67205350675338,-0.041437877912021984,0.0005072872034538152,1.7111268164527256
-56.6426303851926,-0.041440007282500774,0.00050606059474297,1.7117195769373361
-56.613207263631814,-0.041444260887464515,0.0005007834951169551,1.712312953563114
-56.58378414207104,-0.04144884363419994,0.0004990174343687221,1.7129069472912244
-56.55436102051026,-0.04145373700097239,0.0005043558088329354,1.713501559084833
-56.524937898949474,-0.04145788290379486,0.0005087430154573277,1.714096789909112
-56.4955147773887,-0.04146222197292604,0.0005042980442688652,1.7146926407312426
-56.46609165582792,-0.04146880309315863,0.0004961949649924583,1.7152891125204226
-56.436668534267135,-0.041473964186463944,0.0004893753860460564,1.7158862062478715
-56.40724541270635,-0.041482128083759756,0.00048534453808277064,1.7164839228868347
-56.37782229114558,-0.04149543363812433,0.00048216032495028253,1.717082263412589
-56.348399169584795,-0.04150976483150008,0.0004790048464058215,1.7176812288024492
-56.31897604802401,-0.04152226564604787,0.00047241183823369654,1.7182808200357718
-56.28955292646323,-0.041530548685076066,0.0004631867726531666,1.7188810380939605
-56.260129804902455,-0.04153589198453647,0.00045906500890304034,1.7194818839604724
-56.23070668334167,-0.04154914982511396,0.0004653666563980868,1.720083358620824
-56.20128356178089,-0.04156299156432745,0.0004712585879243894,1.720685463062594
-56.171860440220115,-0.04157420095516263,0.0004676430339900933,1.7212881982754316
-56.14243731865933,-0.041588379215552126,0.00045423691747572924,1.7218915652510596
-56.11301419709855,-0.0416034292639129,0.0004430472124952863,1.7224955649832818
-56.08359107553777,-0.041619995803444776,0.00043898724584783,1.7231001984679866
-56.05416795397699,-0.041637297502214496,0.0004378031617578302,1.7237054667031537
-56.02474483241621,-0.04164978337143469,0.0004310818231329248,1.7243113706888602
-55.99532171085543,-0.041654544614705934,0.0004180294076963864,1.724917911427284
-55.965898589294646,-0.041666678164429996,0.0004136427217852648,1.7255250899227108
-55.93647546773387,-0.04167136321527251,0.0004215871937791718,1.726132907181539
-55.90705234617309,-0.04167656146454771,0.0004234545859757811,1.726741364212287
-55.877629224612306,-0.04168425402449782,0.00041652417131138585,1.727350462025596
-55.848206103051524,-0.04168906946365494,0.00040976381230462705,1.7279602016342377
-55.81878298149075,-0.041691293929878304,0.0004091682893415102,1.7285705840531183
-55.78935985992997,-0.04169174421868299,0.0004184795332107437,1.7291816102992867
-55.759936738369184,-0.04168780151045104,0.0004354744605135875,1.7297932813919368
-55.73051361680841,-0.041687016886459635,0.0004512879707425895,1.7304055983524154
-55.70109049524763,-0.04168829059316942,0.0004586650348024199,1.7310185622042282
-55.671667373686844,-0.04169102236133189,0.00046636341624747656,1.7316321739730434
-55.64224425212606,-0.041697320889825015,0.0004760728306486406,1.732246434686699
-55.61282113056529,-0.04170429852967408,0.0004808520174499362,1.732861345375209
-55.583398009004505,-0.04170976458473264,0.0004795297367391901,1.733476907070767
-55.55397488744372,-0.041717641393553134,0.0004769099684899389,1.7340931208077546
-55.52455176588294,-0.04172940606247598,0.0004806273026277214,1.7347099876227454
-55.495128644322165,-0.04173318874672644,0.0004915078003333073,1.7353275085545103
-55.46570552276138,-0.04172952705994412,0.0005035576210623355,1.7359456846440269
-55.4362824012006,-0.04173293187076081,0.0005070328431784321,1.73656451693448
-55.40685927963982,-0.04175014287723393,0.000501958254118065,1.7371840064712725
-55.37743615807904,-0.04177079912745384,0.0004960576391608019,1.7378041543020273
-55.34801303651826,-0.041789370365125894,0.0004957502739952024,1.7384249614765963
-55.31858991495748,-0.041806980422847945,0.000501886822190045,1.7390464290470646
-55.2891667933967,-0.041823590431743385,0.0005102023582298677,1.7396685580677564
-55.25974367183592,-0.041835744649211734,0.000515174476903389,1.7402913495952421
-55.23032055027514,-0.04184785787892127,0.0005194093811233628,1.7409148046883431
-55.200897428714356,-0.04186179539720784,0.0005318827992358099,1.7415389244081387
-55.17147430715358,-0.041874928921958154,0.0005450423447837621,1.7421637098179708
-55.1420511855928,-0.041892510666612634,0.0005533331917154259,1.7427891619834521
-55.112628064032016,-0.041917197474650246,0.0005567381859123071,1.74341528197247
-55.08320494247124,-0.04194126862315575,0.0005590502047847488,1.744042070855194
-55.05378182091046,-0.041956536403416164,0.000561398817617128,1.7446695297040815
-55.024358699349676,-0.041963984101985555,0.0005666094895760904,1.745297659593883
-54.994935577788894,-0.041969348047755956,0.0005778983054218967,1.74592646160165
-54.96551245622811,-0.041974119494842685,0.0005862135415070775,1.74655593680674
-54.93608933466734,-0.041979185935033275,0.0005888842784567885,1.7471860862908217
-54.906666213106554,-0.041987325244675695,0.0005913432464823847,1.7478169111378845
-54.87724309154577,-0.04199131126082446,0.0005978580440998122,1.7484484124342403
-54.847819969985,-0.04199236767771857,0.0006005442663058714,1.7490805912685339
-54.818396848424214,-0.04199599995794583,0.0005971148356873874,1.7497134487317458
-54.78897372686343,-0.042006936299807035,0.0005956115410767052,1.7503469859172016
-54.75955060530265,-0.04201764111849763,0.0005975966052660437,1.7509812039205754
-54.730127483741875,-0.042023884984837646,0.0005970403809407286,1.7516161038398983
-54.70070436218109,-0.04202872926095573,0.0005998685305364554,1.7522516867755633
-54.67128124062031,-0.042033574394980344,0.0006023981670426795,1.7528879538303324
-54.641858119059535,-0.04204171198814223,0.0005943184139050295,1.7535249061093432
-54.61243499749875,-0.04205153256172173,0.0005812628165594118,1.7541625447201152
-54.58301187593797,-0.04206133292108364,0.0005676530587132226,1.7548008707725549
-54.55358875437719,-0.0420691264239923,0.0005527582460688239,1.7554398853789634
-54.52416563281641,-0.04207534290367629,0.000537326831044613,1.7560795896540435
-54.49474251125563,-0.04208480535835593,0.0005307353544043255,1.7567199847149055
-54.46531938969485,-0.04209627548456295,0.0005388521424972817,1.757361071681073
-54.435896268134066,-0.042103015948116405,0.0005415946281062272,1.7580028516744899
-54.40647314657329,-0.042107271133697846,0.0005351598731212448,1.7586453258195278
-54.37705002501251,-0.042112062260767205,0.0005271725763999778,1.7592884952429917
-54.347626903451726,-0.04212413728753235,0.0005164863009964257,1.7599323610741258
-54.318203781890944,-0.04214227413060884,0.0005041010855860188,1.760576924444623
-54.28878066033017,-0.04216045225375344,0.0004968870446517083,1.7612221864886273
-54.259357538769386,-0.04217483711378721,0.0004999040899608603,1.7618681483427445
-54.229934417208604,-0.04218616284909667,0.0005032547203098903,1.7625148111460462
-54.20051129564783,-0.042203200610149,0.0005096586769749421,1.763162176040078
-54.171088174087046,-0.04222618620044165,0.0005206310613803831,1.7638102441688654
-54.141665052526264,-0.0422575249109441,0.0005258193311288589,1.7644590166789205
-54.11224193096548,-0.0422890016310174,0.0005253854397698161,1.7651084947192492
-54.082818809404706,-0.042309562940123974,0.0005237509657144383,1.7657586794413578
-54.053395687843924,-0.04231820426756459,0.0005217001953305212,1.7664095719992599
-54.02397256628314,-0.04233013594895581,0.0005192665372153671,1.7670611735494837
-53.99454944472237,-0.04235565013222024,0.000513133694167923,1.7677134852510763
-53.965126323161584,-0.04237996455556439,0.0005142365438365255,1.7683665082656153
-53.9357032016008,-0.042398018227755026,0.0005211532677496047,1.7690202437572116
-53.90628008004002,-0.042416237445350016,0.0005236337541703678,1.7696746928925164
-53.87685695847924,-0.042437903252484734,0.0005190556920773624,1.7703298568407324
-53.84743383691846,-0.04245907598453411,0.0005126855636412775,1.770985736773615
-53.81801071535768,-0.042475327780605185,0.000508394716542739,1.7716423338654836
-53.7885875937969,-0.04248506892844198,0.0005054206347148163,1.7722996492932266
-53.75916447223612,-0.04248957439660449,0.0005001919363458675,1.7729576842363084
-53.72974135067534,-0.042501485468933356,0.0004950504728130382,1.7736164398767786
-53.70031822911456,-0.04252880503878572,0.0004910952401630762,1.774275917399276
-53.670895107553775,-0.042552496453817375,0.0004924943747260847,1.7749361179910372
-53.641471985993,-0.04256759665809369,0.0004975526683114641,1.7755970428419041
-53.61204886443222,-0.0425721549228906,0.0005002538765393189,1.7762586931443307
-53.582625742871436,-0.04257079882387328,0.0004965967902958652,1.7769210700933895
-53.55320262131066,-0.042571205999518164,0.00049304060512271,1.7775841748867802
-53.52377949974988,-0.04257508282166107,0.0004983243492288139,1.778248008724836
-53.494356378189096,-0.04257362535293537,0.0005067168884486254,1.7789125728105306
-53.46493325662831,-0.04256696215064679,0.0005120659991829297,1.7795778683494858
-53.43551013506754,-0.04256502674398091,0.0005127467729317684,1.7802438965499783
-53.406087013506756,-0.04256450894367334,0.0005141879797883847,1.780910658622949
-53.376663891945974,-0.0425593597685435,0.0005190714557529008,1.7815781557820078
-53.34724077038519,-0.042549924387301055,0.0005224157404154232,1.7822463892434421
-53.317817648824416,-0.04254131903210581,0.000522075632916765,1.782915360226224
-53.288394527263634,-0.042539496578643754,0.0005252222785243227,1.7835850699520184
-53.25897140570285,-0.04253886525213642,0.0005340419069493168,1.7842555196451895
-53.22954828414207,-0.04254301412436677,0.0005461409754880588,1.7849267105328082
-53.200125162581294,-0.04253999693032951,0.0005530804886576382,1.78559864384466
-53.17070204102051,-0.04253509368488263,0.0005521323959595099,1.786271320813254
-53.14127891945973,-0.04253750304645243,0.0005511215150803665,1.7869447426738274
-53.111855797898954,-0.04254995699065654,0.000550732495776529,1.7876189106643543
-53.08243267633817,-0.04256775311343312,0.0005489467868204713,1.7882938260255554
-53.05300955477739,-0.042584957532649834,0.0005460442252016659,1.7889694900009023
-53.02358643321661,-0.042597037318315545,0.0005405849670097123,1.7896459038366275
-52.99416331165583,-0.04260533343928316,0.0005274770218719561,1.7903230687817295
-52.96474019009505,-0.04261547223101453,0.0005210278681254708,1.7910009860879854
-52.93531706853427,-0.04262837135268405,0.000515881887767815,1.791679657009952
-52.905893946973485,-0.042637152163085515,0.0005095248653029955,1.7923590828049791
-52.87647082541271,-0.04264595993568202,0.0005045484680754475,1.7930392647332138
-52.84704770385193,-0.04266440179249581,0.0004982117429425204,1.7937202040576112
-52.817624582291145,-0.04269154562024702,0.0004890359083432196,1.7944019020439392
-52.78820146073036,-0.04271746254221371,0.00048035954329233704,1.795084359960788
-52.75877833916959,-0.04273114062921291,0.0004735591328894019,1.7957675790795782
-52.729355217608806,-0.04273700864157633,0.0004826293047802092,1.796451560674568
-52.69993209604802,-0.04275104800233409,0.0004885732270689579,1.7971363060228613
-52.67050897448725,-0.04277599312593727,0.0004950512034493049,1.7978218164044155
-52.641085852926466,-0.04280311979822291,0.0005064669600993754,1.79850809310205
-52.61166273136568,-0.04282531660884414,0.0005155054982620415,1.7991951374014539
-52.5822396098049,-0.042843533023690386,0.0005171354484069366,1.799882950591194
-52.552816488244126,-0.042869149703723186,0.0005171806204443072,1.8005715339627217
-52.523393366683344,-0.04290258763141738,0.0005153268536647086,1.801260888810385
-52.49397024512256,-0.04293510783951944,0.0005098565078432339,1.8019510164314303
-52.464547123561786,-0.04295860792933203,0.0005144976521769823,1.802641918126017
-52.435124002001004,-0.04298279805513077,0.0005245265470715863,1.8033335951972211
-52.40570088044022,-0.04301283473898547,0.0005267023430945203,1.8040260489510458
-52.37627775887944,-0.04304433937858687,0.0005184510715167216,1.8047192806964292
-52.34685463731866,-0.04306853747625157,0.0005087415034001116,1.8054132917452508
-52.31743151575788,-0.04308464344011721,0.0005027811471527972,1.8061080834123433
-52.2880083941971,-0.0431003030677978,0.0004944682743353388,1.8068036570154975
-52.25858527263632,-0.0431308789353573,0.0004885389905479756,1.8075000138754724
-52.22916215107554,-0.04316445626006046,0.0004875128180593374,1.808197155316003
-52.19973902951476,-0.04319048944219487,0.0004902984312651735,1.8088950826638102
-52.17031590795398,-0.04321359134925658,0.0004960083470828461,1.8095937972486054
-52.140892786393195,-0.043238325791382495,0.0004999315131632004,1.8102933004031039
-52.11146966483242,-0.043260971464531686,0.0004963898712838341,1.8109935934630288
-52.08204654327164,-0.04327790214142346,0.0004852062422155099,1.8116946777671235
-52.052623421710855,-0.043295496992134946,0.0004787997313772181,1.8123965546571568
-52.02320030015008,-0.043319847803839094,0.0004865237221387022,1.8130992254779343
-51.9937771785893,-0.04335097406168453,0.0004961450879714846,1.8138026915773047
-51.964354057028515,-0.04339190734765658,0.0005016473324357496,1.8145069543061694
-51.93493093546773,-0.043429068551423713,0.0005106699249347399,1.815212015018492
-51.90550781390695,-0.0434531173717924,0.0005224419619517067,1.8159178750713059
-51.876084692346176,-0.04347431407904981,0.0005314588132460472,1.8166245358247215
-51.84666157078539,-0.043499752899499054,0.0005386994847111007,1.8173319986419396
-51.81723844922462,-0.04352585066756491,0.0005426548365930029,1.8180402648892553
-51.787815327663836,-0.04354908639426579,0.0005427297806372705,1.8187493359360691
-51.75839220610305,-0.0435834013269333,0.0005599892505370572,1.8194592131548957
-51.72896908454227,-0.043620585417157146,0.0005711121092833027,1.8201698979213714
-51.69954596298149,-0.043661938373928115,0.0005751264074299754,1.8208813916142663
-51.670122841420714,-0.04370265027412764,0.000580472970597522,1.8215936956154883
-51.64069971985993,-0.04374048590534906,0.000583010243237667,1.8223068113100966
-51.61127659829915,-0.043778446720485774,0.0005809945886451783,1.8230207400863088
-51.581853476738374,-0.04381918393764045,0.0005798593757875255,1.823735483335509
-51.55243035517759,-0.04385060097288125,0.0005754432141854071,1.8244510424522589
-51.52300723361681,-0.043882501993346965,0.000578397141181247,1.8251674188343041
-51.49358411205603,-0.04392220460513272,0.0005919020436002605,1.8258846138825868
-51.464160990495245,-0.04397579922084981,0.0006026860854686712,1.8266026290012518
-51.43473786893447,-0.044031342277311855,0.0005973111695165675,1.8273214655976568
-51.40531474737369,-0.04407040775016283,0.0005805051403280057,1.828041125082383
-51.37589162581291,-0.04409530834173188,0.0005636294285424997,1.8287616088692404
-51.34646850425213,-0.04412373892983369,0.0005547514900487823,1.8294829183752825
-51.31704538269135,-0.04416583557277261,0.0005522527527940655,1.8302050550208109
-51.287622261130565,-0.04421768076796807,0.0005557089522922309,1.8309280202293872
-51.25819913956978,-0.044279596808606325,0.0005655646544836863,1.8316518154278407
-51.22877601800901,-0.04433645652081883,0.0005591658319099912,1.83237644204628
-51.199352896448225,-0.04438877262326099,0.0005319792025314701,1.8331019015181003
-51.16992977488744,-0.04444072527314744,0.0005051564286952194,1.8338281952799935
-51.14050665332667,-0.04448804213630996,0.0005033890286849088,1.8345553247719582
-51.111083531765885,-0.0445363535471994,0.0005235389361453215,1.8352832914373094
-51.0816604102051,-0.04459588589977658,0.0005467031890280782,1.8360120967226865
-51.05223728864432,-0.04466715834300134,0.0005633042837383499,1.8367417420780638
-51.022814167083546,-0.04472110793781991,0.0005625373109972669,1.837472228956761
-50.99339104552276,-0.04476300639992578,0.0005576326453691155,1.8382035588154526
-50.96396792396198,-0.04481530668567994,0.0005533042119512916,1.838935733114175
-50.934544802401206,-0.04488191445384636,0.0005596744430410022,1.83966875331634
-50.90512168084042,-0.044943394247198315,0.0005872089920890345,1.8404026208887418
-50.87569855927964,-0.04499496579769471,0.0006220587395739159,1.8411373373015691
-50.84627543771886,-0.04504983019443712,0.0006432193911186486,1.841872904028412
-50.81685231615808,-0.04511957223018408,0.0006431209121710112,1.842609322546274
-50.7874291945973,-0.045172207449264694,0.0006184244507776344,1.8433465943355825
-50.75800607303652,-0.0452215644882176,0.0006020613435465656,1.8440847208801956
-50.72858295147574,-0.045278970542967964,0.000606786491674052,1.8448237036674153
-50.69915982991496,-0.045343822391130835,0.0006077608538365405,1.8455635441879958
-50.66973670835418,-0.045398303254661015,0.0006061391994921834,1.8463042439361548
-50.6403135867934,-0.0454437018028956,0.0006058619572867595,1.8470458044095808
-50.610890465232615,-0.045494571040931214,0.0006014757658537411,1.8477882271094472
-50.58146734367184,-0.04555167538817985,0.0005800605165813909,1.8485315135404181
-50.55204422211106,-0.04560026321336293,0.0005615990844638691,1.8492756652106634
-50.522621100550275,-0.04563835065945329,0.0005544228929664751,1.8500206836318638
-50.4931979789895,-0.04567575348063814,0.0005410882212914728,1.8507665703192249
-50.46377485742872,-0.04571859231685184,0.0005362690091601296,1.8515133267914856
-50.434351735867935,-0.04576364023742084,0.0005390353078840166,1.8522609545709288
-50.40492861430715,-0.04580559129499575,0.0005388766057777004,1.8530094551833924
-50.37550549274637,-0.0458423389272047,0.0005332727158397768,1.8537588301582781
-50.346082371185595,-0.04587941250991932,0.0005299807540026996,1.854509081028564
-50.31665924962481,-0.04591640856133165,0.0005236882421061347,1.8552602093308135
-50.28723612806404,-0.04594617199412532,0.0005189359211381652,1.8560122166051856
-50.257813006503255,-0.04599001411248965,0.0005141454453582791,1.8567651043954467
-50.22838988494247,-0.04603820266972818,0.0005054318319180255,1.85751887424898
-50.19896676338169,-0.046078704237712126,0.0005057647434061998,1.8582735277167974
-50.16954364182091,-0.04611941490627128,0.0005146921966213235,1.8590290663535485
-50.14012052026013,-0.04616707471658198,0.0005246013849899635,1.8597854917175312
-50.11069739869935,-0.04621737016299013,0.0005252291532662398,1.8605428053707058
-50.08127427713857,-0.046265741662820326,0.000514652133331877,1.8613010088787014
-50.05185115557779,-0.04631125838520178,0.0005015279084569883,1.8620601038108289
-50.02242803401701,-0.04634664243583928,0.0005097508109637266,1.8628200917400917
-49.99300491245623,-0.04639192472924502,0.0005209621668116212,1.8635809742431957
-49.96358179089545,-0.04644436376231545,0.0005256835140668029,1.864342752900562
-49.93415866933467,-0.046495619072500535,0.0005272772294346948,1.8651054292963352
-49.90473554777389,-0.04654419961844454,0.0005277296423626041,1.8658690050183973
-49.87531242621311,-0.04658906862445548,0.0005258039105572032,1.8666334816583765
-49.84588930465233,-0.04663146453334371,0.0005241776177049267,1.867398860811659
-49.81646618309155,-0.046683668389407476,0.0005219633126093802,1.8681651440774005
-49.78704306153077,-0.046735689977214306,0.0005199454922018713,1.8689323330585368
-49.757619939969985,-0.04680487336899951,0.0005085452140318169,1.869700429361795
-49.7281968184092,-0.04686881549843185,0.0005028394207035866,1.8704694345977049
-49.69877369684843,-0.046911884832772706,0.0005098914896363885,1.87123935038061
-49.669350575287645,-0.0469430342675555,0.0005211431408287028,1.8720101783286802
-49.63992745372686,-0.046978164000572024,0.0005289571392478588,1.8727819200639204
-49.61050433216609,-0.04701888922442028,0.0005310299577358835,1.8735545772121842
-49.581081210605305,-0.04706810157719211,0.000543478233626265,1.8743281514031849
-49.55165808904452,-0.04711173348886957,0.000553148257522434,1.8751026442705059
-49.52223496748374,-0.047151848625390486,0.0005595369249600228,1.875878057451613
-49.492811845922965,-0.04718902657766712,0.0005779304136361324,1.8766543925878656
-49.46338872436218,-0.04723256608906504,0.0005931397728129499,1.8774316513245304
-49.4339656028014,-0.04727973586810725,0.0005936613334557361,1.8782098353107886
-49.404542481240625,-0.04732961710638289,0.0005837601905638417,1.878988946199751
-49.37511935967984,-0.047392782390227775,0.0005807049572054515,1.8797689856484698
-49.34569623811906,-0.047455514713526145,0.0005704756421028134,1.8805499553179486
-49.31627311655828,-0.04751765750703346,0.0005649408579448935,1.8813318568731545
-49.286849994997496,-0.0475722488834919,0.0005712925174644029,1.882114691983031
-49.25742687343672,-0.04762821668262622,0.0005763366941531689,1.8828984623205094
-49.22800375187594,-0.047694302329640136,0.0005694532244542979,1.8836831695625196
-49.19858063031516,-0.047754884694611185,0.000552647893701611,1.8844688153900044
-49.16915750875438,-0.047805283133736096,0.0005326270633220492,1.88525540148793
-49.1397343871936,-0.04787435148659919,0.0005319367205968813,1.8860429295452965
-49.11031126563282,-0.04793857980689493,0.0005223739252545287,1.886831401255153
-49.080888144072034,-0.04799150693271885,0.0005123410441868006,1.8876208183146095
-49.05146502251126,-0.048046317636414315,0.0004987596652631361,1.888411182424845
-49.02204190095048,-0.048099478370453086,0.0004713046042309027,1.889202495291126
-48.992618779389694,-0.04815072661239798,0.00044962649243779124,1.8899947586228132
-48.96319565782892,-0.048200086421604886,0.00044459723199244085,1.8907879741333766
-48.93377253626814,-0.048251590860868644,0.000442309826210046,1.891582143540408
-48.904349414707355,-0.04830844970463078,0.0004276186946048524,1.8923772685656326
-48.87492629314657,-0.04837239618653855,0.0004170148503469661,1.8931733509349202
-48.84550317158579,-0.04840476451639998,0.00040369292738660944,1.8939703923783013
-48.816080050025015,-0.04844668069967274,0.0003781028084755548,1.8947683946299754
-48.78665692846423,-0.048501550749455544,0.00036666380442040066,1.8955673594283264
-48.75723380690346,-0.048560804619467615,0.0003645633427557112,1.8963672885159348
-48.727810685342675,-0.04861422488180751,0.0003620042027329384,1.897168183639589
-48.69838756378189,-0.04865727281458309,0.0003590534371577174,1.8979700465503
-48.66896444222111,-0.04869576195761228,0.0003599536566211802,1.8987728790033125
-48.63954132066033,-0.04873300750929299,0.00035969080525307285,1.8995766827581186
-48.61011819909955,-0.048783603057837445,0.00037964437394498213,1.9003814595784698
-48.58069507753877,-0.04883614980898529,0.00040757088252101954,1.9011872112323913
-48.55127195597799,-0.04888154564627639,0.0004308760291024123,1.9019939394921939
-48.52184883441721,-0.0489298565656006,0.0004477516375942004,1.902801646134487
-48.49242571285643,-0.04899100083589884,0.00046635168800397415,1.9036103329401923
-48.46300259129565,-0.0490608072720541,0.00048791122325629073,1.9044200016945556
-48.433579469734866,-0.0491276824562104,0.0004981356277679565,1.9052306541871622
-48.40415634817409,-0.04919924381140937,0.0004946858504399993,1.9060422922119473
-48.37473322661331,-0.04928186949545788,0.0004917018956073741,1.906854917567212
-48.345310105052526,-0.049361856414078795,0.000487458433705266,1.9076685320556335
-48.31588698349175,-0.049448817030729814,0.0004761161428610881,1.9084831374842817
-48.28646386193097,-0.04953426900716269,0.00047846765946230334,1.9092987356646303
-48.257040740370186,-0.0496127592643793,0.0004872603136963314,1.9101153284125707
-48.227617618809404,-0.049684463583372224,0.0004915564372570897,1.9109329175484269
-48.19819449724862,-0.049755843923550536,0.0004981300321346723,1.9117515048969658
-48.16877137568785,-0.049830217569245466,0.0005140479355076624,1.9125710922874148
-48.139348254127064,-0.049914251059351294,0.0005248193573599143,1.913391681553473
-48.10992513256628,-0.04999951521857504,0.0005427555636132786,1.9142132745333242
-48.08050201100551,-0.05005561666666397,0.0005323887307960497,1.915035873069653
-48.051078889444724,-0.0501291542291469,0.000512035572597406,1.915859479009657
-48.02165576788394,-0.050219878222550515,0.0005178944403769764,1.9166840942050603
-47.99223264632316,-0.05030851270882976,0.0005259593769842253,1.917509720512129
-47.962809524762385,-0.05037159937764893,0.0005006887761860515,1.9183363597916836
-47.9333864032016,-0.05043685139692621,0.00048349528078837846,1.9191640139091137
-47.90396328164082,-0.05050680853077269,0.0005104639426334123,1.9199926847343916
-47.874540160080045,-0.05052038752869121,0.000518911813886551,1.9208223741420865
-47.84511703851926,-0.05055253749431288,0.0005114825734314858,1.9216530840113801
-47.81569391695848,-0.050595471766049595,0.0005283613949190701,1.9224848162260781
-47.7862707953977,-0.05064473245600787,0.000552648352116363,1.9233175726746263
-47.756847673836916,-0.05072432052084405,0.0005392704638655123,1.9241513552501242
-47.72742455227614,-0.050821449318559794,0.0005105724383775694,1.9249861658503393
-47.69800143071536,-0.050898742258489144,0.0005170000289820783,1.925822006377723
-47.66857830915458,-0.05096165578430189,0.0005185846453478248,1.9266588787394223
-47.6391551875938,-0.051030351214590625,0.0005137005668649682,1.9274967848472966
-47.60973206603302,-0.051106661714047305,0.0005279185941442696,1.9283357266179317
-47.580308944472236,-0.05122051072780343,0.0005335049093390749,1.929175705972653
-47.550885822911454,-0.051351856722843335,0.00053762557530603,1.930016724837543
-47.52146270135068,-0.05148383031835568,0.0005481520925957625,1.930858785143453
-47.492039579789896,-0.051604650376291736,0.0005674549095358876,1.9317018888260198
-47.462616458229114,-0.05169776619596407,0.000572042256936617,1.9325460378256802
-47.43319333666834,-0.051798452241522,0.0005560303839889991,1.933391234087685
-47.403770215107556,-0.051915000788731736,0.0005130157520627278,1.9342374795621153
-47.374347093546774,-0.05201915498771298,0.0005115817326335963,1.935084776203896
-47.34492397198599,-0.05212770043108268,0.0005501750190057891,1.935933125972813
-47.31550085042522,-0.05224218345897649,0.0005948231808696895,1.9367825308335256
-47.286077728864434,-0.05234452144549796,0.0006287533284319874,1.9376329927555833
-47.25665460730365,-0.05243220537391664,0.0006506225875411862,1.9384845137134414
-47.22723148574288,-0.052516032680943736,0.0006493462438213687,1.9393370956864748
-47.197808364182094,-0.05263265871589202,0.0006308321836146981,1.9401907406589958
-47.16838524262131,-0.05277509007739782,0.0006046741900109222,1.941045450620265
-47.13896212106053,-0.05292979289388465,0.0005693407811195362,1.9419012275645127
-47.10953899949975,-0.05307525456371598,0.0005499210354729316,1.9427580734909489
-47.08011587793897,-0.053203511013290246,0.0005365378323086139,1.9436159904037829
-47.05069275637819,-0.05330971442716338,0.0005224785894995481,1.9444749803122363
-47.02126963481741,-0.05340527567704327,0.0005160803703511119,1.945335045230561
-46.99184651325663,-0.053508789952801006,0.0005191728728853195,1.9461961871780518
-46.96242339169585,-0.05363613273517835,0.0005108727438301937,1.9470584081790654
-46.93300027013507,-0.05376908622173483,0.0004946383254627113,1.947921710263035
-46.903577148574286,-0.053886754051929164,0.0004707820282023743,1.9487860954644853
-46.87415402701351,-0.05399358735739481,0.0004503514074111765,1.9496515658230495
-46.84473090545273,-0.05409128088128205,0.00044488923207419164,1.9505181233834863
-46.815307783891946,-0.054195111027921426,0.0004494015878123473,1.9513857701956931
-46.78588466233117,-0.0543153830021173,0.000464033075760687,1.952254508314725
-46.75646154077039,-0.05443770718666549,0.0004925405735365395,1.95312433980081
-46.727038419209606,-0.05453634576392742,0.0004964598498740052,1.9539952667193647
-46.697615297648824,-0.05461220940519294,0.0004931013429798916,1.9548672911410119
-46.66819217608804,-0.05470540123607293,0.0005126940586906072,1.9557404151415954
-46.638769054527266,-0.05481212207949489,0.0004952244878166126,1.956614640802198
-46.609345932966484,-0.05489775137452221,0.0004422495302940741,1.9574899702091577
-46.5799228114057,-0.05495165522602963,0.0003886232171356935,1.9583664054540835
-46.550499689844926,-0.054993754664240224,0.00037136816015609483,1.9592439486338722
-46.521076568284144,-0.05508620473659218,0.0004274335545245838,1.9601226018507258
-46.49165344672336,-0.05520315253614176,0.00045736168018253783,1.9610023672121693
-46.46223032516258,-0.05536706626198368,0.00044405748060110723,1.9618832468310639
-46.432807203601804,-0.055509970174250564,0.0003859237185286723,1.9627652428256273
-46.40338408204102,-0.055642079846045106,0.000321218645292698,1.9636483573194505
-46.37396096048024,-0.055756168120793134,0.00030177001279070326,1.9645325924415125
-46.344537838919464,-0.055859874833559926,0.0003410800844974737,1.9654179503261995
-46.31511471735868,-0.055990915603647974,0.00042376183553437675,1.9663044331133221
-46.2856915957979,-0.05616651029584772,0.0004982375614049945,1.9671920429481307
-46.25626847423712,-0.05637726374553389,0.0005463606000190187,1.9680807819813348
-46.226845352676335,-0.056488769696290235,0.0005393982164719247,1.9689706523691193
-46.19742223111556,-0.05655613114605844,0.0005200507325551163,1.9698616562731615
-46.16799910955478,-0.05666225663963616,0.0005247328283831801,1.970753795860651
-46.138575987994,-0.0568336981845928,0.0005533990755494502,1.9716470733043034
-46.10915286643322,-0.05701938785582822,0.0005632190570438143,1.9725414907823824
-46.07972974487244,-0.0571471186466536,0.000498554297281329,1.9734370504787133
-46.050306623311656,-0.057292281781103294,0.00043002367422665896,1.9743337545827035
-46.02088350175087,-0.057453315825453107,0.0004094182815488052,1.97523160528936
-45.9914603801901,-0.057581717960039594,0.00044513131906605643,1.9761306047993057
-45.962037258629316,-0.057692400712173714,0.0004951411816685165,1.9770307553187991
-45.93261413706853,-0.0578104884384342,0.0005117876774653064,1.9779320590597527
-45.90319101550776,-0.05792668234778948,0.0005023098559092543,1.978834518239748
-45.873767893946976,-0.05803907469119072,0.0004900425738965797,1.9797381350820582
-45.844344772386194,-0.05816758994266276,0.00047992592833707125,1.9806429118156625
-45.81492165082541,-0.058325751147074695,0.0004492591191246819,1.9815488506752668
-45.785498529264636,-0.05846246444191268,0.00044834673785404085,1.982455953901321
-45.756075407703854,-0.05859302021878853,0.0004682063604248753,1.983364223740038
-45.72665228614307,-0.05876808842502667,0.0004875251779285719,1.9842736624434125
-45.697229164582296,-0.05896660053801886,0.0004916585906160451,1.985184272269238
-45.667806043021514,-0.05913468950053218,0.0004735228090472975,1.9860960554811284
-45.63838292146073,-0.05925126900420847,0.00045606597229478724,1.987009014348533
-45.60895979989995,-0.059391589855213756,0.0004985850701125814,1.987923151146759
-45.57953667833917,-0.05959708095588157,0.0005069137429886156,1.9888384681569882
-45.55011355677839,-0.05978679542050319,0.00046948485882668473,1.9897549676662956
-45.52069043521761,-0.0599065670061828,0.0004918279568805096,1.990672651967671
-45.49126731365683,-0.06001120984647832,0.0005178526067374287,1.9915915233600354
-45.46184419209605,-0.06014205464262788,0.00048379642631772205,1.9925115841482617
-45.43242107053527,-0.06028759522930105,0.0004149402733858725,1.9934328366431933
-45.40299794897449,-0.06043707272760766,0.0003985146243027357,1.994355283161664
-45.373574827413705,-0.06059091103961728,0.00045412547780484316,1.9952789260265167
-45.34415170585293,-0.06070546420943394,0.00048467187445464877,1.996203767566624
-45.31472858429215,-0.060840382263123854,0.00046512142564432483,1.9971298101169062
-45.285305462731365,-0.06100906538568717,0.0004547659590586159,1.9980570560183533
-45.25588234117059,-0.06118505473941075,0.0004516956357782604,1.9989855076180412
-45.22645921960981,-0.0613350557682065,0.0004396473140410455,1.9999151672691555
-45.197036098049026,-0.061454818588683915,0.00042772501010233325,2.0008460373310086
-45.16761297648824,-0.061596823879131075,0.0004391118639920908,2.0017781201690603
-45.13818985492746,-0.06183210395441397,0.00045362346429215437,2.002711418154939
-45.108766733366686,-0.06206635358176252,0.00045502837079317926,2.0036459336664594
-45.0793436118059,-0.0621750749979568,0.00048751711834905427,2.0045816690876452
-45.04992049024513,-0.062259557514805546,0.0004829408313225705,2.005518626808749
-45.020497368684346,-0.06238461006693144,0.000438790359769306,2.00645680922627
-44.991074247123564,-0.06254352815787119,0.00040883156319347294,2.0073962187429784
-44.96165112556278,-0.06269519522167097,0.0004392761067925504,2.0083368577679326
-44.932228004002,-0.06281884301872491,0.0005102989803674234,2.009278728716502
-44.902804882441224,-0.06296598105915066,0.0005351978185079026,2.0102218340103857
-44.87338176088044,-0.06316151875595474,0.0004466065846677487,2.011166176077636
-44.84395863931966,-0.06333896941885465,0.0003378735654485864,2.012111757352676
-44.814535517758884,-0.06348846820902848,0.0002768718849090913,2.0130585802763235
-44.7851123961981,-0.06361808873414584,0.00026798432246692244,2.014006647295809
-44.75568927463732,-0.06373747004792663,0.00027694684046831195,2.0149559608648
-44.72626615307654,-0.06386182714541556,0.0002671044704013634,2.01590652344342
-44.696843031515755,-0.06400913412599009,0.0002289497353097307,2.0168583374982694
-44.66741990995498,-0.06421707679222394,0.00022585067617626232,2.017811405502449
-44.6379967883942,-0.06439473938127906,0.00024292048790097042,2.01876572993558
-44.60857366683342,-0.06452265395110657,0.00023149181504166324,2.0197213132838248
-44.57915054527264,-0.06464198209536084,0.00019203073375060874,2.0206781580399107
-44.54972742371186,-0.06478197309274315,0.00017241067331608332,2.0216362667031493
-44.520304302151075,-0.06494866394540247,0.00020764290011840878,2.02259564177946
-44.49088118059029,-0.06512199385144635,0.0002769122093777181,2.0235562857813907
-44.46145805902952,-0.06528352027860772,0.0003232298024749882,2.02451820122814
-44.432034937468735,-0.06542330043393113,0.00031963974439125543,2.02548139064558
-44.40261181590795,-0.06553383450819394,0.0002789570881125364,2.026445856566278
-44.37318869434718,-0.0656533149099087,0.00023693271714972594,2.0274116015295176
-44.343765572786396,-0.06580148538857816,0.00021707477499010555,2.0283786280813225
-44.31434245122561,-0.06597214316815511,0.0002232623284967795,2.029346938774478
-44.28491932966483,-0.0661422424134908,0.00024217422120074677,2.0303165361685545
-44.255496208104056,-0.066283560342036,0.0002640989173888856,2.0312874228299274
-44.22607308654327,-0.06637258126361768,0.00029142913386088636,2.032259601331804
-44.19664996498249,-0.06647132445076576,0.0003352567478031628,2.033233074254243
-44.167226843421716,-0.06655077908029308,0.0003729786793456219,2.0342078441841767
-44.137803721860934,-0.06663625799333918,0.00037234204765894483,2.0351839137154375
-44.10838060030015,-0.06673069753877445,0.0003609665178771152,2.036161285448778
-44.07895747873937,-0.06683038715290604,0.0003491771912398449,2.0371399619918944
-44.04953435717859,-0.06692637245877828,0.0003334460334971261,2.038119945959451
-44.02011123561781,-0.06703823054574667,0.00033008611688686466,2.039101239973102
-43.99068811405703,-0.06717469056049177,0.0003374608087919095,2.040083846661516
-43.96126499249625,-0.0673216652330435,0.0003719599845802742,2.0410677686603997
-43.93184187093547,-0.0674554465074386,0.00038561354817365456,2.0420530086125193
-43.90241874937469,-0.06757358252360676,0.00036878675031337856,2.043039569167726
-43.87299562781391,-0.06767800332462814,0.0003441790296034232,2.044027452982981
-43.843572506253125,-0.06777848892141373,0.00032547115669596846,2.045016662722376
-43.81414938469234,-0.06788270503200367,0.0003097657718539814,2.0460072010571593
-43.78472626313157,-0.06798956420727857,0.0002934670372426917,2.0469990706657595
-43.755303141570785,-0.06809888515106305,0.00030230645411995016,2.0479922742338106
-43.72588002001001,-0.06819031172198287,0.00033390513472690407,2.0489868144541736
-43.69645689844923,-0.06828381180529247,0.0003523118945975296,2.049982694026964
-43.667033776888445,-0.0683839691227134,0.00035163302223411083,2.0509799156595734
-43.63761065532766,-0.06847478794756251,0.0003555728114096251,2.051978482066697
-43.60818753376688,-0.0685535637797525,0.0003662791263326442,2.0529783959703543
-43.578764412206105,-0.06862301195923022,0.00037225402338688176,2.0539796600999174
-43.54934129064532,-0.06868793400821624,0.00037027097152928526,2.0549822771921358
-43.51991816908455,-0.06875437106205333,0.0003737050745171657,2.055986249991158
-43.490495047523765,-0.06883549371026168,0.00038552656331376913,2.056991581248559
-43.46107192596298,-0.06890866756096431,0.00039390058713035256,2.0579982737233666
-43.4316488044022,-0.06896855526006812,0.0004066372522511243,2.0590063301820836
-43.40222568284142,-0.06901748876315633,0.0004145401106060301,2.0600157533987145
-43.372802561280636,-0.06905760545907819,0.0004176426781176858,2.0610265461547925
-43.34337943971986,-0.06909666437627957,0.0004228898266333169,2.062038711239402
-43.313956318159086,-0.06914159643559445,0.0004342256141757425,2.0630522514492062
-43.284533196598304,-0.06918352971238237,0.00044304458559899423,2.0640671695884745
-43.25511007503752,-0.06922134018123015,0.0004618948948245383,2.0650834684691044
-43.22568695347674,-0.0692583502869665,0.000478857023045393,2.0661011509106495
-43.19626383191596,-0.06929091276115126,0.0004866025215755799,2.0671202197403464
-43.166840710355174,-0.06931713925932911,0.0004924783637314428,2.06814067779314
-43.1374175887944,-0.06933774973029672,0.000503128310583939,2.069162527911708
-43.10799446723362,-0.0693550793778121,0.0005160585201325598,2.070185772946493
-43.07857134567284,-0.0693702889982167,0.0005242734408548854,2.0712104157557207
-43.04914822411206,-0.06938473319995658,0.000527491776229935,2.072236459205434
-43.01972510255128,-0.06939806886818346,0.0005333699515792889,2.0732639061695157
-42.990301980990495,-0.06940730643030463,0.0005396360172030643,2.074292759529716
-42.96087885942971,-0.069417057806789,0.0005475830489207117,2.0753230221756795
-42.93145573786894,-0.06942151129595799,0.0005554410492203366,2.0763546970049735
-42.902032616308155,-0.0694236573000854,0.0005600664666330878,2.077387786923114
-42.87260949474738,-0.0694230237244084,0.0005638954110932952,2.0784222948435915
-42.8431863731866,-0.06942073135446863,0.0005670735407252248,2.0794582236879027
-42.813763251625815,-0.06941940047802564,0.0005696308218688682,2.080495576385573
-42.78434013006503,-0.06941691926802585,0.000572945347151828,2.0815343558741874
-42.75491700850425,-0.0694038779755018,0.0005783236346003458,2.082574565099417
-42.72549388694347,-0.06938685912059586,0.0005850573597886917,2.0836162070150483
-42.69607076538269,-0.06937056584030346,0.0005908963805628364,2.084659284583007
-42.66664764382191,-0.06935635924808028,0.0005981984752500769,2.085703800773393
-42.637224522261135,-0.06934233164430537,0.0006078367201748125,2.086749758564501
-42.60780140070035,-0.06932265784301375,0.0006163214598311566,2.087797160942855
-42.57837827913957,-0.06929254934818435,0.0006205137761905265,2.088846010903233
-42.54895515757879,-0.06925976072754386,0.0006239563376948795,2.0898963114486966
-42.519532036018006,-0.06923361723687467,0.0006316626414148526,2.0909480655906205
-42.49010891445723,-0.06919974680904667,0.0006445555042023835,2.0920012763487192
-42.46068579289645,-0.06915327218612977,0.0006571737853055704,2.0930559467510794
-42.43126267133567,-0.06910814055472936,0.0006648253573029807,2.094112079834184
-42.40183954977489,-0.06905903816774372,0.0006744080966018427,2.0951696786429475
-42.37241642821411,-0.06901301401743268,0.0006791625542617524,2.0962287462307394
-42.34299330665333,-0.06897012063625108,0.000677961868079907,2.097289285659416
-42.313570185092544,-0.06892140612201447,0.0006790580764967708,2.0983512999993517
-42.28414706353176,-0.06886613657057061,0.0006920347403585297,2.0994147923294655
-42.25472394197099,-0.06880912488236487,0.0007092786815402625,2.100479765737252
-42.22530082041021,-0.06874664017053976,0.000717744531514839,2.1015462233188122
-42.19587769884943,-0.06867951893070547,0.0007274189824755709,2.1026141681788832
-42.16645457728865,-0.06860779103221117,0.0007448300464699143,2.1036836034308664
-42.137031455727865,-0.06853594648822821,0.0007543627148708631,2.10475453219686
-42.10760833416708,-0.06845716416560284,0.0007567313826444036,2.105826957607689
-42.0781852126063,-0.0683684647981862,0.0007658949515910543,2.1069008828029343
-42.048762091045525,-0.06827963063360729,0.00078701139213215,2.107976310930965
-42.01933896948474,-0.06819186648440427,0.0008101607338315623,2.1090532451489685
-41.98991584792397,-0.06810200214508849,0.0008316987413589238,2.110131688622981
-41.960492726363185,-0.06800307157829466,0.0008460407996671307,2.1112116445279194
-41.9310696048024,-0.0679046967522115,0.0008512468227053298,2.1122931160476117
-41.90164648324162,-0.06779169666497613,0.0008637856355754896,2.113376106374829
-41.87222336168084,-0.06767353847316421,0.0008830389668645561,2.1144606187113157
-41.84280024012006,-0.06756567748316694,0.0008979628891428742,2.1155466562678225
-41.81337711855928,-0.06746058887320347,0.00090882967111899,2.116634222264137
-41.783953996998505,-0.06735130095459216,0.0009121507082899392,2.1177233199291163
-41.75453087543772,-0.06723941612659906,0.0009106420922324554,2.118813952500719
-41.72510775387694,-0.06713403781880793,0.0009194068986537721,2.1199061232260354
-41.69568463231616,-0.06701816344603458,0.0009271745984569689,2.1209998353613226
-41.666261510755376,-0.06689201469190545,0.0009285503422119968,2.1220950921720356
-41.636838389194594,-0.06676185321303024,0.0009273764388307885,2.123191896932858
-41.60741526763382,-0.06663261650205052,0.0009429702495197164,2.124290252927738
-41.577992146073036,-0.06650562695476586,0.0009720707021859708,2.1253901634499193
-41.54856902451226,-0.066379726315075,0.0009941929182262464,2.126491631801973
-41.51914590295148,-0.06624902594064862,0.001003595407141546,2.1275946612958334
-41.4897227813907,-0.06611559685630033,0.0010127410110339701,2.1286992552528288
-41.460299659829914,-0.06598572456370236,0.0010294450591864517,2.1298054170037153
-41.43087653826913,-0.06585877900051094,0.001046957728958086,2.1309131498887117
-41.40145341670836,-0.06571957821101786,0.0010615432435384703,2.132022457257531
-41.372030295147574,-0.06557198838805053,0.0010832727947828402,2.1331333424694168
-41.3426071735868,-0.06544743574396827,0.0010983744100475075,2.1342458088931733
-41.31318405202602,-0.06533316214181445,0.001108868491773363,2.1353598599072043
-41.283760930465235,-0.06519502835722178,0.0011152246493568985,2.1364754988995434
-41.25433780890445,-0.06504404306951192,0.0011075386098012528,2.1375927292678893
-41.22491468734367,-0.0649050689975265,0.0011074585390152968,2.1387115544196416
-41.19549156578289,-0.06477869230700016,0.0011189401988458067,2.1398319777719346
-41.16606844422211,-0.0646487399506753,0.0011188156340374792,2.1409540027516716
-41.13664532266133,-0.06451150208140483,0.0011028344405326978,2.142077632795561
-41.107222201100555,-0.06437309226494112,0.001092516335806193,2.1432028713501494
-41.07779907953977,-0.06423304784082323,0.0010950766887735496,2.14432972187186
-41.04837595797899,-0.06409621158120044,0.0011005358591829402,2.145458187827025
-41.01895283641821,-0.06395847296666315,0.001091066110347097,2.146588272691922
-40.989529714857426,-0.06381405586008615,0.001071090407222382,2.147719979952811
-40.96010659329665,-0.0636664712728895,0.0010681485311635273,2.1488533131059673
-40.93068347173587,-0.0635304671988757,0.00108560215284006,2.1499882756577224
-40.90126035017509,-0.06338750226152691,0.0010829546807873856,2.1511248711244946
-40.87183722861431,-0.06323426050828736,0.0010649676098270938,2.1522631030328294
-40.84241410705353,-0.06308647119599045,0.0010459594351165452,2.1534029749194334
-40.812990985492746,-0.06294641840710558,0.001028725956524632,2.154544490331213
-40.783567863931964,-0.06279923244832356,0.0010350697844123968,2.1556876528253097
-40.75414474237118,-0.06264227039572363,0.0010342010691722404,2.156832465969137
-40.724721620810406,-0.06248086761463176,0.0010126706437009235,2.1579789333404187
-40.69529849924963,-0.06232106220985616,0.000988634268822676,2.159127058527226
-40.66587537768885,-0.06216983862560026,0.000974036775778509,2.160276845128014
-40.63645225612807,-0.06202190596580463,0.0009627088593256318,2.161428296751659
-40.607029134567284,-0.061868030525279456,0.000947517683169356,2.162581417017498
-40.5776060130065,-0.06172399367694114,0.0009401487561556504,2.1637362095553656
-40.54818289144572,-0.061583181065137424,0.0009259881682201066,2.1648926780056317
-40.518759769884944,-0.06143043802439552,0.0009192815149941695,2.1660508260192395
-40.48933664832416,-0.06128259488496058,0.0009198429386829231,2.1672106572577468
-40.45991352676339,-0.06113268459326765,0.0009170100078520287,2.168372175393359
-40.430490405202605,-0.06098160954132591,0.0009033537166252025,2.1695353841089755
-40.40106728364182,-0.06084368956642549,0.0008869750982039178,2.170700287098221
-40.37164416208104,-0.060717065530373066,0.0008826061168062025,2.1718668880654883
-40.34222104052026,-0.06057605246381122,0.0008818584340722492,2.173035190725979
-40.31279791895948,-0.06042981876345055,0.0008775602249766768,2.1742051988057396
-40.2833747973987,-0.060286280681946816,0.0008606389033153276,2.1753769160417034
-40.253951675837925,-0.060136988645843326,0.0008533096267271101,2.176550346181729
-40.22452855427714,-0.05998957838171757,0.0008476167588021566,2.1777254929846412
-40.19510543271636,-0.05985246620467395,0.0008397782948462067,2.1789023602202713
-40.16568231115558,-0.059723697018442906,0.0008305472990589779,2.1800809516694954
-40.136259189594796,-0.05959808073156109,0.0008155811899876633,2.1812612711242783
-40.10683606803401,-0.059467564919780974,0.000798964340643436,2.18244332238771
-40.07741294647324,-0.05933710155245692,0.0007922204744477055,2.1836271092740502
-40.047989824912456,-0.05920868534867153,0.0007869106968716485,2.184812635608768
-40.01856670335168,-0.05906838153177542,0.0007730257440269483,2.185999905228582
-39.9891435817909,-0.05892706922605513,0.0007639660034808026,2.187188921981504
-39.959720460230116,-0.058802881705529435,0.0007561864893063675,2.188379689726878
-39.930297338669334,-0.05868582213481786,0.0007553109611802887,2.1895722123354244
-39.90087421710855,-0.05856026442852095,0.0007580450861090631,2.1907664936892792
-39.871451095547776,-0.05843145775619478,0.0007497010945298772,2.1919625376820395
-39.842027973986994,-0.05830523737836296,0.0007317785548040102,2.1931603482188025
-39.81260485242622,-0.058177346220373,0.000717033358327024,2.19435992921621
-39.78318173086544,-0.05803920607727926,0.0007085535682889339,2.195561284602492
-39.753758609304654,-0.05790115724262347,0.0006995224379286936,2.196764418317505
-39.72433548774387,-0.057775826956193155,0.0006812812277840002,2.1979693343127815
-39.69491236618309,-0.057647181999797,0.0006642796576004442,2.1991760365515685
-39.66548924462231,-0.057520882538121446,0.00066127851646256,2.2003845290088715
-39.63606612306153,-0.057401516002548475,0.0006607751281983337,2.201594815671501
-39.60664300150075,-0.05727757017057941,0.0006532494379800571,2.2028069005381132
-39.577219879939975,-0.0571439720281396,0.0006350841404873625,2.2040207876192563
-39.54779675837919,-0.05700592854976862,0.0006133096449163704,2.2052364809374123
-39.51837363681841,-0.056870756168235684,0.000595727238879309,2.2064539845270446
-39.48895051525763,-0.05675349682233325,0.0005915894924343499,2.207673302434639
-39.459527393696845,-0.05663549858013733,0.0005889165201066375,2.208894438718752
-39.43010427213607,-0.05651241379211344,0.0005844747841490852,2.2101173974500523
-39.40068115057529,-0.0564008308860655,0.0005733930190287654,2.2113421827113706
-39.37125802901451,-0.05628921999555479,0.0005685526435565087,2.21256879859774
-39.34183490745373,-0.05617700627319973,0.0005691658373812597,2.213797249216446
-39.31241178589295,-0.056067994360146964,0.0005675106119757086,2.215027538687069
-39.282988664332166,-0.05595906694613624,0.0005608812249943601,2.216259671141532
-39.25356554277138,-0.05584736914166167,0.0005526464120576012,2.2174936507241467
-39.22414242121061,-0.05574066212720918,0.0005441091710629516,2.21872948159166
-39.194719299649826,-0.05564454723578542,0.0005397331249482757,2.2199671679133
-39.16529617808905,-0.05555492057913927,0.0005400878204613527,2.221206713870825
-39.13587305652827,-0.055470053749022905,0.0005401609920656395,2.222448123658567
-39.106449934967486,-0.05538379890687434,0.0005360212654982012,2.2236914014834817
-39.077026813406704,-0.0552927006484018,0.0005254681445820536,2.224936551565196
-39.04760369184592,-0.05520395839721659,0.0005113370443380294,2.226183578136055
-39.01818057028514,-0.05512205304882167,0.0005039733042945177,2.2274324854411685
-38.988757448724364,-0.05503847512764675,0.0005018835043961642,2.2286832777384618
-38.95933432716358,-0.05495882320644699,0.0004990955057482355,2.2299359592987242
-38.92991120560281,-0.054879719532239635,0.0004933730260696306,2.2311905344056546
-38.900488084042024,-0.054800051891587286,0.0004901648607497377,2.2324470073559124
-38.87106496248124,-0.054731020278563795,0.00048237685452795807,2.2337053824591675
-38.84164184092046,-0.054667402549055416,0.00047136628991106545,2.234965664038147
-38.81221871935968,-0.05460195951240742,0.00046064190362821465,2.236227856428686
-38.7827955977989,-0.05453390748717864,0.00045159347716783863,2.2374919639797786
-38.75337247623812,-0.05446771634106642,0.0004437082022400467,2.238757991053626
-38.723949354677345,-0.054406875712757756,0.00043631716426482275,2.2400259420256865
-38.69452623311656,-0.05434720677618716,0.00042787538295378883,2.2412958212847283
-38.66510311155578,-0.054295480913049504,0.000425517232617828,2.242567633232877
-38.635679989995,-0.0542410990124632,0.0004215576448293024,2.243841382285669
-38.606256868434215,-0.05419403685228093,0.0004205452355676367,2.2451170728721017
-38.57683374687343,-0.054155919151818485,0.000419508790603512,2.246394709434684
-38.54741062531266,-0.05412326058658552,0.00041559783068219574,2.2476742964294885
-38.517987503751876,-0.05409349050555322,0.0004083246497756852,2.2489558383262045
-38.4885643821911,-0.054064955332682976,0.0003990201403546806,2.250239339608188
-38.45914126063032,-0.05403860263891291,0.0003940348183582131,2.2515248047725156
-38.429718139069536,-0.054012988779914936,0.0003981468242772043,2.252812238330036
-38.40029501750875,-0.053991834286834545,0.0003958585252322323,2.2541016448054236
-38.37087189594797,-0.05397530667070688,0.00039632003843597524,2.2553930287372297
-38.341448774387196,-0.05395594034476135,0.00040410111943416246,2.2566863946779385
-38.312025652826414,-0.05393558322859411,0.0004100060058057184,2.2579817471940187
-38.28260253126564,-0.05391669982049681,0.00041248824074987677,2.2592790908659777
-38.253179409704856,-0.05390076004888991,0.0004162759624748693,2.260578430288416
-38.223756288144074,-0.053883091989588947,0.0004199984532282304,2.2618797700700806
-38.19433316658329,-0.053853607118688945,0.00041354910509314917,2.26318311483392
-38.16491004502251,-0.053820399092696994,0.00041287400799765265,2.264488469217139
-38.13548692346173,-0.0537892274253588,0.00041843933561519736,2.265795837871253
-38.10606380190095,-0.05375979031911465,0.000429855102601265,2.267105225462145
-38.07664068034018,-0.05373015336515208,0.00044517348404195505,2.268416636670119
-38.047217558779394,-0.053705472471197724,0.00045697186280001825,2.269730076189958
-38.01779443721861,-0.053684702421250716,0.0004654137717145056,2.2710455487309766
-37.98837131565783,-0.05366313739836173,0.0004733168863616671,2.272363059017081
-37.95894819409705,-0.05363960205112979,0.00047854839396665067,2.273682611786824
-37.929525072536265,-0.05362138795260545,0.00047732331724027955,2.2750042117934606
-37.90010195097549,-0.05360499300938445,0.00047507869472179125,2.2763278638050073
-37.87067882941471,-0.05359603445804991,0.00047638229541768274,2.2776535726042986
-37.84125570785393,-0.05359285790032639,0.0004825251672777422,2.278981342989043
-37.81183258629315,-0.05359038869219862,0.000491780704050346,2.280311179771884
-37.78240946473237,-0.05358846962211808,0.0004991039101521201,2.281643087780455
-37.752986343171585,-0.05358797434441276,0.0005040596000157255,2.2829770718574403
-37.7235632216108,-0.05358846204336917,0.0005096724007852129,2.284313136860632
-37.69414010005003,-0.053586723085055285,0.0005135351332872265,2.2856512876629904
-37.664716978489245,-0.05358753026949292,0.0005135768563427091,2.2869915291527025
-37.63529385692847,-0.05358949516399254,0.0005166618756739705,2.28833386623324
-37.60587073536769,-0.05359681223501459,0.0005214646408093682,2.2896783038234227
-37.576447613806906,-0.05360635589036104,0.0005256666316428422,2.291024846857476
-37.54702449224612,-0.053614017514399134,0.0005288992218073531,2.292373500285091
-37.51760137068534,-0.053616507575908634,0.0005342038723141521,2.293724269071487
-37.48817824912456,-0.053611904798966006,0.0005437109145944659,2.29507715819747
-37.458755127563784,-0.05360000436247958,0.0005518433961491646,2.2964321726594967
-37.429332006003,-0.05359458824917164,0.0005558743729995858,2.297789317469734
-37.399908884442226,-0.0535967575966719,0.0005615850662686723,2.2991485976561217
-37.370485762881444,-0.053597263583041316,0.0005663671610128176,2.3005100182624343
-37.34106264132066,-0.05359948480110101,0.0005684338896893222,2.3018735843483427
-37.31163951975988,-0.05360269740690931,0.0005725693396315873,2.3032393009894783
-37.2822163981991,-0.053603948897318864,0.0005765507050162414,2.304607173277495
-37.25279327663832,-0.053599323563361376,0.0005747914471524985,2.3059772063201325
-37.22337015507754,-0.053589218221269844,0.0005680261898624009,2.307349405241281
-37.193947033516764,-0.053573761644905266,0.0005588720854744622,2.3087237751810425
-37.16452391195598,-0.05356148823461342,0.0005507599938629199,2.3101003212957987
-37.1351007903952,-0.053552804861294656,0.0005460956899858073,2.3114790487582724
-37.10567766883442,-0.053549805560047174,0.0005376753813719713,2.3128599627575928
-37.076254547273635,-0.053545999298844654,0.0005246059854572833,2.3142430684993625
-37.04683142571285,-0.053534773694933424,0.0005103209948399249,2.3156283712057197
-37.01740830415208,-0.05351707061283911,0.0004987822452120886,2.3170158761154074
-36.987985182591295,-0.05349887441759903,0.000492595991662541,2.3184055884838375
-36.95856206103052,-0.053483158881603876,0.0004889178217584107,2.319797513583157
-36.92913893946974,-0.05346618868359956,0.0004788543695663496,2.3211916567023154
-36.899715817908955,-0.05344774201776319,0.00046565457680316916,2.322588023147132
-36.87029269634817,-0.053430633936264176,0.0004606788107952194,2.323986618240361
-36.84086957478739,-0.05342259407958387,0.00046010159864948717,2.325387447321762
-36.811446453226615,-0.05342377621265139,0.0004616873864735579,2.3267905157481663
-36.78202333166583,-0.05342843002138404,0.0004650707789847438,2.328195828893547
-36.75260021010506,-0.05343081645973927,0.0004703478275064193,2.329603392149084
-36.723177088544276,-0.05342896034307024,0.0004795880506441551,2.3310132109232367
-36.69375396698349,-0.05342509929121349,0.000495345433593414,2.3324252906418113
-36.66433084542271,-0.05342664347754985,0.0005133525328133108,2.3338396367480305
-36.63490772386193,-0.05343396525249358,0.0005206124201817767,2.3352562547026037
-36.605484602301146,-0.05344408395917394,0.000520965259767635,2.3366751499837983
-36.57606148074037,-0.053452983592871595,0.0005204890264527439,2.3380963280875084
-36.546638359179596,-0.05346172476437466,0.0005252654885616203,2.3395197945273267
-36.517215237618814,-0.05347352853918515,0.0005354513898377264,2.3409455548346174
-36.48779211605803,-0.053486580050152895,0.0005464234426780074,2.3423736145585847
-36.45836899449725,-0.05349780465536609,0.000557267032571666,2.343803979266346
-36.42894587293647,-0.05350385705284876,0.0005678393187642727,2.345236654543007
-36.399522751375684,-0.05350100487708151,0.0005732058427188745,2.3466716459917283
-36.37009962981491,-0.05349856889168737,0.0005739392490542477,2.3481089592338056
-36.34067650825413,-0.05350272027324275,0.0005723697064451652,2.349548599908738
-36.31125338669335,-0.05351227297847895,0.0005687649718127211,2.350990573674304
-36.28183026513257,-0.05351940117500695,0.0005657046617474679,2.3524348862066344
-36.25240714357179,-0.05352040712766945,0.0005636283857264243,2.3538815432002886
-36.222984022011005,-0.053517445884138135,0.0005621789316303423,2.3553305503683264
-36.19356090045022,-0.05351618117969636,0.0005644843819783052,2.356781913442387
-36.16413777888945,-0.05351465649638587,0.0005667252212450939,2.35823563817276
-36.134714657328665,-0.05350884956607123,0.0005648779059679769,2.359691730328468
-36.10529153576789,-0.05350241125085599,0.0005608633889423943,2.361150195697335
-36.07586841420711,-0.0534957828292265,0.0005541947171528256,2.36261104008607
-36.046445292646325,-0.05348924197729311,0.000545289776377691,2.364074269320338
-36.01702217108554,-0.05348152253980169,0.0005392246470316482,2.365539889244843
-35.98759904952476,-0.05347142604236535,0.000540719942437069,2.3670079057234026
-35.95817592796398,-0.053457402617062444,0.0005472269806431008,2.3684783246390255
-35.9287528064032,-0.053439737198691536,0.0005499065998795205,2.3699511518939937
-35.89932968484242,-0.05342970518326194,0.0005467795621552275,2.3714263934099375
-35.869906563281646,-0.05343110594028962,0.0005424977724232621,2.372904055127918
-35.84048344172086,-0.05343245429059216,0.0005376063286107326,2.3743841430085046
-35.81106032016008,-0.05343221655432913,0.0005317582940815544,2.3758666630318563
-35.7816371985993,-0.053431793383208415,0.0005270072690794465,2.3773516211978016
-35.752214077038516,-0.05343179327187034,0.0005251846168669059,2.37883902352592
-35.72279095547774,-0.053431960271247615,0.0005263279285801857,2.380328876055623
-35.69336783391696,-0.05343338616328151,0.0005302605228313448,2.3818211848462374
-35.663944712356184,-0.05343311450405619,0.0005339342595158807,2.3833159559770833
-35.6345215907954,-0.05343109118614216,0.0005351233040036476,2.384813195547562
-35.60509846923462,-0.05343483365833707,0.0005335508518303485,2.386312909677235
-35.57567534767384,-0.05344390734763217,0.0005272636694631126,2.3878151045059086
-35.546252226113054,-0.05345302698885587,0.0005202708096946788,2.3893197861937185
-35.51682910455227,-0.05345622486418374,0.0005173429150150062,2.390826960921213
-35.4874059829915,-0.05345095100757856,0.0005185968340663614,2.3923366348894373
-35.457982861430715,-0.053440744277443594,0.0005217004131471718,2.39384881432002
-35.42855973986994,-0.05343317572415093,0.0005266214150095422,2.3953635054552573
-35.39913661830916,-0.053425637437648096,0.000522428665967183,2.3968807145582005
-35.369713496748375,-0.05342050358582545,0.000515211879108787,2.3984004479127394
-35.34029037518759,-0.05341956357990363,0.0005094653406707717,2.399922711823692
-35.31086725362681,-0.053418520011027065,0.0005062000076922998,2.4014475126168895
-35.281444132066035,-0.05341391273326856,0.000505030968447893,2.4029748566392657
-35.25202101050525,-0.0534086438349636,0.0005048547216405652,2.4045047502589445
-35.22259788894448,-0.053407007258984535,0.0005054248382536258,2.406037199865327
-35.193174767383695,-0.05340368326385207,0.000502435691331431,2.4075722118691836
-35.16375164582291,-0.05340038317320689,0.0004994911988039614,2.40910979270274
-35.13432852426213,-0.05339710357244895,0.0004990386991831682,2.410649948819768
-35.10490540270135,-0.053392378028158126,0.0004998460216970672,2.4121926866956773
-35.07548228114057,-0.0533858117104785,0.0004954244597578618,2.413738012827605
-35.04605915957979,-0.05337861243833393,0.000490537440297727,2.415285933734508
-35.016636038019016,-0.0533721969165801,0.0004931876316303422,2.416836455957251
-34.98721291645823,-0.05336557711396031,0.0005030897753436523,2.4183895860587046
-34.95778979489745,-0.053354533166766416,0.0005097970485024954,2.4199453306238325
-34.92836667333667,-0.05334288464395308,0.0005101215119212389,2.421503696259787
-34.898943551775886,-0.05333732984555671,0.0005090756654469133,2.4230646895960026
-34.869520430215104,-0.05333875484974514,0.0005051310961286113,2.4246283172842897
-34.84009730865433,-0.05333589250668196,0.0005017132412551678,2.4261945859989282
-34.81067418709355,-0.05332651985385174,0.0005001408607148617,2.427763502436765
-34.78125106553277,-0.0533115832249513,0.0005023643321777302,2.429335073317306
-34.75182794397199,-0.05329584002339371,0.0005056964144407389,2.430909305382815
-34.72240482241121,-0.05328317759897195,0.000506469423010827,2.432486205398407
-34.692981700850424,-0.053275105551683924,0.000506061240312143,2.43406578015215
-34.66355857928964,-0.05327056181356816,0.000508211921422165,2.4356480364551563
-34.63413545772887,-0.05326711010466387,0.0005079281756812428,2.4372329811416846
-34.604712336168085,-0.05326094045847203,0.0005070915620228295,2.438820621069239
-34.57528921460731,-0.053255838409827144,0.0005046135541633429,2.4404109631186635
-34.54586609304653,-0.053250013432216664,0.0005020586645970815,2.442004014194246
-34.516442971485745,-0.05324139452405617,0.0005015267113186849,2.4435997812238157
-34.48701984992496,-0.05322883136264472,0.0005044358397689984,2.4451982711588434
-34.45759672836418,-0.05321127773073038,0.0005083062648561838,2.4467994909745436
-34.4281736068034,-0.053195757794611026,0.0005133356042134067,2.4484034476699765
-34.39875048524262,-0.05319091431191914,0.0005174217338365353,2.450010148268148
-34.36932736368184,-0.05318784994983668,0.000513403394831628,2.4516195998161128
-34.339904242121065,-0.05318335431632397,0.0005070222230360012,2.4532318093850787
-34.31048112056028,-0.053175418498130955,0.0005025187808652232,2.45484678407051
-34.2810579989995,-0.05316410355557259,0.0005023378125805706,2.4564645309922293
-34.25163487743872,-0.053152845757710884,0.0005046615706294585,2.458085057294524
-34.222211755877936,-0.0531442679122121,0.0005058181313085388,2.459708370146252
-34.19278863431716,-0.05313693254120936,0.0005037102540592269,2.4613344767409457
-34.16336551275638,-0.05313040182172797,0.000503358835793226,2.4629633842969203
-34.1339423911956,-0.05312412458412562,0.0005051237415274108,2.4645951000573776
-34.10451926963482,-0.05311433780989204,0.0005037989024571626,2.466229631290518
-34.07509614807404,-0.0531070274310846,0.0004997588147094649,2.467866985289643
-34.045673026513256,-0.05310216940357716,0.0004940294578839016,2.4695071693732675
-34.016249904952474,-0.05309551078952275,0.0004892815571049266,2.4711501908852274
-33.98682678339169,-0.05308686017862892,0.00048675708011427864,2.47279605719479
-33.95740366183092,-0.05307926084826525,0.00048714019962435546,2.4744447756967625
-33.92798054027014,-0.05307184227533892,0.0004893586933515775,2.476096353811605
-33.89855741870936,-0.05307035734886369,0.0004928630481715879,2.4777507989855403
-33.86913429714858,-0.0530728875509793,0.0004892320362211961,2.479408118690667
-33.839711175587794,-0.05307050029847097,0.0004898741938414332,2.4810683204250688
-33.81028805402701,-0.05306215124007379,0.0004934157624796952,2.482731411712933
-33.78086493246623,-0.053052530267125586,0.0004938366292371559,2.484397400104659
-33.751441810905455,-0.05304509559076161,0.0004898255362368953,2.4860662931769757
-33.72201868934467,-0.0530391953773248,0.00048603100066622586,2.4877380985330553
-33.6925955677839,-0.05303145654045665,0.0004881774301323289,2.489412823802628
-33.663172446223115,-0.05301961459845678,0.0004953187412998168,2.4910904766421007
-33.63374932466233,-0.05300527691882868,0.0005027358592115513,2.4927710647346704
-33.60432620310155,-0.05299554265685748,0.0005064997419360775,2.4944545957904434
-33.57490308154077,-0.05299051669580449,0.0005089167818280866,2.4961410775465525
-33.54547995997999,-0.05298530713884492,0.0005112986811638412,2.4978305177672757
-33.51605683841921,-0.05297417258763151,0.0005185527249733623,2.4995229242441566
-33.486633716858435,-0.0529582669891874,0.0005313858746202526,2.501218304796122
-33.45721059529765,-0.05294156364107491,0.0005427358405241284,2.5029166672696035
-33.42778747373687,-0.05292643381235945,0.0005454453256818046,2.5046180195386585
-33.39836435217609,-0.052916141106447545,0.0005499597479842144,2.506322369505092
-33.368941230615306,-0.052898367373524276,0.0005636352797228713,2.5080297250985786
-33.339518109054524,-0.05287724244539174,0.0005747670569156286,2.509740094276785
-33.31009498749375,-0.05285945911841641,0.0005779504283681017,2.511453485025495
-33.280671865932966,-0.05284679914141709,0.0005746318113259905,2.513169905358733
-33.25124874437219,-0.052837411188035456,0.0005698571174929353,2.514889363318888
-33.22182562281141,-0.052828031996188615,0.0005677509072981781,2.516611866976842
-33.192402501250626,-0.052814825302017,0.000567409828819042,2.518337424432093
-33.162979379689844,-0.052796505253771664,0.000565068267963547,2.5200660438128835
-33.13355625812906,-0.052779751984399166,0.0005620799947271782,2.521797733276328
-33.10413313656829,-0.05276331150478723,0.0005555951763617738,2.523532501008542
-33.074710015007504,-0.0527514178222776,0.0005474104477788662,2.5252703552247704
-33.04528689344673,-0.052740338565795894,0.000536063999870572,2.527011304169516
-33.01586377188595,-0.0527279623166854,0.0005221297762482903,2.5287553561166725
-32.986440650325164,-0.05271661388309076,0.0005095518860936043,2.5305025193696524
-32.95701752876438,-0.0527096946035013,0.0005014723126564165,2.532252802261522
-32.9275944072036,-0.052704288784553896,0.0004945468935421194,2.5340062131551306
-32.89817128564282,-0.052701672158637455,0.0004934491488370501,2.5357627604432476
-32.86874816408204,-0.052692976575833765,0.0004935866856863508,2.5375224525486915
-32.83932504252126,-0.052682170140800885,0.0004909146513590348,2.5392852979244704
-32.809901920960485,-0.05266961561701085,0.0004907482898076982,2.5410513050539114
-32.7804787993997,-0.052655967398196085,0.00049371802302787,2.542820482450802
-32.75105567783892,-0.0526435889084079,0.0004978717790923184,2.5445928386595216
-32.72163255627814,-0.052634999713034925,0.0005023708092557494,2.5463683822551846
-32.692209434717356,-0.052629426045149474,0.0005074018486161281,2.548147121843774
-32.66278631315658,-0.05261983502584485,0.0005094649966872554,2.549929066062282
-32.6333631915958,-0.052616222085387805,0.0005161123212208538,2.5517142235788532
-32.60394007003502,-0.052612937583015246,0.0005235852316174699,2.553502603092919
-32.57451694847424,-0.052601777593427795,0.0005311458111252729,2.555294213335344
-32.54509382691346,-0.05258837405900452,0.0005380054386994581,2.557089063068565
-32.515670705352676,-0.05257437486233728,0.0005452068320243999,2.558887161086735
-32.486247583791894,-0.05255981392299104,0.0005521980574948108,2.5606885162158677
-32.45682446223111,-0.052546410708782396,0.0005580220753170544,2.56249313731398
-32.427401340670336,-0.05253517887974593,0.0005614631384025431,2.5643010332712386
-32.39797821910956,-0.052527274792624604,0.0005672807301248811,2.566112213010106
-32.36855509754878,-0.05251480525194722,0.000578613071803296,2.567926685485487
-32.339131975987996,-0.05249919252917898,0.0005862665553465061,2.5697444596848755
-32.309708854427214,-0.052482474641937824,0.0005867260852172833,2.5715655446285037
-32.28028573286643,-0.05246372586272296,0.0005895362322523484,2.5733899493694916
-32.25086261130565,-0.052444231032972986,0.0005994310519260463,2.5752176829939954
-32.221439489744874,-0.05242670484974372,0.0006109227930336157,2.577048754621361
-32.19201636818409,-0.052412919662678845,0.0006161268508199744,2.5788831734042743
-32.16259324662332,-0.05240405356940525,0.000617701319381895,2.5807209485289113
-32.133170125062534,-0.052389798939362874,0.0006194549671960335,2.582562089215097
-32.10374700350175,-0.05237113411788473,0.0006140837247361896,2.584406604716454
-32.07432388194097,-0.0523565789381461,0.000615933692067355,2.5862545043205603
-32.04490076038019,-0.05234702171004993,0.0006233469409797013,2.588105797349105
-32.01547763881941,-0.05233335800261912,0.0006313047329093755,2.589960493158044
-31.98605451725863,-0.05231597641835089,0.0006328557212414705,2.591818601137761
-31.95663139569785,-0.05229959547094423,0.0006289466093478345,2.5936801307132193
-31.92720827413707,-0.05228242449326172,0.0006220173100596813,2.5955450913441287
-31.89778515257629,-0.05226610606307168,0.0006179189752131324,2.5974134925251007
-31.868362031015508,-0.052249370056788355,0.0006126159533074804,2.599285343785811
-31.83893890945473,-0.052227033601574095,0.0005998554372783562,2.6011606546911628
-31.809515787893947,-0.052199012518853505,0.0005908745043538982,2.603039434841447
-31.780092666333168,-0.052175366737255154,0.0005824803135279853,2.6049216938725093
-31.750669544772386,-0.052157998749342654,0.000575501306818262,2.606807441455912
-31.721246423211607,-0.052145296491508966,0.0005721991355677965,2.608696687299102
-31.691823301650828,-0.052133680554867196,0.000571818348986323,2.6105894411455757
-31.662400180090046,-0.0521122604655943,0.0005649621211436205,2.612485712775047
-31.632977058529267,-0.05208168188264211,0.0005553293981855173,2.614385512003616
-31.603553936968485,-0.052062071631092235,0.000548086024871176,2.6162888486839386
-31.574130815407706,-0.05204738913380022,0.0005431090580713297,2.6181957327053955
-31.544707693846924,-0.05203365371152385,0.0005395386652540762,2.620106173994266
-31.515284572286145,-0.05202252838709737,0.0005375169967279205,2.6220201825138965
-31.485861450725363,-0.05201348295181393,0.0005398338810988053,2.6239377682648777
-31.456438329164584,-0.052008045256680645,0.0005446873852782695,2.625858941285216
-31.4270152076038,-0.052010290505965,0.0005483491566219362,2.6277837116505105
-31.397592086043023,-0.05201569015775742,0.0005465998411578647,2.6297120894741273
-31.36816896448224,-0.05201780052211199,0.0005503669033313271,2.6316440849073777
-31.338745842921462,-0.05201748381760127,0.0005571937932385028,2.6335797081396963
-31.309322721360683,-0.05201159269092294,0.0005641497679580228,2.6355189693988206
-31.2798995997999,-0.05201010184604429,0.000566745280161174,2.63746187895097
-31.250476478239122,-0.05201495481595569,0.0005689212582060171,2.6394084471010273
-31.22105335667834,-0.05201946621909498,0.0005729241911805973,2.6413586841927215
-31.19163023511756,-0.05201759715607829,0.0005736697669913098,2.6433126006088106
-31.16220711355678,-0.05201607498176668,0.0005731847986951302,2.6452702067712663
-31.132783991996,-0.0520147223773724,0.0005784309891003073,2.6472315131414574
-31.103360870435218,-0.052007457004471416,0.0005807792860139893,2.64919653022034
-31.07393774887444,-0.052001587557822374,0.0005761410493029326,2.65116526854864
-31.044514627313657,-0.05199295425338466,0.0005722569770564398,2.6531377387070463
-31.015091505752878,-0.05197995828962154,0.000572572895948652,2.655113951316397
-30.985668384192095,-0.051966243151587196,0.0005718720178216829,2.657093917037871
-30.956245262631317,-0.05195335444666081,0.0005668805781163371,2.6590776465731802
-30.926822141070538,-0.05194243681982538,0.0005602767132573671,2.661065150664763
-30.897399019509756,-0.051934103979515964,0.0005562208708046252,2.663056440095976
-30.867975897948977,-0.051920943180337395,0.0005555326323336418,2.665051525691291
-30.838552776388195,-0.05190781201253132,0.0005456736402171657,2.667050418316489
-30.809129654827416,-0.05189775324862152,0.0005427333369937687,2.6690531288788613
-30.779706533266634,-0.05188942038322882,0.0005455292017960668,2.6710596683274033
-30.750283411705855,-0.05188119693716824,0.0005449422251542146,2.6730700476530167
-30.720860290145072,-0.05186934718785596,0.0005406514233654288,2.6750842778887103
-30.691437168584294,-0.051853992924012174,0.0005379923857450622,2.6771023701098007
-30.66201404702351,-0.051838009072413004,0.0005368014219004705,2.6791243354341163
-30.632590925462733,-0.0518279420898835,0.0005333068754601569,2.6811501850221995
-30.60316780390195,-0.05182041592453681,0.0005281462546653793,2.6831799300775154
-30.57374468234117,-0.051808098650776936,0.0005293245955688266,2.6852135818466554
-30.544321560780393,-0.05179514479041368,0.0005274557036880721,2.687251151619545
-30.51489843921961,-0.05178024306472235,0.0005233142805343714,2.689292650729657
-30.485475317658832,-0.05176428531670253,0.0005192765973787216,2.6913380905542135
-30.45605219609805,-0.05174907758416207,0.0005165519696219744,2.6933874825144066
-30.42662907453727,-0.05173398469480685,0.0005152740881001324,2.6954408380756028
-30.39720595297649,-0.051718146572891914,0.0005136824964330789,2.697498168747563
-30.36778283141571,-0.05171032965270795,0.0005047729291352661,2.6995594860846532
-30.338359709854927,-0.05170847932920451,0.0004929907502531287,2.7016248016860644
-30.30893658829415,-0.05170540392485441,0.0004930333210855373,2.7036941271960266
-30.279513466733366,-0.051706157360493776,0.0004928832282842519,2.7057674743040305
-30.250090345172588,-0.05170531433263748,0.0004929551841959448,2.7078448547450455
-30.220667223611805,-0.05170346420650747,0.0004932736375875234,2.7099262802997437
-30.191244102051026,-0.05170454856076469,0.0004921555878852819,2.7120117627947193
-30.161820980490248,-0.051710055461746014,0.0004867762786447951,2.7141013141027157
-30.132397858929465,-0.05171872557253605,0.00047694264117839033,2.7161949461428483
-30.102974737368687,-0.05172950318121558,0.00047150840993336285,2.718292670880832
-30.073551615807904,-0.051742239458745974,0.0004693693017705379,2.7203945003292116
-30.044128494247126,-0.051756576643488025,0.00046281926539532405,2.722500446547586
-30.014705372686343,-0.05176703082154677,0.0004570345288198507,2.7246105216428442
-29.985282251125565,-0.051769906633627405,0.00045645535017962085,2.726724737769392
-29.955859129564782,-0.05177033548946562,0.00045421333959452993,2.728843107129392
-29.926436008004003,-0.05177487842633607,0.0004452219952501681,2.7309656419729906
-29.89701288644322,-0.05178854679740251,0.0004449319124996223,2.7330923545985613
-29.867589764882442,-0.05179690537130446,0.00045154816358398736,2.7352232573529367
-29.83816664332166,-0.05179164644890901,0.000449288728319064,2.7373583626316518
-29.80874352176088,-0.051787268236468814,0.0004431136185424293,2.73949768287918
-29.779320400200103,-0.05178364974245652,0.0004419764497890766,2.7416412305891793
-29.74989727863932,-0.05178315885811306,0.00044563559664119023,2.7437890183047324
-29.72047415707854,-0.05178619079745455,0.0004520716328723164,2.7459410586185924
-29.69105103551776,-0.05179149871273761,0.00045989602206732713,2.748097364173429
-29.66162791395698,-0.051797737644860016,0.00046849504850323895,2.7502579476620763
-29.632204792396198,-0.05180129354634206,0.0004739998804069518,2.7524228218277806
-29.60278167083542,-0.051806207028413986,0.0004795828706343792,2.7545919994644525
-29.573358549274637,-0.05181530446484986,0.000488141500715057,2.7567654934169186
-29.54393542771386,-0.05181878356123344,0.0004943132492852398,2.758943316581173
-29.514512306153076,-0.05181753601349181,0.0004911871270384558,2.761125481904637
-29.485089184592297,-0.05181977772027874,0.00048809712687075137,2.7633120023864093
-29.455666063031515,-0.051830673129313595,0.0004961346547817881,2.7655028910775306
-29.426242941470736,-0.051841716815849176,0.0005088480018228491,2.767698161081238
-29.396819819909958,-0.05184814194035716,0.0005178651739090537,2.7698978255532296
-29.367396698349175,-0.05185044382767276,0.0005248646084468564,2.7721018977019263
-29.337973576788396,-0.05185083163683343,0.0005279400642312422,2.7743103907887345
-29.308550455227614,-0.05185423560484421,0.0005292915846260743,2.7765233181283158
-29.279127333666835,-0.051860760603954795,0.0005300201578541592,2.7787406930888507
-29.249704212106053,-0.05186747219230634,0.0005312473458456199,2.78096252909231
-29.220281090545274,-0.05187043928402823,0.0005358578107881798,2.7831888396147253
-29.190857968984492,-0.05187324447232437,0.000541811726338062,2.785419638186461
-29.161434847423713,-0.051882301649896635,0.0005451013103566451,2.7876549383924885
-29.13201172586293,-0.05189319930972598,0.0005500801339368941,2.789894753872662
-29.102588604302152,-0.05189951611471534,0.0005590725682876123,2.7921390983219965
-29.07316548274137,-0.05190292082357671,0.0005652038849742074,2.7943879854909466
-29.04374236118059,-0.0519085554399568,0.0005679270067163014,2.796641429185686
-29.014319239619812,-0.05191814550142178,0.000567717460651481,2.7988994432683922
-28.98489611805903,-0.05193135545163793,0.000564747001399135,2.80116204165753
-28.95547299649825,-0.05194512166510565,0.0005610470677843582,2.803429238328136
-28.92604987493747,-0.051956800721472456,0.0005575397107679904,2.805701047312109
-28.89662675337669,-0.0519660183634635,0.0005499003542906733,2.8079774826984965
-28.867203631815908,-0.051977051749434636,0.0005420059942827596,2.8102585586337896
-28.83778051025513,-0.05199294429608337,0.0005325644066765987,2.812544289322211
-28.808357388694347,-0.05200683838600685,0.0005272366171586565,2.8148346890260156
-28.778934267133568,-0.052012077483409164,0.0005281392133755168,2.817129772065783
-28.749511145572786,-0.05201670770036468,0.0005269588226863135,2.8194295528207167
-28.720088024012007,-0.05202530174813694,0.0005185938888393121,2.8217340457289457
-28.690664902451225,-0.052035356304226,0.0005049093830647246,2.8240432652878265
-28.661241780890446,-0.05204711759058321,0.0004959505160707548,2.826357226054245
-28.631818659329667,-0.05205908376107214,0.0004913578294156083,2.8286759426449253
-28.602395537768885,-0.05206421633344732,0.0004876554819608324,2.8309994297367354
-28.572972416208106,-0.052065314332409324,0.0004838964884755475,2.8333277020669976
-28.543549294647324,-0.05206281204854042,0.000481374856325398,2.8356607744338
-28.514126173086545,-0.05205671387206411,0.00048096196054622125,2.8379986616963095
-28.484703051525763,-0.05205167142370301,0.00048092720679867527,2.8403413787750895
-28.455279929964984,-0.052050335941415296,0.000479893833513023,2.842688940652413
-28.425856808404202,-0.05205011785604722,0.0004762989942809367,2.8450413623725876
-28.396433686843423,-0.05205073609246717,0.0004729603076632413,2.8473986590422715
-28.36701056528264,-0.05204675532859505,0.00046791586166973866,2.8497608458308004
-28.337587443721862,-0.052044705847218486,0.0004650692457545486,2.8521279379705105
-28.30816432216108,-0.052042923434423446,0.0004674512309115161,2.8544999507570687
-28.2787412006003,-0.052038473584281056,0.00047483278098437316,2.8568768995497997
-28.249318079039522,-0.05203300071071787,0.00048788867287979487,2.8592587997720185
-28.21989495747874,-0.05203231770091521,0.0005029730366547718,2.8616456669113637
-28.19047183591796,-0.05203687872956766,0.0005151431026242978,2.864037516520133
-28.16104871435718,-0.052042296933692125,0.0005246670717449363,2.8664343642156225
-28.1316255927964,-0.05204949979605751,0.0005390523538089097,2.868836225680463
-28.102202471235618,-0.0520556136670034,0.0005488539929007369,2.8712431166629675
-28.07277934967484,-0.052063299112659604,0.0005516259367122201,2.8736550529774694
-28.043356228114057,-0.05207456613763935,0.0005538968715647139,2.876072050504674
-28.013933106553278,-0.05208910706130511,0.0005543583278260293,2.878494125192003
-27.984509984992496,-0.052103540281005015,0.000556063907717204,2.8809212930539485
-27.955086863431717,-0.052118424163920485,0.0005622394894455972,2.883353570172424
-27.925663741870935,-0.0521344590736984,0.0005694097548761248,2.8857909726971203
-27.89624062031016,-0.05215142060348363,0.0005714266228648412,2.8882335168458613
-27.866817498749377,-0.052169262786313446,0.0005656204043022809,2.890681218904968
-27.837394377188595,-0.05218406333677658,0.0005588750972782231,2.893134095229615
-27.807971255627812,-0.05219756448528588,0.0005537089298390798,2.8955921622441982
-27.778548134067037,-0.052214928362074996,0.0005512651243683713,2.8980554364427005
-27.749125012506255,-0.05223720164626067,0.0005496615613115777,2.900523934389062
-27.719701890945473,-0.05225739347852876,0.0005515058239238527,2.902997672717548
-27.69027876938469,-0.05227149772856934,0.0005586424052006091,2.9054766681331263
-27.660855647823915,-0.052277522005223176,0.0005624854788922129,2.9079609374118403
-27.631432526263133,-0.0522842600790986,0.0005672746261636032,2.910450497401191
-27.60200940470235,-0.05229008430355422,0.0005719036461586718,2.9129453650205135
-27.57258628314157,-0.05230333536069667,0.0005705144718422446,2.9154455572613633
-27.543163161580793,-0.05231987767026705,0.000569674823346899,2.9179510911879003
-27.51374004002001,-0.05233578966775443,0.000569471034982652,2.9204619839372796
-27.48431691845923,-0.052346984480856514,0.0005686881272333141,2.9229782527200387
-27.454893796898453,-0.05235207313061481,0.0005676928777986367,2.9254999148204934
-27.42547067533767,-0.052354918254406566,0.0005658052171008104,2.928026987597133
-27.39604755377689,-0.0523585294341842,0.0005559135862629414,2.9305594884830177
-27.366624432216106,-0.052359095441352185,0.0005489081139158973,2.9330974349861796
-27.33720131065533,-0.05236286058236092,0.0005449699408838301,2.935640844690027
-27.30777818909455,-0.05237335129192662,0.0005392930230076109,2.9381897352537516
-27.278355067533766,-0.05238940579438694,0.0005348664886124887,2.940744124412734
-27.248931945972984,-0.05241203616366158,0.0005298536239303997,2.943304029978956
-27.21950882441221,-0.05243320852088891,0.000524479959718463,2.9458694698414165
-27.190085702851427,-0.05244304629948501,0.0005184322722712278,2.9484404619665487
-27.160662581290644,-0.052447173658208016,0.0005129515202616186,2.951017024398635
-27.13123945972987,-0.05246155494873409,0.0005090531959995043,2.9535991752602326
-27.101816338169087,-0.05248055527401704,0.000505955217717371,2.9561869327526002
-27.072393216608305,-0.05250156831785288,0.0005046006042659972,2.9587803151561203
-27.042970095047522,-0.05252311502115056,0.000505624440851263,2.961379340830734
-27.013546973486747,-0.052543959803846844,0.0005085532990890059,2.9639840282163723
-26.984123851925965,-0.05256120444740026,0.0005124889294498739,2.9665943958333947
-26.954700730365182,-0.052575857427938764,0.0005142551720040596,2.9692104622830233
-26.9252776088044,-0.05259368955104002,0.0005136545578435922,2.97183224624779
-26.895854487243625,-0.05260894155041493,0.0005092983770968526,2.974459766491977
-26.866431365682843,-0.0526175511951142,0.0005090307365460337,2.9770930418620685
-26.83700824412206,-0.05262441582551569,0.0005106776332744689,2.9797320912871967
-26.807585122561278,-0.05263453299291995,0.0005084604556261785,2.9823769337796
-26.778162001000503,-0.05264710805824131,0.0005005178084333262,2.9850275884350745
-26.74873887943972,-0.05265502005280574,0.0004959729493044398,2.98768407443344
-26.719315757878938,-0.052658551973813424,0.000497394918879874,2.990346411038997
-26.689892636318163,-0.052660532211848896,0.0004992498616971729,2.9930146176009926
-26.66046951475738,-0.052663115567681384,0.0004979111431481271,2.995688713554095
-26.6310463931966,-0.05266802441728838,0.0004916292732104623,2.9983687184188588
-26.601623271635816,-0.05267888649008947,0.0004833720758136318,3.001054651802203
-26.57220015007504,-0.05268903059536455,0.0004784703471794141,3.003746533397889
-26.54277702851426,-0.05269950769828975,0.0004760626483144617,3.0064443829870022
-26.513353906953476,-0.05270722416206544,0.0004737301019806716,3.0091482204384348
-26.483930785392694,-0.05270989456040192,0.0004716149969185476,3.011858065709376
-26.45450766383192,-0.05271175004657028,0.00047136888607482387,3.0145739388458
-26.425084542271136,-0.05271798092205445,0.00047264631524121086,3.017295859982965
-26.395661420710354,-0.052728272025239414,0.00047479633417919206,3.0200238493459057
-26.36623829914958,-0.0527345480405154,0.00047136803677122615,3.022757927249936
-26.336815177588797,-0.05274627075502944,0.0004652903212124801,3.0254981141011563
-26.307392056028014,-0.05276096203352823,0.0004627093260190646,3.0282444303969562
-26.277968934467232,-0.05276989246639548,0.0004652337955362167,3.030996896726529
-26.248545812906457,-0.0527736843646258,0.0004703308549234833,3.033755533771385
-26.219122691345675,-0.05277926605142319,0.00047436507376314384,3.03652036230587
-26.189699569784892,-0.052787873082147635,0.0004746834202132206,3.039291403197687
-26.16027644822411,-0.052796691780721355,0.0004753152526246985,3.042068677408419
-26.130853326663335,-0.05281222700221974,0.00047818886931298834,3.044852205994061
-26.101430205102552,-0.05282905589875311,0.00047781301988553143,3.0476420101055495
-26.07200708354177,-0.05284949246039711,0.0004772971124542278,3.0504381109893
-26.042583961980988,-0.05286802120331514,0.0004803932963247606,3.053240529987744
-26.013160840420213,-0.052882342473978924,0.0004869952437723238,3.0560492885398745
-25.98373771885943,-0.052896820774855045,0.0004936898296293674,3.0588644081817926
-25.954314597298648,-0.05291488969419396,0.0004993352424652183,3.061685910547255
-25.924891475737873,-0.05293277733085905,0.000503204309176126,3.064513817368231
-25.89546835417709,-0.05295295366073284,0.0005092583040986555,3.0673481504754614
-25.866045232616308,-0.052975338208407025,0.0005135823535850785,3.070188931799016
-25.836622111055526,-0.05299373913928937,0.000520848187230754,3.073036183368863
-25.80719898949475,-0.05300750156522743,0.0005294342772966378,3.075889927315436
-25.77777586793397,-0.05301672318130119,0.0005382091146637672,3.0787501858702115
-25.748352746373186,-0.05302476937436167,0.0005479354736041729,3.0816169813662806
-25.718929624812404,-0.05303611381670409,0.0005569249786570346,3.084490336238933
-25.68950650325163,-0.053047903957805204,0.0005587882450204479,3.087370273026243
-25.660083381690846,-0.05305781267200734,0.0005561184828118364,3.090256814369659
-25.630660260130064,-0.053069751050547134,0.0005580424475198004,3.093149983014594
-25.60123713856929,-0.05307979530532865,0.0005596700343745516,3.0960498018110245
-25.571814017008506,-0.053092980363507486,0.0005577899228566553,3.098956293714096
-25.542390895447724,-0.053106421090135185,0.0005553559501192759,3.1018694817847208
-25.512967773886942,-0.05311841961950574,0.0005516981736704373,3.1047893891901945
-25.483544652326167,-0.053127366643987005,0.0005471501305714538,3.107716039204807
-25.454121530765384,-0.05313519771520942,0.0005427203052991562,3.110649455210463
-25.424698409204602,-0.05314648443128853,0.0005388392117137293,3.1135896606973033
-25.39527528764382,-0.05315387483329108,0.00052726823401254,3.11653667926433
-25.365852166083044,-0.05315992513066302,0.0005101302462235864,3.1194905346200414
-25.336429044522262,-0.0531615196144067,0.0005002539115672831,3.1224512505830675
-25.30700592296148,-0.053159915209418984,0.0004969715406879765,3.1254188510828063
-25.277582801400705,-0.05315980421072233,0.0004923841706560401,3.128393360160072
-25.248159679839922,-0.05316279150891018,0.0004846574957682423,3.1313748019677456
-25.21873655827914,-0.05316758548094209,0.00047650356183690743,3.134363200771423
-25.189313436718358,-0.053169833730424845,0.0004692146994567857,3.137358580950079
-25.159890315157583,-0.05316939522155607,0.00046384589767953986,3.1403609669967256
-25.1304671935968,-0.05317694674559739,0.00046421179328716324,3.143370383519086
-25.101044072036018,-0.053188636803856826,0.00046177663706088555,3.146386855240258
-25.071620950475236,-0.05319594086632765,0.00045255126191561434,3.1494104069993996
-25.04219782891446,-0.05320199953772985,0.000447310559291942,3.152441063752404
-25.012774707353678,-0.05321392846172571,0.00045330855965706324,3.1554788505725924
-24.983351585792896,-0.053233865965935136,0.0004682069314430363,3.1585237926514003
-24.953928464232114,-0.0532580334443217,0.0004813479718424957,3.1615759152990757
-24.92450534267134,-0.0532835006300847,0.0004878793405922349,3.164635243945381
-24.895082221110556,-0.05330078788911808,0.0004908111373073352,3.1677018041403
-24.865659099549774,-0.053313345115572716,0.0004984820867041399,3.1707756215547462
-24.836235977989,-0.053334003501758376,0.0005093558646491703,3.173856721981281
-24.806812856428216,-0.053353508911230266,0.0005226455902703813,3.1769451313348376
-24.777389734867434,-0.053369617850995754,0.0005322376280310912,3.1800408756534417
-24.74796661330665,-0.05338427759428012,0.0005383910656807494,3.183143981098948
-24.718543491745876,-0.053401385755547474,0.0005456170426733299,3.186254473957775
-24.689120370185094,-0.0534226653798963,0.0005545847191876207,3.1893723806416503
-24.659697248624312,-0.053446230466455,0.000559272516399599,3.1924977276883535
-24.63027412706353,-0.05346234750824456,0.0005546192560964943,3.1956305417624713
-24.600851005502754,-0.053471420147856774,0.0005508034724269018,3.198770849656157
-24.571427883941972,-0.05348062639852627,0.0005502729425177215,3.2019186782898936
-24.54200476238119,-0.05349564995705139,0.0005525013761703981,3.2050740547132626
-24.512581640820414,-0.05351313612877229,0.0005555453490177745,3.2082370061057164
-24.483158519259632,-0.05352940552330473,0.0005554879500190691,3.2114075597773653
-24.45373539769885,-0.05354664075905485,0.0005509394019033657,3.214585743169757
-24.424312276138068,-0.05356338863686293,0.0005392438011870046,3.21777158385667
-24.394889154577292,-0.053574749740201294,0.0005263039708760797,3.2209651095449128
-24.36546603301651,-0.05358686101107894,0.0005181009548326237,3.2241663480751277
-24.336042911455728,-0.05360362568075917,0.0005134003606009454,3.2273753274225956
-24.306619789894945,-0.053619931342610214,0.000511707660852167,3.230592075698054
-24.27719666833417,-0.053631939081069294,0.0005117490097909399,3.2338166211485184
-24.247773546773388,-0.05364606934329817,0.0005085552548270254,3.2370489921581083
-24.218350425212606,-0.05366836328534929,0.0005015508310377218,3.2402892172488778
-24.188927303651823,-0.05369392178607389,0.000493799148787454,3.243537325081659
-24.159504182091048,-0.05370942949238933,0.00048408089765782905,3.2467933444569015
-24.130081060530266,-0.05372627622483976,0.00047984561522869645,3.250057304315531
-24.100657938969483,-0.053738804819592915,0.0004799948426322457,3.2533292337397994
-24.07123481740871,-0.053752972533915394,0.00047564614920204973,3.2566091619541515
-24.041811695847926,-0.053770521301454516,0.0004739253747408861,3.2598971183260974
-24.012388574287144,-0.05378932539826033,0.00047623001331149065,3.263193132367085
-23.98296545272636,-0.05380402316272708,0.00047755562473426525,3.266497233733386
-23.953542331165586,-0.05381385636984845,0.0004766928468480047,3.2698094522269825
-23.924119209604804,-0.053826693752960564,0.0004803433157748954,3.2731298177964674
-23.89469608804402,-0.05384718457319103,0.00048547409713557027,3.276458360537942
-23.86527296648324,-0.05386376717903664,0.0004876280568311075,3.2797951106959284
-23.835849844922464,-0.0538709704194022,0.0004895127848941464,3.2831400986642842
-23.80642672336168,-0.05387551719135039,0.0004953252817532867,3.2864933549871282
-23.7770036018009,-0.05388142665564886,0.0005026991402647553,3.289854910359765
-23.747580480240124,-0.053886489880759295,0.0005074989873790302,3.2932247956296257
-23.718157358679342,-0.05388690631566931,0.0005103916338505821,3.296603041797211
-23.68873423711856,-0.05388447013571024,0.0005168100626525527,3.29998968001704
-23.659311115557777,-0.053886650558521564,0.0005273564821314986,3.303384741598609
-23.629887993997002,-0.05389460487926025,0.0005366938657695509,3.3067882580073564
-23.60046487243622,-0.053904104987538504,0.0005452282773158172,3.3102002608656353
-23.571041750875438,-0.053909583635672186,0.0005506507690057028,3.3136207819536923
-23.541618629314655,-0.053911259565574784,0.0005525598645948604,3.317049853210653
-23.51219550775388,-0.053915378701789266,0.0005531374024185711,3.320487506735517
-23.482772386193098,-0.0539233553745896,0.0005583363452994229,3.323933774788163
-23.453349264632315,-0.05393096730329121,0.0005667727852334797,3.327388689790351
-23.423926143071533,-0.053942760883754284,0.0005719422203446607,3.330852284326745
-23.394503021510758,-0.05396339005364194,0.0005723288878962618,3.3343245911459323
-23.365079899949976,-0.05398450104086984,0.000576436917283354,3.337805643161462
-23.335656778389193,-0.05400813973770269,0.0005810304352952651,3.3412954734528806
-23.306233656828418,-0.05403133327791848,0.000584290415179064,3.3447941152667773
-23.276810535267636,-0.054051441405727124,0.000583846467215505,3.348301602017848
-23.247387413706853,-0.054067388866994144,0.0005786040601400709,3.3518179672899513
-23.21796429214607,-0.05408125745457079,0.0005702878483103237,3.3553432448371834
-23.188541170585296,-0.054099436671227935,0.000565173654928655,3.358877468584958
-23.159118049024514,-0.05411547086034471,0.0005588415244473281,3.3624206726310963
-23.12969492746373,-0.05412534657848439,0.0005564920808019491,3.3659728912469205
-23.10027180590295,-0.05413672044153463,0.0005566012871808171,3.3695341588783596
-23.070848684342174,-0.05415182306119005,0.0005557266886080271,3.373104510147064
-23.04142556278139,-0.05416376020529799,0.000554349381403173,3.3766839798515274
-23.01200244122061,-0.05417224815044233,0.0005511064009451655,3.380272602968217
-22.982579319659834,-0.05418172908960593,0.0005456996390681223,3.3838704146527094
-22.95315619809905,-0.054192769066240626,0.0005381013013476686,3.3874774502408465
-22.92373307653827,-0.05420134461429038,0.0005309550023814347,3.391093745249884
-22.894309954977487,-0.054205774493043306,0.0005284405667726649,3.3947193353796625
-22.864886833416712,-0.05421139781584703,0.0005297734095499316,3.398354256513778
-22.83546371185593,-0.054220328883946234,0.0005303440774185498,3.4019985447207723
-22.806040590295147,-0.05422980030225842,0.0005343068254916788,3.4056522362553183
-22.776617468734365,-0.05424378402157248,0.0005368796772877743,3.4093153675594277
-22.74719434717359,-0.05426015606059033,0.0005338752731108759,3.4129879752636594
-22.717771225612807,-0.0542711593825989,0.000525853113598469,3.416670096188344
-22.688348104052025,-0.054275933122251555,0.0005201572800274944,3.42036176734481
-22.658924982491243,-0.05428620804583678,0.0005226773327058801,3.4240630259366274
-22.629501860930468,-0.05429854164689664,0.0005229188775125854,3.427773909360855
-22.600078739369685,-0.05431265886359708,0.0005270279079124727,3.4314944552093025
-22.570655617808903,-0.054323724331409376,0.0005332076429963932,3.4352247012697976
-22.541232496248128,-0.05433369305430036,0.0005376314944198934,3.4389646855274654
-22.511809374687346,-0.0543457319353788,0.0005426093040148312,3.442714446166021
-22.482386253126563,-0.05436051004116141,0.0005508517196947626,3.4464740215690637
-22.45296313156578,-0.05437370665602276,0.0005556401693917964,3.4502434503213903
-22.423540010005006,-0.054388947676394364,0.0005528146351106378,3.4540227712103144
-22.394116888444223,-0.054402746761557486,0.0005540277507090102,3.457812023226998
-22.36469376688344,-0.05441660053677862,0.0005583014046017932,3.461611245567789
-22.33527064532266,-0.05443905245901534,0.0005559768785993155,3.4654204776355764
-22.305847523761884,-0.0544589059389608,0.0005510984392155451,3.469239759041148
-22.2764244022011,-0.05447530135783921,0.0005468825125686442,3.473069129604572
-22.24700128064032,-0.0544918273588475,0.0005465023743831043,3.4769086293565694
-22.217578159079544,-0.05450714535788229,0.0005471985226937048,3.480758298539917
-22.18815503751876,-0.054521112912141,0.0005458912921054584,3.484618177610853
-22.15873191595798,-0.05454172342775776,0.0005443318461063702,3.488488307240489
-22.129308794397197,-0.054563522075715576,0.0005419363920165282,3.4923687283162432
-22.09988567283642,-0.054590056271247536,0.0005380411589523905,3.496259481943279
-22.07046255127564,-0.054617441327242784,0.0005381636127854289,3.500160609445957
-22.041039429714857,-0.05464059955887341,0.0005371163200491017,3.504072152369296
-22.011616308154075,-0.054657270989746765,0.0005315067435974099,3.5079941524804505
-21.9821931865933,-0.054671457936037,0.0005271824206523805,3.511926651770194
-21.952770065032517,-0.05468772163776696,0.0005297408198359159,3.5158696924544226
-21.923346943471735,-0.05470706846889008,0.0005329687772412853,3.5198233169756605
-21.89392382191096,-0.05472988225148706,0.0005355129071436096,3.523787568004584
-21.864500700350177,-0.05475186811736686,0.0005300606522797505,3.527762488441561
-21.835077578789395,-0.05477809862090599,0.0005187657212746772,3.531748121418193
-21.805654457228613,-0.05480326136554227,0.0005097133779022376,3.535744510298877
-21.776231335667838,-0.0548234742491219,0.0005017515056591657,3.5397516986823785
-21.746808214107055,-0.05483701551956924,0.0004920537475723639,3.5437697304034192
-21.717385092546273,-0.054847077348945894,0.0004823693322638826,3.547798649534271
-21.68796197098549,-0.05485812416919683,0.0004756231547432553,3.55183850038637
-21.658538849424716,-0.05487130730063908,0.0004757059056515302,3.5558893275119403
-21.629115727863933,-0.05488368153132877,0.0004771444987682875,3.5599511757056344
-21.59969260630315,-0.05489504472892928,0.0004748927980684698,3.5640240900061797
-21.57026948474237,-0.05490156104132737,0.0004694990526821985,3.568108115698046
-21.540846363181593,-0.05490551870425171,0.00046065062408211764,3.5722032983131218
-21.51142324162081,-0.05490786636177487,0.000452556396458643,3.576309683632413
-21.48200012006003,-0.05490802695115306,0.0004506933844386294,3.580427317687739
-21.452576998499254,-0.054906872584695524,0.00045658715904228325,3.5845562467634577
-21.42315387693847,-0.05490507971461113,0.0004620424752728388,3.588696517398204
-21.39373075537769,-0.05490934034520811,0.0004679401685697709,3.59284817638663
-21.364307633816907,-0.05491805346268171,0.0004761434116134709,3.5970112707811714
-21.33488451225613,-0.05492412710529949,0.0004860604044311229,3.6011858478938277
-21.30546139069535,-0.054930963502087066,0.0004961817753269665,3.6053719552979535
-21.276038269134567,-0.054941841091663036,0.0005056108930674051,3.6095696408300615
-21.246615147573785,-0.05495471819997276,0.0005144301356537586,3.613778952591649
-21.21719202601301,-0.05496832715323893,0.000523354021646149,3.617999938951033
-21.187768904452227,-0.05498890373552698,0.0005344434999578657,3.6222326485452068
-21.158345782891445,-0.055008318499037305,0.0005461658290543885,3.6264771302817023
-21.12892266133067,-0.05503020856677558,0.0005527147628441555,3.6307334333404757
-21.099499539769887,-0.05505872543852433,0.00055060343097339,3.6350016071758113
-21.070076418209105,-0.0550885460590146,0.0005482336811921865,3.639281701518231
-21.040653296648323,-0.05511447338534933,0.0005499134216039049,3.6435737663764285
-21.011230175087547,-0.05513468325342037,0.0005536573364618287,3.647877852039215
-20.981807053526765,-0.055151440341723285,0.0005553566346842093,3.652194009077489
-20.952383931965983,-0.05516934569133932,0.0005534962025109895,3.6565222883462094
-20.9229608104052,-0.05518660258627622,0.0005453933630271125,3.660862740986398
-20.893537688844425,-0.05520231888361453,0.0005381261501400253,3.665215418427149
-20.864114567283643,-0.055219051123766155,0.0005320694921660975,3.6695803723876677
-20.83469144572286,-0.0552335037759623,0.000524727562173049,3.6739576548793123
-20.80526832416208,-0.05524461242724895,0.0005149890775356152,3.678347318207661
-20.775845202601303,-0.055253345348023244,0.0005071600170921675,3.682749414974597
-20.74642208104052,-0.0552616849573231,0.0005040783167100455,3.687163998080411
-20.71699895947974,-0.05526715261777733,0.000500750788591409,3.691591120725916
-20.687575837918963,-0.05527192765655253,0.0004974780949307188,3.696030836414586
-20.65815271635818,-0.055282982971458554,0.0004966125047272598,3.700483198954715
-20.6287295947974,-0.055296949460476474,0.0004941540568877839,3.7049482624615857
-20.599306473236616,-0.05530766212910378,0.0004898664542644645,3.7094260813596645
-20.56988335167584,-0.055315941117595566,0.00048654430547192737,3.7139167103848107
-20.54046023011506,-0.05532730159461771,0.0004885372136117413,3.7184202045865136
-20.511037108554277,-0.05534567754776319,0.0004967653324737764,3.7229366193301314
-20.481613986993494,-0.055367667694553147,0.0005061870742971683,3.727466010299169
-20.45219086543272,-0.05539214698542917,0.0005175694177938174,3.732008433497559
-20.422767743871937,-0.05541896504776251,0.0005347628813201397,3.73656394525198
-20.393344622311155,-0.055440968717351984,0.0005549705255360287,3.741132602214174
-20.36392150075038,-0.055463967120730456,0.0005717740620595184,3.745714461363299
-20.334498379189597,-0.055486610582779455,0.0005831324732315718,3.7503095800083037
-20.305075257628815,-0.055504072536727525,0.0005910104872708579,3.754918015790306
-20.275652136068032,-0.0555198474839568,0.0005957823775459391,3.759539826685011
-20.246229014507257,-0.05553981396872275,0.0006026815463445524,3.7641750710051376
-20.216805892946475,-0.05556484022304321,0.0006184644957266376,3.7688238074028786
-20.187382771385693,-0.05558342080156251,0.0006338833786742925,3.7734860948723643
-20.15795964982491,-0.05559362304790166,0.0006345891803900209,3.778161992752164
-20.128536528264135,-0.0555940846293914,0.000637009914554238,3.782851560727802
-20.099113406703353,-0.055590829132847824,0.0006426324410030364,3.7875548588343
-20.06969028514257,-0.05559050208596146,0.0006429760974564016,3.7922719474587345
-20.040267163581788,-0.055584411262714496,0.0006426574912952509,3.797002887342823
-20.010844042021013,-0.05557556065701516,0.000642122454510175,3.801747739585531
-19.98142092046023,-0.055577019831933305,0.0006405266897433902,3.806506565645706
-19.95199779889945,-0.055587150453421705,0.0006329208245607226,3.811279427344724
-19.922574677338673,-0.055596040511113894,0.0006203022529847876,3.8160663868691715
-19.89315155577789,-0.0556058180603998,0.000606541305021619,3.820867506773548
-19.86372843421711,-0.05561706028255603,0.000592910476544612,3.8256828499829845
-19.834305312656326,-0.05562580846747594,0.0005778517033606947,3.8305124797959973
-19.80488219109555,-0.05563536213453964,0.0005617373393869427,3.8353564598872594
-19.77545906953477,-0.05565242964112651,0.0005459006756402257,3.8402148543104038
-19.746035947973986,-0.05567651618078717,0.0005318485256461291,3.845087727500839
-19.716612826413204,-0.05570186734086582,0.0005173653665177875,3.8499751442786025
-19.68718970485243,-0.05574089904349974,0.0005003921957366418,3.854877169851234
-19.657766583291647,-0.055781404859880396,0.0004921739576541058,3.8597938698166776
-19.628343461730864,-0.055807913434884865,0.0004906512659143931,3.864725310166204
-19.59892034017009,-0.05582999918582873,0.0004894824265940017,3.8696715572873623
-19.569497218609307,-0.05585278652177702,0.0004927192398386331,3.8746326779669675
-19.540074097048524,-0.055878320532049094,0.0004997341352128583,3.8796087393940963
-19.510650975487742,-0.05590544212809591,0.0005032763291289539,3.8845998091631246
-19.481227853926967,-0.055931702711728974,0.0004999730605684769,3.889605955276788
-19.451804732366185,-0.05596070298801031,0.0005053408204162216,3.8946272461492737
-19.422381610805402,-0.055978403050646254,0.0005172621100262143,3.89966375060933
-19.39295848924462,-0.05599255588540006,0.0005222757449885485,3.9047155379034164
-19.363535367683845,-0.056011179056208574,0.0005244385247877306,3.9097826776988738
-19.334112246123063,-0.0560272335692971,0.0005303049577886617,3.914865240087133
-19.30468912456228,-0.056036241570113554,0.0005373858659227665,3.919963295586939
-19.275266003001498,-0.05603972051297549,0.0005423518657472575,3.9250769151476166
-19.245842881440723,-0.056043057483710135,0.0005488784087112485,3.9302061701523603
-19.21641975987994,-0.05604973924082306,0.0005617944736726332,3.9353511324215598
-19.186996638319158,-0.05605744112330471,0.0005728155284851807,3.940511874216146
-19.157573516758383,-0.056069188299166725,0.0005745581378488713,3.9456884682409763
-19.1281503951976,-0.05607738006446024,0.0005856082851225662,3.9508809876482536
-19.09872727363682,-0.056086485854081394,0.000599844965963487,3.956089506040965
-19.069304152076036,-0.0561010415968419,0.0006085929435634053,3.9613140974763628
-19.03988103051526,-0.05611510076261539,0.0006179114313680776,3.966554836469474
-19.01045790895448,-0.056128856427350424,0.000629796665073665,3.9718117979966463
-18.981034787393696,-0.05614509330095646,0.000634864941516028,3.9770850574991172
-18.951611665832914,-0.05616887762287257,0.0006337842434795198,3.982374690886628
-18.92218854427214,-0.0561943211872252,0.0006334012363961203,3.987680774541061
-18.892765422711356,-0.056219873029581896,0.0006313709882934886,3.9930033853201263
-18.863342301150574,-0.05625165152055585,0.0006282323881708874,3.9983426005610596
-18.8339191795898,-0.056285207255733966,0.0006237035716142842,4.0036984980843755
-18.804496058029017,-0.05631418970347721,0.0006198647438664683,4.00907115619765
-18.775072936468234,-0.05633964687360456,0.0006173452460740115,4.014460653699332
-18.745649814907452,-0.056365055459175306,0.0006132464161379048,4.019867069882596
-18.716226693346677,-0.056392968990729625,0.0006071467301755787,4.025290484539235
-18.686803571785894,-0.05642530800115314,0.0006062938226650054,4.030730977963585
-18.657380450225112,-0.056458344262324586,0.0006017177466780359,4.036188630956482
-18.62795732866433,-0.05648838053070818,0.0005984016986099786,4.041663524829268
-18.598534207103555,-0.05651736180917524,0.0005929115410775228,4.047155741407828
-18.569111085542772,-0.05654576658167068,0.000587836198875838,4.052665363036666
-18.53968796398199,-0.05657301882666185,0.0005868448466358438,4.058192472583021
-18.510264842421215,-0.05659650621524834,0.0005879017281489166,4.063737153441015
-18.480841720860433,-0.0566134998766412,0.0005844603710948138,4.069299489535863
-18.45141859929965,-0.056638070798336035,0.0005867593976351627,4.07487956532809
-18.421995477738868,-0.05667123707572085,0.0005905025534598905,4.080477465817816
-18.392572356178093,-0.05670006389766562,0.0005879785748098003,4.086093276549066
-18.36314923461731,-0.056721627502952246,0.0005805505560080869,4.0917270836141375
-18.333726113056528,-0.0567428048313495,0.0005707022945669137,4.097378973657989
-18.304302991495746,-0.05676552071446766,0.0005640588393978284,4.103049033882686
-18.27487986993497,-0.05678791991163858,0.0005621671996293401,4.108737352051887
-18.24545674837419,-0.05680770510894978,0.0005636840465479051,4.114444016495372
-18.216033626813406,-0.05682570812960515,0.000569636834919568,4.120169116113613
-18.186610505252624,-0.05684515983448329,0.0005752950788091018,4.125912740382389
-18.15718738369185,-0.05686571450754366,0.0005751592571922634,4.13167497935745
-18.127764262131066,-0.05688771232918151,0.0005749716007692003,4.137455923679224
-18.098341140570284,-0.05691059086143162,0.0005764481787759364,4.143255664577568
-18.06891801900951,-0.056930022397556075,0.0005781618009682017,4.1490742938765655
-18.039494897448726,-0.05694779752381805,0.0005781680149439927,4.15491190399938
-18.010071775887944,-0.056972564821967976,0.0005826532530867025,4.160768587973137
-17.98064865432716,-0.05700173353894035,0.0005930578374796117,4.166644439433877
-17.951225532766387,-0.05702051716517788,0.0005970516238055602,4.172539552631535
-17.921802411205604,-0.05704084504024305,0.0005982901796679187,4.178454022434992
-17.892379289644822,-0.057067762665956576,0.0006061952071050067,4.184387944337153
-17.86295616808404,-0.05709925196631016,0.0006145599662787042,4.190341414460092
-17.833533046523264,-0.0571299160201192,0.0006227404087097088,4.19631452956024
-17.804109924962482,-0.057160062289324465,0.0006313293694741333,4.20230738703363
-17.7746868034017,-0.05719035474128589,0.0006384627467848048,4.208320084921189
-17.745263681840925,-0.057215702273593544,0.0006391834850322341,4.214352721914078
-17.715840560280142,-0.0572358898827338,0.0006386670325443926,4.220405397359106
-17.68641743871936,-0.057260777706828525,0.0006465483454384997,4.226478211264171
-17.656994317158578,-0.05728344496701966,0.0006558002250732277,4.232571264303772
-17.627571195597803,-0.057306892450914075,0.0006600721182329495,4.238684657824572
-17.59814807403702,-0.057330563305336105,0.0006639662585411038,4.244818493851023
-17.568724952476238,-0.05734954477565754,0.0006717976115256102,4.250972875091032
-17.539301830915456,-0.05736106128242374,0.000679511070940278,4.257147904941697
-17.50987870935468,-0.057368785400436176,0.0006817996148236904,4.2633436874951025
-17.480455587793898,-0.05738207131124984,0.000681191815884995,4.269560327544164
-17.451032466233116,-0.05739822525197155,0.0006769168300932215,4.275797930588534
-17.421609344672333,-0.05741315356817988,0.000674947565704485,4.2820566028405755
-17.39218622311156,-0.057426070946036675,0.0006761317891294205,4.288336451231384
-17.362763101550776,-0.05744134963119777,0.000676167706194087,4.294637583416889
-17.333339979989994,-0.057459167664253366,0.0006749837856597494,4.30096010778399
-17.30391685842922,-0.057477040794682674,0.00067322201285714,4.307304133456782
-17.274493736868436,-0.05749292401366676,0.0006699675448080332,4.313669770302834
-17.245070615307654,-0.05751052599662518,0.0006666392180948125,4.320057128939526
-17.21564749374687,-0.05753064870018108,0.0006621142076891429,4.326466320740458
-17.186224372186096,-0.05754751439970144,0.0006567699696399836,4.332897457841925
-17.156801250625314,-0.057565969777956735,0.0006505221109708168,4.33935065314946
-17.12737812906453,-0.057586241261589746,0.0006490121882268295,4.3458260203444325
-17.09795500750375,-0.05760785391432546,0.0006513278193604053,4.352323673890731
-17.068531885942974,-0.05763015733275402,0.0006542488949006534,4.358843729041505
-17.039108764382192,-0.05765400881283468,0.0006561177955377533,4.365386301845983
-17.00968564282141,-0.05767915208315201,0.0006581322193622199,4.371951509156353
-16.980262521260634,-0.05770118347769121,0.0006604774619658398,4.3785394686347185
-16.950839399699852,-0.05772441800772254,0.0006592171946540217,4.385150298760138
-16.92141627813907,-0.05774482773776384,0.0006496132252005178,4.391784118835712
-16.891993156578287,-0.05776219963610278,0.0006457230546865235,4.398441048995774
-16.862570035017512,-0.05778289093353396,0.0006498091239016383,4.405121210213129
-16.83314691345673,-0.05780770409105952,0.0006579905763328855,4.411824724306398
-16.803723791895948,-0.05783135768055454,0.000663470008391311,4.418551713947409
-16.774300670335165,-0.057849774939700074,0.0006600383918163793,4.425302302668683
-16.74487754877439,-0.05786794426810714,0.0006500626220078778,4.432076614871
-16.715454427213608,-0.05789240174816536,0.0006454296773192228,4.43887477583104
-16.686031305652826,-0.057918147508995536,0.000642052012853141,4.445696911709099
-16.656608184092043,-0.057942549832852464,0.0006413305727189333,4.452543149556902
-16.627185062531268,-0.057967259673967125,0.0006439575309405733,4.459413617325485
-16.597761940970486,-0.05799335069074946,0.0006446845785330392,4.466308443873168
-16.568338819409703,-0.058020544512459124,0.0006431654596591124,4.47322775897361
-16.53891569784893,-0.05804874773746277,0.0006462796466611442,4.48017169332395
-16.509492576288146,-0.05807378827955331,0.0006499375615680886,4.487140378553043
-16.480069454727364,-0.05810062767006627,0.0006404873498382905,4.494133947229767
-16.45064633316658,-0.05813820685428997,0.0006319864849130382,4.501152532871436
-16.421223211605806,-0.05817613690721147,0.0006333152172082117,4.508196269952293
-16.391800090045024,-0.05820818399815392,0.0006322452039734084,4.515265293912108
-16.36237696848424,-0.0582327392199714,0.0006301840270593611,4.522359741164845
-16.33295384692346,-0.058255091968207356,0.00062988721994777,4.5294797491074466
-16.303530725362684,-0.05827816714702151,0.0006302870195597717,4.536625456128698
-16.2741076038019,-0.0582992639104699,0.0006283190600263414,4.543797001618204
-16.24468448224112,-0.058319172379803746,0.0006299083811540056,4.550994525975436
-16.215261360680344,-0.058337897454174295,0.0006405953503743277,4.558218170618907
-16.185838239119562,-0.05836285502941123,0.0006410380636223485,4.5654680779954315
-16.15641511755878,-0.05838959110399141,0.0006355651376513678,4.572744391589487
-16.126991995997997,-0.05840862019947983,0.0006331452482978654,4.580047255932676
-16.097568874437222,-0.058421866992993156,0.0006307375262824228,4.587376816613303
-16.06814575287644,-0.05843055409870697,0.0006304439137288193,4.59473322028605
-16.038722631315657,-0.058440399547871946,0.0006343614942024815,4.602116614681747
-16.009299509754875,-0.058454678703301594,0.0006348774499127992,4.609527148617272
-15.9798763881941,-0.05847339849497048,0.0006293734263612596,4.616964972005545
-15.950453266633318,-0.05849373055826344,0.0006260541993669852,4.624430235865641
-15.921030145072535,-0.05851759181564033,0.00062633366179645,4.631923092333004
-15.891607023511753,-0.058540155114170184,0.0006293601987428329,4.6394436946697875
-15.862183901950978,-0.05856203374995171,0.0006293889833279175,4.6469921972753
-15.832760780390196,-0.05858763917470955,0.0006246422219873051,4.654568755696581
-15.803337658829413,-0.05861990841047161,0.000620239222257564,4.662173526639071
-15.773914537268638,-0.0586537588975531,0.0006220335846817577,4.669806667977426
-15.744491415707856,-0.058679705765337736,0.0006285384302642381,4.677468338766439
-15.715068294147073,-0.05870728777905265,0.0006278269601212684,4.685158699252089
-15.685645172586291,-0.058745604741186924,0.000621724343380919,4.692877910882708
-15.656222051025516,-0.05878916964260738,0.0006259689484709398,4.700626136320287
-15.626798929464734,-0.058833778900049,0.0006340047420785534,4.7084035394519
-15.597375807903951,-0.05886915028181369,0.0006389510091149365,4.71621028540125
-15.567952686343169,-0.058895765374498865,0.000637314623684288,4.72404654054037
-15.538529564782394,-0.058925056948127455,0.0006335389013485585,4.731912472501427
-15.509106443221611,-0.058958788544706126,0.0006291861943382975,4.739808250188688
-15.47968332166083,-0.05898747387716933,0.0006237267103505201,4.7477340437906
-15.450260200100054,-0.05901111531787147,0.0006222719591331769,4.755690024792023
-15.420837078539272,-0.05903542415210643,0.0006165658801764599,4.763676365986601
-15.39141395697849,-0.059067274978714314,0.0006070641807101152,4.771693241489261
-15.361990835417707,-0.05909759081843966,0.0006075979794584247,4.779740826748877
-15.332567713856932,-0.05912321829264318,0.0006138841039540152,4.78781929856106
-15.30314459229615,-0.059140558507639426,0.0006133955378209397,4.79592883508112
-15.273721470735367,-0.05915104940029314,0.0006046422560056647,4.804069615837142
-15.244298349174585,-0.059173034984239134,0.0006006111037645411,4.81224182174325
-15.21487522761381,-0.05920595215303079,0.0005974666309192265,4.820445635112998
-15.185452106053027,-0.059235684117566176,0.0005933796100294602,4.828681239672942
-15.156028984492245,-0.05926340541763657,0.0005956148367236636,4.83694882057634
-15.126605862931463,-0.05928813255359017,0.0006050971153007904,4.845248564417033
-15.097182741370688,-0.059312889891126236,0.0006154118178409238,4.853580659243485
-15.067759619809905,-0.05933987065412137,0.0006257746091062562,4.861945294572989
-15.038336498249123,-0.059367592108661944,0.0006364245326348582,4.870342661406026
-15.008913376688348,-0.05939406616359669,0.0006413145548055647,4.878772952240808
-14.979490255127565,-0.05942173998397256,0.0006421771363218242,4.887236361087995
-14.950067133566783,-0.05945370268651355,0.0006443641450482516,4.895733083485562
-14.920644012006,-0.05948347621904209,0.0006458669809222544,4.904263316513874
-14.891220890445226,-0.0595081540815801,0.0006478745346209601,4.9128272588109105
-14.861797768884443,-0.05953494781460654,0.0006490080715767717,4.921425110587699
-14.832374647323661,-0.05956767654716458,0.0006490436938056176,4.930057073643902
-14.802951525762879,-0.059599965891279444,0.0006470086531182208,4.938723351383615
-14.773528404202104,-0.05962946232006047,0.0006469967537250104,4.947424148831339
-14.744105282641321,-0.05966345426866439,0.0006473841130564909,4.956159672648156
-14.714682161080539,-0.0596959061253448,0.0006413189094368892,4.96493013114808
-14.685259039519764,-0.059723214400874074,0.0006349045403135623,4.973735734314622
-14.655835917958981,-0.05975244646624839,0.0006314017055183,4.982576693817554
-14.6264127963982,-0.05978242019671333,0.0006321916748596613,4.99145322302986
-14.596989674837417,-0.05980980094356353,0.0006342374798360295,5.000365537044905
-14.567566553276642,-0.059836940207981776,0.000635882043039167,5.0093138526938095
-14.53814343171586,-0.059870615255480805,0.0006412260331264382,5.01829838856304
-14.508720310155077,-0.059902114205519844,0.0006475328854759968,5.027319365012198
-14.479297188594295,-0.05993023926213106,0.0006532780572858248,5.0363770041920395
-14.44987406703352,-0.05996310863607508,0.0006554576488181563,5.045471530062712
-14.420450945472737,-0.05999776484648614,0.0006544328338606318,5.054603168412219
-14.391027823911955,-0.06002709997025449,0.0006540932029068742,5.063772146875092
-14.36160470235118,-0.06005679661030939,0.0006523971775303749,5.072978694951317
-14.332181580790397,-0.0600910976464224,0.0006504520320177603,5.082223044025483
-14.302758459229615,-0.06012154600530204,0.0006464044437798606,5.091505427386159
-14.273335337668833,-0.060150768611648316,0.0006472296724009572,5.1008260802455245
-14.243912216108058,-0.06018916076160024,0.000653388972681224,5.110185239759232
-14.214489094547275,-0.060229614431764056,0.0006518242699504951,5.119583145046531
-14.185065972986493,-0.06026276061368499,0.0006486108579092616,5.129020037210622
-14.15564285142571,-0.060291078203556545,0.0006480356591702183,5.13849615935928
-14.126219729864935,-0.06032066380193639,0.0006491765671027505,5.1480117566257295
-14.096796608304153,-0.06035289614127816,0.0006490596660235472,5.157567076189788
-14.06737348674337,-0.06038469733272601,0.0006461522095891163,5.167162367299261
-14.037950365182589,-0.06041279400380299,0.0006442944537935512,5.176797881291615
-14.008527243621813,-0.060434099238271345,0.0006510281672566018,5.186473871615928
-13.979104122061031,-0.060460199016077576,0.0006631832961485989,5.196190593855115
-13.949681000500249,-0.06049660631835755,0.0006657644150211652,5.205948305748417
-13.920257878939474,-0.060529224243735046,0.0006616626337994251,5.2157472672142005
-13.890834757378691,-0.06055667161744864,0.0006563415011655135,5.225587740373045
-13.861411635817909,-0.06058330312104508,0.000656326285887616,5.235469989571093
-13.831988514257127,-0.06061226040827991,0.0006591178822586006,5.245394281403741
-13.802565392696351,-0.0606447647892745,0.0006582579010252516,5.255360884739603
-13.773142271135569,-0.0606719138897044,0.0006478972818914856,5.265370070744799
-13.743719149574787,-0.060702781655839796,0.0006453624976972406,5.275422112907539
-13.714296028014004,-0.06073837974356636,0.0006452398534050631,5.285517287063039
-13.68487290645323,-0.06077626462192162,0.0006433790916915,5.295655871418745
-13.655449784892447,-0.06081354923032986,0.0006398218906857222,5.305838146579905
-13.626026663331665,-0.060849832812377866,0.0006357797553922902,5.316064395575438
-13.59660354177089,-0.06088453428808514,0.0006332500459100989,5.326334903884169
-13.567180420210107,-0.06091575373825901,0.0006331687691079721,5.3366499594614
-13.537757298649325,-0.06094223079153771,0.0006335176438350856,5.3470098527658045
-13.508334177088543,-0.06097187563533711,0.000633078221612336,5.357414876786707
-13.478911055527767,-0.06100374455735927,0.0006325658626352459,5.367865327071694
-13.449487933966985,-0.06103411846009786,0.0006393457070930855,5.37836150175461
-13.420064812406203,-0.0610600307825066,0.0006451893895563243,5.388903701583893
-13.39064169084542,-0.061079246857400044,0.0006444346004945563,5.399492229951308
-13.361218569284645,-0.06109983688988454,0.0006394922794048982,5.41012739292105
-13.331795447723863,-0.06113387231496289,0.0006415023713719414,5.4208094992592395
-13.30237232616308,-0.06116724563453688,0.0006446622445637689,5.431538860463797
-13.272949204602298,-0.06118682773528411,0.0006448172655924382,5.442315790794721
-13.243526083041523,-0.0612164445953226,0.0006433588096700267,5.453140607304775
-13.21410296148074,-0.06125675827451929,0.0006375314992792467,5.464013629870585
-13.184679839919959,-0.061294083914808395,0.000631662953635752,5.474935181224136
-13.155256718359183,-0.06132451128501975,0.000627797388247368,5.485905586984707
-13.125833596798401,-0.06135350869451606,0.0006244763393731905,5.496925175691245
-13.096410475237619,-0.061385745029919433,0.0006207104296250218,5.5079942788351435
-13.066987353676836,-0.061425913305778124,0.0006218613505014202,5.5191132308934945
-13.037564232116061,-0.06146659735934602,0.0006220281487433463,5.530282369362774
-13.008141110555279,-0.061499919353168356,0.0006207965187157695,5.541502034792997
-12.978717988994497,-0.06152678574214869,0.0006211395542438756,5.55277257082232
-12.949294867433714,-0.06156180335182515,0.0006213972584039745,5.564094324212132
-12.919871745872939,-0.06160142936814986,0.0006194378662458729,5.575467644882611
-12.890448624312157,-0.061636242198829364,0.0006176967946793444,5.586892885948789
-12.861025502751374,-0.06166735495777401,0.0006215908742085138,5.598370403757078
-12.8316023811906,-0.0617018200100041,0.0006301774477202519,5.60990055792233
-12.802179259629817,-0.06173888003971297,0.000632066769960808,5.621483711365403
-12.772756138069035,-0.06177998305316088,0.0006312633279241866,5.633120230351216
-12.743333016508252,-0.061823647126490675,0.0006265616664140268,5.6448104845273805
-12.713909894947477,-0.0618658573424765,0.0006237680970597432,5.65655484696332
-12.684486773386695,-0.061902754707131136,0.0006259925700647258,5.668353694189981
-12.655063651825913,-0.061945102867081665,0.0006260581975879209,5.680207406240048
-12.62564053026513,-0.06199734108044809,0.0006239283502092403,5.692116366688762
-12.596217408704355,-0.06204691239498571,0.0006243149539861098,5.704080962695288
-12.566794287143573,-0.062083262408719524,0.0006332905584664649,5.716101585044683
-12.53737116558279,-0.062121675874800594,0.0006384860644138395,5.728178628190423
-12.507948044022008,-0.062168869079539,0.0006363680525691964,5.740312490297566
-12.478524922461233,-0.0622225348541031,0.0006305425367493539,5.752503573286502
-12.44910180090045,-0.06226914947720739,0.0006263157001846398,5.764752282877339
-12.419678679339668,-0.06230866159229137,0.0006241098931110794,5.777059028634901
-12.390255557778893,-0.062345871788401695,0.0006271977060308909,5.789424224014383
-12.36083243621811,-0.06238597692241951,0.0006331565696948472,5.801848286407665
-12.331409314657328,-0.062429693242936304,0.0006350804233760192,5.814331637190254
-12.301986193096546,-0.062468038254822195,0.0006346901257297977,5.826874701768938
-12.272563071535771,-0.06249715278741652,0.0006347259250421734,5.83947790963011
-12.243139949974989,-0.06253365723707778,0.0006313639839129273,5.852141694388792
-12.213716828414206,-0.06256703524040713,0.0006310356790292664,5.864866493838352
-12.184293706853424,-0.06259571336512795,0.0006352672486542578,5.877652750000963
-12.154870585292649,-0.06262393844180758,0.000641730326611467,5.890500909178785
-12.125447463731867,-0.06265089182368737,0.0006497983835836589,5.9034114220059
-12.096024342171084,-0.06267750353786304,0.000661151789932681,5.916384743500983
-12.066601220610309,-0.06271327494086967,0.0006733967359487392,5.92942133312077
-12.037178099049527,-0.06275150827970453,0.0006769913954171115,5.942521654814299
-12.007754977488744,-0.06278620241601121,0.0006761793735943694,5.9556861770779435
-11.978331855927962,-0.06282094086536355,0.0006761221957010227,5.968915373011263
-11.948908734367187,-0.06286124783532988,0.0006741762239011164,5.9822097203736755
-11.919485612806405,-0.06290203658957386,0.0006734359229344085,5.995569701641987
-11.890062491245622,-0.06294360968309673,0.0006736304797771341,6.008995804068737
-11.86063936968484,-0.06299070189682514,0.0006748292645032334,6.0224885197414455
-11.831216248124065,-0.06303059732287765,0.0006679137945746661,6.036048345642736
-11.801793126563282,-0.06307269800217115,0.0006649551559280151,6.04967578371136
-11.7723700050025,-0.06312732617488104,0.0006577525139397249,6.063371340904118
-11.742946883441718,-0.06317366186951792,0.000653454697865048,6.077135529258734
-11.713523761880943,-0.06320777818775639,0.0006511123815223712,6.090968865957667
-11.68410064032016,-0.06324011442992733,0.0006471390377221895,6.104871873392898
-11.654677518759378,-0.06327680172532128,0.0006457058113886614,6.118845079231675
-11.625254397198603,-0.06331623779289453,0.0006501537967636806,6.132889016483275
-11.59583127563782,-0.06335101303008811,0.0006529120687862412,6.14700422356679
-11.566408154077038,-0.06338970460372029,0.0006545220411175829,6.161191244379916
-11.536985032516256,-0.06343734072859132,0.0006579221461503823,6.175450628368828
-11.50756191095548,-0.0634839828038038,0.000661698003018668,6.189782930599103
-11.478138789394698,-0.06352238895674325,0.000661510344934528,6.204188711827764
-11.448715667833916,-0.06355460281353009,0.0006592417049813431,6.218668538576388
-11.419292546273134,-0.06358749781794311,0.0006602749319085345,6.23322298320539
-11.389869424712359,-0.06362726671863228,0.0006650838276167999,6.247852623989426
-11.360446303151576,-0.06367405642305014,0.0006698222832345538,6.262558045194005
-11.331023181590794,-0.063715681793267,0.0006697261489965603,6.277339837153241
-11.301600060030019,-0.06376005949701165,0.0006755704217138708,6.292198596348864
-11.272176938469237,-0.06380715495767858,0.0006818543809439795,6.307134925490462
-11.242753816908454,-0.06384788898447592,0.0006897469495289743,6.322149433596958
-11.213330695347672,-0.06388483917581,0.0006966534053060689,6.337242736079398
-11.183907573786897,-0.06392438661484467,0.0007033302868971633,6.352415454825025
-11.154484452226114,-0.06396997553171471,0.0007127048008926653,6.367668218282714
-11.125061330665332,-0.06401744166495657,0.0007248808933712455,6.38300166154971
-11.09563820910455,-0.06406079391400252,0.0007378405429417785,6.3984164264598045
-11.066215087543775,-0.0641035890948638,0.0007520583609864188,6.413913161672874
-11.036791965982992,-0.0641425840994829,0.0007590540666855929,6.429492522765892
-11.00736884442221,-0.0641711545094265,0.0007608006252718592,6.445155172325345
-10.977945722861428,-0.06419493330003909,0.0007569448636983679,6.460901780041195
-10.948522601300652,-0.0642168215783781,0.0007562595185712087,6.47673302280231
-10.91909947973987,-0.06424084478678577,0.0007643979041565697,6.492649584793476
-10.889676358179088,-0.06427039676778684,0.0007773982127014077,6.508652157593944
-10.860253236618313,-0.0643067160544908,0.0007848743480268975,6.524741440277601
-10.83083011505753,-0.06434717540405649,0.0007805960795879578,6.540918139514784
-10.801406993496748,-0.0643802992133567,0.0007753205194962033,6.557182969675725
-10.771983871935966,-0.06440858128493765,0.0007719926768702187,6.5735366529357195
-10.74256075037519,-0.06444125035800703,0.000772552096356151,6.589979919382012
-10.713137628814408,-0.06448347180897471,0.0007779479401936551,6.606513507122455
-10.683714507253626,-0.06453025656397,0.0007903449737491903,6.623138162395935
-10.654291385692844,-0.0645793831665259,0.0008019558837611449,6.63985463968466
-10.624868264132068,-0.06463220166803538,0.0007995280998382587,6.656663701828289
-10.595445142571286,-0.06468137444135853,0.0007815078800288023,6.673566120139998
-10.566022021010504,-0.06472978000624871,0.0007729889624961011,6.690562674524424
-10.536598899449729,-0.06478232047815426,0.0007739392979206963,6.7076541535976455
-10.507175777888946,-0.06483770901468763,0.0007756270288057744,6.724841354809161
-10.477752656328164,-0.06489532804530221,0.000778987434447461,6.742125084565895
-10.448329534767382,-0.06495231733672807,0.000787313544883197,6.759506158358337
-10.418906413206606,-0.06500442779131316,0.0007921685064342961,6.776985400888791
-10.389483291645824,-0.06506099144608854,0.0007883650621956584,6.794563646201838
-10.360060170085042,-0.06513650069812035,0.0007830789285516019,6.812241737816968
-10.33063704852426,-0.06519518062046475,0.0007813983118723523,6.830020528863529
-10.301213926963484,-0.06524341772020267,0.0007882186787704048,6.847900882217961
-10.271790805402702,-0.06529785095820632,0.0007932640223415135,6.865883670643411
-10.24236768384192,-0.0653512189175403,0.0007986121731781306,6.8839697769317185
-10.212944562281145,-0.0654023053212908,0.0008020755568262367,6.902160094047884
-10.183521440720362,-0.06545849959503497,0.0008043437099509972,6.920455525277057
-10.15409831915958,-0.06552548748222523,0.0008059406966482984,6.938856984374022
-10.124675197598798,-0.06559515875432276,0.0008018974676004104,6.957365395715347
-10.095252076038022,-0.06565596205252933,0.0007968975604239964,6.975981694454168
-10.06582895447724,-0.06570385186863846,0.0008002446491114027,6.994706826677702
-10.036405832916458,-0.0657623311790665,0.0008074427993196391,7.013541749567503
-10.006982711355676,-0.0658191217393095,0.0008093243418710959,7.032487431562572
-9.9775595897949,-0.06586452390446207,0.0008041081800974813,7.051544852525343
-9.948136468234118,-0.06590960288966231,0.0007985304648814329,7.070715003910627
-9.918713346673336,-0.06595771230530102,0.0007907238763361555,7.08999888893753
-9.889290225112553,-0.06600221862478688,0.000781159721320342,7.109397522764478
-9.859867103551778,-0.0660384639957271,0.0007799365952821965,7.128911932667348
-9.830443981990996,-0.06607018255019165,0.0007696434237013024,7.14854315822083
-9.801020860430214,-0.066101402902077,0.0007500482967088637,7.168292251483008
-9.771597738869438,-0.0661356743555605,0.0007395995586525213,7.1881602771833135
-9.742174617308656,-0.06617737703816347,0.000736739928810697,7.208148312913893
-9.712751495747874,-0.06621507436561286,0.0007341424208236881,7.228257449324402
-9.683328374187091,-0.06624494081067081,0.0007236144531224128,7.248488790320406
-9.653905252626316,-0.06627800711823728,0.0007086647950243521,7.268843453265374
-9.624482131065534,-0.0663086406699513,0.0006998790071245027,7.289322569186415
-9.595059009504752,-0.066342391472152,0.0007108531607598356,7.309927282983739
-9.56563588794397,-0.06638481901510734,0.0007229160086824173,7.330658753644043
-9.536212766383194,-0.066427347153545,0.0007258691028957794,7.351518154457814
-9.506789644822412,-0.06647211147166779,0.0007237866705394154,7.3725066732406965
-9.47736652326163,-0.06652309748852557,0.0007328619929407418,7.393625512558932
-9.447943401700854,-0.0665811800772888,0.000758567874085085,7.414875889959064
-9.418520280140072,-0.06664402163604058,0.0007862461985404018,7.4362590382019365
-9.38909715857929,-0.06672148684431346,0.0008046599111225503,7.457776205501056
-9.359674037018507,-0.06680483995579659,0.0008188027099360471,7.4794286557654965
-9.330250915457732,-0.06688815361935657,0.0008244192510803636,7.501217668847373
-9.30082779389695,-0.0669761446522136,0.0008241699622011936,7.523144540794035
-9.271404672336168,-0.06705898254260459,0.0008290235649002528,7.545210584105024
-9.241981550775385,-0.06714226108835829,0.0008304660673417834,7.567417127993975
-9.21255842921461,-0.06723302125570622,0.000824561053886391,7.589765518655523
-9.183135307653828,-0.06732550048567634,0.0008159556346497127,7.612257119537352
-9.153712186093045,-0.06740339601794271,0.0008092880800491877,7.634893311617461
-9.124289064532263,-0.0674786936589779,0.0008098861635804186,7.657675493686825
-9.094865942971488,-0.06755577371980458,0.0008204036352229218,7.680605082637527
-9.065442821410706,-0.06763221300474012,0.0008384738314569588,7.703683513756527
-9.036019699849923,-0.06771386739201107,0.0008454670061217904,7.726912241025115
-9.006596578289148,-0.06779313261851894,0.0008409515749005311,7.750292737424287
-8.977173456728366,-0.06786292320299277,0.0008379691427222954,7.77382649524612
-8.947750335167584,-0.06792565956775493,0.0008452012154655369,7.79751502641125
-8.918327213606801,-0.06798931996528555,0.0008530968705476272,7.821359862792677
-8.888904092046026,-0.06805842570241072,0.0008572790888485301,7.845362556545981
-8.859480970485244,-0.06813603096670215,0.0008557148799722237,7.869524680446145
-8.830057848924461,-0.06821493245587075,0.0008515578720406595,7.893847828231055
-8.80063472736368,-0.06828962128400323,0.0008437991584826483,7.9183336149519485
-8.771211605802904,-0.06835172617925134,0.0008410960449541392,7.942983677330882
-8.741788484242122,-0.06841241203594833,0.0008418288213600574,7.967799674125453
-8.71236536268134,-0.06848162394999116,0.0008422125735041962,7.992783286500855
-8.682942241120564,-0.06855177789804448,0.0008440639088866612,8.017936218409545
-8.653519119559782,-0.06863692140266206,0.0008408009422379318,8.043260196978668
-8.624095997999,-0.0687091960532318,0.0008345078104376508,8.068756972905335
-8.594672876438217,-0.06875126039562589,0.0008406194524766587,8.094428320860116
-8.565249754877442,-0.06879541006726497,0.00085118258150411,8.120276039898775
-8.53582663331666,-0.06885712689131296,0.0008670739826469434,8.146301953882583
-8.506403511755877,-0.06892362409084506,0.0008807732443910767,8.172507911907289
-8.476980390195095,-0.06896774275575444,0.0008710847913528755,8.198895788741071
-8.44755726863432,-0.0690152244294811,0.0008649355979129786,8.225467485271624
-8.418134147073538,-0.06906684101600011,0.0008787189949746318,8.252224928962642
-8.388711025512755,-0.06912343726977221,0.0008966436056917885,8.279170074319861
-8.359287903951973,-0.06919105410477738,0.0008921537335706128,8.306304903366987
-8.329864782391198,-0.06925744173806361,0.0008709798791499308,8.333631426131701
-8.300441660830415,-0.06932266844352195,0.000857912425559761,8.361151681142001
-8.271018539269633,-0.06940424633692538,0.000863758746879545,8.388867735933118
-8.241595417708858,-0.06949477240612903,0.0008695505851922144,8.416781687565305
-8.212172296148076,-0.06956451826693005,0.0008515744101026857,8.444895663152794
-8.182749174587293,-0.06963600162855901,0.0008458984992553117,8.473211820404076
-8.153326053026511,-0.06971920873282411,0.0008520224688779674,8.501732348173974
-8.123902931465736,-0.06980434644478381,0.0008649369939191927,8.530459467027638
-8.094479809904954,-0.06988499799166903,0.0008644828042499121,8.559395429816924
-8.065056688344171,-0.06995724655009403,0.0008580293432554528,8.58854252226928
-8.035633566783389,-0.07003331093635701,0.0008604731135631876,8.617903063589667
-8.006210445222614,-0.07011316919179086,0.0008726099900270817,8.647479407075696
-7.976787323661831,-0.07017543966366366,0.0008774379450115122,8.677273940746428
-7.947364202101049,-0.07023367957171325,0.0008884909450662396,8.707289087985066
-7.917941080540274,-0.07030844732979433,0.0008999583810725782,8.737527308196047
-7.888517958979492,-0.07039047019036544,0.0009036309831788406,8.767991097476834
-7.859094837418709,-0.07047188890095119,0.0008974864229268715,8.798682989304735
-7.829671715857927,-0.07055711625979956,0.0008902710233170444,8.829605555239281
-7.800248594297152,-0.0706490073631924,0.0008925364701521704,8.860761405640451
-7.7708254727363695,-0.07073900016434716,0.000887496710614676,8.892153190403274
-7.741402351175587,-0.07083310860033332,0.0008661087646912073,8.92378359970909
-7.711979229614805,-0.07094353851113902,0.0008586212053707356,8.955655364794094
-7.68255610805403,-0.07102797198391386,0.0008515688073442024,8.98777125873549
-7.653132986493247,-0.07111027646876791,0.0008584738214351064,9.02013409725584
-7.623709864932465,-0.07122417765119526,0.0008708326463967411,9.05274673954593
-7.594286743371683,-0.0713372090494504,0.0008815369355994405,9.085612089106878
-7.5648636218109075,-0.07140978525818636,0.0008916500261760507,9.118733094611828
-7.535440500250125,-0.07148497063677861,0.0009350583908289395,9.15211275078788
-7.506017378689343,-0.07154459019035744,0.0009335110191777469,9.185754099318686
-7.476594257128568,-0.0716265211489899,0.0008894079198419858,9.21966022976843
-7.447171135567785,-0.0716939280710408,0.0009241370663859215,9.253834280527709
-7.417748014007003,-0.07178396817940522,0.0009273690136873102,9.288279439781864
-7.388324892446221,-0.0718752475735176,0.0009223321538715052,9.322998946502505
-7.358901770885446,-0.07195817256817627,0.0009416222248995917,9.357996091462804
-7.329478649324663,-0.07205590239442997,0.0009494708640474565,9.39327421827727
-7.300055527763881,-0.07214851293847838,0.0009269579097190195,9.42883672446659
-7.270632406203099,-0.07225317650239281,0.0009591044375980809,9.464687062548421
-7.2412092846423235,-0.07233767697559565,0.0009727669059783264,9.500828741154711
-7.211786163081541,-0.07242719303621949,0.0009794126614610578,9.537265326176422
-7.182363041520759,-0.0725376156288418,0.0009611157574238277,9.57400044193632
-7.152939919959984,-0.07264522231474868,0.0009749976407123321,9.611037772390768
-7.123516798399201,-0.07276893849005198,0.0010121887906486666,9.648381062361313
-7.094093676838419,-0.07290331373235728,0.0010392020567963145,9.686034118796847
-7.064670555277637,-0.07303184442686228,0.0010440709558023418,9.72400081206738
-7.035247433716862,-0.07313663450866777,0.0010341032919199127,9.762285077290246
-7.005824312156079,-0.07324661674411335,0.0010350176626614793,9.80089091568976
-6.976401190595297,-0.07340071777750584,0.0010284728113121888,9.839822395991208
-6.946978069034515,-0.07358031315885544,0.0010202992659600243,9.879083655850346
-6.9175549474737394,-0.07373296393744828,0.0010279682038133817,9.91867890331933
-6.888131825912957,-0.07383179072297483,0.0010190350851558545,9.958612418350254
-6.858708704352175,-0.07387618511617475,0.0009686830346496766,9.998888554337325
-6.8292855827914,-0.07395289584069051,0.0009451615397863909,10.039511739698959
-6.799862461230617,-0.07406165229232889,0.0009504436089690695,10.080486479500975
-6.770439339669835,-0.07416201632636613,0.0009699808546885105,10.121817357122008
-6.741016218109053,-0.07430911759801462,0.0009818945752273318,10.163509035962655
-6.7115930965482775,-0.07448222532544027,0.00099555454571442,10.205566261199492
-6.682169974987495,-0.07462546465078765,0.0010127245166975478,10.247993861585513
-6.652746853426713,-0.07473196871036472,0.0010303314731693373,10.290796751298243
-6.623323731865931,-0.07486442221943466,0.0010705744986361297,10.333979931837197
-6.593900610305155,-0.0750531094552439,0.0011183386704984152,10.377548493972094
-6.564477488744373,-0.07521054926361259,0.0010812212274856953,10.42150761974352
-6.535054367183591,-0.07532530794861193,0.0010343058526219367,10.465862584517534
-6.5056312456228085,-0.07541878344438867,0.001039816413832692,10.510618759096129
-6.476208124062033,-0.07553151480052,0.0010815040018910891,10.55578161188517
-6.446785002501251,-0.07569161915889683,0.001123230975509629,10.601356711121754
-6.417361880940469,-0.07588566310166037,0.0011459451053444831,10.64734972716274
-6.3879387593796935,-0.07605764838168441,0.001142623720239491,10.693766434836617
-6.358515637818911,-0.07616692982057882,0.0011223932519724463,10.740612715860681
-6.329092516258129,-0.07623943796885299,0.0010984419505193738,10.787894561325523
-6.2996693946973465,-0.07634621790320294,0.0010834608881434638,10.835618074249265
-6.270246273136571,-0.07654173050360438,0.0010717481181627786,10.883789472203627
-6.240823151575789,-0.0767789578178171,0.0010734768133643855,10.932415090014372
-6.211400030015007,-0.07700703227791958,0.001075286039399676,10.981501382538353
-6.181976908454224,-0.07720389383724646,0.0010727274608581196,11.031054927520014
-6.152553786893449,-0.07737516452516419,0.0010791540971595275,11.081082428529767
-6.123130665332667,-0.07753203132864374,0.001099904530998612,11.131590717987155
-6.093707543771885,-0.07770231775703021,0.0011211524189880127,11.18258676027149
-6.064284422211109,-0.07787782582404928,0.0011407005829609412,11.234077654923144
-6.034861300650327,-0.07803734843100715,0.0011614223397180402,11.286070639938494
-6.005438179089545,-0.07819023862917276,0.0011553527063435617,11.33857309516161
-5.9760150575287625,-0.07835118262569661,0.001113680109755384,11.39159254577627
-5.946591935967987,-0.07854499543960781,0.0010667202552156001,11.445136665901561
-5.917168814407205,-0.07879840030390411,0.0010818665089902275,11.499213282294834
-5.887745692846423,-0.07901881427203782,0.001123599264665717,11.553830378165566
-5.85832257128564,-0.07920137208522526,0.0011367264232434557,11.608996097104264
-5.828899449724865,-0.07942005806323268,0.0010828486874327426,11.664718747130308
-5.799476328164083,-0.07962205085346916,0.0010476365735653922,11.721006804863075
-5.770053206603301,-0.07978246048115506,0.0010699526771503877,11.777868919820545
-5.740630085042518,-0.07993534413405826,0.0011145117638878914,11.835313918850256
-5.711206963481743,-0.08011973027124225,0.0011203755997027118,11.893350810697115
-5.681783841920961,-0.08034998755074449,0.0010615565962545721,11.951988790713244
-5.6523607203601784,-0.08065563805548112,0.0009907848205708528,12.011237245714764
-5.622937598799403,-0.08093143773721702,0.001007787520655011,12.071105758991207
-5.593514477238621,-0.08113657338067762,0.0010698993288922813,12.131604115473028
-5.564091355677839,-0.08132241864157012,0.0010816582164394095,12.19274230706294
-5.534668234117056,-0.08152357011578704,0.0010564332895871694,12.254530538137447
-5.505245112556281,-0.08176247809674844,0.001039331038711997,12.316979231224716
-5.475821990995499,-0.08201213678463283,0.0010208304239609782,12.380099032865578
-5.4463988694347165,-0.0822658050621686,0.0010216609369869995,12.443900819664375
-5.416975747873934,-0.08252019974534794,0.0010607910223519091,12.508395704537133
-5.387552626313159,-0.08280477511268414,0.0010856033077992992,12.573595043164405
-5.358129504752377,-0.08308908723035538,0.0010826139872855247,12.639510440656789
-5.328706383191594,-0.08334330376964896,0.0010618998414626797,12.706153758441149
-5.299283261630819,-0.08361673749942464,0.0010704914884718236,12.773537121376343
-5.269860140070037,-0.08395334205015056,0.0011191596198614352,12.84167292510737
-5.240437018509255,-0.08425425847909972,0.0011322445118672315,12.91057384366708
-5.211013896948472,-0.08451427703183848,0.0011412303176094416,12.980252837335597
-5.181590775387697,-0.084794217809638,0.0011423438050266223,13.050723160767411
-5.152167653826915,-0.08510870275715626,0.0011508216813935182,13.121998371397051
-5.1227445322661325,-0.08544554307121077,0.0011614085625654977,13.194092338134249
-5.09332141070535,-0.0857876184008802,0.0011961039131761645,13.267019250360672
-5.063898289144575,-0.08608504310367149,0.0012417917621393572,13.340793627240183
-5.034475167583793,-0.08638319472032317,0.0012427384142535208,13.415430327355697
-5.00505204602301,-0.08671883934388433,0.001220643004583908,13.49094455868575
-4.975628924462228,-0.08704725339044235,0.0012467466995857216,13.56735188893525
-4.946205802901453,-0.0874046037511993,0.001273227908508743,13.644668256234803
-4.9167826813406705,-0.08778525719925949,0.001269508061250144,13.722909980224362
-4.887359559779888,-0.08817211129507348,0.001233054284397959,13.802093773537003
-4.857936438219113,-0.08856782373979197,0.0011798878932930816,13.882236753700218
-4.828513316658331,-0.0890073709776759,0.0011392280615512165,13.963356455472338
-4.799090195097548,-0.08945212591412108,0.0011511496129067741,14.04547084363258
-4.769667073536766,-0.08989418427088312,0.001184841749863609,14.12859832624469
-4.740243951975991,-0.09030625655188536,0.0012118889355929806,14.212757768414438
-4.710820830415209,-0.09069233111725425,0.0011991967378059793,14.2979685065628
-4.681397708854426,-0.09109209118920752,0.0011288016294674936,14.38425036323719
-4.651974587293644,-0.09155413730830476,0.0010962582848221063,14.471623662484955
-4.622551465732869,-0.09201333415944361,0.001159817797041293,14.5601092458139
-4.5931283441720865,-0.09249861220189567,0.001192082872038069,14.649728488766364
-4.563705222611304,-0.09295273845902732,0.0011545466697544457,14.74050331813423
-4.534282101050529,-0.09336565687774834,0.0011155188202306742,14.832456229844384
-4.504858979489747,-0.09378888645076361,0.0011685922199911598,14.925610307545076
-4.475435857928964,-0.0942730551190497,0.001215984322977512,15.019989241925243
-4.446012736368182,-0.09482693044400048,0.001201147711605872,15.115617350801166
-4.416589614807407,-0.09534539023788305,0.001195329127684815,15.212519600005908
-4.3871664932466246,-0.09582464772615205,0.0011988686625543114,15.310721625119454
-4.357743371685842,-0.09632888927674176,0.0011929588008783144,15.410249754078952
-4.32832025012506,-0.09691013511673222,0.0011415492790063234,15.511131030711386
-4.298897128564285,-0.09752263330622142,0.001028151396825931,15.613393239232508
-4.269474007003502,-0.09804412102669186,0.0009992432471286677,15.71706492975891
-4.24005088544272,-0.09857225636334008,0.001014347996330585,15.822175444882086
-4.210627763881938,-0.09917178524979815,0.001060043512684635,15.928754947356893
-4.181204642321163,-0.09985366685734884,0.001123051058570615,16.03683444895894
-4.15178152076038,-0.10053295881647775,0.0011428934836148809,16.14644584056918
-4.122358399199598,-0.10114645006474753,0.0011296664588189543,16.25762192354658
-4.092935277638823,-0.10171894936038062,0.0011392385807151137,16.37039644245426
-4.0635121560780405,-0.1023395381549006,0.0011204585689012327,16.484804119207364
-4.034089034517258,-0.10299694573075215,0.0010837758571125582,16.600880688715087
-4.004665912956476,-0.1036767188018874,0.0010500357496520292,16.71866293609418
-3.9752427913957007,-0.10438410088960695,0.0010441544842297288,16.83818873553494
-3.9458196698349184,-0.10510513978594219,0.0010230182290882155,16.959497090906236
-3.916396548274136,-0.10576176858046904,0.0010399150596824458,17.082628178190625
-3.8869734267133538,-0.10640645730275117,0.0010411823896707422,17.207623389847043
-3.8575503051525786,-0.10708594425965824,0.001005769705917625,17.334525381203576
-3.8281271835917963,-0.10784900284199558,0.0009662971470426349,17.46337811898988
-3.798704062031014,-0.10863632246473122,0.000979324097126041,17.59422693212473
-3.7692809404702388,-0.10979400103294676,0.0009761088663608152,17.72711856488258
-3.7398578189094565,-0.11075299708150302,0.0010995743671134994,17.862101232569795
-3.710434697348674,-0.11138927654247685,0.0008501073083276511,17.999224679849657
-3.681011575787892,-0.11229781630374999,0.0007018131288909207,18.13854024186487
-3.6515884542271166,-0.11324405709276303,0.0008894317096523226,18.28010090831494
-3.6221653326663343,-0.11422178287957901,0.0009460633095943043,18.423961390656725
-3.592742211105552,-0.11513932904829582,0.0009190273339870033,18.570178192606775
-3.5633190895447697,-0.11598834780324091,0.0008891190848990054,18.7188096841369
-3.5338959679839945,-0.11677679492878498,0.0009053374385026821,18.869916179166058
-3.504472846423212,-0.11749633816983918,0.0009303020554954216,19.023560017166197
-3.47504972486243,-0.11844348432341634,0.0009142153436723536,19.179805648913458
-3.4456266033016547,-0.11948267497872711,0.0009567593164312963,19.338719726633226
-3.4162034817408724,-0.12048555500093988,0.0009963999871460988,19.500371198803602
-3.38678036018009,-0.12126780269790259,0.0008865470700884446,19.66483140990023
-3.357357238619308,-0.12202629053186688,0.0007986250971551161,19.83217420538636
-3.3279341170585326,-0.12305897937592031,0.0008364079460807917,20.002476042272136
-3.2985109954977503,-0.12408352562182424,0.0007733752865906728,20.175816105591366
-3.269087873936968,-0.12497901146886212,0.0006732809129992691,20.352276431167883
-3.2396647523761857,-0.12576452702048413,0.0007002788270688862,20.531942035072216
-3.2102416308154105,-0.12658728348440235,0.0009138396905976796,20.71490105019716
-3.180818509254628,-0.1273855820684724,0.0009492057442171125,20.901244870413667
-3.151395387693846,-0.12842391907022782,0.0007107997985572165,21.091068302801812
-3.1219722661330636,-0.12943783018676347,0.0006256197090200845,21.284469728490425
-3.0925491445722884,-0.13040953690958054,0.0006326126889849407,21.481551272678033
-3.063126023011506,-0.131238376451795,0.0006181457538816234,21.682418984452955
-3.0337029014507237,-0.13190947975052353,0.0005638971001611375,21.88718302707713
-3.0042797798899485,-0.13274460056406617,0.0007576204976009108,22.09595787945188
-2.9748566583291662,-0.13358319617591774,0.0008551010035505731,22.308862549539455
-2.945433536768384,-0.13456730331253985,0.000747870542610491,22.52602080057574
-2.9160104152076016,-0.135229524673944,0.0007093390242566237,22.747561390978746
-2.8865872936468264,-0.13576227844134095,0.0005749160576930283,22.973618328929142
-2.857164172086044,-0.13643661046703703,0.00047454146151927905,23.204331142681166
-2.827741050525262,-0.1372759200624398,0.0005593358321719845,23.439845167748775
-2.7983179289644795,-0.13792270492989028,0.0006384532464123156,23.68031185221016
-2.7688948074037043,-0.1384072881658324,0.0005173319444624753,23.92588908147753
-2.739471685842922,-0.13904965493595045,0.0005250478001455222,24.17674152399621
-2.7100485642821397,-0.13969653514163383,0.0005829899786102653,24.4330409994628
-2.6806254427213645,-0.14006215981335024,0.0006966164085476269,24.69496687129373
-2.651202321160582,-0.1404827556112352,0.0006559528230073978,24.962706465227544
-2.6217791995998,-0.14108399500025032,0.0005891068592806573,25.236455516113455
-2.5923560780390176,-0.14149363731921588,0.0005210943227378044,25.516418645126674
-2.5629329564782424,-0.14168512849901913,0.0004999900096418223,25.80280986985467
-2.53350983491746,-0.14193764801985015,0.00037396970390260443,26.095853149927443
-2.5040867133566778,-0.14227655807918937,0.0005408843799058744,26.395782971114116
-2.4746635917958955,-0.14280883089790591,0.00046557375915652513,26.702844971088837
-2.4452404702351203,-0.1428084719030281,0.0005598411639049496,27.017296610374565
-2.415817348674338,-0.1428896519335302,0.0005172321283609055,27.33940789231735
-2.3863942271135556,-0.14304597323691737,0.0005099272947334172,27.669462136321496
-2.3569711055527733,-0.14317373712547818,0.0005111467681812524,28.007756809001332
-2.327547983991998,-0.14325019783230902,0.0005343668855164464,28.354604418373327
-2.298124862431216,-0.14318513749323264,0.00040351495096025585,28.710333476739283
-2.2687017408704335,-0.14334372528059372,0.00043279142409479945,29.07528953849528
-2.2392786193096583,-0.1433590701704386,0.0005557913688360079,29.449836319759513
-2.209855497748876,-0.14331999273482593,0.0004882321609736163,29.834356907443812
-2.1804323761880937,-0.14333978126531083,0.0001727402794537498,30.22925506621687
-2.1510092546273114,-0.1429385061724827,0.00041539513345212326,30.6349566527341
-2.121586133066536,-0.14283844675096435,0.0007144311928126529,31.051911147546065
-2.092163011505754,-0.1427697791187426,0.0007720768202374603,31.4805933162714
-2.0627398899449716,-0.14245059207898314,0.0005218872870830287,31.921505012939477
-2.0333167683841893,-0.1420759486103475,0.0006166343435158525,32.37517713990582
-2.003893646823414,-0.1415162073333729,0.0007390451182419336,32.84217178043123
-1.9744705252626318,-0.1409007178818423,0.0006471768327123478,33.323084521936835
-1.9450474037018495,-0.1402571327852905,0.0006745121984759395,33.81854699012419
-1.9156242821410743,-0.13955646081364848,0.0007895468413413947,34.329229616633896
-1.886201160580292,-0.13870881824671538,0.000752517461137195,34.85584466574297
-1.8567780390195097,-0.13747119325406607,0.0006099248144159738,35.399149548833336
-1.8273549174587274,-0.13607977241401037,0.0007709488224019446,35.959950459068736
-1.7979317958979522,-0.13395482813169443,0.0011176054035442675,36.53910636295937
-1.7685086743371699,-0.13112759440255234,0.0012109224986593889,37.13753339037936
-1.7390855527763875,-0.1283135705651842,0.0010648080504685891,37.75620967022391
-1.7096624312156052,-0.12456196763181329,0.0008426098962088386,38.396180665395036
-1.68023930965483,-0.11978786574743192,0.00090341489288809,39.0585650683206
-1.6508161880940477,-0.11350292409512681,0.0007987856107895129,39.74456132694267
-1.6213930665332654,-0.10575626113523917,0.001102840034445172,40.45545488125978
-1.5919699449724831,-0.09713234714028507,0.0006289654917008642,41.192626202354475
-1.562546823411708,-0.08716965258737626,0.0009281779602159421,41.95755973968046
-1.5331237018509256,-0.07668823763930166,0.0007216399589960221,42.751853898628355
-1.5037005802901433,-0.06659091937096387,0.00027963976351560944,43.577232189483986
-1.474277458729368,-0.05642387659587035,0.00024083167256944317,44.43555571143099
-1.4448543371685858,-0.04694866170947517,0.00032986373688521296,45.32883716190437
-1.4154312156078035,-0.03801075279229829,0.0003528809235935267,46.25925659324951
-1.3860080940470212,-0.029130040157107063,0.00024988702713302083,47.22917917634183
-1.356584972486246,-0.02112803594490143,0.00038763107172155897,48.241175275867704
-1.3271618509254637,-0.01379490600471231,0.0003071693158311734,49.29804319601559
-1.2977387293646814,-0.006954876505430023,0.00043322536640720734,50.40283502038945
-1.268315607803899,-0.0004940869234415163,0.0005345701034326104,51.558886048620614
-1.2388924862431239,0.00551643777474406,0.0006416499659321305,52.769848427613255
-1.2094693646823416,0.01083966921150234,0.0005916822139852122,54.03972969173561
-1.1800462431215593,0.015591283196644856,0.00033313355479739715,55.372937068745195
-1.150623121560784,0.018779443615652085,0.00046401936906975797,56.77432858352193
-1.1212,0.023628215,0.0003079250000000781,58.2492722083482
