Temp./°C,DSC_mean/(mW/mg),DSC_std/(mW/mg),pore radius in nm
-59.95377,-0.04065816333333333,0.0002473704798261639,1.648664444287657
-59.92433071035518,-0.04069335030486923,0.00026190187517562044,1.6491943645158602
-59.89489142071035,-0.04073793262630638,0.00026745057035406234,1.649724805672467
-59.86545213106553,-0.040760516102553025,0.0002549956439279077,1.650255768525989
-59.83601284142071,-0.0407810333452066,0.00024087703126608533,1.6507872538464499
-59.806573551775884,-0.040804633132798196,0.00022168172044173594,1.6513192624053898
-59.777134262131064,-0.04082660360504868,0.0002131464433682993,1.6518517949758689
-59.747694972486244,-0.04083177448365887,0.00020975071505371614,1.6523848523324705
-59.718255682841416,-0.04084010479500907,0.0002107345038128057,1.6529184352513053
-59.688816393196596,-0.040850652128874475,0.00021079789563337054,1.6534525445100159
-59.659377103551776,-0.04085863666546057,0.00020554184435416528,1.6539871808877789
-59.62993781390695,-0.04085959479452303,0.00019804455964577664,1.6545223451653106
-59.60049852426213,-0.04084689518686233,0.0002080729341479545,1.6550580381248685
-59.57105923461731,-0.04081691978585142,0.00023843995065255685,1.655594260550258
-59.54161994497248,-0.04078603709291836,0.00027286386772926776,1.6561310132268336
-59.51218065532766,-0.04076308170206203,0.0003145900644133969,1.6566682969415036
-59.48274136568284,-0.040748362595326625,0.00035686619018588674,1.6572061124827346
-59.45330207603802,-0.04075233234260511,0.0003761857036717189,1.6577444606405556
-59.423862786393194,-0.04076985758752861,0.0003792338460107861,1.65828334220656
-59.394423496748374,-0.04079092333016752,0.00037991643484566604,1.6588227579739105
-59.364984207103554,-0.040813582752324336,0.00038316075041491056,1.6593627087373446
-59.335544917458726,-0.04083272928649812,0.0003854227633477303,1.6599031952931753
-59.306105627813906,-0.040856143071827035,0.0003840885935195568,1.6604442184392982
-59.276666338169086,-0.04088262853210012,0.0003798139323659592,1.660985778975193
-59.24722704852426,-0.040883529040589485,0.00038011878338240667,1.661527877701929
-59.21778775887944,-0.04088214315323096,0.00037376001429552684,1.6620705154221675
-59.18834846923462,-0.040881883126581336,0.0003537590226956029,1.6626136929401683
-59.15890917958979,-0.04088172519469178,0.00032389050675492884,1.6631574110617908
-59.12946988994497,-0.04088299233375108,0.0002992952243263197,1.6637016705945
-59.10003060030015,-0.04087579985812048,0.0002752198167407762,1.664246472347369
-59.070591310655324,-0.04086753958798849,0.00024720726787737934,1.6647918171310847
-59.041152021010504,-0.04086996020479905,0.00021882211568395027,1.66533770575795
-59.011712731365684,-0.04087907453532366,0.00019721182871272153,1.6658841390418897
-58.98227344172086,-0.04088775990420169,0.00017687002958415986,1.666431117798453
-58.952834152076036,-0.040891507780087884,0.00015258886457347775,1.6669786428448177
-58.923394862431216,-0.04089734537831755,0.0001345128837305148,1.6675267149997963
-58.89395557278639,-0.04090748445317515,0.00013091712928648772,1.6680753350838367
-58.86451628314157,-0.04091192337734864,0.00013276519063920607,1.6686245039190286
-58.83507699349675,-0.04091748474961503,0.0001359635923254605,1.6691742223291084
-58.80563770385192,-0.040931344191826,0.00013372726217583005,1.6697244911394602
-58.7761984142071,-0.04094477204906357,0.00012842013680845329,1.6702753111771225
-58.74675912456228,-0.04095946887344654,0.00012447589220267226,1.6708266832707914
-58.717319834917454,-0.040977228273550804,0.00012855503177756637,1.671378608250826
-58.687880545272634,-0.04099157697334858,0.00013133279891243,1.6719310869492499
-58.658441255627814,-0.0409999040180952,0.0001310877790049831,1.6724841201997576
-58.629001965982994,-0.040999790043675606,0.00013024476644056657,1.673037708837719
-58.59956267633817,-0.04099758818162257,0.00013598472821247862,1.6735918537001813
-58.570123386693346,-0.04100714613467438,0.00013742924147742882,1.6741465556258754
-58.540684097048526,-0.041032496193690864,0.00012728186243493952,1.6747018154552196
-58.5112448074037,-0.041059973705910885,0.00012048138329910326,1.6752576340303222
-58.48180551775888,-0.041080588460924806,0.0001228147892965232,1.675814012194989
-58.45236622811406,-0.041093322473689874,0.00012838567708891002,1.6763709507947246
-58.42292693846923,-0.04110469415258094,0.00012958634911944294,1.676928450676738
-58.39348764882441,-0.04111869574750701,0.00012551024180094326,1.677486512689946
-58.36404835917959,-0.04113015216962684,0.00011910330296924621,1.6780451376849803
-58.334609069534764,-0.04113535979296452,0.0001113273636782141,1.6786043265141877
-58.305169779889944,-0.041138601501554656,0.00010434583063102869,1.6791640800316365
-58.275730490245124,-0.04115260561463229,0.00010239671391409893,1.6797243990931219
-58.2462912006003,-0.04117267217270445,0.00011076411027053099,1.6802852845561693
-58.21685191095548,-0.04118674291604018,0.00011849114652881026,1.6808467372800373
-58.187412621310656,-0.041190668714077235,0.00012053099312842589,1.6814087581257247
-58.15797333166583,-0.04119227041632425,0.00012109970087863525,1.6819713479559733
-58.12853404202101,-0.04119751028321258,0.00012327268411916107,1.682534507635272
-58.09909475237619,-0.0412053150602742,0.00012965949349673397,1.6830982380298631
-58.06965546273136,-0.04120846178894077,0.00014283475957026036,1.6836625400077443
-58.04021617308654,-0.04121451311048374,0.00015508226518454003,1.6842274144386753
-58.01077688344172,-0.041221135705765764,0.0001650001772310265,1.6847928621941803
-57.981337593796894,-0.04122735289377483,0.0001774970459202606,1.685358884147555
-57.951898304152074,-0.04124168137815573,0.0001959248515868474,1.6859254811738684
-57.922459014507254,-0.04125155926780522,0.0002088663103682027,1.6864926541499687
-57.89301972486243,-0.04125089582741167,0.00021534922957562589,1.6870604039544888
-57.86358043521761,-0.04125244725659524,0.00022809231664541163,1.6876287314678473
-57.83414114557279,-0.0412629997051587,0.00024301282978852082,1.6881976375722578
-57.80470185592796,-0.041280797674350715,0.00025336983462083596,1.68876712315173
-57.77526256628314,-0.04130114452557637,0.0002565030740274474,1.6893371890920759
-57.74582327663832,-0.04132175946781267,0.00025665446612217014,1.6899078362809128
-57.71638398699349,-0.04133802447099164,0.000253713150183926,1.6904790656076707
-57.68694469734867,-0.041348291218109394,0.0002486743036921616,1.6910508779635935
-57.65750540770385,-0.04136108202618785,0.0002485540137114264,1.6916232742417465
-57.62806611805903,-0.04137264966307796,0.0002452066686616252,1.6921962553370191
-57.598626828414204,-0.04138351993548772,0.00024121663888185415,1.6927698221461314
-57.569187538769384,-0.04139576601384524,0.00024027486072545126,1.6933439755676356
-57.539748249124564,-0.04141550138319813,0.0002410041720488506,1.6939187165019254
-57.51030895947974,-0.04143631280488041,0.00024070414950469552,1.6944940458512368
-57.48086966983492,-0.04144989372690066,0.00023668527152189553,1.6950699645196536
-57.4514303801901,-0.04145786846855427,0.00023135501741203805,1.6956464734131136
-57.42199109054527,-0.04146798165675769,0.00023232751554227489,1.6962235734394127
-57.39255180090045,-0.04147687575146328,0.00023304372066589702,1.6968012655082076
-57.36311251125563,-0.04148536329762873,0.00023021554475792147,1.6973795505310254
-57.3336732216108,-0.04149830103927826,0.00022517122042976987,1.6979584294212624
-57.30423393196598,-0.04151181843226572,0.00022197773372309074,1.6985379030941932
-57.27479464232116,-0.04152075644780947,0.00022031293795480116,1.6991179724669743
-57.245355352676334,-0.04153171765898437,0.0002215762653706457,1.6996986384586492
-57.215916063031514,-0.04154500938859123,0.00022219593562065691,1.7002799019901516
-57.186476773386694,-0.04155468720404583,0.00021949390663434168,1.7008617639843124
-57.15703748374187,-0.041564298363351855,0.0002213026785433255,1.7014442253658646
-57.12759819409705,-0.04156869906530652,0.00021790013967883071,1.7020272870614455
-57.09815890445223,-0.041575303753437536,0.00021161841112276553,1.7026109499996043
-57.0687196148074,-0.04158610755646667,0.00021250427792910944,1.703195215110807
-57.03928032516258,-0.04160040651189201,0.00021728161832845058,1.7037800833274392
-57.00984103551776,-0.04161712093280284,0.00022077488314034267,1.7043655555838138
-56.98040174587293,-0.041638258297240084,0.0002232042658820577,1.7049516328161731
-56.95096245622811,-0.04166280591501473,0.00022355454500607116,1.7055383159626962
-56.92152316658329,-0.04168484673930493,0.0002255846597267544,1.7061256059635026
-56.89208387693847,-0.04169994596730956,0.00022812079688951648,1.7067135037606587
-56.862644587293644,-0.04171457385421962,0.00022831342559038418,1.7073020102981804
-56.833205297648824,-0.04173617291027604,0.00022875076095717117,1.70789112652204
-56.803766008004004,-0.041760216550534475,0.00023160390236765877,1.708480853380172
-56.77432671835918,-0.0417811551384862,0.00022780989556459418,1.7090711918224755
-56.74488742871436,-0.041799444973021814,0.00022502526008314876,1.7096621428008216
-56.71544813906954,-0.041821283277733594,0.0002237273235283451,1.7102537072690573
-56.68600884942471,-0.04183895720328412,0.00021802530250741422,1.7108458861830123
-56.65656955977989,-0.04185065064405367,0.00021117101106727157,1.7114386805005006
-56.62713027013507,-0.04185863600736401,0.00020669158583878452,1.7120320911813312
-56.59769098049024,-0.04186634713315233,0.0002051477141844208,1.712626119187307
-56.56825169084542,-0.04187683835489272,0.000207042444806606,1.7132207654822342
-56.5388124012006,-0.04188754398843517,0.00020816064242796845,1.7138160310319277
-56.509373111555774,-0.04189441711778414,0.00020741275093644294,1.7144119168042131
-56.479933821910954,-0.04189019112293498,0.00020667961400650076,1.7150084237689347
-56.450494532266134,-0.041888898907344874,0.00020921078945483287,1.71560555289796
-56.42105524262131,-0.04188399419167111,0.00020666858027869353,1.7162033051651844
-56.39161595297649,-0.041875849791229276,0.00020294464579852453,1.7168016815465377
-56.36217666333167,-0.04187425912316434,0.0002104152630560994,1.7174006830199882
-56.33273737368684,-0.04187703439133831,0.0002231791671071462,1.7180003105655488
-56.30329808404202,-0.04188584104110512,0.00023296608976676347,1.718600565165282
-56.2738587943972,-0.04189106483275795,0.0002414693546048225,1.7192014478033046
-56.24441950475237,-0.041889548337698486,0.0002549151351205346,1.7198029594657958
-56.21498021510755,-0.041885270224228575,0.0002677042416886888,1.7204051011409978
-56.18554092546273,-0.04188122117414186,0.0002777305766225784,1.7210078738192265
-56.156101635817905,-0.041880925598084214,0.0002870782301536127,1.7216112784928734
-56.126662346173084,-0.041890050448637715,0.0003021926243319157,1.722215316156412
-56.097223056528264,-0.0419051576332485,0.0003169226536887621,1.7228199878064032
-56.06778376688344,-0.04191658688408806,0.0003229834109251167,1.723425294441502
-56.03834447723862,-0.04192217503512843,0.00032124977392289,1.7240312370624609
-56.0089051875938,-0.04193426523906957,0.00031498162846507847,1.7246378166721366
-55.97946589794897,-0.041952274583805994,0.0003082004589812726,1.7252450342754955
-55.95002660830415,-0.04196338807824451,0.0003010033388373486,1.7258528908796196
-55.92058731865933,-0.041970810822514304,0.0002983239647483887,1.7264613874937114
-55.8911480290145,-0.041979681223469074,0.0002910659493165468,1.7270705251290988
-55.86170873936968,-0.04199425931172087,0.0002773976356024106,1.7276803047992426
-55.83226944972486,-0.042001317475632516,0.00026121657157672404,1.7282907275197408
-55.802830160080035,-0.04200587969495929,0.00024138395063191402,1.7289017943083347
-55.773390870435215,-0.042015037317350956,0.000220982403384524,1.7295135061849138
-55.743951580790394,-0.04202137269021191,0.0002060776553126861,1.730125864171523
-55.714512291145574,-0.04202548965708571,0.00019087251584080933,1.730738869292367
-55.68507300150075,-0.04203153473796353,0.00017483194566481235,1.731352522573816
-55.65563371185593,-0.042037001332081096,0.00015770560053338396,1.7319668250444122
-55.62619442221111,-0.04203689214695913,0.00013832428984703185,1.7325817777348753
-55.59675513256628,-0.04204019039242728,0.00012546914161213032,1.7331973816781079
-55.56731584292146,-0.0420485269696255,0.0001271117228018933,1.733813637909201
-55.53787655327664,-0.042053508767920245,0.00012734783995145427,1.7344305474654411
-55.50843726363181,-0.04205822703849147,0.0001186197703276023,1.7350481113863152
-55.47899797398699,-0.0420699405541684,0.00011227500452062959,1.7356663307135158
-55.44955868434217,-0.042082525704591804,0.0001072537282326783,1.7362852064909489
-55.420119394697345,-0.04209954359395394,0.00010193346486677314,1.736904739764738
-55.390680105052525,-0.042115667144781314,9.688281372324192e-05,1.7375249315832293
-55.361240815407704,-0.04212524574133166,9.705686943279819e-05,1.7381457829970017
-55.33180152576288,-0.042127426127558765,0.00010399717806356903,1.7387672950588677
-55.30236223611806,-0.04213019117484162,0.00010998469924649005,1.739389468823882
-55.27292294647324,-0.042130516760160976,0.00011825534832580052,1.7400123053493473
-55.24348365682842,-0.04212588887956104,0.0001172581287020585,1.7406358056948208
-55.21404436718359,-0.04212101097839436,0.00011152768410089176,1.7412599709221181
-55.18460507753877,-0.04212293687191241,0.00011703558711199076,1.7418848020953215
-55.15516578789395,-0.042129486149913374,0.00013268180479723772,1.742510300280785
-55.12572649824912,-0.0421359960357427,0.00014654454094935345,1.7431364665471398
-55.0962872086043,-0.042140392262530746,0.00015263987977661735,1.7437633019653016
-55.06684791895948,-0.04214533947179657,0.00015043162528635868,1.7443908076084766
-55.037408629314655,-0.042152579987598686,0.00014871382697504562,1.7450189845521673
-55.007969339669835,-0.04216176141781583,0.00014993859004581967,1.7456478338741772
-54.978530050025014,-0.04217084055425385,0.0001566562054922716,1.7462773566546197
-54.94909076038019,-0.04217897480571848,0.00016403988261684256,1.7469075539759222
-54.91965147073537,-0.042192933174698875,0.00016894216948981378,1.7475384269228336
-54.89021218109055,-0.0422129464558069,0.0001756883265337818,1.748169976582429
-54.86077289144572,-0.04222848365282666,0.000188377725134612,1.7488022040441176
-54.8313336018009,-0.04223818659095723,0.00020120902208643025,1.7494351103996486
-54.80189431215608,-0.04224669881326148,0.00020597562060049507,1.7500686967431158
-54.77245502251125,-0.04225392672799632,0.00020744166405752866,1.750702964170967
-54.74301573286643,-0.04226035952018725,0.00020786764447392467,1.7513379137820069
-54.71357644322161,-0.0422671553458796,0.00021298184432954687,1.7519735466774056
-54.684137153576785,-0.042276880562867214,0.0002225141038884857,1.7526098639607053
-54.654697863931965,-0.0422838355086706,0.00022676589244506365,1.753246866737825
-54.625258574287145,-0.0422913100714564,0.00022432688582468035,1.7538845561170682
-54.59581928464232,-0.04230103447383607,0.00022081464434455672,1.7545229332091279
-54.5663799949975,-0.042310654961138415,0.00022377898001903134,1.755161999127096
-54.53694070535268,-0.04231983113890627,0.00022542841639305747,1.7558017549864653
-54.50750141570785,-0.04233588743429042,0.00021956547961110974,1.7564422019051409
-54.47806212606303,-0.04235293292473924,0.00021130576748016979,1.7570833410034425
-54.44862283641821,-0.042369339529849226,0.00020909979494446922,1.7577251734041135
-54.41918354677338,-0.042385009877408696,0.00021305229033389384,1.7583677002323275
-54.38974425712856,-0.04240159367145283,0.0002200403199983098,1.7590109226156927
-54.36030496748374,-0.04241462504895944,0.0002254881271945193,1.7596548416842608
-54.330865677838915,-0.042422257114555696,0.00022768090546998256,1.7602994585705325
-54.301426388194095,-0.04243120254950914,0.00022625182746646187,1.7609447744094653
-54.271987098549275,-0.04244684430279725,0.0002254898207217875,1.7615907903384778
-54.24254780890445,-0.04246949897040762,0.00023216774952558453,1.762237507497459
-54.21310851925963,-0.0424940885303924,0.0002399327848495238,1.7628849270287734
-54.18366922961481,-0.04251666789913608,0.00024191443337510203,1.7635330500772683
-54.15422993996998,-0.042528485344440835,0.00023779922151271124,1.7641818777902807
-54.12479065032516,-0.04253481087070685,0.00023757417718641796,1.7648314113176435
-54.09535136068034,-0.04254286615795335,0.0002424828557235765,1.765481651811692
-54.06591207103551,-0.04254929366272386,0.00024113088477637303,1.766132600427273
-54.03647278139069,-0.04255774111944225,0.0002264141448655999,1.7667842583217483
-54.00703349174587,-0.042566780515076445,0.00021614643890365,1.767436626655004
-53.97759420210105,-0.04257968727144749,0.00021329881478128934,1.7680897065894565
-53.948154912456225,-0.042594804974928756,0.00020909056299744664,1.7687434992900597
-53.918715622811405,-0.0426059113369416,0.00019927834343533776,1.769398005924311
-53.889276333166585,-0.04261090379154955,0.00018592989097688495,1.77005322766226
-53.85983704352176,-0.04260956298071885,0.00016945656997775874,1.770709165676514
-53.83039775387694,-0.04260896240610238,0.0001528656328057032,1.7713658211422443
-53.80095846423212,-0.042615291133446975,0.00014639674007324983,1.772023195237197
-53.77151917458729,-0.042628523298809305,0.00014355903957516717,1.7726812891416945
-53.74207988494247,-0.042643982674726605,0.00013659022160841602,1.773340104038648
-53.71264059529765,-0.042660493270750804,0.0001295710728048579,1.77399964111356
-53.68320130565282,-0.04267810694238755,0.00012739022786979482,1.7746599015545348
-53.653762016008,-0.0426853877062616,0.0001251508006700836,1.7753208865522834
-53.62432272636318,-0.042690117086388445,0.00012572508238189144,1.7759825973001324
-53.594883436718355,-0.0427028195515081,0.0001320375233941763,1.7766450349940306
-53.565444147073535,-0.04272149201401341,0.00015060563826416816,1.7773082008325538
-53.536004857428715,-0.042735937373677015,0.0001679431068063445,1.7779720960169167
-53.50656556778389,-0.042758446091043366,0.00018477312114583075,1.7786367217509764
-53.47712627813907,-0.042793152450018634,0.00020253662074781465,1.7793020792412415
-53.44768698849425,-0.042820916186551074,0.00021694149415684937,1.7799681696968777
-53.41824769884943,-0.042841401366766015,0.00022623549822664706,1.7806349943297173
-53.3888084092046,-0.04286359623903879,0.00023389444443517752,1.7813025543542649
-53.35936911955978,-0.04289004817832733,0.000244745035734443,1.7819708509877064
-53.32992982991496,-0.042923108919564475,0.0002595012595685434,1.7826398854499135
-53.30049054027013,-0.04295405392149839,0.0002731653964347641,1.7833096589634545
-53.27105125062531,-0.04297499384497882,0.0002718425943718836,1.7839801727536
-53.24161196098049,-0.04299016247707493,0.00026601409684951665,1.7846514280483299
-53.212172671335665,-0.04301019109108143,0.0002643122030416242,1.7853234260783424
-53.182733381690845,-0.0430204600245363,0.0002629962744197194,1.7859961680770597
-53.153294092046025,-0.04301294598759023,0.0002609161742811682,1.7866696552806376
-53.1238548024012,-0.043007996823666565,0.00025923099742746153,1.787343888927972
-53.09441551275638,-0.043008511680980153,0.00026209693018367506,1.7880188702607054
-53.06497622311156,-0.04301305997367603,0.0002655168763100537,1.788694600523237
-53.03553693346673,-0.04301230720075703,0.0002608454011379535,1.7893710809627277
-53.00609764382191,-0.04300220495652224,0.00024704399262226174,1.7900483128291103
-52.97665835417709,-0.04299582341297603,0.00023341524430493498,1.790726297375095
-52.94721906453226,-0.04299196326573148,0.00022538434334839626,1.791405035856179
-52.91777977488744,-0.042985818583942625,0.0002230859989175143,1.7920845295306527
-52.88834048524262,-0.042979424812158905,0.00022381176486907593,1.7927647796596076
-52.858901195597795,-0.04298159678374577,0.0002244704083149417,1.793445787506946
-52.829461905952975,-0.04299279172899793,0.00022249455858892688,1.7941275543393864
-52.800022616308155,-0.04300692462142767,0.00021522634390793707,1.7948100814264727
-52.77058332666333,-0.043023708089552574,0.0002096732366429306,1.7954933700405822
-52.74114403701851,-0.04304490684431069,0.0002043354230852253,1.7961774214569322
-52.71170474737369,-0.043061329980557235,0.00020008493873057708,1.7968622369535892
-52.68226545772886,-0.0430753904208823,0.00019999967860584528,1.7975478178114765
-52.65282616808404,-0.04308993832796981,0.00020478557201858498,1.798234165314383
-52.62338687843922,-0.043107550150483155,0.00021035261151787816,1.7989212807489685
-52.59394758879439,-0.0431231923211986,0.00021327052856466385,1.799609165404776
-52.56450829914957,-0.0431426532814947,0.00021931403238503307,1.8002978205742348
-52.53506900950475,-0.04316526066385765,0.00021916518727603908,1.8009872475526731
-52.505629719859925,-0.04318361695044143,0.00022293507018482104,1.801677447638324
-52.476190430215105,-0.04319992820823082,0.0002320645770280715,1.8023684221323326
-52.446751140570285,-0.04321781162497949,0.00023855558026743525,1.8030601723387667
-52.41731185092546,-0.04323442518349013,0.00024152704237408995,1.8037526995646234
-52.38787256128064,-0.043243396980205386,0.0002455396726239675,1.804446005119837
-52.35843327163582,-0.043250099598794674,0.00024987499192075563,1.805140090317289
-52.32899398199099,-0.04326122856139708,0.000245440392831219,1.8058349564728142
-52.29955469234617,-0.043281473515328385,0.00023545792699843985,1.8065306049052112
-52.27011540270135,-0.043304921458331945,0.00023181715420896495,1.8072270369362493
-52.24067611305653,-0.04332383663050889,0.00022626443652604594,1.8079242538906768
-52.2112368234117,-0.0433476534802301,0.0002188665520863897,1.8086222570962298
-52.18179753376688,-0.04337070007510455,0.00021298245459919627,1.8093210478836417
-52.15235824412206,-0.04339079579468714,0.00020869123461283762,1.810020627586649
-52.122918954477235,-0.04341318843286416,0.00020336696643499222,1.8107209975420036
-52.093479664832415,-0.043449523127156324,0.00020049425074045697,1.8114221590894766
-52.064040375187595,-0.043489808777885906,0.00020838677990386961,1.8121241135718713
-52.03460108554277,-0.043522053218758384,0.00021421973497359482,1.8128268623350285
-52.00516179589795,-0.0435548629146682,0.0002168594746206217,1.8135304067278382
-51.97572250625313,-0.04358989183611598,0.00022407652034140899,1.814234748102244
-51.9462832166083,-0.04362457057580423,0.000231870799811436,1.8149398878132565
-51.91684392696348,-0.043657497646496936,0.0002366449127665017,1.8156458272189586
-51.88740463731866,-0.04369610407795948,0.00024251194346651845,1.8163525676805157
-51.85796534767384,-0.04373489639355086,0.0002521543493739198,1.817060110562183
-51.82852605802901,-0.04376536711861732,0.00026065346000194665,1.8177684572313173
-51.79908676838419,-0.043798731468464365,0.00026313702857787345,1.8184776090583825
-51.76964747873937,-0.04383617013991684,0.00026769285891001276,1.81918756741696
-51.740208189094545,-0.04387168475631862,0.0002711170648033563,1.8198983336837578
-51.710768899449725,-0.04390231352347026,0.0002697704426918554,1.8206099092386188
-51.681329609804905,-0.04393901641497847,0.0002669515775729827,1.8213222954645287
-51.65189032016008,-0.04397910598319197,0.00026569603762240557,1.822035493747629
-51.62245103051526,-0.044018733176834246,0.0002667848816222218,1.82274950547722
-51.59301174087044,-0.04406210104606306,0.0002716203132963813,1.8234643320457753
-51.56357245122561,-0.044104984178804325,0.00027714626297970326,1.8241799748489473
-51.53413316158079,-0.04415217969639149,0.0002867463937221765,1.8248964352855777
-51.50469387193597,-0.04419492041391496,0.00029620007861432636,1.8256137147577065
-51.47525458229114,-0.044231901766334104,0.00030298945544164244,1.8263318146705814
-51.44581529264632,-0.044274857242267325,0.00030937489135562257,1.8270507364326667
-51.4163760030015,-0.04432791656800136,0.0003163996758798196,1.8277704814556515
-51.386936713356675,-0.04438293261153212,0.00032165188219858464,1.8284910511544608
-51.357497423711855,-0.044432054215667344,0.00032525990566863665,1.8292124469472637
-51.328058134067035,-0.044480352339779906,0.00032465218755536396,1.8299346702554828
-51.29861884442221,-0.04452990773562513,0.00032405414689516286,1.8306577225038034
-51.26917955477739,-0.044577346089038766,0.0003269148415385685,1.8313816051201837
-51.23974026513257,-0.044617195709694496,0.0003295546814074039,1.8321063195358622
-51.21030097548774,-0.04465089997129656,0.0003253212319072641,1.8328318671853707
-51.18086168584292,-0.04468513554278919,0.00031475697310778643,1.8335582495065395
-51.1514223961981,-0.04472223784029669,0.0003014838604722937,1.8342854679405098
-51.12198310655327,-0.044758088339003126,0.00028724014353677456,1.8350135239317433
-51.09254381690845,-0.04480041263438855,0.00027618456148205194,1.8357424189280285
-51.06310452726363,-0.04484865279790232,0.0002738532420562234,1.8364721543804952
-51.033665237618806,-0.04488605383428875,0.00028284854513462834,1.8372027317436208
-51.004225947973985,-0.04491130880584764,0.00029780484186902294,1.8379341524752393
-50.974786658329165,-0.04494350583036837,0.00031276176163879467,1.8386664180365542
-50.94534736868434,-0.044994041889424685,0.00032221952761385083,1.8393995298921464
-50.91590807903952,-0.04505194807403368,0.00032310852440308385,1.840133489509983
-50.8864687893947,-0.04510945177262728,0.00032083365209158946,1.8408682983614288
-50.85702949974987,-0.04517052600953212,0.00032866514284817145,1.8416039579212558
-50.82759021010505,-0.04522628125714901,0.0003351839610342641,1.842340469667652
-50.79815092046023,-0.04527229620122187,0.00034331173371556346,1.8430778350822319
-50.7687116308154,-0.04531400818592359,0.00035611185744352915,1.843816055650048
-50.73927234117058,-0.0453627899345776,0.0003678512348536504,1.8445551328595982
-50.70983305152576,-0.04541971303223399,0.0003709588374865303,1.8452950682028364
-50.680393761880936,-0.045479002556022885,0.0003644560502894708,1.8460358631751848
-50.650954472236116,-0.04553590223774987,0.0003553116641315534,1.8467775192755411
-50.621515182591295,-0.04559251884727299,0.0003535832220502496,1.8475200380062895
-50.59207589294647,-0.04565062575477528,0.0003646269510419635,1.8482634208733124
-50.56263660330165,-0.04570464611624874,0.000375440218509574,1.849007669385998
-50.53319731365683,-0.04575961949841528,0.00038107360891617746,1.8497527850572526
-50.503758024012,-0.04582431831375026,0.00038516353579347984,1.8504987694035098
-50.47431873436718,-0.045893860099697405,0.000385597943338101,1.8512456239447408
-50.44487944472236,-0.04595317690633238,0.00038325749354798294,1.8519933502044656
-50.41544015507753,-0.04600054020999405,0.000381833643017587,1.8527419497097624
-50.38600086543271,-0.046047922255646224,0.00037783922159307135,1.853491423991278
-50.35656157578789,-0.04609687530019996,0.0003732024714221935,1.8542417745832394
-50.327122286143066,-0.04614242089696997,0.0003708131444082374,1.8549930030234623
-50.297682996498246,-0.046188899364394874,0.0003682168667456766,1.855745110853364
-50.268243706853426,-0.04623668822347735,0.0003599644837813151,1.8564980996179719
-50.238804417208605,-0.04628309409176856,0.0003505310902384577,1.8572519708659345
-50.20936512756378,-0.04632383457995631,0.00034294138898001756,1.8580067261495339
-50.17992583791896,-0.046355136640373294,0.0003355473004362922,1.8587623670246933
-50.15048654827414,-0.046378748385759665,0.00032698987563220576,1.8595188950509898
-50.12104725862931,-0.0464209416654548,0.0003240320584976064,1.8602763117916656
-50.09160796898449,-0.04647280995517722,0.0003209990631240742,1.8610346188136364
-50.06216867933967,-0.04650757272302217,0.00031892888682981976,1.8617938176875044
-50.03272938969485,-0.04654027234110897,0.00031984121713671086,1.862553909987568
-50.00329010005002,-0.04657946864086219,0.0003202040709288665,1.8633148972918345
-49.9738508104052,-0.04661491852976146,0.00032292219225127546,1.864076781182027
-49.94441152076038,-0.046654198763325584,0.00032571139699411007,1.8648395632436001
-49.914972231115556,-0.046697670299222525,0.0003252460753988775,1.8656032450657478
-49.885532941470736,-0.04675065981015725,0.0003216353991770114,1.8663678282414153
-49.856093651825915,-0.046809939189489586,0.0003234980717633229,1.8671333143673108
-49.82665436218109,-0.046865548738499074,0.0003409559105786724,1.8678997050439161
-49.79721507253627,-0.046911088345530455,0.00035377663981827695,1.8686670018754974
-49.76777578289145,-0.04696375096493921,0.00036157232672861194,1.8694352064701163
-49.73833649324662,-0.047023281612280525,0.0003696677485264778,1.8702043204396426
-49.7088972036018,-0.04707824714486262,0.0003834446531616553,1.8709743453997638
-49.67945791395698,-0.04712401680010708,0.00040409294646231796,1.8717452829699974
-49.65001862431215,-0.047164689409810535,0.0004245491855074186,1.8725171347737017
-49.62057933466733,-0.04719642567370353,0.0004345876487469471,1.873289902438088
-49.59114004502251,-0.04722703560698368,0.00044900624337054556,1.874063587594231
-49.561700755377686,-0.04726471628298303,0.0004546971058024723,1.8748381918770813
-49.532261465732866,-0.04730762418415982,0.00045702470813432683,1.8756137169254758
-49.502822176088046,-0.04735260370696337,0.00046088098722434816,1.87639016438215
-49.47338288644322,-0.047398932643248605,0.0004661452672636037,1.8771675358937499
-49.4439435967984,-0.047441100929237257,0.0004687253283784386,1.877945833110843
-49.41450430715358,-0.047476047219240314,0.00046391600338853704,1.8787250576879293
-49.38506501750875,-0.04751612960093341,0.0004457381160571735,1.8795052112834556
-49.35562572786393,-0.047565153376030324,0.0004402825686743388,1.8802862955598245
-49.32618643821911,-0.0476277476798971,0.0004461333405589875,1.881068312183407
-49.29674714857428,-0.04767878551656803,0.00044790239575988745,1.881851262824556
-49.26730785892946,-0.04772172188919061,0.0004457997617528917,1.8826351491576148
-49.23786856928464,-0.04777265570946826,0.00043664830243143605,1.8834199728609327
-49.208429279639816,-0.04783237371292326,0.000420423439577142,1.8842057356168747
-49.178989989994996,-0.047884794597754264,0.000406796839740382,1.884992439111834
-49.149550700350176,-0.047933637114664585,0.0004018517889522518,1.8857800850362452
-49.12011141070535,-0.04800503184127205,0.00039519962395958246,1.886568675084594
-49.09067212106053,-0.048074301181916496,0.0003936406102074278,1.887358210955432
-49.06123283141571,-0.048135691915427076,0.0003864139570372032,1.8881486943513868
-49.03179354177088,-0.04818151317600514,0.000385633717985218,1.8889401269791755
-49.00235425212606,-0.04821997022399085,0.00039460860464153623,1.8897325105496163
-48.97291496248124,-0.04826688279104968,0.00040557412296060726,1.890525846777642
-48.94347567283641,-0.0483062885232294,0.0004106903962290989,1.8913201373823108
-48.91403638319159,-0.048332159801223136,0.00042336853091042226,1.8921153840868192
-48.88459709354677,-0.048367560449306866,0.00044230357514751513,1.892911588618515
-48.855157803901946,-0.04840430842481113,0.0004470147785150379,1.8937087527089096
-48.825718514257126,-0.0484343151101786,0.00045205362425471,1.8945068780936904
-48.796279224612306,-0.048459462606298125,0.00047103288484514786,1.895305966512733
-48.76683993496748,-0.04849276342144317,0.0004976731344399954,1.896106019710115
-48.73740064532266,-0.048543745412669675,0.0005151647545475498,1.8969070394341272
-48.70796135567784,-0.04860599936466798,0.0005221623996142781,1.8977090274372874
-48.67852206603301,-0.04866666338514591,0.0005393941947868281,1.8985119854763535
-48.64908277638819,-0.048714787752165804,0.0005486712309456649,1.8993159153123345
-48.61964348674337,-0.04877189909357323,0.0005501334827147758,1.9001208187105059
-48.590204197098544,-0.04883515318784951,0.0005516927919891275,1.9009266974404202
-48.56076490745372,-0.04890473295109422,0.0005480332537414162,1.9017335532759212
-48.5313256178089,-0.04898930089635678,0.0005452971391503618,1.9025413879951572
-48.50188632816408,-0.04908392590281389,0.000553056930726303,1.9033502033805934
-48.472447038519256,-0.0491887316813621,0.0005627043890387442,1.9041600012190254
-48.443007748874436,-0.049286134428379806,0.0005602650359698259,1.904970783301592
-48.413568459229616,-0.049345737327170826,0.0005243544346998307,1.9057825514237887
-48.38412916958479,-0.04940778948234967,0.00048783467611270584,1.9065953073854809
-48.35468987993997,-0.049470958013145265,0.00045598225816050335,1.9074090529909173
-48.32525059029515,-0.04952373991004699,0.00043577900633028766,1.9082237900487424
-48.29581130065033,-0.04956611704976574,0.00041274431535746897,1.9090395203720116
-48.2663720110055,-0.0496071255784216,0.0003731442552468113,1.9098562457782036
-48.23693272136068,-0.04966244780721361,0.0003273283675459347,1.9106739680892333
-48.20749343171586,-0.04974709540336474,0.00031380885511102377,1.911492689131466
-48.17805414207103,-0.04985643217224217,0.00034242427526974556,1.912312410735732
-48.14861485242621,-0.049948624439641105,0.00038224869484331035,1.9131331347373384
-48.11917556278139,-0.05002046604127899,0.0003796265682124843,1.9139548629760839
-48.089736273136566,-0.0501046451230582,0.000384041096826177,1.9147775972962728
-48.060296983491746,-0.050204564461457934,0.00040211257395560905,1.9156013395467268
-48.030857693846926,-0.05029346945001723,0.00042870470443034773,1.9164260915808016
-48.0014184042021,-0.05036815199478321,0.00044905935413612393,1.9172518552564002
-47.97197911455728,-0.05045616976363288,0.00045006592159920925,1.9180786324359849
-47.94253982491246,-0.05056364738631475,0.000455604485670707,1.9189064249865924
-47.91310053526763,-0.05065965691351446,0.0005001615143051196,1.9197352347798495
-47.88366124562281,-0.05074697522081201,0.000539848211360611,1.9205650636919849
-47.85422195597799,-0.05083162818153317,0.0005815333876929653,1.9213959136038437
-47.824782666333164,-0.05089693384378761,0.0006386458602047878,1.9222277864009034
-47.79534337668834,-0.05097956284986301,0.0006809986515409351,1.923060683973286
-47.76590408704352,-0.05109043907882759,0.0006869694719058899,1.9238946082157735
-47.736464797398696,-0.05117006195561761,0.000673635759001416,1.9247295610278217
-47.707025507753876,-0.051210023036368395,0.0006513769656780201,1.9255655443135753
-47.677586218109056,-0.05125461492126093,0.0006512549488481223,1.9264025599818817
-47.64814692846423,-0.05129074016762449,0.0006463524979649206,1.9272406099463062
-47.61870763881941,-0.0513508298682352,0.000656517792123053,1.9280796961251454
-47.58926834917459,-0.05143777448517258,0.0006656159961043678,1.9289198204414433
-47.55982905952976,-0.05150445605620257,0.0006800754574757803,1.9297609848230057
-47.53038976988494,-0.05159270072412717,0.0006725118967487359,1.9306031912024135
-47.50095048024012,-0.05168401126078603,0.0006653249244059553,1.9314464415170391
-47.471511190595294,-0.05175909570400413,0.0006386474291704573,1.932290737709061
-47.442071900950474,-0.051843019223779686,0.0006404533469260036,1.9331360817254772
-47.41263261130565,-0.0519345612950984,0.0006525152050002702,1.9339824755181234
-47.383193321660826,-0.05203111918749049,0.0006682105409538196,1.934829921043685
-47.353754032016006,-0.05214082377281193,0.00067883041502088,1.935678420263712
-47.324314742371186,-0.05222082411338553,0.0006973834284569738,1.9365279751446374
-47.29487545272636,-0.05229677430579207,0.0006958347595705155,1.937378587657789
-47.26543616308154,-0.052400716914386615,0.0006760588795401689,1.9382302597794063
-47.23599687343672,-0.05255848316353934,0.0006833286030169059,1.939082993490656
-47.20655758379189,-0.052638317191655015,0.0006213981034800844,1.939936790777646
-47.17711829414707,-0.05262562692158981,0.0005099061502784596,1.9407916536314418
-47.14767900450225,-0.0526858225445799,0.0004882357597179554,1.941647584048082
-47.118239714857424,-0.05278219150348773,0.0005192810214281423,1.9425045840285948
-47.088800425212604,-0.05286596872925914,0.000578610048455574,1.9433626555790102
-47.059361135567784,-0.05297530673280107,0.0006573588120027649,1.944221800710379
-47.029921845922956,-0.05312617759350206,0.0007582424915143801,1.9450820214387892
-47.000482556278136,-0.053253473188001554,0.000767407529368895,1.9459433197853762
-46.971043266633316,-0.0532961145205042,0.0006314536770753673,1.9468056977763455
-46.94160397698849,-0.053461870826947956,0.000631785088467507,1.9476691574429847
-46.91216468734367,-0.05368122575373796,0.0006618748351833554,1.94853370082168
-46.88272539769885,-0.053839841078854304,0.0006851163461595747,1.9493993299539323
-46.85328610805402,-0.05393176594786236,0.0006987277102113114,1.9502660468863744
-46.8238468184092,-0.053977031453784324,0.0007523935211264508,1.9511338536707843
-46.79440752876438,-0.053970182294483304,0.0008008085756509785,1.9520027523641055
-46.764968239119554,-0.05403372887587138,0.0007707023425428124,1.95287274502846
-46.735528949474734,-0.05424499377080368,0.000765028889464423,1.9537438337311648
-46.706089659829914,-0.054478233357639565,0.0007808881288824705,1.95461602054475
-46.676650370185094,-0.05464846452617935,0.0007849616822687306,1.955489307546975
-46.647211080540266,-0.054718750108893655,0.0007621709615514342,1.9563636968208433
-46.617771790895446,-0.05473663456659702,0.0007345410447849613,1.9572391904546196
-46.588332501250626,-0.05484654472228238,0.0007059270398458593,1.9581157905418483
-46.5588932116058,-0.05506042015916127,0.0006821388994812745,1.9589934991813682
-46.52945392196098,-0.05514744708023315,0.0007947827645479981,1.9598723184773301
-46.50001463231616,-0.05527666819176615,0.000878172373144648,1.9607522505392123
-46.47057534267134,-0.055424109085764534,0.0008422747116378621,1.96163329748184
-46.44113605302651,-0.055535357260626285,0.0007531128533021816,1.9625154614254003
-46.41169676338169,-0.0556611397653158,0.0007719494702430017,1.9633987444954588
-46.38225747373687,-0.055813700387146226,0.0009329856604400159,1.9642831488229793
-46.352818184092044,-0.0559341638376701,0.0010114379023302852,1.9651686765443377
-46.323378894447224,-0.0559939282440951,0.0008539162053971414,1.9660553298013412
-46.293939604802404,-0.05615360031662641,0.0008458932345473747,1.9669431107412452
-46.264500315157576,-0.05639143001979568,0.0008676279864204208,1.967832021516771
-46.235061025512756,-0.05657790515277269,0.0009084464216121884,1.9687220642861214
-46.205621735867936,-0.056717816882636225,0.0009526685267607426,1.9696132412130005
-46.17618244622311,-0.0568035434282216,0.0010132466920112918,1.970505554466631
-46.14674315657829,-0.056891913156528674,0.001057670283440343,1.9713990062217683
-46.11730386693347,-0.05702787040146834,0.0010583708603701843,1.9722935986587236
-46.08786457728864,-0.05720461784323084,0.0009602041067811213,1.973189333963378
-46.05842528764382,-0.05743138364214462,0.0009321278914093935,1.9740862143272002
-46.028985997999,-0.05751714245225884,0.001031266763097606,1.9749842419472672
-45.999546708354174,-0.057552973133663594,0.0011150905797355684,1.9758834190262795
-45.970107418709354,-0.0577255458076306,0.001134201485081062,1.9767837477725796
-45.940668129064534,-0.05797317770411218,0.0011772520587550342,1.977685230400171
-45.91122883941971,-0.05815198237244228,0.0012355081288848188,1.9785878691287366
-45.881789549774886,-0.05815115898609666,0.001197970563393428,1.9794916661836548
-45.852350260130066,-0.05815124657545842,0.0010685778338629193,1.98039662379602
-45.82291097048524,-0.05824448072288302,0.0009731041590018112,1.9813027442026603
-45.79347168084042,-0.05843975425025361,0.0009763704487497678,1.9822100296461547
-45.7640323911956,-0.05871874761315778,0.0010952110345103835,1.9831184823748544
-45.73459310155077,-0.05887325291594465,0.001175004253672736,1.9840281046428982
-45.70515381190595,-0.05887646131053673,0.001147543055740961,1.9849388987102325
-45.67571452226113,-0.05889953668171182,0.0010805249936578338,1.9858508668426316
-45.646275232616304,-0.05905087810380915,0.001073835128134816,1.9867640113117138
-45.616835942971484,-0.05930631814170171,0.0011302077710638517,1.9876783343949609
-45.587396653326664,-0.05959692367442385,0.0011145574919461407,1.9885938383757393
-45.55795736368184,-0.05979709358824125,0.0011097683607326663,1.989510525543316
-45.52851807403702,-0.059911850631316044,0.0011660880975122591,1.99042839819288
-45.499078784392196,-0.05991703767499512,0.001308427689077006,1.9913474586255604
-45.46963949474737,-0.0599591798550932,0.0013896991671814465,1.9922677091484449
-45.44020020510255,-0.06016975153061335,0.001319025828667416,1.993189152074601
-45.41076091545773,-0.06041935025824352,0.0012493286871018596,1.9941117897230933
-45.3813216258129,-0.06066187780276161,0.0013378842202416644,1.9950356244190055
-45.35188233616808,-0.06072003907520888,0.0012802942822610411,1.9959606584934564
-45.32244304652326,-0.06082246862486681,0.0012233957889124702,1.996886894283624
-45.293003756878434,-0.060984933469408496,0.0012333193591861301,1.9978143341327605
-45.263564467233614,-0.06109613302181607,0.0012324508798358248,1.9987429803902153
-45.234125177588794,-0.06119772319394915,0.001143510046401605,1.9996728354114537
-45.20468588794397,-0.06136778193662581,0.0011351358742844795,2.0006039015580774
-45.17524659829915,-0.061587140098993444,0.0012683538555284056,2.0015361811978427
-45.14580730865433,-0.0617768630772673,0.0012612658034530588,2.0024696767046835
-45.1163680190095,-0.061926061373163845,0.0011137629109381055,2.0034043904587286
-45.08692872936468,-0.062077871821895725,0.0010238664778535313,2.004340324846324
-45.05748943971986,-0.062200289220472944,0.0011319971126491511,2.005277482260052
-45.02805015007503,-0.06233475499477268,0.001301160692713098,2.006215865098752
-44.99861086043021,-0.062459009235821754,0.0013762487725322012,2.0071554757675405
-44.96917157078539,-0.06260247682999315,0.0013356738331356918,2.008096316677833
-44.93973228114057,-0.06281050140813654,0.0012507468092608643,2.009038390247363
-44.910292991495744,-0.06302430791379687,0.0012892036812669778,2.0099816989002046
-44.880853701850924,-0.06328444629276618,0.0012958595754586672,2.01092624506679
-44.851414412206104,-0.06345142274571382,0.001240836719038522,2.0118720311839344
-44.82197512256128,-0.06351549741184319,0.0012466350421004777,2.012819059694854
-44.79253583291646,-0.06358726034162526,0.0012736949028095102,2.0137673330491883
-44.76309654327164,-0.06378793045378628,0.0011904154970231813,2.0147168537030216
-44.733657253626816,-0.06396043384217369,0.0011391174884474945,2.015667624118903
-44.70421796398199,-0.0641391816955032,0.0012340929431927379,2.016619646765868
-44.67477867433717,-0.06431059435485968,0.0012480417658820057,2.0175729241194613
-44.64533938469235,-0.06451709782160486,0.0012083088050616742,2.018527458661756
-44.61590009504752,-0.0646697355359984,0.0012345776698712008,2.0194832528813764
-44.5864608054027,-0.06475489434810047,0.0012847804606859632,2.020440309273521
-44.55702151575788,-0.06481072758827632,0.0013093415499411175,2.02139863033998
-44.527582226113054,-0.0649938152964407,0.0012490569762523224,2.0223582185891624
-44.498142936468234,-0.06525657323682048,0.0011887762412797456,2.0233190765361138
-44.468703646823414,-0.06531695906038353,0.0011856229849774385,2.02428120670254
-44.43926435717859,-0.06531823171225719,0.0012582042752900206,2.0252446116168303
-44.40982506753377,-0.06544801976980515,0.0013018460245854382,2.026209293814076
-44.38038577788895,-0.06559885054655522,0.0013505049780908264,2.027175255836097
-44.35094648824412,-0.06569693811550854,0.0013947384103293935,2.0281425002314606
-44.3215071985993,-0.0658205509789158,0.0013670083297302588,2.029111029555506
-44.29206790895448,-0.0660625402272203,0.0012362926067849111,2.0300808463703666
-44.26262861930965,-0.06627276576348323,0.0011700233881383193,2.0310519532449907
-44.23318932966483,-0.06628406965444915,0.0012391547878007482,2.032024352755167
-44.20375004002001,-0.06637962559561202,0.0012834566890426529,2.032998047483546
-44.174310750375184,-0.06658500234301835,0.0012581956543204023,2.0339730400196623
-44.144871460730364,-0.06681355155129973,0.0012437882298010929,2.034949332959957
-44.115432171085544,-0.0669614272985107,0.0012610165479025718,2.035926928907805
-44.08599288144072,-0.06704184438579266,0.0012728965333229543,2.0369058304735317
-44.0565535917959,-0.06719126705030996,0.0012797253607578732,2.0378860402744414
-44.02711430215108,-0.06743415454527575,0.0013397355157719515,2.038867560934839
-43.99767501250625,-0.06749514727075732,0.0013498127783127926,2.0398503950860514
-43.96823572286143,-0.06754767500005544,0.0012787211894466396,2.0408345453664545
-43.93879643321661,-0.06767251318774449,0.0012167090269024816,2.041820014421495
-43.90935714357178,-0.06781931969775574,0.0011995990983010422,2.0428068049037136
-43.87991785392696,-0.06793508030055177,0.001224202593001674,2.0437949194727687
-43.85047856428214,-0.06803090974733478,0.001256690064579897,2.044784360795463
-43.821039274637315,-0.06814703243204062,0.0012793417502932566,2.0457751315457644
-43.791599984992494,-0.06829892106192537,0.001302852764431205,2.046767234404831
-43.762160695347674,-0.06845856507286685,0.0012928980721240541,2.047760672061035
-43.73272140570285,-0.06860022541952165,0.0012588890426146492,2.04875544720999
-43.70328211605803,-0.06870554861422055,0.001230060715096801,2.049751562554569
-43.67384282641321,-0.06879892202874867,0.00119420771945016,2.0507490208049353
-43.64440353676838,-0.06890105633452104,0.0011728187367796787,2.0517478246785648
-43.61496424712356,-0.0690084817036433,0.001180867647788925,2.0527479769002683
-43.58552495747874,-0.06910760898950032,0.0011981542523777941,2.053749480202221
-43.55608566783391,-0.06920782700365145,0.0012042900940277608,2.054752337323982
-43.52664637818909,-0.06930661309220239,0.0012207221769125873,2.055756551012524
-43.49720708854427,-0.06942471143955783,0.0012154510363656605,2.0567621240222556
-43.467767798899445,-0.06952519397335354,0.0012007875329977063,2.057769059115048
-43.438328509254625,-0.06957832581180966,0.0012041944763978572,2.0587773590602576
-43.408889219609804,-0.06962254663513537,0.0012095984324829077,2.0597870266347558
-43.37944992996498,-0.06967549019680053,0.0012046272940634789,2.060798064622951
-43.35001064032016,-0.06973123451318163,0.0011908840388467484,2.0618104758168148
-43.32057135067534,-0.06977755888605137,0.001194443790301528,2.0628242630159086
-43.29113206103051,-0.06982936564305685,0.001218621426955834,2.0638394290274094
-43.2616927713857,-0.06989793113850047,0.001239587932674398,2.0648559766661343
-43.23225348174087,-0.0699681951258781,0.0012459421113323647,2.065873908754568
-43.20281419209604,-0.07001583245796221,0.001238884671720747,2.066893228122889
-43.17337490245123,-0.07004516493859726,0.0012252381189371165,2.067913937608993
-43.1439356128064,-0.07007100349829623,0.0012058310842031068,2.068936040058525
-43.114496323161575,-0.07009088718528501,0.00117993169029846,2.069959538324899
-43.08505703351676,-0.07010587898978925,0.0011516571218989037,2.070984435269329
-43.055617743871935,-0.07014380907434288,0.001134950771897926,2.0720107337608558
-43.02617845422711,-0.07017782311348982,0.0011192945062615033,2.0730384366763692
-42.996739164582294,-0.0701910313079263,0.0010791745260284433,2.0740675469006407
-42.96729987493747,-0.07019798563322233,0.001041642157131272,2.0750980673263477
-42.93786058529264,-0.07020973634782868,0.0009941490930849934,2.0761300008540995
-42.90842129564783,-0.07021877975027759,0.0009437741625350823,2.077163350392466
-42.878982006003,-0.07023205181608684,0.0009024412325808693,2.0781981188580056
-42.84954271635818,-0.070260036561325,0.0008792625106031308,2.079234309175292
-42.82010342671336,-0.07027068548460379,0.0008574695794881965,2.0802719242769405
-42.79066413706853,-0.070295690084316,0.0008280104168298528,2.081310967103638
-42.76122484742371,-0.07030753700121894,0.0007969223676532529,2.0823514406041683
-42.73178555777889,-0.0702882922734326,0.0007611158999161114,2.083393347735442
-42.702346268134065,-0.07026810466110449,0.0007354315648657909,2.084436691462524
-42.672906978489245,-0.07025807904666702,0.0007155854596834064,2.08548147475866
-42.643467688844424,-0.070254944627508,0.0007118182962338417,2.0865277006053082
-42.6140283991996,-0.07025379995736021,0.0007138235173856758,2.087575371992165
-42.58458910955478,-0.07025041786574981,0.0006995082466392436,2.0886244919171917
-42.55514981990996,-0.07024191941415774,0.0006603598982591809,2.089675063386649
-42.52571053026513,-0.0702352021316942,0.0006249271072901306,2.09072708941512
-42.49627124062031,-0.07021446552025228,0.0006103895497725605,2.091780573025541
-42.46683195097549,-0.07017899100467162,0.0006010652476166735,2.092835517249233
-42.43739266133066,-0.07012130190591666,0.0005851907154784932,2.0938919251259254
-42.40795337168584,-0.0701187408933209,0.000630188323471084,2.09494979970379
-42.37851408204102,-0.07015704918665251,0.0006975008872995289,2.096009144039469
-42.349074792396195,-0.07015605128421491,0.0007034557075562737,2.0970699611981027
-42.319635502751375,-0.07008367183720651,0.0006515148615348452,2.0981322542533603
-42.290196213106555,-0.07000592049731555,0.0006219329308216911,2.099196026287471
-42.26075692346173,-0.06996149469822256,0.0006269667111958728,2.1002612803912517
-42.23131763381691,-0.06992448005420031,0.0006383447323321825,2.101328019664137
-42.20187834417209,-0.06987943000727459,0.0006594371652427469,2.1023962472142115
-42.17243905452726,-0.06986089822691315,0.0006587023649264797,2.103465966158237
-42.14299976488244,-0.06984473821529537,0.0006004057815151965,2.1045371796216843
-42.11356047523762,-0.06981765371589534,0.0005539861147721403,2.105609890738765
-42.08412118559279,-0.06970756860213485,0.0005574470487204461,2.106684102652459
-42.05468189594797,-0.06956201421466211,0.000563721727932774,2.107759818514548
-42.02524260630315,-0.06956970889273147,0.0005093213957097326,2.1088370414856445
-41.995803316658325,-0.06959450190643979,0.0004153650921083475,2.109915774735224
-41.966364027013505,-0.06944131087827952,0.0003336198847940816,2.1109960214416548
-41.936924737368685,-0.06939892256316392,0.00030536240928386954,2.1120777847922305
-41.90748544772386,-0.06931311037709674,0.00040870895745461275,2.113161067983201
-41.87804615807904,-0.06917920544072058,0.0005633671073265275,2.1142458742198023
-41.84860686843422,-0.06909445957594561,0.0006055436934689896,2.1153322067162916
-41.81916757878939,-0.06907692596198854,0.0005828696159824307,2.1164200686959753
-41.78972828914457,-0.06897991636881906,0.000520245311137616,2.117509463391244
-41.76028899949975,-0.06883411522640782,0.0005364610891226238,2.1186003940436016
-41.73084970985492,-0.06864928777506162,0.0005858192766663119,2.1196928639037007
-41.7014104202101,-0.06844325939168851,0.0005295685751811778,2.1207868762313717
-41.67197113056528,-0.06819256683197755,0.0005053391071363712,2.121882434295657
-41.642531840920455,-0.06805111180254299,0.0005572920668321194,2.1229795413748445
-41.613092551275635,-0.06802940613623011,0.0006074543424722071,2.1240782007564962
-41.583653261630815,-0.06793667289843587,0.0006755215370996214,2.125178415737487
-41.55421397198599,-0.0678371410227742,0.0008182974918071439,2.1262801896240333
-41.524774682341175,-0.06773009047784996,0.0008768293308275635,2.1273835257317257
-41.49533539269635,-0.06749932292532679,0.0007419870115158076,2.1284884273855673
-41.46589610305152,-0.06726166777130822,0.0007590450314031103,2.129594897920001
-41.43645681340671,-0.06704533211977175,0.0008294111948602236,2.130702940678946
-41.40701752376188,-0.06697535405529476,0.0008076740354799845,2.131812559015833
-41.37757823411705,-0.06693727390067805,0.0007759467565869875,2.1329237562936356
-41.34813894447224,-0.06677649635670832,0.0008122612644670673,2.1340365358849027
-41.31869965482741,-0.0665281471967372,0.0008673514709269356,2.1351509011717984
-41.289260365182585,-0.06632215779721042,0.0009018131280215627,2.1362668555461304
-41.25982107553777,-0.06619427783654068,0.0009194160968505392,2.137384402409387
-41.230381785892945,-0.06605853635125442,0.0009294982102542276,2.1385035451727727
-41.20094249624812,-0.06590573235804047,0.0009785825241039085,2.1396242872572406
-41.171503206603305,-0.06577244699864096,0.001001697659869386,2.1407466320935273
-41.14206391695848,-0.06565214756932776,0.0009315538857700804,2.141870583122192
-41.11262462731366,-0.06550332104039047,0.0008528220421708222,2.1429961437936442
-41.08318533766884,-0.06537318152019803,0.0007848008313031384,2.1441233175681877
-41.05374604802401,-0.06517199337255324,0.0007814700886794836,2.145252107916049
-41.02430675837919,-0.06494666111693763,0.0007856612189797668,2.1463825183174166
-40.99486746873437,-0.06486349895837952,0.0008139814035372724,2.147514552262475
-40.96542817908954,-0.06481822819436206,0.0008268965496749,2.1486482132514424
-40.93598888944472,-0.06465037605966101,0.0008904698902537549,2.149783504794605
-40.9065495997999,-0.06441711360865936,0.0010035942956255182,2.150920430412355
-40.877110310155075,-0.06422489047609317,0.0010199924344079223,2.1520589936352246
-40.847671020510255,-0.06400860390589684,0.0009832598999512509,2.1531991980039247
-40.818231730865435,-0.06386180911474877,0.0010467599346912079,2.154341047069382
-40.78879244122061,-0.06376334376005276,0.0011221992549410383,2.155484544392772
-40.75935315157579,-0.0636424207421157,0.0011517624613423217,2.156629693545561
-40.72991386193097,-0.063472434097577,0.0011722233058680763,2.157776498109541
-40.70047457228614,-0.06328872008343348,0.0011819009029560054,2.1589249616768655
-40.67103528264132,-0.06305801755161312,0.0010615471184070963,2.16007508785009
-40.6415959929965,-0.06297204058632723,0.001048599536243573,2.1612268802422068
-40.61215670335167,-0.06289887563242567,0.001112557759303593,2.1623803424766868
-40.58271741370685,-0.06271568724466149,0.0010469785105090255,2.1635354781875114
-40.55327812406203,-0.06249940197112295,0.0008963935931548632,2.1646922910192177
-40.523838834417205,-0.06233707189452278,0.0008985952488074001,2.1658507846269313
-40.494399544772385,-0.0623524922508872,0.0009423188107741112,2.167010962676407
-40.464960255127565,-0.062342763500445354,0.001011054764951779,2.168172828844068
-40.43552096548274,-0.06209651442101355,0.0009887440795363566,2.169336386817044
-40.40608167583792,-0.061872243717307325,0.0009670740735711011,2.17050164029321
-40.3766423861931,-0.06181112384016336,0.001033004477335344,2.1716685929812254
-40.34720309654827,-0.06163928997015818,0.0009525668240289128,2.1728372486005743
-40.31776380690345,-0.06143704622116201,0.0009119567006582933,2.174007610881604
-40.28832451725863,-0.06124782576968496,0.0009205119073538012,2.175179683565565
-40.2588852276138,-0.06102917543131589,0.0009231308047367969,2.176353470404652
-40.22944593796898,-0.06086552044665359,0.0008995066257151386,2.1775289751620406
-40.20000664832416,-0.0608547620520116,0.0009792342800078724,2.1787062016119325
-40.170567358679335,-0.060780397547157694,0.001020782681071729,2.179885153539592
-40.141128069034515,-0.060527399787946135,0.000906011156148861,2.181065834741387
-40.111688779389695,-0.06022215331362673,0.0007457293696354072,2.182248249024831
-40.08224948974487,-0.0600756305834933,0.0007842898607528681,2.183432400208625
-40.05281020010005,-0.059972816154090336,0.0008959357118619399,2.184618292122695
-40.02337091045523,-0.05984262968217465,0.0008840595000781077,2.1858059286082367
-39.9939316208104,-0.059649823070457554,0.0008411095015238988,2.186995313517756
-39.96449233116558,-0.05951426653217179,0.0007633735395380835,2.1881864507151083
-39.93505304152076,-0.059408234241707825,0.0007139790233836724,2.189379344075545
-39.90561375187593,-0.0592959102840937,0.0007667746326945181,2.1905739974857523
-39.87617446223111,-0.05913069110130964,0.0007633417755487147,2.191770414843893
-39.84673517258629,-0.05901184342368948,0.0007546003857895655,2.19296860005965
-39.817295882941465,-0.058911917228588025,0.0007809039715016295,2.194168557054271
-39.787856593296645,-0.05871877851545929,0.0007928443374426684,2.1953702897606058
-39.758417303651825,-0.05847452344558667,0.0008092845409205952,2.1965738021231553
-39.728978014007,-0.058375470372221315,0.000755634408017801,2.197779098098111
-39.699538724362185,-0.05830045343566051,0.0006470942677550814,2.1989861816533987
-39.67009943471736,-0.05815677256356222,0.0005642037599939033,2.2001950567687243
-39.64066014507253,-0.05803900269017594,0.0006149385290582216,2.201405727435614
-39.61122085542772,-0.057998476012904525,0.0007774924196338064,2.2026181976574604
-39.58178156578289,-0.05781647721843624,0.0006694250169618428,2.2038324714495676
-39.55234227613806,-0.05769585632607438,0.0006167062964123185,2.2050485528391937
-39.52290298649325,-0.05760369511164908,0.0006430089649565951,2.2062664458655945
-39.49346369684842,-0.0574457914660304,0.0006212480916865069,2.207486154580072
-39.464024407203596,-0.05733045699370457,0.0005991830584832389,2.2087076830460153
-39.43458511755878,-0.05721409012379108,0.0006697101547686907,2.209931035338947
-39.405145827913955,-0.057146315444979966,0.0006891950147379506,2.2111562155465707
-39.37570653826913,-0.05704405901613266,0.0006114131501139437,2.2123832277688127
-39.346267248624315,-0.05687633302432885,0.0004932608321014044,2.213612076117871
-39.31682795897949,-0.05675076119105157,0.0004972752795337161,2.21484276471826
-39.28738866933467,-0.05665759005028711,0.0005440898210686696,2.216075297706855
-39.25794937968985,-0.0565747953091477,0.0005636865243797968,2.217309679232943
-39.22851009004502,-0.056502862752461976,0.0005717853216778901,2.2185459134582644
-39.1990708004002,-0.05645134990712774,0.0005378022676183823,2.219784004557061
-39.16963151075538,-0.056397437095765855,0.0004730887344619506,2.221023956716126
-39.14019222111055,-0.056310323546237,0.00042933264391953926,2.2222657741348484
-39.11075293146573,-0.05622235215806787,0.0004070336224349611,2.2235094610252597
-39.08131364182091,-0.05614104567133526,0.00037898344921723817,2.224755021612084
-39.051874352176085,-0.05607259725111068,0.0003593472562798082,2.226002460132785
-39.022435062531265,-0.05603235285043823,0.00037774985890247055,2.2272517808376118
-38.992995772886445,-0.055976331496914056,0.00037173220680042487,2.228502987989651
-38.96355648324162,-0.05589644598567554,0.0003559388746799564,2.229756085864873
-38.9341171935968,-0.05582170547182802,0.000349044159718006,2.2310110787521795
-38.90467790395198,-0.05576681512652514,0.00034535444719371476,2.2322679709534556
-38.87523861430715,-0.05572340451679648,0.0003412674964594125,2.2335267667836174
-38.84579932466233,-0.055690061523279384,0.0003477518542165368,2.2347874705706587
-38.81636003501751,-0.05565842385981856,0.0003543781200380382,2.236050086655706
-38.78692074537268,-0.05561599523779004,0.000345930288127373,2.237314619393064
-38.75748145572786,-0.055570301439270525,0.00034744211352817975,2.2385810731502676
-38.72804216608304,-0.05551414736574393,0.0003607587253096696,2.239849452308132
-38.698602876438216,-0.05546117040020799,0.0003778124787696662,2.2411197612608014
-38.669163586793395,-0.055420818765552306,0.00037979719368744425,2.2423920044158034
-38.639724297148575,-0.05537829809064888,0.00037384358812062913,2.243666186194096
-38.61028500750375,-0.05533972525967823,0.0003645453102901855,2.244942311030122
-38.58084571785893,-0.055310071871448964,0.000350351308773816,2.246220383371858
-38.55140642821411,-0.05528503012300009,0.000331282425251536,2.247500407680868
-38.52196713856928,-0.055260721329935175,0.00031548375394318395,2.248782388432354
-38.49252784892446,-0.055234297974828726,0.0003099389246157104,2.250066330115209
-38.46308855927964,-0.0552001475169732,0.000304116920650181,2.2513522372320685
-38.43364926963481,-0.05515647692847731,0.0002916493038166294,2.252640114299364
-38.40420997998999,-0.05512106990965523,0.0002740573250593718,2.2539299658473757
-38.37477069034517,-0.05509220730673935,0.0002648062641285173,2.255221796420285
-38.345331400700346,-0.055064813388717694,0.0002658241012131653,2.2565156105762294
-38.315892111055526,-0.05503185453230169,0.00026222562309430764,2.2578114128873525
-38.286452821410705,-0.05499407220188978,0.00025332445549235426,2.2591092079398636
-38.25701353176588,-0.054958319299686496,0.000247165380590683,2.260409000334087
-38.22757424212106,-0.054927568182061466,0.00023968512441736262,2.261710794684517
-38.19813495247624,-0.0549046770186093,0.00023422812546363447,2.2630145956198757
-38.16869566283141,-0.054879767353218055,0.00022676335850886232,2.2643204077831642
-38.13925637318659,-0.0548507259111748,0.00021965757945549482,2.2656282358317186
-38.10981708354177,-0.0548216942577227,0.00022059601881217262,2.266938084437267
-38.08037779389694,-0.054797319919474875,0.00022743331765599382,2.2682499582859843
-38.05093850425212,-0.05477288859946596,0.00022667382027550032,2.269563862078546
-38.0214992146073,-0.0547523322509871,0.00022284074361370607,2.2708798005301887
-37.992059924962476,-0.05474218790279495,0.0002242741177156819,2.2721977783707623
-37.96262063531766,-0.05474038592620658,0.0002270120711700126,2.273517800344788
-37.933181345672836,-0.05473388664091724,0.00023017380493965076,2.274839871211517
-37.90374205602801,-0.054723913645973975,0.00022988943257248957,2.2761639957449855
-37.874302766383195,-0.05472189657343698,0.00022318792798164033,2.2774901787340722
-37.84486347673837,-0.05472435348549575,0.00021232468796969156,2.2788184249825583
-37.81542418709354,-0.05472586323918249,0.0001982889983280882,2.280148739309183
-37.78598489744873,-0.054726883045464296,0.00018711247755470964,2.281481126547702
-37.7565456078039,-0.05472861558491995,0.00018221010552656658,2.282815591546949
-37.72710631815907,-0.05473010674707101,0.0001800817781784108,2.2841521391708905
-37.69766702851426,-0.05473418046354025,0.00017703509957472897,2.2854907742986867
-37.66822773886943,-0.054740099954772074,0.00017232219296947024,2.2868315018247523
-37.638788449224606,-0.05474379761694976,0.00016985052327049576,2.288174326658813
-37.60934915957979,-0.05474668831252807,0.00016563743185089887,2.2895192537259677
-37.579909869934966,-0.05475047182429521,0.00015850647968601448,2.2908662879667494
-37.550470580290146,-0.05474984786255527,0.00015262780750187056,2.2922154343371828
-37.521031290645325,-0.05474988766165864,0.0001571468302006177,2.2935666978088474
-37.4915920010005,-0.0547503859462499,0.00016538582830551501,2.2949200833689383
-37.46215271135568,-0.05474610242461519,0.00017287176306172918,2.296275596020326
-37.43271342171086,-0.05474181258261985,0.00018144205815521594,2.2976332407816207
-37.40327413206603,-0.054744278606151005,0.0001864617221885576,2.298993022687232
-37.37383484242121,-0.05474435665607006,0.00019619268983723482,2.300354946787431
-37.34439555277639,-0.054741264126392304,0.00020755317820502043,2.301719018148416
-37.31495626313156,-0.054736305457296186,0.00021325195992684062,2.303085241852371
-37.28551697348674,-0.05473000849584505,0.00021379082864960718,2.3044536229975305
-37.25607768384192,-0.05472887514269586,0.00022513502429059463,2.3058241666982453
-37.226638394197096,-0.05472486032930299,0.00023792785973029656,2.307196878085043
-37.197199104552276,-0.054724015384248814,0.00024795016678941007,2.308571762304693
-37.167759814907456,-0.05472356432627051,0.0002570608997090901,2.309948824520271
-37.13832052526263,-0.05472375121430315,0.00026485131660233975,2.311328069911225
-37.10888123561781,-0.05472659124178545,0.0002676178761136723,2.312709503673436
-37.07944194597299,-0.05472886080836801,0.0002695818441903817,2.3140931310192894
-37.05000265632816,-0.054729964240089385,0.0002711516019732284,2.3154789571777354
-37.02056336668334,-0.05473389732060341,0.00027534344574339743,2.3168669873943566
-36.99112407703852,-0.05474020230002263,0.0002812851752511989,2.318257226931435
-36.96168478739369,-0.0547428954326463,0.0002827335396161174,2.3196496810680185
-36.93224549774887,-0.05474209241290406,0.00028141771304908967,2.321044355099985
-36.90280620810405,-0.05474185115125483,0.0002748538239349406,2.322441254340114
-36.873366918459226,-0.054737531281999846,0.00026431675425948637,2.3238403841181494
-36.843927628814406,-0.054731929992299644,0.0002493762663950054,2.3252417497808717
-36.814488339169586,-0.054724899288389285,0.00023318025955916814,2.326645356692162
-36.78504904952476,-0.054715590736319895,0.00022033247903310935,2.3280512102330744
-36.75560975987994,-0.054704193662084975,0.00020786348574461415,2.3294593158019
-36.72617047023512,-0.05469402640090354,0.00019267698914003507,2.3308696788142416
-36.69673118059029,-0.05468576925637229,0.00017897639262031995,2.332282304703079
-36.66729189094547,-0.054679793918460985,0.0001696665469608931,2.3336971989188395
-36.63785260130065,-0.05467754628260448,0.00016412526222182476,2.335114366929469
-36.60841331165582,-0.054670699414633435,0.00016236054456740355,2.336533814220503
-36.578974022011,-0.054662423369770036,0.0001608669529267023,2.3379555462951345
-36.54953473236618,-0.05466157962807136,0.0001689825774252733,2.339379568674288
-36.520095442721356,-0.054664918838447187,0.00018012506625446413,2.3408058868966912
-36.490656153076536,-0.05466344487472041,0.00018439960155318204,2.3422345065189423
-36.461216863431716,-0.05465818781909943,0.000187984533393213,2.343665433115588
-36.43177757378689,-0.05465755564305893,0.00019064174595474957,2.3450986722791933
-36.40233828414207,-0.05465605742659404,0.0001941479843816167,2.346534229620413
-36.37289899449725,-0.05464796208140799,0.00019790538165277737,2.3479721107680676
-36.34345970485242,-0.05464221599575497,0.00019661418888166954,2.3494123213692157
-36.3140204152076,-0.054636416735102576,0.00019777136698795447,2.3508548670892266
-36.28458112556278,-0.05462611056436503,0.00020075595673060533,2.3522997536118577
-36.255141835917954,-0.05461692536438458,0.00020804690795768444,2.353746986639326
-36.22570254627314,-0.05460899844160658,0.00021244182695333332,2.3551965718923835
-36.19626325662831,-0.05460038664778269,0.00021625952779885007,2.356648515110397
-36.166823966983486,-0.05459210074552021,0.00022576946179053166,2.3581028220514173
-36.13738467733867,-0.05459310841885989,0.00023572117398200688,2.3595594984922577
-36.107945387693846,-0.05459828116130008,0.00024417527094051797,2.361018550228575
-36.07850609804902,-0.05460231012840224,0.00025378228854614767,2.3624799830749392
-36.049066808404206,-0.05461432154914964,0.0002732908319481227,2.3639438028649145
-36.01962751875938,-0.05462355809360161,0.0002809552066633165,2.3654100154511375
-35.99018822911455,-0.054633825266875546,0.0002808906708687231,2.366878626705394
-35.96074893946974,-0.054645404964550004,0.00028201103804343996,2.3683496425186967
-35.93130964982491,-0.054656082890227796,0.0002847571974231347,2.3698230688013657
-35.901870360180084,-0.05467171548120797,0.00028384747182619795,2.3712989114831067
-35.87243107053527,-0.05468618777135991,0.00027726527791289307,2.3727771765130896
-35.84299178089044,-0.05469103447558991,0.0002700463927294613,2.374257869860031
-35.813552491245616,-0.054692863598972456,0.0002712775195853705,2.3757409975122727
-35.7841132016008,-0.054696219794184216,0.0002726970744349894,2.377226565477861
-35.754673911955976,-0.05470142382253492,0.0002711361781338351,2.378714579784632
-35.725234622311156,-0.05470672931181497,0.0002762161549118159,2.380205046480289
-35.695795332666336,-0.05470071266531019,0.00027942372570656206,2.381697971632487
-35.66635604302151,-0.054691705731328866,0.00028032488556152486,2.3831933613289142
-35.63691675337669,-0.054680832038494304,0.000279342890882895,2.3846912216773735
-35.60747746373187,-0.05466660151287175,0.0002761331702105097,2.386191558805868
-35.57803817408704,-0.054650249969526506,0.0002691440255514995,2.387694378862684
-35.54859888444222,-0.05463238172504836,0.0002586876376135954,2.3891996880164723
-35.5191595947974,-0.05461453396571495,0.0002545770637608201,2.3907074924563365
-35.489720305152574,-0.05459570369827373,0.0002581904941487551,2.392217798391916
-35.46028101550775,-0.05457308738118513,0.0002592550452670478,2.3937306120534703
-35.43084172586293,-0.0545513728269705,0.0002590164281650547,2.3952459396919656
-35.401402436218106,-0.05453274898635638,0.00024898857642079327,2.396763787579163
-35.371963146573286,-0.054512968328561506,0.00023291439607156368,2.3982841620077004
-35.342523856928466,-0.054489648348475805,0.00022254167605721968,2.399807069291183
-35.31308456728364,-0.05447115637589356,0.00022076085114014002,2.401332515764271
-35.28364527763882,-0.05445574793636138,0.0002227932731154776,2.402860507782764
-35.254205987994,-0.05443390468764548,0.00021503495591307413,2.4043910517236924
-35.22476669834917,-0.0544061723361946,0.00019735540755792127,2.405924153985406
-35.19532740870435,-0.0543868639074415,0.00019015251197452047,2.4074598209876608
-35.16588811905953,-0.05436992476706201,0.00018702436961503318,2.4089980591717106
-35.136448829414704,-0.054347207908226565,0.00018980478335901203,2.410538875000398
-35.107009539769884,-0.054325590033751835,0.00019749108586170796,2.412082274958242
-35.07757025012506,-0.054309690756293626,0.00020768530600182331,2.4136282655515293
-35.048130960480236,-0.054294200470405424,0.0002185890893957368,2.4151768533084104
-35.018691670835416,-0.054278745747090275,0.00022410015416706212,2.4167280447789845
-34.989252381190596,-0.05426610344913719,0.0002224261348958056,2.4182818465353972
-34.95981309154577,-0.054260585366668425,0.00022482832983433435,2.4198382651719315
-34.93037380190095,-0.05425548500799249,0.0002361144111220478,2.4213973073050994
-34.90093451225613,-0.05424800710192454,0.00024861919225199937,2.422958979573739
-34.8714952226113,-0.054237234152418656,0.0002515335313606076,2.4245232886391066
-34.84205593296648,-0.054226475822020705,0.00024449600080661137,2.426090241184971
-34.81261664332166,-0.05422067172731466,0.00023630435939665204,2.42765984391771
-34.783177353676834,-0.05421610461912951,0.00023055274745187033,2.4292321035664073
-34.753738064032014,-0.05421187002050806,0.00022892181560072014,2.4308070268829436
-34.724298774387194,-0.054202075203177304,0.00021963630756500818,2.432384620642099
-34.694859484742366,-0.05419523088187376,0.00021029381848914513,2.4339648916416476
-34.665420195097546,-0.05419099384465683,0.0002033149028327579,2.4355478467024545
-34.635980905452726,-0.0541890586874847,0.0001996262986873936,2.4371334926685746
-34.6065416158079,-0.05418626152269871,0.00019994895087998654,2.4387218364073524
-34.57710232616308,-0.05418375686936148,0.00020120902233214296,2.440312884809519
-34.54766303651826,-0.054182201618409274,0.0002035757947837139,2.441906644789294
-34.51822374687343,-0.05418267693547205,0.00020931752547188716,2.4435031232844833
-34.48878445722861,-0.05418021026421344,0.00021915510907304965,2.4451023272565817
-34.45934516758379,-0.054175739954202023,0.00022981358165188761,2.4467042636908736
-34.429905877938964,-0.0541801465217289,0.00023596906839257247,2.448308939596534
-34.40046658829415,-0.054179362863749664,0.00023762185439996417,2.44991636200673
-34.371027298649324,-0.054167510481329645,0.0002386601302069942,2.4515265379787277
-34.3415880090045,-0.05416485583712485,0.00024494811965740637,2.45313947459399
-34.31214871935968,-0.05416989736324796,0.00026164134835843217,2.4547551789582838
-34.282709429714856,-0.05417290650479704,0.00027370980977349177,2.456373658201784
-34.25327014007003,-0.054169260686890104,0.00027967440084030273,2.4579949194791766
-34.223830850425216,-0.05415877549095324,0.0002786502624867029,2.459618969969766
-34.19439156078039,-0.054149812400686205,0.00027171980560039457,2.461245816877582
-34.16495227113556,-0.05414865375602366,0.0002729951174645749,2.462875467431482
-34.13551298149075,-0.05415034729668299,0.00027493021327493314,2.464507928885262
-34.10607369184592,-0.05415210133487297,0.0002707448119024599,2.4661432085177633
-34.076634402201094,-0.05414697014957295,0.0002590498955670057,2.4677813136329805
-34.04719511255628,-0.05413558763447688,0.00024066773574219963,2.469422251560168
-34.017755822911454,-0.05412183264695034,0.00022677904932336538,2.4710660296539553
-33.988316533266634,-0.05410981687278732,0.00022026842099945603,2.47271265529445
-33.958877243621814,-0.054098601591212214,0.00021053202182472056,2.4743621358873513
-33.929437953976986,-0.0540876510186965,0.00019491032289177643,2.476014478864063
-33.899998664332166,-0.054064425813616174,0.0001762264403522727,2.477669691681801
-33.870559374687346,-0.05404394337200918,0.00015920231743662175,2.4793277818237085
-33.84112008504252,-0.054020231847764964,0.00015428184646688376,2.4809887567989684
-33.8116807953977,-0.053996452334829116,0.00015812560229118015,2.4826526241429145
-33.78224150575288,-0.05398020092438899,0.00016182988497025615,2.484319391417149
-33.75280221610805,-0.053969269191808646,0.00016565925896263163,2.4859890662096538
-33.72336292646323,-0.053956676649404144,0.00017386520147463555,2.487661656134907
-33.69392363681841,-0.05394210081695031,0.00019075995933434645,2.4893371688339987
-33.664484347173584,-0.053929214750633205,0.0002125869448808049,2.491015611974748
-33.635045057528764,-0.053914082862824335,0.00023325277866652154,2.4926969932518186
-33.605605767883944,-0.05389096933813111,0.0002561029338246806,2.494381320386837
-33.57616647823912,-0.05387478803794651,0.00026557054443451344,2.4960686011285103
-33.546727188594296,-0.053859562205921536,0.00026797115827075386,2.4977588432527464
-33.517287898949476,-0.05384022862167983,0.0002807799065398381,2.499452054562772
-33.48784860930465,-0.05382267646268474,0.00030415569088606967,2.5011482428892533
-33.45840931965983,-0.05380467219040245,0.0003154628437391019,2.5028474160904164
-33.42897003001501,-0.053783917347191956,0.0003123141297334425,2.5045495820521686
-33.39953074037018,-0.05375532411428605,0.0003034012643170267,2.506254748688222
-33.37009145072536,-0.053733239714030184,0.0002828222799876656,2.5079629239402124
-33.34065216108054,-0.05372200891106089,0.0002529419210056944,2.5096741157778273
-33.311212871435714,-0.05370597422622405,0.00023458457153332636,2.5113883321989268
-33.281773581790894,-0.05369162225300306,0.00022462707705791965,2.513105581229668
-33.252334292146074,-0.05367107710633775,0.00020363676662140157,2.514825870924632
-33.22289500250125,-0.05364942981932184,0.00017644327938260598,2.51654920936695
-33.19345571285643,-0.053644503252308406,0.00016530696855290142,2.518275604668427
-33.164016423211606,-0.05364660974307217,0.00015690668573771588,2.5200050649696712
-33.13457713356678,-0.05364301832043944,0.00015255028517507626,2.5217375984402244
-33.10513784392196,-0.05363086921204154,0.00016454687519598088,2.523473213278684
-33.07569855427714,-0.053627425457860985,0.0001804722216060273,2.5252119177128396
-33.04625926463231,-0.05362473765141384,0.00019336604792670605,2.5269537199997982
-33.01681997498749,-0.05361648759948442,0.00020286699232551509,2.5286986284261164
-32.98738068534267,-0.05359856556403503,0.0002091855663210776,2.530446651307932
-32.957941395697844,-0.05357734541466447,0.00021691530086936103,2.532197796991097
-32.928502106053024,-0.05356114949166744,0.00022522192490828755,2.533952073851308
-32.899062816408204,-0.053551841578821834,0.00022707820540697512,2.5357094902942414
-32.86962352676338,-0.05354163931208608,0.00022585891904746468,2.5374700547556883
-32.84018423711856,-0.05353080349855801,0.00022328124678019692,2.539233775701687
-32.81074494747374,-0.053510645076882656,0.0002256965291367175,2.5410006616286616
-32.78130565782891,-0.053486300295911636,0.00022764027385582903,2.5427707210635573
-32.75186636818409,-0.05346104164254861,0.00022828066243528824,2.544543962563975
-32.72242707853927,-0.053437807826608306,0.0002297544982255688,2.5463203947183146
-32.69298778889444,-0.05341567167934901,0.00023365473184807086,2.5481000261459097
-32.66354849924963,-0.05339323186866462,0.0002426799283575909,2.5498828654971657
-32.6341092096048,-0.05337433880654324,0.0002519515482437929,2.551668921453706
-32.604669919959974,-0.05335085487037616,0.0002543784160798956,2.5534582027285064
-32.57523063031516,-0.05331580645240457,0.0002548160276813656,2.555250718066039
-32.545791340670334,-0.05328659135411492,0.00025343165208712907,2.5570464762424185
-32.51635205102551,-0.05326167979253107,0.0002510109804017866,2.5588454860655387
-32.486912761380694,-0.053239290561009005,0.00024781157433878564,2.5606477563752206
-32.45747347173587,-0.053222457369147526,0.000252947139362376,2.5624532960433584
-32.42803418209104,-0.053204592637314994,0.00026171150723413867,2.5642621139740616
-32.398594892446226,-0.05318235681894377,0.00026896136205818006,2.5660742191038013
-32.3691556028014,-0.05315475090706543,0.0002763511856975783,2.5678896204015627
-32.33971631315657,-0.05313159956542208,0.0002792292936341102,2.5697083268689864
-32.31027702351176,-0.0531167237797747,0.00027993372399607127,2.571530347540521
-32.28083773386693,-0.05310951557130147,0.00028215371241926317,2.573355691483573
-32.251398444222104,-0.05310603952155248,0.00028197699248380106,2.575184367798654
-32.22195915457729,-0.05310625845074426,0.0002862866930514888,2.577016385619535
-32.192519864932464,-0.05310559912877209,0.00029112992475491544,2.578851754113398
-32.163080575287644,-0.05310112332000975,0.0002886112199417199,2.5806904824809878
-32.133641285642824,-0.053096693336303326,0.0002863531031550612,2.5825325799567658
-32.104201995998,-0.0530954397485267,0.0002837474060989104,2.5843780558090663
-32.07476270635318,-0.05309713571183916,0.000277145302883044,2.5862269193402496
-32.04532341670836,-0.053098637225291075,0.00026884970918497245,2.58807917988686
-32.01588412706353,-0.05310041671361924,0.0002646620850386384,2.589934846819783
-31.98644483741871,-0.05310342614259098,0.000268866215607041,2.591793929544401
-31.957005547773885,-0.05310312088655179,0.00027521475334140887,2.593656437500756
-31.927566258129062,-0.05309612546945177,0.00027244147279054657,2.5955223801637057
-31.89812696848424,-0.05309325694267054,0.0002694409674144626,2.5973917670430864
-31.868687678839418,-0.05308869053709639,0.00026722528392332225,2.5992646076838746
-31.839248389194594,-0.05308457978471915,0.00026127337483575105,2.6011409116663478
-31.809809099549774,-0.053084828268251755,0.0002489880444871062,2.603020688606249
-31.78036980990495,-0.05307674001185795,0.00024014995216070656,2.604903948154951
-31.75093052026013,-0.05306266745961713,0.00023453719923896525,2.606790699999622
-31.721491230615307,-0.05304933410342479,0.00022992140021505745,2.6086809538633906
-31.692051940970483,-0.05303204845123608,0.0002164675581415713,2.610574719505513
-31.662612651325663,-0.05301668736937649,0.0002061524180807093,2.6124720067215415
-31.63317336168084,-0.0530047064289503,0.00020053028334913884,2.6143728253434935
-31.603734072036016,-0.052989675440736635,0.00019443224023462825,2.616277185240021
-31.574294782391195,-0.052967119513054974,0.00018885405694970699,2.61818509631658
-31.544855492746372,-0.052940926989724024,0.00018861761602886288,2.620096568515606
-31.515416203101548,-0.05291735102481193,0.00018870056819606543,2.6220116118166823
-31.485976913456728,-0.05289066997099837,0.0001880895029363588,2.623930236236717
-31.456537623811904,-0.052859186270959285,0.00018170535636375328,2.625852451830116
-31.42709833416708,-0.052831129597281,0.00017272792946989663,2.627778268688959
-31.39765904452226,-0.05281112755726417,0.00016980337014787714,2.629707696943175
-31.368219754877437,-0.05277987879117613,0.0001707335856317309,2.6316407467607235
-31.338780465232617,-0.05274837205059089,0.00016750068361396394,2.633577428347768
-31.309341175587793,-0.05272282716184399,0.00016352597536226595,2.6355177519488606
-31.27990188594297,-0.052697591552886204,0.00015937271850398972,2.6374617278471186
-31.25046259629815,-0.05266758086283413,0.00015184705088130499,2.6394093663644083
-31.221023306653326,-0.05264446483166357,0.00015467744465123723,2.641360677861528
-31.191584017008502,-0.0526365015426461,0.0001717315715615198,2.64331567273839
-31.162144727363682,-0.05263241887230472,0.0001822998486782963,2.6452743614342067
-31.132705437718858,-0.05263126458073623,0.00018796103072856826,2.6472367544276767
-31.103266148074034,-0.05262603561880808,0.0001909007475714357,2.6492028622371695
-31.073826858429214,-0.05262135679410276,0.00019502524418219826,2.6511726954209163
-31.04438756878439,-0.052619999671641236,0.00020507360405239193,2.653146264577198
-31.014948279139567,-0.052624954813564516,0.00021908879765944637,2.6551235803445326
-30.985508989494747,-0.052634284401449495,0.0002326305641205129,2.657104653401871
-30.956069699849923,-0.0526478747790518,0.0002504435604453684,2.6590894944687866
-30.9266304102051,-0.05264758345384323,0.00024552754780368376,2.661078114305668
-30.89719112056028,-0.05265535578993571,0.00024014539764942469,2.663070523713914
-30.867751830915456,-0.0526692771318964,0.00023365359551678913,2.6650667335361318
-30.838312541270636,-0.05268033837681943,0.0002312672722634723,2.6670667546563296
-30.808873251625812,-0.05267921504908851,0.00023628679869195585,2.669070598000117
-30.77943396198099,-0.05267598584422406,0.0002372572204277173,2.6710782745349024
-30.749994672336168,-0.05267442174113195,0.00023086923444946535,2.6730897952700956
-30.720555382691344,-0.05267399164487355,0.00022318790092758253,2.6751051712573055
-30.69111609304652,-0.05267074885379832,0.0002154630515687061,2.6771244135905454
-30.6616768034017,-0.05266373724044678,0.0002085637068432491,2.679147533406435
-30.632237513756877,-0.05265360313641352,0.00020325084926025756,2.681174541884406
-30.602798224112053,-0.05264309999505479,0.00020492386868814898,2.6832054502469083
-30.573358934467233,-0.05262793201909053,0.00021206289327617824,2.6852402697596145
-30.54391964482241,-0.05260008165566558,0.0002194809175475086,2.6872790117316327
-30.514480355177586,-0.052571785863592284,0.00021714522085589935,2.6893216875157115
-30.485041065532766,-0.052548953678107226,0.00020528262721953148,2.6913683085084537
-30.455601775887942,-0.05252806159471798,0.00019463213928515584,2.6934188861505275
-30.426162486243122,-0.05250649174597929,0.00018745776155405095,2.695473431926878
-30.3967231965983,-0.05248378150754313,0.00017273979716402548,2.697531957366945
-30.367283906953475,-0.0524628351895744,0.0001561511260879299,2.6995944740448756
-30.337844617308654,-0.05244332470282304,0.00013986348620351975,2.701660993579742
-30.30840532766383,-0.052428176201163336,0.00012519073984851797,2.7037315276357616
-30.278966038019007,-0.05241503319240054,0.00011512876076225724,2.7058060879225128
-30.249526748374187,-0.05240553468637723,0.00011180453563678309,2.7078846861951584
-30.220087458729363,-0.052401086864346406,0.00011369179655455508,2.7099673342546677
-30.19064816908454,-0.052399645103035776,0.00011518907871853494,2.712054043948039
-30.16120887943972,-0.052399645830744905,0.00011401782046807418,2.714144827168523
-30.131769589794896,-0.052405751211449254,0.0001142724010962431,2.7162396958558515
-30.102330300150072,-0.05241870281416696,0.00011581563909944387,2.718338661996463
-30.072891010505252,-0.05243091657272667,0.0001192498643756204,2.720441737623731
-30.04345172086043,-0.05243254828157614,0.00012318631102484757,2.7225489348181955
-30.01401243121561,-0.05243238884611123,0.0001241624603917701,2.7246602657077923
-29.984573141570785,-0.052438807518552365,0.0001284459613769776,2.7267757424680874
-29.95513385192596,-0.0524473349697099,0.00013161165413228164,2.72889537732251
-29.92569456228114,-0.05245931526638702,0.0001359790903518393,2.7310191825425894
-29.896255272636317,-0.05247334862040556,0.00014014327748910156,2.7331471704481887
-29.866815982991493,-0.05248837208747725,0.00014512301226880916,2.7352793534077473
-29.837376693346673,-0.05250557723948463,0.00015019886872738182,2.7374157438385165
-29.80793740370185,-0.052515670578853806,0.0001597715620761534,2.7395563542068033
-29.778498114057026,-0.05252302410818255,0.00016949209061183434,2.741701197028212
-29.749058824412206,-0.05253312049543768,0.00017785667985756418,2.7438502848678867
-29.719619534767382,-0.05254444761489608,0.000189090456933556,2.74600363034076
-29.69018024512256,-0.05255328342154856,0.00019890267411458735,2.7481612461117964
-29.66074095547774,-0.052562004587229184,0.0002070936287522527,2.7503231448962424
-29.631301665832915,-0.052567053705122234,0.0002089388453896522,2.752489339459876
-29.60186237618809,-0.05256646222152314,0.0002107421361388699,2.7546598426192577
-29.57242308654327,-0.0525666435667363,0.00021390500596127059,2.7568346672419834
-29.542983796898447,-0.05257024936263107,0.00021636663023074,2.7590138262469392
-29.513544507253627,-0.05257246380513672,0.000220240397465014,2.761197332604556
-29.484105217608803,-0.05257271320494026,0.00022673325629900376,2.763385199337069
-29.45466592796398,-0.052572157513863564,0.00022987475397743103,2.765577439518773
-29.42522663831916,-0.05256650919615007,0.0002227053474347107,2.7677740662762864
-29.395787348674336,-0.052552904881654476,0.00020997381867572556,2.769975092788812
-29.366348059029512,-0.05253495908199452,0.00019950797888643846,2.772180532288399
-29.336908769384692,-0.052529259267282934,0.00018913125055586627,2.7743903980602105
-29.30746947973987,-0.05252746475234049,0.00018129747012722046,2.7766047034427896
-29.278030190095045,-0.05252144856116656,0.0001773546512619812,2.7788234618283267
-29.248590900450225,-0.05251337810125001,0.0001735087455815762,2.78104668666293
-29.2191516108054,-0.052499403261600554,0.0001637043203309166,2.783274391446899
-29.189712321160577,-0.05248173062507592,0.00015079506705388147,2.7855065897349935
-29.160273031515757,-0.052473529419425104,0.00014995753615628328,2.7877432951367136
-29.130833741870934,-0.05247960538954211,0.00016389504107591532,2.789984521316572
-29.101394452226113,-0.05249638916301679,0.00017668724674523356,2.792230281994376
-29.07195516258129,-0.05251047940078433,0.00018014294301283064,2.7944805909455033
-29.042515872936466,-0.05251498120349174,0.00018778061129811612,2.7967354620011875
-29.013076583291646,-0.05252536465158995,0.00019578846939989833,2.798994909048799
-28.983637293646822,-0.05254113459043728,0.0002031980237995578,2.801258946032132
-28.954198004002,-0.05255684585268461,0.00020586474547731038,2.803527586951689
-28.92475871435718,-0.052575234503008134,0.00020392920316303877,2.805800845864972
-28.895319424712355,-0.052597095380504194,0.00020017671738443524,2.808078736886771
-28.86588013506753,-0.05261747576219836,0.00019903761542082118,2.810361274189456
-28.83644084542271,-0.052639819309294976,0.0002027784609532898,2.8126484720032723
-28.807001555777887,-0.05265947940596046,0.0002042153499039136,2.8149403446166366
-28.777562266133064,-0.05267732182645276,0.00019415031594751346,2.8172369063764315
-28.748122976488244,-0.052686147224178324,0.00018630977801036892,2.8195381716883077
-28.71868368684342,-0.052693281140163674,0.00018501792617139115,2.821844155016985
-28.6892443971986,-0.052708328396577415,0.0001846287756698594,2.824154870886554
-28.659805107553776,-0.052724986938735265,0.00017731357868956192,2.8264703338807817
-28.630365817908952,-0.05273401253761095,0.00016936813637213722,2.8287905586434183
-28.600926528264132,-0.05273699222815339,0.0001683800404908778,2.831115559878507
-28.57148723861931,-0.05274222213316327,0.00016676594002713025,2.8334453523506924
-28.542047948974485,-0.0527453716368264,0.0001629961834375599,2.8357799508855352
-28.512608659329665,-0.05274487669869601,0.000160135055740775,2.8381193703698244
-28.48316936968484,-0.052748928048637324,0.00015922065960149895,2.8404636257518963
-28.453730080040017,-0.05275972532841014,0.00015737693744875643,2.842812732041951
-28.424290790395197,-0.0527728215727618,0.00015659412453723588,2.8451667043123736
-28.394851500750374,-0.052781144966244524,0.00015747585030721035,2.8475255576980567
-28.36541221110555,-0.05278682972145299,0.00015776403279877158,2.8498893073967237
-28.33597292146073,-0.052791545936614524,0.0001572106201039198,2.8522579686692557
-28.306533631815906,-0.05279774850386251,0.00015446800058370753,2.854631556840021
-28.277094342171083,-0.052803087236887515,0.00015279904902509406,2.8570100872972053
-28.247655052526262,-0.05281246752483799,0.0001513554174053132,2.8593935754931414
-28.21821576288144,-0.05282402468964725,0.0001513166621397308,2.861782036944648
-28.18877647323662,-0.05283955780096069,0.0001539810024606943,2.864175487233364
-28.159337183591795,-0.05286045874626594,0.00015775897411331278,2.866573942006087
-28.12989789394697,-0.05288189327553113,0.0001613206086201346,2.868977416975117
-28.10045860430215,-0.05289295618949271,0.0001626295089023608,2.871385927918596
-28.071019314657327,-0.052900082443927826,0.00016018100647256515,2.873799490680855
-28.041580025012504,-0.05291264579734975,0.00015766899074143775,2.876218121172762
-28.012140735367684,-0.05292790507501319,0.00015888524210494375,2.8786418353720706
-27.98270144572286,-0.052941721662917475,0.0001617151688389395,2.8810706493237723
-27.95326215607804,-0.05296023846355397,0.00016915636140802398,2.88350457914045
-27.923822866433213,-0.05298094548526384,0.00017558622866912715,2.885943641002636
-27.894383576788393,-0.052995953668687173,0.00017426896156296566,2.888387851159167
-27.864944287143572,-0.053007698694384674,0.00017090180239770906,2.890837225927549
-27.835504997498745,-0.05301736319151917,0.00016803399156669228,2.8932917816943196
-27.806065707853925,-0.053024889486691755,0.00016826664759467572,2.8957515349154095
-27.776626418209105,-0.05303439718324108,0.00017011688834547904,2.8982165021165156
-27.747187128564278,-0.05304273647055837,0.00017447430522284226,2.9006866998934684
-27.717747838919458,-0.05304308786647566,0.0001788743799518393,2.9031621449126033
-27.688308549274637,-0.05303551319717877,0.00017660133655906656,2.905642853911139
-27.65886925962981,-0.05303317665078902,0.000172040588097713,2.9081288436975514
-27.62942996998499,-0.05303659475844713,0.00016668107085961121,2.910620131151954
-27.59999068034017,-0.05303479070754721,0.00016538528784843675,2.913116733226482
-27.57055139069535,-0.053028217519791504,0.00017001943882455456,2.915618666945673
-27.541112101050523,-0.053027433049548885,0.00017667675738358062,2.918125949406859
-27.511672811405703,-0.053028165697923235,0.00018290714049454902,2.9206385977805507
-27.482233521760882,-0.05303238384588721,0.00019021316104074858,2.923156629310832
-27.452794232116055,-0.053039878786230815,0.00020151939790122065,2.9256800613157568
-27.423354942471235,-0.05304429214501478,0.0002071449311170856,2.928208911187739
-27.393915652826415,-0.05305296693435918,0.00020922325470960806,2.930743196393961
-27.364476363181588,-0.053069283232691555,0.00021447947469107744,2.9332829344767704
-27.335037073536768,-0.05308959756420473,0.00022171024499051398,2.9358281430540827
-27.305597783891947,-0.05310649871667524,0.0002255499217636751,2.9383788398197956
-27.27615849424712,-0.05311735849984045,0.0002283011581182719,2.940935042544195
-27.2467192046023,-0.053127363470734275,0.00022753990758622389,2.9434967690743643
-27.21727991495748,-0.05314112126811953,0.0002212106173049713,2.9460640373346076
-27.187840625312653,-0.05316201436608136,0.00021829398051857965,2.9486368653268618
-27.158401335667833,-0.053183555711349195,0.0002204461072721417,2.951215271131118
-27.128962046023013,-0.05319645769645536,0.00021961658484172302,2.9537992729058478
-27.099522756378185,-0.05320047090096125,0.00021620870220159474,2.9563888888884278
-27.070083466733365,-0.05321454680327944,0.00020685418331821648,2.9589841373955665
-27.040644177088545,-0.05323128932311589,0.0002012814754775596,2.9615850368237413
-27.011204887443718,-0.05324232655509318,0.00019993263078012496,2.9641916056496296
-26.981765597798898,-0.05325581981656576,0.00019815660148962257,2.966803862430545
-26.952326308154078,-0.0532683422273591,0.00019322925499164269,2.9694218258048815
-26.92288701850925,-0.0532786837151201,0.0001893402569774791,2.9720455144925557
-26.89344772886443,-0.05328923359492521,0.00019128990755505628,2.9746749472954495
-26.86400843921961,-0.05329947477770452,0.00019884957019999672,2.9773101430978643
-26.834569149574783,-0.05330606564896468,0.00020712576010866024,2.9799511208669713
-26.805129859929963,-0.05330602834108752,0.00021345673081592042,2.982597899653263
-26.775690570285143,-0.05330637472042383,0.00021635299064577378,2.9852504985910175
-26.746251280640315,-0.05331530575427732,0.00021517081546669064,2.9879089368987555
-26.716811990995495,-0.05332519094265704,0.00021257826099083205,2.990573233879703
-26.687372701350675,-0.053332033081625686,0.00021144726714284433,2.9932434089222646
-26.657933411705855,-0.05334142058492383,0.0002184610938908689,2.9959194815004877
-26.628494122061028,-0.053349267906203014,0.00022230608356702995,2.9986014711745397
-26.599054832416208,-0.05335971780494094,0.00022327661815778595,3.001289397591181
-26.569615542771388,-0.053374339465445876,0.0002231067416841573,3.003983280484249
-26.54017625312656,-0.05339038811087363,0.00022126474500543878,3.0066831396751392
-26.51073696348174,-0.053404418952941575,0.00021861576633333958,3.009388995073288
-26.48129767383692,-0.05341782211933769,0.00021724442763785734,3.012100866676669
-26.451858384192093,-0.05343302185274851,0.00021476172992563393,3.0148187745722796
-26.422419094547273,-0.05344828699831666,0.00020874412952991614,3.0175427389366396
-26.392979804902453,-0.053463775038852614,0.00020669013734673356,3.02027278003629
-26.363540515257625,-0.05347762562739374,0.0002114136064726923,3.0230089182282973
-26.334101225612805,-0.05348776633330954,0.00021357926275107712,3.0257511739607548
-26.304661935967985,-0.053495959664250727,0.00020934387535930288,3.0284995677732973
-26.275222646323158,-0.05350599927678059,0.00020548286379798507,3.031254120297612
-26.245783356678338,-0.05352082630853259,0.00020529764685565558,3.034014852257952
-26.216344067033518,-0.053537391246802145,0.0002068447254452282,3.0367817844716614
-26.18690477738869,-0.053550898457573076,0.00020842627984252502,3.0395549378496947
-26.15746548774387,-0.05356119487256324,0.0002107628475570181,3.042334333397142
-26.12802619809905,-0.053572070594940124,0.0002126617842947996,3.045119992213766
-26.098586908454223,-0.05358538001380015,0.00021105684371908496,3.04791193549453
-26.069147618809403,-0.053596202075442995,0.0002124678913868004,3.0507101845301348
-26.039708329164583,-0.053608177560276284,0.00021738474695249383,3.053514760707566
-26.010269039519756,-0.053618395338307236,0.00022415314174194492,3.0563256855106347
-25.980829749874935,-0.05362735143559855,0.00022868052237067546,3.059142980520524
-25.951390460230115,-0.053642855635056504,0.0002350470444641469,3.061966667416346
-25.921951170585288,-0.053662972022581475,0.0002421938598635886,3.0647967679756962
-25.892511880940468,-0.05367875928312291,0.00024425786759899005,3.067633304075211
-25.863072591295648,-0.05368937283881569,0.00024095637143357217,3.0704762976911346
-25.83363330165082,-0.053699426577928665,0.00024098126669117988,3.073325770899886
-25.804194012006,-0.053716503426825414,0.00024284938481245637,3.0761817458786265
-25.77475472236118,-0.05373101126007015,0.00024306516961043205,3.0790442449058424
-25.74531543271636,-0.05374211902578116,0.00024347474212600895,3.0819132903619173
-25.715876143071533,-0.05375635293945397,0.00024437305316896065,3.08478890472972
-25.686436853426713,-0.05377066475110692,0.000242211972596478,3.087671110595188
-25.656997563781893,-0.053784878964325704,0.0002385211298362708,3.090559930647922
-25.627558274137066,-0.0538027200883612,0.00023597740745014665,3.0934553876817814
-25.598118984492245,-0.0538174597770856,0.00023289554217756543,3.0963575045954794
-25.568679694847425,-0.053831395661317366,0.00023093103543787632,3.099266304393192
-25.539240405202598,-0.05384498665114076,0.00023092566986507193,3.102181810185164
-25.509801115557778,-0.05385779112472792,0.00023294707705945764,3.1051040451883183
-25.480361825912958,-0.05387007909840893,0.00023229925045928528,3.1080330327268766
-25.45092253626813,-0.053881903572528554,0.00022787619081343733,3.110968796232978
-25.42148324662331,-0.05389355264579699,0.00022285133715141726,3.113911359247301
-25.39204395697849,-0.05390368269893742,0.00022158827535207534,3.116860745419699
-25.362604667333663,-0.05391236713321269,0.00022971611425591992,3.1198169785098284
-25.333165377688843,-0.05392116936788068,0.00023957955185385096,3.1227800823877887
-25.303726088044023,-0.05393047618064991,0.0002403006340630573,3.1257500810347647
-25.274286798399196,-0.05393678504070951,0.0002342424801568662,3.1287269985436748
-25.244847508754376,-0.05393950217904165,0.00022093461999274908,3.1317108591198193
-25.215408219109555,-0.05393839355963115,0.00020722430403713994,3.13470168708154
-25.185968929464728,-0.05393952656345807,0.00020041208075686798,3.1376995068608786
-25.156529639819908,-0.05394056366609897,0.00019763334037171457,3.1407043430042427
-25.127090350175088,-0.05393746103760008,0.00019786497440092566,3.1437162201730757
-25.09765106053026,-0.053930438280779334,0.0002027321568968171,3.1467351631445326
-25.06821177088544,-0.05392801883351839,0.0002058816658995403,3.1497611968121557
-25.03877248124062,-0.053928198061211026,0.00020716200512234682,3.152794346186564
-25.009333191595793,-0.053925969960968025,0.00020646522391418323,3.155834636396139
-24.979893901950973,-0.05392613216807355,0.00020731469076050858,3.1588820926877177
-24.950454612306153,-0.05393144231234683,0.0002122398624780486,3.1619367404272958
-24.921015322661333,-0.053935612681902556,0.00021651677768188513,3.1649986051007266
-24.891576033016506,-0.05394703910942914,0.00022964673482563845,3.1680677123144343
-24.862136743371686,-0.05396014091810264,0.0002391155640381222,3.1711440877961223
-24.832697453726865,-0.053970124570585615,0.00024064802773129783,3.1742277573954976
-24.803258164082038,-0.05397527262301791,0.00024366170128560275,3.1773187470849926
-24.773818874437218,-0.05398553638211385,0.00024619520452937553,3.1804170829604925
-24.744379584792398,-0.05400431916441203,0.00024544656060851064,3.183522791242073
-24.71494029514757,-0.054026412299579475,0.00024375721710733012,3.1866358982747385
-24.68550100550275,-0.05404911973313092,0.00024389628505575925,3.189756430529165
-24.65606171585793,-0.0540702780337162,0.0002413928769999526,3.1928844146024535
-24.626622426213103,-0.054085214825828454,0.00022688891063382633,3.196019877218886
-24.597183136568283,-0.0541031000166056,0.0002137642310412787,3.1991628452306813
-24.567743846923463,-0.05412262796347155,0.00021276999715145992,3.202313345618768
-24.538304557278636,-0.05413971321746191,0.00021815823623132772,3.2054714054935536
-24.508865267633816,-0.054155271900812145,0.00022289827842193684,3.2086370520957006
-24.479425977988996,-0.05417285863023344,0.00022790600811237156,3.2118103127969135
-24.44998668834417,-0.05419002957667026,0.000224116057004122,3.214991215100725
-24.420547398699348,-0.05420593116403713,0.00021235923782300664,3.21817978664329
-24.391108109054528,-0.05422399984403575,0.0002072769426617345,3.2213760551941895
-24.3616688194097,-0.05424040875158584,0.00021007990123598287,3.224580048657233
-24.33222952976488,-0.05425808386444154,0.0002106107881416211,3.2277917950712713
-24.30279024012006,-0.05427415706456772,0.00021401591764307886,3.231011322611017
-24.273350950475233,-0.054292065729110196,0.0002236424403238729,3.2342386595878665
-24.243911660830413,-0.05430701884854545,0.0002358322945713009,3.2374738344507272
-24.214472371185593,-0.05431827661991264,0.00024050853482450113,3.240716875786859
-24.185033081540766,-0.05433454263653998,0.00024199392845027833,3.2439678123227127
-24.155593791895946,-0.05434982769203256,0.00024013969279644014,3.2472266729247776
-24.126154502251126,-0.054373032681685994,0.0002444907270429128,3.250493486600439
-24.0967152126063,-0.054400776004450126,0.00024567625828554693,3.2537682824988368
-24.06727592296148,-0.054427496716631045,0.0002456613759147758,3.2570510899117306
-24.037836633316658,-0.054450725544734256,0.0002530380118603519,3.2603419382743786
-24.008397343671838,-0.05447456434572127,0.0002642590303052511,3.2636408571664113
-23.97895805402701,-0.054496695876086555,0.00027097442741658146,3.2669478763127224
-23.94951876438219,-0.054519153883590375,0.0002720840092480644,3.2702630255843577
-23.92007947473737,-0.05454676786280455,0.00027206988318326795,3.2735863349994174
-23.890640185092543,-0.05457203435941485,0.0002687840812919899,3.2769178347239625
-23.861200895447723,-0.054592845388534324,0.00026890214085713066,3.2802575550729234
-23.831761605802903,-0.05460951900898157,0.00026621222567673115,3.283605526511024
-23.802322316158076,-0.05462676083420769,0.00025968817503590585,3.286961779653707
-23.772883026513256,-0.054643459533023214,0.0002632492198162671,3.2903263452680642
-23.743443736868436,-0.054653494148918035,0.0002779308783667725,3.2936992542737795
-23.71400444722361,-0.05465555634110398,0.0002829921666504866,3.297080537744077
-23.68456515757879,-0.05466074860323525,0.00027936797491567964,3.3004702269066715
-23.655125867933968,-0.05466991564126392,0.0002757717181659197,3.3038683531447326
-23.62568657828914,-0.05466836040221021,0.0002708408710804389,3.3072749479978536
-23.59624728864432,-0.05466041200324805,0.0002683187867090582,3.3106900431630244
-23.5668079989995,-0.05465214128819051,0.0002719912509650641,3.3141136704956176
-23.537368709354674,-0.054649633120957365,0.00027163863455002477,3.3175458620103786
-23.507929419709853,-0.05465009361852958,0.0002685332721685787,3.3209866498824203
-23.478490130065033,-0.05465079236796519,0.0002688689957484369,3.324436066448233
-23.449050840420206,-0.05464147369784158,0.000272339113961582,3.3278941442066965
-23.419611550775386,-0.054631498502288496,0.0002784254590953951,3.331360915820095
-23.390172261130566,-0.05463520383591863,0.0002818696058889298,3.3348364141151547
-23.36073297148574,-0.05464539157271961,0.0002811076050025469,3.3383206720840746
-23.33129368184092,-0.05465067833655531,0.0002873652088706771,3.3418137228855676
-23.3018543921961,-0.05465619686995532,0.0002905030573255837,3.34531559984592
-23.27241510255127,-0.05466463078064162,0.0002944057679130174,3.3488263364600463
-23.24297581290645,-0.054672146842265935,0.0002994933757010915,3.352345966392556
-23.21353652326163,-0.0546794900750304,0.00030347819379936906,3.3558745234788336
-23.184097233616804,-0.05469172333357716,0.000306667410681398,3.3594120417261224
-23.154657943971984,-0.05470478212377145,0.00030627988971997864,3.362958555314612
-23.125218654327163,-0.05471856916009438,0.00030646959148569026,3.366514098598546
-23.095779364682343,-0.05472890430136001,0.000311229411217257,3.3700787061073254
-23.066340075037516,-0.05474217119391911,0.00031010066505509677,3.3736524125466323
-23.036900785392696,-0.05475649095572046,0.00030443105004837134,3.377235252799549
-23.007461495747876,-0.05476781235742983,0.00030169825003229764,3.3808272619277004
-22.97802220610305,-0.05478275722317749,0.0003002492533668637,3.384428475172393
-22.94858291645823,-0.05480167747465092,0.0002982822665302917,3.388038927955768
-22.91914362681341,-0.05482023312442838,0.00029254723303725067,3.391658655881964
-22.88970433716858,-0.05484490815925345,0.00028664395672906636,3.3952876947382875
-22.86026504752376,-0.0548718862364917,0.0002751172717665738,3.3989260804963894
-22.83082575787894,-0.05488905185274279,0.00026463101649088064,3.402573849313458
-22.801386468234114,-0.05490295983058698,0.0002603113986012647,3.4062310375334146
-22.771947178589294,-0.05492278137607609,0.00025928109894227336,3.4098976816881175
-22.742507888944473,-0.054947470834865446,0.000257046667768542,3.4135738184985835
-22.713068599299646,-0.05497184251095927,0.00025123691236814144,3.417259484876213
-22.683629309654826,-0.05499528897171879,0.0002458558925137602,3.4209547179240194
-22.654190020010006,-0.055018261789801425,0.00024361645885154513,3.4246595549378833
-22.62475073036518,-0.055037380431189116,0.0002399813879996152,3.428374033407801
-22.59531144072036,-0.05505239927437139,0.00023866611434866222,3.432098191019148
-22.56587215107554,-0.055062960413082986,0.00024288005247014648,3.435832065653961
-22.53643286143071,-0.05507163092274094,0.00024962032610233436,3.439575695392215
-22.50699357178589,-0.05508108348445719,0.00025352186493523914,3.443329118513119
-22.47755428214107,-0.055096458417943306,0.00025707356777881395,3.4470923734964254
-22.448114992496244,-0.055116349540536014,0.0002671605616116521,3.4508654990237404
-22.418675702851424,-0.055130003069016435,0.00027940177905078366,3.454648533979848
-22.389236413206604,-0.055137573369466154,0.00028700349940556614,3.458441517454052
-22.359797123561776,-0.055145960577174635,0.0002913177420173462,3.462244488741518
-22.330357833916956,-0.05515663241786633,0.00029653162139709046,3.4660574873446293
-22.300918544272136,-0.05516796771196625,0.00030157490446813595,3.469880552974358
-22.271479254627316,-0.055183299920657077,0.000305794081550306,3.4737137255516424
-22.24203996498249,-0.05520385886078808,0.00031024903149017393,3.4775570452087763
-22.21260067533767,-0.05522596306578648,0.00031980958862229305,3.481410552290807
-22.18316138569285,-0.0552461135700674,0.00033425135275229453,3.485274287356953
-22.15372209604802,-0.055265943024717275,0.0003487600342844314,3.4891482911820226
-22.1242828064032,-0.05528571216011167,0.0003559999389132993,3.493032604757847
-22.09484351675838,-0.055304312739391924,0.00035624009711151123,3.496927269294731
-22.065404227113554,-0.05532614363042312,0.000360297275850372,3.5008323262229077
-22.035964937468734,-0.05535152926739353,0.00037119962748846837,3.504747817194005
-22.006525647823914,-0.05537798606669284,0.00037760975677331534,3.508673784082532
-21.977086358179086,-0.05540083058470419,0.0003819345826835766,3.512610268987369
-21.947647068534266,-0.05542162043344279,0.00038799021315293216,3.5165573142332684
-21.918207778889446,-0.0554416004338154,0.00039471047277704483,3.52051496237238
-21.88876848924462,-0.05545729502668978,0.000395566582053297,3.5244832561857735
-21.8593291995998,-0.055471833073580334,0.0003899319331973716,3.5284622386849813
-21.82988990995498,-0.055490303642069354,0.0003730582465439954,3.5324519531135543
-21.80045062031015,-0.055504438663367385,0.00036209394959908276,3.5364524429486286
-21.77101133066533,-0.05551462819754784,0.0003600969676949396,3.540463751902501
-21.74157204102051,-0.05552275040853474,0.0003513290531776137,3.544485923924225
-21.712132751375684,-0.05552799376200875,0.00033018168940833004,3.548519003201217
-21.682693461730864,-0.05553516980126955,0.0003067254338066451,3.552563034160867
-21.653254172086044,-0.055548886607311915,0.0002911109880577665,3.556618061472179
-21.623814882441216,-0.05556274956888285,0.0002731614118409964,3.5606841300474126
-21.594375592796396,-0.055573530443763924,0.00024947066398116726,3.5647612850437347
-21.564936303151576,-0.055576934852768385,0.00022964788123050036,3.5688495718649027
-21.53549701350675,-0.05557885864297469,0.00021380947935375526,3.5729490361629415
-21.50605772386193,-0.05558491886841813,0.00020049620339071132,3.5770597238398443
-21.47661843421711,-0.055596911988493175,0.0001846813765601634,3.581181681049288
-21.44717914457228,-0.055610973228986005,0.00016394210918433753,3.58531495419836
-21.41773985492746,-0.055628377976722064,0.00014846890479771385,3.5894595899492976
-21.38830056528264,-0.0556467963448929,0.00014314879801733627,3.5936156352212456
-21.35886127563782,-0.05566252230045615,0.00014328287907920396,3.5977831371920277
-21.329421985992994,-0.0556762018855679,0.00015080913879817013,3.6019621432999314
-21.299982696348174,-0.05568731020786427,0.00015703748812338701,3.6061527012455037
-21.270543406703354,-0.055692451420373885,0.0001640590152191484,3.6103548589933734
-21.241104117058526,-0.05569947303216347,0.0001728850372508788,3.6145686647740756
-21.211664827413706,-0.05571010100987748,0.00018247893509267102,3.6187941670858974
-21.182225537768886,-0.055721542974160515,0.00019273908344390113,3.623031414696742
-21.15278624812406,-0.05572848388348889,0.00020412409409766057,3.627280456646002
-21.12334695847924,-0.05572971008960204,0.00021760114345366073,3.63154134224645
-21.09390766883442,-0.05573572896281068,0.0002283332312564098,3.6358141210861503
-21.06446837918959,-0.0557455807793538,0.00023185618670010862,3.6400988430303807
-21.03502908954477,-0.05574984558264209,0.000246641077086732,3.6443955582235685
-21.00558979989995,-0.05575695322106224,0.0002659254050306137,3.6487043170912545
-20.976150510255124,-0.05576499045811745,0.0002796590784872295,3.6530251703420604
-20.946711220610304,-0.05577020318526171,0.0002918724341895247,3.6573581689696764
-20.917271930965484,-0.05577216346767899,0.0003045550658906246,3.6617033642548726
-20.887832641320657,-0.055781803836701706,0.0003171388436115969,3.66606080776752
-20.858393351675836,-0.05579778847771213,0.0003239490356069567,3.670430551368626
-20.828954062031016,-0.05581698694180645,0.0003302240990145081,3.6748126472124003
-20.79951477238619,-0.055841815698521334,0.0003305086704658057,3.679207147748324
-20.77007548274137,-0.05586457448866563,0.0003291131512158386,3.6836141057232417
-20.74063619309655,-0.05587941382157096,0.00033009796741427153,3.688033574183476
-20.71119690345172,-0.05589563898982112,0.0003308454790114662,3.6924656064769543
-20.6817576138069,-0.055922672835112014,0.0003294171340200876,3.696910256255351
-20.65231832416208,-0.05594617895434518,0.0003208201622493798,3.7013675774762604
-20.622879034517254,-0.05596244688081239,0.00031188223690636777,3.705837624405375
-20.593439744872434,-0.055985655665031685,0.0003081811934888878,3.710320451618686
-20.564000455227614,-0.056011732420458184,0.00029798628036801003,3.7148161140047105
-20.534561165582787,-0.056031870064616185,0.00028600255141380957,3.719324666766728
-20.505121875937967,-0.056047541043605605,0.00027527318344005333,3.723846165425037
-20.475682586293146,-0.05606041351210841,0.00026696626817003175,3.7283806658192415
-20.446243296648326,-0.0560776179143111,0.0002650637286052081,3.7329282241105437
-20.4168040070035,-0.05609527764662911,0.0002664582987342125,3.737488896784065
-20.38736471735868,-0.05611216011758646,0.00027013768625297013,3.742062740651183
-20.35792542771386,-0.05612596328641042,0.00026807757400060305,3.7466498128518917
-20.32848613806903,-0.056127480146129,0.0002679427354323887,3.7512501708571837
-20.29904684842421,-0.056128592238009596,0.0002642351219972462,3.755863872471443
-20.26960755877939,-0.056140485457137956,0.00025970285856968985,3.760490975834874
-20.240168269134564,-0.056157848210161725,0.00025657389924343054,3.7651315394259406
-20.210728979489744,-0.056175945668039164,0.000251919240967499,3.769785622063827
-20.181289689844924,-0.05619341794306964,0.00024634156801471346,3.7744532829109265
-20.151850400200097,-0.05621105439595684,0.0002442952561074709,3.7791345814753496
-20.122411110555277,-0.056227640193990534,0.00024325669868521482,3.783829577613447
-20.092971820910456,-0.056240337024585425,0.00023759682827421253,3.7885383315323664
-20.06353253126563,-0.0562506512760077,0.00023310789515129643,3.7932609037926257
-20.03409324162081,-0.05626606873883531,0.00022824951393281157,3.7979973553107027
-20.00465395197599,-0.05628189353639598,0.0002262625553110042,3.8027477473616647
-19.97521466233116,-0.05629768911111438,0.00022315514102296062,3.807512141581803
-19.94577537268634,-0.056315030290112617,0.0002177567708022225,3.812290599971301
-19.91633608304152,-0.05633199189367288,0.0002143389514401892,3.817083184896924
-19.886896793396694,-0.05634301706235285,0.00021743393011920315,3.8218899590947353
-19.857457503751874,-0.05635496805909141,0.0002251002849168915,3.826710985672825
-19.828018214107054,-0.05636554471139601,0.00023446988087734726,3.831546328114082
-19.798578924462227,-0.05637348108722984,0.00023677048608423392,3.8363960502789762
-19.769139634817407,-0.056382869014101576,0.00023810139200627025,3.841260216408366
-19.739700345172587,-0.056396646059659106,0.00024382565491637136,3.8461388911263423
-19.71026105552776,-0.056411128994395245,0.000250421293855269,3.851032139443087
-19.68082176588294,-0.05642485199142255,0.0002547823751361443,3.8559400267577555
-19.65138247623812,-0.056440357612888896,0.00025712617292196374,3.8608626188614
-19.621943186593292,-0.0564580012524207,0.00025654908697739226,3.865799981939904
-19.59250389694847,-0.05647717045094819,0.0002591781625585615,3.8707521825769464
-19.56306460730365,-0.056498659436377156,0.00026600782552254124,3.8757192877569997
-19.53362531765883,-0.05652301236643842,0.0002698722980977313,3.8807013648683473
-19.504186028014004,-0.05654633499067211,0.00026709912353053473,3.8856984817061324
-19.474746738369184,-0.056563329296950994,0.00025859825369369953,3.8907107064754296
-19.445307448724364,-0.05657797241697673,0.0002517308110839358,3.8957381077943527
-19.415868159079537,-0.056601820026527964,0.00025444206256307827,3.9007807546971858
-19.386428869434717,-0.05662572867681751,0.00025962204562531477,3.905838716637537
-19.356989579789897,-0.05664766232255175,0.00026093815333163537,3.910912063491535
-19.32755029014507,-0.05666629402123472,0.00026523552806950886,3.9160008655610437
-19.29811100050025,-0.0566803923250753,0.0002752053674847226,3.9211051935769055
-19.26867171085543,-0.056692874988056224,0.0002843251919937632,3.926225118702227
-19.239232421210602,-0.05670608519512118,0.0002912176926171817,3.9313607125356786
-19.20979313156578,-0.05672488791264449,0.00029674440057104,3.9365120471148343
-19.18035384192096,-0.05674687247457085,0.00030180675258523947,3.941679194919541
-19.150914552276134,-0.056765109608139463,0.00030891905397652627,3.9468622288753203
-19.121475262631314,-0.056782459949598824,0.00032424172455127294,3.952061222356791
-19.092035972986494,-0.056798635294660955,0.000336295526823078,3.9572762491911395
-19.062596683341667,-0.056814158769237434,0.00034358294412353753,3.962507383661614
-19.033157393696847,-0.05682958753675038,0.000344765476618489,3.9677547005110445
-19.003718104052027,-0.05684790035462256,0.0003434635218381981,3.9730182749454106
-18.9742788144072,-0.05687258990423228,0.0003388568027704659,3.978298182637433
-18.94483952476238,-0.05690570265352642,0.00033239455258071037,3.983594499730192
-18.91540023511756,-0.05693688189143134,0.0003228567830695385,3.9889073028407993
-18.885960945472732,-0.05696429374041525,0.00031559788028749376,3.994236669064088
-18.856521655827912,-0.05698835239187445,0.0003119019726455242,3.9995826759763347
-18.82708236618309,-0.05701333569522684,0.0003098504811229243,4.004945401639037
-18.797643076538264,-0.05703459144677318,0.0002971109554701727,4.010324924602702
-18.768203786893444,-0.05705977910934193,0.00028261148352904525,4.015721323910684
-18.738764497248624,-0.05708635746942525,0.00027089506359574494,4.0211346791030635
-18.709325207603804,-0.057111276870373755,0.0002611893948416947,4.026565070220542
-18.679885917958977,-0.05713686637026316,0.0002542260843681581,4.032012577808401
-18.650446628314157,-0.05715550050066099,0.0002469428282645178,4.037477282920469
-18.621007338669337,-0.057169768721436275,0.00023819082743742104,4.042959267123158
-18.59156804902451,-0.0571808255807949,0.00023557710685540018,4.048458612499509
-18.56212875937969,-0.057189388744090436,0.00023699530984547896,4.053975401653293
-18.53268946973487,-0.05720159078970477,0.0002349504014514411,4.0595097177131505
-18.503250180090042,-0.057212547784139374,0.00022651627402671152,4.065061644336763
-18.473810890445222,-0.05722103045863558,0.00022269569818266023,4.070631265715065
-18.4443716008004,-0.057231712275656016,0.00022562599403500543,4.0762186665765086
-18.414932311155574,-0.05723320616731927,0.00022694590122677787,4.081823932191355
-18.385493021510754,-0.05723634555957885,0.0002273066207799483,4.087447148376008
-18.356053731865934,-0.057247063709363194,0.00023192192491105438,4.093088401497403
-18.326614442221107,-0.05726059693752109,0.00023672049539410464,4.098747778477424
-18.297175152576287,-0.05726674422372475,0.00023912240200588933,4.104425366797361
-18.267735862931467,-0.057269198393666974,0.00024210707565106517,4.110121254502432
-18.23829657328664,-0.057277480012508826,0.00024994093579770905,4.115835530206323
-18.20885728364182,-0.05729859742248089,0.0002623202206076269,4.121568283095788
-18.179417993997,-0.05731708276875367,0.00026865823147349214,4.1273196029352865
-18.149978704352172,-0.057330338743457436,0.0002708295973171282,4.133089580071673
-18.120539414707352,-0.05735071731398395,0.00027771736436705484,4.138878305438924
-18.091100125062532,-0.05737798969063629,0.00027889046345143544,4.144685870562914
-18.061660835417705,-0.05740779492791583,0.0002801847747147942,4.150512367566247
-18.032221545772884,-0.05743925214271745,0.0002801257797994629,4.1563578891731146
-18.002782256128064,-0.057470561790448176,0.0002770861675136939,4.162222528714229
-17.973342966483237,-0.057502900922962376,0.00027203983107827176,4.168106380131781
-17.943903676838417,-0.05753795505626264,0.00026809934523127943,4.174009537984456
-17.914464387193597,-0.057571775969366405,0.0002663512759272481,4.179932097452506
-17.88502509754877,-0.05760408159887784,0.00026881645695300756,4.185874154342861
-17.85558580790395,-0.057640394255140025,0.0002661120024337185,4.191835805094291
-17.82614651825913,-0.05767662441588911,0.0002674335952304684,4.197817146782633
-17.79670722861431,-0.05771414019394744,0.0002797408565508065,4.203818277126052
-17.767267938969482,-0.05775182062756579,0.0002918004901096205,4.209839294490368
-17.737828649324662,-0.05778535718291483,0.0002960956901556319,4.215880297894421
-17.708389359679842,-0.05781845853003436,0.00029448136791362613,4.221941387015516
-17.678950070035015,-0.05785258672125181,0.00029288652109272237,4.228022662194889
-17.649510780390194,-0.05788249885944322,0.0002956750007737376,4.23412422444325
-17.620071490745374,-0.057911317020305324,0.00030125801445488444,4.24024617544638
-17.590632201100547,-0.057933297547634786,0.00030915204905629856,4.2463886175707755
-17.561192911455727,-0.05795854411635589,0.00031727993146305,4.25255165386935
-17.531753621810907,-0.05798730963278923,0.0003214255768039124,4.25873538808721
-17.50231433216608,-0.05801592576755606,0.00032590974645358475,4.2649399246674635
-17.47287504252126,-0.05804350993779689,0.0003308227895164828,4.271165368757105
-17.44343575287644,-0.058069131875541614,0.0003294429776593903,4.277411826212956
-17.413996463231612,-0.05808649139758246,0.00031781290955503974,4.2836794036076675
-17.384557173586792,-0.0581001788482896,0.0003090765063372951,4.289968208235773
-17.355117883941972,-0.05811349285248896,0.00031475409826823284,4.296278348119818
-17.325678594297145,-0.058126259005743454,0.0003182935841386648,4.302609932016547
-17.296239304652325,-0.058140163857032294,0.0003183860265453906,4.30896306942314
-17.266800015007504,-0.058159605410811666,0.0003188051978606718,4.315337870583537
-17.237360725362677,-0.05818156492393902,0.0003199434232038459,4.321734446494815
-17.207921435717857,-0.05819709881765925,0.00032036159697339034,4.328152908913614
-17.178482146073037,-0.05820724275647263,0.00032196092502911856,4.334593370362668
-17.14904285642821,-0.05821327988699751,0.0003269522214741783,4.341055944137364
-17.11960356678339,-0.05822075469231871,0.00033765916693520337,4.347540744312392
-17.09016427713857,-0.05822397514927363,0.0003498350602024086,4.354047885748456
-17.060724987493742,-0.058235576959928016,0.00035410135252134437,4.3605774840990605
-17.031285697848922,-0.05825259649859826,0.0003593476306527901,4.367129655817348
-17.001846408204102,-0.058269400507892755,0.00036287081407090525,4.3737045181630405
-16.972407118559275,-0.05828565188141772,0.0003656163999130011,4.380302189209424
-16.942967828914455,-0.058306575188841366,0.00037072126948902725,4.386922787850412
-16.913528539269635,-0.05832581847079713,0.00037171536080001655,4.3935664338077025
-16.884089249624814,-0.05834492708867182,0.00037146625382170474,4.400233247637983
-16.854649959979987,-0.058364428032687564,0.0003715339720981328,4.406923350740224
-16.825210670335167,-0.05839237025413754,0.0003655952571618181,4.41363686536305
-16.795771380690347,-0.058422301791343945,0.00035999692256927294,4.420373914612186
-16.76633209104552,-0.05845156664406287,0.0003508811097016763,4.427134622457982
-16.7368928014007,-0.058485733664905414,0.0003419705168851529,4.433919113743013
-16.70745351175588,-0.05851803870451242,0.000334444876224139,4.4407275141897715
-16.678014222111052,-0.05854238849035789,0.00032844152462052287,4.447559950408428
-16.648574932466232,-0.05856953963976714,0.00032591691797560096,4.454416549904678
-16.619135642821412,-0.058598418967573986,0.00032617359087684324,4.461297441087679
-16.589696353176585,-0.05862718066650272,0.0003199044903242509,4.468202753278063
-16.560257063531765,-0.058650570118615124,0.00031801167974568464,4.475132616716035
-16.530817773886945,-0.05866756208316823,0.00031631217096563517,4.48208716256957
-16.501378484242117,-0.058684419058524485,0.0003091632371316828,4.489066522942686
-16.471939194597297,-0.058706893928663885,0.00030189442417721476,4.496070830883798
-16.442499904952477,-0.05873300361604602,0.0003007847168816162,4.503100220394188
-16.41306061530765,-0.0587594306860151,0.0003046678679019372,4.510154826436545
-16.38362132566283,-0.05878394933304615,0.0003051884106399531,4.517234784943594
-16.35418203601801,-0.05880896739636926,0.0002994968803071393,4.524340232826841
-16.324742746373182,-0.058831371278395,0.0002976109091306959,4.531471307985392
-16.295303456728362,-0.058857950028164824,0.0002924201892873537,4.538628149314865
-16.265864167083542,-0.0588857594619612,0.00028996919044845784,4.545810896716426
-16.236424877438715,-0.05891148052910671,0.0002934441111165041,4.553019691105894
-16.206985587793895,-0.05893597777686624,0.0002961090768367312,4.560254674422952
-16.177546298149075,-0.05896497579470513,0.0002929114666426579,4.567515989640475
-16.148107008504248,-0.058996830439116195,0.0002926700383579654,4.574803780773943
-16.118667718859427,-0.05902197764235368,0.00030328288763347745,4.582118192890952
-16.089228429214607,-0.0590445511568691,0.0003149170247275429,4.589459372120858
-16.059789139569787,-0.05906654709561034,0.0003199751060666285,4.5968274656644965
-16.03034984992496,-0.05909089334950829,0.00032488913531300193,4.604222621804023
-16.00091056028014,-0.05911592855554515,0.00033212981167013325,4.61164498991286
-15.97147127063532,-0.05913856537562453,0.00034276147665923657,4.619094720465758
-15.942031980990492,-0.059157405420392606,0.00035699390846030205,4.626571965048963
-15.912592691345672,-0.05917759301326982,0.0003740998003361647,4.63407687637049
-15.883153401700852,-0.05920294856425542,0.00038641537839979433,4.641609608270534
-15.853714112056025,-0.059227262666725726,0.0003933183832144801,4.649170315731973
-15.824274822411205,-0.05924927440485064,0.0004041961711823365,4.656759154890992
-15.794835532766385,-0.05927496310613529,0.0004145131326893176,4.664376283047842
-15.765396243121558,-0.059302499265292206,0.00041886386851351334,4.672021858677706
-15.735956953476737,-0.05933058271852909,0.0004171827956947294,4.679696041441678
-15.706517663831917,-0.05935813122736025,0.00041356451579050135,4.687398992197897
-15.67707837418709,-0.05938264425462295,0.0004127395421246777,4.69513087301277
-15.64763908454227,-0.05940771861941729,0.0004151326933532414,4.70289184717234
-15.61819979489745,-0.05943428025106062,0.0004148345807634697,4.7106820791937905
-15.588760505252623,-0.059473069780657584,0.00041325998249723295,4.718501734837064
-15.559321215607802,-0.05950873749990271,0.0004051296239313542,4.726350981116612
-15.529881925962982,-0.0595312910489016,0.0003911446633566604,4.7342299863133
-15.500442636318155,-0.05955128904287544,0.0003794618123017495,4.742138919986428
-15.471003346673335,-0.05957856038769635,0.000373880988374534,4.750077952985882
-15.441564057028515,-0.059607394012050174,0.0003709361344454799,4.758047257464457
-15.412124767383688,-0.05962859659697858,0.00036663779067090414,4.766047006890289
-15.382685477738868,-0.05964556215248631,0.0003654944398334079,4.774077376059436
-15.353246188094047,-0.059668755918008055,0.00036910020353970226,4.782138541108624
-15.32380689844922,-0.059693295429061766,0.00036808881054914167,4.7902306795281175
-15.2943676088044,-0.05971511013021031,0.00036915155881237904,4.798353970174738
-15.26492831915958,-0.0597355608319986,0.00037231281204587024,4.806508593285058
-15.235489029514753,-0.05975348849041373,0.00037601455837881826,4.814694730488722
-15.206049739869933,-0.05977255679571306,0.0003808058353240873,4.822912564821926
-15.176610450225112,-0.05980189092798372,0.0003893607304287355,4.83116228074107
-15.147171160580292,-0.059840933353184265,0.00040198299783414257,4.8394440641365595
-15.117731870935465,-0.05987580649278582,0.00040711110436139435,4.847758102346758
-15.088292581290645,-0.059905332363538476,0.0004048440181366516,4.856104584172119
-15.058853291645825,-0.05993802027387246,0.00040260707025667746,4.864483699889478
-15.029414002000998,-0.05997777104462285,0.0004002499242853148,4.872895641266514
-14.999974712356178,-0.060016641523987835,0.00039624279814474717,4.881340601576369
-14.970535422711357,-0.060052904830010245,0.00039105255811273763,4.889818775612465
-14.94109613306653,-0.060086445040325176,0.0003860036855632042,4.898330359703472
-14.91165684342171,-0.060119157757534895,0.0003794829511628582,4.906875551728461
-14.88221755377689,-0.06015658223896982,0.00037441261102340545,4.915454551132247
-14.852778264132063,-0.06019415770069555,0.00037320082121508255,4.924067558940904
-14.823338974487243,-0.06023106367512912,0.00037264277054313176,4.932714777777456
-14.793899684842422,-0.06026439525031285,0.0003699724812970532,4.941396411877782
-14.764460395197595,-0.060296016720880585,0.0003664080622823567,4.950112667106688
-14.735021105552775,-0.06032809490778446,0.0003681583853096767,4.958863750974176
-14.705581815907955,-0.060362043408333475,0.00037766673206905867,4.967649872651919
-14.676142526263128,-0.060394235876172105,0.00038693913450139515,4.976471242989927
-14.646703236618308,-0.06042943215487351,0.0003926749250231999,4.985328074533398
-14.617263946973488,-0.06046338673016058,0.00039847726801356246,4.994220581539815
-14.58782465732866,-0.06049399869546431,0.0004015441836950731,5.003148979996203
-14.55838536768384,-0.06052484197356806,0.0004045292104833902,5.01211348763662
-14.52894607803902,-0.06055743334624672,0.00040774262381670803,5.021114323959867
-14.499506788394193,-0.06059146164733775,0.0004109547894149046,5.030151710247391
-14.470067498749373,-0.060625590777770216,0.0004144493158721115,5.03922586958142
-14.440628209104553,-0.06065338700001343,0.0004164110628172395,5.048337026863329
-14.411188919459725,-0.06067966867543043,0.0004176541350240102,5.057485408832215
-14.381749629814905,-0.06070666328847548,0.00042151768777606396,5.066671244083695
-14.352310340170085,-0.06073498571347805,0.00041942359487618535,5.075894763088966
-14.322871050525258,-0.060762716509064986,0.00041816986248715177,5.085156198214071
-14.293431760880438,-0.060785854483029526,0.0004193656413709092,5.094455783739405
-14.263992471235618,-0.06080677094147241,0.0004181361241611679,5.103793755879483
-14.234553181590798,-0.06082868802297676,0.00041652744434903644,5.1131703528029355
-14.20511389194597,-0.06085497069993132,0.00041910223266969186,5.122585814652755
-14.17567460230115,-0.060882585551589034,0.0004203272553849421,5.132040383566794
-14.14623531265633,-0.06090609075895655,0.0004167476496423802,5.141534303698537
-14.116796023011503,-0.06092804129898779,0.00041080851169783035,5.151067821238102
-14.087356733366683,-0.06095602528460121,0.00040368717046472666,5.160641184433524
-14.057917443721863,-0.06098314655449751,0.0004001198711003314,5.170254643612311
-14.028478154077035,-0.06100822238138387,0.0004013703250822194,5.179908451203258
-13.999038864432215,-0.06102953924032701,0.00040222175999670047,5.189602861758535
-13.969599574787395,-0.061054655698930815,0.0003983179047764493,5.199338131976072
-13.940160285142568,-0.0610887772503399,0.0003901101623458144,5.209114520722214
-13.910720995497748,-0.06112812331254341,0.00038304394422664046,5.2189322890546554
-13.881281705852928,-0.06116354281726514,0.0003799138357104965,5.228791700245694
-13.8518424162081,-0.061198628651559256,0.0003810202354385655,5.238693019805752
-13.82240312656328,-0.061233201713694285,0.00037837576973804486,5.248636515507211
-13.79296383691846,-0.061267796915615534,0.0003750260442207544,5.258622457408558
-13.763524547273633,-0.061298198510030065,0.00037625365415448395,5.268651117878832
-13.734085257628813,-0.061323653863124515,0.00038244480760827205,5.2787227716223795
-13.704645967983993,-0.06134565559470922,0.00038791568766560915,5.28883769570395
-13.675206678339165,-0.06137625785603676,0.00038977467993187796,5.298996169574096
-13.645767388694345,-0.06141158530100347,0.00039080889580217,5.309198475094903
-13.616328099049525,-0.06144289466638986,0.00039258583314853165,5.3194448965660746
-13.586888809404698,-0.061465568609485204,0.00039147197355708906,5.3297357207513265
-13.557449519759878,-0.06148422377135317,0.00039448515263149433,5.340071236905141
-13.528010230115058,-0.06150482983431423,0.00040214060040630464,5.350451736799875
-13.49857094047023,-0.06153102575516401,0.0004105824269222242,5.360877514753216
-13.46913165082541,-0.061562583610417054,0.00041837022080879334,5.371348867655987
-13.43969236118059,-0.06159681283156898,0.00042598327742812827,5.381866095000344
-13.410253071535763,-0.0616241028735375,0.000430823264223593,5.392429498908323
-13.380813781890943,-0.06165905645521103,0.00043254912771555575,5.40303938416076
-13.351374492246123,-0.061695932011364064,0.0004416452323182678,5.413696058226622
-13.321935202601303,-0.061730434543187516,0.00045194067684084695,5.424399831292697
-13.292495912956475,-0.0617635808254966,0.00045374517274774756,5.4351510162936965
-13.263056623311655,-0.06179727896602446,0.0004538130371716717,5.44594992894274
-13.233617333666835,-0.06183836234509422,0.0004594817987787008,5.456796887762277
-13.204178044022008,-0.06188373117029485,0.0004673542908245339,5.4676922141153925
-13.174738754377188,-0.061921745628048384,0.00046760600098052,5.478636232237545
-13.145299464732368,-0.061951959567515945,0.0004687573079420632,5.489629269268736
-13.11586017508754,-0.06198368727864014,0.00047131813577587115,5.500671655286107
-13.08642088544272,-0.062025041194046594,0.0004716100703837702,5.511763723336962
-13.0569815957979,-0.06206342984461408,0.000470105220201935,5.522905809472276
-13.027542306153073,-0.062093742682666535,0.00046321677011073914,5.534098252780614
-12.998103016508253,-0.06212167787844852,0.00044786397716510995,5.545341395422533
-12.968663726863433,-0.06215557052759149,0.0004291565077883876,5.556635582665456
-12.939224437218606,-0.0621934460410389,0.00042086919979172585,5.567981162919017
-12.909785147573785,-0.06223107639120362,0.0004132304499873121,5.57937848777087
-12.880345857928965,-0.062252703670824326,0.0003993785355302342,5.590827912023033
-12.850906568284138,-0.06226733833374923,0.00039688886349725485,5.602329793728692
-12.821467278639318,-0.06228887699664226,0.00039223123497388875,5.613884494229519
-12.792027988994498,-0.06232299713810758,0.00038615068143837,5.625492378193531
-12.76258869934967,-0.06236183162254475,0.00038050543357234166,5.637153813653442
-12.73314940970485,-0.06239333700863416,0.000375029463014605,5.648869172045553
-12.70371012006003,-0.062419418602484934,0.0003723277935097203,5.660638828249208
-12.674270830415203,-0.062446012987143244,0.00037662917709778117,5.6724631606267675
-12.644831540770383,-0.06247759077416326,0.00038275516078257793,5.684342551064148
-12.615392251125563,-0.06250823547205608,0.0003920275942985586,5.696277385011953
-12.585952961480736,-0.0625442549997887,0.0003987910478002573,5.708268051527152
-12.556513671835916,-0.06258567894197634,0.0004055568312559292,5.7203149433153495
-12.527074382191095,-0.06262502248923285,0.0004141122762170902,5.732418456773676
-12.497635092546275,-0.06266662212867487,0.00042510813601425525,5.744578992034253
-12.468195802901448,-0.06271340214061989,0.00043390448780383214,5.756796953008292
-12.438756513256628,-0.06276155793390405,0.00042702785161125083,5.769072747430809
-12.409317223611808,-0.06281040487728917,0.0004181210017585229,5.781406786905992
-12.37987793396698,-0.06285665129733274,0.000415866175384046,5.793799486953204
-12.35043864432216,-0.06290319530501029,0.000412742508395579,5.806251267053628
-12.32099935467734,-0.06295026578129813,0.0004038753607693359,5.818762550697623
-12.291560065032513,-0.06299367647838451,0.00039125796793769945,5.831333765432723
-12.262120775387693,-0.06303648505944258,0.0003761542160337917,5.843965342912334
-12.232681485742873,-0.06307829415781978,0.00035946673811615155,5.856657718945152
-12.203242196098046,-0.06311834583846991,0.0003470900668319438,5.869411333545282
-12.173802906453226,-0.06316400660709826,0.0003404742411108713,5.882226630983077
-12.144363616808405,-0.06320694586152138,0.0003357819935321551,5.895104059836737
-12.114924327163578,-0.06324025540308602,0.0003362134966411594,5.9080440730446515
-12.085485037518758,-0.06327077055786672,0.000339946374643721,5.921047127958486
-12.056045747873938,-0.06329863838755014,0.00034342570918432277,5.934113686397088
-12.02660645822911,-0.0633231434010113,0.0003470771781554652,5.947244214701152
-11.99716716858429,-0.06334959275488777,0.0003539063506276811,5.960439183788693
-11.96772787893947,-0.06338285023029172,0.0003646930227861643,5.973699069211356
-11.938288589294643,-0.06341859686648625,0.0003719945436653199,5.987024351211545
-11.908849299649823,-0.0634569395631522,0.0003762658787648845,6.000415514780392
-11.879410010005003,-0.06349864647373643,0.00038834342520046905,6.013873049716614
-11.849970720360176,-0.06353851567723849,0.00040172292170488855,6.027397450686222
-11.820531430715356,-0.06357184792105175,0.0004152927483398759,6.040989217283127
-11.791092141070536,-0.06360187792933752,0.000426644770438785,6.054648854090669
-11.761652851425708,-0.06363603081238949,0.0004362264235808182,6.068376870744057
-11.732213561780888,-0.06367804839208896,0.00044665729330782463,6.08217378199374
-11.702774272136068,-0.06372146912191874,0.00045640056962839527,6.096040107769762
-11.673334982491241,-0.06375516823349885,0.00047120052253010454,6.109976373247073
-11.64389569284642,-0.06378864292368806,0.0004837451024315785,6.12398310891181
-11.6144564032016,-0.06383068024473267,0.0004927091962458994,6.138060850628644
-11.58501711355678,-0.0638730769289227,0.000498612649123738,6.152210139709091
-11.555577823911953,-0.06390750900047043,0.0004994874061223259,6.16643152298091
-11.526138534267133,-0.06393345336928453,0.0004979471801415319,6.180725552858533
-11.496699244622313,-0.06395804771496312,0.0004994818072487117,6.195092787414613
-11.467259954977486,-0.06398875970140408,0.0005050267625416445,6.209533790452645
-11.437820665332666,-0.06401492576970234,0.0005139159561148194,6.224049131580705
-11.408381375687846,-0.06403821880365616,0.000513658928570441,6.23863938628637
-11.378942086043018,-0.06406926973931655,0.0005160945242503433,6.253305136012758
-11.349502796398198,-0.06410613123196827,0.0005236830243883762,6.268046968235757
-11.320063506753378,-0.0641423640636365,0.0005273459362939505,6.282865476542501
-11.290624217108551,-0.06417779279075876,0.0005231542469404577,6.297761260711017
-11.26118492746373,-0.06421826163871847,0.0005175267445462847,6.312734926791148
-11.23174563781891,-0.06425878256675059,0.0005161029019722154,6.327787087186765
-11.202306348174083,-0.06429002687363866,0.0005053318129068794,6.342918360739248
-11.172867058529263,-0.0643276542078073,0.0004963581763206194,6.358129372812283
-11.143427768884443,-0.06437042613713166,0.0004861126678801022,6.373420755378042
-11.113988479239616,-0.06441381999934803,0.00047157349360767696,6.388793147104694
-11.084549189594796,-0.06444610712826372,0.0004496918121111034,6.404247193445317
-11.055109899949976,-0.06447192619780072,0.0004241675020833318,6.4197835467282545
-11.025670610305149,-0.06449807514179957,0.000402273152689535,6.435402866248894
-10.996231320660328,-0.06453181580400512,0.0003860764393508409,6.451105818362917
-10.966792031015508,-0.06456691992264058,0.00037358554532314613,6.466893076581089
-10.937352741370681,-0.06460286359024715,0.00036238048090708687,6.482765321665532
-10.907913451725861,-0.06463704164782715,0.00034399551738462184,6.498723241727578
-10.87847416208104,-0.0646741218788475,0.0003227925111358085,6.514767532327227
-10.849034872436214,-0.06471095684787323,0.00030771378523210654,6.530898896574197
-10.819595582791393,-0.06475058784321104,0.0003040035314759774,6.547118045230626
-10.790156293146573,-0.06479676913929416,0.00031327296505998653,6.563425696815486
-10.760717003501746,-0.06484779455181479,0.0003312841866900473,6.579822577710679
-10.731277713856926,-0.06489345544566465,0.00034465165841562185,6.5963094222688765
-10.701838424212106,-0.06493819740618546,0.00035377210872075676,6.6128869729231745
-10.672399134567286,-0.06498827103938304,0.0003619849238851663,6.629555980298526
-10.642959844922459,-0.06503888013010302,0.00037588556584016537,6.646317203325046
-10.613520555277638,-0.06508885988444625,0.0003902979269924798,6.663171409353181
-10.584081265632818,-0.06514029190251845,0.00040558659792332233,6.68011937427083
-10.554641975987991,-0.06518914452145676,0.0004252234438474728,6.697161882622401
-10.525202686343171,-0.0652295958482431,0.00044441922768213957,6.714299727729866
-10.49576339669835,-0.06527589300553704,0.00044750909845661923,6.731533711815877
-10.466324107053524,-0.0653254545914254,0.0004475760948878412,6.7488646461289346
-10.436884817408703,-0.06536758132705063,0.00045456950913078163,6.766293351070673
-10.407445527763883,-0.06540889321816339,0.0004493578278111571,6.78382065632534
-10.378006238119056,-0.06545502630100236,0.00043997068681366364,6.801447400991446
-10.348566948474236,-0.06550427552833031,0.00043298922381552064,6.819174433715653
-10.319127658829416,-0.06555482624031536,0.0004316331024070205,6.837002612829005
-10.289688369184589,-0.06560738034174617,0.0004301516796068502,6.854932806485452
-10.260249079539769,-0.06566393200306857,0.00042127730049883384,6.872965892802753
-10.230809789894948,-0.0657177223596206,0.00041839779559816264,6.891102760005867
-10.201370500250121,-0.06577207333309272,0.00040816783189119566,6.909344306572769
-10.171931210605301,-0.06581086948688021,0.00040574677103771687,6.92769144138281
-10.142491920960481,-0.06585127717264654,0.0004121983366097737,6.946145083867697
-10.113052631315654,-0.06590384268792913,0.000416880829384221,6.964706164165071
-10.083613341670834,-0.065963053725982,0.0004152488894509851,6.983375623274774
-10.054174052026013,-0.06602067419371475,0.0004086649191844921,7.002154413217899
-10.024734762381186,-0.06607595591159969,0.0004031569168290594,7.02104349719861
-9.995295472736366,-0.06613331653448451,0.00040474612968800495,7.040043849768815
-9.965856183091546,-0.066180736688768,0.0004045347398976561,7.059156456995798
-9.936416893446719,-0.06621512647473952,0.00041263970563910776,7.078382316632796
-9.906977603801899,-0.06626276373209267,0.0004250135929741362,7.097722438292609
-9.877538314157079,-0.06632528444916025,0.0004252209353518031,7.117177843624367
-9.848099024512258,-0.06639658750273647,0.0004129793933092355,7.136749566493406
-9.818659734867431,-0.06646687708094379,0.00040161234822708815,7.156438653164424
-9.789220445222611,-0.06652429457966531,0.0004034209156633151,7.176246162487904
-9.759781155577791,-0.06657265885434534,0.0004097777230385347,7.196173166089959
-9.730341865932964,-0.06662536138682412,0.0004015609995236281,7.216220748565582
-9.700902576288144,-0.06669759891201558,0.0003958397804159625,7.236390007675419
-9.671463286643323,-0.06676944718455076,0.0004034028216107304,7.256682054546167
-9.642023996998496,-0.06682872719158982,0.0004169490412920368,7.277098013874617
-9.612584707353676,-0.06688343524409614,0.0004311523525279181,7.297639024135426
-9.583145417708856,-0.0669378686416096,0.0004430110656054939,7.318306237792783
-9.553706128064029,-0.06698917676102877,0.00045040067785117525,7.339100821515931
-9.524266838419209,-0.06705132307690699,0.0004508074353154415,7.3600239563986865
-9.494827548774389,-0.0671163926166311,0.00045842739054664626,7.381076838183095
-9.465388259129561,-0.06716509165158611,0.00047345620997866936,7.402260677487209
-9.435948969484741,-0.06721853918884381,0.0004768205957086456,7.423576700037132
-9.406509679839921,-0.067267935467185,0.0004798892300584759,7.445026146903466
-9.377070390195094,-0.06730619604852146,0.0004903779853198923,7.466610274742165
-9.347631100550274,-0.06734345832968618,0.000502316067435256,7.488330356039941
-9.318191810905454,-0.06739062918748229,0.0005124656455522729,7.510187679364371
-9.288752521260626,-0.06744661195181088,0.0005258859389632794,7.532183549618705
-9.259313231615806,-0.06750947834019301,0.0005400001223892596,7.554319288301547
-9.229873941970986,-0.06757816065625183,0.0005344136343858785,7.576596233771542
-9.200434652326159,-0.067628976869842,0.0005399822805904795,7.5990157415171025
-9.170995362681339,-0.06767754149388673,0.0005562422586416419,7.621579184431332
-9.141556073036519,-0.06771908729670134,0.0005726022606356156,7.6442879530923005
-9.112116783391691,-0.06775707236001799,0.0005843299722592969,7.667143456048715
-9.082677493746871,-0.06780438492961859,0.0005895280191333542,7.690147120111135
-9.053238204102051,-0.06786427110838517,0.0005894803159190869,7.71330039064893
-9.023798914457224,-0.06792751973574664,0.000583485954464043,7.736604731892994
-8.994359624812404,-0.06798900339789186,0.0005579315906808453,7.7600616272444
-8.964920335167584,-0.06805112433662784,0.0005244296405838884,7.783672579589198
-8.935481045522764,-0.06812270598276451,0.0005022415210126521,7.807439111619372
-8.906041755877936,-0.06819245538897599,0.0004750534337626199,7.831362766160194
-8.876602466233116,-0.06825710524294927,0.00043805443271977554,7.855445106504069
-8.847163176588296,-0.06832346347089646,0.00040571478862566775,7.879687716751088
-8.817723886943469,-0.06839872082818872,0.00039399045197603986,7.904092202156365
-8.788284597298649,-0.06847999595271717,0.0003926583386309051,7.928660189484343
-8.758845307653829,-0.0685526456289652,0.0003846320409323604,7.953393327370307
-8.729406018009001,-0.06863359235190479,0.000380669324731347,7.978293286689156
-8.699966728364181,-0.06871174077090585,0.0003727516511093694,8.003361760931657
-8.670527438719361,-0.06878436577736448,0.00035080708882457846,8.02860046658843
-8.641088149074534,-0.06885003436544751,0.0003254834558395693,8.054011143541707
-8.611648859429714,-0.0689081509725134,0.00030599615021003067,8.079595555465161
-8.582209569784894,-0.06896198198316732,0.00029150542833091637,8.105355490231975
-8.552770280140066,-0.06902587101055684,0.0002722657806915845,8.131292760331325
-8.523330990495246,-0.06909354743532116,0.00025865846444079126,8.157409203293462
-8.493891700850426,-0.06917777768113119,0.00027473416326306556,8.183706682123708
-8.464452411205599,-0.06925743373279764,0.0002949378460805813,8.210187085745456
-8.435013121560779,-0.06932693028762567,0.0002960547169080712,8.236852329452422
-8.405573831915959,-0.06940581947270279,0.0003032080968772451,8.263704355370486
-8.376134542271132,-0.06949043167696724,0.000327326267642461,8.290745132929201
-8.346695252626311,-0.0695646379098087,0.00035168757827768924,8.317976659343277
-8.317255962981491,-0.06962303386538866,0.00036160561846662473,8.34540096010436
-8.287816673336664,-0.06969606353975404,0.00038635519294880625,8.373020089483223
-8.258377383691844,-0.06976074424860483,0.0004241300314452701,8.400836131042704
-8.228938094047024,-0.06982964527951191,0.00044028041066916684,8.428851198161711
-8.199498804402197,-0.06989350309138781,0.0004509356840408622,8.457067434570462
-8.170059514757376,-0.0699468484459806,0.00046771898978068937,8.485487014897283
-8.140620225112556,-0.07000228406717184,0.0004888345722672714,8.514112145227342
-8.11118093546773,-0.07007455041482313,0.0005034929088765824,8.542945063673496
-8.081741645822909,-0.07013233985250494,0.0005256586580069178,8.571988040959592
-8.052302356178089,-0.07018188289001227,0.0005666507610137414,8.601243381016644
-8.022863066533269,-0.0701875319956014,0.0005890284302802629,8.630713421592066
-7.9934237768884415,-0.07023117011661821,0.0005863267844211381,8.6604005348724
-7.963984487243621,-0.070320160142165,0.000575099362620824,8.690307128119814
-7.934545197598801,-0.07039631601552208,0.0005703037050976363,8.720435644322855
-7.905105907953974,-0.07043595638227508,0.0005774033479410919,8.75078856286166
-7.875666618309154,-0.07046648522695252,0.0005893654393084312,8.781368400188093
-7.846227328664334,-0.07051499561859438,0.0005967387572995807,8.812177710521269
-7.816788039019507,-0.0705869352378989,0.0005927267035287445,8.843219086558708
-7.7873487493746865,-0.07066359864925813,0.0005920761021447441,8.874495160203647
-7.757909459729866,-0.07075732133701469,0.000601355613655963,8.906008603308944
-7.728470170085039,-0.07086383760934446,0.00059641941865863,8.937762128437951
-7.699030880440219,-0.07098240234579256,0.0005831478484843749,8.969758489642825
-7.669591590795399,-0.07112394198402386,0.0005641676766807947,9.002000483260831
-7.640152301150572,-0.07125791838902207,0.0005469781978463543,9.034490948728994
-7.6107130115057515,-0.07132090121118406,0.0005645883536609092,9.067232769417656
-7.581273721860931,-0.07145310890995765,0.0005800133615673183,9.100228873483521
-7.551834432216104,-0.07163181143922719,0.000528158620667455,9.13348223474259
-7.522395142571284,-0.07175245449799304,0.0004667441168926481,9.166995873563573
-7.492955852926464,-0.07180854397785662,0.00046475239351155014,9.200772857782468
-7.463516563281637,-0.0718546821151319,0.0005135731974160629,9.234816303638674
-7.434077273636817,-0.07189684390109866,0.0005531924379243072,9.269129376733376
-7.4046379839919965,-0.07192779612022528,0.0005280501286710472,9.30371529301086
-7.375198694347169,-0.0720062952659007,0.00042581694811628934,9.338577319763234
-7.345759404702349,-0.07219122297584675,0.00036532661578866075,9.37371877665934
-7.316320115057529,-0.07235666053473434,0.0004046381713649843,9.409143036798561
-7.286880825412702,-0.072504350400672,0.00044225626698675944,9.444853527790107
-7.257441535767882,-0.07261466374224086,0.0004077094378326646,9.480853732858563
-7.2280022461230615,-0.07273872463605598,0.00036583508895168755,9.51714719197653
-7.198562956478234,-0.0728487193493269,0.00036513109888292256,9.553737503024996
-7.169123666833414,-0.07291007369100462,0.00039146404155710254,9.59062832298227
-7.139684377188594,-0.07298255443176942,0.0004117747169130825,9.627823369142435
-7.110245087543774,-0.07317688781347183,0.00046171843869863147,9.665326420363968
-7.080805797898947,-0.07334554974277689,0.0005154670742867705,9.70314131834956
-7.051366508254127,-0.07343530677455898,0.0005049693427309951,9.741271968957955
-7.0219272186093065,-0.0734870019784666,0.0004986158628549823,9.779722343548857
-6.992487928964479,-0.0735683779612825,0.0004907288897761,9.81849648036175
-6.963048639319659,-0.07372787854918293,0.0005027210254596757,9.857598485929683
-6.933609349674839,-0.07391136145810918,0.0005429454102396526,9.897032536529158
-6.904170060030012,-0.07399997102048214,0.000564332590253432,9.93680287966703
-6.874730770385192,-0.0741004488902199,0.0005702696589353668,9.9769138356056
-6.8452914807403715,-0.0742075185523265,0.0005312652256681203,10.017369798927165
-6.815852191095544,-0.07424608502580747,0.0005049383528425203,10.058175240139017
-6.786412901450724,-0.07441193230119254,0.0006088002436274241,10.099334707320205
-6.756973611805904,-0.07456783723032905,0.000638140779380715,10.140852827811468
-6.727534322161077,-0.07466207490995243,0.0005747786572866262,10.182734309949407
-6.698095032516257,-0.07474677447913379,0.000606434851955549,10.224983944846418
-6.668655742871437,-0.0748320657776228,0.0008584976703204335,10.267606608217857
-6.639216453226609,-0.07488002019348945,0.0009302032337719874,10.310607262257712
-6.609777163581789,-0.07502560056983759,0.0008556094104228342,10.353990957564417
-6.580337873936969,-0.07520645549867562,0.0008221207986296575,10.397762835118435
-6.550898584292142,-0.0753697204979338,0.0007900787566910514,10.44192812831309
-6.521459294647322,-0.07552028306194307,0.0007676474557614812,10.486492165040392
-6.492020005002502,-0.07570791318405518,0.0007524186505282896,10.5314603698337
-6.462580715357674,-0.07592895061787952,0.000739437786773917,10.576838266068885
-6.433141425712854,-0.07598340429224272,0.00078004796946385,10.622631478225887
-6.403702136068034,-0.07611193780566544,0.0007932909199300028,10.668845734212791
-6.374262846423207,-0.07635841676494177,0.0006960713184165337,10.715486867754176
-6.344823556778387,-0.07655498157418922,0.0006071194430294527,10.762560820845977
-6.315384267133567,-0.07675226499956833,0.0006001124467082622,10.810073646279088
-6.285944977488747,-0.07693279993419185,0.0006252520329588574,10.858031510233781
-6.256505687843919,-0.07707441266282992,0.0006655806292479744,10.906440694947438
-6.227066398199099,-0.07718406100467604,0.000739630252675226,10.955307601457873
-6.197627108554279,-0.07729958402526876,0.0007191062082866375,11.00463875242497
-6.168187818909452,-0.07749296208304562,0.0006734889890109069,11.05444079503302
-6.138748529264632,-0.07775840346570738,0.000684621786032396,11.10472050397655
-6.109309239619812,-0.07792709772563945,0.0007325137044002791,11.155484784532609
-6.079869949974984,-0.07799656796953021,0.0007319462716547519,11.206740675722198
-6.050430660330164,-0.07815377395640147,0.000727388742631375,11.25849535356398
-6.020991370685344,-0.07846359127521339,0.0007652199887301498,11.310756134423572
-5.991552081040517,-0.07874952929328323,0.0008148063823635052,11.36353047846146
-5.962112791395697,-0.07891941138529328,0.0007457202067712392,11.416825993183052
-5.932673501750877,-0.07906221732574807,0.0006517113442237098,11.470650437094559
-5.9032342121060495,-0.07921758764204379,0.0007368619820127402,11.525011723468143
-5.873794922461229,-0.07938960342004601,0.0009422006372106727,11.579917924220288
-5.844355632816409,-0.07961204676877126,0.0010337578126510358,11.635377273907505
-5.814916343171582,-0.0798345097003814,0.0009499142275186727,11.691398173843302
-5.785477053526762,-0.08007654559962998,0.0009441313103678638,11.747989196340844
-5.756037763881942,-0.08025236785232936,0.001021686694743443,11.805159089085922
-5.7265984742371145,-0.08049115951593949,0.0009897459202935532,11.862916779644692
-5.697159184592294,-0.08074817346475448,0.0010103483135798358,11.92127138011117
-5.667719894947474,-0.08101033587859809,0.0010476285673012705,11.98023219189969
-5.638280605302647,-0.08122233188773598,0.0010778402024624026,12.039808710687378
-5.608841315657827,-0.0813334356918997,0.0011184465352589619,12.100010631512268
-5.579402026013007,-0.08141897170860483,0.001183868673432779,12.160847854032959
-5.54996273636818,-0.08170749289504896,0.0013022987558232136,12.222330487955524
-5.5205234467233595,-0.08198371400862682,0.0013357720357939132,12.284468858634067
-5.491084157078539,-0.08228797075705226,0.0013498052229783228,12.347273512851576
-5.461644867433712,-0.08265668607178099,0.0014409284363166117,12.41075522478758
-5.432205577788892,-0.08297109336763543,0.0014922558289183908,12.474925002179884
-5.402766288144072,-0.08314860455127447,0.0014715977324583226,12.539794092687856
-5.373326998499252,-0.08337267074506811,0.0014270582764043778,12.605373990464766
-5.3438877088544245,-0.08381494284221054,0.0014047675011761808,12.671676442947449
-5.314448419209604,-0.0841271200438724,0.0013149571094443198,12.738713457871532
-5.285009129564784,-0.08425336659949816,0.0013081003265199437,12.806497310521301
-5.255569839919957,-0.08452290883232605,0.0012588326623894418,12.87504055122307
-5.226130550275137,-0.08481692486570482,0.0013150138919115334,12.94435601309182
-5.196691260630317,-0.08505773126290661,0.001452911899756872,13.014456820041307
-5.16725197098549,-0.08530143133523249,0.0014726702043854503,13.085356395067812
-5.1378126813406695,-0.08567186437509017,0.0013816045803922978,13.1570684688187
-5.108373391695849,-0.08603686076296409,0.0014069450564954563,13.229607088457412
-5.078934102051022,-0.08621432523576084,0.0014332676605301633,13.302986626836597
-5.049494812406202,-0.08643444147545348,0.0014484292320144211,13.377221791992145
-5.020055522761382,-0.08676041592264587,0.0014604952247658308,13.452327636971429
-4.990616233116555,-0.08711563740259942,0.0014796568746768249,13.52831957000923
-4.9611769434717345,-0.08743851153127276,0.0014748727782052985,13.605213365065993
-4.931737653826914,-0.08784585943504279,0.001542405483550943,13.683025172743642
-4.902298364182087,-0.08828309287436116,0.0016192567218591724,13.761771531594594
-4.872859074537267,-0.08867439296862005,0.0017065454088580746,13.841469379840653
-4.843419784892447,-0.08908741341427702,0.0018152758091698874,13.922136067519505
-4.81398049524762,-0.08950847071668296,0.0018507084609279425,14.003789369076689
-4.7845412056028,-0.08991329946086413,0.0017762672470291627,14.086447496422448
-4.7551019159579795,-0.09035337047934665,0.001772408341810402,14.170129112473788
-4.725662626313152,-0.09084432354279874,0.0018568068319729247,14.254853345202505
-4.696223336668332,-0.0912380985582068,0.001929961594236874,14.340639802211621
-4.666784047023512,-0.09160087980239347,0.0019550063176794444,14.427508585863688
-4.637344757378685,-0.0920365869755953,0.001993922090901573,14.515480308985158
-4.607905467733865,-0.09255674854855107,0.00208647578316688,14.604576111172753
-4.5784661780890445,-0.09315219498273725,0.0022523482843216707,14.694817675729102
-4.549026888444217,-0.09356352952922209,0.002255531185127787,14.78622724725581
-4.519587598799397,-0.09395783110029969,0.0021755637716487823,14.878827649934083
-4.490148309154577,-0.09442166272854069,0.0021340094574793943,14.972642306524687
-4.460709019509757,-0.09486879360860785,0.0022094924951068418,15.067695258120064
-4.43126972986493,-0.0953230615834685,0.0022543481647286055,15.164011184683904
-4.40183044022011,-0.09581297046234288,0.0022571297170221804,15.261615426414798
-4.3723911505752895,-0.09637315779960358,0.002288120112144734,15.360534005973177
-4.342951860930462,-0.09697770193175569,0.002350162008494357,15.460793651612036
-4.313512571285642,-0.09751228100650637,0.002394252395493876,15.562421821254857
-4.284073281640822,-0.09801355850300282,0.002384943780420022,15.665446727566495
-4.254633991995995,-0.09846994347524789,0.0024082159423846777,15.769897364064702
-4.225194702351175,-0.09901435122169842,0.0024395163544991927,15.875803532323228
-4.1957554127063545,-0.0996311557533998,0.0024548525424192475,15.983195870320388
-4.166316123061527,-0.1001943567447325,0.0025034863582107363,16.092105881989255
-4.136876833416707,-0.10066020144737925,0.002595647342932578,16.20256596802958
-4.107437543771887,-0.1011981555966016,0.0025854227230156382,16.314609458045005
-4.07799825412706,-0.10182523789107434,0.0025359197996459386,16.428270644071993
-4.04855896448224,-0.10253661575876516,0.0025585279521237792,16.543584815571652
-4.01911967483742,-0.10325964550191595,0.002484412921637868,16.660588295959617
-3.9896803851925924,-0.10391648954643583,0.0023477451496728297,16.77931848075299
-3.9602410955477723,-0.10453327873903794,0.002296614351195964,16.89981387741874
-3.930801805902952,-0.10514275022257064,0.0023104522266937802,17.02211414701295
-3.901362516258125,-0.10576533675394904,0.002330981761524339,17.14626014770509
-3.871923226613305,-0.10640557544296693,0.002365583819977577,17.272293980287824
-3.8424839369684847,-0.10727826693564486,0.002273760368306003,17.40025903577913
-3.8130446473236574,-0.10831122822785522,0.002030801471623554,17.530200045229293
-3.7836053576788373,-0.10945198441216163,0.001904354830709577,17.662163131853077
-3.754166068034017,-0.11011112055122722,0.0021213589290443938,17.79619586561508
-3.72472677838919,-0.11083152390522559,0.0020518381446019552,17.93234732040331
-3.69528748874437,-0.11181074144780677,0.0021847563794886865,18.070668133935737
-3.6658481990995497,-0.11257374429004689,0.0020974346253747086,18.21121057055364
-3.6364089094547296,-0.11337462834037017,0.0020243687592370633,18.35402858706479
-3.6069696198099024,-0.1141905053244495,0.001951661785130209,18.499177901811187
-3.5775303301650823,-0.11517566185942985,0.001762986217293495,18.646716067146762
-3.548091040520262,-0.11606386786142427,0.0018471067580268382,18.796702545523562
-3.518651750875435,-0.11680658948379863,0.001814890146854658,18.949198789397162
-3.489212461230615,-0.11744849681007603,0.001717286947880593,19.104268325177156
-3.4597731715857947,-0.11818280618190208,0.0016205984470762918,19.261976841463962
-3.4303338819409674,-0.11898552199299646,0.0016449991713156,19.42239228182888
-3.4008945922961473,-0.12008187645275255,0.001385369228513993,19.58558494241288
-3.371455302651327,-0.1209878294217565,0.001333499865027393,19.751627574639127
-3.3420160130065,-0.12182351029408656,0.0013143539767279475,19.920595493353858
-3.31257672336168,-0.12249070332235767,0.0011907039874971615,20.092566690733545
-3.2831374337168597,-0.12303318876045981,0.0009682784748666969,20.26762195632082
-3.2536981440720325,-0.12384727983997627,0.0007412023647705576,20.445845003576427
-3.2242588544272124,-0.12481910251429669,0.0007410728183922928,20.627322603364174
-3.1948195647823923,-0.12579233966725856,0.000832591594814534,20.81214472481636
-3.165380275137565,-0.12655155699980455,0.0008603087927837521,21.000404684059482
-3.135940985492745,-0.12722750414912984,0.0009794890294143517,21.192199301317057
-3.106501695847925,-0.12794376774448676,0.0009216248352154388,21.387629066945742
-3.0770624062030976,-0.12882181171384818,0.0007654150520288984,21.586798317002202
-3.0476231165582774,-0.12971874231472802,0.0009601421730111646,21.78981541898551
-3.0181838269134573,-0.1306058724683757,0.0013803518633031327,21.996792968450404
-2.98874453726863,-0.13130083769888543,0.0017509219615713494,22.207847997239995
-2.95930524762381,-0.13192832361126944,0.002057621978174845,22.423102194147468
-2.92986595797899,-0.13253529698496244,0.0022387286251220246,22.642682138881575
-2.9004266683341626,-0.13314268418034025,0.0024524247572550407,22.866719550280067
-2.8709873786893425,-0.13379588122551592,0.002834524326199148,23.09535154979435
-2.8415480890445224,-0.13451169933582677,0.003237776672699766,23.328720941353293
-2.812108799399695,-0.1349493832021997,0.003587285001166267,23.566976508805492
-2.782669509754875,-0.13535064511092904,0.004026555117200411,23.81027333224231
-2.753230220110055,-0.1358788606562833,0.004418027777233024,24.0587731246154
-2.723790930465235,-0.13623463625760637,0.004677155152876662,24.312644590183027
-2.6943516408204076,-0.13644000255868227,0.005020539835727289,24.572063806455688
-2.6649123511755874,-0.13671822757542498,0.00553931365248638,24.837214631457492
-2.6354730615307673,-0.1371020003787422,0.005956844514707168,25.10828913828381
-2.60603377188594,-0.13745052451232453,0.006294121425425472,25.385488079112452
-2.57659448224112,-0.13771108218192343,0.00676677357757938,25.66902138102465
-2.5471551925963,-0.1378971915244149,0.007222219173252927,25.959108676209972
-2.5177159029514726,-0.13813736310061472,0.007655453241806887,26.255979869368318
-2.4882766133066525,-0.13830625942600888,0.008148237917921644,26.559875745390105
-2.4588373236618324,-0.13839358998963988,0.008661163063054646,26.87104862069117
-2.429398034017005,-0.138500794038972,0.009149435266266383,27.189763041903955
-2.399958744372185,-0.13857935789294465,0.009698526511105641,27.516296535992034
-2.370519454727365,-0.13878276404452192,0.010025903877461112,27.850940416258993
-2.3410801650825377,-0.13895319271276899,0.010337289413180477,28.194000649170416
-2.3116408754377176,-0.139008415861608,0.010723426625496255,28.545798787410913
-2.2822015857928974,-0.1391094164546498,0.011357223767765904,28.906672975157857
-2.25276229614807,-0.13891626575007923,0.01205379478670185,29.276979032176307
-2.22332300650325,-0.13883798496161054,0.012591916303866312,29.657091624041747
-2.19388371685843,-0.13866383771465937,0.01285719731163628,30.04740552658157
-2.1644444272136028,-0.1386823433177374,0.013262372341060886,30.44833699350411
-2.1350051375687826,-0.13865196426980805,0.013776625036515422,30.860325237175946
-2.1055658479239625,-0.13846159444228842,0.01426854928535137,31.283834033622398
-2.0761265582791353,-0.13831894083528287,0.014676922530982298,31.719353464079678
-2.046687268634315,-0.13821194654860947,0.015163483958018345,32.16740180684863
-2.017247978989495,-0.13762997360115528,0.015604559928194033,32.62852759480533
-1.9878086893446678,-0.13692204865994512,0.01600984451459472,33.10331185574007
-1.9583693996998477,-0.1366630752035792,0.016795541112015963,33.59237055476446
-1.9289301100550276,-0.1356411900082187,0.017279417520139607,34.096357260375356
-1.8994908204102003,-0.13453828377609545,0.017841213370525015,34.61596605843788
-1.8700515307653802,-0.1334258167003862,0.018651453671629282,35.151934741408795
-1.84061224112056,-0.13138612512746484,0.01925772250532946,35.70504830361721
-1.81117295147574,-0.1293927888223949,0.020366115203749494,36.27614277742334
-1.7817336618309128,-0.12702747143349793,0.021406932117691957,36.8661094496834
-1.7522943721860926,-0.12316118997294694,0.022407838430745026,37.475899503244015
-1.7228550825412725,-0.11939738871861609,0.023503080777416682,38.106529134307365
-1.6934157928964453,-0.11426034621052077,0.024554766324990682,38.7590852035739
-1.6639765032516252,-0.10811459940178969,0.025028869710822937,39.43473148726948
-1.634537213606805,-0.10164638685549092,0.025602530895580188,40.13471560368931
-1.6050979239619778,-0.09384071117898923,0.025403603166372486,40.860376701983654
-1.5756586343171577,-0.08488059412470088,0.02457852561680547,41.61315401287793
-1.5462193446723376,-0.07589627517053887,0.023367543674375695,42.39459637620453
-1.5167800550275103,-0.06650522217219362,0.021460860632121673,43.2063728779563
-1.4873407653826902,-0.05744168474106243,0.019839324934727096,44.05028475059011
-1.45790147573787,-0.048333641359311945,0.017923566750575954,44.92827871514387
-1.4284621860930429,-0.039846382051745066,0.01627073914804749,45.842461973164
-1.3990228964482228,-0.031873043473443864,0.014547811624795326,46.79511909146114
-1.3695836068034026,-0.023980480735955115,0.012962612039752089,47.78873106450162
-1.3401443171585754,-0.016505268135070895,0.011271843893513175,48.825996889287104
-1.3107050275137553,-0.010034665692368673,0.009913349635725899,49.90985804774928
-1.2812657378689352,-0.003646220887597818,0.008446322545803065,51.043526364298444
-1.251826448224108,0.0024285172737277577,0.007091698598132478,52.23051579413704
-1.2223871585792878,0.00790326409353039,0.005759550018579917,53.474678805005055
-1.1929478689344677,0.012344389230588103,0.0044682233603902,54.78024814584963
-1.1635085792896405,0.016267541221154515,0.0029594204621922393,56.15188495651929
-1.1340692896448203,0.01863715268119145,0.0016691394375860373,57.594734370731466
-1.10463,0.023230296666666667,0.0011608139476055256,59.11449001022967
