Temp./°C,DSC_mean/(mW/mg),DSC_std/(mW/mg),pore radius in nm
-59.93462,-0.04052016,0.001116483272810906,1.649009093575633
-59.905192796398204,-0.04055149757831566,0.001106716719228727,1.6495391347757797
-59.8757655927964,-0.040584215147894585,0.0011024778567644956,1.6500696969757058
-59.8463383891946,-0.04061648398242618,0.001104464950412032,1.650600780943957
-59.8169111855928,-0.04064607931393355,0.001110988039723859,1.6511323874505925
-59.787483981990995,-0.040674259734944145,0.0011200960774410168,1.6516645172671875
-59.7580567783892,-0.0407051710678833,0.0011311543799523878,1.6521971711668368
-59.7286295747874,-0.04074188075244852,0.001139497162878323,1.6527303499241586
-59.69920237118559,-0.040768836891716786,0.0011390311424181766,1.6532640543152985
-59.66977516758379,-0.040791957127750404,0.0011377575810550854,1.6537982851179338
-59.640347963981995,-0.04081985870646964,0.0011439309758447436,1.6543330431112762
-59.61092076038019,-0.040848118919859726,0.0011511736480788902,1.6548683290760757
-59.58149355677839,-0.040869245189115784,0.0011570220781612708,1.6554041437946245
-59.55206635317659,-0.04087916433350385,0.0011636411172384422,1.6559404880507627
-59.52263914957479,-0.04087721662520965,0.0011741864573975584,1.6564773626298788
-59.49321194597299,-0.04086971182859573,0.0011837682792210918,1.6570147683189163
-59.46378474237119,-0.04086109210596407,0.0011838722369222551,1.657552705906375
-59.43435753876939,-0.04085853558093738,0.0011813408674060798,1.6580911761823178
-59.404930335167585,-0.04086516460146956,0.0011879181625711708,1.6586301799383731
-59.375503131565786,-0.04087221010218998,0.0011978568039435699,1.6591697179677372
-59.34607592796399,-0.04088403469149337,0.0012040096277505814,1.6597097910651808
-59.31664872436218,-0.0408964093492423,0.0012066875837701745,1.660250400027052
-59.28722152076038,-0.04090563475077185,0.0012084306532765155,1.660791545651279
-59.257794317158584,-0.040912496243415135,0.0012087202921335514,1.6613332287373757
-59.22836711355678,-0.04091717211083224,0.001205541030801303,1.6618754500864448
-59.19893990995498,-0.04093368491824733,0.0012086268341610753,1.6624182105011815
-59.16951270635318,-0.040951101006155254,0.0012141139016287735,1.6629615107858782
-59.140085502751376,-0.040966226443517134,0.00122140214313437,1.6635053517464287
-59.11065829914958,-0.040980170385349665,0.0012264971626276227,1.6640497341903298
-59.08123109554778,-0.04099275001978558,0.001228511397517371,1.664594658926689
-59.05180389194597,-0.04100323122236605,0.0012292921678017268,1.6651401267662256
-59.022376688344174,-0.0410124833305081,0.0012327934130944072,1.6656861385212758
-58.992949484742375,-0.04102588021979753,0.0012414803708847995,1.6662326950057973
-58.96352228114057,-0.04104454438628952,0.0012519888696644692,1.6667797970353724
-58.93409507753877,-0.0410650676212922,0.0012612369061649838,1.6673274454272113
-58.90466787393697,-0.0410809722557909,0.001264831465430942,1.6678756410001587
-58.87524067033517,-0.041088528182972976,0.0012658010453699227,1.6684243845746956
-58.84581346673337,-0.04109486148128869,0.0012677343310960984,1.6689736769729446
-58.81638626313157,-0.04110661649473397,0.001272007251467198,1.6695235190186737
-58.786959059529764,-0.04112631655971021,0.001276100213842714,1.6700739115372998
-58.757531855927965,-0.041149889892057985,0.0012767846833379888,1.6706248553558933
-58.72810465232617,-0.04116275325039006,0.0012771927740762598,1.6711763513031825
-58.69867744872437,-0.04117178279946188,0.0012750571456710356,1.6717284002095587
-58.66925024512256,-0.041181232747371704,0.0012709936243999811,1.6722810029070776
-58.63982304152076,-0.04118524435400293,0.0012660346661194609,1.6728341602294652
-58.610395837918965,-0.04118957470657762,0.0012603169756350721,1.673387873012123
-58.58096863431716,-0.04119460901147829,0.0012547654476200202,1.6739421420921308
-58.55154143071536,-0.04119802175910725,0.0012485038435063095,1.67449696830825
-58.52211422711356,-0.0411989518787019,0.0012398974469732685,1.6750523525009302
-58.492687023511756,-0.04119992491392525,0.001227371424564542,1.6756082955123128
-58.46325981990996,-0.04119961349289008,0.0012094662516511714,1.676164798186233
-58.43383261630816,-0.04119532491351189,0.001200929059081565,1.6767218613682275
-58.40440541270635,-0.04119017545999541,0.0011979902036946522,1.6772794859055362
-58.374978209104555,-0.041184693917194856,0.001188686610275173,1.6778376726471076
-58.345551005502756,-0.04117787353437682,0.0011805192298954966,1.6783964224436025
-58.31612380190095,-0.04117694790457518,0.0011739661104266065,1.6789557361474001
-58.28669659829915,-0.041183569521375724,0.0011672078481200442,1.6795156146125994
-58.25726939469735,-0.041191301618310715,0.0011599457301896628,1.6800760586950259
-58.22784219109555,-0.041195001573565045,0.0011538573762472268,1.680637069252235
-58.19841498749375,-0.04120053827494329,0.0011531496617138062,1.6811986471435163
-58.16898778389195,-0.041214501050665986,0.001154121507050934,1.6817607932298988
-58.139560580290144,-0.04122781545670315,0.0011512626747183271,1.6823235083741541
-58.110133376688346,-0.04123306454206269,0.0011482260358795348,1.6828867934408018
-58.08070617308655,-0.04123647936172115,0.0011415499262297046,1.6834506492961134
-58.05127896948474,-0.04124299727324925,0.0011355123609232125,1.6840150768081177
-58.02185176588294,-0.04125540801799254,0.0011368101167906497,1.6845800768466028
-57.992424562281144,-0.04127419470256794,0.0011445410584183984,1.6851456502831237
-57.962997358679345,-0.04129258732410932,0.0011473108033811011,1.6857117979910048
-57.93357015507754,-0.04130497598483496,0.0011506492032248936,1.6862785208453452
-57.90414295147574,-0.041316612777318386,0.0011542358742725792,1.6868458197230223
-57.87471574787394,-0.04132465325693418,0.001162165837764004,1.687413695502698
-57.84528854427214,-0.04133001859342553,0.0011687301536229516,1.6879821490648204
-57.81586134067034,-0.04133433846480058,0.0011725008074477852,1.6885511812916318
-57.78643413706854,-0.04134055976398604,0.0011776281216742631,1.689120793067171
-57.757006933466734,-0.04135355058425801,0.0011856870032048753,1.689690985277279
-57.727579729864935,-0.04137012793179107,0.0011896758677233062,1.6902617588096018
-57.69815252626314,-0.041383511631945154,0.0011898459164575768,1.6908331145535969
-57.66872532266133,-0.04139363208690915,0.0011874664984103441,1.6914050534005383
-57.63929811905953,-0.04140256181242952,0.0011843543491198672,1.6919775762435183
-57.60987091545773,-0.04141349117329591,0.0011845805585979402,1.6925506839774553
-57.58044371185593,-0.04142481026078165,0.001184619331906102,1.6931243774990974
-57.55101650825413,-0.04143510534403591,0.0011831210307945068,1.6936986577070248
-57.52158930465233,-0.04144600542540434,0.001179878459939912,1.694273525501659
-57.492162101050525,-0.0414582527799791,0.0011724292737258057,1.6948489817852637
-57.462734897448726,-0.041468545404036716,0.001165628035284659,1.6954250274619502
-57.43330769384693,-0.041476288457017764,0.0011653573121152786,1.6960016634376842
-57.40388049024512,-0.04148729328193259,0.0011673336275361114,1.6965788906202888
-57.37445328664332,-0.041499071169052194,0.0011710019054896573,1.6971567099194487
-57.345026083041525,-0.04151245013817703,0.001176550044765547,1.697735122246717
-57.31559887943972,-0.041524384549319206,0.0011825149723508786,1.6983141285155177
-57.28617167583792,-0.04153165769022634,0.001185520710752859,1.698893729641152
-57.25674447223612,-0.04153532197719174,0.0011850494790143606,1.6994739265408039
-57.22731726863432,-0.041542325982231086,0.0011877163900014492,1.7000547201335423
-57.19789006503252,-0.04155121813538479,0.0011937854777305274,1.7006361113403288
-57.16846286143072,-0.041555601832668904,0.0012030217080623137,1.7012181010840202
-57.13903565782891,-0.041567803558669514,0.0012131504333889485,1.7018006902893754
-57.109608454227114,-0.04158336164789829,0.0012220851633140846,1.7023838798830582
-57.080181250625316,-0.04159527364471131,0.0012273723250779743,1.7029676707936443
-57.05075404702352,-0.04160409890259872,0.0012295497946368263,1.7035520639516246
-57.02132684342171,-0.041611631532076296,0.0012346793624999173,1.7041370602894115
-56.99189963981991,-0.04161932354519705,0.0012447558513817931,1.7047226607413424
-56.962472436218114,-0.041625478544726306,0.0012525323062024991,1.7053088662436862
-56.93304523261631,-0.04164371108574842,0.0012568260174387114,1.7058956777346466
-56.90361802901451,-0.041664495003524135,0.0012587785236893145,1.7064830961543693
-56.87419082541271,-0.041674110502204986,0.0012606569428099716,1.7070711224449444
-56.844763621810905,-0.04168568703881439,0.0012610787576364556,1.707659757550414
-56.81533641820911,-0.04170185461781962,0.0012606055531358227,1.7082490024167751
-56.78590921460731,-0.04171863849591026,0.001258860153608154,1.7088388579919864
-56.7564820110055,-0.04173219201928526,0.0012582267542469694,1.7094293252259716
-56.727054807403704,-0.04174385107754669,0.0012626435390555454,1.7100204050706265
-56.697627603801905,-0.04175430687884035,0.0012713989524751643,1.7106120984798223
-56.6682004002001,-0.041761599673262574,0.00126968343596306,1.7112044064094127
-56.6387731965983,-0.041770277744176,0.0012682774588935136,1.7117973298172364
-56.6093459929965,-0.04177555076756129,0.001272885742995761,1.7123908696631247
-56.579918789394696,-0.04177969696037736,0.0012732588765450637,1.7129850269089055
-56.5504915857929,-0.041787691907871564,0.0012676991314547312,1.7135798025184092
-56.5210643821911,-0.04180020359921577,0.0012651150328428051,1.7141751974574722
-56.49163717858929,-0.041810038412877414,0.0012686893674316228,1.7147712126939445
-56.462209974987495,-0.04181756940502069,0.00127082766798181,1.7153678491976936
-56.432782771385696,-0.04182320965938758,0.001268134184794778,1.71596510794061
-56.40335556778389,-0.04182798273251348,0.0012610449525296585,1.716562989896612
-56.37392836418209,-0.041836151132922855,0.0012554764062607721,1.7171614960416512
-56.34450116058029,-0.0418479613540946,0.0012508545545003155,1.7177606273537194
-56.315073956978495,-0.04186209345874319,0.0012456835942186745,1.718360384812851
-56.28564675337669,-0.041877856894842434,0.0012372914141829654,1.7189607694011317
-56.25621954977489,-0.04189207467653596,0.0012262648493290339,1.7195617821027005
-56.22679234617309,-0.04190616916836553,0.0012178288461227379,1.7201634239037569
-56.197365142571286,-0.04191790004168574,0.0012174145338188212,1.7207656957925672
-56.16793793896949,-0.041920841670842084,0.0012155664678844718,1.721368598759467
-56.13851073536769,-0.04192932812245908,0.0012092434747688911,1.7219721337968696
-56.10908353176588,-0.04193784598177485,0.001202156512702138,1.722576301899271
-56.079656328164084,-0.04194342509776781,0.001196998289683897,1.723181104063252
-56.050229124562286,-0.04194753557262421,0.0011948247751723457,1.723786541287489
-56.02080192096048,-0.04195170690957654,0.0011947131519277486,1.7243926145727553
-55.99137471735868,-0.04195271715264578,0.0011957409254801596,1.7249993249219284
-55.96194751375688,-0.04195505254578482,0.0012014543452599086,1.7256066733399948
-55.93252031015508,-0.04195860006281816,0.0012022843243032196,1.7262146608340578
-55.90309310655328,-0.04195950660144764,0.0011989110159703375,1.7268232884133385
-55.87366590295148,-0.04195909234552822,0.001204551234599795,1.7274325570891862
-55.844238699349674,-0.041963169065252125,0.0012145681571087768,1.7280424678750812
-55.814811495747875,-0.04197022285771427,0.0012228875404751449,1.7286530217866405
-55.78538429214608,-0.0419754885198266,0.0012310662615831324,1.7292642198416255
-55.75595708854428,-0.041982609285989486,0.001242991889683168,1.7298760630599457
-55.72652988494247,-0.04199804552245593,0.0012525107873128205,1.730488552463664
-55.697102681340674,-0.042017452673863004,0.001260891828668343,1.7311016890770041
-55.66767547773887,-0.04203316231752365,0.0012686081444839442,1.7317154739263563
-55.63824827413707,-0.042043598741022654,0.0012699140144525657,1.7323299080402799
-55.60882107053527,-0.04205522947484597,0.0012691518393018084,1.7329449924495135
-55.57939386693347,-0.04207052355201879,0.0012741829633759732,1.7335607281869785
-55.549966663331666,-0.04208629771236016,0.0012819903929457376,1.7341771162877841
-55.52053945972987,-0.04209943284957885,0.0012824635950421611,1.734794157789234
-55.49111225612806,-0.04210840337037785,0.001280325653007894,1.735411853730834
-55.46168505252626,-0.04211686164962686,0.001277588521386601,1.736030205154293
-55.432257848924465,-0.042126749097780254,0.001269152773197854,1.7366492131035351
-55.402830645322666,-0.04213313312144784,0.0012617419990771377,1.7372688786247008
-55.37340344172086,-0.04213116499044476,0.001255053672466448,1.737889202766154
-55.34397623811906,-0.04212506888373083,0.0012493833221157817,1.7385101865784898
-55.31454903451726,-0.04212359484109859,0.0012459077411491892,1.7391318311145367
-55.28512183091546,-0.04212936682045635,0.0012432928128860866,1.7397541374293675
-55.25569462731366,-0.04213448716526789,0.0012372205883323488,1.7403771065803002
-55.22626742371186,-0.04212898292164591,0.0012286866691676326,1.7410007396269078
-55.196840220110055,-0.04212399350442229,0.0012277094653354403,1.7416250376310227
-55.167413016508256,-0.04212374173793785,0.001225733502488117,1.7422500016567426
-55.13798581290646,-0.042126353155325515,0.001216722170381377,1.7428756327704362
-55.10855860930465,-0.04212878470832671,0.0012060859584433483,1.7435019320407514
-55.07913140570285,-0.04212961353027369,0.0011986674301035188,1.7441289005386187
-55.049704202101054,-0.04212876335136536,0.001196568126536596,1.744756539337259
-55.02027699849925,-0.04212870878874358,0.0011984694638511924,1.745384849512189
-54.99084979489745,-0.04213308399392843,0.0012012302842510892,1.746013832141228
-54.96142259129565,-0.042139625385632186,0.0012050246633623478,1.7466434883045023
-54.931995387693846,-0.042146903351271935,0.001211108867386152,1.7472738190844548
-54.90256818409205,-0.04215015990995576,0.0012136456667024148,1.7479048255658478
-54.87314098049025,-0.04215087489946362,0.001209772873428552,1.74853650883577
-54.84371377688845,-0.04215293234709309,0.0012024325567815152,1.7491688699836447
-54.814286573286644,-0.042158600768488375,0.0011987919370211426,1.7498019101012336
-54.784859369684845,-0.04216920084383955,0.0012012644234365463,1.7504356302826451
-54.75543216608304,-0.04218048531301369,0.0012058649293218726,1.7510700316243382
-54.72600496248124,-0.04218810714954336,0.0012060236567907146,1.751705115225131
-54.69657775887944,-0.042197256135995204,0.0012021260217171415,1.752340882186207
-54.667150555277644,-0.042202896788208884,0.001196632960592078,1.75297733361112
-54.63772335167584,-0.042205924287251374,0.001190535359252809,1.7536144706058008
-54.60829614807404,-0.04221239781620622,0.00118219015450632,1.7542522942785648
-54.57886894447224,-0.0422208325938982,0.001169712177420117,1.7548908057401178
-54.549441740870435,-0.042226980371018595,0.0011545722684883119,1.7555300061035615
-54.520014537268636,-0.042234496417974964,0.001139158580971013,1.7561698964844012
-54.49058733366684,-0.042248928735697217,0.0011271782759269514,1.7568104780005527
-54.46116013006503,-0.0422594041863649,0.0011201955071637481,1.7574517517723467
-54.43173292646323,-0.04226405310790864,0.0011161341299294402,1.7580937189225367
-54.402305722861435,-0.04227114250453581,0.0011114834996284971,1.7587363805763068
-54.37287851925963,-0.042279400996539235,0.0011061711801029982,1.7593797378612757
-54.34345131565783,-0.042286459365419075,0.0011023247835684465,1.7600237919075044
-54.31402411205603,-0.042293408410113364,0.0011002378404696394,1.7606685438475043
-54.284596908454226,-0.04230523545843825,0.001098794126833768,1.7613139948162417
-54.25516970485243,-0.042323910390466964,0.0011009747610974754,1.7619601459511443
-54.22574250125063,-0.04234361112843913,0.0011174619797064925,1.7626069983921102
-54.19631529764882,-0.04236447117297212,0.0011394732603438819,1.7632545532815134
-54.166888094047025,-0.042375529152355464,0.001140356033666298,1.763902811764209
-54.137460890445226,-0.04237947251703156,0.0011320441677769195,1.7645517749875421
-54.10803368684343,-0.04238804844530015,0.0011304046953962792,1.7652014441013546
-54.07860648324162,-0.042407034256317776,0.0011345029057713272,1.7658518202579896
-54.04917927963982,-0.042428827083714225,0.0011399688021133175,1.7665029046123002
-54.01975207603802,-0.04244397155735311,0.0011450168339765157,1.767154698321657
-53.99032487243622,-0.04245469860207073,0.001148465006156393,1.7678072025459528
-53.96089766883442,-0.04247069453180422,0.0011474769420954524,1.7684604184476105
-53.93147046523262,-0.04248874641195229,0.0011451058407522705,1.769114347191591
-53.902043261630816,-0.04250226291776171,0.001139788797407806,1.769768989945399
-53.87261605802902,-0.04251631202937809,0.0011343562821550064,1.7704243478790884
-53.84318885442722,-0.042534534766293076,0.001137850208064031,1.7710804221652738
-53.81376165082541,-0.04255699054327381,0.001150068859018839,1.771737213979132
-53.784334447223614,-0.042577997632258335,0.0011612388737166984,1.772394724498414
-53.754907243621815,-0.04259150157273678,0.001161314290472739,1.7730529549034482
-53.72548004002001,-0.04259749731810716,0.0011595270521455323,1.7737119063771498
-53.69605283641821,-0.04260957266994916,0.0011675040481218559,1.7743715801050266
-53.66662563281641,-0.04262591961994059,0.001177995861866539,1.7750319772751872
-53.63719842921461,-0.042638291964611934,0.0011835162710057418,1.7756930990783468
-53.60777122561281,-0.04264835489261834,0.0011850950286463764,1.7763549467078361
-53.57834402201101,-0.04265584101587871,0.0011869840946658698,1.777017521359606
-53.548916818409204,-0.04266114176234848,0.0011915807453098557,1.7776808242322382
-53.519489614807405,-0.042667142543390824,0.0011980400063032971,1.778344856526949
-53.49006241120561,-0.042682351622341574,0.00120023747873344,1.7790096194475988
-53.4606352076038,-0.04270221315867361,0.0012007169393224674,1.7796751142006983
-53.431208004002,-0.042712779719100334,0.001196817471629611,1.780341341995416
-53.4017808004002,-0.04271777033462015,0.0011982714714195222,1.7810083040435862
-53.372353596798405,-0.042723074520512244,0.0012015694361816463,1.7816760015597155
-53.3429263931966,-0.04272913365896435,0.0012015705612881187,1.782344435760991
-53.3134991895948,-0.04273289833731756,0.0011997299037280694,1.7830136078672858
-53.284071985992995,-0.04273333452179412,0.0012019365279380843,1.783683519101169
-53.254644782391196,-0.042736225579068095,0.001209378727143165,1.7843541706879118
-53.2252175787894,-0.04274306104447898,0.0012165926759352803,1.7850255638554953
-53.1957903751876,-0.0427518624932002,0.0012185415303458415,1.7856976998346168
-53.16636317158579,-0.04275507277937005,0.0012178940939201561,1.786370579858699
-53.136935967983995,-0.04274894288276259,0.0012171638958894044,1.7870442051638977
-53.107508764382196,-0.04274393694570536,0.0012166955258099644,1.7877185769891066
-53.07808156078039,-0.04274727643281326,0.0012169216769205777,1.788393696575969
-53.04865435717859,-0.04275381867425143,0.001217380029897341,1.7890695651688815
-53.01922715357679,-0.042753479575137844,0.0012184099964904621,1.7897461840150046
-52.98979994997499,-0.04275354652602323,0.001221892878862426,1.7904235543642684
-52.96037274637319,-0.04276123641332885,0.0012206551088435732,1.7911016774693813
-52.93094554277139,-0.042770296929220596,0.0012176405984680495,1.7917805545858378
-52.901518339169584,-0.042780071866606095,0.0012092938042833818,1.7924601869719257
-52.872091135567786,-0.04278593093102819,0.0012013899232769872,1.7931405758887338
-52.84266393196599,-0.042786012013268045,0.0011997075538627334,1.793821722600161
-52.81323672836418,-0.04278556446855559,0.0012042952666138312,1.7945036283729219
-52.78380952476238,-0.0427912452083054,0.0012120445106159777,1.7951862944765566
-52.754382321160584,-0.042802876923716836,0.0012199143340941663,1.795869722183438
-52.72495511755878,-0.042813276355660235,0.0012201529161529237,1.7965539127687795
-52.69552791395698,-0.04282634378508151,0.0012162012648371946,1.797238867510642
-52.66610071035518,-0.04284804843007545,0.0012176633142815343,1.7979245876899448
-52.63667350675338,-0.04287099049020512,0.001221823507703145,1.79861107459047
-52.60724630315158,-0.0428911335277636,0.0012239242416674171,1.799298329498873
-52.57781909954978,-0.04291155070163948,0.0012221683018023763,1.7999863537046892
-52.54839189594797,-0.042931806613501634,0.001220086669682557,1.8006751485003432
-52.518964692346174,-0.042949826047287525,0.0012208201016774818,1.8013647151811552
-52.489537488744375,-0.042971657173280615,0.0012240465944834801,1.8020550550453516
-52.46011028514258,-0.04300180002861226,0.0012249279682132242,1.8027461693940707
-52.43068308154077,-0.04303077455612319,0.001221142672533116,1.8034380595313722
-52.40125587793897,-0.043056525727591645,0.0012149209066598663,1.804130726764245
-52.371828674337166,-0.04308280381262136,0.0012153378778548465,1.8048241724026162
-52.34240147073537,-0.0431103275303931,0.0012224173442379482,1.8055183977593576
-52.31297426713357,-0.04313802701077698,0.0012260726617575057,1.8062134041502955
-52.28354706353177,-0.04316131263034581,0.0012197533296705511,1.806909192894219
-52.254119859929965,-0.043174215793175395,0.0012137199553796444,1.8076057653128879
-52.224692656328166,-0.0431922676572206,0.0012170551472857867,1.8083031227310404
-52.19526545272637,-0.04321549163504398,0.0012198092468845149,1.8090012664764026
-52.16583824912456,-0.04323992803228918,0.0012248874448605178,1.8097001978796974
-52.13641104552276,-0.04326430288694299,0.0012327229475281986,1.81039991827465
-52.106983841920965,-0.043285777868388005,0.0012348903968166576,1.8111004289980008
-52.07755663831916,-0.04330580686256085,0.0012321872564806443,1.8118017313895098
-52.04812943471736,-0.043328470162656924,0.0012324656098371414,1.8125038267919682
-52.01870223111556,-0.0433508133090467,0.001240781300268976,1.8132067165512047
-51.989275027513756,-0.04336427767773007,0.0012517989250311501,1.8139104020160959
-51.95984782391196,-0.04338035694028442,0.001253442779075652,1.8146148845385728
-51.93042062031016,-0.04340432380812931,0.0012504279036805706,1.8153201654736328
-51.90099341670836,-0.04342119412960193,0.0012574361194390442,1.8160262461793448
-51.871566213106554,-0.04343163093756922,0.001268954120560316,1.81673312801686
-51.842139009504756,-0.04344821866338064,0.0012776499921913844,1.8174408123504198
-51.81271180590295,-0.04347500441517007,0.0012805374153310115,1.8181493005473657
-51.78328460230115,-0.04350813975692334,0.001274630606642843,1.8188585939781463
-51.75385739869935,-0.0435403309356793,0.0012652381004272092,1.8195686940163274
-51.724430195097554,-0.04358389958190234,0.0012599896743404864,1.8202796020386018
-51.69500299149575,-0.04362231327054524,0.0012561967591185738,1.8209913194247953
-51.66557578789395,-0.04364967285170612,0.001255670580978637,1.821703847557878
-51.636148584292144,-0.043682620279061536,0.001247067907108809,1.822417187823973
-51.606721380690345,-0.04372112260255979,0.0012359427928085964,1.8231313416123647
-51.57729417708855,-0.043761208359667327,0.0012322137314679934,1.8238463103155076
-51.54786697348675,-0.04380509334226757,0.001235561534023822,1.824562095329037
-51.51843976988494,-0.04385156506660828,0.0012350634764059058,1.825278698051776
-51.489012566283144,-0.043890592568987176,0.0012269753998082912,1.8259961198857453
-51.45958536268134,-0.043929623758613257,0.0012156672897365916,1.8267143622361735
-51.43015815907954,-0.043971593381302104,0.0012092734669024436,1.8274334265115044
-51.40073095547774,-0.04401277241856937,0.0012005647049769454,1.8281533141234085
-51.37130375187594,-0.04405397925174581,0.0011935005225843108,1.82887402648679
-51.341876548274136,-0.04410112397386274,0.0011879590608197743,1.8295955650197966
-51.31244934467234,-0.04415204739000759,0.0011836609348953963,1.8303179311438296
-51.28302214107054,-0.044195938438128496,0.0011824027409482968,1.8310411262835533
-51.25359493746873,-0.044237971394809054,0.0011780506087099392,1.8317651518669038
-51.224167733866935,-0.044267729623996964,0.0011760573294237607,1.832490009325097
-51.194740530265136,-0.04430273357591844,0.001176104247248463,1.8332157000926412
-51.16531332666334,-0.04435169639062377,0.0011720642023513115,1.8339422256073448
-51.13588612306153,-0.044403199836422956,0.001165616678780428,1.8346695873103251
-51.10645891945973,-0.04444438206297404,0.0011587543127759736,1.835397786646018
-51.07703171585793,-0.044475680583485055,0.0011543934089198844,1.8361268250621903
-51.04760451225613,-0.044508845095329035,0.0011536049344708249,1.836856704009945
-51.01817730865433,-0.0445468290838541,0.0011472512569641806,1.8375874249437345
-50.98875010505253,-0.04458359369971038,0.0011386599369314222,1.8383189893213676
-50.959322901450726,-0.04462824026754127,0.0011307514375537924,1.8390513986040218
-50.92989569784893,-0.044673147233159904,0.0011277824226698643,1.8397846542562504
-50.90046849424712,-0.044716297339114745,0.0011247928951890315,1.8405187577459947
-50.87104129064532,-0.044755920586102,0.0011212610364289134,1.8412537105445916
-50.841614087043524,-0.04479983708904609,0.0011158041073753495,1.841989514126785
-50.812186883441726,-0.04484934174846977,0.0011127627892836389,1.8427261699707347
-50.78275967983992,-0.04490059588923375,0.0011149976362726803,1.843463679558028
-50.75333247623812,-0.04494723933243455,0.0011190955643425532,1.8442020443736857
-50.723905272636316,-0.044998755703632175,0.0011179469688238895,1.844941265906178
-50.69447806903452,-0.04505719130198912,0.0011206887395177284,1.8456813456474284
-50.66505086543272,-0.045110776127329534,0.001126568925936779,1.846422285092828
-50.63562366183092,-0.045155276111829686,0.0011319516052006962,1.8471640857412441
-50.606196458229114,-0.045193431742880937,0.0011381719300186173,1.84790674909503
-50.576769254627315,-0.0452309905010091,0.0011465107216360637,1.8486502766600355
-50.54734205102552,-0.04527301267346042,0.0011532130387429352,1.849394669945617
-50.51791484742371,-0.04532104707736598,0.0011630050098983596,1.850139930464648
-50.48848764382191,-0.045365001362538744,0.0011694008485450109,1.8508860597335288
-50.459060440220114,-0.045411203593093745,0.0011703965317651113,1.851633059272197
-50.429633236618315,-0.045454719192312955,0.0011764999907343972,1.8523809306041388
-50.40020603301651,-0.04549660176531405,0.0011842073006790293,1.8531296752563975
-50.37077882941471,-0.045536928322282115,0.0011885185670392347,1.8538792947595852
-50.341351625812905,-0.04557280390651322,0.0011880157813025866,1.854629790647893
-50.311924422211106,-0.04560579184411038,0.0011841315781125185,1.855381164459101
-50.28249721860931,-0.04565245344689706,0.0011792335059638375,1.8561334177345898
-50.25307001500751,-0.045703654356794125,0.0011795803735260325,1.85688655201935
-50.2236428114057,-0.04574764118221713,0.0011852357852303267,1.8576405688619935
-50.194215607803905,-0.04578795342712858,0.0011908943982948254,1.8583954698147624
-50.1647884042021,-0.04583008051416612,0.001193585424229841,1.8591512564335435
-50.1353612006003,-0.04587790953010007,0.001189301082545204,1.859907930277875
-50.1059339969985,-0.045927634069248435,0.0011808513077026855,1.8606654929109578
-50.0765067933967,-0.04596931381997865,0.001177111551885297,1.86142394589967
-50.0470795897949,-0.046006630829244256,0.0011795210817559822,1.8621832908145728
-50.0176523861931,-0.046056082805606226,0.0011833971193694873,1.8629435292299235
-49.98822518259129,-0.04610815165005061,0.0011892046849783355,1.8637046627236873
-49.958797978989494,-0.046153196200299285,0.0011925601924666358,1.8644666928775466
-49.929370775387696,-0.04619597493482228,0.0011958601701210672,1.8652296212769137
-49.8999435717859,-0.046237929286723045,0.0011959904789955052,1.8659934495109387
-49.87051636818409,-0.04628099910430477,0.0011905422472539447,1.8667581791725247
-49.84108916458229,-0.046328908098367226,0.0011836138443930286,1.8675238118583355
-49.811661960980494,-0.046375159825034734,0.0011865781620484894,1.868290349168808
-49.78223475737869,-0.04641433841468329,0.0011976112942950828,1.8690577927081637
-49.75280755377689,-0.04645097306538639,0.001200299587864862,1.8698261440844197
-49.72338035017509,-0.04649110225458058,0.0011945148335864068,1.8705954049093982
-49.693953146573286,-0.046531682717913504,0.0011921147937706828,1.871365576798742
-49.66452594297149,-0.046570609563343156,0.0011980065678134934,1.8721366613719201
-49.63509873936969,-0.04660761622383197,0.0012059247023705236,1.8729086602522438
-49.60567153576788,-0.0466445534072559,0.0012089070587471358,1.8736815750668767
-49.576244332166084,-0.046684169629047666,0.0012098663359022945,1.874455407446844
-49.546817128564285,-0.04672130895395091,0.0012216372773190323,1.8752301590270473
-49.51738992496249,-0.04675196609904004,0.0012283702528947458,1.8760058314462742
-49.48796272136068,-0.04678636150233322,0.0012261710752382534,1.8767824263472104
-49.45853551775888,-0.046826074814168374,0.00122151161536769,1.8775599453764498
-49.42910831415708,-0.046865675744070134,0.0012226134430267173,1.878338390184509
-49.39968111055528,-0.04690394608180629,0.0012286265441780414,1.8791177624258366
-49.37025390695348,-0.04694509910782029,0.0012308573203734922,1.8798980637588265
-49.34082670335168,-0.046988866974111,0.0012266239957645045,1.880679295845828
-49.311399499749875,-0.04703300674504881,0.001226992120405698,1.881461460353159
-49.281972296148076,-0.047074426560913506,0.0012303103085898315,1.882244558951117
-49.25254509254627,-0.04711565372893611,0.0012229675104999803,1.883028593313992
-49.22311788894447,-0.04715874238642311,0.0012101779130146639,1.8838135651200774
-49.19369068534267,-0.04720196978607219,0.0012023865089810823,1.8845994760516822
-49.164263481740875,-0.04724907574751208,0.0012026294174439873,1.8853863277951435
-49.13483627813907,-0.04730049195655395,0.001208049408950982,1.886174122040838
-49.10540907453727,-0.04734395475718442,0.0012180372190218308,1.886962860483194
-49.075981870935465,-0.04739531189660769,0.0012219276077177113,1.8877525448207053
-49.046554667333666,-0.047445894792892435,0.0012167266868393799,1.88854317675594
-49.01712746373187,-0.047494383872033245,0.0012131678887211269,1.889334757995556
-48.98770026013007,-0.04754233792238513,0.0012124671110951444,1.890127290250312
-48.95827305652826,-0.047587758113768926,0.0012149834061939437,1.8909207752350792
-48.928845852926464,-0.04763432281665599,0.0012250309101117748,1.8917152146688547
-48.899418649324666,-0.047682855948218084,0.0012371581582453996,1.8925106102747735
-48.86999144572286,-0.04772852251767867,0.0012434948291254397,1.893306963780121
-48.84056424212106,-0.047778966167476566,0.0012437616327311742,1.894104276916345
-48.81113703851926,-0.04782549280097046,0.0012505104802191806,1.8949025514190692
-48.781709834917464,-0.04786956184741987,0.0012563388674514146,1.8957017890281054
-48.75228263131566,-0.047915683055044844,0.0012553805881508734,1.8965019914874657
-48.72285542771386,-0.047968543825594644,0.0012579934539511423,1.8973031605453752
-48.693428224112054,-0.04802296945190648,0.0012628986702207935,1.8981052979542863
-48.664001020510256,-0.04807149159832825,0.0012628712002584138,1.898908405470889
-48.63457381690846,-0.04811914772185139,0.0012577140491519393,1.8997124848561255
-48.60514661330666,-0.048176142212317564,0.0012609640384689056,1.9005175378752024
-48.57571940970485,-0.048239503298791404,0.0012674329773144518,1.901323566297604
-48.546292206103054,-0.04829645065678889,0.0012562373017035507,1.9021305718971044
-48.51686500250125,-0.04834745290966922,0.0012530049975109077,1.9029385564517822
-48.48743779889945,-0.04839759854439848,0.0012584461365225722,1.9037475217440312
-48.45801059529765,-0.0484496542702425,0.0012584497796099244,1.9045574695605758
-48.42858339169585,-0.04849722989231083,0.0012471893704668405,1.9053684016924826
-48.39915618809405,-0.04853634525077242,0.0012344477257501597,1.9061803199351748
-48.36972898449225,-0.048583851356533515,0.0012323335654598918,1.906993226088444
-48.34030178089044,-0.04865717334661757,0.0012327330840826674,1.9078071219564645
-48.310874577288644,-0.04871026607143201,0.0012342077458701625,1.9086220093478068
-48.281447373686845,-0.048764637818537876,0.0012391915238173254,1.9094378900754503
-48.252020170085046,-0.048821712805950206,0.0012357803199052433,1.9102547659567972
-48.22259296648324,-0.0488769942693949,0.0012297569132494923,1.9110726388136867
-48.19316576288144,-0.04892181194886699,0.001227693839362029,1.9118915104724055
-48.16373855927964,-0.04895980355133914,0.001234753732926636,1.912711382763706
-48.13431135567784,-0.049014100107023,0.0012476737934427105,1.9135322575228169
-48.10488415207604,-0.04909073902043019,0.0012563113102117723,1.914354136589456
-48.07545694847424,-0.0491492970336456,0.0012701119321520812,1.9151770218078483
-48.04602974487244,-0.04920361453958114,0.0012788439994989521,1.9160009150267343
-48.016602541270636,-0.04928095585048401,0.0012845500153614055,1.9168258180993885
-47.98717533766884,-0.04935949712324864,0.0012915046306491576,1.91765173288363
-47.95774813406703,-0.04942549956578327,0.0012938434196336792,1.9184786612418385
-47.92832093046523,-0.049489812569087445,0.001299842006109801,1.9193066050409677
-47.898893726863434,-0.049572066156910094,0.0013259901054563455,1.9201355661525588
-47.869466523261636,-0.04965008804158899,0.0013576418186650916,1.9209655464527544
-47.84003931965983,-0.04971340332855351,0.0013573231560696964,1.9217965478223156
-47.81061211605803,-0.04978284740269819,0.0013703951682333985,1.922628572146631
-47.781184912456226,-0.04986384735779251,0.0013851537908485952,1.9234616213157363
-47.75175770885443,-0.04993938332708861,0.0013827330994280157,1.924295697224324
-47.72233050525263,-0.050008695753765466,0.0013813313421587243,1.9251308017717617
-47.69290330165083,-0.05008342160455057,0.0013867751557948465,1.9259669368621037
-47.663476098049024,-0.05017230819072358,0.0013806676272770022,1.9268041044041078
-47.634048894447226,-0.05026219020314245,0.0013622243361004073,1.9276423063112462
-47.60462169084542,-0.050360877806016995,0.0013603649604209587,1.9284815445017247
-47.57519448724362,-0.05044881682302472,0.0013771416135419123,1.9293218208984944
-47.54576728364182,-0.05051738146737463,0.0013980445793217802,1.9301631374292656
-47.516340080040024,-0.05059249481328007,0.0014138559791973852,1.9310054960265264
-47.48691287643822,-0.05069296799438097,0.0014105912342697083,1.9318488986275542
-47.45748567283642,-0.05080431114743559,0.0013915804271617943,1.9326933471744296
-47.42805846923462,-0.05090600634410807,0.0013704282765936476,1.933538843614056
-47.398631265632815,-0.0510063086996474,0.0013616992395530199,1.9343853898981695
-47.36920406203102,-0.05110919272576773,0.0013804118615038398,1.9352329879833574
-47.33977685842922,-0.05118192599976588,0.0014083008530004206,1.9360816398310714
-47.31034965482742,-0.05125175797692652,0.0014080254244871469,1.936931347407644
-47.280922451225614,-0.0513142681097923,0.001396917376954977,1.9377821126843018
-47.251495247623815,-0.051394998452742514,0.0013681172181911512,1.9386339376371824
-47.22206804402201,-0.05147922493001403,0.001341379401544352,1.9394868242473504
-47.19264084042021,-0.051543751807853276,0.0013228151404878167,1.94034077450081
-47.16321363681841,-0.05161191991680119,0.0012809354834037163,1.941195790388523
-47.13378643321661,-0.05164320704496644,0.001260923599083005,1.942051873906423
-47.10435922961481,-0.051714593550904076,0.0012582318483824475,1.9429090270554314
-47.07493202601301,-0.05182940794755753,0.0012839634217786278,1.9437672518414724
-47.0455048224112,-0.051951644100867035,0.0013183736194692442,1.9446265502754891
-47.016077618809405,-0.0520528702543002,0.0013335164134263577,1.9454869243734598
-46.986650415207606,-0.05215014780404667,0.0013190251893718723,1.9463483761564122
-46.95722321160581,-0.052249721380544935,0.0013043908329697293,1.9472109076504411
-46.927796008004,-0.05232644865993239,0.001321922263529811,1.9480745208867232
-46.8983688044022,-0.05237830326457973,0.0013922003692440272,1.9489392179015326
-46.8689416008004,-0.052467319734789714,0.0014312278240861365,1.9498050007362573
-46.8395143971986,-0.05254184245926726,0.0014272188931646094,1.9506718714374163
-46.8100871935968,-0.05261399248376957,0.0014218421211651892,1.9515398320566741
-46.780659989995,-0.05275117931742205,0.0014056367733936734,1.9524088846508576
-46.751232786393196,-0.0529354662528419,0.0013597487567023898,1.9532790312819732
-46.7218055827914,-0.053071326023452825,0.0012896679690896306,1.9541502740172203
-46.6923783791896,-0.05314015246880017,0.001257653700996863,1.9550226149290113
-46.66295117558779,-0.05317113699554296,0.0013251724421378735,1.9558960560949856
-46.633523971985994,-0.0532516552833498,0.0014041917638602365,1.9567705995980273
-46.604096768384196,-0.0534228165433999,0.001417330035282532,1.9576462475262808
-46.57466956478239,-0.05358549255580227,0.0013867016506160794,1.9585230019731683
-46.54524236118059,-0.053702369237036446,0.0013545512098658233,1.9594008650374053
-46.51581515757879,-0.05378059308725639,0.0013451043070898166,1.9602798388230194
-46.48638795397699,-0.05383377827721488,0.0013408451258462956,1.9611599254393646
-46.45696075037519,-0.05387976501633691,0.0012983395377949012,1.96204112700114
-46.42753354677339,-0.05405875626124956,0.001385706564969693,1.9629234456284061
-46.39810634317159,-0.054337959317420644,0.0015023308907217894,1.9638068834466016
-46.368679139569785,-0.05448166695541085,0.0014646923943251182,1.9646914425865618
-46.33925193596799,-0.05453049097183626,0.001373913297302457,1.9655771251845326
-46.30982473236618,-0.05459675687284354,0.0013187098460903082,1.966463933382192
-46.28039752876438,-0.054719745306757994,0.001341850500848631,1.9673518693266634
-46.250970325162584,-0.05485943224661321,0.001385692838731414,1.968240935170535
-46.221543121560785,-0.054996172233227635,0.0012954989112270198,1.969131133071878
-46.19211591795898,-0.055117279738139124,0.0013306274319226953,1.970022465194261
-46.16268871435718,-0.05524647533518783,0.001473227816848173,1.970914933706771
-46.133261510755375,-0.055373126289186315,0.001526357856933488,1.971808540784029
-46.103834307153576,-0.055436608229040944,0.001489809905451123,1.972703288606207
-46.07440710355178,-0.05553135266370237,0.001441623401523053,1.9735991793590486
-46.04497989994998,-0.05571977542244738,0.0014261261815836357,1.9744962152338839
-46.01555269634817,-0.055917902190915046,0.0013939819445191017,1.9753943984276483
-45.986125492746375,-0.05602008371346184,0.0013380028911070914,1.9762937311429014
-45.95669828914457,-0.0561530445683259,0.0013818043803774968,1.977194215587844
-45.92727108554277,-0.05627932148115061,0.0013885358233823235,1.9780958539763351
-45.89784388194097,-0.05637312667249287,0.0013854751263451804,1.9789986485279139
-45.86841667833917,-0.05647366354490426,0.0013836431312836853,1.9799026014678125
-45.83898947473737,-0.05660599695641912,0.0013997493295441529,1.9808077150269798
-45.80956227113557,-0.056737478916576524,0.0014410036574107556,1.9817139914420951
-45.78013506753377,-0.05681583829664124,0.0014861805202259386,1.9826214329555896
-45.750707863931964,-0.056984690868545296,0.0015449377171615718,1.9835300418156643
-45.721280660330166,-0.05714485890254422,0.001542723585301417,1.9844398202763074
-45.69185345672837,-0.05719291320893346,0.0015002428744920859,1.985350770597313
-45.66242625312657,-0.05725453253046397,0.0014892033731761594,1.9862628950443026
-45.63299904952476,-0.057362789336536775,0.0014598377030656277,1.9871761958887402
-45.603571845922964,-0.05752620130959859,0.0014368201260034233,1.9880906754079528
-45.57414464232116,-0.05771467489072011,0.0014780271795113383,1.9890063358851502
-45.54471743871936,-0.057880484052377223,0.0015224604843980076,1.989923179609442
-45.51529023511756,-0.058095303931841896,0.0015146148119726346,1.9908412088758585
-45.48586303151576,-0.05834904789103229,0.0015178521410560385,1.991760425985369
-45.45643582791396,-0.05838972633561084,0.0015555145807319083,1.992680833244901
-45.42700862431216,-0.05844227054299445,0.0015701683929558914,1.9936024329673594
-45.39758142071035,-0.05861541188653508,0.0016062657511795495,1.9945252274716463
-45.368154217108554,-0.05880940810571364,0.0016449494867794199,1.9954492190826802
-45.338727013506755,-0.05893455081148072,0.0015763480782277242,1.9963744101314163
-45.30929980990496,-0.05910856970201758,0.0014692342472039216,1.9973008029548636
-45.27987260630315,-0.05924756480633919,0.001505787833953685,1.9982283998961088
-45.25044540270135,-0.05929570640133377,0.0015747564741870137,1.9991572033043314
-45.22101819909955,-0.05948227585577493,0.0015574720576446847,2.0000872155348266
-45.19159099549775,-0.05967339317272081,0.0015694437801313144,2.001018438949025
-45.16216379189595,-0.05985586051881502,0.0015714670292275039,2.0019508759145106
-45.13273658829415,-0.06002451927233419,0.0015499559550420274,2.002884528805043
-45.103309384692345,-0.06014843031114352,0.0015635593546028815,2.0038194000005776
-45.073882181090546,-0.0602082241526613,0.0016448539927429403,2.0047554918872827
-45.04445497748875,-0.060381809480515636,0.0016791400524563138,2.005692806857564
-45.01502777388694,-0.060687152510119545,0.001644365162747538,2.006631347310083
-44.98560057028514,-0.06086351327441721,0.00163730582678955,2.0075711156497755
-44.956173366683345,-0.060918567296106514,0.0016188167383498788,2.008512114287877
-44.926746163081546,-0.06097861702604662,0.0015849756957630498,2.009454345641938
-44.89731895947974,-0.06109800959240963,0.0015774071084517932,2.010397812135849
-44.86789175587794,-0.0612494935951809,0.0015615990961503838,2.0113425161998584
-44.838464552276136,-0.061370428990011335,0.0015445636492153734,2.012288460270595
-44.80903734867434,-0.06153993404564906,0.001646514802504997,2.0132356467910872
-44.77961014507254,-0.061633145801695745,0.0017104784314472547,2.0141840782107874
-44.75018294147074,-0.06175243421093398,0.0016788866701818248,2.0151337569855885
-44.720755737868934,-0.06197049030640558,0.001669075271000402,2.0160846855778494
-44.691328534267136,-0.06222119963403694,0.0017271561383853426,2.0170368664564133
-44.66190133066533,-0.06240682893489269,0.0017356357032361502,2.0179903020966306
-44.63247412706353,-0.06253428074118962,0.0016351577369477562,2.0189449949803797
-44.60304692346173,-0.0626415198342788,0.001690220958738488,2.0199009475960894
-44.573619719859934,-0.06277241965153856,0.0017703209280282696,2.0208581624387585
-44.54419251625813,-0.06288428092431851,0.0018118361163871931,2.021816642009981
-44.51476531265633,-0.06299367399747688,0.0018072345359709397,2.0227763888179635
-44.485338109054524,-0.0631465320404151,0.0017492771301065699,2.0237374053775508
-44.455910905452726,-0.06331888129468935,0.0016886783636389912,2.0246996942102453
-44.42648370185093,-0.06349306210222048,0.001695501098663105,2.025663257844232
-44.39705649824913,-0.06371095567928987,0.0017676763597125158,2.026628098814397
-44.36762929464732,-0.06389900054691999,0.0018159254265386294,2.0275942196623524
-44.338202091045524,-0.06401117556170209,0.0017399528038534952,2.028561622936458
-44.308774887443725,-0.06409393501586931,0.0017387120422358662,2.0295303111918415
-44.27934768384192,-0.06424151214640579,0.0017615220884311302,2.0305002869904265
-44.24992048024012,-0.06443469751020021,0.0017841336539167149,2.0314715529009484
-44.22049327663832,-0.06458193499312541,0.0018003655564959354,2.032444111498981
-44.19106607303652,-0.06463471341407406,0.0017929939394706626,2.03341796536696
-44.16163886943472,-0.06467383668049557,0.0017907368667011453,2.0343931170942025
-44.13221166583292,-0.06484355834727647,0.0018674027355966621,2.0353695692769325
-44.102784462231114,-0.06504228438814112,0.0019210687555157098,2.0363473245183035
-44.073357258629315,-0.06519577595385774,0.0018907357912924644,2.0373263854284205
-44.043930055027516,-0.06532071764585423,0.001841460706751505,2.0383067546243656
-44.01450285142572,-0.06543527682383708,0.0018251015327394723,2.0392884347302176
-43.98507564782391,-0.06554508118203335,0.0018500517409204712,2.0402714283770806
-43.95564844422211,-0.0656531225056669,0.001885106262557803,2.0412557382031014
-43.92622124062031,-0.06579861933918035,0.0018822145799656334,2.042241366853498
-43.89679403701851,-0.06590059460935847,0.001851406915292782,2.0432283169805814
-43.86736683341671,-0.06593964364444849,0.001863069418070247,2.0442165912437793
-43.83793962981491,-0.06603078280661968,0.001860573548418437,2.04520619230966
-43.808512426213106,-0.06615969863946929,0.0018590627368630889,2.0461971228519573
-43.77908522261131,-0.06629950091709923,0.0018612741744572338,2.0471893855515924
-43.7496580190095,-0.0664395318135987,0.0018640892530793966,2.0481829830967015
-43.7202308154077,-0.06657159951044163,0.001859287271525699,2.049177918182657
-43.690803611805904,-0.0666951117259673,0.0018463788809913574,2.050174193512092
-43.661376408204106,-0.0668029042903599,0.0018278546665328771,2.051171811794928
-43.63194920460231,-0.06687409203004231,0.0018281645685333352,2.0521707757483956
-43.6025220010005,-0.06693345891735913,0.0018394375593982666,2.053171088097062
-43.573094797398696,-0.06701650398704163,0.0018479172319000748,2.054172751572853
-43.5436675937969,-0.06711007590761088,0.0018562645227529955,2.055175768915081
-43.5142403901951,-0.06719715883423652,0.0018665690574792906,2.056180142870467
-43.4848131865933,-0.06727569358476714,0.0018805731962955761,2.0571858761931683
-43.4553859829915,-0.06735874605573465,0.0018945055695715205,2.058192971644802
-43.425958779389696,-0.06745430757915083,0.0018888829825546732,2.0592014319944707
-43.39653157578789,-0.06754359448794067,0.0018617528032078457,2.060211260018788
-43.36710437218609,-0.06760749169846793,0.0018574988238152235,2.061222458501904
-43.33767716858429,-0.06766813735158816,0.0018607081470187695,2.0622350302355295
-43.308249964982494,-0.06772511862548981,0.0018714311624049849,2.063248978018965
-43.278822761380695,-0.06777721721020409,0.0018903842975254471,2.0642643046591242
-43.24939555777889,-0.0678280273392212,0.001913971727528841,2.0652810129705585
-43.21996835417709,-0.06788039219170945,0.001928708941655306,2.0662991057754865
-43.190541150575285,-0.06792874843319203,0.0019355380941433837,2.067318585903817
-43.16111394697349,-0.06798538359283274,0.0019456052166995639,2.068339456193177
-43.13168674337169,-0.06804934477337944,0.001957873503755529,2.069361719488938
-43.10225953976989,-0.06809815455535169,0.001966349668655811,2.070385378644241
-43.072832336168084,-0.06813701032038898,0.001970743839184715,2.0714104365200257
-43.043405132566285,-0.06817810583949618,0.0019793146991719775,2.0724368959850534
-43.01397792896448,-0.06822715591763735,0.001992322971454183,2.0734647599159373
-42.98455072536268,-0.06827408176917503,0.0019969080422475114,2.0744940311971667
-42.95512352176088,-0.06830841700169406,0.0019832549402163855,2.075524712721137
-42.92569631815908,-0.0683357219359691,0.0019815071394190084,2.076556807388173
-42.896269114557285,-0.06836765477697647,0.0019811580144263106,2.0775903181065596
-42.86684191095548,-0.06838772978768994,0.0019781902478229535,2.078625247792567
-42.83741470735367,-0.06838989138325373,0.0019613871203613374,2.0796615993704783
-42.807987503751875,-0.06838665288592333,0.0019341778831862212,2.0806993757726184
-42.778560300150076,-0.06838793047899601,0.00190300972972375,2.0817385799393797
-42.74913309654828,-0.06838371090327265,0.001865475779585564,2.082779214819252
-42.71970589294648,-0.06837537169148121,0.0018140802480393278,2.0838212833688483
-42.69027868934467,-0.06839420305250836,0.0017821758749872307,2.0848647885529354
-42.66085148574287,-0.06839831350521994,0.0017537028642075538,2.085909733344458
-42.63142428214107,-0.06840092543270943,0.0017374702871758541,2.086956120724571
-42.60199707853927,-0.06840617781690327,0.0017252081953119708,2.0880039536826662
-42.57256987493747,-0.06838676805758459,0.001700459866072932,2.0890532352163995
-42.54314267133567,-0.06835334594177668,0.0016611878247046442,2.090103968331723
-42.51371546773387,-0.06832797544093329,0.0016341036840459597,2.0911561560429086
-42.48428826413207,-0.06831520469187645,0.0016369200611970301,2.092209801372582
-42.45486106053026,-0.06828831760106208,0.0016437100020712397,2.093264907351749
-42.425433856928464,-0.06829802287498536,0.001712519372643857,2.094321477019823
-42.396006653326666,-0.06834975928625624,0.0018084639035168314,2.0953795134246582
-42.36657944972487,-0.06833147131610166,0.0017886954045810463,2.096439019622576
-42.33715224612306,-0.06827667790488917,0.0017198218579877525,2.0974999986783955
-42.30772504252126,-0.06824490355707725,0.0017095123354159882,2.0985624536654615
-42.27829783891946,-0.06823068080891108,0.0017224963359721126,2.0996263876656776
-42.24887063531766,-0.06816670988401899,0.001670976454507918,2.100691803769532
-42.21944343171586,-0.06805567816530116,0.0015828820996036266,2.1017587050761297
-42.19001622811406,-0.06802036612208745,0.0016038553546070455,2.102827094693223
-42.160589024512255,-0.06803199110044293,0.001625533317252594,2.1038969757372397
-42.13116182091046,-0.06791336118514756,0.001609639100901396,2.1049683513333144
-42.10173461730865,-0.06780177903974276,0.0016546557187397256,2.1060412246153204
-42.07230741370685,-0.06778565888539327,0.0016794577917668347,2.1071155987258967
-42.042880210105054,-0.06775481608388055,0.0016545277219028858,2.1081914768164833
-42.013453006503255,-0.06769444283125008,0.0016071818431639673,2.109268862047348
-41.984025802901456,-0.06761152930549953,0.001599004087471332,2.1103477575876193
-41.95459859929965,-0.06747459927901105,0.0016019904041409795,2.1114281666153167
-41.925171395697845,-0.06732993273787387,0.001575564450584956,2.1125100923173834
-41.895744192096046,-0.06736022486248176,0.0016048587772414114,2.113593537889715
-41.86631698849425,-0.06727280411114255,0.0015400798355899678,2.1146785065371927
-41.83688978489245,-0.06715033181568071,0.0014821205361522716,2.115765001473717
-41.80746258129065,-0.0670887887245384,0.001509956776547383,2.1168530259222336
-41.778035377688845,-0.06697123901296088,0.0014737724711017474,2.117942583114772
-41.74860817408704,-0.06682930353232275,0.0014222066240621761,2.119033676292472
-41.71918097048524,-0.06671617370195548,0.0014634799288935122,2.1201263087056192
-41.68975376688344,-0.0665994942004187,0.0015172043758956736,2.121220483613676
-41.66032656328164,-0.06649359915275349,0.0014778867637790449,2.122316204285314
-41.630899359679844,-0.06631927518923998,0.0013330815804801467,2.1234134739984474
-41.60147215607804,-0.06617661954192552,0.001385593800182622,2.1245122960402645
-41.57204495247624,-0.06604215641798515,0.0015130416889677044,2.125612673707261
-41.542617748874434,-0.06594447627056971,0.0014536801166254935,2.126714610305273
-41.513190545272636,-0.06586483964488132,0.0013348475101372934,2.1278181091495116
-41.48376334167084,-0.06578579112294086,0.001270773598868601,2.1289231735645924
-41.45433613806904,-0.06571561898294245,0.00128635360030841,2.1300298068845724
-41.42490893446723,-0.06563038396983167,0.0013360813946391924,2.131138012452983
-41.395481730865434,-0.06546624864026655,0.0013308904667940703,2.1322477936228617
-41.36605452726363,-0.06528761276429329,0.0012556111147631578,2.1333591537567878
-41.33662732366183,-0.06510722972905177,0.001168114758272624,2.134472096226915
-41.30720012006003,-0.06494757354960672,0.001229442910598546,2.135586624415008
-41.27777291645823,-0.06486686286620003,0.0011875396070579992,2.1367027417124738
-41.248345712856434,-0.06479659211844313,0.0011334460884668738,2.1378204515203967
-41.21891850925463,-0.06465893770829574,0.0011692298908943435,2.1389397572495756
-41.18949130565282,-0.06452264370015975,0.001198085305058237,2.140060662320555
-41.160064102051024,-0.06440764673682177,0.0011595425482661588,2.1411831701636603
-41.130636898449225,-0.06420805438252696,0.001128648596194012,2.1423072842190365
-41.10120969484743,-0.06394188653289869,0.0010893142901866075,2.1434330079366797
-41.07178249124563,-0.06388569534015687,0.0009872491541928097,2.1445603447764725
-41.04235528764382,-0.06388061223408315,0.0010486666394707485,2.145689298208222
-41.01292808404202,-0.06374832451142282,0.0011067507990936934,2.1468198717116924
-40.98350088044022,-0.06349937977138649,0.001053361029544782,2.1479520687766427
-40.95407367683842,-0.0632492899661116,0.0010205762278920007,2.1490858929028622
-40.92464647323662,-0.06302531825546619,0.0010279377344682233,2.150221347600206
-40.89521926963482,-0.06285292256776438,0.001055274725589826,2.1513584363886324
-40.865792066033016,-0.06273729584626517,0.0010721459806844749,2.1524971627982383
-40.83636486243122,-0.06260295457537339,0.001057609387299497,2.1536375303692945
-40.80693765882941,-0.06246043105275271,0.0011320727327969351,2.1547795426522853
-40.77751045522761,-0.062273580802038535,0.0011888392292168514,2.155923203207944
-40.748083251625815,-0.06202468558382616,0.0011547074592900865,2.1570685156072886
-40.718656048024016,-0.06186022494277723,0.0010901973132630466,2.158215483431661
-40.68922884442221,-0.061691386704693686,0.0010554283230527308,2.1593641102727643
-40.65980164082041,-0.061477908053923204,0.0010841775553890834,2.1605143997326968
-40.630374437218606,-0.061294085086717694,0.0011331978679220737,2.1616663554239954
-40.60094723361681,-0.06118741278404146,0.001145914481721289,2.1628199809696675
-40.57152003001501,-0.061097997453467744,0.001116270967851043,2.163975280003234
-40.54209282641321,-0.06094378071407724,0.0010819005691459777,2.1651322561687647
-40.51266562281141,-0.06079874045643901,0.0010978816029004303,2.1662909131209167
-40.483238419209606,-0.060695322189265204,0.0011547801324606935,2.167451254524974
-40.4538112156078,-0.06053741296002336,0.0012215650721870699,2.1686132840568844
-40.424384012006,-0.06033995922849977,0.0012190593788016751,2.1697770054033
-40.3949568084042,-0.0601334762406246,0.0012042664826903715,2.1709424222616165
-40.365529604802404,-0.05995615611723629,0.0012007870614698707,2.17210953834001
-40.336102401200606,-0.059807745114001665,0.0011854787531846598,2.17327835735748
-40.3066751975988,-0.05963808246028476,0.0011554026992701364,2.1744488830438837
-40.277247993996994,-0.05939918742569248,0.0011337317708081838,2.1756211191399806
-40.247820790395195,-0.059123551247769135,0.0010963127255114713,2.1767950693974703
-40.2183935867934,-0.0590227099010587,0.0011896032488974886,2.1779707375790323
-40.1889663831916,-0.05902710833021313,0.0012699209551813638,2.1791481274583666
-40.1595391795898,-0.058987053073504825,0.0012656873598090063,2.180327242820234
-40.130111975987994,-0.05885342930544198,0.0012278797322195585,2.181508087460497
-40.100684772386195,-0.058629566695377146,0.0011830916008131428,2.18269066518616
-40.07125756878439,-0.05840244037578374,0.001176776113194449,2.18387497981541
-40.04183036518259,-0.05822219927018707,0.001194343253444352,2.1850610351776587
-40.01240316158079,-0.05806262223970934,0.0011910737971573956,2.186248835113583
-39.982975957978994,-0.05792356975233329,0.0012140591622177754,2.187438383475167
-39.95354875437719,-0.05779585057700052,0.0012323069511178657,2.1886296841257424
-39.92412155077539,-0.05766404832269095,0.001208130632462267,2.1898227409400324
-39.89469434717358,-0.05752501561292637,0.0012162774865441157,2.1910175578041913
-39.865267143571785,-0.05733308454636723,0.0011698449395661503,2.192214138615849
-39.835839939969986,-0.05713807592804664,0.0011544199913180535,2.193412487284151
-39.80641273636819,-0.05700041134333023,0.00122265890052517,2.194612607729804
-39.77698553276639,-0.056927011726407996,0.0012672705546314593,2.1958145038851153
-39.74755832916458,-0.05682602072803115,0.0012097030757463603,2.197018179694039
-39.71813112556278,-0.056625148966717005,0.001167052479864913,2.198223639112216
-39.68870392196098,-0.056442457621234086,0.0012217471908963907,2.199430886107019
-39.65927671835918,-0.056342965702828124,0.0012838225795319493,2.200639924657597
-39.62984951475738,-0.0561725095831597,0.0013899721215805507,2.2018507587549165
-39.60042231115558,-0.05600085932511826,0.0013776925008791103,2.2030633924018086
-39.57099510755378,-0.05592434625225728,0.0013048726443718164,2.204277829613009
-39.54156790395197,-0.05584587413457335,0.0012760688192765817,2.205494074415207
-39.51214070035017,-0.05571602211074763,0.0012480395644112064,2.206712130847086
-39.482713496748374,-0.05556483760817732,0.0012176508814651116,2.2079320029593696
-39.453286293146576,-0.05542809010065695,0.0012781876326270652,2.209153694814868
-39.42385908954478,-0.05525216173391023,0.0013562808208125946,2.2103772104885215
-39.39443188594297,-0.055157016619953404,0.0012582480777465117,2.2116025540674458
-39.36500468234117,-0.0551090135453526,0.0012244900651001095,2.212829729650977
-39.33557747873937,-0.05501026848082045,0.0012472762926044754,2.214058741350721
-39.30615027513757,-0.0549435800544397,0.001236685311420535,2.2152895932905925
-39.27672307153577,-0.05483077100753961,0.0012209970103039382,2.2165222896068686
-39.24729586793397,-0.054635515863560406,0.001219134182814395,2.2177568344482306
-39.217868664332165,-0.0544492925583808,0.001250674262482902,2.2189932319758117
-39.18844146073037,-0.054367110925168695,0.0013095032566524242,2.2202314863632426
-39.15901425712856,-0.054293224487684116,0.0012814797526109513,2.221471601796702
-39.12958705352676,-0.05424736802255426,0.0011191017858089055,2.222713582474959
-39.100159849924964,-0.0542311946120673,0.0011295679200679883,2.2239574326094247
-39.070732646323165,-0.05413129034693722,0.0012099291717726582,2.2252031564241963
-39.04130544272136,-0.054000678295373805,0.0012570081303383326,2.2264507581561084
-39.01187823911956,-0.053897367901071434,0.0012606659955302203,2.2277002420547776
-38.982451035517755,-0.05383200263048551,0.0012425224035461449,2.228951612382653
-38.95302383191596,-0.05377139121308668,0.0012255534887089946,2.230204873415064
-38.92359662831416,-0.053686328463952306,0.0012219717354497088,2.231460029440269
-38.89416942471236,-0.0535942100543265,0.0012378772466041664,2.232717084759505
-38.86474222111056,-0.053509980431932135,0.0012601951726558568,2.2339760436870346
-38.835315017508755,-0.053436414525675054,0.0012677804413542904,2.2352369105501984
-38.80588781390695,-0.053372095788287326,0.0012784016212640354,2.236499689689462
-38.77646061030515,-0.05332474655925503,0.0012769410507902145,2.2377643854584663
-38.74703340670335,-0.05329331869279421,0.0012705423856381435,2.23903100222408
-38.71760620310155,-0.05326457021700846,0.0012773975862446982,2.240299544366446
-38.688178999499755,-0.053226580162557165,0.0013047834330733993,2.2415700162790344
-38.65875179589795,-0.05318788117108203,0.0013321789366745496,2.2428424223686934
-38.62932459229614,-0.05316607654856925,0.001324048941079256,2.2441167670556985
-38.599897388694345,-0.05314875058022483,0.001326344203181111,2.245393054773804
-38.570470185092546,-0.05311662288627198,0.0013395074583830763,2.246671289970297
-38.54104298149075,-0.05307862375414141,0.0013466689085090428,2.247951477106046
-38.51161577788895,-0.05304053236614495,0.0013470731795088454,2.2492336206555534
-38.48218857428714,-0.053010142876935895,0.0013415297534311677,2.25051772510701
-38.452761370685344,-0.05298881861223756,0.001334039915621433,2.251803794962343
-38.42333416708354,-0.05296636181399164,0.0013299154502576834,2.2530918347372735
-38.39390696348174,-0.05293246333888845,0.0013267920162357409,2.254381848961365
-38.36447975987994,-0.05289332646252263,0.0013232232352245652,2.25567384217808
-38.33505255627814,-0.052863579037936266,0.0013156594472156316,2.256967818944831
-38.30562535267634,-0.05284520778021262,0.0013132803898234877,2.2582637838330353
-38.27619814907454,-0.052827864260877905,0.001311365380973356,2.259561741428168
-38.24677094547273,-0.05280462985257613,0.0013047267764819616,2.2608616963298176
-38.217343741870934,-0.05277895353699772,0.0012974019187277956,2.2621636531517373
-38.187916538269135,-0.05275340212244491,0.0012922940307692914,2.263467616521903
-38.15848933466734,-0.052727693263489715,0.0012835849176742965,2.2647735910825673
-38.12906213106554,-0.052706587615347834,0.0012733871595359107,2.2660815814903117
-38.09963492746373,-0.05269343951496994,0.0012667084340053738,2.267391592416107
-38.07020772386193,-0.05268315662539974,0.001266481012259908,2.268703628545364
-38.04078052026013,-0.05267132372703525,0.0012610690314236721,2.2700176945779917
-38.01135331665833,-0.05265972980009744,0.0012558691875857021,2.271333795228454
-37.98192611305653,-0.05265148418457344,0.00125441412436767,2.272651935225825
-37.95249890945473,-0.052649461765959193,0.0012553296131780395,2.2739721193138456
-37.92307170585293,-0.05264780284185319,0.0012590237726015031,2.275294352250982
-37.89364450225112,-0.05264399429272848,0.0012658126330836008,2.276618638810479
-37.86421729864932,-0.05264733612398873,0.001277142184171359,2.277944983780422
-37.83479009504752,-0.05265353913062373,0.0012862711867881297,2.279273391963793
-37.805362891445725,-0.0526526852672737,0.0012903044246861785,2.280603868178527
-37.775935687843926,-0.052650917435336834,0.0012926506821266616,2.2819364172575725
-37.74650848424212,-0.05265322752563419,0.0012968049013229819,2.2832710440489485
-37.71708128064032,-0.052656672715469845,0.0013032292378291769,2.2846077534158047
-37.687654077038516,-0.05265628187195628,0.0013086548525377754,2.2859465502364786
-37.65822687343672,-0.05265606113975285,0.0013081972012807606,2.2872874394045564
-37.62879966983492,-0.05265600045572202,0.0013067138194691158,2.288630425828933
-37.59937246623312,-0.05265394303074796,0.0013080426986198548,2.28997551443387
-37.569945262631315,-0.052647968734866296,0.0013050385964960003,2.2913227101590583
-37.540518059029516,-0.05264148908032986,0.0012981778241392752,2.292672017959675
-37.51109085542771,-0.05263628021204778,0.001293416710598619,2.2940234428064494
-37.48166365182591,-0.052630565885170844,0.0012876534564152718,2.2953769896857183
-37.45223644822411,-0.052620997118626146,0.0012775085746279662,2.296732663599492
-37.422809244622314,-0.05260893069705924,0.0012652635128625306,2.298090469565513
-37.393382041020516,-0.052597680865866796,0.0012596945705493608,2.2994504126173196
-37.36395483741871,-0.05259076016661843,0.0012582660976879396,2.300812497804307
-37.334527633816904,-0.05258644082427985,0.0012515841928228827,2.3021767301917904
-37.305100430215106,-0.05258335847642129,0.0012418562905784252,2.3035431148610663
-37.27567322661331,-0.05258161693593686,0.0012358019394302228,2.304911656909479
-37.24624602301151,-0.05257962444143904,0.0012341515401473953,2.3062823614504806
-37.21681881940971,-0.052578722444812896,0.0012331616829165367,2.3076552336136964
-37.187391615807904,-0.05257931819439751,0.0012324385072252277,2.3090302785449888
-37.1579644122061,-0.052578753887341255,0.0012366461544013588,2.31040750140652
-37.1285372086043,-0.05257564410863339,0.0012463476997028738,2.3117869073768182
-37.0991100050025,-0.052577609120017355,0.0012565407676653814,2.3131685016508428
-37.0696828014007,-0.0525833172852988,0.00126081073866106,2.3145522894400488
-37.040255597798904,-0.05258963369718867,0.0012590924280944632,2.3159382759724525
-37.0108283941971,-0.05259294008723856,0.0012596420799859843,2.3173264664926974
-36.9814011905953,-0.052591743972739004,0.001262213287131438,2.3187168662621187
-36.951973986993494,-0.052587119895499836,0.001263515342756706,2.320109480558814
-36.922546783391695,-0.0525815039204132,0.0012631992376346056,2.3215043146777057
-36.8931195797899,-0.052577245858877485,0.001263805384487748,2.32290137393061
-36.8636923761881,-0.05257463480668178,0.001263047652655681,2.3243006636463046
-36.83426517258629,-0.052570667739102406,0.0012588249665433833,2.3257021891705962
-36.804837968984494,-0.05256881740824834,0.0012546971582280157,2.3271059558663874
-36.77541076538269,-0.05256730338310564,0.0012511277474583386,2.328511969113747
-36.74598356178089,-0.052563412569943735,0.0012463932751577108,2.329920234309977
-36.71655635817909,-0.052557094174236756,0.0012414595528871396,2.331330756869684
-36.68712915457729,-0.05255014064798083,0.0012385698521547787,2.332743542224846
-36.657701950975486,-0.05254319415549746,0.001238871297726162,2.334158595824883
-36.62827474737369,-0.052542907194034184,0.0012401657191028093,2.335575923136728
-36.59884754377188,-0.052546723189030614,0.001245341837785924,2.336995529644896
-36.56942034017008,-0.052550938933844694,0.0012511029512919305,2.3384174208515556
-36.539993136568285,-0.052556453398178986,0.0012538971878518239,2.3398416022766004
-36.510565932966486,-0.05256079348316243,0.0012557544359913734,2.34126807945772
-36.48113872936469,-0.05256105197603129,0.0012567843755121662,2.3426968579504703
-36.45171152576288,-0.052557770430352764,0.0012545292216361342,2.3441279433283495
-36.422284322161076,-0.05255460365357096,0.001249201448563825,2.345561341182866
-36.39285711855928,-0.05255524666809028,0.0012473413983090285,2.346997057123614
-36.36342991495748,-0.05256161949343818,0.0012509587304380244,2.348435096778346
-36.33400271135568,-0.052571956714478764,0.0012531535279157585,2.3498754657930463
-36.30457550775388,-0.052583379651548245,0.0012532158629057954,2.351318169832006
-36.275148304152076,-0.052588683745401175,0.0012515843782139066,2.352763214577894
-36.24572110055028,-0.05259278449635365,0.0012484346149586108,2.354210605731836
-36.21629389694847,-0.05259993381823621,0.0012461099786194726,2.3556603490134864
-36.18686669334667,-0.052610839234056295,0.001246288269057193,2.3571124501611034
-36.157439489744874,-0.0526217354756198,0.0012500277052985894,2.358566914931628
-36.128012286143075,-0.052633329139445184,0.001257007221790223,2.360023749100756
-36.09858508254127,-0.05264824247686115,0.0012689891570168514,2.361482958463018
-36.06915787893947,-0.05266226806288953,0.0012756787959103777,2.362944548831853
-36.039730675337665,-0.05267414008355618,0.0012774607370750683,2.3644085260396883
-36.01030347173587,-0.05267806461018929,0.0012818257195864042,2.365874895938015
-35.98087626813407,-0.05267970029156776,0.0012873998209455323,2.3673436643974686
-35.95144906453227,-0.05268391907963226,0.0012930547423586672,2.368814837307904
-35.922021860930464,-0.05268950897715321,0.0012982809852097848,2.3702884205784764
-35.892594657328665,-0.05269300436251171,0.001299610621376643,2.37176442013772
-35.86316745372686,-0.05269537094491441,0.0012960744619587494,2.3732428419336276
-35.83374025012506,-0.052695117577454396,0.001292392677465481,2.37472369193373
-35.80431304652326,-0.05269516252749253,0.0012939003788892819,2.376206976125177
-35.774885842921464,-0.05269917000351351,0.0012958354005669537,2.377692700514817
-35.745458639319665,-0.05270206371854919,0.0012949835227863916,2.37918087112928
-35.71603143571786,-0.05269991561551438,0.001293850171088318,2.3806714940150573
-35.68660423211605,-0.0526957387346787,0.0012941850392059534,2.382164575238583
-35.657177028514255,-0.05269034547582155,0.0012965813240487804,2.3836601208863177
-35.627749824912456,-0.05268464698295482,0.0012994109951490506,2.3851581370648325
-35.59832262131066,-0.05268256412097163,0.0013021379943569823,2.3866586299008876
-35.56889541770886,-0.052682020004226775,0.0013034379506880291,2.388161605541521
-35.53946821410705,-0.05267454830911646,0.0013043455313554951,2.38966707015413
-35.51004101050525,-0.0526661075077789,0.0013066536097271937,2.3911750299265524
-35.48061380690345,-0.05265620336705632,0.001305664259316564,2.392685491067158
-35.45118660330165,-0.05264337915132981,0.0013012648156601509,2.394198459804929
-35.42175939969985,-0.052633287407918616,0.0012964830048640698,2.3957139423895466
-35.39233219609805,-0.05262794901310136,0.0012959273119039344,2.3972319450914785
-35.36290499249625,-0.052628061683586386,0.0012969684202132844,2.398752474202063
-35.33347778889445,-0.052633229218786555,0.001293419966036382,2.4002755360335977
-35.30405058529264,-0.052629799620130334,0.0012911390549810505,2.4018011369194263
-35.274623381690844,-0.052623027998928984,0.0012875910446565903,2.4033292832140263
-35.245196178089046,-0.05261518670756776,0.0012863772687657933,2.404859981293097
-35.21576897448725,-0.05260609183217557,0.0012906604337009886,2.4063932375536496
-35.18634177088544,-0.05259953210164869,0.0012960274946860232,2.4079290584140947
-35.15691456728364,-0.05260052226511872,0.0012966695927452288,2.409467450314331
-35.12748736368184,-0.05260535978614192,0.0012975109254473344,2.411008419715839
-35.09806016008004,-0.052607085917990036,0.0013042084693285123,2.4125519731017673
-35.06863295647824,-0.05260508409244896,0.0013099742037998424,2.414098116977026
-35.03920575287644,-0.052592880324598544,0.0013126356500603885,2.415646857868378
-35.00977854927464,-0.05258225990495106,0.0013142358701339807,2.4171982023245295
-34.98035134567284,-0.0525816175759742,0.0013148802495851534,2.418752156916224
-34.95092414207103,-0.05258291310551755,0.0013173709843642334,2.420308728236333
-34.92149693846923,-0.052581672731852304,0.0013179060502910604,2.4218679228999505
-34.892069734867434,-0.052584279733631466,0.0013114518012873415,2.4234297475444877
-34.862642531265635,-0.05258574826290401,0.0013053372250027982,2.4249942088297645
-34.83321532766384,-0.052585685439608426,0.0013088218308916222,2.426561313438108
-34.80378812406203,-0.05259246516570989,0.0013112595294545524,2.428131068074443
-34.774360920460225,-0.05259639216977149,0.0013111860113315611,2.429703479466392
-34.74493371685843,-0.052599617735352155,0.0013140471052306669,2.4312785543643667
-34.71550651325663,-0.05260321543893503,0.0013184554002831383,2.4328562995416703
-34.68607930965483,-0.05260548918517716,0.0013201421502543715,2.4344367217945897
-34.65665210605303,-0.05260606078432223,0.0013198750929491229,2.4360198279424954
-34.627224902451225,-0.05261102946347837,0.001323833048128616,2.437605624827939
-34.597797698849426,-0.05260986846242351,0.0013244052391922017,2.439194119316752
-34.56837049524762,-0.05260467107822619,0.0013281179869142363,2.4407853182981443
-34.53894329164582,-0.05260599074297711,0.0013265022220100187,2.4423792286848043
-34.50951608804402,-0.05259917241058943,0.0013251351754794477,2.4439758574129997
-34.480088884442225,-0.052585578693328826,0.0013259372446717975,2.4455752114426765
-34.45066168084042,-0.05257095692623528,0.0013256309818106917,2.4471772977575617
-34.42123447723862,-0.05255947764347423,0.001320348045375503,2.448782123365264
-34.391807273636815,-0.052553892884151625,0.0013119740238548663,2.4503896952973756
-34.362380070035016,-0.052551767924583936,0.0013106266658398928,2.4520000206095767
-34.33295286643322,-0.05253941437849045,0.0013085225572032114,2.453613106381736
-34.30352566283142,-0.052523890878926456,0.0013064556672342578,2.455228959718018
-34.27409845922962,-0.05251498518606298,0.0013038424375512296,2.4568475877469833
-34.244671255627814,-0.052506363105463714,0.001298139538113947,2.458468997621697
-34.21524405202601,-0.05249781150702976,0.0012924644214243727,2.4600931965198316
-34.18581684842421,-0.052491904285980384,0.0012882029670657127,2.461720191643774
-34.15638964482241,-0.05248890833876047,0.0012838324518663678,2.463349990220731
-34.12696244122061,-0.052489055778118965,0.001278855688878429,2.4649825995028394
-34.097535237618814,-0.05249027739855614,0.0012765374430269612,2.4666180267672684
-34.06810803401701,-0.05248896235702661,0.001278007982534273,2.468256279316333
-34.0386808304152,-0.05248445685402364,0.0012770362829505814,2.4698973644775988
-34.009253626813404,-0.05248262871285412,0.0012729374401050798,2.471541289603992
-33.979826423211605,-0.05248419253643428,0.0012710214312678548,2.4731880620739117
-33.95039921960981,-0.05248719436739626,0.0012740399896329403,2.474837689291338
-33.92097201600801,-0.05248915760550229,0.0012816804902466006,2.4764901786859435
-33.8915448124062,-0.052491277268595406,0.0012910769546464935,2.4781455377132047
-33.862117608804404,-0.05249458854804737,0.001297304347656464,2.479803773854513
-33.8326904052026,-0.05248988032375796,0.0012962582779097865,2.4814648946172904
-33.8032632016008,-0.05248085131225024,0.001301489481302279,2.4831289075351006
-33.773835997999,-0.05247890324003446,0.0013098221665322066,2.4847958201677627
-33.7444087943972,-0.05248486599501001,0.0013175258454557611,2.486465640101467
-33.7149815907954,-0.0524889463318306,0.0013232239483012564,2.4881383749488895
-33.6855543871936,-0.05248695830425765,0.0013237438485369317,2.4898140323493063
-33.65612718359179,-0.052479991302665695,0.0013204568333386561,2.4914926199687124
-33.62669997998999,-0.052471668716587906,0.0013195889947372654,2.4931741454999368
-33.597272776388195,-0.05246675228724947,0.0013218683092655315,2.49485861666276
-33.567845572786396,-0.0524675500362781,0.0013229642812105453,2.4965460412040343
-33.53841836918459,-0.05246512163324859,0.0013267909278522148,2.498236426897799
-33.50899116558279,-0.05245964355965683,0.001327245073661691,2.499929781545402
-33.479563961980986,-0.05245786013778817,0.0013234302520938957,2.5016261129756208
-33.45013675837919,-0.05245790237715526,0.0013203461737398047,2.50332542904478
-33.42070955477739,-0.0524554622659448,0.0013228580725727134,2.5050277376368757
-33.39128235117559,-0.05244973973667617,0.0013309514515069194,2.506733046663696
-33.36185514757379,-0.05244398802267136,0.0013347270936909421,2.5084413640649434
-33.332427943971986,-0.05243497445300622,0.00132847146597465,2.5101526978083597
-33.30300074037018,-0.05242567917939018,0.001320728257961378,2.5118670558898457
-33.27357353676838,-0.05241696107243413,0.001312140201803623,2.513584446333591
-33.24414633316658,-0.05240696588819491,0.001300006477370742,2.5153048771921958
-33.214719129564784,-0.05239799043429466,0.001285637739691379,2.5170283565467977
-33.185291925962986,-0.05238452884248148,0.0012722629027405218,2.5187548925071983
-33.15586472236118,-0.052365821854384265,0.0012583187225291012,2.520484493211992
-33.12643751875938,-0.05235019293206245,0.0012426983048182184,2.522217166828688
-33.097010315157576,-0.05234241777283513,0.0012299338577547877,2.5239529215538483
-33.06758311155578,-0.052334253398047904,0.0012264828919304593,2.5256917656132076
-33.03815590795398,-0.0523216279974227,0.0012257526811078304,2.5274337072618094
-33.00872870435218,-0.05231151010826198,0.0012275918249725721,2.529178754784134
-32.979301500750374,-0.05230896446259501,0.0012337964516053064,2.530926916494231
-32.949874297148575,-0.0523077774407815,0.0012387859439755762,2.53267820073585
-32.92044709354677,-0.05230511808964402,0.0012407489977198864,2.5344326158825754
-32.89101988994497,-0.05230346752475249,0.001246192386919124,2.536190170337956
-32.86159268634317,-0.05230266098782229,0.0012562562671080883,2.5379508725356446
-32.832165482741374,-0.05230288631943227,0.0012637525752307443,2.5397147309395285
-32.80273827913957,-0.05230627035477839,0.0012625719877408278,2.541481754043868
-32.77331107553777,-0.05230907209785851,0.0012587763729396567,2.543251950373429
-32.743883871935964,-0.052311212470407265,0.0012649632508396546,2.545025328483625
-32.714456668334165,-0.052311156617990316,0.0012772458056209397,2.546801896960651
-32.68502946473237,-0.052305504303731154,0.001287973412000348,2.5485816644216244
-32.65560226113057,-0.05229575458960073,0.00129582088896174,2.5503646395147226
-32.62617505752877,-0.052283060581667186,0.0013092411076735505,2.5521508309193246
-32.59674785392696,-0.05226709390298889,0.0013232376799080436,2.553940247346152
-32.56732065032516,-0.05224680811812967,0.0013298640598051687,2.555732897537407
-32.53789344672336,-0.05222625041164284,0.0013390404069747789,2.5575287902669195
-32.50846624312156,-0.05220316864241132,0.0013537618015641193,2.559327934340288
-32.47903903951976,-0.052180046145063635,0.0013721176055978095,2.5611303385950244
-32.44961183591796,-0.05215879101206028,0.0013800637826285591,2.562936011900697
-32.42018463231616,-0.052137966263276596,0.0013789908373546497,2.564744963159078
-32.39075742871435,-0.0521179126005079,0.0013813012230899774,2.566557201304288
-32.36133022511255,-0.05209951773565339,0.0013854836474643446,2.5683727353029435
-32.331903021510755,-0.0520826854198046,0.0013956213194114004,2.570191574154307
-32.302475817908956,-0.05206852088406736,0.0014026141602230138,2.572013726890433
-32.27304861430716,-0.05206012031221143,0.0013989751661714412,2.573839202576318
-32.24362141070535,-0.05205334263730744,0.0013961712435374817,2.575668010310052
-32.21419420710355,-0.052044916666406406,0.0013929477323886097,2.577500159222968
-32.18476700350175,-0.05203461034055101,0.001387678564275194,2.579335658479796
-32.15533979989995,-0.0520255124419603,0.0013835345399963244,2.5811745172788134
-32.12591259629815,-0.052022656925032655,0.0013839386561502868,2.583016744852001
-32.09648539269635,-0.05201859694530648,0.0013859760742508406,2.5848623504651957
-32.067058189094546,-0.05201074529314478,0.0013844930717433197,2.5867113434182483
-32.03763098549275,-0.052000482705689986,0.0013781624821020617,2.5885637330451745
-32.00820378189094,-0.05199085107530536,0.0013656202740015995,2.5904195287143197
-31.978776578289143,-0.051983337567289456,0.0013636466053898026,2.5922787398285085
-31.949349374687344,-0.0519744500583758,0.0013659565759664663,2.5941413758252114
-31.919922171085542,-0.05195799437700253,0.001356266750151744,2.5960074461766984
-31.890494967483743,-0.05193311535331358,0.0013322094940628319,2.5978769603902028
-31.86106776388194,-0.051912901307028615,0.0013092930023429334,2.599749928008082
-31.83164056028014,-0.051896370270953784,0.0012963383812033536,2.6016263586079793
-31.80221335667834,-0.05187640012542324,0.0012846909759036261,2.603506261802987
-31.772786153076538,-0.05185871979758014,0.0012751932841358982,2.6053896472418123
-31.743358949474736,-0.05183696509605298,0.001260198339752424,2.6072765246089404
-31.713931745872937,-0.051814765527347005,0.0012440006067276634,2.609166903624801
-31.684504542271135,-0.05179739252960374,0.0012342005960012555,2.6110607940459363
-31.655077338669333,-0.05178490589729191,0.0012304333463148054,2.612958205665167
-31.625650135067534,-0.05177113978888783,0.0012274898065139854,2.6148591483117634
-31.596222931465732,-0.051756289327801096,0.0012262889391605077,2.616763631851612
-31.56679572786393,-0.051744966387828696,0.0012262721100986184,2.6186716661873906
-31.53736852426213,-0.05173274778173215,0.0012273665840216157,2.620583261258734
-31.50794132066033,-0.05171968731742437,0.001234074718099306,2.6224984270424136
-31.47851411705853,-0.05170610268770385,0.0012382181116964842,2.6244171735525046
-31.44908691345673,-0.051692779516057864,0.0012426385229920773,2.6263395108405643
-31.419659709854926,-0.051681138855380226,0.0012510702137655267,2.628265448995806
-31.390232506253128,-0.051673605548237335,0.0012604022071780671,2.6301949981452775
-31.360805302651325,-0.05166727044769833,0.0012656917993544132,2.632128168454036
-31.331378099049523,-0.05165477730027829,0.0012698044989934017,2.6340649701253276
-31.301950895447725,-0.051639322136534334,0.0012746912314717434,2.6360054134007673
-31.272523691845922,-0.05163241445118593,0.0012754561533278902,2.6379495085605202
-31.24309648824412,-0.05162917652321203,0.001278098022244021,2.6398972659234805
-31.21366928464232,-0.051626823965545666,0.0012772770677682802,2.641848695847456
-31.18424208104052,-0.051621953906066435,0.0012737249473400898,2.643803808729353
-31.15481487743872,-0.051615290620876886,0.0012718420947051537,2.645762615005357
-31.12538767383692,-0.051610548446561044,0.0012731796097267332,2.647725125151122
-31.095960470235116,-0.051607615348751856,0.0012733498815354278,2.649691349681955
-31.066533266633318,-0.05160351383992854,0.0012668560342669226,2.651661299153006
-31.037106063031516,-0.05159809579946376,0.0012670464065044564,2.653634984159455
-31.007678859429713,-0.051594731991999515,0.0012712641393558424,2.655612415336702
-30.978251655827915,-0.051592618600760455,0.001274785987755513,2.6575936033605587
-30.948824452226113,-0.051589626920105984,0.001277195284791487,2.659578558947442
-30.91939724862431,-0.05158578395533333,0.0012746161120766862,2.661567292854564
-30.889970045022512,-0.05157884665800438,0.0012714172352664044,2.663559815880128
-30.86054284142071,-0.051571215587659196,0.0012754430744103197,2.6655561388635256
-30.831115637818908,-0.05156651124080756,0.0012812130933338123,2.6675562726855304
-30.80168843421711,-0.05156290720058093,0.0012829630729659035,2.669560228268497
-30.772261230615307,-0.051557346092401674,0.0012837409644115816,2.6715680165765603
-30.742834027013508,-0.05154910808438038,0.0012837712134605803,2.6735796486158345
-30.713406823411706,-0.051541318487570424,0.0012844090051154621,2.675595135434615
-30.683979619809904,-0.05153390914431199,0.0012852637400055475,2.6776144881235795
-30.654552416208105,-0.05152820674571509,0.00128325584151641,2.679637717815993
-30.625125212606303,-0.051524968972099995,0.0012782445438226828,2.6816648356879114
-30.5956980090045,-0.05151773267109336,0.0012771988319354838,2.683695852958387
-30.566270805402702,-0.051511213166523705,0.0012782210184576102,2.685730780889677
-30.5368436018009,-0.05151137585425522,0.0012736111831482331,2.68776963078745
-30.507416398199098,-0.051508508859627815,0.001270303256587397,2.689812414000996
-30.4779891945973,-0.05149843711247299,0.001270320376925779,2.6918591419234366
-30.448561990995497,-0.051488079946989534,0.0012741232082984976,2.6939098259919385
-30.419134787393695,-0.05148286059687467,0.0012802718797805099,2.695964477687924
-30.389707583791896,-0.05148159555191536,0.001285185303724865,2.698023108537287
-30.360280380190094,-0.05147804729261048,0.0012878143960906216,2.7000857301106085
-30.330853176588295,-0.05147269576810176,0.0012962054978000357,2.702152354023372
-30.301425972986493,-0.05147202587935588,0.0013070786854449713,2.704222991936183
-30.27199876938469,-0.05147868500423056,0.0013206200375421725,2.706297655554988
-30.242571565782892,-0.05148544523300416,0.0013366941132971085,2.708376356631294
-30.21314436218109,-0.051488539461000016,0.0013516309905064255,2.710459106962393
-30.183717158579288,-0.05149020144797683,0.0013649591450478377,2.7125459183915814
-30.15428995497749,-0.051494091630717144,0.0013764573741586092,2.7146368028083874
-30.124862751375687,-0.05150165834568841,0.0013861829759997167,2.7167317721487962
-30.095435547773885,-0.051513806950103984,0.001396208110928325,2.718830838395477
-30.066008344172086,-0.051529973167242456,0.0014037623921907042,2.7209340135780096
-30.036581140570284,-0.0515395551355859,0.0014058924807093492,2.7230413097731185
-30.007153936968482,-0.05154300111525848,0.0014098653016529517,2.7251527391048995
-29.977726733366683,-0.0515469976314448,0.001413556655345887,2.727268313745055
-29.94829952976488,-0.05155369613492756,0.0014160098169956753,2.729388045913127
-29.918872326163083,-0.05155860264712464,0.0014177417752434922,2.731511947876731
-29.88944512256128,-0.051555169968765996,0.0014207295812370567,2.733640031951798
-29.86001791895948,-0.051547464122990605,0.0014226052949167756,2.735772310502804
-29.83059071535768,-0.05153667821005658,0.0014200497256650383,2.7379087959430164
-29.801163511755878,-0.05152089101525298,0.001410382840626949,2.7400495007347336
-29.771736308154075,-0.05151492191018459,0.0014015130653280995,2.7421944373895237
-29.742309104552277,-0.051504718957330164,0.0013907626392186273,2.7443436184684726
-29.712881900950475,-0.05148891209022771,0.0013795719626953035,2.746497056582428
-29.683454697348672,-0.05147305959819768,0.0013681793792345287,2.7486547643922434
-29.654027493746874,-0.05146124815304919,0.001354121199872554,2.75081675460903
-29.62460029014507,-0.051452513059086935,0.001336798402169799,2.752983039994404
-29.595173086543273,-0.05144253113257582,0.001321578855460033,2.7551536333607394
-29.56574588294147,-0.05143010589597047,0.0013082621056332716,2.7573285475714178
-29.53631867933967,-0.05142774111193527,0.0013021030502397243,2.759507795541086
-29.50689147573787,-0.051430771430845366,0.0012947349453111866,2.761691390235908
-29.477464272136068,-0.0514333620873089,0.0012871766285714626,2.763879344673826
-29.448037068534266,-0.051433969816528056,0.0012820474089363797,2.766071671924816
-29.418609864932467,-0.05143756369136063,0.0012787074136595704,2.7682683851111487
-29.389182661330665,-0.05144047373219295,0.0012765285245736442,2.770469497407653
-29.359755457728863,-0.051437684271222195,0.0012749470253872997,2.7726750220419776
-29.330328254127064,-0.051434245240264846,0.0012808169975788294,2.7748849722948563
-29.300901050525262,-0.05143497580924378,0.001290217361650224,2.7770993615003756
-29.27147384692346,-0.05144227209045358,0.0012996959737936343,2.7793182030462416
-29.24204664332166,-0.05145264369819569,0.0013095624081615564,2.7815415103740495
-29.21261943971986,-0.0514668523567508,0.0013152569743331644,2.7837692969795578
-29.18319223611806,-0.05148480536515574,0.0013150722501488617,2.786001576412957
-29.153765032516258,-0.0515025930097729,0.0013125179433924434,2.7882383622791496
-29.124337828914456,-0.05151799033888576,0.0013122458382767445,2.7904796682380204
-29.094910625312657,-0.05153344817541578,0.0013167681397078881,2.79272550800472
-29.065483421710855,-0.05154390875525153,0.0013232020004096405,2.7949758953499417
-29.036056218109053,-0.05155246252803861,0.001328395651880873,2.797230844100204
-29.006629014507254,-0.05157050383945025,0.0013324609954937846,2.799490368138132
-28.977201810905452,-0.05158723819760334,0.0013346136492192891,2.8017544814027455
-28.94777460730365,-0.051599345208312414,0.0013331603028053942,2.8040231978897427
-28.91834740370185,-0.05160816542789992,0.0013282141661437794,2.80629653165179
-28.88892020010005,-0.051614393160557236,0.0013230785706875125,2.808574496798812
-28.859492996498247,-0.0516198754025164,0.0013209177976298487,2.810857107498282
-28.83006579289645,-0.05162292185327263,0.0013232732392032057,2.813144377975519
-28.800638589294646,-0.0516238545342502,0.0013296547834261005,2.81543632251398
-28.771211385692848,-0.05162497517768345,0.0013307018705490843,2.8177329554555586
-28.741784182091045,-0.051626232489520314,0.0013334353689089483,2.8200342912008836
-28.712356978489243,-0.051629596639433756,0.0013389152661895647,2.8223403442096218
-28.682929774887445,-0.051634301191467114,0.0013417867049776505,2.8246511290007774
-28.653502571285642,-0.05163923386110136,0.0013422270894222026,2.8269666601530017
-28.62407536768384,-0.05164457518337485,0.0013472687825039273,2.8292869523048934
-28.59464816408204,-0.051652539005998116,0.0013581066122765645,2.8316120201553128
-28.56522096048024,-0.05166027819151247,0.001364893863271143,2.8339418784636896
-28.535793756878437,-0.051668489180093764,0.001374120358702375,2.8362765420503346
-28.50636655327664,-0.05167666705180505,0.0013793907688572726,2.8386160257967554
-28.476939349674836,-0.05168482438530356,0.0013802118239007687,2.8409603446459717
-28.447512146073034,-0.051693150635725625,0.00138289525661512,2.8433095136028337
-28.418084942471236,-0.05170092582819145,0.0013870510265810642,2.845663547734343
-28.388657738869433,-0.051707963659731855,0.001387841720240987,2.848022462169973
-28.359230535267635,-0.051715720541753406,0.0013847160216520784,2.850386272101994
-28.329803331665833,-0.05172812212019503,0.0013795033887346706,2.852754992785801
-28.30037612806403,-0.05173612347740785,0.0013757134824917147,2.855128639540238
-28.270948924462232,-0.05174337293735554,0.0013745703474346877,2.8575072277479325
-28.24152172086043,-0.05175295921780843,0.0013718901904367945,2.8598907728556244
-28.212094517258627,-0.05176211428749681,0.001365015142853818,2.8622792903745022
-28.18266731365683,-0.05176839485059851,0.001355060398035757,2.864672795880539
-28.153240110055027,-0.05177298330394897,0.0013455996979290972,2.8670713050148313
-28.123812906453225,-0.051777729833151015,0.0013400538909586945,2.8694748334839395
-28.094385702851426,-0.05178347641403486,0.0013369376712127766,2.87188339706023
-28.064958499249624,-0.051787524741430384,0.0013262884972915958,2.874297011582222
-28.035531295647825,-0.05179068910779556,0.001311339204210862,2.8767156929549333
-28.006104092046023,-0.05179537988826651,0.0013001176183140381,2.8791394571502305
-27.97667688844422,-0.05179781714944096,0.0012913228909452099,2.8815683202071782
-27.947249684842422,-0.051797184919057125,0.0012812160890149505,2.884002298232397
-27.91782248124062,-0.05179623912910259,0.0012684221602457001,2.886441407400416
-27.88839527763882,-0.051798547881228285,0.0012554153338350366,2.8888856639540323
-27.858968074037016,-0.05180185658261403,0.0012483619443720785,2.8913350842046723
-27.829540870435217,-0.05180886750572858,0.0012461719294576813,2.8937896845327526
-27.80011366683342,-0.0518130631894656,0.001236139583257209,2.896249481388047
-27.770686463231613,-0.05181427444383607,0.001226312202637067,2.898714491290054
-27.741259259629814,-0.05182144070946707,0.0012272204273770994,2.9011847308283643
-27.711832056028015,-0.05183036084596077,0.0012330077905160822,2.903660216663036
-27.68240485242621,-0.05183958206647172,0.0012413410344864065,2.906140965524967
-27.65297764882441,-0.0518511526321587,0.0012515402763612182,2.9086269942162724
-27.623550445222612,-0.0518630489854521,0.0012627110396920512,2.911118319610665
-27.594123241620807,-0.05186920135668279,0.0012732543588365069,2.913614958653836
-27.564696038019008,-0.05188079562828867,0.0012839293008285288,2.9161169283638375
-27.53526883441721,-0.05189691653258688,0.001295579971823091,2.9186242458314737
-27.505841630815404,-0.051909496895486414,0.0013039680269147954,2.9211369282206863
-27.476414427213605,-0.05191668341651282,0.001311792981992399,2.9236549927689457
-27.446987223611806,-0.05192290799066998,0.0013225089657730288,2.9261784567876497
-27.417560020010008,-0.05193142766142526,0.0013343006488601493,2.928707337662514
-27.388132816408202,-0.051942771647623266,0.0013438265613664115,2.931241652853979
-27.358705612806403,-0.051956327844331206,0.0013501832707229007,2.9337814198976013
-27.329278409204605,-0.05196947491945514,0.001351921048556929,2.9363266564044697
-27.2998512056028,-0.051974691946792294,0.0013484437383870587,2.9388773800616046
-27.270424002001,-0.05198236069218729,0.0013489631459908864,2.941433608632369
-27.240996798399202,-0.0519941913166203,0.0013511102170508616,2.9439953599568827
-27.211569594797396,-0.05200383840584807,0.0013511957869191153,2.946562651952437
-27.182142391195597,-0.05201198767022822,0.0013513011059749862,2.9491355026139097
-27.1527151875938,-0.05202224186163667,0.001354816226150283,2.9517139300141895
-27.123287983991993,-0.05203548952356857,0.0013603041081380813,2.9542979523045974
-27.093860780390195,-0.052050462942049756,0.001363466051544796,2.95688758771531
-27.064433576788396,-0.052067990287475864,0.0013691487555077646,2.959482854555793
-27.03500637318659,-0.05207910698395635,0.00137209733474229,2.9620837712152315
-27.00557916958479,-0.05208379680337902,0.0013698233466671343,2.964690356162959
-26.976151965982993,-0.052090153838361464,0.0013726400763836985,2.967302627948903
-26.946724762381187,-0.05210397358624653,0.001381031532413482,2.9699206052040195
-26.91729755877939,-0.052120510082647696,0.0013897110327546092,2.972544306640736
-26.88787035517759,-0.052133451078412475,0.0013941687967535333,2.9751737510533998
-26.858443151575784,-0.052148113766758174,0.0013949338734814314,2.977808957318727
-26.829015947973986,-0.05216428427363545,0.0013946049826551704,2.9804499443962498
-26.799588744372187,-0.05217712593402721,0.001395719626949948,2.983096731328777
-26.77016154077038,-0.05219040642018801,0.0013990768350156094,2.9857493372428467
-26.740734337168583,-0.05220107231430998,0.0014025940473810872,2.9884077813491907
-26.711307133566784,-0.052207931488755015,0.0014014940762236297,2.9910720829431967
-26.68187992996498,-0.05221640541758384,0.0014000913611316157,2.993742261405375
-26.65245272636318,-0.05223106199629354,0.001404102607075699,2.996418336201827
-26.62302552276138,-0.05224781339104952,0.001411061713316832,2.999100326884723
-26.593598319159582,-0.05225324774354173,0.0014113550539359507,3.0017882530927733
-26.564171115557777,-0.05225467686637016,0.0014120384019362896,3.004482134551711
-26.534743911955978,-0.0522643650815876,0.0014133555533204151,3.00718199107477
-26.50531670835418,-0.052274243215016274,0.0014144283576533823,3.0098878425631765
-26.475889504752374,-0.052278715173782735,0.0014155844372148888,3.012599709006636
-26.446462301150575,-0.05228255585205371,0.0014155311584461503,3.0153176104838217
-26.417035097548776,-0.05228919725568599,0.0014146358293150403,3.0180415671628755
-26.38760789394697,-0.05229951711804576,0.001413610360685323,3.0207715993019053
-26.358180690345172,-0.05231162653199809,0.0014144288984630844,3.0235077272494832
-26.328753486743373,-0.05232446720592326,0.001415643653539945,3.026249971445157
-26.299326283141568,-0.05233566844222783,0.001413722854232655,3.0289983524199573
-26.26989907953977,-0.052351368280065175,0.0014094295882837165,3.0317528907969056
-26.24047187593797,-0.052375133809292956,0.001401819481643856,3.0345136072915366
-26.211044672336165,-0.05239646988222415,0.001395065597996167,3.0372805227124138
-26.181617468734366,-0.05241223669442718,0.0013871254681744993,3.0400536579616517
-26.152190265132568,-0.05242806091848957,0.0013742082906580497,3.042833034035445
-26.12276306153076,-0.052448534400030306,0.0013565767025177547,3.0456186720245975
-26.093335857928963,-0.05247385477257177,0.0013375224600510216,3.0484105931150527
-26.063908654327165,-0.05249670402959284,0.001325023659722052,3.051208818588435
-26.03448145072536,-0.052519464588606936,0.0013139674721499267,3.0540133698225893
-26.00505424712356,-0.052544206848549324,0.0012960837471337027,3.0568242682921225
-25.97562704352176,-0.052565631987890916,0.0012761104878898203,3.059641535568955
-25.946199839919956,-0.052578628290911866,0.0012610677621643282,3.0624651933228733
-25.916772636318157,-0.05258636379327258,0.001250361783568194,3.06529526332208
-25.88734543271636,-0.052594354114936265,0.0012393130399566221,3.0681317674337603
-25.85791822911456,-0.05260893519740504,0.0012246071633612088,3.0709747276246397
-25.828491025512754,-0.05262629787716342,0.0012167831448684225,3.0738241659615557
-25.799063821910956,-0.052640697636457005,0.001218602917942486,3.0766801046120222
-25.769636618309157,-0.05265132327423075,0.001223157024320063,3.0795425658448123
-25.74020941470735,-0.052656670855462995,0.0012304125140011521,3.082411572030532
-25.710782211105553,-0.05265767950923194,0.0012397011230317928,3.0852871456422024
-25.681355007503754,-0.052656267848282756,0.0012516461141295326,3.08816930925585
-25.65192780390195,-0.05265582855630202,0.0012644474503419718,3.0910580855510967
-25.62250060030015,-0.052657248269196856,0.0012764587224285303,3.093953497311751
-25.59307339669835,-0.05266247383534045,0.001289968037301707,3.096855567426411
-25.563646193096545,-0.05266681600693005,0.0013068023612707624,3.099764318889068
-25.534218989494747,-0.052668918644880845,0.0013200346432903612,3.1026797747997086
-25.504791785892948,-0.052669386916610994,0.0013359027892682605,3.1056019583649324
-25.475364582291142,-0.052669501872228165,0.001350384376759641,3.1085308928985644
-25.445937378689344,-0.05267216439017424,0.001362644731563138,3.1114666018222743
-25.416510175087545,-0.052677902029166744,0.0013733480698203732,3.114409108666204
-25.38708297148574,-0.052683387390209634,0.0013828779904398404,3.1173584370695933
-25.35765576788394,-0.05268811489336136,0.001391407656686685,3.1203146107814135
-25.328228564282142,-0.05269311126439108,0.0013974737096145154,3.123277653661007
-25.298801360680336,-0.052694300318536724,0.0014077003106742968,3.1262475896787265
-25.269374157078538,-0.05269675428440365,0.0014164323415634889,3.1292244429165823
-25.23994695347674,-0.05269896004093488,0.0014198729319582612,3.1322082375688933
-25.210519749874933,-0.05270257855722096,0.001421557567751156,3.1351989979429447
-25.181092546273135,-0.05270950432690228,0.0014225129472174647,3.138196748459642
-25.151665342671336,-0.05271858797323307,0.0014226481736725012,3.1412015136541833
-25.12223813906953,-0.05272660320547579,0.001422599529280849,3.144213318176723
-25.092810935467732,-0.05273344387110352,0.0014230220322204057,3.1472321867930475
-25.063383731865933,-0.05274151478755618,0.0014193591011776223,3.1502581443852558
-25.033956528264135,-0.05275713983223492,0.0014167710627113568,3.1532912159524407
-25.00452932466233,-0.05277098500108209,0.0014108594019038047,3.1563314266113798
-24.97510212106053,-0.05278259899515619,0.0014025501311390538,3.159378801597224
-24.94567491745873,-0.05279702439554712,0.0013936789867596761,3.1624333662642017
-24.916247713856926,-0.05281477721342286,0.001387097061769887,3.165495146086319
-24.886820510255127,-0.05283302182691413,0.001382881856003871,3.168564166658067
-24.85739330665333,-0.05284770204762022,0.0013795942092363384,3.1716404536951357
-24.827966103051523,-0.05285692094154553,0.0013773680753620537,3.1747240330351354
-24.798538899449724,-0.05286213913337625,0.0013746349521054357,3.177814930638313
-24.769111695847926,-0.05286737490537383,0.0013683635710830626,3.180913172588289
-24.73968449224612,-0.05287641476910168,0.0013669087545780747,3.184018785092784
-24.71025728864432,-0.05288724674352089,0.0013651595518519855,3.187131794484362
-24.680830085042523,-0.052895553458525306,0.0013583774381741463,3.1902522272211726
-24.651402881440717,-0.05290186764664229,0.0013489791986993616,3.1933801098877033
-24.62197567783892,-0.05291102037304984,0.001343782578442634,3.1965154691955293
-24.59254847423712,-0.05291962778864834,0.0013428414522996333,3.1996583319840792
-24.563121270635314,-0.052924061057413464,0.001342322775373183,3.2028087252213995
-24.533694067033515,-0.052933179946660434,0.0013395969669811143,3.2059666760049215
-24.504266863431717,-0.05294440328207362,0.0013401442815840748,3.209132211562246
-24.47483965982991,-0.05295757869513388,0.0013413582508726497,3.2123053592519195
-24.445412456228112,-0.052974083437271335,0.0013430134738811027,3.215486146564224
-24.415985252626314,-0.052995813481706754,0.0013451410774981845,3.218674601121974
-24.386558049024508,-0.05301779371727033,0.0013461379794359977,3.2218707506813113
-24.35713084542271,-0.053030399723591505,0.0013429403376131641,3.2250746231325125
-24.32770364182091,-0.05303686616611034,0.001343196903072927,3.2282862465008018
-24.298276438219112,-0.053049499739347805,0.0013513585034405772,3.231505648947166
-24.268849234617306,-0.0530699913390443,0.0013570948870054607,3.23473285876918
-24.239422031015508,-0.05308978997924695,0.001360168621505078,3.23796790440183
-24.20999482741371,-0.05310625933419897,0.001364592855666279,3.2412108144183573
-24.180567623811903,-0.05312175055464821,0.0013680565153636052,3.2444616175310945
-24.151140420210105,-0.05313618725469285,0.0013670831046287786,3.2477203425923102
-24.121713216608306,-0.05314733653037248,0.001363349278112296,3.2509870185950698
-24.0922860130065,-0.053157880752123195,0.0013616176021115675,3.2542616746740904
-24.062858809404702,-0.05316698456902464,0.0013618112002569363,3.257544340106606
-24.033431605802903,-0.05317705733336046,0.0013589324832613036,3.260835044313245
-24.004004402201097,-0.053190898086103715,0.001359613747088134,3.2641338168589047
-23.9745771985993,-0.053209443333801155,0.001361597258008244,3.2674406874536377
-23.9451499949975,-0.05322560810555819,0.001363694660183864,3.270755685953545
-23.915722791395694,-0.05323629574296438,0.0013663353034817545,3.274078842361675
-23.886295587793896,-0.053243494071606966,0.0013698462755754096,3.277410186828925
-23.856868384192097,-0.05325086331444235,0.00136940105674969,3.2807497496549574
-23.82744118059029,-0.05325572018991367,0.0013667488950092697,3.2840975612891175
-23.798013976988493,-0.053261037774334656,0.001368319404458932,3.2874536523313544
-23.768586773386694,-0.05327337633568044,0.0013724624563683102,3.29081805353316
-23.73915956978489,-0.053287974965235824,0.001378657474257086,3.2941907957985053
-23.70973236618309,-0.053303212701079704,0.0013808424529845947,3.2975719101847836
-23.68030516258129,-0.053317308479917225,0.0013788371689485775,3.300961427903769
-23.650877958979486,-0.05332767858147581,0.0013781093281083777,3.304359380322575
-23.621450755377687,-0.05333815398878946,0.0013801579931189195,3.307765798964619
-23.59202355177589,-0.05334729234180119,0.001381293835718444,3.3111807155106017
-23.562596348174083,-0.05335380980893487,0.0013829072181650419,3.3146041617994877
-23.533169144572284,-0.053369317658086945,0.0013785672782112208,3.318036169829492
-23.503741940970485,-0.05338979753698623,0.0013732725869266928,3.3214767717590816
-23.474314737368687,-0.05340724659671913,0.001369477398076415,3.324925999907977
-23.44488753376688,-0.05342342194837591,0.0013678587606436277,3.3283838867581674
-23.415460330165082,-0.053440316055894034,0.001366924935369936,3.3318504649549237
-23.386033126563284,-0.05345207023752307,0.0013656215186306107,3.3353257673078325
-23.356605922961478,-0.05345887908689381,0.0013675100046301617,3.33880982679183
-23.32717871935968,-0.053469894555311676,0.0013755101752047096,3.3423026765482406
-23.29775151575788,-0.05348337304054964,0.0013831269744782274,3.3458043498858334
-23.268324312156075,-0.053495147237042,0.0013867257738672764,3.349314880281879
-23.238897108554276,-0.05350044798426967,0.0013935516998656399,3.3528343013832127
-23.209469904952478,-0.05350313556381162,0.0014037986430416357,3.3563626470073147
-23.180042701350672,-0.05350852913116579,0.0014122412197721775,3.359899951143393
-23.150615497748873,-0.0535112817477448,0.0014190096927723169,3.363446247953468
-23.121188294147075,-0.053509547226406114,0.001427003150125784,3.367001571773482
-23.09176109054527,-0.05351236853470493,0.0014366649779852794,3.370565957114401
-23.06233388694347,-0.05352008599479733,0.0014412940530322683,3.374139438663332
-23.032906683341672,-0.05352811110726675,0.0014465542659660051,3.3777220512846498
-23.003479479739866,-0.05353601066146658,0.0014478010686630187,3.381313830021132
-22.974052276138067,-0.053543818183543146,0.0014447014983008384,3.384914810095096
-22.94462507253627,-0.05355141214685318,0.0014378966799855175,3.3885250269095577
-22.915197868934463,-0.053563734268085396,0.001426990275705444,3.3921445160493873
-22.885770665332664,-0.053582531637378035,0.0014143831374317612,3.395773313282477
-22.856343461730866,-0.053601423222879,0.0014053786638245232,3.399411454560924
-22.82691625812906,-0.05361709566403505,0.0013976391487201052,3.4030589760222165
-22.79748905452726,-0.053634226535959596,0.0013884114145591348,3.4067159139904244
-22.768061850925463,-0.053656033131063006,0.0013778294639873129,3.4103823049774142
-22.738634647323664,-0.053678835751682565,0.0013665695733617875,3.4140581856840577
-22.70920744372186,-0.05370209287192412,0.001353396088646694,3.4177435930014606
-22.67978024012006,-0.053723536093061096,0.0013396648659303367,3.4214385640121905
-22.65035303651826,-0.05374094240214716,0.0013286714159034866,3.425143135991529
-22.620925832916456,-0.05375573900149627,0.001322258038916217,3.4288573464087198
-22.591498629314657,-0.05377578434083256,0.0013134179293104776,3.4325812329282313
-22.56207142571286,-0.053798841599775465,0.0013092795363209688,3.436314833411034
-22.532644222111053,-0.05382139546497359,0.001308998083838735,3.4400581859158805
-22.503217018509254,-0.05384275823204685,0.0013048783927753426,3.4438113287005985
-22.473789814907455,-0.0538630852701024,0.001296639222800984,3.447574300223396
-22.44436261130565,-0.05388377899090954,0.0012901260782876315,3.451347139144174
-22.41493540770385,-0.053903042821074144,0.0012907702621856169,3.4551298843258493
-22.385508204102052,-0.053919702720110894,0.001295892759481906,3.4589225748356913
-22.356081000500247,-0.053936829243349305,0.0013001257080540321,3.4627252499466663
-22.326653796898448,-0.05395129346926755,0.0013053061094139885,3.4665379491387895
-22.29722659329665,-0.053970391453501486,0.0013102858297184355,3.4703607121004967
-22.267799389694844,-0.05398784305047461,0.0013191711523622561,3.4741935787300187
-22.238372186093045,-0.05400135714666118,0.0013302311772438184,3.4780365891367686
-22.208944982491246,-0.054015439708641595,0.0013416029944145675,3.481889783642742
-22.17951777888944,-0.05403090170799709,0.0013508485299504865,3.4857532027839295
-22.150090575287642,-0.05404516106523486,0.0013559369064545476,3.4896268873117324
-22.120663371685843,-0.054057436885239306,0.0013628435233819253,3.493510878194401
-22.091236168084038,-0.05406829460450121,0.0013759126064892132,3.4974052166184775
-22.06180896448224,-0.05408013075166918,0.001386256930798141,3.5013099439902486
-22.03238176088044,-0.05409447113408281,0.0013968004417789853,3.505225101937218
-22.002954557278635,-0.05410888866795161,0.0014064312098203602,3.509150732309584
-21.973527353676836,-0.054119900165311756,0.0014116890351434854,3.5130868771817263
-21.944100150075037,-0.054128213332983156,0.0014138654965866534,3.5170335788537157
-21.91467294647324,-0.05413768116816119,0.0014164091248462368,3.5209908798528264
-21.885245742871433,-0.0541491867437093,0.0014183923499257792,3.5249588229350644
-21.855818539269634,-0.05415421062982779,0.0014118557640071495,3.528937451086703
-21.826391335667836,-0.05416232967541102,0.0014060155026533604,3.532926807525842
-21.79696413206603,-0.05417428893548993,0.0014095217971441516,3.536926935703969
-21.76753692846423,-0.05418088119663007,0.0014068002512199766,3.540937879307536
-21.738109724862433,-0.05418527381454735,0.0014005024991805481,3.544959682259551
-21.708682521260627,-0.054189829615441824,0.0013937969367379336,3.5489923887211834
-21.67925531765883,-0.05419387815869984,0.0013849102515192755,3.5530360430933747
-21.64982811405703,-0.05419741240176626,0.0013732614470585408,3.5570906900184753
-21.620400910455224,-0.054202069766174026,0.0013672265757330077,3.5611563743818824
-21.590973706853426,-0.05420720162820142,0.0013646812239653068,3.565233141313696
-21.561546503251627,-0.054218177815476505,0.0013587047343998483,3.5693210361903924
-21.53211929964982,-0.05423168269175097,0.0013499548858887042,3.573420104636506
-21.502692096048023,-0.05424540596944571,0.0013481656415191866,3.577530392526324
-21.473264892446224,-0.05425799691876761,0.001350517474879951,3.581651945985603
-21.443837688844418,-0.054272522022013416,0.0013489263637605862,3.5857848113932906
-21.41441048524262,-0.054291574247953944,0.0013452005575739058,3.589929035383264
-21.38498328164082,-0.05431812509124434,0.001346903931695441,3.594084664846089
-21.355556078039015,-0.05434405023753505,0.0013440427831155185,3.5982517469307855
-21.326128874437217,-0.05436767380947272,0.0013375599119655628,3.6024303290466073
-21.296701670835418,-0.054395442715695685,0.00134204375123905,3.606620458864847
-21.267274467233612,-0.054421570492475944,0.0013459458611044376,3.610822184320645
-21.237847263631814,-0.054443160063284916,0.0013494083021576239,3.6150355536148155
-21.208420060030015,-0.05446147822319533,0.001352357704763813,3.6192606152156945
-21.178992856428216,-0.0544790712651896,0.0013534294530020247,3.623497417860994
-21.14956565282641,-0.05449573095840121,0.001351519772951678,3.6277460105596804
-21.120138449224612,-0.05450961514841917,0.0013467972158503472,3.632006442593857
-21.090711245622813,-0.0545202296349347,0.001349677005163818,3.636278763520679
-21.061284042021008,-0.0545272598396531,0.0013547285466284714,3.6405630231742685
-21.03185683841921,-0.05453473099367034,0.0013548271686982393,3.6448592716676513
-21.00242963481741,-0.054541975078754384,0.0013610915482234053,3.6491675593947166
-20.973002431215605,-0.05455003812478823,0.0013694801423796113,3.653487937032185
-20.943575227613806,-0.05455967664064176,0.0013761626330371043,3.657820455541589
-20.914148024012007,-0.05456794690424235,0.0013828453304870103,3.6621651661712877
-20.8847208204102,-0.054574441148106306,0.0013895996330804676,3.6665221204584815
-20.855293616808403,-0.054578316324522425,0.0013944112257151956,3.6708913702312476
-20.825866413206604,-0.05457878289601481,0.0014006645371117557,3.6752729676106
-20.7964392096048,-0.054580593277093185,0.0014010310475109887,3.679666965012562
-20.767012006003,-0.05458757712110198,0.0014007155950558738,3.6840734151502494
-20.7375848024012,-0.054599873690055596,0.001401898150818988,3.6884923710359883
-20.708157598799396,-0.054612231142119085,0.0014049811452090822,3.6929238859834346
-20.678730395197597,-0.054623177269509195,0.0014066096019543237,3.6973680136097173
-20.6493031915958,-0.05463610716195666,0.0014031464359079658,3.7018248078376073
-20.619875987993993,-0.054651952877547406,0.001394458826053107,3.706294322897692
-20.590448784392194,-0.05466510066414105,0.0013857062727897886,3.710776613330576
-20.561021580790396,-0.05468079305975479,0.001377987128132642,3.715271733989104
-20.53159437718859,-0.054703042947595204,0.0013724053210040683,3.719779740040594
-20.50216717358679,-0.054727074635067936,0.0013692393842384138,3.7243006869690927
-20.472739969984993,-0.05474975600834862,0.001369495696285638,3.728834630577658
-20.443312766383187,-0.05477300590030936,0.0013722149241626124,3.7333816269906515
-20.413885562781388,-0.05479667011596421,0.001376118699053136,3.7379417326560502
-20.38445835917959,-0.05481940670152804,0.001378706449148122,3.742515004347791
-20.35503115557779,-0.05483637130492961,0.0013793028432697763,3.7471014991681204
-20.325603951975985,-0.054854206874601685,0.0013766092481512016,3.751701274549975
-20.296176748374187,-0.054869616801039356,0.0013783670534215518,3.756314388259373
-20.266749544772388,-0.05488241964833516,0.0013849285431539755,3.760940898397839
-20.237322341170582,-0.054894875768579786,0.0013912023086862125,3.7655808634048427
-20.207895137568784,-0.05490931551485078,0.0013941010912443886,3.770234342060252
-20.178467933966985,-0.054925834249451376,0.0013953611732698346,3.7749013934868247
-20.14904073036518,-0.05494549761908163,0.0013978813434616438,3.7795820771527087
-20.11961352676338,-0.05496414198449021,0.0014032469597982445,3.7842764528739625
-20.090186323161582,-0.054982749351536124,0.001406454674559823,3.7889845808171136
-20.060759119559776,-0.05500159764326609,0.0014025023542952836,3.793706521501722
-20.031331915957978,-0.055019220000052195,0.0014009774561205314,3.798442335802972
-20.00190471235618,-0.05503977339727476,0.001400050726679766,3.8031920849542944
-19.972477508754373,-0.05505950659127847,0.0013987114574255312,3.807955830550002
-19.943050305152575,-0.05507876621992707,0.0013966563688700426,3.8127336345479494
-19.913623101550776,-0.055098928472646004,0.001396167312055465,3.8175255592722257
-19.88419589794897,-0.05512033134019948,0.0013970232222213273,3.822331667415861
-19.85476869434717,-0.05513812023828598,0.0013990814308980578,3.8271520220435566
-19.825341490745373,-0.055152521200445,0.0013969149890587509,3.831986686594451
-19.795914287143567,-0.055161320833123424,0.0013924186315455167,3.8368357248849
-19.76648708354177,-0.055170396781143695,0.0013852842663984828,3.841699201111278
-19.73705987993997,-0.05518423330201345,0.0013797245474838206,3.8465771798528228
-19.707632676338164,-0.05520050907295219,0.0013785269521096536,3.8514697260744866
-19.678205472736366,-0.055210858786441365,0.0013787575902446164,3.8563769051298187
-19.648778269134567,-0.055215090572283,0.001374321028449028,3.861298782763881
-19.61935106553277,-0.05522310874879971,0.00137029762102945,3.8662354251161806
-19.589923861930963,-0.05523496396614327,0.0013685027415719366,3.8711868987236344
-19.560496658329164,-0.055245161910181244,0.0013651678738321746,3.8761532705235533
-19.531069454727366,-0.055257142080163135,0.0013644738888671576,3.8811346078566658
-19.50164225112556,-0.055272574476859536,0.0013654375048628034,3.886130978470159
-19.47221504752376,-0.055285719694119294,0.0013674830920565179,3.8911424505207455
-19.442787843921963,-0.05529585575335508,0.0013702257250706917,3.8961690925777694
-19.413360640320157,-0.05530743702951421,0.00137520653326135,3.901210973626331
-19.383933436718358,-0.05532381997380279,0.0013824748287504995,3.906268163070438
-19.35450623311656,-0.05533693493124328,0.001392126929306642,3.9113407307361987
-19.325079029514754,-0.055354810244020246,0.0014040015944446972,3.916428746875031
-19.295651825912955,-0.055374530024637734,0.0014102605756996444,3.9215322821669023
-19.266224622311157,-0.055394166048857524,0.001416904718589104,3.9266514077236088
-19.23679741870935,-0.05541190643420165,0.0014254050718393073,3.931786195092077
-19.207370215107552,-0.05542960126643685,0.0014309824925020948,3.9369367162576907
-19.177943011505754,-0.05544646555660804,0.0014295020436616646,3.942103043647664
-19.148515807903948,-0.0554600160594822,0.0014237976574512767,3.9472852501344313
-19.11908860430215,-0.05547265001232036,0.001427227554200534,3.9524834090390715
-19.08966140070035,-0.05549122920274532,0.0014357857550662617,3.957697594134772
-19.060234197098545,-0.05551152291588355,0.0014363239039670334,3.9629278796503153
-19.030806993496746,-0.05552572140265508,0.0014268160252045685,3.968174340273599
-19.001379789894948,-0.055538185535178704,0.0014112320287637513,3.973437051155196
-18.971952586293142,-0.055555511800403946,0.0013994422580917332,3.9787160879119416
-18.942525382691343,-0.05557552743062693,0.0013959449528082443,3.984011526630549
-18.913098179089545,-0.05559206359916375,0.001392657059302806,3.989323443871275
-18.88367097548774,-0.0555979032455198,0.0013806538025937225,3.994651916671603
-18.85424377188594,-0.055604954539367625,0.001370008474695596,3.999997022549965
-18.82481656828414,-0.05562434858822755,0.0013654660780118878,4.00535883950951
-18.795389364682343,-0.05564339039420041,0.0013594412202838344,4.0107374460418885
-18.765962161080537,-0.05565919784349386,0.0013479343866336579,4.016132921131091
-18.73653495747874,-0.05567122868247592,0.001334108520287094,4.021545344257306
-18.70710775387694,-0.05568367460747351,0.0013256134733233894,4.02697479540083
-18.677680550275134,-0.05570416457506815,0.0013265628661956453,4.032421355046003
-18.648253346673336,-0.055727808329850324,0.001333119032534092,4.037885104185186
-18.618826143071537,-0.055746244853533085,0.0013316391499155222,4.043366124322778
-18.58939893946973,-0.05576512835230243,0.001327954742498786,4.048864497479268
-18.559971735867933,-0.055791155451399475,0.001332313474034334,4.054380306195321
-18.530544532266134,-0.055817490120537605,0.0013374845388789437,4.059913633535916
-18.50111732866433,-0.05584445246534699,0.0013388323799087627,4.0654645630945145
-18.47169012506253,-0.05586914131342191,0.0013385638137563799,4.071033178997262
-18.44226292146073,-0.055890337440062644,0.0013396717102489785,4.07661956590725
-18.412835717858925,-0.05591385571306998,0.0013403002369094565,4.082223809028799
-18.383408514257127,-0.055940038291082905,0.0013393564178144153,4.08784599411179
-18.35398131065533,-0.05597253728051712,0.0013419166804144924,4.093486207456041
-18.324554107053523,-0.05599997728158318,0.0013406344354206282,4.099144535915725
-18.295126903451724,-0.05602491976800646,0.001336097848232587,4.10482106690382
-18.265699699849925,-0.05604871427311515,0.0013334007666130645,4.110515888396618
-18.23627249624812,-0.05607088620054291,0.0013329257731865647,4.11622908893827
-18.20684529264632,-0.05609261010041849,0.0013340021294735642,4.1219607576453665
-18.177418089044522,-0.056116438552581284,0.0013372426348792776,4.127710984211582
-18.147990885442717,-0.05614161934547942,0.0013427865127148971,4.133479858912349
-18.118563681840918,-0.05617025165322037,0.0013457773688420446,4.139267472609577
-18.08913647823912,-0.05619159024065223,0.0013453828232378733,4.145073916756433
-18.05970927463732,-0.05621552009098896,0.0013529359999149432,4.150899283402153
-18.030282071035515,-0.05624187779348033,0.0013636335597210347,4.156743665196907
-18.000854867433716,-0.056270243037582844,0.0013701349758518506,4.162607155396707
-17.971427663831918,-0.05629922045409214,0.0013768349825747576,4.168489847868374
-17.942000460230112,-0.0563288109630408,0.0013887053916204978,4.174391837094546
-17.912573256628313,-0.05635687119514384,0.0014002984241036367,4.180313218178729
-17.883146053026515,-0.056387788899044826,0.0014101784281099416,4.186254086850415
-17.85371884942471,-0.056419620349127064,0.0014181943389264045,4.192214539470236
-17.82429164582291,-0.056451058431420696,0.0014238777872479108,4.1981946730351725
-17.79486444222111,-0.05647841622201318,0.0014249177433052042,4.204194585183816
-17.765437238619306,-0.05650400174095962,0.0014315314651879591,4.2102143742016915
-17.736010035017507,-0.05653337789456326,0.0014442279747746633,4.2162541390266055
-17.70658283141571,-0.056564777056551545,0.0014526321839243162,4.2223139792540865
-17.677155627813903,-0.05659101532359459,0.001448139591124154,4.228393995142849
-17.647728424212104,-0.056614840835201324,0.001442348778858086,4.234494287620319
-17.618301220610306,-0.05663965516524319,0.001447723863886551,4.240614958288232
-17.5888740170085,-0.05666237038552432,0.0014554003830218592,4.246756109428261
-17.5594468134067,-0.05668579562072762,0.0014575792426101348,4.252917844007718
-17.530019609804903,-0.056708657642987124,0.001454494917111798,4.259100265685312
-17.500592406203097,-0.05673010387346029,0.001448273505367563,4.2653034788169615
-17.4711652026013,-0.05674671280900082,0.0014424801458762702,4.271527588461657
-17.4417379989995,-0.05675866378843384,0.0014386656925919857,4.2777727003874055
-17.412310795397694,-0.056776051328724854,0.0014332252619659435,4.284038921077215
-17.382883591795895,-0.05679556800434507,0.001422579844394899,4.290326357735143
-17.353456388194097,-0.056814727560742184,0.0014170117341582755,4.296635118292417
-17.32402918459229,-0.056831105326746297,0.0014138431228689515,4.302965311413608
-17.294601980990493,-0.05684169654773243,0.0014072053668456564,4.309317046502867
-17.265174777388694,-0.05684929118968781,0.0013971688195786199,4.315690433710231
-17.235747573786895,-0.05686030057990146,0.0013845216873380364,4.32208558393799
-17.20632037018509,-0.056877150976405576,0.0013726615331871505,4.32850260884712
-17.17689316658329,-0.056893696200521655,0.00136738263453034,4.334941620863775
-17.147465962981492,-0.056910744605067475,0.0013701681637540613,4.341402733185865
-17.118038759379687,-0.0569346682368437,0.0013742951269203275,4.347886059789683
-17.088611555777888,-0.0569599735539009,0.0013734711932844412,4.354391715436601
-17.05918435217609,-0.05698228625666579,0.001374344860147211,4.3609198156798525
-17.029757148574284,-0.05700259651692899,0.0013777488200125438,4.36747047687137
-17.000329944972485,-0.057025871430516496,0.001378252427992377,4.374043816168691
-16.970902741370686,-0.05705491804572296,0.0013770987913867677,4.380639951541954
-16.94147553776888,-0.0570874155729623,0.0013779677451309757,4.387259001780949
-16.912048334167082,-0.057116789560464086,0.001376780931890386,4.393901086502246
-16.882621130565283,-0.057147377254768594,0.0013739980939959867,4.400566326156408
-16.853193926963478,-0.057170735056138344,0.0013765785798797983,4.407254842035269
-16.82376672336168,-0.05719314338123039,0.0013801846351008337,4.4139667562792875
-16.79433951975988,-0.05721912557167591,0.0013757748999056252,4.420702191884986
-16.764912316158075,-0.0572458416485716,0.0013681419360786588,4.427461272712465
-16.735485112556276,-0.05727466535631006,0.001365378837736067,4.43424412349299
-16.706057908954477,-0.057302121883593286,0.0013699993284818596,4.44105086983667
-16.67663070535267,-0.05732175293707903,0.001373724479528302,4.44788163824021
-16.647203501750873,-0.057338497809425966,0.0013755630398749937,4.454736556094741
-16.617776298149074,-0.05735651753001444,0.001381812111490977,4.461615751693751
-16.58834909454727,-0.05737850083506955,0.0013827683614424167,4.468519354241079
-16.55892189094547,-0.057402195778958436,0.0013850148285041114,4.475447493859005
-16.52949468734367,-0.05742640051548737,0.0013865617988661574,4.482400301596432
-16.500067483741866,-0.05745191534515449,0.0013871508781009166,4.489377909437144
-16.470640280140067,-0.05747782919950608,0.0013898815357502885,4.4963804503081555
-16.44121307653827,-0.057502168309871586,0.0013971036956297582,4.503408058088157
-16.41178587293647,-0.05752552623436007,0.0014094728168616941,4.510460867616046
-16.382358669334664,-0.057545248688925466,0.0014212166025179506,4.517539014699551
-16.352931465732865,-0.05756578667259535,0.0014257240684129645,4.524642636123944
-16.323504262131067,-0.057596704729535014,0.0014259456979417412,4.53177186966086
-16.29407705852926,-0.057631499650051064,0.0014229591383017252,4.538926854077199
-16.264649854927463,-0.05766383697539327,0.001419746193443256,4.546107729144128
-16.235222651325664,-0.057691498987720025,0.001418107784377134,4.553314635646187
-16.205795447723858,-0.05771444329812559,0.0014197289066618032,4.560547715390487
-16.17636824412206,-0.05773360082733465,0.0014263322225350089,4.56780711121601
-16.14694104052026,-0.05775675549091872,0.00143003843509266,4.5750929670030125
-16.117513836918455,-0.05778515274936599,0.0014283585599890827,4.582405427682537
-16.088086633316657,-0.057814457977988766,0.0014293475853041418,4.5897446392460095
-16.058659429714858,-0.05784220606757454,0.0014315472930898209,4.597110748754966
-16.029232226113052,-0.05787076529300398,0.001430690683278367,4.604503904350877
-15.999805022511254,-0.05789719804662145,0.0014258618268949824,4.6119242552650626
-15.970377818909455,-0.05791515093566466,0.0014208980721784384,4.619371951828753
-15.94095061530765,-0.05793209117853968,0.0014193744522660267,4.626847145483232
-15.91152341170585,-0.05795788076203299,0.0014240777349878951,4.6343499887900945
-15.882096208104052,-0.05797973473995514,0.0014250087162112723,4.641880635441641
-15.852669004502246,-0.05800387514773736,0.0014209869399289207,4.649439240271362
-15.823241800900448,-0.058031765521130096,0.001416781881346648,4.657025959264545
-15.793814597298649,-0.05805821935522665,0.0014157181507881132,4.664640949569021
-15.764387393696843,-0.058081310185905295,0.0014165810832832005,4.672284369506001
-15.734960190095045,-0.05810293186210528,0.0014163180675983132,4.679956378581049
-15.705532986493246,-0.05812752931183543,0.001410343854845916,4.6876571374951865
-15.676105782891447,-0.0581486118416747,0.001398163653741897,4.695386808156105
-15.646678579289642,-0.05817117680633211,0.0013909878953391442,4.703145553689518
-15.617251375687843,-0.05820354010684555,0.0013939374488073043,4.710933538450629
-15.587824172086044,-0.05823140156145201,0.0013950031610650167,4.718750928035746
-15.558396968484239,-0.05825129456639317,0.0013958224460514789,4.726597889294016
-15.52896976488244,-0.05827078066184251,0.0013987456948756653,4.734474590339289
-15.499542561280641,-0.0582928604372383,0.0014020839100827203,4.742381200562133
-15.470115357678836,-0.05831534607455389,0.0014036676255697559,4.750317890641974
-15.440688154077037,-0.058340764939988986,0.0014033633771692365,4.758284832559371
-15.411260950475238,-0.05836473748479406,0.0013996631605752772,4.7662821996084475
-15.381833746873433,-0.05838706199940994,0.001397355396589268,4.774310166409455
-15.352406543271634,-0.05840949018660061,0.0013962056740191547,4.782368908921472
-15.322979339669835,-0.05843268317984115,0.0013978882664253418,4.790458604455278
-15.29355213606803,-0.058457432614901945,0.0013989274358608068,4.798579431686343
-15.264124932466231,-0.05848505605847935,0.0013976422174122756,4.806731570667985
-15.234697728864433,-0.05851370430266972,0.0013964158840158603,4.814915202844684
-15.205270525262627,-0.05854176527385673,0.0013973564373255284,4.823130511065538
-15.175843321660828,-0.058569331251247074,0.0013982791513659127,4.83137767959788
-15.14641611805903,-0.058601416136100516,0.0013946655410937527,4.83965689414106
-15.116988914457224,-0.05862695056618052,0.0013917745461209108,4.847968341840382
-15.087561710855425,-0.058649164734008004,0.0013899930704126843,4.856312211301198
-15.058134507253627,-0.05867320316974219,0.001390886546234622,4.8646886926031865
-15.02870730365182,-0.05869954289325138,0.0013944448533132368,4.87309797731478
-14.999280100050022,-0.05872501777576059,0.0013990024478362023,4.881540258507762
-14.969852896448224,-0.05875098344927269,0.0014021759304888325,4.89001573077206
-14.940425692846418,-0.05878017805310063,0.0014060366465701883,4.898524590230683
-14.91099848924462,-0.05881030810441005,0.0014117814105933698,4.90706703455485
-14.88157128564282,-0.05883578602279004,0.0014197978853562466,4.915643262979305
-14.852144082041022,-0.058863352787665746,0.0014215938036898623,4.924253476317803
-14.822716878439216,-0.05888646178543643,0.0014214764213580707,4.932897876978782
-14.793289674837418,-0.05890648585897407,0.0014248822790790523,4.941576668981218
-14.763862471235619,-0.05893311836795828,0.001429887254415509,4.950290057970693
-14.734435267633813,-0.05896759331829752,0.0014343878304951376,4.959038251235623
-14.705008064032015,-0.05900215641918194,0.0014385210468328626,4.967821457723698
-14.675580860430216,-0.059037800978154815,0.0014407361202904926,4.976639888058522
-14.64615365682841,-0.05907114211456601,0.0014370694098105115,4.985493754556454
-14.616726453226612,-0.059100343346841964,0.0014313758395677017,4.994383271243627
-14.587299249624813,-0.05912531287676528,0.001431230416186403,5.003308653873219
-14.557872046023007,-0.059152371146287075,0.0014333710868928895,5.012270119942899
-14.528444842421209,-0.05918288230060087,0.0014348527678217093,5.021267888712482
-14.49901763881941,-0.059215552373482944,0.0014337960373601603,5.03030218122183
-14.469590435217604,-0.059249104386253276,0.0014296934565882291,5.039373220308945
-14.440163231615806,-0.05928751626739329,0.0014237545473041158,5.048481230628281
-14.410736028014007,-0.059318434482152634,0.0014217451447855252,5.057626438669309
-14.381308824412201,-0.0593415960509466,0.0014249960865738759,5.066809072775282
-14.351881620810403,-0.05936085127664161,0.0014271454194537574,5.076029363162229
-14.322454417208604,-0.05937947058783113,0.0014309207708093387,5.085287541938218
-14.293027213606798,-0.05940419957425255,0.0014375142807367325,5.094583843122813
-14.263600010005,-0.0594360959929337,0.0014438149416209488,5.103918502666799
-14.234172806403201,-0.05946628801669398,0.0014475285737671666,5.113291758472147
-14.204745602801395,-0.05948902305027539,0.0014479582628492056,5.122703850412223
-14.175318399199597,-0.059510038162330726,0.0014465749315859399,5.132155020352246
-14.145891195597798,-0.05952935146964128,0.0014442716175403303,5.141645512170015
-14.116463991996,-0.05954658724009836,0.0014488941963837606,5.1511755717768795
-14.087036788394194,-0.05956505876244441,0.0014572461672710977,5.160745447138983
-14.057609584792395,-0.05959012139493585,0.0014618481107807574,5.170355388298761
-14.028182381190597,-0.05962216646016607,0.001461914610020016,5.180005647396733
-13.99875517758879,-0.05965952536835321,0.0014595698084798763,5.1896964786935476
-13.969327973986992,-0.05969203449406696,0.0014589325417404143,5.199428138592304
-13.939900770385194,-0.05972042057050669,0.0014591958730252686,5.2092008856611836
-13.910473566783388,-0.05974600134236524,0.0014620078655160549,5.219014980656341
-13.88104636318159,-0.05977190911965519,0.001458177467640022,5.228870686545088
-13.85161915957979,-0.0598055743777898,0.0014525610592526655,5.2387682685294
-13.822191955977985,-0.05984374677374819,0.001452765278268002,5.248707994069693
-13.792764752376186,-0.05988500771478055,0.0014551876121718789,5.258690132908908
-13.763337548774388,-0.05992632383917912,0.001455143679948607,5.26871495709693
-13.733910345172582,-0.05996646181217197,0.0014527612530607329,5.2787827410152905
-13.704483141570783,-0.060003292317031935,0.0014520528825692645,5.288893761402201
-13.675055937968985,-0.060035114937671295,0.0014547140650423345,5.299048297377917
-13.645628734367179,-0.06006781384734807,0.0014558895566206143,5.309246630470421
-13.61620153076538,-0.060098936267865805,0.0014572725808781632,5.319489044641427
-13.586774327163582,-0.06012995182930831,0.0014523810826356821,5.329775826312758
-13.557347123561776,-0.06015938719294444,0.0014449180661829162,5.3401072643930325
-13.527919919959977,-0.06018774469223482,0.0014426869699353155,5.350483650304705
-13.498492716358179,-0.060216351489585034,0.001447661468588305,5.3609052780114865
-13.469065512756373,-0.06024265884957625,0.0014525330399869244,5.371372444046092
-13.439638309154574,-0.06026687756494011,0.00145828898638361,5.381885447538364
-13.410211105552776,-0.06028355201863169,0.001460774413661994,5.392444590243777
-13.38078390195097,-0.060300018248989735,0.0014575347333772777,5.4030501765723065
-13.351356698349171,-0.06031992501063684,0.0014590901713509659,5.413702513617671
-13.321929494747373,-0.06033908458799931,0.0014657163631160502,5.424401911186992
-13.292502291145574,-0.060359142899666006,0.0014716979561209046,5.4351486818308175
-13.263075087543768,-0.06038157349260867,0.0014766937427941077,5.445943140873558
-13.23364788394197,-0.0604071573616315,0.001485071595260855,5.456785606444324
-13.204220680340171,-0.06043698346799017,0.0014940589514497297,5.467676399508188
-13.174793476738365,-0.06046045557917082,0.0014985248475290916,5.478615843897852
-13.145366273136567,-0.060481652639146656,0.0015017034246910485,5.4896042663457365
-13.115939069534768,-0.060507468537931895,0.0015007383372265203,5.500641996516525
-13.086511865932962,-0.06053770399663052,0.0014978504380778815,5.511729367040127
-13.057084662331164,-0.060573033945840266,0.0014997725251372361,5.522866713545079
-13.027657458729365,-0.06061173434848751,0.0015060349697947027,5.534054374692433
-12.99823025512756,-0.060651180104597996,0.0015073308746598145,5.545292692210072
-12.96880305152576,-0.06068916023313636,0.0014994006056898899,5.556582010927499
-12.939375847923962,-0.06072642592997829,0.001494142661459855,5.567922678811118
-12.909948644322156,-0.06075921550270067,0.0014932628519831704,5.579315046999983
-12.880521440720358,-0.060790592684230586,0.0014880610860461272,5.590759469842027
-12.85109423711856,-0.06082908771760103,0.0014837702606685231,5.602256304930821
-12.821667033516754,-0.06086887350161014,0.0014847891862488534,5.613805913142808
-12.792239829914955,-0.06090358561187136,0.0014881372918695004,5.625408658675057
-12.762812626313156,-0.06093453307372914,0.0014876858489176789,5.637064909083562
-12.73338542271135,-0.060969791821935904,0.001481759933178945,5.648775035322041
-12.703958219109552,-0.06100964186801317,0.0014739813024705077,5.660539411781289
-12.674531015507753,-0.0610450688011924,0.0014676644847993324,5.672358416329085
-12.645103811905948,-0.061073848507080274,0.0014635149553336878,5.684232430350648
-12.615676608304149,-0.06110263987851427,0.001464084498479548,5.696161838789653
-12.58624940470235,-0.06114010405045641,0.0014638792719118452,5.7081470301898385
-12.556822201100552,-0.06118223603481419,0.001461477719893032,5.72018839673719
-12.527394997498746,-0.06121849420575153,0.0014578222346871312,5.732286334302718
-12.497967793896947,-0.06124753201884059,0.0014518655232467516,5.74444124248583
-12.468540590295149,-0.06128019464376991,0.0014429776945113337,5.756653524658348
-12.439113386693343,-0.06132173007190716,0.0014396890444563987,5.768923588009118
-12.409686183091544,-0.06136053687417947,0.0014419653307830465,5.781251843589263
-12.380258979489746,-0.0613930149872662,0.0014454963533026585,5.793638706358095
-12.35083177588794,-0.061420666235504656,0.0014419734981416224,5.806084595229675
-12.321404572286141,-0.06144967267671558,0.0014391496523110104,5.818589933120018
-12.291977368684343,-0.06148611474528199,0.0014397261272105178,5.831155146995026
-12.262550165082537,-0.06152805786969606,0.0014366540425001595,5.843780667919064
-12.233122961480738,-0.061562362740474885,0.001426687032144804,5.856466931104249
-12.20369575787894,-0.06158932208269971,0.0014198772330505484,5.86921437596048
-12.174268554277134,-0.06162467858810608,0.001418108442290888,5.882023446146157
-12.144841350675335,-0.06166343251259849,0.0014206499248145786,5.894894589619643
-12.115414147073537,-0.0617010349096239,0.0014221330812819641,5.9078282586915085
-12.085986943471731,-0.061739432625597744,0.001419548474148862,5.920824910077504
-12.056559739869932,-0.06177686595477932,0.0014156036996227704,5.933885004952306
-12.027132536268134,-0.06181305688084379,0.0014163614183316374,5.947009009004093
-11.997705332666328,-0.0618551689037602,0.0014249113072530106,5.960197392489883
-11.96827812906453,-0.06190068548369724,0.0014271640235917788,5.973450630291692
-11.93885092546273,-0.061937320579027434,0.0014192166521795032,5.986769201973556
-11.909423721860925,-0.061967677555281625,0.0014221319207699732,6.000153591839362
-11.879996518259127,-0.06200033190053705,0.0014290154612821586,6.013604288991545
-11.850569314657328,-0.06204116705381544,0.0014353700012284265,6.027121787390685
-11.821142111055522,-0.062088026618268254,0.0014394658652996987,6.040706585915966
-11.791714907453724,-0.06212743183444951,0.0014441735697270225,6.054359188426537
-11.762287703851925,-0.06215817865864634,0.0014506565284725615,6.068080103823835
-11.732860500250126,-0.06219503039741244,0.0014585549002961561,6.0818698461147935
-11.70343329664832,-0.062229654922326794,0.0014621203935622558,6.095728934476046
-11.674006093046522,-0.06226319854121946,0.001464166990232245,6.1096578933190635
-11.644578889444723,-0.06229604279176711,0.0014722058442700186,6.123657252356321
-11.615151685842918,-0.062324428357880456,0.0014864540968299426,6.137727546668442
-11.585724482241119,-0.0623533482985097,0.001500813416211924,6.151869316772357
-11.55629727863932,-0.06238703699746623,0.0015116816485389471,6.166083108690544
-11.526870075037515,-0.06242195008663288,0.0015184732369538667,6.180369474021293
-11.497442871435716,-0.062459499478429846,0.0015192770222597692,6.19472897001005
-11.468015667833917,-0.06249348183668523,0.0015185611116736207,6.209162159621892
-11.438588464232112,-0.06252929979095828,0.0015173133916563987,6.223669611615089
-11.409161260630313,-0.06256652761079919,0.001513734219804272,6.238251900615807
-11.379734057028514,-0.06260155980219709,0.0015171305752354422,6.252909607193992
-11.350306853426709,-0.06263270839290867,0.001521137929321746,6.267643317940417
-11.32087964982491,-0.06266567058872839,0.0015191673217244909,6.282453625544919
-11.291452446223111,-0.06270464958306775,0.0015096380045013594,6.297341128875899
-11.262025242621306,-0.06274486450367367,0.0014937759324579964,6.3123064330610275
-11.232598039019507,-0.06278487698344194,0.0014856721068508257,6.327350149569231
-11.203170835417708,-0.06282050835327498,0.0014860523634277617,6.342472896293989
-11.173743631815903,-0.06284979500971978,0.001487317317650649,6.357675297637928
-11.144316428214104,-0.06287150828815444,0.0014846397046552086,6.372957984598745
-11.114889224612305,-0.06289042765540398,0.001479850640197774,6.388321594856537
-11.0854620210105,-0.06291768251942532,0.0014736899817349833,6.40376677286248
-11.056034817408701,-0.0629506445376911,0.0014677178836663256,6.419294169928932
-11.026607613806902,-0.06298368389908822,0.001459786688274035,6.4349044443210115
-10.997180410205104,-0.06300934398966673,0.0014493128863841446,6.450598261349599
-10.967753206603298,-0.06302500109642158,0.0014497976871374935,6.466376293465873
-10.9383260030015,-0.06303935863017374,0.0014555215236131123,6.48223922035734
-10.9088987993997,-0.06305389943468286,0.0014571716785641078,6.498187729045455
-10.879471595797895,-0.06307470805235986,0.0014600127043329135,6.514222513984802
-10.850044392196097,-0.06310377327903442,0.0014657880409029028,6.530344277163875
-10.820617188594298,-0.06313562161011403,0.0014738154719631596,6.546553728207555
-10.791189984992492,-0.0631667506466483,0.001482894935770014,6.5628515844812085
-10.761762781390694,-0.06320140101506182,0.001491526990754021,6.579238571196512
-10.732335577788895,-0.06324332226022414,0.0015024622863556325,6.59571542151904
-10.70290837418709,-0.06329752039828349,0.0015150298027381678,6.612282876677606
-10.67348117058529,-0.06334709221367758,0.0015241464656900528,6.628941686075393
-10.644053966983492,-0.06340199852182461,0.0015327221577329019,6.645692607402983
-10.614626763381686,-0.06346219431062433,0.0015433853902813077,6.662536406753219
-10.585199559779888,-0.06352144880675512,0.0015525300678060287,6.679473858737981
-10.555772356178089,-0.06357745379849726,0.0015538794329072454,6.696505746606965
-10.526345152576283,-0.0636301891326505,0.0015513171280638906,6.713632862368404
-10.496917948974485,-0.06368104977850213,0.001550447546751582,6.730856006911825
-10.467490745372686,-0.06373476881837113,0.0015533915113203531,6.748175990132913
-10.43806354177088,-0.06378797677371156,0.0015602571266412478,6.765593631060455
-10.408636338169082,-0.06384030471343309,0.0015628462522385407,6.783109757985425
-10.379209134567283,-0.06389391324088636,0.0015606735416815118,6.800725208592316
-10.349781930965477,-0.06394722453612732,0.0015581222130621815,6.818440830092666
-10.320354727363679,-0.06400119485089126,0.0015547527640745954,6.836257479360874
-10.29092752376188,-0.06406066429482804,0.0015481216210799112,6.854176023072378
-10.261500320160074,-0.06411338175500039,0.0015494162002732204,6.872197337844178
-10.232073116558276,-0.06416154944156315,0.0015586257488091786,6.890322310377783
-10.202645912956477,-0.064204156178772,0.0015616141758009495,6.908551837604665
-10.173218709354678,-0.06424922221732975,0.0015566898911405392,6.9268868268342025
-10.143791505752873,-0.06429839772469942,0.0015474216022908754,6.945328195904219
-10.114364302151074,-0.06435526976339007,0.001537194040604636,6.963876873334126
-10.084937098549275,-0.06440856650755973,0.001531630258372275,6.982533798480788
-10.05550989494747,-0.06444834579950988,0.0015307378671280383,7.001299921697093
-10.026082691345671,-0.06448642353784917,0.0015287948692513436,7.020176204493302
-9.996655487743872,-0.06453392784257443,0.0015217095774615569,7.039163619701299
-9.967228284142067,-0.0645795351859597,0.001510033501756926,7.058263151641711
-9.937801080540268,-0.06462071779410995,0.001501099761815367,7.077475796293985
-9.90837387693847,-0.06466661161121065,0.0015005343192306191,7.096802561469553
-9.878946673336664,-0.06471931028917234,0.0015064534111041122,7.116244466988037
-9.849519469734865,-0.0647669401480977,0.0015137784986902479,7.13580254485662
-9.820092266133067,-0.0648080045510801,0.0015153829484081574,7.155477839452685
-9.79066506253126,-0.06484412235006815,0.0015145498839086984,7.175271407709697
-9.761237858929462,-0.0648882205138429,0.0015189311824641344,7.195184319306457
-9.731810655327664,-0.06493924652587592,0.0015277604951715411,7.215217656859828
-9.702383451725858,-0.06499336728822837,0.001534369932161772,7.235372516120925
-9.67295624812406,-0.06504866251902117,0.0015378626107721378,7.255650006174885
-9.64352904452226,-0.06510556275525807,0.0015366209578042927,7.2760512496443415
-9.614101840920455,-0.0651577813273782,0.001537555635231307,7.29657738289659
-9.584674637318656,-0.06520812829146727,0.0015427667187710209,7.3172295562545715
-9.555247433716858,-0.0652697471923913,0.0015466361533070967,7.338008934211794
-9.525820230115052,-0.0653324026667605,0.0015496154148709018,7.358916695651197
-9.496393026513253,-0.06539466716115387,0.0015523880768923831,7.379954034068089
-9.466965822911455,-0.06545374930124122,0.001550899371282233,7.401122157797281
-9.437538619309656,-0.06550726006666974,0.0015464092709263069,7.422422290244417
-9.40811141570785,-0.06555690246909048,0.0015456248842257172,7.44385567012169
-9.378684212106052,-0.06560964924471864,0.0015516648761646993,7.465423551687949
-9.349257008504253,-0.06566750363114858,0.0015632397457336718,7.487127204993403
-9.319829804902447,-0.06573346309849697,0.0015727664228407047,7.508967916128906
-9.290402601300649,-0.06578655468199347,0.0015754599998492262,7.5309469874799895
-9.26097539769885,-0.06583341472969594,0.0015696960397974078,7.553065737985772
-9.231548194097044,-0.06590116499202821,0.0015759849911664075,7.575325503402791
-9.202120990495246,-0.06595896716697602,0.0015863492842602307,7.597727636573875
-9.172693786893447,-0.06600561394739059,0.0015905004884570271,7.620273507702262
-9.143266583291641,-0.06605276060729386,0.0015821670930548893,7.642964504630942
-9.113839379689843,-0.06610949621928085,0.0015657873929012245,7.665802033127428
-9.084412176088044,-0.06616473723149524,0.00155152520201681,7.688787517174104
-9.054984972486238,-0.06621933158375942,0.0015391354466881963,7.711922399264179
-9.02555776888444,-0.06627394296133687,0.0015245707010684037,7.7352081407034445
-8.996130565282641,-0.06632560127834554,0.0015160341141568989,7.7586462219179895
-8.966703361680835,-0.0663775406949022,0.0015096220547105286,7.782238142767937
-8.937276158079037,-0.06643283101144445,0.0014885761565500673,7.80598542286737
-8.907848954477238,-0.06648847790215255,0.0014601384768420116,7.829889601910655
-8.878421750875432,-0.06652942478376177,0.001442909635002081,7.853952240005201
-8.848994547273634,-0.06656600994338478,0.0014387007346993194,7.878174918010856
-8.819567343671835,-0.06660281470538999,0.0014304704654893542,7.902559237886159
-8.79014014007003,-0.06665290053086542,0.0014245979102535096,7.92710682304148
-8.76071293646823,-0.06671622070744136,0.0014166660056373027,7.951819318699294
-8.731285732866432,-0.06679084335802538,0.0014241432686637545,7.9766983922617785
-8.701858529264626,-0.06686253849905811,0.0014418136530764997,8.001745733685826
-8.672431325662828,-0.06692261778895979,0.0014610920602986825,8.026963055865687
-8.64300412206103,-0.0669816863346513,0.0014748652383833726,8.05235209502349
-8.61357691845923,-0.06704866187325453,0.0014801763207652951,8.077914611107689
-8.584149714857425,-0.06713062452148572,0.0014739982580311453,8.103652388199768
-8.554722511255626,-0.067209951105576,0.0014840956591391325,8.129567234929285
-8.525295307653828,-0.0672637172304732,0.0015051779636356133,8.155660984897574
-8.495868104052022,-0.06731721669276387,0.0015198272279875,8.18193549711021
-8.466440900450223,-0.06739568382340816,0.0015151121126833385,8.208392656418475
-8.437013696848425,-0.06747015018912828,0.0015192152522759985,8.235034373970132
-8.407586493246619,-0.06753723711830391,0.001528475053438813,8.26186258766961
-8.37815928964482,-0.06760772988654169,0.0015371067599398176,8.28887926264787
-8.348732086043022,-0.0676750567954127,0.0015537889303175836,8.316086391742282
-8.319304882441216,-0.06772927154367044,0.001567520635705341,8.343485995986631
-8.289877678839417,-0.06777561339098659,0.0015680555202855274,8.371080125111545
-8.260450475237619,-0.06782978611734891,0.001581013472339027,8.398870858055682
-8.231023271635813,-0.06788528945492085,0.0016037035566628449,8.426860303487837
-8.201596068034014,-0.0679363012448239,0.0016153226246897515,8.45505060034027
-8.172168864432216,-0.06798133249188155,0.0016158099974409564,8.483443918353629
-8.14274166083041,-0.06803556237255148,0.0016157025742771663,8.512042458633626
-8.113314457228611,-0.0681094611993988,0.0016169511197062511,8.540848454219821
-8.083887253626813,-0.06818618160970973,0.0016076170331948399,8.569864170666902
-8.054460050025007,-0.06826094995452103,0.001589142366949105,8.599091906638636
-8.025032846423208,-0.06834595492211354,0.0016070822219781046,8.62853399451489
-7.99560564282141,-0.06840965744984623,0.001610889461936576,8.658192801012119
-7.966178439219604,-0.06845773091621599,0.0015991749552743157,8.688070727817555
-7.936751235617805,-0.06848949381286021,0.0015844843178131976,8.718170212237478
-7.907324032016007,-0.0685473985126942,0.0015695569469345934,8.748493727860057
-7.877896828414208,-0.06863975121589672,0.0015620077839952516,8.779043785232947
-7.848469624812402,-0.06872947568832166,0.001541189603680984,8.809822932556202
-7.819042421210604,-0.06880521643577157,0.0015240599863945005,8.84083375639076
-7.789615217608805,-0.06888249075583854,0.0015250681154300421,8.872078882383088
-7.760188014006999,-0.06893493959275766,0.0015354057537744885,8.903560976006228
-7.730760810405201,-0.06899035768786181,0.0015191812482802066,8.93528274331778
-7.701333606803402,-0.0690551488650989,0.0014897618983924748,8.967246931735325
-7.6719064032015964,-0.06912986655240384,0.001471390211136183,8.999456330829622
-7.642479199599798,-0.06922666042230934,0.0014690202333225222,9.031913773136141
-7.613051995997999,-0.06932176635193377,0.0014600038090227313,9.06462213498548
-7.5836247923961935,-0.06943943828041964,0.0014815236029825068,9.097584337353043
-7.554197588794395,-0.0695549320418361,0.0015331389903858017,9.130803346728577
-7.524770385192596,-0.0696482479228857,0.0015460992974518847,9.164282176006196
-7.4953431815907905,-0.0697284009090547,0.0015208900459673235,9.198023885395282
-7.465915977988992,-0.06983147152656326,0.0015063668899694274,9.23203158335294
-7.436488774387193,-0.06995423047513767,0.001533775852771781,9.266308427538663
-7.4070615707853875,-0.07004288743733732,0.0015753871959264614,9.300857625791666
-7.377634367183589,-0.07009673161368529,0.0015752865216873619,9.335682437131643
-7.34820716358179,-0.07017235292635883,0.0015466277600754952,9.370786172783598
-7.3187799599799845,-0.07027915373047754,0.0015182211869793423,9.406172197227372
-7.289352756378186,-0.07036878204435017,0.0015482059426496085,9.44184392927256
-7.259925552776387,-0.07046481463072186,0.0016009664707139807,9.47780484315965
-7.230498349174582,-0.07057667708430933,0.001620177411707497,9.514058469687997
-7.201071145572783,-0.07068344616223281,0.001619176568815368,9.550608397371425
-7.171643941970984,-0.07075927695562251,0.0016457154513408413,9.58745827362237
-7.142216738369179,-0.07086387628678098,0.0017025487811119615,9.624611805965225
-7.11278953476738,-0.0709604040012028,0.0016910207305340808,9.662072763279786
-7.083362331165581,-0.07101953167252899,0.0016507011564330489,9.699844977075799
-7.053935127563783,-0.07109681068791544,0.0015877096324903406,9.737932342799285
-7.024507923961977,-0.07120106510853935,0.0015649280328065788,9.77633882117179
-6.995080720360178,-0.07130659703702956,0.0015566648477060032,9.815068439563358
-6.96565351675838,-0.07135067662742538,0.0015407013601466634,9.854125293400411
-6.936226313156574,-0.071365167368363,0.00152839462835398,9.893513547609384
-6.906799109554775,-0.07145779155507324,0.00152586693250973,9.933237438097247
-6.877371905952977,-0.07164877682383558,0.0015717421568849303,9.973301273270152
-6.847944702351171,-0.07174812278908009,0.0016324046732328194,10.013709435591124
-6.818517498749372,-0.0717961079899349,0.0015129606098423566,10.054466383178093
-6.789090295147574,-0.07188534314385625,0.0013378693331323169,10.09557665144359
-6.759663091545768,-0.07197045872612622,0.001270429357782623,10.137044854777159
-6.730235887943969,-0.07201206981308672,0.0013400115982808499,10.178875688271923
-6.700808684342171,-0.07206241684100503,0.001447693977327031,10.221073929496729
-6.671381480740365,-0.0721732630921031,0.0014716308905222371,10.263644440315106
-6.6419542771385665,-0.07228866560453993,0.0014032800640682917,10.30659216875257
-6.612527073536768,-0.0724730914319401,0.001420227171843995,10.349922150913885
-6.583099869934962,-0.07267249570862541,0.0014650858613227445,10.393639512951657
-6.5536726663331635,-0.07284675582669257,0.0014638521612982023,10.437749473087955
-6.524245462731365,-0.07296736570903667,0.001442267731101432,10.482257343690746
-6.494818259129559,-0.07306681800977717,0.0014504198022342325,10.52716853340668
-6.4653910555277605,-0.07321001364253367,0.0014942460162742967,10.572488549352114
-6.435963851925962,-0.07337932788085182,0.0015388468062668954,10.618222999364347
-6.406536648324156,-0.07357196537467194,0.0015368386748807843,10.664377594314802
-6.3771094447223575,-0.07371028987557737,0.0015035614992185832,10.710958150486245
-6.347682241120559,-0.0737994223695768,0.0014714396066747447,10.75797059201624
-6.31825503751876,-0.07393220168693573,0.0014102893813152495,10.805420953408765
-6.2888278339169545,-0.07410044675535371,0.0013484423294328252,10.853315382116405
-6.259400630315156,-0.07425142472840678,0.0013315290753274176,10.901660141195327
-6.229973426713357,-0.07440529976726333,0.0013551569425150705,10.95046161203562
-6.200546223111552,-0.07454498084793626,0.0013202027567951564,10.999726297169246
-6.171119019509753,-0.07469796946619409,0.001311470184358839,11.049460823158379
-6.141691815907954,-0.07489732929088616,0.0014010005858151832,11.09967194356683
-6.112264612306149,-0.07501467812712463,0.0014498900417635617,11.150366542017249
-6.08283740870435,-0.07510850071780541,0.001446720652260775,11.201551635337031
-6.053410205102551,-0.07524312834090241,0.0014239059743042268,11.253234376796115
-6.023983001500746,-0.07542347797935962,0.0013960748592516613,11.305422059439554
-5.994555797898947,-0.07566369118768422,0.0013887347790339677,11.35812211951825
-5.965128594297148,-0.07582075121400282,0.0014109962747245596,11.411342140021352
-5.935701390695343,-0.07586236287186594,0.0014919890180327192,11.465089854313609
-5.906274187093544,-0.0759971312749727,0.001525835355927067,11.519373149881462
-5.876846983491745,-0.07621190248673985,0.0015035745258459097,11.574200072191797
-5.84741977988994,-0.07644358832908597,0.001452925532877102,11.629578828667098
-5.817992576288141,-0.07665005733901431,0.001409086171181081,11.68551779278124
-5.788565372686342,-0.07688201854561949,0.001401553671413462,11.74202550828032
-5.759138169084537,-0.07706138673636362,0.0013898755504383254,11.799110693532786
-5.729710965482738,-0.07719697314620638,0.001382205361983739,11.856782246013598
-5.700283761880939,-0.07745620311625823,0.0014469586522220413,11.91504924692743
-5.670856558279134,-0.07770358577871272,0.0015492940786284242,11.973920965975664
-5.641429354677335,-0.07786171197917606,0.0016003066285359222,12.033406866272607
-5.6120021510755365,-0.07794831797529463,0.00158364339643886,12.093516609416488
-5.582574947473731,-0.07809701252060708,0.0015853110474076386,12.154260060720718
-5.553147743871932,-0.07831185778553847,0.0016622499696606911,12.215647294611479
-5.5237205402701335,-0.07856480620446014,0.0016900151028619486,12.277688600197967
-5.494293336668335,-0.0788434199083413,0.0016691814252168162,12.340394487021513
-5.464866133066529,-0.07908806343767,0.0016304574851385876,12.40377569099051
-5.4354389294647305,-0.07927422282276587,0.0016303206099840572,12.467843180508066
-5.406011725862932,-0.0794459108454382,0.0016469584012959856,12.532608162799923
-5.376584522261126,-0.07968115466465964,0.0016606507238232004,12.598082090450053
-5.3471573186593275,-0.07992400766462372,0.0016747141872975988,12.664276668152054
-5.317730115057529,-0.08014653164934572,0.0017523194091583277,12.731203859684854
-5.288302911455723,-0.08038724432918211,0.001743234503086513,12.79887589512117
-5.2588757078539246,-0.08072812891759117,0.0016813529358928,12.867305278277996
-5.229448504252126,-0.08105354295627863,0.0016448854997444032,12.936504794418774
-5.20002130065032,-0.0813032318245492,0.0016041157622097488,13.006487518216955
-5.170594097048522,-0.08154640895863814,0.0015592853939098896,13.077266821991486
-5.141166893446723,-0.08180650615110523,0.0015707847982096824,13.148856384225288
-5.111739689844917,-0.08208293687841826,0.0016695590814079777,13.221270198377805
-5.082312486243119,-0.08241812256119467,0.0016734764585576828,13.294522582003713
-5.05288528264132,-0.08272149770750296,0.0016356430985336764,13.368628186190431
-5.023458079039514,-0.08300891965032355,0.0016124349975431594,13.443602005327158
-4.994030875437716,-0.08329426816184055,0.001595066173125533,13.519459387219312
-4.964603671835917,-0.08359056352062388,0.0015773738354155817,13.596216043562839
-4.935176468234111,-0.0839225020847139,0.001611039718993881,13.673888060793095
-4.905749264632313,-0.0842284477268025,0.0016313641692729732,13.75249191132418
-4.876322061030514,-0.08456272201986614,0.0015986830286350742,13.83204446519541
-4.846894857428708,-0.08493666348719213,0.0016012526727405844,13.912563002141875
-4.81746765382691,-0.08529178417157268,0.0015896468601177178,13.994065224107382
-4.788040450225111,-0.08563368407267469,0.0015572518575402959,14.07656926821901
-4.758613246623305,-0.08598080645539265,0.0015378829075533952,14.160093720242887
-4.729186043021507,-0.08639227497700082,0.001589033607365698,14.244657628542338
-4.699758839419708,-0.08678098076616796,0.0014517936431940022,14.330280518560604
-4.670331635817909,-0.08710526291467206,0.0013736569576834094,14.416982407850877
-4.640904432216104,-0.08743430473530837,0.001412740456874818,14.504783821678284
-4.611477228614305,-0.08782186136498464,0.001485748606442097,14.593705809219095
-4.5820500250125065,-0.08825924078102737,0.0015033495356100949,14.683769960384378
-4.552622821410701,-0.08866782019295251,0.0014699216432475723,14.774998423295914
-4.523195617808902,-0.08906035907279491,0.0013747323710028652,14.86741392244429
-4.4937684142071035,-0.08956697207572138,0.0012025199398964562,14.961039777560636
-4.464341210605298,-0.0900311508333137,0.0011834597172533214,15.055899923234524
-4.434914007003499,-0.09045369216558907,0.0012805526080623792,15.152018929312913
-4.4054868034017005,-0.09088821978871292,0.0013556509502486312,15.24942202211683
-4.376059599799895,-0.09139986727919686,0.0013182676056578441,15.348135106513903
-4.346632396198096,-0.09185205153268139,0.0013511091494991766,15.448184788887469
-4.3172051925962975,-0.09233614095043519,0.0013370830768642328,15.549598401045309
-4.287777988994492,-0.09277349919214199,0.0013139833805158622,15.652404025112663
-4.258350785392693,-0.09328083614305706,0.0013197172931736667,15.756630519457385
-4.228923581790895,-0.09383621003563691,0.001311746792786769,15.862307545697739
-4.199496378189089,-0.09441087063810749,0.0012952726199915424,15.969465596845465
-4.17006917458729,-0.09493064259879447,0.0012466986691168588,16.07813602664046
-4.140641970985492,-0.09548406552742049,0.0011383958896064065,16.188351080136552
-4.111214767383686,-0.09609349527979787,0.001103243923745918,16.300143925600608
-4.081787563781887,-0.09667743001201344,0.0011699927285079817,16.413548687791454
-4.052360360180089,-0.09720271878221902,0.0012800405338468615,16.528600482689065
-4.022933156578283,-0.09777389851817997,0.0013510338976232363,16.645335453747695
-3.9935059529764843,-0.09844390582167895,0.0013269754923044318,16.763790809751878
-3.9640787493746856,-0.09907528357704286,0.0013046622583790166,16.884004864358808
-3.934651545772887,-0.09966746295109612,0.0012616130457263472,17.006017077414874
-3.9052243421710813,-0.10034822976587382,0.0012531465403266895,17.129868098140346
-3.8757971385692827,-0.1011172251213761,0.0012665046114519948,17.25559981028119
-3.846369934967484,-0.10186741411558836,0.001256031466175028,17.38325537933384
-3.8169427313656783,-0.10249482147647461,0.0012448828452367449,17.51287930195418
-3.7875155277638797,-0.10342933395714353,0.001140946074567059,17.644517457669853
-3.758088324162081,-0.10441610493751574,0.0011993477850821607,17.778217163022397
-3.7286611205602753,-0.10518004619319458,0.0013200690494214917,17.91402722827291
-3.6992339169584767,-0.10600227972315972,0.001374726901634948,18.051998016814224
-3.669806713356678,-0.1067985893702255,0.0014108808796490725,18.19218150744185
-3.6403795097548723,-0.1076298201891629,0.00136681967485129,18.334631359644863
-3.6109523061530737,-0.10845979109246295,0.001365911920445246,18.479402982089276
-3.581525102551275,-0.10931981508997192,0.0013476119215453672,18.626553604477817
-3.5520978989494694,-0.11011753133527584,0.0012066968617664758,18.77614235298135
-3.5226706953476707,-0.11092984517810071,0.0012650643525143064,18.928230329451043
-3.493243491745872,-0.11177612160272848,0.001411584112937725,19.082880694634568
-3.4638162881440664,-0.11274886863330512,0.0015330897515087412,19.240158755633825
-3.4343890845422678,-0.11361252587517601,0.0014755058804475224,19.40013205785889
-3.404961880940469,-0.11439580223485572,0.0012860766817522555,19.56287048175053
-3.3755346773386634,-0.11526819371299961,0.0011311462608601121,19.72844634456165
-3.346107473736865,-0.11640630679394376,0.001195991451692475,19.896934507509368
-3.316680270135066,-0.11715859993400819,0.0013781866743265184,20.068412488631722
-3.2872530665332604,-0.11792544782801623,0.00143382048431396,20.242960581705695
-3.257825862931462,-0.11894195592676508,0.0013808549835113947,20.4206619816102
-3.228398659329663,-0.1198217601301434,0.0013435400786355421,20.601602916545605
-3.1989714557278575,-0.1204268623323118,0.0013568067912704104,20.785872787550623
-3.169544252126059,-0.12141973060133564,0.0013042286637262098,20.973564315791087
-3.14011704852426,-0.12246765413059997,0.0014047248777501254,21.164773698130944
-3.1106898449224616,-0.1232959173307631,0.0015924090191558585,21.359600771533042
-3.081262641320656,-0.12412564968721933,0.0016860398446541956,21.5581491868807
-3.0518354377188572,-0.12517793042641867,0.0017768095336262528,21.76052659285542
-3.0224082341170586,-0.12610692126433795,0.0017798753545640463,21.966844830556838
-2.992981030515253,-0.1268452972803422,0.0018693290876081732,22.177220139603364
-2.9635538269134543,-0.1275304826680907,0.0020609115347090157,22.39177337651191
-2.9341266233116556,-0.12844924858058632,0.002105341837215921,22.61063024621924
-2.90469941970985,-0.12942986635299356,0.0020560388866538272,22.833921547675967
-2.8752722161080513,-0.13027400584626544,0.002326175412243315,23.061783434521853
-2.8458450125062527,-0.13084057611422792,0.002545652296920398,23.294357691934536
-2.816417808904447,-0.13165047894881432,0.002635002182141682,23.531792030833614
-2.7869906053026483,-0.13251326407103634,0.002785814003222175,23.7742404007233
-2.7575634017008497,-0.13301467939185052,0.0031622408129631592,24.02186332256655
-2.728136198099044,-0.13355364953143137,0.003287002358368178,24.274828243202023
-2.6987089944972453,-0.13413109030002754,0.0032701610430762493,24.533309912948827
-2.6692817908954467,-0.13486903350067295,0.0034093134588688207,24.797490788188973
-2.639854587293641,-0.1357057410691712,0.0036712333698085365,25.067561460875464
-2.6104273836918424,-0.13625320304036623,0.003994582204883542,25.343721117091306
-2.5810001800900437,-0.1367810703348852,0.004228658074897656,25.626178026978614
-2.551572976488238,-0.13727244095197189,0.004480717981859449,25.91515006856913
-2.5221457728864394,-0.13776283778368062,0.0046958886139153635,26.210865288285536
-2.4927185692846408,-0.13813173937392778,0.004906423916444217,26.513562501144673
-2.463291365682835,-0.13842762392215666,0.005188970896254671,26.823491933981263
-2.4338641620810364,-0.1385806106297017,0.005428250411505069,27.140915915333977
-2.4044369584792378,-0.13916182579250663,0.0056148336495119465,27.466109615992007
-2.375009754877439,-0.13966734739298492,0.005923970923542973,27.79936184459472
-2.3455825512756334,-0.13985623668805217,0.006221958910536323,28.14097590312033
-2.316155347673835,-0.13998104600742356,0.006438535518757697,28.491270507589004
-2.286728144072036,-0.14042805116356588,0.0067188293465609145,28.85058077985626
-2.2573009404702304,-0.14073086008500366,0.007030402354447647,29.219259316982452
-2.227873736868432,-0.1407293957287237,0.0072165109343584,29.597677345351784
-2.198446533266633,-0.14077806772676837,0.007429962287525453,29.986225967482586
-2.1690193296648275,-0.14101537208541035,0.007917064465723867,30.385317510330015
-2.139592126063029,-0.14142722836746066,0.008598073452355963,30.795386984853266
-2.11016492246123,-0.14150935916972432,0.00894625321350794,31.216893667709602
-2.0807377188594245,-0.14138034586928502,0.009279983269901669,31.650322817163836
-2.051310515257626,-0.14082423749895676,0.008831535314254553,32.0961875366919
-2.0218833116558272,-0.1407699715363838,0.00895290326552194,32.555030801326666
-1.9924561080540215,-0.1409541596384881,0.009581474159411662,33.02742766356919
-1.963028904452223,-0.14090524129409232,0.010233114829114806,33.513987657708974
-1.9336017008504243,-0.14049797236848285,0.010696445134738638,34.01535742369137
-1.9041744972486185,-0.13997094263644352,0.011286937073878999,34.53222357428011
-1.87474729364682,-0.13937829288059791,0.01187038375100636,35.06531583224841
-1.8453200900450213,-0.13847997693180655,0.012093610969086802,35.61541046774287
-1.8158928864432156,-0.13709253391617174,0.012664151378800247,36.18333406986849
-1.786465682841417,-0.13584305646431927,0.0134543709301345,36.76996769103384
-1.7570384792396183,-0.13382583540244436,0.01408568353523173,37.376251407759035
-1.7276112756378126,-0.1308764802969372,0.014756230353427867,38.003189347600575
-1.698184072036014,-0.1275246091072551,0.015777439151783455,38.651855238734406
-1.6687568684342153,-0.1234307786829661,0.017250900323055395,39.32339854671548
-1.6393296648324096,-0.11767701797772034,0.01835192963256387,40.01905127219258
-1.609902461230611,-0.1108935088160506,0.01977791319495838,40.74013549415049
-1.5804752576288124,-0.10296213496831941,0.021112227615040474,41.488071755849205
-1.5510480540270137,-0.09378814373598209,0.02158764164723783,42.26438840537282
-1.521620850425208,-0.08407975243122263,0.021692161682514578,43.07073202002217
-1.4921936468234094,-0.07390855244175003,0.02083778056323984,43.908879064168296
-1.4627664432216108,-0.06367289394242448,0.020147351994199487,44.780748954269264
-1.433339239619805,-0.053945404553907006,0.018465854289010875,45.68841873327475
-1.4039120360180064,-0.04453044059854038,0.01692853475723984,46.63413959055947
-1.3744848324162078,-0.035765095420494254,0.015523986031160404,47.620355503972036
-1.345057628814402,-0.027416396117543155,0.014130862059250552,48.64972432898895
-1.3156304252126034,-0.019463340541878447,0.012646794914994137,49.72514171812304
-1.2862032216108048,-0.0121958292583349,0.01107390120966049,50.84976832386496
-1.256776018008999,-0.0053985903085527415,0.009551412846881331,52.02706082333673
-1.2273488144072005,0.0010534337589927624,0.008344593600215135,53.26080740607151
-1.1979216108054018,0.006809324798944738,0.006840864510942176,54.555168492385945
-1.168494407203596,0.011771898474268941,0.005218340121476579,55.91472360442546
-1.1390672036017975,0.015285349897518742,0.0033817768594931828,57.34452550254248
-1.10964,0.021099993333333334,0.0008151979237106446,58.85016293572691
