Temp./°C,DSC_mean/(mW/mg),DSC_std/(mW/mg),pore radius in nm,DSC_corr/(mW/mg)
-59.95306,-0.03850556,0.0005120099689133056,1.6486772184772551,0.001316465770916396
-59.92361988994497,-0.038534972257304345,0.0005161157883677982,1.6492071660352323,0.001295792013992561
-59.894179779889946,-0.0385637310911064,0.0005130910182868691,1.649737634569187,0.001275771680571032
-59.86473966983492,-0.038596387698139833,0.0005015583470751881,1.6502686248477314,0.0012518535739181186
-59.83529955977989,-0.038622306941739105,0.0005005054145661375,1.6508001376409904,0.0012346728306993626
-59.80585944972486,-0.03863566004635234,0.0005086653013050615,1.6513321737206055,0.0012300582264666432
-59.776419339669836,-0.038648526156115366,0.0005110747439509101,1.651864733859738,0.0012259306170841408
-59.74697922961481,-0.03867495556131927,0.0004953767894454822,1.652397818833073,0.0012082397122607502
-59.71753911955978,-0.03870238057237557,0.00047104757103271275,1.6529314294168245,0.001189553201584967
-59.688099009504754,-0.0387213965478398,0.00046705852202476615,1.6534655663887357,0.0011792757265012624
-59.658658899449726,-0.038733747303463156,0.0004707221556885219,1.6540002305280868,0.0011756634712584216
-59.6292187893947,-0.038751253766276035,0.0004577923684063304,1.6545354226156963,0.0011668955088260588
-59.59977867933967,-0.038771644976609426,0.0004404739588749966,1.6550711434339256,0.0011552427988731906
-59.570338569284644,-0.03878590737602213,0.00043784079452701644,1.6556073937666826,0.0011497188998410013
-59.540898459229616,-0.038790931713356944,0.0004467558292336887,1.6561441743994259,0.001153433062886705
-59.51145834917459,-0.0387931880953083,0.00045554694616026757,1.6566814861191679,0.0011599151813158695
-59.48201823911956,-0.03880608188408919,0.00046277201972897607,1.6572193297144793,0.0011557598929154977
-59.452578129064534,-0.03882786578876902,0.0004649486613385078,1.6577577059754929,0.0011427144886161852
-59.42313801900951,-0.03884409297717501,0.00046502326930196014,1.6582966156939074,0.0011352258005907154
-59.39369790895448,-0.038846947285646465,0.00047110082037998526,1.6588360596629905,0.001141109992499778
-59.36425779889945,-0.03884231158949377,0.00048459710386021207,1.6593760386775847,0.001154484189032988
-59.334817688844424,-0.038844690267378065,0.0004923048775675274,1.6599165535341092,0.0011608440115292162
-59.3053775787894,-0.0388561021598878,0.0004939758285025888,1.660457605030564,0.0011581706193999966
-59.27593746873437,-0.03887282156621027,0.000499910620048519,1.660999193966536,0.0011501897134580455
-59.24649735867934,-0.03888483236570583,0.0005108574093955678,1.6615413211432006,0.0011469174143430086
-59.217057248624315,-0.038890068349684837,0.0005258357504309381,1.6620839873633262,0.001150419930744516
-59.18761713856929,-0.03889343508338964,0.0005397670535641102,1.6626271934312786,0.001155791697420229
-59.15817702851426,-0.03890099835746517,0.0005463042715388414,1.6631709401530248,0.0011569669237252236
-59.12873691845923,-0.03890961845176643,0.0005520721583566859,1.663715228336137,0.0011570853298044775
-59.099296808404205,-0.03891914091711151,0.0005584867694673635,1.6642600587897962,0.0011563013648399137
-59.06985669834918,-0.03893218022063108,0.0005665694541258175,1.6648054323247972,0.0011520005617008666
-59.04041658829415,-0.03895145082036317,0.000574808794465663,1.6653513497535521,0.0011414684623492904
-59.01097647823912,-0.03897123800735985,0.000579380425871413,1.6658978118900931,0.001130419775733131
-58.981536368184095,-0.038986125013793206,0.0005879923420321259,1.6664448195500783,0.001124271269680295
-58.95209625812907,-0.038990302849322804,0.000596291748159328,1.666992373550796,0.0011288319345312131
-58.92265614807404,-0.03899791093013066,0.0005964857945714209,1.6675404747111662,0.0011299623541038764
-58.89321603801901,-0.03901361417296142,0.0005978533274091233,1.6680891238517477,0.001122997611653638
-58.863775927963985,-0.03903824360032731,0.0005975214527435536,1.6686383217947407,0.0011071066846682631
-58.83433581790896,-0.03906351580474157,0.0005962996437483629,1.6691880693639902,0.001090572980634516
-58.80489570785393,-0.03908426004220059,0.0005950769837309983,1.669738367384992,0.0010785672435560181
-58.7754555977989,-0.03910066860158493,0.0005936523330474675,1.6702892166848953,0.0010708971845521942
-58.746015487743875,-0.03910904048176644,0.000587571544222583,1.6708406180925075,0.001071263804751206
-58.71657537768885,-0.039115337672322,0.0005817952660105787,1.671392572438299,0.0010737051145761692
-58.68713526763382,-0.039130638722196236,0.0005782931731859115,1.671945080554405,0.0010671425650824462
-58.65769515757879,-0.03914726798572951,0.0005799266192222795,1.6724981432746322,0.0010592518019296865
-58.628255047523766,-0.039167555234182534,0.0005815627207146815,1.6730517614344622,0.0010477030538571866
-58.59881493746874,-0.03919156578227484,0.0005810938259613117,1.673605935871056,0.001032431006145404
-58.56937482741371,-0.03921380419601503,0.0005815485236515093,1.6741606674232563,0.0010189310927857242
-58.53993471735868,-0.039229550190882,0.0005836962406745307,1.6747159569315948,0.001011923598299276
-58.510494607303656,-0.03924168847146737,0.0005888977268812099,1.6752718052382942,0.0010085238180944298
-58.48105449724863,-0.039254737559019155,0.0005968491646996671,1.6758282131872733,0.0010042132309231525
-58.4516143871936,-0.03926669597084264,0.0005939270961045579,1.6763851816241506,0.001000993319480191
-58.42217427713857,-0.03927980673762408,0.0005900269206585792,1.6769427113962494,0.0009966210530792732
-58.392734167083546,-0.03929048765114901,0.0005901862740443616,1.6775008033526029,0.000994678639934854
-58.36329405702851,-0.039300674422174976,0.0005904119060921941,1.6780594583439554,0.0009932303692894093
-58.33385394697349,-0.03930777038620785,0.0005907344903759509,1.6786186772227696,0.0009948729056370592
-58.30441383691846,-0.039310845589886644,0.0005881517017717487,1.679178460843231,0.001000536202338781
-58.27497372686343,-0.03931155978350243,0.0005809704424133116,1.6797388100612496,0.001008560509103508
-58.2455336168084,-0.039315940337085235,0.0005739342940588555,1.680299725734466,0.001012918455901228
-58.216093506753374,-0.03931989196217193,0.0005681505680807035,1.680861208722257,0.0010177053311950512
-58.18665339669835,-0.03932147475622553,0.000565544506816391,1.6814232598857375,0.0010248610375219666
-58.15721328664332,-0.03932246097859326,0.0005587489755518186,1.6819858800877663,0.0010326133155347597
-58.12777317658829,-0.03932373591967555,0.0005491071808870945,1.68254907019295,0.0010400768748329847
-58.098333066533264,-0.03932484697662424,0.0005442181057492992,1.683112831067648,0.0010477043182648069
-58.06889295647824,-0.039326112136379904,0.0005442256269173708,1.683677163579977,0.0010551776588896694
-58.03945284642321,-0.039330038563144556,0.0005423647984120578,1.6842420685998145,0.0010599897325055327
-58.01001273636818,-0.03934507247824285,0.0005404743218749647,1.6848075469988042,0.0010536943177877553
-57.980572626313155,-0.03936511750802164,0.0005391527752834336,1.6853735996503594,0.0010423877883894914
-57.95113251625813,-0.03937996281109173,0.0005391124553809992,1.6859402274296693,0.0010362809856999111
-57.9216924062031,-0.03939670164323616,0.0005424235232012425,1.6865074312137018,0.001028280653936002
-57.89225229614807,-0.039410629759041464,0.0005479712259555212,1.6870752118812087,0.0010230910385112188
-57.862812186093045,-0.03942231551758613,0.0005534746016080421,1.6876435703127304,0.0010201437803470659
-57.83337207603802,-0.03943349737294769,0.0005565150103805855,1.6882125073906002,0.0010177004253660235
-57.80393196598299,-0.039444669312117354,0.0005565891149990989,1.6887820239989488,0.0010152669865768835
-57.77449185592796,-0.03945494232247626,0.000556194547422594,1.6893521210237097,0.0010137324765984931
-57.745051745872935,-0.039464312834741416,0.0005588473604134415,1.6899227993526216,0.0010131004647138536
-57.71561163581791,-0.03948156008373881,0.0005670868010328803,1.6904940598752356,0.0010045917160969794
-57.68617152576288,-0.03949887637947824,0.0005697647397236605,1.6910659034829192,0.000996013920738073
-57.65673141570785,-0.03950780487957442,0.000571229347750017,1.6916383310688587,0.000995823921022404
-57.627291305652825,-0.03951593440102686,0.0005749250006507571,1.6922113435280677,0.0009964328999504876
-57.5978511955978,-0.039527930175391725,0.000577945881268953,1.6927849417573886,0.000993175625966146
-57.56841108554277,-0.03953962596788369,0.0005792776243044194,1.6933591266554977,0.000990218333854688
-57.53897097548774,-0.039547212268945614,0.0005801324277949952,1.693933899122912,0.0009913705331732886
-57.509530865432716,-0.03955096991004304,0.0005797762824846425,1.6945092600619915,0.0009963513924563863
-57.48009075537769,-0.039557639881070146,0.0005778508907653269,1.695085210376945,0.0009984199218097886
-57.45065064532266,-0.039576579854127915,0.0005782441717289301,1.695661750973835,0.0009882184491325427
-57.42121053526763,-0.03960426740557746,0.0005802630562026977,1.6962388827605825,0.0009692693980635214
-57.391770425212606,-0.03962628093386632,0.0005844018570787248,1.69681660664697,0.0009559943701551721
-57.36233031515758,-0.039641554111412805,0.0005877451062981166,1.6973949235446493,0.0009494596929892074
-57.33289020510255,-0.03965522476288797,0.000588693923155487,1.697973834367144,0.0009445275418945645
-57.30345009504752,-0.039669263418990464,0.00058845302487805,1.698553340029855,0.0009392273861725808
-57.274009984992496,-0.03967999772749825,0.0005880660782970317,1.6991334414500656,0.0009372315780453166
-57.24456987493747,-0.03968606916064899,0.0005867985778814717,1.6997141395469457,0.0009398986452750988
-57.21512976488244,-0.039699923270607,0.0005837339426237394,1.7002954352415576,0.0009347830356976061
-57.185689654827414,-0.03972804269684971,0.0005788513655958094,1.7008773294568598,0.0009154021098354143
-57.156249544772386,-0.039755076049186426,0.0005755746621615187,1.7014598231177125,0.0008971072578792191
-57.12680943471736,-0.039772258383552826,0.00057196236665899,1.7020429171508824,0.000888663423893335
-57.09736932466233,-0.03977962059545858,0.0005669690643489553,1.702626612485048,0.0008900397123680973
-57.067929214607304,-0.03978311151298516,0.0005618696226295824,1.703210910050804,0.0008952872952220428
-57.038489104552276,-0.039788880670793954,0.0005584896331946609,1.7037958107806652,0.0008982566377937623
-57.00904899449725,-0.03979828808803185,0.0005562304702934557,1.704381315609075,0.0008975877209363853
-56.97960888444222,-0.03981438472929137,0.0005525717333085571,1.7049674254724057,0.0008902295800573834
-56.950168774387194,-0.039838000608292734,0.0005489271212694935,1.705554141308967,0.000875352201436537
-56.92072866433217,-0.0398582992517237,0.0005511813354507439,1.70614146405901,0.0008637920583860897
-56.89128855427714,-0.039873581212989,0.0005587149819522432,1.7067293946647313,0.0008572485975013103
-56.86184844422211,-0.039878392305562796,0.0005696333791783682,1.707317934070279,0.00086117600530803
-56.832408334167084,-0.039878753818180006,0.0005792783959366085,1.707907083221758,0.0008695529930713361
-56.80296822411206,-0.03988296822052256,0.0005842688172242776,1.7084968430672345,0.0008740770911093015
-56.77352811405703,-0.03989075834835543,0.0005862356436487455,1.7090872145567402,0.0008750254636569477
-56.744088004002,-0.03989370544666857,0.0005859487815987311,1.7096781986422798,0.0008808168657243251
-56.714647893946974,-0.03989764919891255,0.0005804657459552103,1.7102697962778337,0.0008856116138608663
-56.68520778389195,-0.039913133947783425,0.0005687484103657728,1.7108620084193653,0.0008788653653705111
-56.65576767383692,-0.039923361570694996,0.00056174970760032,1.7114548360248234,0.000877376242839456
-56.62632756378189,-0.03992899952386022,0.0005602679908816047,1.7120482800541499,0.0008804767900547558
-56.596887453726865,-0.039934977273174174,0.0005592412460320166,1.7126423414692837,0.0008832375411213164
-56.56744734367184,-0.03994065048832109,0.000554167928196683,1.7132370212341672,0.0008863028263549136
-56.53800723361681,-0.0399434188156377,0.0005461872923924555,1.7138323203147494,0.0008922729994188319
-56.50856712356178,-0.03994883432138446,0.0005393440523708306,1.7144282396789925,0.0008955959940525823
-56.479127013506755,-0.03995717570575039,0.0005320993573292252,1.7150247802968774,0.0008959931100671684
-56.44968690345173,-0.03996955419745827,0.0005231975857397986,1.7156219431404076,0.0008923531187398151
-56.4202467933967,-0.039986380516431635,0.000518135577014273,1.7162197291836168,0.000884265300146965
-56.39080668334167,-0.04000502710358824,0.0005192191326625136,1.7168181394025717,0.0008743572133708757
-56.361366573286645,-0.04002031537381652,0.0005240612934775747,1.7174171747753784,0.0008678074435231192
-56.33192646323162,-0.04003230069095253,0.000527361057471639,1.7180168362821875,0.0008645606267676242
-56.30248635317659,-0.04004244399515632,0.0005312923106297007,1.718617124905201,0.000863155822944349
-56.27304624312156,-0.04005129364907813,0.0005396501595294824,1.7192180416286744,0.0008630446694030611
-56.243606133066535,-0.04005136973594912,0.0005453356923134522,1.7198195874389257,0.0008717070829125928
-56.21416602301151,-0.04004549507215953,0.00054532078837194,1.7204217633243384,0.0008863202470826975
-56.18472591295648,-0.04005146050304633,0.0005458388468260008,1.7210245702753668,0.0008890933165764184
-56.15528580290145,-0.04006533515459097,0.0005442038555183696,1.7216280092845437,0.0008839571654122927
-56.125845692846426,-0.04007525372476942,0.0005455488877039307,1.7222320813464833,0.000882777095614358
-56.0964055827914,-0.040080891275114806,0.0005476867428356426,1.7228367874578887,0.0008858780456494977
-56.06696547273637,-0.04008639892675087,0.00054767893659969,1.7234421286175552,0.0008891088943939474
-56.03752536268134,-0.040095824002726876,0.0005422324046909001,1.7240481058263777,0.0008884223187984597
-56.008085252626316,-0.04010699976199928,0.0005327758487696013,1.7246547200873557,0.0008859850599065786
-55.97864514257129,-0.04011589489599881,0.0005322582592225261,1.7252619724055989,0.0008858284262875729
-55.94920503251626,-0.04012383503733858,0.0005339896592252804,1.7258698637883314,0.0008866267853283108
-55.91976492246123,-0.040134931271429836,0.0005273385153294234,1.7264783952448997,0.0008842690516175783
-55.890324812406206,-0.040151711395305,0.0005240378310258708,1.7270875677867763,0.0008762274281229401
-55.86088470235118,-0.0401707298793924,0.0005206624008485727,1.7276973824275657,0.0008659474444160445
-55.83144459229615,-0.040186481432139765,0.0005143385538166829,1.7283078401830108,0.0008589343920492043
-55.802004482241124,-0.040200984026625995,0.0005044662248338885,1.7289189420709983,0.0008531702979434966
-55.772564372186096,-0.040217980281614184,0.0004974454189588934,1.7295306891115638,0.0008449125433358171
-55.74312426213107,-0.04023123503856574,0.0004973307624871943,1.7301430823268973,0.0008403962867647857
-55.71368415207604,-0.04024056982605322,0.0004994081909695718,1.7307561227413504,0.000839799999657824
-55.684244042021014,-0.04025144328013276,0.000503823114043531,1.7313698113814397,0.0008376650459587937
-55.654803931965986,-0.04026005766145591,0.0005105301678647167,1.731984149275855,0.0008377891650161659
-55.62536382191096,-0.040270019058419156,0.000504395608241306,1.732599137455463,0.000836566268433446
-55.59592371185593,-0.04027914048441861,0.0004953959417758586,1.7332147769533148,0.0008361833428145032
-55.566483601800904,-0.040294260463909395,0.0004901930270084242,1.7338310688046499,0.0008298018637042381
-55.53704349174588,-0.04031618410289811,0.0004897992262254058,1.7344480140469036,0.0008166167250960449
-55.50760338169085,-0.04033100795381917,0.0004883175022778896,1.7350656137197116,0.000810531374555501
-55.47816327163582,-0.040343285728231294,0.0004970919721751735,1.7356838688649172,0.0008069921005238942
-55.448723161580794,-0.04035720412077075,0.0005112046865320404,1.7363027805265752,0.0008018122083649631
-55.41928305152577,-0.04037055405621474,0.0005257629292807571,1.73692234975096,0.0007972007733014902
-55.38984294147073,-0.040385951091556516,0.0005321406473040514,1.7375425775865696,0.0007905422383402277
-55.36040283141571,-0.040400521265000926,0.0005372228649589778,1.7381634650841327,0.0007847105652763406
-55.33096272136068,-0.040416102305402365,0.000545058361602067,1.738785013296614,0.0007778680252554168
-55.30152261130566,-0.04043315724114457,0.0005583789914107309,1.7394072232792208,0.0007695515898937313
-55.27208250125062,-0.04044786478211742,0.0005746765829555363,1.7400300960894088,0.0007635825493014017
-55.2426423911956,-0.04045407468122737,0.0005864287039192076,1.740653632786887,0.0007661111505719645
-55.21320228114057,-0.04046573115823901,0.0005978950773325354,1.741277834433625,0.0007631931739408432
-55.18376217108555,-0.04047836003658257,0.0006017648201480695,1.7419027020938582,0.0007593027959778079
-55.15432206103051,-0.0404888240519461,0.0005998407981671359,1.742528236834096,0.0007575772809947923
-55.12488195097549,-0.04049976301332446,0.0005947475281918944,1.7431544397231238,0.0007553768199969474
-55.09544184092046,-0.04051222812800096,0.000589298419525575,1.743781311832013,0.0007516502057009697
-55.06600173086544,-0.040525751804684866,0.0005824919337952856,1.7444088542341247,0.0007468650293975809
-55.0365616208104,-0.04053740096956085,0.0005726772551752647,1.745037068005117,0.0007439543649021135
-55.00712151075538,-0.04054361029031612,0.0005597470956132756,1.7456659542229502,0.0007464835445273668
-54.97768140070035,-0.0405448020572377,0.0005483535330105236,1.7462955139678948,0.0007540302779863103
-54.94824129064532,-0.040545058120556754,0.000537616767208448,1.7469257483225356,0.000762512715047764
-54.91880118059029,-0.040552142251204855,0.0005203385882643442,1.7475566583717788,0.000764167084780186
-54.889361070535266,-0.04056418634461043,0.0005035126238994897,1.7481882452028579,0.0007608614917551312
-54.85992096048024,-0.04057609929878465,0.0004932676829706414,1.7488205099053404,0.0007576870379614256
-54.83048085042521,-0.04058457136369717,0.0004915759373575303,1.7494534535711348,0.0007579534734294263
-54.80104074037018,-0.040594151263620176,0.0004919045960492385,1.750087077294495,0.0007571120738869425
-54.771600630315156,-0.040606479216013854,0.0004874348034985702,1.7507213821720273,0.0007535226218737742
-54.74216052026013,-0.04061846840032198,0.0004822194809097663,1.7513563693026981,0.0007502719379461689
-54.7127204102051,-0.04063530587134814,0.0004892175531106269,1.751992039787838,0.0007421729673005306
-54.683280300150074,-0.04065072176628987,0.00049676118391408,1.75262839473115,0.00073549557273931
-54.653840190095046,-0.040671623923134524,0.0004983603299757339,1.7532654352387151,0.0007233319162751814
-54.62440008004002,-0.040694797804476934,0.0004999989968925749,1.753903162418999,0.0007088965353132942
-54.59495996998499,-0.04071760921054183,0.0005010521415495018,1.7545415773828577,0.0006948236296289156
-54.565519859929964,-0.04073751154313641,0.0005017496727342992,1.7551806812435453,0.0006836597974148526
-54.536079749874936,-0.04075455914416912,0.0005027760508272864,1.7558204751167192,0.0006753506967626666
-54.50663963981991,-0.0407700007951994,0.0005032701768941162,1.7564609601204482,0.0006686475461128993
-54.47719952976488,-0.040786433463539114,0.0005032342050140249,1.7571021373752158,0.0006609533781537016
-54.447759419709854,-0.04080389334293726,0.0005026082388080272,1.7577440080039315,0.0006522319991360756
-54.41831930965483,-0.040821453423211196,0.0005054692474687476,1.7583865731319333,0.0006434104192426585
-54.3888791995998,-0.04083819767474066,0.0005074536235592196,1.7590298338869954,0.0006354046680937114
-54.35943908954477,-0.040853170495995766,0.0005068424326687705,1.759673791399336,0.0006291703472191268
-54.329998979489744,-0.04086950415505195,0.0005057256380593234,1.760318446801623,0.0006215751885434578
-54.30055886943472,-0.04088467073156852,0.000509297657917398,1.7609638012289803,0.0006151471124074062
-54.27111875937969,-0.04089124980422592,0.0005128014132955491,1.7616098558189952,0.0006173065401305286
-54.24167864932466,-0.04090244113387952,0.0005174696884766065,1.7622566117117242,0.0006148537108574409
-54.212238539269634,-0.040919102078942324,0.0005208985374311355,1.762904070049701,0.0006069312661751564
-54.18279842921461,-0.040929115144296174,0.0005239067853796145,1.7635522319779415,0.0006056567012018288
-54.15335831915958,-0.04094192683291114,0.0005286856831661944,1.7642010986439525,0.0006015835129673797
-54.12391820910455,-0.04095290660083877,0.0005342074281570572,1.764850671197737,0.0005993422454202632
-54.094478099049525,-0.04096356233219552,0.0005360990511147319,1.7655009507918016,0.0005974250144440349
-54.0650379889945,-0.04097648537272286,0.0005364100048823855,1.7661519385811633,0.0005932404742972144
-54.03559787893947,-0.04098966863836648,0.0005368588841252247,1.7668036357233556,0.0005887957090341123
-54.00615776888444,-0.04099984189388561,0.000536832060410686,1.767456043378437,0.0005873609538955063
-53.976717658829415,-0.04101019641274795,0.0005321110628586855,1.768109162708996,0.0005857449354136762
-53.94727754877439,-0.04102672038956289,0.000525337520665715,1.7687629948801598,0.0005779594589792533
-53.91783743871936,-0.041043837516505616,0.0005200441186216427,1.7694175410595996,0.000569580832417052
-53.88839732866433,-0.04105909972229207,0.0005157610893677841,1.7700728024175385,0.0005630571270111157
-53.858957218609305,-0.04107571302104227,0.0005132146973201919,1.770728780126758,0.0005551823286414279
-53.82951710855428,-0.04109563618577982,0.0005105658797715815,1.7713854753626057,0.0005439976642844027
-53.80007699849925,-0.04111703780388901,0.0005064152674793443,1.7720428893030018,0.0005313345465557257
-53.77063688844422,-0.041137996775114656,0.0005027939384750824,1.7727010231284455,0.0005191140757105986
-53.741196778389195,-0.04115896828824775,0.0005037526526545481,1.7733598780220237,0.0005068810629580284
-53.71175666833417,-0.04117715761935634,0.0005039178480954704,1.7740194551694168,0.0004974302322299506
-53.68231655827914,-0.041204691111114536,0.000502832769202266,1.774679755758906,0.0004786352408522737
-53.65287644822411,-0.04123038520368205,0.0005044556978180371,1.7753407809813813,0.0004616796486652808
-53.623436338169086,-0.041254096321475635,0.0005071473281079,1.7760025320303465,0.00044670703125221367
-53.59399622811406,-0.041276603143279855,0.0005088391678814677,1.776665010101929,0.00043293870982850924
-53.56455611805903,-0.04129670460926351,0.0005105465958205611,1.7773282163948863,0.0004215757442253762
-53.535116008004,-0.0413157836964464,0.0005135242494787625,1.7779921521106115,0.0004112351574230011
-53.505675897948976,-0.04133438614684165,0.0005174099828376017,1.7786568184531424,0.0004013712074082687
-53.47623578789395,-0.041348700106422366,0.0005190903023489905,1.779322216629169,0.0003957957482080762
-53.44679567783892,-0.04136875713755667,0.0005213207300878255,1.7799883478480383,0.00038447721745428487
-53.41735556778389,-0.04139223227190456,0.0005307138819389547,1.7806552133217655,0.0003697405834869119
-53.387915457728866,-0.041412871209480624,0.0005381301650229379,1.781322814265037,0.000357840146291373
-53.35847534767384,-0.04142565573605036,0.0005361394113948621,1.7819911518952214,0.0003537941201021619
-53.32903523761881,-0.04143156924703442,0.0005348425985126973,1.7826602274323755,0.0003566191094986071
-53.299595127563784,-0.04144086805009467,0.0005398960570026985,1.783330042099251,0.0003560588068188819
-53.270155017508756,-0.04145689003586872,0.0005456416133519176,1.7840005971213029,0.00034877532142535417
-53.24071490745373,-0.041473523934367235,0.0005465893543737076,1.784671893726697,0.0003408799233073495
-53.2112747973987,-0.04148219244410601,0.0005505329252380211,1.7853439331463163,0.00034094991394909707
-53.181834687343674,-0.04149304721986839,0.0005543661058315053,1.786016716613771,0.00033883363856723747
-53.152394577288646,-0.04150580276427803,0.0005543979250050998,1.7866902453654023,0.0003348165945381079
-53.12295446723362,-0.04151776716970635,0.0005529696200091957,1.7873645206402937,0.00033159068949031173
-53.09351435717859,-0.041526171119126494,0.0005541623326391276,1.7880395436802763,0.0003319252404506909
-53.064074247123564,-0.041534690811594936,0.0005545522654519298,1.7887153157299367,0.00033214404836275774
-53.03463413706854,-0.041548725165425925,0.0005473989700220067,1.789391838036626,0.0003268481949122923
-53.00519402701351,-0.041575003597193606,0.0005409551734781775,1.7900691118504661,0.00030930826352513346
-52.97575391695848,-0.04159551714071389,0.0005439500977467837,1.7907471384243574,0.0002975332203853584
-52.946313806903454,-0.04160285629513322,0.000541557214959746,1.791425919013987,0.00029893256634655474
-52.91687369684843,-0.041613330218944325,0.0005342060564548517,1.792105454877837,0.00029719714291596977
-52.8874335867934,-0.04163111374079002,0.000534864530655888,1.7927857472771915,0.0002881521214507937
-52.85799347673837,-0.041650144993168055,0.0005411715291974574,1.7934667974761438,0.0002778593694532719
-52.828553366683344,-0.04166606551143479,0.0005443471925612918,1.7941486067416061,0.00027067735156705713
-52.79911325662832,-0.041683068230019486,0.0005420854301893002,1.7948311763433153,0.0002624131333628793
-52.76967314657329,-0.04170686695671405,0.0005409026555736167,1.7955145075538428,0.00024735290704883117
-52.74023303651826,-0.04172646395756566,0.0005407431363987511,1.7961986016486002,0.00023649440657774745
-52.710792926463235,-0.041741469255815594,0.0005386984943134016,1.7968834599058496,0.00023022760870832631
-52.68135281640821,-0.04175858944477099,0.0005427848907038687,1.7975690836067102,0.0002218459201334469
-52.65191270635318,-0.04177190371447565,0.0005546971981794333,1.798255474035166,0.00021727015080930806
-52.62247259629815,-0.04178618390035612,0.0005652264636701222,1.7989426324780746,0.00021172846530935485
-52.593032486243125,-0.04180845525520175,0.0005736461273033838,1.7996305602251756,0.00019819561084424148
-52.5635923761881,-0.041836944799482516,0.0005855471118498974,1.8003192585690972,0.00017844456694399852
-52.53415226613307,-0.04185971216856576,0.0005964906017854026,1.8010087288053658,0.00016441569824127145
-52.50471215607804,-0.04187572100020429,0.0006002169657339414,1.8016989722324128,0.0001571453669832537
-52.475272046023015,-0.041895699618613384,0.0005978344523542886,1.802389990151584,0.00014590524895468499
-52.44583193596799,-0.04191522145582307,0.0005964121755928127,1.803081783867147,0.00013512191212551594
-52.41639182591296,-0.041933266797631034,0.0006020474619599904,1.8037743546862997,0.0001258150706980668
-52.38695171585793,-0.04195023784281119,0.0006061837700711214,1.8044677039191783,0.00011758252589843393
-52.357511605802905,-0.0419682773433235,0.000607875513776196,1.805161832878866,0.0001082815257666403
-52.32807149574788,-0.04198628251908865,0.0006114964428327683,1.8058567428813999,9.90148503820093e-05
-52.29863138569285,-0.042003379632884565,0.0006156287457905287,1.8065524352457825,9.065623696661446e-05
-52.26919127563782,-0.042022051802466535,0.0006185752992094314,1.807248911293986,8.072256776515963e-05
-52.239751165582796,-0.042043268806096906,0.0006182139936674604,1.8079461723509636,6.824406451530485e-05
-52.21031105552777,-0.04206518839794071,0.0006167121108334062,1.8086442197446564,5.506297305202246e-05
-52.18087094547273,-0.04208563924874295,0.0006112959350795906,1.8093430548060034,4.335062263029904e-05
-52.15143083541771,-0.042102431673558566,0.0006065531988982833,1.8100426788689474,3.5296698195200205e-05
-52.12199072536268,-0.04211664385354038,0.0006081009178373972,1.810743093270446,2.98230185939094e-05
-52.09255061530766,-0.042135439825843446,0.0006128453424274606,1.8114442993504793,1.9765546671358936e-05
-52.063110505252624,-0.04215922084764919,0.0006181393468420328,1.812146298452058,4.723025246136658e-06
-52.0336703951976,-0.04217679251923056,0.0006162053377757081,1.8128490919212314,-4.110145954715205e-06
-52.00423028514257,-0.04218549150336288,0.0006079142035559912,1.8135526811070983,-4.070629706511009e-06
-51.97479017508755,-0.042204232512579015,0.0006027988382084162,1.814257067361813,-1.407313854213943e-05
-51.945350065032514,-0.04223063831927854,0.0005977758960046162,1.814962252040596,-3.17404448611433e-05
-51.915909954977494,-0.04224725540412776,0.0005912148869063069,1.815668236501741,-3.961902932984873e-05
-51.88646984492246,-0.04226688878642972,0.0005829820742546458,1.8163750221066257,-5.051391125128479e-05
-51.85702973486744,-0.042293623024546055,0.000583246340587486,1.8170826102197175,-6.850964898710149e-05
-51.827589624812404,-0.042325455290937314,0.0005880902433233148,1.8177910022085864,-9.160341499783731e-05
-51.798149514757384,-0.04235513104144958,0.0005874892818436927,1.8185001994439087,-0.00011254066512959154
-51.76870940470235,-0.04238087911802785,0.0005798483556172615,1.8192102032994812,-0.00012955024132733917
-51.73926929464733,-0.0423993041255884,0.0005656527344453123,1.8199210151522265,-0.00013923674850737505
-51.709829184592294,-0.04242587732211933,0.0005637032284063537,1.8206326363822023,-0.0001570714446577845
-51.680389074537274,-0.04245910620500426,0.0005667750072423221,1.8213450683726111,-0.0001815618271621966
-51.65094896448224,-0.04249120583823063,0.0005684668268587384,1.822058312509811,-0.00020492296000804155
-51.62150885442721,-0.04252727223322858,0.000569240683902995,1.8227723701833196,-0.00023225085462547784
-51.592068744372185,-0.04256778363074281,0.0005729349838098504,1.8234872427858284,-0.00026402375175919174
-51.56262863431716,-0.042603500915793326,0.000578920533180377,1.8242029317132085,-0.00029100253642918433
-51.53318852426213,-0.04262564126259011,0.0005769626853101044,1.8249194383645206,-0.00030440438284545096
-51.5037484142071,-0.04264384445662714,0.0005623484401156994,1.825636764142026,-0.0003138690765019658
-51.474308304152075,-0.04266987932107774,0.0005430217614372735,1.8263549104511916,-0.00033116544057204544
-51.44486819409705,-0.04270335644219241,0.0005337197596423445,1.8270738787007028,-0.00035590406130620034
-51.41542808404202,-0.04274189210195292,0.0005370948247653875,1.827793670302472,-0.0003857012206861937
-51.38598797398699,-0.04278639550226546,0.0005406562776016803,1.8285142866716457,-0.00042146612061821215
-51.356547863931965,-0.04282498650636183,0.0005364794777718834,1.8292357292266166,-0.0004513186243340628
-51.32710775387694,-0.04284804752963056,0.0005272858162555286,1.829957999389031,-0.0004656411472222788
-51.29766764382191,-0.04286202213994708,0.0005194161959554745,1.8306810985837987,-0.00047087725715827533
-51.26822753376688,-0.04288432644984819,0.0005176269892219994,1.8314050282391037,-0.0004844430666788649
-51.238787423711855,-0.04291246960458107,0.0005089750323514286,1.8321297897864102,-0.0005038477210312295
-51.20934731365683,-0.0429496652835181,0.0005005296947438681,1.8328553846604758,-0.0005323048995877419
-51.1799072036018,-0.04298754806235775,0.0005012407464818287,1.8335818142993592,-0.0005614491780468744
-51.15046709354677,-0.043013311293037,0.0005185169191378584,1.834309080144429,-0.00057847390834561
-51.121026983491745,-0.04303978372378655,0.0005382263221538701,1.8350371836403747,-0.0005962078387146338
-51.09158687343672,-0.04307042394670435,0.000549608297076014,1.835766126235216,-0.0006181095612519186
-51.06214676338169,-0.04309673479823926,0.0005502230599338232,1.8364959093803108,-0.0006356819124063093
-51.03270665332666,-0.043117134359183,0.0005480215715037048,1.8372265345303678,-0.0006473429729695265
-51.003266543271636,-0.043142607981913106,0.0005550264125502951,1.837958003143453,-0.0006640780953191192
-50.97382643321661,-0.043171583071243476,0.0005633557841221505,1.8386903166810016,-0.0006843146842689732
-50.94438632316158,-0.04320529645473221,0.0005613762471179961,1.839423476607827,-0.0007092895673771818
-50.91494621310655,-0.043236241491893736,0.0005643696485379306,1.8401574843921296,-0.0007314961041581941
-50.885506103051526,-0.043263646773138265,0.0005750902836533183,1.8408923415055085,-0.000750162885022207
-50.8560659929965,-0.04329206099646227,0.0005879556688929681,1.8416280494229706,-0.0007698386079656866
-50.82662588294147,-0.0433271601792764,0.0005941113886791903,1.8423646096229391,-0.0007961992903993062
-50.79718577288644,-0.043363673642950185,0.0005946676922037437,1.843102023587266,-0.000823974253692572
-50.767745662831416,-0.043383910242253854,0.0005919695257669412,1.843840292801239,-0.0008354723526157182
-50.73830555277639,-0.04340775878387814,0.0005967979522830413,1.8445794187535944,-0.0008505823938594892
-50.70886544272136,-0.04343828527085184,0.0006015823330853018,1.845319402936525,-0.0008723703804526736
-50.679425332666334,-0.04347096308882642,0.0006013019718514719,1.8460602468456915,-0.0008963096980467294
-50.649985222611306,-0.04350615626112576,0.0006005576253425148,1.8468019519802317,-0.0009227643699655508
-50.62054511255628,-0.0435433344966358,0.0006018665492021172,1.8475445198427702,-0.0009512041050950687
-50.59110500250125,-0.04358058480285947,0.0006057477245216077,1.8482879519394304,-0.0009797159109382267
-50.561664892446224,-0.04361717773975856,0.0006121227571776334,1.8490322497798428,-0.0010075703474567987
-50.5322247823912,-0.043650017170749046,0.0006168814668877349,1.8497774148771566,-0.001031671278066762
-50.50278467233617,-0.04368352665876105,0.0006197774254311381,1.8505234487480484,-0.0010564422656982528
-50.47334456228114,-0.043724205275196604,0.0006156029792388889,1.8512703529127346,-0.0010883823817532876
-50.443904452226114,-0.043762991107123256,0.000613204564406157,1.8520181288949784,-0.0011184297132994167
-50.41446434217109,-0.043796531670639606,0.0006179406153206921,1.852766778222105,-0.001143231776435251
-50.38502423211606,-0.04383150726021676,0.0006232709373552909,1.8535163024250072,-0.0011694688656318786
-50.35558412206103,-0.04387015071001599,0.0006307070163683295,1.8542667030381592,-0.001199373815050593
-50.326144012006004,-0.043911823619172646,0.0006386885860675931,1.8550179815996248,-0.0012323082238267363
-50.29670390195098,-0.043949372660127994,0.0006385388240106382,1.8557701396510695,-0.0012611187644015615
-50.26726379189595,-0.04398173621012131,0.0006294543232454792,1.85652317873777,-0.0012847438140143608
-50.23782368184092,-0.044013864486543076,0.0006206829787471661,1.8572771004086261,-0.0013081335900556115
-50.208383571785895,-0.044048220377506914,0.0006114952137899993,1.8580319062161696,-0.0013337509806389258
-50.17894346173087,-0.04408417168636314,0.0006013574924506691,1.8587875977165758,-0.0013609637891146345
-50.14950335167584,-0.04411905385325146,0.0005928674126318941,1.8595441764696745,-0.001387107455622441
-50.12006324162081,-0.044157698128241385,0.0005841074506186585,1.8603016440389601,-0.0014170132302318422
-50.090623131565785,-0.044198836703772504,0.0005778822614478927,1.861060001991604,-0.0014494133053824451
-50.06118302151076,-0.04423606348142791,0.0005724801311432139,1.8618192518984618,-0.0014779015826573358
-50.03174291145573,-0.04426778623241049,0.0005638438246532096,1.8625793953340883,-0.0015008858332593925
-50.0023028014007,-0.044303370543116866,0.0005597796089790725,1.8633404338767456,-0.001527731643585252
-49.972862691345675,-0.04433803534998013,0.0005644460272216568,1.8641023691084158,-0.0015536579500680034
-49.94342258129065,-0.04436865283712149,0.0005640873221830471,1.8648652026148103,-0.001575536936828839
-49.91398247123562,-0.044405976997012174,0.0005578879634916254,1.8656289359853817,-0.0016041225963390054
-49.88454236118059,-0.0444517706218762,0.0005531094627321618,1.8663935708133352,-0.0016411777208225134
-49.855102251125565,-0.04449444536410529,0.0005555130396119024,1.8671591086956392,-0.0016751139626710806
-49.82566214107054,-0.044522003213000705,0.000562194377571229,1.8679255512330362,-0.0016939333111859814
-49.79622203101551,-0.04454701516992088,0.0005741929902773595,1.8686929000300538,-0.0017102067677256388
-49.76678192096048,-0.044578995497324025,0.0005796719364028078,1.8694611566950177,-0.001733448594748263
-49.737341810905455,-0.044623909903160834,0.0005772069862861252,1.8702303228400599,-0.0017696245002045558
-49.70790170085043,-0.04467340218250123,0.0005738283972884126,1.8710004000811322,-0.001810378279164436
-49.6784615907954,-0.044719924641952125,0.0005699037824756958,1.8717713900380177,-0.0018481622382348073
-49.64902148074037,-0.04476006607742225,0.0005690981458192617,1.8725432943343403,-0.001879565173324417
-49.619581370685346,-0.04479247012481604,0.0005709320475033803,1.873316114597578,-0.001903230720337691
-49.59014126063032,-0.04481464150799402,0.000570243140582883,1.8740898524590732,-0.001916663603135145
-49.56070115057529,-0.04483205324022702,0.0005674966258308895,1.8748645095540444,-0.0019253368349876343
-49.53126104052026,-0.044862945120775745,0.0005730656272614769,1.8756400875215982,-0.0019474902151558407
-49.501820930465236,-0.04491254778269019,0.0005683193418586083,1.8764165880047394,-0.0019883543766897604
-49.47238082041021,-0.04496794270746468,0.0005689938981506118,1.8771940126503859,-0.002035010801083738
-49.44294071035518,-0.04500505454226311,0.0005824990158387916,1.8779723631093752,-0.002063384135501653
-49.413500600300154,-0.04504320235457653,0.0005826542967227363,1.8787516410364815,-0.0020927934474345503
-49.384060490245126,-0.04508709476275737,0.0005733673066031209,1.8795318480904242,-0.0021279473552348743
-49.3546203801901,-0.04513662458634251,0.0005688653671191372,1.8803129859338799,-0.0021687386784394955
-49.32518027013507,-0.045191229467827325,0.0005735010659165784,1.8810950562334945,-0.002214605059543788
-49.295740160080044,-0.045251664453562525,0.0005817939417258469,1.8818780606598966,-0.002266301544898472
-49.266300050025016,-0.045296557296023936,0.0005747623859493643,1.8826620008877075,-0.002302455886979367
-49.23685993996999,-0.0453329872815508,0.0005771318568573787,1.883446878595553,-0.00233014737212571
-49.207419829914954,-0.04536546918859904,0.0005810424365188656,1.8842326954660766,-0.002353890778793423
-49.177979719859934,-0.045399291192721535,0.0005820728608603045,1.8850194531859512,-0.0023789742825354107
-49.1485396098049,-0.0454354816395954,0.0005858725655291354,1.885807153445891,-0.0024064262290287505
-49.11909949974988,-0.0454765965074062,0.0005895509161488904,1.8865957979406627,-0.0024388025964590387
-49.089659389694845,-0.04552319076546799,0.0005892735455411475,1.8873853883691005,-0.002476658354140307
-49.060219279639824,-0.04557586846920857,0.0005902806434010783,1.8881759264341138,-0.0025205975575003717
-49.03077916958479,-0.045618049651639785,0.0005853619262975519,1.8889674138427046,-0.00255404023955106
-49.00133905952977,-0.04568672560305442,0.0005774562672638553,1.8897598523059749,-0.0026139776905851897
-48.971898949474735,-0.045743508319647554,0.0005678335872749977,1.8905532435391428,-0.002662021906797797
-48.942458839419714,-0.045792051467993755,0.0005659332396238155,1.8913475892615526,-0.0027018265547634826
-48.91301872936468,-0.04584156296909175,0.0005635705979824683,1.8921428911966887,-0.0027425995554809512
-48.88357861930966,-0.04589245784293997,0.0005559905460143099,1.8929391510721865,-0.002784755928948661
-48.854138509254625,-0.04594347926418391,0.000545461971629239,1.8937363706198465,-0.002827038849812079
-48.824698399199605,-0.04599640637943514,0.0005376092565534656,1.8945345515756458,-0.0028712274646827893
-48.79525828914457,-0.04605715881671904,0.0005463330867369315,1.8953336956797515,-0.002923241401586174
-48.76581817908955,-0.04609287104089612,0.0005687352384534848,1.8961338046765315,-0.002950215125382738
-48.736378069034515,-0.046133506623420306,0.0005785773169932728,1.896934880314571,-0.002982112207526401
-48.706937958979495,-0.046201676872895,0.0005784726408764687,1.8977369243466802,-0.003041543956620582
-48.67749784892446,-0.04627240871394025,0.000586527073744161,1.8985399385299115,-0.003103537297285304
-48.64805773886944,-0.0463376160093981,0.000601514007293026,1.8993439246255694,-0.0031600060923626383
-48.618617628814405,-0.04640780641146944,0.0006153060103945046,1.9001488843992256,-0.0032214579940534616
-48.589177518759385,-0.04649645227484026,0.0006231767363871963,1.9009548196207295,-0.003301365357043763
-48.55973740870435,-0.04658507002121611,0.0006152441463570041,1.901761732064224,-0.0033812446030390964
-48.53029729864933,-0.0466738770543512,0.0006361582719533919,1.9025696235081555,-0.0034613131357936686
-48.500857188594296,-0.04674587734514751,0.000637199944709056,1.9033784957352902,-0.003524574926209459
-48.471417078539275,-0.046811533078825344,0.0006341149355977989,1.9041883505327233,-0.0035814921595067745
-48.44197696848424,-0.046875544290342276,0.0006476266087303426,1.904999189691897,-0.00363676487064319
-48.41253685842921,-0.04693468014303265,0.0006631348645173063,1.9058110150086085,-0.0036871622229530387
-48.383096748374186,-0.04698458306194602,0.0006713522899281163,1.9066238282830272,-0.003728326641485896
-48.35365663831916,-0.0470517676895395,0.0006885600719539501,1.907437631319707,-0.0037867727686988623
-48.32421652826413,-0.04713142665312515,0.0007022713670248343,1.9082524259275981,-0.0038576932319039844
-48.2947764182091,-0.04719779070428962,0.0006993944015700942,1.909068213920062,-0.003915318782687943
-48.265336308154076,-0.04725415138118808,0.0006958950889622485,1.9098849971148852,-0.0039629409592058865
-48.23589619809905,-0.04733484244954849,0.0007037911061471837,1.9107027773342917,-0.004034893527185772
-48.20645608804402,-0.047421279905377645,0.0006972760781670142,1.9115215564049564,-0.00411259248263441
-48.177015977988994,-0.0474937921526222,0.0006655566573921526,1.9123413361580193,-0.004176366229498449
-48.147575867933966,-0.047538127797544516,0.0006464065168145378,1.9131621184291001,-0.004211963374040242
-48.11813575787894,-0.047547806515206015,0.0006470095118891328,1.9139839050583092,-0.004212903591321225
-48.08869564782391,-0.04757596352016425,0.0006515189497682673,1.9148066978902643,-0.004232322095898945
-48.059255537768884,-0.04765840756080573,0.0006421757380775248,1.9156304987741026,-0.0043060276361598995
-48.02981542771386,-0.04773033815967074,0.0006414419843629006,1.9164553095634953,-0.0043692197346443945
-48.00037531765883,-0.04776149444390609,0.0006379089737058054,1.9172811321166607,-0.00439163751849922
-47.9709352076038,-0.04780751832005111,0.0006060661818778557,1.918107968296379,-0.004428922894263727
-47.941495097548774,-0.047852324808895445,0.0005992171647812011,1.9189358199700064,-0.004464990882727546
-47.91205498749375,-0.047922172474088476,0.0005940666546543816,1.9197646890094884,-0.004526100047540053
-47.88261487743872,-0.04800446563041511,0.0005873058445954387,1.9205945772913737,-0.004599654703486174
-47.85317476738369,-0.04806981419580575,0.0006013142787857016,1.9214254866968306,-0.004656264768496295
-47.823734657328664,-0.04815416131619241,0.0006242630784929295,1.922257419111658,-0.004731873388502436
-47.79429454727364,-0.04824465286576268,0.000658481838261662,1.923090376426301,-0.0048136264376921895
-47.76485443721861,-0.04834008787051092,0.0006893770503696038,1.9239243605358674,-0.004900322942059901
-47.73541432716358,-0.04842717883321073,0.0007248444298990504,1.9247593733401382,-0.004978675404379199
-47.705974217108555,-0.04850120205935662,0.0007573250731001977,1.9255954167435854,-0.005043960130144569
-47.67653410705353,-0.04856771442985602,0.0007788258081652715,1.9264324926553829,-0.005101734000263446
-47.6470939969985,-0.04865854265602432,0.0007862647049617122,1.9272706029894255,-0.00518382372605123
-47.61765388694347,-0.04878201272359828,0.0007555115022640202,1.9281097496643405,-0.005298555293244675
-47.588213776888445,-0.04892110529054567,0.0007276907216466032,1.9289499346035015,-0.005428909359811544
-47.55877366683342,-0.04899816701387056,0.0007099077186574451,1.9297911597350463,-0.005497232582755918
-47.52933355677839,-0.049053362750903134,0.0007305632725125345,1.9306334269918897,-0.0055436898194079764
-47.49989344672336,-0.049157814661538735,0.0007487557366992539,1.9314767383117375,-0.005639403229663054
-47.470453336668335,-0.04925663578692339,0.0007279860281942195,1.9323210956371035,-0.005729485854667191
-47.44101322661331,-0.04929803939022152,0.0006780389128523354,1.9331665009153225,-0.005762150957584804
-47.41157311655828,-0.04933383750373097,0.0006413006334199301,1.9340129560985666,-0.005789210570713736
-47.38213300650325,-0.04944433347597447,0.0006457607812512472,1.9348604631438597,-0.005890968042576716
-47.352692896448225,-0.049566190817913504,0.0006528550037444017,1.9357090240130925,-0.006004086884135236
-47.3232527863932,-0.04964612358653129,0.000621958938712419,1.936558640673037,-0.006075281152372498
-47.29381267633817,-0.049765128506451206,0.0006237309370323486,1.9374093150953637,-0.006185547571911899
-47.26437256628314,-0.04993960571718465,0.000647802983988105,1.938261049256654,-0.006351286282264827
-47.234932456228115,-0.050110337964961726,0.0006782048064992423,1.9391138451384196,-0.006513280029661381
-47.20549234617309,-0.050253274384372236,0.0006813273414354881,1.939967704727112,-0.006647477948691374
-47.17605223611806,-0.050318466355524255,0.0006243082616561571,1.9408226300141442,-0.006703931419462877
-47.14661212606303,-0.050313073181528785,0.0006092659392043117,1.941678622995901,-0.006689799745086884
-47.117172016008006,-0.05033671554987482,0.0007479110170831268,1.942535685673759,-0.006704703613052407
-47.08773190595298,-0.050410825268698806,0.0007908347358286195,1.9433938200540983,-0.006770074831495873
-47.05829179589795,-0.05054802245236426,0.0007760315996807162,1.94425302814832,-0.006898533514780807
-47.02885168584292,-0.05066374935526898,0.0007786738658181741,1.9451133119728623,-0.00700552191730501
-46.999411575787896,-0.050803258468610585,0.0007669142372168677,1.945974673549216,-0.007136292530266097
-46.96997146573287,-0.050957400487924596,0.0007661012199313597,1.9468371149039392,-0.007281696049199586
-46.94053135567784,-0.05103171556098538,0.0007625722209596828,1.947700638068675,-0.007347272621879855
-46.91109124562281,-0.05103790365370083,0.000719970628884078,1.948565245080165,-0.00734472221421479
-46.881651135567786,-0.051218611580007255,0.0007697967215491153,1.9494309379802686,-0.007516691640140689
-46.85221102551276,-0.05142411348502931,0.0008273253194351201,1.9502977188159765,-0.0077134550447822275
-46.82277091545773,-0.05144670001544931,0.0008988771076158721,1.951165589639427,-0.007727303074821716
-46.793330805402704,-0.051541161522755806,0.0008067855959475627,1.9520345525079246,-0.007813026081747686
-46.763890695347676,-0.05163525576580077,0.0007584157383511667,1.952904609483952,-0.007898381824412132
-46.73445058529265,-0.051689788243132244,0.0007646353916802727,1.9537757626351913,-0.007944175801363092
-46.70501047523762,-0.05178655050637069,0.0007708936549742882,1.9546480140345364,-0.008032199564221014
-46.675570365182594,-0.052028484834294335,0.0008530659775236261,1.955521365760112,-0.008265395391764144
-46.64613025512757,-0.05212419890385425,0.0008405222644076006,1.9563958198952882,-0.008352370960943545
-46.61669014507254,-0.05205987780725918,0.0007546874717375701,1.957271378528699,-0.00827931136396795
-46.58725003501751,-0.052140499252543084,0.0007130929478287331,1.958148043754257,-0.008351194308871338
-46.557809924962484,-0.05229697782163092,0.0007266418788985048,1.9590258176711717,-0.008498934377578655
-46.52836981490746,-0.05244781014364566,0.0007643589984902797,1.9599047023839646,-0.008641028199212877
-46.49892970485243,-0.05255797241079821,0.0007970475058130933,1.9607847000024887,-0.008742451965984908
-46.4694895947974,-0.05260610148495054,0.0007717211960849859,1.9616658126419422,-0.008781842539756723
-46.440049484742374,-0.05264050887280941,0.0006531967089642242,1.962548042422887,-0.00880751142723507
-46.41060937468735,-0.05287972979102484,0.0006463526480000562,1.9634313914712664,-0.009037993845069987
-46.38116926463232,-0.05318673490701645,0.0006890197873348944,1.9643158619184211,-0.009336260460681076
-46.35172915457729,-0.053377399978885055,0.0007949156508815748,1.9652014559011066,-0.00951818703216916
-46.322289044522265,-0.05353343535829979,0.0007554954162575012,1.9660881755615098,-0.009665483911203379
-46.29284893446724,-0.053677895893387784,0.0006621449180476411,1.966976023047268,-0.00980120594591085
-46.26340882441221,-0.05376606036822229,0.000704502294116447,1.9678650005114848,-0.00988063192036484
-46.23396871435718,-0.053807108698327756,0.0007760950156408374,1.9687551101127476,-0.00991294175008979
-46.204528604302155,-0.053817922441213716,0.0007457226453459254,1.9696463540151452,-0.009915016992595227
-46.17508849424713,-0.05389341483591962,0.000745312995901496,1.9705387343882865,-0.009981770886920614
-46.1456483841921,-0.05399102728271705,0.0007452505212679427,1.971432253407316,-0.010070644833337528
-46.11620827413707,-0.05422023134887427,0.000675113786939035,1.9723269132529326,-0.010291110399114227
-46.086768164082045,-0.05448403086614545,0.0006394413287219903,1.9732227161114086,-0.01054617141600489
-46.05732805402701,-0.05463489434937255,0.0006888741354422382,1.9741196641746046,-0.010688296398851466
-46.02788794397199,-0.054678619767179165,0.000758785638900778,1.9750177596399894,-0.010723283316277567
-45.998447833916956,-0.05480486040089164,0.0008424768762249524,1.9759170047106585,-0.010840785449609529
-45.969007723861935,-0.055056784992083295,0.0007706657875378211,1.9768174015953495,-0.011083971540420658
-45.9395676138069,-0.05530568017493568,0.0006056365006111697,1.977718952508464,-0.011324128222892527
-45.91012750375188,-0.05544392640840593,0.0006704592078310012,1.9786216596700807,-0.011453635955982262
-45.880687393696846,-0.05557679897447324,0.0007359449863945527,1.9795255253059798,-0.01157777002166905
-45.851247283641825,-0.05562709513113787,0.0007766279098210118,1.9804305516476552,-0.011619327677953165
-45.82180717358679,-0.05563763827958279,0.0007888540108811754,1.981336740932338,-0.011621132326017566
-45.79236706353177,-0.05569895449699885,0.000766155324885141,1.9822440954030096,-0.0116737100430531
-45.762926953476736,-0.05588390191905596,0.0007438626985196099,1.9831526173084266,-0.0118499189647297
-45.733486843421716,-0.05613090777668339,0.0007381118134285123,1.9840623089031335,-0.012088186321976613
-45.70404673336668,-0.056384994599425,0.0007499801566217138,1.9849731724474857,-0.012333534644337694
-45.67460662331166,-0.05652926487356281,0.0007620087614713688,1.9858852102076643,-0.01246906641809499
-45.645166513256626,-0.05659544176420526,0.0008268153303082761,1.9867984244556984,-0.012526504808356924
-45.615726403201606,-0.05670021341375133,0.0008872171882591759,1.987712817469482,-0.012622537957522474
-45.58628629314657,-0.05684906022831691,0.0008460690422324712,1.9886283915327945,-0.012762646271707534
-45.55684618309155,-0.05697978422001116,0.0006705143447241962,1.9895451489353166,-0.012884631763021272
-45.527406073036516,-0.05714703452577819,0.0005836482867005907,1.9904630919726531,-0.01304314356840778
-45.497965962981496,-0.057331156090987434,0.0006355864480602592,1.9913822229463496,-0.013218526633236506
-45.46852585292646,-0.05756892554975723,0.0006934772486824521,1.992302544163914,-0.013447557591625789
-45.43908574287144,-0.05782817466361557,0.0006306907974871097,1.9932240579388316,-0.013698068205103602
-45.40964563281641,-0.05795837603781074,0.0006274623004320637,1.9941467665905903,-0.013819531078918257
-45.380205522761386,-0.05804014218924417,0.0007474506793353947,1.9950706724446943,-0.013892558729971173
-45.35076541270635,-0.0582038787964298,0.0009296449868533308,1.995995777832689,-0.014047556836776276
-45.32132530265133,-0.05837659820555916,0.0009779331424229975,1.9969220850921752,-0.014211537745525124
-45.2918851925963,-0.0585184333865546,0.0009033682637810087,1.9978495965668341,-0.014344634426140042
-45.26244508254127,-0.0586752650745699,0.0008073515556193034,1.9987783146064428,-0.014492727613774826
-45.23300497248624,-0.058852629024985836,0.0006690324871316825,1.9997082415668967,-0.014661353063810244
-45.203564862431215,-0.05898548891209413,0.0006797655437126307,2.0006393798102278,-0.014785474450538016
-45.17412475237619,-0.05912538354196036,0.0007845263545034316,2.0015717317046264,-0.01491663058002373
-45.14468464232116,-0.05936727706302717,0.0008315785683055178,2.0025052996244592,-0.015149785600710015
-45.11524453226613,-0.059634182234820275,0.0008595051408128531,2.0034400859502917,-0.015407952272122605
-45.085804422211105,-0.059763836168305884,0.0008993627211953519,2.0043760930689065,-0.015528867705227697
-45.05636431215608,-0.05975302191798887,0.0008145499817130698,2.0053133233733247,-0.01550931495453016
-45.02692420210105,-0.05978595344624408,0.0007019404463859801,2.006251779262825,-0.015533507982404854
-44.99748409204602,-0.05995394310268023,0.000593772337999886,2.007191463142967,-0.015692759138460487
-44.968043981990995,-0.06020695089474484,0.0006078568449047705,2.0081323774256075,-0.01593702843014458
-44.93860387193597,-0.06041421802809411,0.0007777195964835964,2.0090745245289257,-0.01613555706311333
-44.90916376188094,-0.06060133692022009,0.000926714870704615,2.0100179068774406,-0.016313937454858797
-44.87972365182591,-0.060724472919103066,0.0009744946634315857,2.010962526902033,-0.016428334953361247
-44.850283541770885,-0.06077624055128442,0.0008753695343284704,2.0119083870399663,-0.016471364085162088
-44.82084343171586,-0.0609069626362136,0.0007836540127805701,2.012855489734908,-0.016593347669710747
-44.79140332166083,-0.06105902826539683,0.0008111804211970711,2.013803837436949,-0.016736674798513457
-44.7619632116058,-0.061281853776120276,0.0008350957939808659,2.0147534326026273,-0.016950761808856386
-44.732523101550775,-0.06147259442550627,0.0008274988777034078,2.015704277694947,-0.01713276395786186
-44.70308299149575,-0.061615989622912565,0.0007947082373925928,2.0166563751834015,-0.017267420654887636
-44.67364288144072,-0.061700970235622765,0.0008365851254724737,2.017609727543992,-0.01734366276721732
-44.64420277138569,-0.061842135476781496,0.0009160980198213504,2.0185643372592526,-0.017476089507995535
-44.614762661330666,-0.0620318652301567,0.0009268789089624249,2.0195202068182687,-0.017657080760990214
-44.58532255127564,-0.0622228237870062,0.0008995103868563389,2.020477338716701,-0.0178393008174592
-44.55588244122061,-0.062301673249947294,0.0008520820040710323,2.0214357354568055,-0.017909411780019778
-44.52644233116558,-0.06249570370749358,0.0008117831608430633,2.022395399547456,-0.01809470373718554
-44.497002221110556,-0.06279025886689665,0.0008002987026534241,2.0233563335041667,-0.0183805203962081
-44.46756211105553,-0.06295610726929156,0.0008229876823326002,2.0243185398491126,-0.018537630298222488
-44.4381220010005,-0.06296544217254266,0.000831649865170387,2.025282021111153,-0.018538226701093063
-44.40868189094547,-0.06298194762512743,0.0008224885639395054,2.0262467798258528,-0.018545993653297323
-44.379241780890446,-0.06312374799704752,0.0008052214924888066,2.0272128185355047,-0.018679055524836896
-44.34980167083542,-0.06327127195753805,0.0007819149569215818,2.028180139789153,-0.018817840984946904
-44.32036156078039,-0.06339115979116144,0.0007551012157235303,2.0291487461426136,-0.01892899031818978
-44.290921450725364,-0.06360435023030324,0.0006633456339442953,2.0301186401584985,-0.019133442256951058
-44.261481340670336,-0.06386070495158672,0.0005619608133834297,2.031089824406238,-0.019381058477854013
-44.23204123061531,-0.06397515426511736,0.0005650281876805198,2.0320623014621018,-0.019486769291004145
-44.20260112056028,-0.06402560162592717,0.0006065775039236869,2.0330360739092246,-0.019528478151433437
-44.173161010505254,-0.06408867099187944,0.0006432006280972677,2.034011144337626,-0.01958280901700518
-44.14372090045023,-0.06418979956555265,0.0006637978504522768,2.034987515344236,-0.019675199090297878
-44.1142807903952,-0.06431784550589723,0.0006519651783373612,2.0359651895329165,-0.019794506530261935
-44.08484068034017,-0.06446294817289745,0.0006049965249441252,2.036944169514485,-0.01993087069688164
-44.055400570285144,-0.06459658273014669,0.0005651346666137871,2.0379244579067377,-0.020055766753750363
-44.02596046023012,-0.06469949311912061,0.0005592494910874367,2.0389060573344726,-0.020149938642343768
-43.99652035017509,-0.06479405944328857,0.0005921163716455014,2.0398889704295136,-0.020235766466131205
-43.96708024012006,-0.06490201797432382,0.0006410607095007124,2.0408731998307332,-0.020334986496785938
-43.937640130065034,-0.06501491410665242,0.000677276758058171,2.0418587481840773,-0.020439144128734016
-43.90820002001001,-0.06512809132446087,0.0006896805155139526,2.042845618142587,-0.02054358284616195
-43.87875990995498,-0.0652388181117763,0.0006531502294770723,2.043833812366425,-0.02064557113309686
-43.84931979989995,-0.06537061925082771,0.0006010642385983356,2.0448233335228965,-0.020768633771767755
-43.819879689844925,-0.06546216347641466,0.0005855955686326666,2.045814184286476,-0.020851439496974183
-43.7904395797899,-0.06554185108021852,0.0005844956815299931,2.0468063673388293,-0.02092238860039753
-43.76099946973487,-0.0656149208706052,0.0005944798543320269,2.0477998853688386,-0.020986719890403696
-43.73155935967984,-0.0656964515502419,0.0005901200023062975,2.0487947410726277,-0.021059512069659864
-43.702119249624815,-0.06579016698276995,0.0005601264782156954,2.0497909371535843,-0.021144489001807397
-43.67267913956979,-0.0658756975583335,0.0005342962055705746,2.0507884763223863,-0.02122128107699043
-43.64323902951476,-0.06594494660171778,0.0005276763388886772,2.0517873612970248,-0.02128179161999419
-43.61379891945973,-0.06603812807285213,0.0005230885833030581,2.052787594802831,-0.021366234590748025
-43.584358809404705,-0.06613017236927836,0.0005246583819818083,2.0537891795724983,-0.021449540386793732
-43.55491869934968,-0.0662190987795284,0.0005235496814700134,2.0547921183461098,-0.02152972829666326
-43.52547858929465,-0.06630281830113431,0.000529658615838034,2.0557964138711613,-0.021604709317888653
-43.49603847923962,-0.06637700704725673,0.0005315694052985531,2.056802068902587,-0.021670159563630546
-43.466598369184595,-0.06642676652655093,0.0005150510706453081,2.057809086202785,-0.02171118054254423
-43.43715825912957,-0.06646221670858869,0.000493375876999196,2.0588174685416427,-0.02173789222420147
-43.40771814907454,-0.06650624123558525,0.00049775824409704,2.059827218696562,-0.021773178250817517
-43.37827803901951,-0.06655484739473097,0.0005156082334362641,2.060838339452484,-0.021813045909582718
-43.348837928964485,-0.06660760609797803,0.0005380853255548589,2.0618508336019157,-0.021857066112449253
-43.31939781890946,-0.06665844953097963,0.0005573238026155445,2.062864703944955,-0.02189917104507034
-43.28995770885443,-0.06669900745085448,0.0005672111187615097,2.0638799532893177,-0.021930990464564676
-43.260517598799396,-0.06673018088482698,0.0005625541090540261,2.064896584450362,-0.021953425398156645
-43.231077488744376,-0.06674609817942166,0.0005456628242530209,2.0659146002511144,-0.021960604192370815
-43.20163737868934,-0.06674671397150093,0.0005184665893238256,2.0669340035222983,-0.021952481484069572
-43.17219726863432,-0.06673664387548343,0.0004922179334423819,2.0679547971023555,-0.02193367288767155
-43.142757158579286,-0.06674361237649258,0.000511977539050054,2.068976983837479,-0.02193190288830018
-43.113317048524266,-0.06673186912266162,0.0005375831436669209,2.0700005665816334,-0.0219114211340887
-43.08387693846923,-0.06671485854040286,0.0005367075977860668,2.0710255481965856,-0.021885672051449423
-43.05443682841421,-0.06668714541932969,0.0004950465900800463,2.0720519315519272,-0.02184922042999573
-43.024996718359176,-0.06666227691998,0.00045300822452901346,2.073079719525108,-0.02181561343026553
-42.995556608304156,-0.06667597069193919,0.0005156505090114675,2.074108915001455,-0.021820568701844192
-42.96611649824912,-0.06674534170188402,0.0006336695225104462,2.075139520874206,-0.02188120121140851
-42.9366763881941,-0.06675154179489362,0.0006453369416691967,2.0761715400445317,-0.021878662804037594
-42.90723627813907,-0.06666365926886725,0.0005758537565465877,2.077204975421568,-0.021782041777630698
-42.877796168084046,-0.06661420298288558,0.0005502960163489797,2.078239829922437,-0.02172384699126851
-42.84835605802901,-0.06659678780057406,0.0004612318909329417,2.079276106472281,-0.021697693308576474
-42.81891594797399,-0.06659934212114622,0.00042824395010106225,2.0803138080042847,-0.02169150912876812
-42.78947583791896,-0.06662464929274152,0.0004012003438708566,2.0813529374597075,-0.0217080777999829
-42.76003572786394,-0.06664369015212222,0.00036640652758804454,2.0823934977879066,-0.021718380158983086
-42.7305956178089,-0.06652446278527192,0.000345363322661587,2.0834354919463696,-0.021590414291752263
-42.70115550775388,-0.06638494196963186,0.00039197604173442537,2.0844789229007374,-0.021442154975731688
-42.67171539769885,-0.06629624488429933,0.0003923840477780259,2.0855237936248385,-0.021344719390018634
-42.64227528764383,-0.06625712215012557,0.0002919309718309564,2.086570107100711,-0.02129685815546435
-42.61283517758879,-0.06616409237383729,0.00015846131442005183,2.0876178663186358,-0.021195089878795557
-42.58339506753377,-0.06600600267060662,0.00024000569916509488,2.088667074277161,-0.021028261675184373
-42.55395495747874,-0.06600914150998824,0.00039298284432600034,2.0897177339831354,-0.02102266201418547
-42.52451484742372,-0.06601996374360711,0.0003392308258337096,2.0907698484517323,-0.02102474574742382
-42.49507473736868,-0.06592382117345132,0.0003347706264663838,2.0918234207064814,-0.020919864676887508
-42.46563462731366,-0.06581764764749999,0.00034423283562145764,2.092878453779297,-0.020804952650555666
-42.43619451725863,-0.06577123169892511,0.0002600225845225888,2.0939349507105067,-0.020749798201600264
-42.40675440720361,-0.06571691984183779,0.00015394667024597574,2.09499291454888,-0.020686747844132436
-42.37731429714857,-0.0656024891091885,0.0002385913981731371,2.096052348351661,-0.020563578611102626
-42.34787418709355,-0.06544057465127921,0.00028949086651963073,2.0971132551845924,-0.020392925652812817
-42.31843407703852,-0.06532560169152403,0.00025574589749034917,2.09817563812195,-0.02026921419267711
-42.2889939669835,-0.06530968158920493,0.00012805350814046245,2.0992395002465685,-0.020244555589977495
-42.25955385692846,-0.06519775754887695,9.963561446298229e-05,2.1003048446498767,-0.020123893049268995
-42.23011374687344,-0.06507044111491588,0.00028525110452002895,2.1013716744319195,-0.01998783811492741
-42.20067363681841,-0.06490668887328492,0.00035238752802825525,2.102439992701396,-0.01981534737291593
-42.17123352676339,-0.06477356988729552,0.0003326098298288786,2.1035098025756844,-0.019673489886546013
-42.14179341670835,-0.06468658073931044,0.0002929904029899351,2.104581107180875,-0.01957776223818041
-42.11235330665333,-0.06462218933939173,0.00029162201259921926,2.1056539096517977,-0.01950463233788119
-42.0829131965983,-0.06445255933244759,0.00022960997185704203,2.1067282131320577,-0.019326263830556523
-42.05347308654328,-0.0642865110484849,0.00020317215544241764,2.1078040207740605,-0.019151477046213325
-42.02403297648824,-0.06412278046389262,0.0002781010428501939,2.1088813357390475,-0.018979007961240524
-41.99459286643322,-0.06402214312379999,0.0002666402001080932,2.1099601611971215,-0.018869632120767373
-41.96515275637819,-0.06395834328492896,0.00022653321019091877,2.1110405003272854,-0.018797093781515818
-41.93571264632317,-0.06378499104907685,0.0001992375863712584,2.112122356317465,-0.0186150030452832
-41.90627253626813,-0.0635713321608301,0.00020645664134217773,2.113205732364548,-0.018392605656655917
-41.87683242621311,-0.0633906474112076,0.00019043316657882026,2.1142906316744083,-0.01820318240665291
-41.84739231615808,-0.06324988512364355,0.00015745406191566537,2.1153770574619455,-0.018053681618708337
-41.81795220610306,-0.0630661674079833,0.00016917104200201645,2.1164650129511084,-0.01786122540266758
-41.788512096048024,-0.0628615553483358,0.00011691417912232545,2.117554501374934,-0.017647874842639556
-41.759071985993,-0.06272434130500039,0.00015782457062163486,2.118645525975574,-0.017501922298923625
-41.72963187593797,-0.06257123267458552,0.00020357407339551377,2.119738090004332,-0.01734007516812823
-41.70019176588294,-0.06244515038435505,0.00016494008707888962,2.1208321967216905,-0.01720525437751725
-41.670751655827914,-0.06231995429062584,4.271981539861782e-05,2.1219278493973484,-0.01707131978340752
-41.641311545772886,-0.06219271389528591,7.465789875058035e-05,2.123025051310249,-0.01693534088768707
-41.61187143571786,-0.062025907845596896,0.00012556263978241277,2.1241238057486167,-0.01675979633761754
-41.58243132566283,-0.061722264952183074,9.82447565631928e-05,2.1252241160099876,-0.0164474149438232
-41.552991215607804,-0.0613016780561293,8.823530552148196e-05,2.126325985401243,-0.016018089547388904
-41.52355110555278,-0.06108823491561561,0.00022904644881563784,2.127429417238641,-0.015795907906494697
-41.49411099549775,-0.061208112791024,0.00015328165442388104,2.1285344148478544,-0.01590704728152257
-41.46467088544272,-0.06114125531529185,0.00016506732516285096,2.1296409815639974,-0.015831451305409895
-41.435230775387694,-0.06091954977516096,0.00022955054643752175,2.130749120731666,-0.015601007264898492
-41.40579066533267,-0.06072697168117632,0.00018913656397802966,2.1318588357049655,-0.015399690670533338
-41.37635055527764,-0.060523715427124695,0.0001301000315770618,2.132970129847549,-0.015187695916101189
-41.34691044522261,-0.0603761065173232,6.180393154461665e-05,2.1340830065326495,-0.015031348505919175
-41.317470335167584,-0.06024428000054826,7.630714477858878e-05,2.1351974691431144,-0.014890783488763722
-41.28803022511256,-0.060035769729240955,0.00015548750900325632,2.136313521071438,-0.014673534717075894
-41.25859011505753,-0.05978240646057417,0.00021983338951772323,2.137431165719799,-0.014411432948028595
-41.2291500050025,-0.059589767197283906,0.00023951733954572998,2.1385504065000935,-0.014210055184357813
-41.199709894947475,-0.05940141843719788,0.0002791875308919513,2.1396712468339687,-0.014012967923891263
-41.17026978489245,-0.05919780731034172,0.00026367802812817795,2.14079369015286,-0.01380061829665459
-41.14082967483742,-0.05901827234348148,0.00022053486453087746,2.141917739898024,-0.013612344829413835
-41.11138956478239,-0.058851724082797215,0.00028326347316893233,2.1430433995205753,-0.013437058068349043
-41.081949454727365,-0.058667781540838765,0.0003293040530762619,2.14417067248152,-0.013244377026010078
-41.05250934467234,-0.05851645357235243,0.00032829177478966274,2.1452995622517936,-0.013084310557143222
-41.02306923461731,-0.05844901774042374,0.0002779825784584555,2.1464300723122935,-0.013008136224834016
-40.99362912456228,-0.05834333146665571,0.0002547835252929006,2.1475622061539186,-0.01289371145068547
-40.964189014507255,-0.05802851133261272,0.0003196976746125047,2.1486959672776007,-0.012570152816261955
-40.93474890445223,-0.05776744401357536,0.00020437527185165606,2.149831359194345,-0.012300346996844076
-40.9053087943972,-0.057592724527372074,9.221071330717815e-05,2.1509683854252644,-0.012116889010260277
-40.87586868434217,-0.05748470483764523,0.00020452688065870992,2.1521070495016135,-0.012000130820152909
-40.846428574287145,-0.0573791119165834,0.00025825129997492606,2.1532473549648308,-0.011885799398710567
-40.81698846423212,-0.05720258236551604,0.00015745279763470404,2.1543893053665695,-0.011700531347262684
-40.78754835417709,-0.056971666009538346,5.7044204833401696e-05,2.155532904268738,-0.011460876490904472
-40.75810824412206,-0.05678885907167247,0.0001299922882970612,2.156678155243537,-0.01126933105265808
-40.728668134067036,-0.05669329853016311,0.0001986302108674754,2.157825061873494,-0.011165032010768197
-40.69922802401201,-0.05663438582202588,0.00022634213668375897,2.1589736277515033,-0.01109738080225045
-40.66978791395698,-0.056539862689812787,0.00016393518008977166,2.1601238564808614,-0.01099411916965684
-40.64034780390195,-0.05633035110057443,6.954758170923443e-05,2.161275751675307,-0.010775869080037963
-40.610907693846926,-0.056112522287491286,0.0001252931874402367,2.1624293169590576,-0.010549301766574301
-40.5814675837919,-0.055945920038022255,7.308477115024999e-05,2.163584555966847,-0.010373961016724755
-40.55202747373687,-0.055790603854918054,4.476547988886048e-05,2.1647414723439637,-0.01020990633324003
-40.52258736368184,-0.05567248409222397,6.928789916490863e-05,2.1659000697462902,-0.010083048070165433
-40.493147253626816,-0.055517659656037645,3.386601785211016e-05,2.1670603518403415,-0.00991948513359859
-40.46370714357179,-0.055296632997167715,7.585524071052539e-05,2.1682223223033015,-0.009689719974348136
-40.43426703351676,-0.055113627418848954,6.996133841697472e-05,2.169385984823065,-0.00949797589564886
-40.404826923461734,-0.05507662232278975,7.934551875403123e-05,2.1705513430982744,-0.009452232299209141
-40.375386813406706,-0.054964988592887544,0.0001646024304754688,2.17171840083836,-0.00933186006892641
-40.34594670335168,-0.05477984987895331,0.00015379537621587817,2.172887161763579,-0.009137982854611662
-40.31650659329665,-0.05463037547159194,5.691208642324132e-05,2.174057629605055,-0.008979769946869776
-40.287066483241624,-0.05445888158663484,8.293074095314439e-05,2.175229808104818,-0.00879953756153215
-40.257626373186596,-0.054339260643228915,0.00016428241732820958,2.176403701015844,-0.00867117811774571
-40.22818626313157,-0.054269405136342624,0.0002557549666814275,2.177579312102095,-0.008592584110478904
-40.19874615307654,-0.054162437642254035,0.00010905364331602899,2.17875664513856,-0.008476878116009792
-40.169306043021514,-0.053974311112302754,0.00010338321743736137,2.179935703911293,-0.008280013085677995
-40.13986593296649,-0.05380121280945851,9.898524995517968e-05,2.1811164922174577,-0.008098176282453233
-40.11042582291145,-0.05363190225121045,0.00020695355302380067,2.182299013865365,-0.007920127223824652
-40.08098571285643,-0.05337742886535404,0.00015545424216631504,2.183483272674513,-0.007656915337587729
-40.0515456028014,-0.053278490703388214,4.1711029826269934e-05,2.1846692724756336,-0.0075492386752413765
-40.02210549274638,-0.05316556468293528,5.2565724213310404e-05,2.185857017110727,-0.00742757415440793
-39.99266538269134,-0.05298314090544599,2.2669379243452136e-05,2.1870465104331083,-0.007236411876538118
-39.96322527263632,-0.052811712281769375,0.00011239879800482706,2.1882377563074455,-0.00705624475248099
-39.93378516258129,-0.052719917536429704,0.00013181803443413322,2.1894307586098054,-0.006955711506760796
-39.90434505252627,-0.052675914032606075,3.810282644377625e-05,2.1906255212276906,-0.006902969502556651
-39.87490494247123,-0.052578868269114655,6.173366615099148e-05,2.1918220480600876,-0.006797185238684708
-39.84546483241621,-0.052457654278822485,7.0816290475678e-05,2.1930203430175026,-0.0066672327480120225
-39.81602472236118,-0.052283740786117326,0.00012586428679582353,2.194220410022011,-0.00648458075492634
-39.78658461230616,-0.05208059893551492,0.00011112256426578207,2.1954222530072935,-0.006272700403943426
-39.75714450225112,-0.05195355232623567,0.0001558746921250047,2.196625875918686,-0.006136915294283653
-39.7277043921961,-0.05183154108304499,0.0001807983614300322,2.197831282713215,-0.006006165550712456
-39.69826428214107,-0.05176369530533045,0.00013045643410789735,2.1990384773596485,-0.00592958127261739
-39.66882417208605,-0.05169269829363615,8.93923385800253e-05,2.200247463838534,-0.00584984576054258
-39.63938406203101,-0.051558207229618847,9.967862096780597e-05,2.2014582461422454,-0.005706616196144751
-39.60994395197599,-0.051409370196989046,0.00015933798945633464,2.202670828275026,-0.005549040663134441
-39.58050384192096,-0.0513311343407906,0.0001666614365658685,2.2038852142530323,-0.00546206630655547
-39.55106373186594,-0.051278461257656144,0.0001212314162463352,2.2051014081043783,-0.0054006547230405
-39.5216236218109,-0.05123895671571954,0.00013708304885509068,2.2063194138691813,-0.005352411680723375
-39.49218351175588,-0.051194431872692035,0.00019866249474705125,2.2075392355996035,-0.005299148337315353
-39.46274340170085,-0.051167575273342224,0.00022265194275597074,2.208760877359903,-0.005263553237585018
-39.43330329164583,-0.05113979200740648,0.00017517005778810792,2.2099843432264703,-0.005227031471268767
-39.40386318159079,-0.05108069762353678,0.0001313828237826394,2.211209637287883,-0.005159198587018542
-39.37442307153577,-0.05101376788104426,0.0001139183169984883,2.212436763644943,-0.0050835303441455065
-39.34498296148074,-0.05095308884422697,9.541445408223678e-05,2.213665726410729,-0.00501411280694769
-39.31554285142572,-0.05088773678327078,5.672408984783986e-05,2.2148965297106367,-0.004940022245610985
-39.286102741370684,-0.05080305217575446,8.006242713275411e-05,2.2161291776824306,-0.004846599137714146
-39.25666263131566,-0.05071854721913915,0.00015865027200941774,2.217363674476284,-0.004753355680718316
-39.22722252126063,-0.050628046472991024,0.0002136945479973146,2.2186000242548327,-0.004654116434189677
-39.19778241120561,-0.05054066261332579,0.00024034158068319847,2.2198382311932154,-0.00455799407414393
-39.168342301150574,-0.05050208924539503,0.00021888335029828974,2.221078299479126,-0.0045106822058326446
-39.13890219109555,-0.050489627880728576,0.00018182779429897457,2.2223202333128547,-0.0044894823407856735
-39.10946208104052,-0.05043793540620606,0.00018110076079077322,2.2235640369073426,-0.004429051365882633
-39.0800219709855,-0.05033856200847628,0.00025228180430343086,2.2248097144882233,-0.0043209394677723376
-39.050581860930464,-0.05024389066887187,0.0003647712085974308,2.226057270293875,-0.00421752962778741
-39.021141750875444,-0.05016815934744658,0.00043553468611235373,2.227306708575464,-0.004133059805981602
-38.99170164082041,-0.05010923189342667,0.00046412152634712144,2.2285580335969994,-0.004065393851581174
-38.96226153076539,-0.05007556860494495,0.00047490992130401504,2.2298112496353752,-0.004022992062718937
-38.932821420710354,-0.05010495635485407,0.0004044131551749272,2.2310663609804227,-0.004043641312247534
-38.903381310655334,-0.05010907330982892,0.0003581004806311003,2.232323371934958,-0.004039019766841873
-38.8739412006003,-0.05008349299674373,0.00034092725181626894,2.233582286814833,-0.004004700953376163
-38.84450109054528,-0.05004032056189309,0.00033983973816540525,2.234843109948981,-0.003952790018144997
-38.815060980490244,-0.04998533381906602,0.0003517582532235778,2.2361058456794725,-0.0038890647749374174
-38.785620870435224,-0.04993955883410137,0.0003755839969145082,2.237370498361557,-0.0038345512895922515
-38.75618076038019,-0.04991344138541559,0.00038767702208145527,2.238637072363722,-0.0037996953405259465
-38.72674065032517,-0.04987643407052864,0.0004051190901780554,2.2399055720677334,-0.003753949525258482
-38.697300540270135,-0.04984664335172299,0.0004118312270275983,2.2411760018686966,-0.0037154203060723104
-38.667860430215114,-0.04982655764378166,0.000407392143793755,2.2424483661750982,-0.003686596097750461
-38.63842032016008,-0.049809925265474536,0.00040077908575459074,2.2437226694088634,-0.0036612252190628206
-38.60898021010506,-0.049796099389883476,0.00039644946580394636,2.244998916005402,-0.0036386608430912445
-38.579540100050025,-0.04978501046913562,0.00039170506806408654,2.246277110413666,-0.0036188334219628623
-38.550099989995005,-0.049770533898226325,0.0003810484584797823,2.2475572570961933,-0.003595618350673055
-38.52065987993997,-0.049754227582560435,0.00037890535975470684,2.248839360529168,-0.003570573534626649
-38.49121976988494,-0.04973485980080385,0.0003803699005188402,2.250123425202467,-0.0035424672524895437
-38.461779659829915,-0.049721650009536676,0.00037639775365276205,2.2514094556197137,-0.003520518960841851
-38.43233954977489,-0.04971209458036941,0.00037837961087161894,2.2526974562983324,-0.003502225031294069
-38.40289943971986,-0.049702954677580784,0.00038564715363872926,2.2539874317695983,-0.0034843466281249194
-38.37345932966483,-0.04969057312872576,0.00039374033086543277,2.2552793865786938,-0.0034632265788893807
-38.344019219609805,-0.04967756279503033,0.0004004602236375706,2.2565733252847586,-0.0034414777448134246
-38.31457910955478,-0.04966902775379344,0.00041024526419930057,2.257869252460946,-0.0034242042031960226
-38.28513899949975,-0.049656525868774525,0.0004205632846839723,2.2591671726944758,-0.0034029638177965893
-38.25569888944472,-0.04964215263355622,0.0004311100072346978,2.2604670905866877,-0.003379852082197765
-38.226258779389696,-0.049638464289764685,0.0004380182071853162,2.261769010753097,-0.0033674252380257105
-38.19681866933467,-0.04963325380616034,0.00044775126793754685,2.263072937823449,-0.003353476254040845
-38.16737855927964,-0.04962594222039262,0.00045044873626608043,2.2643788764417714,-0.003337426167892607
-38.13793844922461,-0.04961853954939712,0.0004452359609770242,2.2656868312664344,-0.003321284996516592
-38.108498339169586,-0.04961366980996614,0.00043794378700468743,2.266996806970201,-0.00330767675670509
-38.07905822911456,-0.04961287377206023,0.0004302874101640745,2.268308808240286,-0.003298142218418662
-38.04961811905953,-0.04961500839430979,0.00042313079074068183,2.26962283977841,-0.0032915383402877044
-38.0201780090045,-0.04961044512579809,0.00041737264890095283,2.2709389063008567,-0.0032782365713954834
-37.990737898949476,-0.04960493603915659,0.00041049065525238545,2.2722570125385286,-0.003263988984373467
-37.96129778889445,-0.049603274723139,0.0004071406853827012,2.273577163237005,-0.003253589167975364
-37.93185767883942,-0.04960902632909703,0.0003994556624023465,2.274899363156597,-0.003250602273552866
-37.902417568784394,-0.049614473049872765,0.0003879248734707577,2.2762236170724055,-0.003247310493948087
-37.872977458729366,-0.04961497245434804,0.00037773919834476686,2.2775499297743798,-0.003239071398042845
-37.84353734867434,-0.04961196721818236,0.0003707835471457651,2.278878306067374,-0.0032273276614966442
-37.81409723861931,-0.049606541287987756,0.00036464927560034944,2.2802087507712048,-0.003213163230921523
-37.784657128564284,-0.04960434304941578,0.00035820734320273677,2.2815412687207117,-0.0032022264919690305
-37.755217018509256,-0.04961159249095664,0.0003487793332174861,2.2828758647658134,-0.003200737433129368
-37.72577690845423,-0.049619605279489554,0.000335714868083195,2.284212543771568,-0.003200011721281766
-37.6963367983992,-0.0496237416847047,0.00032341783060399384,2.285551310618231,-0.003195409626116398
-37.666896688344174,-0.04962417051667969,0.0003094749946462246,2.286892170201316,-0.003187099957710861
-37.63745657828915,-0.04962134114333988,0.000298641100445066,2.288235127431654,-0.0031755320839905385
-37.60801646823412,-0.04961907945642922,0.0002964048653957928,2.2895801872354524,-0.003164531896699359
-37.57857635817909,-0.04961891910651583,0.0003011201630249794,2.2909273545543556,-0.003155633046405447
-37.549136248124064,-0.04961524825485666,0.0003026289277157517,2.2922766343455074,-0.00314322369436576
-37.51969613806904,-0.04960483035143199,0.00029563923647967123,2.293628031581608,-0.003124067290560577
-37.49025602801401,-0.04959525825171127,0.00029825569072368586,2.29498155125098,-0.0031057566904593367
-37.46081591795898,-0.04958561853715621,0.0003071243373143465,2.296337198357624,-0.003087378475523761
-37.431375807903954,-0.04958384755872399,0.00031136455350367845,2.2976949779212865,-0.0030768689967110227
-37.40193569784893,-0.049583590023110295,0.0003214226406464229,2.2990548949775165,-0.003067872960716804
-37.3724955877939,-0.04958367992176926,0.00034228940142803574,2.300416954577731,-0.0030592243589952495
-37.34305547773887,-0.04958562707414938,0.0003671779884639214,2.301781161789276,-0.003052433010994858
-37.313615367683845,-0.049580439656833265,0.0003825244671951605,2.30314752169549,-0.003038507093298219
-37.28417525762882,-0.04956955965189166,0.0003958705328730144,2.3045160393957675,-0.0030188885879760957
-37.25473514757379,-0.04957674563878702,0.0004255261468492749,2.3058867200056214,-0.0030173360744909436
-37.22529503751876,-0.049595209292185506,0.0004508359319732508,2.307259568656747,-0.003027061227508905
-37.195854927463735,-0.049605265763332185,0.00046690753428661904,2.3086345904970877,-0.0030283791982750677
-37.16641481740871,-0.04960501038897275,0.00048569395471329934,2.3100117906908966,-0.003019385323535115
-37.13697470735368,-0.04960166126190408,0.0005075604682214551,2.311391174418803,-0.003007297696085924
-37.10753459729865,-0.049601630448362015,0.0005233282139766707,2.3127727468778763,-0.002998528382163343
-37.078094487243625,-0.04960217741763986,0.0005266622537092336,2.314156513281693,-0.0029903368510606695
-37.0486543771886,-0.04960121484118732,0.0005222104888075482,2.3155424788604,-0.002980635774227608
-37.01921426713357,-0.0496008041819406,0.0005197905316516213,2.316930648860783,-0.002971486614600373
-36.98977415707854,-0.04959601790042222,0.0005136501766404821,2.31832102854633,-0.0029579618327014792
-36.960334047023515,-0.04959673529733329,0.0005069361452923533,2.319713623197299,-0.002949940729232027
-36.93089393696849,-0.0495983497634363,0.0005009558240744827,2.3211084381107865,-0.0029428166949545184
-36.90145382691345,-0.04959283709253148,0.0004963398113503084,2.3225054786007924,-0.0029285655236691785
-36.87201371685843,-0.04957706699387798,0.0004933370213455321,2.3239047499982872,-0.002904056924635162
-36.8425736068034,-0.04955750127148912,0.0004872184925743365,2.325306257651283,-0.002875752701865776
-36.81313349674838,-0.049542756676786,0.00047507468756864386,2.326710006924897,-0.00285226960678215
-36.78369338669334,-0.049535081532744885,0.0004586751594594099,2.3281160032014254,-0.002835855962360509
-36.75425327663832,-0.04952799498533922,0.0004410458555468884,2.329524251880406,-0.002820030914574327
-36.72481316658329,-0.049524415395893605,0.00043317448771015724,2.3309347583786932,-0.0028077128247481903
-36.69537305652827,-0.049525474922208886,0.00042272570984443344,2.3323475281305233,-0.002800033850682955
-36.665932946473234,-0.04953184030214788,0.000411222743685713,2.333762566587587,-0.0027976607302414233
-36.63649283641821,-0.04954143855908418,0.0004048472981060785,2.3351798792190968,-0.0027985204867972124
-36.60705272636318,-0.04955327215761433,0.00039914007194276373,2.3365994715118603,-0.0028016155849468413
-36.57761261630816,-0.04956770278290399,0.0003872414285723885,2.338021348970349,-0.0028073077098559884
-36.548172506253124,-0.04959018958225331,0.0003724887961332062,2.3394455171167707,-0.0028210560088247835
-36.518732396198104,-0.04961669278556292,0.0003590392347047393,2.3408719814911394,-0.002838820711753877
-36.48929228614307,-0.049643924147321584,0.0003507700493855097,2.34230074765135,-0.0028573135731320212
-36.45985217608805,-0.04966505029045634,0.00035075334546058086,2.3437318211732463,-0.0028697012158862625
-36.430412066033014,-0.04968217302411734,0.0003555093211404182,2.345165207650698,-0.002878085449166748
-36.400971955977994,-0.04969516853953928,0.00036028751897805475,2.34660091269567,-0.002882342464208161
-36.37153184592296,-0.049704995632697875,0.0003607519640137328,2.3480389419382988,-0.002883431056986241
-36.34209173586794,-0.049713620066351355,0.0003564164116706971,2.3494793010269617,-0.002883316990259205
-36.312651625812904,-0.04972066297126712,0.00035447590361589656,2.3509219956283562,-0.002881621394794448
-36.283211515757884,-0.04972173088687814,0.0003591320252592543,2.35236703142757,-0.00287395081002495
-36.25377140570285,-0.04972845547837179,0.0003656069359811827,2.3538144141281583,-0.0028719369011380863
-36.22433129564783,-0.04974620805339003,0.0003641957563998532,2.3552641494522155,-0.0028809509757758006
-36.194891185592795,-0.04975998898719033,0.0003679333397474169,2.356716243140457,-0.0028859934091955836
-36.165451075537774,-0.04976631571839868,0.00037601473927667003,2.3581707009522863,-0.0028835816400234193
-36.13601096548274,-0.049771030189297606,0.0003818789143661904,2.3596275286658797,-0.0028795576105418233
-36.10657085542772,-0.04977475937018692,0.0003875040133015733,2.361086732078255,-0.0028745482910506187
-36.077130745372685,-0.049775325600639096,0.0003955308540126677,2.362548317005356,-0.0028663760211222813
-36.047690635317664,-0.049771465376437785,0.0004074470107928355,2.3640122892821234,-0.0028537772965404468
-36.01825052526263,-0.04977390878916054,0.000422422729951561,2.365478654762576,-0.0028474822088826873
-35.98881041520761,-0.04978409802664196,0.0004283454393497716,2.3669474193198874,-0.0028489329459835885
-35.959370305152575,-0.04979711666950756,0.0004360223991163726,2.368418588846466,-0.00285321308846867
-35.929930195097555,-0.049796968651368796,0.0004578590584804215,2.3698921692540296,-0.0028443265699493875
-35.90049008504252,-0.04978975059106692,0.00047659718777284457,2.371368166473692,-0.0028283700092669936
-35.8710499749875,-0.04978040479011773,0.0004849077289923979,2.3728465864560335,-0.002810285707937281
-35.841609864932465,-0.049772047407275664,0.0004873820161031144,2.3743274351711894,-0.002793189824714701
-35.812169754877445,-0.049766557712983404,0.0004883336512643956,2.3758107186089235,-0.002778961630041925
-35.78272964482241,-0.049764767496170696,0.00048488358817485076,2.3772964427787144,-0.0027684329128486937
-35.75328953476739,-0.049771304192776596,0.0004787342174170413,2.378784613709832,-0.002766231109074077
-35.723849424712355,-0.04978191135366391,0.0004739771454978592,2.3802752374514218,-0.0027680997695808673
-35.694409314657335,-0.049793986415414694,0.0004596025792474019,2.3817683200725863,-0.0027714363309511367
-35.6649692046023,-0.049806847658961616,0.000440179114188966,2.3832638676624684,-0.0027755590741175423
-35.63552909454728,-0.04981183312675335,0.0004246127931876215,2.3847618863303306,-0.0027718060415287613
-35.606088984492246,-0.04981564673562172,0.00040866917696236627,2.3862623822056435,-0.002766881150016609
-35.576648874437225,-0.04982968672026058,0.00039023088061724984,2.387765361438163,-0.00277218263427495
-35.54720876438219,-0.04984924057727505,0.0003704885198906725,2.389270830198022,-0.002782997990908899
-35.51776865432717,-0.04986078824262782,0.0003560768512520803,2.3907787946758075,-0.0027858071558811495
-35.488328544272136,-0.0498759122730986,0.0003605720676365212,2.3922892610826505,-0.0027921926859714105
-35.458888434217116,-0.049890185484172546,0.0003643958739649746,2.3938022356503073,-0.0027977273966648467
-35.42944832416208,-0.04989767583248376,0.0003619871032043534,2.3953177246312505,-0.002796479244595536
-35.40000821410706,-0.04990316420409805,0.0003602884486225982,2.3968357342987483,-0.0027932291158293127
-35.370568104052026,-0.049908683441249165,0.00037018337009347177,2.398356270946959,-0.0027900098525999034
-35.341127993997,-0.04991239401994533,0.00038613598737776154,2.3998793408910086,-0.002784981930915552
-35.31168788394197,-0.049913332181735125,0.00039674750332443636,2.4014049504670876,-0.0027771815923248247
-35.282247773886944,-0.04991830775481407,0.0004044779297766231,2.4029331060325325,-0.0027734186650232515
-35.252807663831916,-0.04991954722136146,0.00041302858906550424,2.4044638139659167,-0.0027659196311901266
-35.22336755377689,-0.04991451652375122,0.0004296985260103092,2.4059970806671394,-0.002752150433199367
-35.19392744372186,-0.04990928359229243,0.00044962920623029445,2.4075329125575125,-0.002738179001360058
-35.164487333666834,-0.04989507714259359,0.00047252969893190705,2.4090713160798534,-0.0027152340512807058
-35.13504722361181,-0.04987611165629405,0.0004947916578448081,2.4106122976985733,-0.002687530064600638
-35.10560711355678,-0.04985557105596112,0.0005188425873343235,2.412155863899767,-0.002658250963887193
-35.07616700350175,-0.049835369233090065,0.0005415045326891702,2.4137020211913067,-0.0026293106406356237
-35.046726893446724,-0.04981617036363172,0.0005566949391784371,2.4152507761029303,-0.002601373270796757
-35.0172867833917,-0.04980108773210063,0.0005653339734861472,2.4168021351863347,-0.0025775521388851502
-34.98784667333667,-0.04978982558813508,0.0005690674291607281,2.418356105015269,-0.0025575514945390815
-34.95840656328164,-0.049780800857827774,0.0005697267578963932,2.419912692185626,-0.0025397882638512545
-34.928966453226614,-0.049772292716934764,0.0005684313107827324,2.4214719033155365,-0.0025225416225777286
-34.89952634317159,-0.049765656636349215,0.000570061851542409,2.423033745045462,-0.002507167041611663
-34.87008623311656,-0.04975845389077052,0.0005749719180457197,2.42459822403829,-0.0024912257956524464
-34.84064612306153,-0.04974905704539077,0.0005791066998395095,2.426165346979429,-0.0024730904498921763
-34.811206013006505,-0.04974322442409529,0.0005779880284847331,2.4277351205769016,-0.0024585193282161827
-34.78176590295148,-0.04975132868839005,0.000574766076548201,2.4293075515614433,-0.0024578850921304213
-34.75232579289645,-0.049761959295979256,0.0005688011812233705,2.430882646686596,-0.002459777199339111
-34.72288568284142,-0.049774573484856,0.0005605073472337281,2.4324604127288065,-0.0024636528878353367
-34.693445572786395,-0.04978484305639116,0.000555488332798035,2.4340408564875227,-0.0024651839589899735
-34.66400546273137,-0.04979102227568046,0.000556670431128572,2.435623984785291,-0.0024626246778987615
-34.63456535267634,-0.04979536206162921,0.0005611251484579237,2.437209804467857,-0.002458225963466995
-34.60512524262131,-0.04980046809307081,0.0005628385988734495,2.4387983224042595,-0.0024545934945280692
-34.575685132566285,-0.049806472197575995,0.0005575835691821124,2.440389545486934,-0.0024518590986527394
-34.54624502251126,-0.04981281741825838,0.0005489951950982782,2.441983480631811,-0.0024494658189546104
-34.51680491245623,-0.04982001123869451,0.0005447561998083569,2.443580134778415,-0.0024479211390102187
-34.4873648024012,-0.04982511011942254,0.0005404830895280802,2.4451795148899667,-0.00244428151935773
-34.457924692346175,-0.049825796199396866,0.0005314093708289178,2.4467816279534835,-0.0024362290989515395
-34.42848458229115,-0.04982557192773799,0.0005187996489901312,2.4483864809798823,-0.0024272663269121406
-34.39904447223612,-0.0498263860118057,0.0005111294341235591,2.4499940810040792,-0.0024193419105993375
-34.36960436218109,-0.04982772272734545,0.0005085462191864113,2.4516044350850956,-0.0024119401257585715
-34.340164252126065,-0.04983075521373833,0.0005011764357337531,2.4532175503061597,-0.002406234111770926
-34.31072414207104,-0.04983001512780855,0.0004873256307711237,2.4548334337748092,-0.002396755525460627
-34.28128403201601,-0.04982902211652096,0.0004758267487217728,2.4564520926229987,-0.002387024013792524
-34.25184392196098,-0.0498436209149642,0.00047349179674242685,2.4580735340072026,-0.002392884311855241
-34.222403811905956,-0.04985728193037096,0.0004631255753682097,2.459697765108521,-0.0023978068268814823
-34.19296370185093,-0.04985950395114575,0.00044791863209662857,2.461324793132784,-0.002391290347275761
-34.1635235917959,-0.04986363766723456,0.0004363208639292151,2.4629546253106627,-0.0023866855629840478
-34.13408348174087,-0.04987448869537583,0.00042782346279814613,2.4645872688977724,-0.002388798090744798
-34.104643371685846,-0.049885504519998285,0.00041829188485570986,2.4662227311747804,-0.002391075414986739
-34.07520326163082,-0.04989100024726333,0.0004084755335346456,2.4678610194475166,-0.002387832641871264
-34.04576315157579,-0.04989574192865004,0.00040076684548588366,2.46950214104708,-0.0023838358228774545
-34.016323041520764,-0.0499050406793072,0.0003911385396562958,2.4711461033299504,-0.002384396073154091
-33.986882931465736,-0.049918512447189534,0.00038219443176542076,2.472792913678095,-0.00238912934065591
-33.95744282141071,-0.04991610934130758,0.0003704773610385002,2.4744425794990823,-0.00237798773439344
-33.92800271135568,-0.04990962401114671,0.00035713854697123524,2.4760951082261906,-0.0023627639038520457
-33.898562601300654,-0.04990855074134382,0.0003532584507176322,2.477750507318522,-0.002352952133668644
-33.869122491245626,-0.04990949279018601,0.000358096503172811,2.4794087842611123,-0.002345155682130305
-33.8396823811906,-0.04990617527683234,0.0003609675681005843,2.4810699465650448,-0.0023330996683961214
-33.81024227113557,-0.049899404553801326,0.00036018622577027853,2.482734001767564,-0.002317590444984592
-33.780802161080544,-0.04988987630412095,0.0003597455671769973,2.4844009574321904,-0.002299323694923694
-33.75136205102551,-0.049874001532301614,0.00036345138050375696,2.4860708211488327,-0.0022747104227238413
-33.72192194097049,-0.04985243603272141,0.0003773656638972148,2.487743600533904,-0.0022444064227631205
-33.692481830915455,-0.04983392549860457,0.0003891540679415816,2.48941930323044,-0.002217157388265757
-33.663041720860434,-0.04981456524588523,0.00040124872838077,2.4910979369082105,-0.0021890586351658997
-33.6336016108054,-0.04979462116672961,0.00041412031993862494,2.4927795092638427,-0.0021603760556297633
-33.60416150075038,-0.04977868616773645,0.0004246581908700367,2.494464028020932,-0.002135702556256086
-33.574721390695345,-0.04976704576470594,0.00043410222203228157,2.4961515009301665,-0.002115323652845058
-33.545281280640324,-0.049755197644720535,0.0004490144946732784,2.49784193576944,-0.0020947370324791367
-33.51584117058529,-0.04973683088881309,0.0004640349404531561,2.499535340343978,-0.0020676317761911672
-33.48640106053027,-0.049719583816646894,0.0004699359597329656,2.5012317224864513,-0.0020416462036444566
-33.456960950475235,-0.04971744582911811,0.0004612647459288535,2.5029310900571025,-0.0020307697157351604
-33.427520840420215,-0.049713773744635904,0.00045718033712539586,2.504633450943861,-0.0020183591308724283
-33.39808073036518,-0.04970658057834152,0.00046491992882970065,2.506338813062474,-0.0020024274641975287
-33.36864062031016,-0.04970849956486847,0.00046887114820453343,2.5080471843566188,-0.0019956079503439597
-33.339200510255125,-0.049710596022020485,0.00047680691188521597,2.509758572798035,-0.0019889659071154545
-33.309760400200105,-0.0497114693592955,0.0004825220021656679,2.511472986386642,-0.0019811007440099504
-33.28032029014507,-0.04971121450055999,0.0004716052306164306,2.513190433150669,-0.00197210738489393
-33.25088018009005,-0.04971601163595555,0.0004515766870002322,2.5149109211467757,-0.0019681660199089637
-33.221440070035015,-0.04972455160708799,0.0004320010072133599,2.516634458460182,-0.001967967490660888
-33.191999959979995,-0.04974368267601572,0.00041256030750506646,2.518361053204791,-0.001978360059208102
-33.16255984992496,-0.049754179117593035,0.00040562223958708955,2.520090713523321,-0.0019801180004048943
-33.13311973986994,-0.04975798335649486,0.0003908213963468513,2.5218234475874275,-0.0019751837389262034
-33.103679629814906,-0.049766257269766405,0.00035906323212097843,2.523559263597839,-0.0019747191518172252
-33.074239519759885,-0.04977892306559869,0.0003303308784726613,2.525298169784479,-0.0019786464472689932
-33.04479940970485,-0.04978969778553799,0.0003145539292948694,2.5270401744066033,-0.001980682666827778
-33.01535929964983,-0.04979100665881233,0.0003042034178906293,2.5287852857529223,-0.001973253039721602
-32.985919189594796,-0.04978676354683872,0.00030302514972799395,2.530533512141743,-0.0019602714273674673
-32.956479079539776,-0.04976768529355294,0.00032520188643955317,2.53228486192109,-0.0019324546737011714
-32.92703896948474,-0.0497296862060791,0.00036550560783232046,2.5340393434688484,-0.0018857170858468109
-32.89759885942972,-0.0496902191497958,0.0003993499096491365,2.535796965192889,-0.001837511529182996
-32.868158749374686,-0.04965202977466868,0.00043409298753346366,2.5375577355312107,-0.0017905836536753483
-32.838718639319666,-0.049620004501835104,0.0004672804849494648,2.539321662952066,-0.001749819880461266
-32.80927852926463,-0.04959690827374128,0.000484890765614897,2.5410887559541067,-0.0017179851519869213
-32.77983841920961,-0.049574825859553306,0.0004883708090553887,2.5428590230665122,-0.00168716423741843
-32.750398309154576,-0.049552231962693795,0.0005018670780645558,2.544632472849134,-0.0016558318401783956
-32.720958199099556,-0.04952629387301663,0.0005235847563580319,2.5464091138926257,-0.001621155250120715
-32.69151808904452,-0.04949212741239053,0.0005378373898829846,2.5481889548185896,-0.00157825028911409
-32.6620779789895,-0.049459033901299326,0.0005552010289046376,2.5499720042797094,-0.001536418277642379
-32.63263786893447,-0.04944152526104618,0.0005588248996518318,2.5517582709598963,-0.0015101711370087076
-32.603197758879446,-0.0494297939999101,0.000557612621422768,2.553547763574424,-0.0014897013754921126
-32.57375764882441,-0.049416151962702444,0.0005597236274298611,2.5553404908700776,-0.0014673208379039349
-32.54431753876939,-0.049401073475981015,0.0005618055822944487,2.5571364616252876,-0.0014435038508019901
-32.51487742871436,-0.04938273216475853,0.0005580115464169072,2.558935684650282,-0.0014164240391989838
-32.485437318659336,-0.04935904058704013,0.0005514860688920045,2.560738168787223,-0.0013839939611000746
-32.4559972086043,-0.04933936274297265,0.0005475443720171071,2.562543922910357,-0.0013555776166520733
-32.42655709854928,-0.04932786479964749,0.0005452068770512353,2.564352955926155,-0.001335341172946397
-32.39711698849425,-0.04931572045180523,0.000541627537620028,2.5661652767734666,-0.0013144583247236136
-32.36767687843923,-0.04929481264302269,0.000542618872612259,2.567980894423659,-0.001284812015560556
-32.33823676838419,-0.04927843144892482,0.0005409064695840875,2.569799817880772,-0.0012596923210821606
-32.30879665832917,-0.049271207162092545,0.0005368905735036337,2.5716220561816603,-0.0012437295338693713
-32.27935654827414,-0.04926595655507945,0.0005256357549646122,2.57344761839615,-0.0012297404264757575
-32.24991643821912,-0.04925789889822296,0.0005050252508616577,2.5752765136271827,-0.0012129442692387568
-32.22047632816408,-0.049250730904597646,0.0004876410624957506,2.577108751010972,-0.0011970377752329175
-32.19103621810906,-0.049244638171929984,0.0004802913356203646,2.5789443397171508,-0.0011822065421847397
-32.16159610805403,-0.04924008104308011,0.0004700868454755472,2.5807832889489304,-0.0011689109129543393
-32.132155997999,-0.04923831426632382,0.0004583929322173794,2.5826256079432475,-0.0011584056358175387
-32.10271588794397,-0.04923377895654355,0.0004480634302236568,2.584471305970923,-0.001145131825656752
-32.073275777888945,-0.04923472366455813,0.00043235101571368164,2.586320392336818,-0.0011373380332908092
-32.04383566783392,-0.049242864699309434,0.00041947582756059627,2.588172876379987,-0.0011367405676615955
-32.01439555777889,-0.049246660366849125,0.00041435360635706727,2.5900287674738376,-0.0011317977348207706
-31.984955447723863,-0.04923767068643533,0.0004127170599583019,2.5918880750262883,-0.001114069554026452
-31.955515337668835,-0.0492269062097547,0.0004087540753548936,2.5937508084799266,-0.001094566576965307
-31.926075227613808,-0.04921543828624884,0.0004121062658619806,2.595616977312169,-0.001074360153078928
-31.89663511755878,-0.04921032233727956,0.0004148576790441798,2.597486591035423,-0.0010605057037291268
-31.867195007503753,-0.04920666039581396,0.0004173801735827784,2.599359659197246,-0.001048105261883009
-31.837754897448725,-0.04920231806100492,0.00041912919867584814,2.601236191380512,-0.0010350244266934538
-31.808314787393698,-0.04919753872620866,0.00042244114417877766,2.6031161972035712,-0.0010215065915166743
-31.77887467733867,-0.049190976570495794,0.0004302387549693752,2.604999686320416,-0.0010062059354232905
-31.749434567283643,-0.04918015502240435,0.00043942730133582597,2.606886668420845,-0.000986645886951333
-31.719994457228616,-0.049171225329306754,0.00044237772914651474,2.6087771532306325,-0.0009689776934732122
-31.690554347173588,-0.04916294817069556,0.0004483455415403593,2.610671150511691,-0.0009519620344815016
-31.66111423711856,-0.049152918794861666,0.00046171571195798076,2.6125686700622426,-0.0009331941582670922
-31.631674127063533,-0.04915031676443149,0.0004735003463847305,2.6144697217169868,-0.0009218536274563927
-31.602234017008506,-0.049149478834620036,0.0004845499423416177,2.6163743153472705,-0.0009122771972644231
-31.57279390695348,-0.04914363152880306,0.000492705867449313,2.618282460861258,-0.0008976913910669279
-31.54335379689845,-0.04912716481194765,0.0004985636148093968,2.6201941682041046,-0.0008724861738309969
-31.513913686843424,-0.04910579804702717,0.0005070987332013187,2.622109447358128,-0.0008423809085300049
-31.484473576788396,-0.04908893453561373,0.0005131463738981782,2.6240283083429823,-0.0008167788967360437
-31.45503346673337,-0.04907667324086417,0.0005156356275547109,2.625950761215834,-0.0007957791016059632
-31.42559335667834,-0.0490623828415555,0.000523994261570003,2.627876816071535,-0.0007727502019167776
-31.396153246623314,-0.04905042009562147,0.0005314363610495576,2.629806483042801,-0.0007520489556022275
-31.366713136568286,-0.04903509001316628,0.0005359091472323205,2.6317397723003917,-0.0007279803727665152
-31.33727302651326,-0.0490146093079449,0.0005362794785610148,2.6336766940532828,-0.0006987611671646216
-31.30783291645823,-0.048995813325257244,0.0005321252706059055,2.6356172585488533,-0.0006712266840964431
-31.278392806403204,-0.04898920285910766,0.0005270716146234999,2.6375614760730604,-0.0006558777175663458
-31.248952696348177,-0.04899883102400785,0.0005273860253918349,2.6395093569506245,-0.0006567673820860112
-31.21951258629315,-0.049003567316415586,0.0005251177025105197,2.6414609115452112,-0.0006527651741132304
-31.19007247623812,-0.04900787666054643,0.0005231374371539972,2.6434161502596143,-0.0006483360178635572
-31.160632366183094,-0.04901334755495702,0.0005206139211236217,2.6453750835359413,-0.000645068411893622
-31.131192256128067,-0.04901583708359675,0.0005189493098602057,2.6473377218558,-0.0006388194401528366
-31.10175214607304,-0.04901763749781259,0.0005117088818835029,2.6493040757404835,-0.000631881353988166
-31.072312036018012,-0.04901811072677744,0.0005012600965160055,2.65127415575116,-0.000623616082572491
-31.042871925962984,-0.04901891946073844,0.0004932336580844751,2.6532479724890616,-0.000615686316152976
-31.013431815907957,-0.049021069231692915,0.0004911006082636752,2.6552255365956734,-0.0006090975867269338
-30.98399170585293,-0.049021109650049494,0.0004904859275919973,2.6572068587529256,-0.0006003995047029892
-30.954551595797902,-0.0490160231489943,0.0004898437334403162,2.6591919496833865,-0.0005865745032672814
-30.925111485742875,-0.049007747867977736,0.0004883236391254425,2.6611808201504537,-0.0005695607218701992
-30.895671375687847,-0.0489947561745345,0.0004928451388702716,2.663173480958551,-0.0005478305280464391
-30.86623126563282,-0.048976559618734906,0.0004915242994333413,2.665169942953323,-0.0005208954718663311
-30.836791155577792,-0.04895590091953325,0.0004862835331691346,2.667170217021832,-0.0004914982722841604
-30.807351045522765,-0.048938783289557065,0.00048465375164604807,2.6691743140927557,-0.0004656421419274512
-30.777910935467737,-0.048926286301340584,0.00048475102685914957,2.6711822451365865,-0.0004444066533304536
-30.74847082541271,-0.04890968351022012,0.00047438453908401235,2.673194021165831,-0.00041906536182947235
-30.719030715357682,-0.048895831011080464,0.0004610459247502432,2.6752096532352128,-0.0003964743623092945
-30.689590605302655,-0.048892802886428395,0.00045164352589421966,2.6772291524418734,-0.0003847077372767099
-30.660150495247628,-0.048884177982409245,0.0004393229221550838,2.679252529925577,-0.000367344332877044
-30.6307103851926,-0.04886845938290044,0.00042894313247717765,2.681279796868915,-0.0003428872329877125
-30.601270275137573,-0.04885524305842789,0.000418848868205932,2.683310964497511,-0.0003209324081346471
-30.57183016508254,-0.048848839194838505,0.00041327694136178173,2.6853460440802297,-0.0003057900441647485
-30.542390055027514,-0.04884986773739607,0.00040960624563522084,2.6873850469293843,-0.000298080086341794
-30.512949944972487,-0.0488547408321424,0.0004041310109569616,2.689427984400946,-0.00029421468070760237
-30.48350983491746,-0.04886750474879683,0.00040295923777678295,2.6914748678947555,-0.00029824009698151827
-30.454069724862432,-0.04888122377985863,0.0004003913836665072,2.693525708854734,-0.0003032206276627966
-30.424629614807404,-0.04889148957407707,0.00039894965833261326,2.6955805187690984,-0.00030474792150071706
-30.395189504752377,-0.04889536243650653,0.0004057688603655966,2.697639309170573,-0.00029988228354966423
-30.36574939469735,-0.048897003269915355,0.0004133094011897443,2.6997020916366075,-0.00029278461657796656
-30.336309284642322,-0.048899242031416094,0.00042313651682892163,2.701768877789594,-0.00028628487769818967
-30.306869174587295,-0.04890549679683997,0.0004299200538383951,2.703839679297083,-0.00028380114274154794
-30.277429064532267,-0.048914369907612824,0.0004328149850499325,2.7059145078720057,-0.0002839357531338807
-30.24798895447724,-0.04892371572336308,0.0004382880383419084,2.7079933752728937,-0.00028454306850361766
-30.218548844422212,-0.04893304838520379,0.0004485797543077798,2.7100762933041005,-0.00028513722996381663
-30.189108734367185,-0.04893773924236063,0.00045012832312870136,2.712163273816026,-0.0002810895867401339
-30.159668624312157,-0.04894010329027779,0.00044908271864650337,2.7142543287053407,-0.000274715134276772
-30.13022851425713,-0.04893983305203494,0.0004530670095558371,2.716349469915212,-0.00026570639565340337
-30.100788404202103,-0.048939793591694404,0.00046172360972381434,2.7184487094355307,-0.00025692843493235057
-30.071348294147075,-0.048940257734786434,0.00046882616902523656,2.720552059303141,-0.0002486540776438645
-30.041908184092048,-0.04894058274921118,0.0004712278875082408,2.7226595316020705,-0.0002402405916880901
-30.01246807403702,-0.04894274574963075,0.00046929419832909076,2.72477113846376,-0.00023366509172714073
-29.983027963981993,-0.04894532308982679,0.0004641705519415831,2.7268868920672977,-0.00022750393154266635
-29.953587853926965,-0.04894979025963414,0.00046293151990973785,2.7290068046396536,-0.0002232326009694932
-29.924147743871938,-0.048951558858067734,0.00046801916176262144,2.731130888455914,-0.00021626269902257078
-29.89470763381691,-0.04895053624660207,0.00046822305032798015,2.733259155839519,-0.00020650158717638173
-29.865267523761883,-0.048952234639359764,0.00046359166200641113,2.7353916191625007,-0.00019946147955356153
-29.835827413706856,-0.04895573031619036,0.0004636318869087906,2.7375282908457232,-0.00019421865600364324
-29.806387303651828,-0.048959987332274135,0.0004682584596710605,2.739669183359123,-0.00018973717170689408
-29.7769471935968,-0.04896393998878188,0.0004712830208045997,2.7418143092219527,-0.0001849513278341236
-29.747507083541773,-0.04897025969050036,0.00047144939141468255,2.7439636810030237,-0.00018253252917208723
-29.718066973486746,-0.04898469504665731,0.00047496761825300177,2.7461173113209534,-0.0001882293849485156
-29.68862686343172,-0.04900318087451206,0.0004749610131934106,2.74827521284441,-0.00019797671242274828
-29.65918675337669,-0.04901715382162745,0.00047376302409961156,2.7504373982923633,-0.0002032111591576194
-29.629746643321663,-0.04902947870752384,0.0004741550327268283,2.7526038804343322,-0.0002067975446734885
-29.600306533266636,-0.049043957625403235,0.0004757782498169391,2.7547746720906385,-0.0002125379621723683
-29.57086642321161,-0.04905851442702144,0.00047978322765747817,2.756949786132657,-0.0002183562634100536
-29.54142631315658,-0.049071164362719744,0.0004850704671017745,2.7591292354830728,-0.0002222676987278377
-29.511986203101554,-0.04908156476690715,0.0004907654461621678,2.761313033116135,-0.00022392960253472816
-29.482546093046526,-0.04908912160160933,0.0004946763243666979,2.7635011920579156,-0.00022274793685639338
-29.4531059829915,-0.04909147344563253,0.00049343265150987,2.7656937253865674,-0.00021636128049906667
-29.42366587293647,-0.04908891322784197,0.0004903045023373585,2.767890646232585,-0.00020506256232799558
-29.394225762881444,-0.04908692318434988,0.0004856145598746875,2.7700919677790674,-0.0001943340184553874
-29.364785652826416,-0.049083373006817144,0.00048536545125536584,2.772297703261981,-0.00018204534054212795
-29.33534554277139,-0.0490779913520368,0.00048758139524618724,2.774507865970426,-0.00016792518538126522
-29.30590543271636,-0.049070883844011225,0.0004855607046160125,2.7767224692469004,-0.00015207917697517698
-29.276465322661334,-0.04906296286910938,0.00048020840482952204,2.7789415264875723,-0.0001354197016928127
-29.247025212606307,-0.04905825663368263,0.00047809723789467095,2.781165051142547,-0.00012197496588554207
-29.21758510255128,-0.04905630610086392,0.0004789382478895635,2.7833930567161422,-0.0001112859326863197
-29.18814499249625,-0.04905574164421206,0.000482848007063265,2.7856255567671564,-0.0001019829756539331
-29.158704882441224,-0.04905820630220242,0.00048306591718338097,2.7878625649091484,-9.570913326378133e-05
-29.129264772386197,-0.04905892621277366,0.0004771988005549622,2.790104094810711,-8.7690543454505e-05
-29.09982466233117,-0.049059520785746824,0.000465417306676565,2.792350160195753,-7.954661604714364e-05
-29.070384552276142,-0.049059093377337486,0.00045053797699410697,2.7946007748437744,-7.038070725728929e-05
-29.040944442221114,-0.049057435572496505,0.00043656236256386216,2.7968559525901524,-5.998440203579258e-05
-29.011504332166083,-0.04905842618663475,0.00042778240140191873,2.7991157073264232,-5.223651579351618e-05
-28.982064222111056,-0.04906260828723553,0.0004238270180244657,2.8013800530005666,-4.768011601377631e-05
-28.95262411205603,-0.04906475330383866,0.0004183864040258506,2.803649003617294,-4.108663223639092e-05
-28.923184002001,-0.04906231559735025,0.0004095091168003348,2.8059225732383375,-2.9910425367457583e-05
-28.893743891945974,-0.04905471718236587,0.0003956029878583779,2.8082007759827388,-1.3573510002563849e-05
-28.864303781890946,-0.04905313998372655,0.0003845069983037636,2.8104836260271426,-3.2578109827249846e-06
-28.83486367183592,-0.04905781798184616,0.0003830692718336911,2.812771137606091,8.026912781886053e-07
-28.80542356178089,-0.04906387500385583,0.000388603841131511,2.8150633250123187,3.4841696490289786e-06
-28.775983451725864,-0.049070539211585086,0.0003947641755412906,2.81736020259705,5.558462300297995e-06
-28.746543341670836,-0.04908371997405599,0.00040251160983607246,2.8196617847703,1.1162002099066037e-06
-28.71710323161581,-0.04910001693783999,0.00041166903002982507,2.8219680860011747,-6.442263193573439e-06
-28.68766312156078,-0.04910775645781392,0.000414711251486576,2.8242791208181743,-5.44328278698214e-06
-28.658223011505754,-0.04911473859166552,0.0004163953397663498,2.826594903809499,-3.6869162580652204e-06
-28.628782901450727,-0.049120991219963835,0.0004183492642190351,2.8289154496233553,-1.2010441758636414e-06
-28.5993427913957,-0.049126127064508335,0.0004190288506141937,2.831240772968265,2.4016116601591198e-06
-28.569902681340672,-0.04913327550117608,0.00041736230295975245,2.8335708886133766,3.99167537293299e-06
-28.540462571285644,-0.049143273271260314,0.00041685321388787634,2.835905811388776,2.732405669218785e-06
-28.511022461230617,-0.04915502547099739,0.000419029796612971,2.838245556185804,-2.8129368734308713e-07
-28.48158235117559,-0.049165524848965136,0.00041800163068728206,2.8405901379573706,-2.0421712745716247e-06
-28.452142241120562,-0.04917751614572233,0.00041117175482726514,2.8429395717182744,-5.294967651239824e-06
-28.422702131065535,-0.049188393325548224,0.000403829984786353,2.8452938725455232,-7.433647096620477e-06
-28.393262021010507,-0.04919498268943839,0.00040274940978213085,2.8476530555786566,-5.2845106062668346e-06
-28.36382191095548,-0.0492003456506949,0.0003985849441637786,2.8500171360200692,-1.9089714822576043e-06
-28.334381800900452,-0.04920940402091501,0.0003943276487671241,2.85238612913534,-2.228841321852415e-06
-28.304941690845425,-0.04922392707064736,0.0003942096256921545,2.854760050253557,-8.013390673682064e-06
-28.275501580790397,-0.04923984566347103,0.0003935441174177938,2.8571389147676527,-1.5193483116834883e-05
-28.24606147073537,-0.04924967202519576,0.000390990098169185,2.859522738134732,-1.6281344461049896e-05
-28.216621360680342,-0.04925631033762163,0.0003929178341845628,2.86191153587641,-1.4181156506400117e-05
-28.187181250625315,-0.04926411748960036,0.0003932718804259066,2.864305323579148,-1.3249808104610905e-05
-28.157741140570288,-0.04927505446444985,0.00039000226103124444,2.8667041168945917,-1.5448282573583827e-05
-28.12830103051526,-0.049282831975681646,0.0003912207845768662,2.869107931539915,-1.4487293424861325e-05
-28.098860920460233,-0.04928870698156543,0.0003925457398200044,2.8715167832981594,-1.1623798928120377e-05
-28.069420810405205,-0.04929804815024941,0.0003953868602854435,2.873930688018583,-1.2226467231583882e-05
-28.039980700350178,-0.049311058210796725,0.00040368747038375057,2.8763496616170054,-1.649802739838585e-05
-28.01054059029515,-0.04932158336645027,0.00041193522573087387,2.8787737200761594,-1.8284682671405872e-05
-27.981100480240123,-0.049322504067685076,0.0004143443742600504,2.881202879446042,-1.046688352569769e-05
-27.951660370185095,-0.04932320198159106,0.0004198587565082158,2.8836371558442684,-2.4262970511682025e-06
-27.922220260130068,-0.04933309718680038,0.0004331967294285393,2.88607656545643,-3.5830018799629104e-06
-27.89278015007504,-0.049344566623515475,0.00044493935978423153,2.8885211245364517,-6.313938214541626e-06
-27.863340040020013,-0.049349873756930486,0.00045201666384309,2.8909708494069526,-2.882571249036847e-06
-27.833899929964986,-0.04934912007625027,0.00045527619460150007,2.8934257564596106,6.6096098116988355e-06
-27.804459819909958,-0.04935359125380886,0.00045783012870506955,2.8958858621555277,1.0876932633629988e-05
-27.77501970985493,-0.049367121374319624,0.0004666077442854085,2.898351183025597,6.085312503380236e-06
-27.745579599799903,-0.049379977171201954,0.0004796080849928507,2.9008217356708736,1.968016001573092e-06
-27.716139489744876,-0.049383604598028846,0.0004867802124410415,2.903297536762948,7.079089555196705e-06
-27.68669937968985,-0.04939258109877898,0.0004862310437002947,2.90577860304432,6.841089185576077e-06
-27.65725926963482,-0.04940645500751439,0.0004891063092259441,2.9082649513287757,1.7056808306950555e-06
-27.627819159579794,-0.04941410497038754,0.0004981250321298302,2.9107565985017687,2.7942183380563757e-06
-27.598379049524766,-0.04942173204574354,0.0005001082764175083,2.913253561520802,3.905643362576983e-06
-27.56893893946974,-0.04943223909821564,0.0004992978278647107,2.9157558574158116,2.1370912709969825e-06
-27.53949882941471,-0.04944950225085524,0.0004995071082204205,2.9182635032895554,-6.387560988085905e-06
-27.510058719359684,-0.049469560421780634,0.0005015119246634677,2.920776516318001,-1.7707231532965162e-05
-27.480618609304656,-0.04948167535454562,0.0005026240361342977,2.923294913750719,-2.108366391742611e-05
-27.45117849924963,-0.049478785140227466,0.0004991123259144347,2.9258187129112776,-9.454949218758169e-06
-27.4217383891946,-0.04947363106163714,0.0004935712161642652,2.9283479311976404,4.43762975208678e-06
-27.392298279139574,-0.049471633026204685,0.0004899198261940396,2.930882586082564,1.5174165565061404e-05
-27.362858169084546,-0.049477943411968255,0.0004851107115839193,2.9334226951140026,1.7602280182008045e-05
-27.33341805902952,-0.04948682910676635,0.0004823606229704718,2.935968275915512,1.7455085764429834e-05
-27.30397794897449,-0.049496361430041234,0.00047800842847247005,2.9385193461866583,1.666126287006714e-05
-27.274537838919464,-0.04950500390865051,0.00047068772482797776,2.9410759237034254,1.675728464130971e-05
-27.245097728864437,-0.04951184552715306,0.00046222516308052605,2.943638026318631,1.8654166519270488e-05
-27.21565761880941,-0.0495135572566226,0.0004561045592088831,2.9462056719623404,2.5680937430258566e-05
-27.186217508754382,-0.04950964354111453,0.0004560839738821304,2.9487788786422846,3.833315331884524e-05
-27.156777398699354,-0.04950906136405563,0.0004588055292014437,2.9513576644442834,4.765383075825552e-05
-27.127337288644327,-0.04951592886100029,0.00045252876628139094,2.953942047532666,4.952483419411874e-05
-27.0978971785893,-0.04952536417704686,0.0004485704946280076,2.9565320461507,4.882801852806873e-05
-27.068457068534272,-0.04953703565126975,0.0004473062398015554,2.959127678621019,4.589504468570371e-05
-27.039016958479245,-0.04954793952653316,0.0004475565478480742,2.961728963346056,4.3729669802802795e-05
-27.009576848424217,-0.049555138951131804,0.0004486742593917799,2.9643359188084784,4.5268745584678416e-05
-26.98013673836919,-0.04955877437602583,0.0004493201997931657,2.9669485635716226,5.037182107117677e-05
-26.950696628314162,-0.04956286318876888,0.00044793790094390957,2.9695669162799403,5.502150870864003e-05
-26.921256518259135,-0.049570632268113264,0.00044818564918021455,2.972190995659436,5.599092974477998e-05
-26.891816408204107,-0.04957826104552423,0.00045192140886691595,2.974820820518118,5.71006527143314e-05
-26.86237629814908,-0.049586023763638055,0.0004609583968601324,2.9774564097464453,5.807643498102061e-05
-26.832936188094052,-0.049598497363277705,0.0004617186868434405,2.9800977823177806,5.4341335721894146e-05
-26.803496078039025,-0.04961130026172281,0.00045593545493619373,2.9827449572888454,5.027693765730784e-05
-26.774055967983998,-0.04962172116333515,0.0004530454894176349,2.9853979538001783,4.859453642547945e-05
-26.74461585792897,-0.049631952895283,0.0004579494082795086,2.988056791076597,4.710130485815339e-05
-26.715175747873943,-0.04964094946541211,0.00046260617273174775,2.9907214884276625,4.6843235109561565e-05
-26.685735637818915,-0.04965081513391665,0.0004630234767232639,2.9933920652481447,4.5716066985536374e-05
-26.656295527763888,-0.049661436705230565,0.0004618564002279662,2.996068541018496,4.3832996052144135e-05
-26.626855417708853,-0.049665939217028686,0.00045788198267430325,2.9987509353053237,4.80689846345389e-05
-26.597415307653826,-0.04967019904049986,0.00045254567222368156,3.0014392677618633,5.2547661543882185e-05
-26.5679751975988,-0.0496747359583651,0.00045244508917384224,3.004133558128466,5.674924405916354e-05
-26.53853508754377,-0.049677275634730456,0.00045543939230524783,3.0068338262330747,6.294806807432413e-05
-26.509094977488743,-0.0496763347198211,0.0004530448499945395,3.009540091991715,7.262748336419461e-05
-26.479654867433716,-0.04967877741417865,0.00044780773625961815,3.012252375408982,7.892328938716858e-05
-26.45021475737869,-0.0496905829127666,0.00044764678426815194,3.0149706965785343,7.585629117973225e-05
-26.42077464732366,-0.049703636473794575,0.00045160458412125563,3.017695075683591,7.154123053227518e-05
-26.391334537268634,-0.049712798745405025,0.0004469275280568018,3.020425532997431,7.111745930234864e-05
-26.361894427213606,-0.049717678870315,0.00043666115977231764,3.0231620888838933,7.497583477288766e-05
-26.33245431715858,-0.049718473213990665,0.00042970256715089186,3.0259047637978873,8.291999147774093e-05
-26.30301420710355,-0.04972196163829016,0.00042680886076992554,3.0286535782858994,8.81700675587696e-05
-26.273574097048524,-0.0497312187360141,0.0004282742870349702,3.0314085529865076,8.765147021534692e-05
-26.244133986993496,-0.049744953644862165,0.0004324332665039743,3.0341697086308974,8.265506174780224e-05
-26.21469387693847,-0.04975271764928956,0.0004272632721166932,3.036937066043382,8.36295577009219e-05
-26.18525376688344,-0.049767786357909925,0.0004200342160705579,3.0397106461419257,7.729934946107408e-05
-26.155813656828414,-0.049790956549589586,0.0004117801864485763,3.042490469938671,6.286765816193585e-05
-26.126373546773387,-0.04980058536569273,0.00040867937096407706,3.0452765585404697,6.19773424393108e-05
-26.09693343671836,-0.04979822853291784,0.00040871401208063236,3.0480689331494166,7.307267559471253e-05
-26.06749332666333,-0.04979955966053895,0.0004077644076263332,3.050867615063386,8.048004835412709e-05
-26.038053216608304,-0.0498094178943056,0.0004092414779853134,3.0536726256765774,7.936031496798973e-05
-26.008613106553277,-0.04982359460451844,0.0004137905335770906,3.056483986480055,7.39221051356681e-05
-25.97917299649825,-0.04983278617185813,0.0004141260676701638,3.059301719062301,7.346903817650324e-05
-25.949732886443222,-0.04984434668510856,0.0004148847867807709,3.0621258451097657,7.064702530659023e-05
-25.920292776388195,-0.04985591880102267,0.0004212745239265865,3.064956386407426,6.781340977299322e-05
-25.890852666333167,-0.04986860329584373,0.0004264980717413189,3.067793364839343,6.38674153324581e-05
-25.86141255627814,-0.049878537886815545,0.0004266774008617247,3.070636802389228,6.267132474115783e-05
-25.831972446223112,-0.04988594912946078,0.00042617449897011813,3.0734867211410095,6.399858247644469e-05
-25.802532336168085,-0.04989727786980256,0.0004295146176695308,3.076343143279405,6.140834251518179e-05
-25.773092226113057,-0.04991567152681356,0.0004330553006707253,3.079206091090496,5.175318588469813e-05
-25.74365211605803,-0.04993174748374223,0.00043072221626296053,3.0820755869623104,4.4415729336548526e-05
-25.714212006003002,-0.04993879687959644,0.00042673518876100403,3.0849516533854016,4.610483386285891e-05
-25.684771895947975,-0.049946974688020895,0.00042735339902808477,3.08783431295344,4.6665525818917475e-05
-25.655331785892947,-0.04996407837853051,0.00042689725599898013,3.0907235883638027,3.830033568982816e-05
-25.62589167583792,-0.049979721837968026,0.0004233906876847245,3.093619502418169,3.1395376632825656e-05
-25.596451565782893,-0.04998706025581925,0.0004129074950993477,3.0965220780231224,3.279545916212018e-05
-25.567011455727865,-0.0499902473347158,0.00039958173275372974,3.099431338190751,3.8346880646092374e-05
-25.537571345672838,-0.04999690946960939,0.0003924853965923227,3.1023473060392597,4.042324613301451e-05
-25.50813123561781,-0.050008693256245566,0.0003947157839571232,3.1052700047935784,3.7377959877356315e-05
-25.478691125562783,-0.05001618802678776,0.00039713287470672173,3.1081994577859833,3.862168971568297e-05
-25.449251015507755,-0.05001321479283518,0.00039174361378975053,3.111135688456713,5.033342404878183e-05
-25.419810905452728,-0.05001424417379415,0.0003836107778593879,3.1140787203545965,5.80425434703255e-05
-25.3903707953977,-0.05002090173238614,0.00037745376234876705,3.1170285771376833,6.0123485258863074e-05
-25.360930685342673,-0.05002509729029883,0.00036988294454321614,3.119985282573875,6.466642772668535e-05
-25.331490575287646,-0.05002663520272573,0.0003624809158959221,3.122948860541565,7.186701568030057e-05
-25.302050465232618,-0.0500255439024046,0.0003559725437226822,3.1259193350302823,8.169681638195425e-05
-25.27261035517759,-0.05002140765560533,0.0003526007602449486,3.1288967301413355,9.457156356174057e-05
-25.243170245122563,-0.0500186147092363,0.00035377686088930834,3.131881070088469,0.00010610301031128977
-25.213730135067536,-0.05001670817983852,0.000353862592655313,3.1348723791985162,0.00011674804008959122
-25.18429002501251,-0.05001004158192324,0.000347036350278562,3.1378706819120614,0.0001321531383853894
-25.15484991495748,-0.05000331552710808,0.00033931973202861685,3.140876002784106,0.0001476176935810633
-25.125409804902453,-0.050005527269904926,0.00033252371024959567,3.143888366484738,0.0001541444511647394
-25.095969694847426,-0.050015954807377604,0.0003314147333085708,3.146907797799808,0.00015245541407257757
-25.0665295847924,-0.05002522402217646,0.00033416930273704744,3.1499343216316076,0.00015192469965423505
-25.03708947473737,-0.05003282765565364,0.0003368057953542526,3.1529679629995555,0.00015305956655758263
-25.007649364682344,-0.05004377881503108,0.00034135345433961196,3.156008747040886,0.00015084690756065472
-24.978209254627316,-0.05005755927041138,0.00034660931523294684,3.159056699011344,0.00014580495256086984
-24.94876914457229,-0.05007347753362155,0.0003497387394116736,3.1621118442858824,0.00013862518973122712
-24.91932903451726,-0.05009521325247627,0.00035384257793981053,3.16517420835937,0.0001256279712570224
-24.889888924462234,-0.050118228727425135,0.00035665820826169585,3.168243816847296,0.00011135099668867221
-24.860448814407206,-0.050137142927215245,0.00035584586338816904,3.171320695486488,0.00010117529727908525
-24.83100870435218,-0.050153112940145274,0.0003563824832828257,3.17440487013583,9.39437847295721e-05
-24.80156859429715,-0.05017497896159246,0.0003589682136063977,3.177496366776985,8.081626366290146e-05
-24.772128484242124,-0.05019988963092362,0.0003651004453222757,3.180595211515128,6.464409471226146e-05
-24.742688374187097,-0.050217294220889636,0.00036956256544956763,3.1837014305796787,5.597800512676526e-05
-24.71324826413207,-0.05023075336695141,0.0003715096014388288,3.186815050325041,5.125735944550708e-05
-24.68380815407704,-0.05025187017997745,0.0003758616718229311,3.189936097231351,3.8879046799993044e-05
-24.654368044022014,-0.05026451585004286,0.00037929165372349024,3.1930645979052237,3.497187711509753e-05
-24.624927933966987,-0.05027465125789691,0.0003824448940383078,3.196200579080513,3.357496964156992e-05
-24.59548782391196,-0.050286044328532224,0.00038540233610121855,3.1993440676190708,3.0920399386770436e-05
-24.566047713856932,-0.05029713657738614,0.0003914984414209911,3.202495090511515,2.8566650913372515e-05
-24.536607603801905,-0.05031089829916263,0.00040034140912173814,3.2056536748780013,2.354342951740168e-05
-24.507167493746877,-0.050328234186565735,0.00041020207715163016,3.2088198479690018,1.4946042494815015e-05
-24.47772738369185,-0.05034230006507449,0.0004151366742663647,3.211993637166089,9.618664366578544e-06
-24.448287273636822,-0.05034982501997632,0.0004153465722667754,3.215175069982723,1.0832209845268448e-05
-24.418847163581795,-0.05035945419071922,0.0004146978038469154,3.21836417406505,9.9415394828814e-06
-24.389407053526767,-0.05037477744148494,0.00041944892344619126,3.221560977192701,3.356789097679058e-06
-24.35996694347174,-0.05038919971014185,0.00042101862989056505,3.2247655072795984,-2.326979178707278e-06
-24.330526833416712,-0.05039990794688868,0.00042113258516452876,3.2279777923747677,-4.296715545019925e-06
-24.301086723361685,-0.050408771014827936,0.0004239911520767074,3.2311978606631584,-4.421283103760165e-06
-24.271646613306658,-0.050419219425215385,0.00043001945846651314,3.2344257404664667,-6.131193110686661e-06
-24.24220650325163,-0.05043127284358103,0.00043598520813775135,3.2376614602439653,-9.446111095816334e-06
-24.212766393196603,-0.05044263766936189,0.0004401004176253084,3.2409050485933415,-1.2072436496160521e-05
-24.183326283141575,-0.050457660460610725,0.00044392907281480743,3.244156534251538,-1.835672736447136e-05
-24.153886173086548,-0.050472548095163876,0.0004485117954698771,3.247415946095602,-2.45058615371066e-05
-24.12444606303152,-0.05048652683807362,0.00044620060590127566,3.2506833131435413,-2.9746104066329104e-05
-24.095005952976493,-0.050497263865664756,0.0004467636962130531,3.253958664555184,-3.17446312769476e-05
-24.065565842921465,-0.0505067129428577,0.0004464346868326676,3.2572420296330464,-3.24552080893728e-05
-24.036125732866438,-0.050515688732229565,0.0004440727735827825,3.2605334378232076,-3.26924970807177e-05
-24.00668562281141,-0.050522851785681354,0.00044660806129047994,3.2638329187161874,-3.1117050151990844e-05
-23.977245512756383,-0.0505251418278018,0.00045201685257842026,3.267140502047837,-2.4668591891922886e-05
-23.947805402701356,-0.050526391498858826,0.0004517358302244999,3.2704562177002283,-1.7179762568424184e-05
-23.918365292646328,-0.050526799044991626,0.00044507646996073003,3.2737800957025565,-8.84880832070778e-06
-23.8889251825913,-0.050528039358882365,0.0004341852181991247,3.2771121662320453,-1.3506218309311535e-06
-23.859485072536273,-0.050532761101823635,0.0004239492891037199,3.2804524596148608,2.6661356083215737e-06
-23.830044962481246,-0.0505300587495305,0.00042240458938407375,3.283801006327031,1.410698828196999e-05
-23.80060485242622,-0.050524650379902336,0.00042427064306975524,3.2871578369953727,2.8253858290652745e-05
-23.77116474237119,-0.050524656073518616,0.00042483160536891686,3.2905229823984268,3.698666505489584e-05
-23.741724632316163,-0.05053053098225322,0.000423294245635487,3.2938964734673957,3.985025670080744e-05
-23.712284522261136,-0.050535366172037466,0.00042035561081401907,3.2972783412870945,4.375356729707791e-05
-23.68284441220611,-0.050539892674271815,0.00041732855113028606,3.300668617096904,4.7965565443251756e-05
-23.65340430215108,-0.050551514533777465,0.00041659093916240387,3.3040673322917327,4.508220631811721e-05
-23.623964192096054,-0.05056771171981941,0.0004162995876459333,3.3074745184229855,3.762352065669189e-05
-23.594524082041026,-0.050581690557108656,0.0004127271121097933,3.310890207199541,3.238318374796517e-05
-23.565083971986,-0.050593267128985535,0.0004069284860759151,3.314314430488736,2.9545112251602723e-05
-23.53564386193097,-0.05060348434135344,0.00040478108861228174,3.317747220317353,2.8066400264210867e-05
-23.506203751875944,-0.050613652477197825,0.00040896865693538067,3.3211886088726223,2.6636764800351542e-05
-23.476763641820916,-0.05062244310429657,0.0004124413254486449,3.324638628503227,2.6584638082124967e-05
-23.447323531765882,-0.050635660852658325,0.0004127871183367039,3.3280973117203168,2.210539010089052e-05
-23.417883421710854,-0.05065287990836417,0.00041385816762663834,3.3315646911985253,1.3624834775557981e-05
-23.388443311655827,-0.05066852572504518,0.00041574228749509726,3.335040799777006,6.717518475064799e-06
-23.3590032016008,-0.05068377064278503,0.0004197531986037491,3.3385256704604647,2.1110111574074164e-07
-23.329563091545772,-0.050699936416803204,0.0004261013470843992,3.342019336420204,-7.216172521917752e-06
-23.300122981490745,-0.05071473044589963,0.00043179175094638326,3.3455218309951773,-1.327170123782695e-05
-23.270682871435717,-0.05072732297498461,0.00043425941028321744,3.3490331876930473,-1.712572994228695e-05
-23.24124276138069,-0.05074041348477887,0.00043719114935567325,3.3525534401912576,-2.1477739356026704e-05
-23.211802651325662,-0.050756827538541764,0.00044520427254706547,3.3560826223381057,-2.9153292738406944e-05
-23.182362541270635,-0.050777046590960044,0.00045753046728556814,3.3596207681538317,-4.063384477616394e-05
-23.152922431215607,-0.050794786520528996,0.0004621198935891958,3.3631679118317073,-4.963527396460027e-05
-23.12348232116058,-0.050811191646768276,0.00046019914771027034,3.366724087739142,-5.730189982335737e-05
-23.094042211105553,-0.0508286994649918,0.0004562321333480577,3.370289330418788,-6.607121766636498e-05
-23.064602101050525,-0.05084413152477498,0.0004548196513284052,3.3738636745896633,-7.276477706903012e-05
-23.035161990995498,-0.050861085917633685,0.0004551983506135553,3.3774471551482756,-8.098066954721067e-05
-23.00572188094047,-0.05088438413386682,0.0004563838192464752,3.3810398071697585,-9.554038539982823e-05
-22.976281770885443,-0.05090716174213709,0.0004553866661609175,3.3846416659090175,-0.00010957949328958133
-22.946841660830415,-0.05092192904643004,0.00045193826842855346,3.3882527668018816,-0.00011560829720200921
-22.917401550775388,-0.050936360733569275,0.00044596278317129214,3.3918731454662647,-0.00012130148396072987
-22.88796144072036,-0.05095199012966839,0.00044252808759092884,3.3955028377033396,-0.00012819237967932884
-22.858521330665333,-0.050970326847741866,0.000439740837260363,3.3991418794987154,-0.00013779059737228233
-22.829081220610306,-0.05098895386036845,0.00043198278487032696,3.4027903070236274,-0.0001476791096183469
-22.799641110555278,-0.05100605433300384,0.0004246530576787322,3.4064481566361366,-0.00015604108187322607
-22.77020100050025,-0.05102291569067376,0.0004250029153544257,3.410115464882336,-0.00016416393916262456
-22.740760890445223,-0.05103587167608917,0.00043119400763779895,3.413792268497568,-0.00016838142419751262
-22.711320780390196,-0.05103978218558253,0.0004340393729627544,3.417478604407653,-0.00016355343331035666
-22.68188067033517,-0.05104291231804379,0.0004333718542870235,3.421174509730122,-0.00015794506539109493
-22.65244056028014,-0.05104807139733863,0.00043316139572988245,3.424880021775465,-0.0001543656443054181
-22.623000450225113,-0.0510530721833977,0.0004326713971916722,3.428595178048387,-0.00015062792998397218
-22.593560340170086,-0.05105561712221701,0.0004370266018310402,3.432320016249071,-0.00014443436842276336
-22.56412023011506,-0.05106139975640583,0.00043992784655523114,3.4360545742744537,-0.00014147850223106273
-22.53468012006003,-0.05107108794211534,0.0004400156362860955,3.439798890219513,-0.00014242818756005776
-22.505240010005004,-0.0510799896346402,0.00044006574476231807,3.443553002378561,-0.00014259137970439734
-22.475799899949976,-0.05108544042562061,0.0004395689750014375,3.447316949246551,-0.00013930367030429158
-22.44635978989495,-0.0510916823433451,0.00043725989742952767,3.4510907695203907,-0.00013680708764826632
-22.41691967983992,-0.051098883305419805,0.00043229829159277403,3.4548745021002727,-0.0001352695493424469
-22.387479569784894,-0.05111136967051367,0.0004222024001463857,3.4586681860910065,-0.00013901741405579482
-22.358039459729866,-0.051127811963897186,0.00041596851323459004,3.462471860803369,-0.00014672120705879615
-22.32859934967484,-0.051144431652745126,0.0004152579780688825,3.4662855657554603,-0.0001546023955262127
-22.29915923961981,-0.051156557196604203,0.00041429477595463746,3.470109340674074,-0.00015798943900477425
-22.269719129564784,-0.05116499424717618,0.00040908786669199333,3.473943225496075,-0.00015768798919623545
-22.240279019509757,-0.05117889189783422,0.0004032888780777003,3.4777872603697904,-0.00016284713947375268
-22.21083890945473,-0.05119912801396107,0.0003995551682458079,3.4816414856564113,-0.00017434475522008774
-22.1813987993997,-0.05121310348676287,0.0003954260384748253,3.4855059419314065,-0.00017958172764136887
-22.151958689344674,-0.05122070363253777,0.00039427763906326276,3.4893806699859433,-0.00017844337303574848
-22.122518579289647,-0.0512324290361717,0.0003942021428203327,3.493265710828326,-0.00018143027628916147
-22.09307846923462,-0.051242927882326615,0.0003979112288325155,3.49716110568544,-0.00018319062206356013
-22.063638359179592,-0.051253252637225605,0.00040100705264306226,3.5010668960042124,-0.0001847768765820268
-22.034198249124564,-0.05126629835752072,0.00040531283793257105,3.50498312345308,-0.00018908409649662922
-22.004758139069537,-0.05128381558402865,0.00041007678307502664,3.5089098299234722,-0.00019786282262403143
-21.97531802901451,-0.051297510177523105,0.0004107585791621112,3.5128470575313053,-0.000202818915737972
-21.945877918959482,-0.0513084552748359,0.0004118826782526554,3.5167948486184866,-0.00020502551267025104
-21.916437808904455,-0.05132810449860361,0.0004182496002829348,3.5207532457544333,-0.0002159362360574374
-21.886997698849427,-0.05135432209643783,0.0004193765740471846,3.5247222917376018,-0.00023341533351114302
-21.8575575887944,-0.051376062041219084,0.00041998290968048,3.528702029597032,-0.00024641677791188005
-21.828117478739372,-0.05138971954075892,0.00042326749765761766,3.5326925025938998,-0.0002513357770711905
-21.798677368684345,-0.051404016224249026,0.00042531325864856564,3.5366937542230867,-0.0002568939601807832
-21.769237258629317,-0.05142368181311232,0.00042530315229889743,3.540705828214759,-0.0002678210486635607
-21.73979714857429,-0.05144698724718833,0.0004256869677923921,3.544728768535961,-0.00028238798235905027
-21.710357038519263,-0.05146908493775005,0.00042587806309446203,3.548762619392222,-0.0002957471725402519
-21.680916928464235,-0.05148804938436172,0.0004241067465588593,3.5528074252291733,-0.0003059731187714035
-21.651476818409208,-0.05150336723557669,0.0004225154298467353,3.556863230734183,-0.00031255246960585487
-21.62203670835418,-0.051520851244742503,0.00042304485062957277,3.560930080838001,-0.000321297978391151
-21.592596598299153,-0.05153849993441279,0.00042115842008987357,3.5650080207164176,-0.0003302081676809232
-21.563156488244125,-0.05154968218801148,0.00041437131234049117,3.569097095791936,-0.0003326519208990894
-21.533716378189098,-0.051554846391902026,0.00040518308814466484,3.57319735173546,-0.0003290776244091187
-21.50427626813407,-0.051563029687483025,0.00039880125151735507,3.5773088344679933,-0.00032852241960959483
-21.474836158079043,-0.051577937900394166,0.0003944855207473424,3.5814315901623544,-0.0003346921321402199
-21.445396048024016,-0.051594544746909665,0.0003911140464158723,3.5855656652449053,-0.00034256047827520286
-21.415955937968988,-0.05160104875640883,0.00039079277060028784,3.5897111063972926,-0.00034032598739384273
-21.38651582791396,-0.05160303221916498,0.00038811391704725914,3.5938679605582067,-0.00033357094976947665
-21.357075717858933,-0.051608737571586384,0.0003833945233132839,3.598036274925153,-0.0003305378018103669
-21.327635607803906,-0.051617871883183765,0.0003771547058546051,3.602216096956236,-0.00033093361302722474
-21.29819549774888,-0.051629738901067285,0.0003710921463151899,3.6064074743719634,-0.00033406213053022854
-21.26875538769385,-0.051643393037840817,0.0003691695293593668,3.6106104551570612,-0.0003389777669232444
-21.239315277638823,-0.051655723674512904,0.00037121514349555435,3.6148250875623034,-0.0003425699032148094
-21.209875167583796,-0.05166766538328351,0.00037438384332641467,3.61905142010636,-0.00034577311160489954
-21.18043505752877,-0.05168082281292707,0.00037788700827785825,3.6232895015776596,-0.00035019204086794015
-21.15099494747374,-0.051688290458057395,0.00038072487898096785,3.6275393810362635,-0.00034892118561774543
-21.121554837418714,-0.05169825609851361,0.00038208528758028185,3.631801107815763,-0.00035014832569344595
-21.092114727363686,-0.05171349516875936,0.00037765610557839507,3.6360747315251842,-0.0003566488955586769
-21.06267461730866,-0.05173081372472096,0.0003719257098311677,3.640360302050917,-0.00036522895113975246
-21.03323450725363,-0.05174886568493101,0.0003698325968392455,3.644657869558653,-0.00037454241096929186
-21.003794397198604,-0.05176768423215033,0.000374526998106701,3.6489674844953446,-0.0003846224578080912
-20.974354287143576,-0.05178436275835652,0.00038016795792930586,3.6532891975911777,-0.0003925624836337571
-20.94491417708855,-0.051802687761401324,0.0003838065619184434,3.657623059861564,-0.0004021489862980482
-20.91547406703352,-0.051821804832048866,0.0003808298396816911,3.661969122609147,-0.0004125275565650746
-20.886033956978494,-0.05183626075284015,0.00037717601504065693,3.6663274374258257,-0.0004182449769758387
-20.856593846923467,-0.05184823668903865,0.00037630895707252096,3.670698056194799,-0.00042148241279382076
-20.82715373686844,-0.05186288011196676,0.0003788738272471996,3.6750810310926214,-0.00042738733534141565
-20.79771362681341,-0.05188030044593595,0.00038594504624482763,3.679476414591281,-0.00043606916893008246
-20.768273516758384,-0.05189917885360735,0.00039741453252437715,3.683884259460293,-0.00044620907622096306
-20.738833406703357,-0.051916576679843014,0.00040968543664050036,3.6883046187688113,-0.0004548684020761126
-20.70939329664833,-0.051932090449140565,0.0004201407765167272,3.6927375458877583,-0.0004616436709931407
-20.679953186593302,-0.05194533028391393,0.00042839761451521856,3.6971830944919737,-0.0004661450053859914
-20.650513076538275,-0.05196226458138096,0.00043794350550909074,3.7016413185623804,-0.0004743408024725018
-20.621072966483247,-0.05198237001027911,0.000446271581780289,3.706112272388168,-0.0004857077309901314
-20.59163285642822,-0.052000076028098384,0.00045411171509016345,3.7105960105689997,-0.0004946752484288885
-20.562192746373192,-0.05201663720131309,0.0004625849928463155,3.715092588017231,-0.0005024979212630773
-20.532752636318165,-0.0520401067801037,0.0004690517706972959,3.719602059960155,-0.0005172289996731652
-20.503312526263137,-0.052069245433657346,0.00047138812573599827,3.7241244819422614,-0.0005376291528462959
-20.47387241620811,-0.05209744367060929,0.0004724778859978155,3.7286599098275173,-0.0005570888894177242
-20.444432306153082,-0.05212312707932861,0.0004731128242166075,3.733208399801667,-0.0005740337977565221
-20.414992196098055,-0.052141739532536535,0.00047154782619915163,3.737770008374554,-0.0005839077505839299
-20.385552086043027,-0.05215812048616312,0.00046795598213000025,3.74234479238246,-0.0005915502038299977
-20.356111975988,-0.052177375404481696,0.0004645371419801017,3.746932808990465,-0.000602066621768052
-20.326671865932973,-0.05219973238123058,0.00045956390464628433,3.751534115694828,-0.0006156850981364204
-20.297231755877945,-0.05222165700012502,0.0004519409397755967,3.7561487703253915,-0.0006288712166503396
-20.26779164582291,-0.05223981170591674,0.00044529738653827333,3.7607768310480023,-0.0006382874220615398
-20.238351535767883,-0.052254608044596675,0.0004420628117431721,3.7654183563669523,-0.0006443452603609526
-20.208911425712856,-0.05226488457151451,0.000436184286407685,3.7700734051274516,-0.0006458832868982689
-20.17947131565783,-0.052270552099787926,0.0004313756031608466,3.7747420365181075,-0.0006428123147911718
-20.1500312056028,-0.05227231461400184,0.00042956233727712277,3.7794243100734373,-0.0006358363286245658
-20.120591095547773,-0.05227352755908954,0.00042889977906641815,3.784120285676398,-0.0006283107733317458
-20.091150985492746,-0.05227265125384347,0.0004291663598593834,3.788830023560939,-0.0006186959677051615
-20.06171087543772,-0.052276559294142766,0.0004277551408276964,3.7935535843145773,-0.0006138655076239341
-20.03227076538269,-0.05228675086869835,0.00042444508389469227,3.7982910288809966,-0.0006153185817990015
-20.002830655327664,-0.052295908543280124,0.000418861311373039,3.803042418562667,-0.0006157377560002605
-19.973390545272636,-0.05230055191264608,0.0004123609155479939,3.8078078150234886,-0.0006116426249856907
-19.94395043521761,-0.05230925785742204,0.0004090492892536579,3.8125872802914627,-0.0006116100693811383
-19.91451032516258,-0.05231727678061852,0.0004023456493028635,3.817380876761379,-0.0006108904921970984
-19.885070215107554,-0.05232231212666893,0.000397590433606346,3.822188667197533,-0.0006071873378669865
-19.855630105052526,-0.05233006476665822,0.0003966177562445278,3.8270107147364647,-0.000606201477475761
-19.8261899949975,-0.05234329761062342,0.0003949651479910258,3.831847082889723,-0.0006106958210604432
-19.79674988494247,-0.052357849139059914,0.0003925930388677643,3.836697835546652,-0.0006165088491164178
-19.767309774887444,-0.052371298315142055,0.0003890113273077837,3.841563036977207,-0.0006212195248180424
-19.737869664832417,-0.05238685471618423,0.0003838295617218644,3.846442751834793,-0.000628037425479698
-19.70842955477739,-0.052409741480424134,0.0003787787338736687,3.8513370451591245,-0.0006421856893390823
-19.67898944472236,-0.052428152859912154,0.000377375449974842,3.8562459823791215,-0.0006518585684465866
-19.649549334667334,-0.05244567229424951,0.0003820308070155663,3.8611696293158193,-0.000660639502403429
-19.620109224612307,-0.05246334683977432,0.00038409692580221365,3.866108052185315,-0.0006695755475477141
-19.59066911455728,-0.05248085522440388,0.0003835409374977929,3.8710613176017317,-0.0006783454317967549
-19.561229004502252,-0.052501934657443995,0.00038610642579374867,3.8760294925802166,-0.0006906863644563568
-19.531788894447224,-0.05252829768379847,0.0003929689260922955,3.8810126445399638,-0.0007083108904303095
-19.502348784392197,-0.05255461375598682,0.0003968298845020345,3.8860108413072605,-0.0007258884622381445
-19.47290867433717,-0.05258022671447016,0.0004005416942134929,3.891024151118568,-0.0007427629203409641
-19.443468564282142,-0.052605977451903464,0.0004146568878913934,3.896052642623625,-0.0007597751573937481
-19.414028454227115,-0.052631062876177116,0.00042769749006440013,3.9010963848885813,-0.0007761220812868841
-19.384588344172087,-0.0526561776122644,0.0004296665584590288,3.9061554473991613,-0.0007924983169936423
-19.35514823411706,-0.05267844128358645,0.00043427064208126885,3.911229900063853,-0.0008060234879351813
-19.325708124062032,-0.052701392483831246,0.00044361748225894566,3.9163198132171284,-0.0008202361877994585
-19.296268014007005,-0.05272522557516065,0.0004540994716273342,3.9214252576226953,-0.0008353307787483388
-19.266827903951977,-0.05274804881450521,0.0004627212859442827,3.926546304476774,-0.000849415517712386
-19.23738779389695,-0.05276871247045436,0.00046805044428549714,3.9316830254114086,-0.0008613406732810164
-19.207947683841923,-0.05278564119124777,0.0004690533681218152,3.9368354924978055,-0.0008695308936939039
-19.178507573786895,-0.05279686812019483,0.00046969149746991964,3.9420037782497053,-0.0008720193222604491
-19.149067463731868,-0.05280871231250369,0.00046889968432904644,3.9471879556267844,-0.0008751250141887934
-19.11962735367684,-0.05282400933881056,0.0004638938733161363,3.9523880980380874,-0.0008816835401151413
-19.090187243621813,-0.05283909337481235,0.0004534928310835017,3.9576042793454933,-0.0008880290757364157
-19.060747133566785,-0.05284762826488997,0.0004489230832408532,3.9628365738672113,-0.0008878254654335199
-19.031307023511758,-0.052857171799735585,0.0004494518860192276,3.9680850563813115,-0.00088863049989861
-19.00186691345673,-0.0528697932094556,0.0004475299398900881,3.9733498021292863,-0.0008925134092381062
-18.972426803401703,-0.05288135449476541,0.0004401953413176657,3.9786308868196474,-0.000895336194167401
-18.942986693346676,-0.0528916307419463,0.0004348943730584851,3.983928386631553,-0.0008968739409677684
-18.913546583291648,-0.05290177333600988,0.00043041001290036046,3.9892423782184725,-0.0008982780346508332
-18.88410647323662,-0.052912625167930605,0.0004274553798051887,3.9945729387118813,-0.0009003913661910432
-18.854666363181593,-0.05292609800654318,0.0004199357976591339,3.9999201457249964,-0.0009051257044230959
-18.825226253126566,-0.052941339912857134,0.00041145224231649925,4.0052840773565395,-0.0009116291103565335
-18.79578614307154,-0.05295196471177919,0.000406501074072336,4.010664812194542,-0.0009135154088980649
-18.76634603301651,-0.052960890862150466,0.00039812455197775395,4.01606242932018,-0.0009137030588888262
-18.736905922961483,-0.052978284248907194,0.00038658699676397075,4.021477008311654,-0.0009223579452650385
-18.707465812906456,-0.05299994729469263,0.0003731056571649132,4.0269086292480925,-0.0009352824906699517
-18.67802570285143,-0.05301903492903951,0.0003626636826195221,4.032357372713506,-0.0009456316246363172
-18.6485855927964,-0.053035693740847635,0.0003557025447180615,4.0378233198007685,-0.0009535519360639247
-18.619145482741374,-0.05304261879268104,0.0003508667811238884,4.043306552115643,-0.0009517384875168053
-18.589705372686346,-0.05304775669633701,0.00034525135854963663,4.048807151780842,-0.0009481378907922611
-18.56026526263132,-0.05305732573980085,0.00034172043558702706,4.054325201440124,-0.0009489684338755827
-18.53082515257629,-0.05306895191474836,0.00034650345785801204,4.059860784262438,-0.0009518561084425683
-18.501385042521264,-0.053079236157171326,0.00035281046540315666,4.065413983946098,-0.0009534018504850222
-18.471944932466236,-0.05309308934985877,0.00035292179448806596,4.070984884723005,-0.0009585165427919498
-18.44250482241121,-0.053112096590753444,0.0003508922074466841,4.076573571362902,-0.0009687852833061006
-18.41306471235618,-0.053126956859992254,0.00035357760001929965,4.082180129177674,-0.0009749070521643949
-18.383624602301154,-0.05314027946703059,0.00036132796155528856,4.087804644025694,-0.0009794911588222183
-18.354184492246127,-0.05316102515789329,0.0003629747908649716,4.0934472023162005,-0.0009914983493043913
-18.3247443821911,-0.05318589674572161,0.00036064540026101627,4.099107891013723,-0.0010076314367521988
-18.29530427213607,-0.05321418405115294,0.00035508437262231595,4.104786797642554,-0.0010271802418030107
-18.265864162081044,-0.0532450305741023,0.00034919282666464224,4.1104840102912545,-0.0010492882643718462
-18.236424052026017,-0.0532744037246115,0.0003418937305653239,4.116199617617212,-0.0010699229145005318
-18.20698394197099,-0.05330074313303462,0.0003292055606711655,4.121933708851241,-0.0010875238225431377
-18.177543831915962,-0.05333397286380396,0.000311998939010531,4.12768637380222,-0.0011120150529319514
-18.148103721860934,-0.05336823189648615,0.00030100018486558443,4.1334577028617865,-0.0011375355852336275
-18.118663611805907,-0.0533968033937103,0.0002999747696728687,4.1392477870090705,-0.0011573685820772603
-18.08922350175088,-0.053425657210291,0.00029889360459389876,4.145056717815472,-0.0011774838982774385
-18.059783391695852,-0.05345572596567533,0.00029220700182747036,4.150884587449493,-0.0011988141532812482
-18.030343281640825,-0.05348324856940758,0.0002845726786040172,4.156731488681607,-0.001217598256632986
-18.000903171585797,-0.05350887346812788,0.0002855452285811316,4.162597514889186,-0.0012344846549727645
-17.97146306153077,-0.053528831967710605,0.00028919731482130064,4.16848276006147,-0.0012457046541749714
-17.942022951475742,-0.05354492448661339,0.00029778860847238874,4.174387318804587,-0.0012530586726972395
-17.912582841420715,-0.05356800091175906,0.00031000229186311243,4.180311286346619,-0.001267396597462389
-17.883142731365687,-0.053597521156377566,0.00032232251639881325,4.18625475854273,-0.0012881783417003773
-17.85370262131066,-0.053623179832961665,0.00033207563409430726,4.192217831880327,-0.0013050985179039604
-17.824262511255633,-0.053640636447195356,0.0003412438388009516,4.198200603484285,-0.0013138166317571282
-17.794822401200605,-0.05365465592227472,0.0003514773141254752,4.204203171122223,-0.001319097606455974
-17.765382291145578,-0.05367087782158276,0.000360148126186373,4.210225633209824,-0.0013265810053834995
-17.73594218109055,-0.053687262989076674,0.0003653082216939861,4.216268088816219,-0.0013342276724968918
-17.706502071035523,-0.0537067250175377,0.0003766388707645723,4.222330637669415,-0.001344951200577399
-17.677061960980495,-0.05372161606607945,0.00038909362242213214,4.228413380161787,-0.001351103748738626
-17.647621850925468,-0.05373381186470331,0.0003948824717050047,4.234516417355612,-0.001354561046981971
-17.61818174087044,-0.05374902817486607,0.0003947226097697082,4.240639850988671,-0.001361038856764217
-17.588741630815413,-0.053766504941164604,0.00039198764098526427,4.246783783479905,-0.001369777122682228
-17.559301520760386,-0.05378122244613907,0.00038956664418348487,4.252948317935117,-0.0013757561272761745
-17.529861410705358,-0.05378933358495935,0.0003896527379231324,4.259133558152747,-0.0013751287657159453
-17.50042130065033,-0.05379598953870168,0.0003965271799598591,4.265339608629697,-0.0013730462190777518
-17.470981190595303,-0.053804358200839765,0.00040343328583278005,4.27156657456721,-0.001372676380835318
-17.441541080540276,-0.05381279996220937,0.0004003659082970792,4.27781456187682,-0.001372379641824406
-17.41210097048525,-0.053825599749498985,0.00039853604741879904,4.2840836771863575,-0.0013764409287334994
-17.38266086043022,-0.0538421486883535,0.0003979825004802671,4.290374027846012,-0.0013842513672074966
-17.353220750375193,-0.05386035463848075,0.00039337947069093703,4.296685721934458,-0.0013937188169542286
-17.323780640320166,-0.053873312418196206,0.00038782626758794965,4.303018868265052,-0.0013979380962891655
-17.29434053026514,-0.053878794961663055,0.00038492469011153885,4.309373576392077,-0.0013946821393754985
-17.26490042021011,-0.053882040187012294,0.00038732401102241397,4.315749956617067,-0.0013891888643442207
-17.235460310155084,-0.05389060457251971,0.0003891656480218075,4.322148119995184,-0.001389014749471111
-17.206020200100056,-0.05390764818993209,0.0003792401468519838,4.328568178341667,-0.0013973198665029815
-17.17658009004503,-0.053932789609449326,0.000366403830436539,4.335010244238349,-0.0014137227856396914
-17.14713997999,-0.053959028037448085,0.00035591142361239043,4.341474431040232,-0.0014312227132579347
-17.117699869934974,-0.05398298388890608,0.000353552181281638,4.347960852882139,-0.0014464400643354122
-17.08825975987994,-0.05400656801207478,0.00035259133414831777,4.354469624685432,-0.0014612856871235938
-17.058819649824912,-0.0540316650197949,0.00034525113516930997,4.361000862164796,-0.0014776441944631957
-17.029379539769884,-0.054055245992825095,0.0003349309730901837,4.367554681835101,-0.001492486667112873
-16.999939429714857,-0.054076466629060745,0.00032940169487405646,4.3741312010183275,-0.001504968802968
-16.97049931965983,-0.05410175744190925,0.00032983443616557896,4.380730537850568,-0.001521521115435992
-16.941059209604802,-0.05413972899558703,0.0003284488149909487,4.387352811289101,-0.001550754168733251
-16.911619099549775,-0.05417627237135161,0.0003161757652379661,4.393998141119537,-0.0015785590441173072
-16.882178989494747,-0.05419970628422364,0.00030791267375894607,4.400666647963046,-0.0015932544566088225
-16.85273887943972,-0.054218760772180526,0.00030592658551927183,4.407358453283648,-0.0016035704441851942
-16.823298769384692,-0.054236876817404106,0.000308143130832544,4.414073679395595,-0.0016129479890282516
-16.793858659329665,-0.05425495601608179,0.0003087743548864076,4.420812449470819,-0.0016222886873254183
-16.764418549274637,-0.05427613174648984,0.00030699332556235743,4.427574887546466,-0.0016347259173529471
-16.73497843921961,-0.054301058840911104,0.0003068754784807216,4.434361118532502,-0.0016509145113936946
-16.705538329164582,-0.054320474145920596,0.0003114398054916703,4.441171268219409,-0.0016615913160226703
-16.676098219109555,-0.054337540288428736,0.00031839680168140716,4.448005463285953,-0.0016699189581502877
-16.646658109054528,-0.054361158455063764,0.0003196013526099058,4.454863831307041,-0.0016847986244048
-16.6172179989995,-0.05438783351934601,0.00031392225326392,4.461746500761661,-0.001702735188306527
-16.587777888944473,-0.05441008579505665,0.0003113644813566699,4.468653601040901,-0.0017162489636366463
-16.558337778889445,-0.05443112560039104,0.0003170173567753779,4.475585262456058,-0.0017285502685905202
-16.528897668834418,-0.05445523728241661,0.00032974464459879186,4.482541616246838,-0.0017439234502355724
-16.49945755877939,-0.054477857523170616,0.0003388328592895201,4.4895227945896305,-0.0017578051906090575
-16.470017448724363,-0.05449802729705185,0.000338951730689042,4.496528930605889,-0.0017692364641097788
-16.440577338669335,-0.05452546292277793,0.00033571027151455576,4.503560158370585,-0.0017879335894553372
-16.411137228614308,-0.054556013431919605,0.00033347635938534606,4.510616612920766,-0.0018097455982164917
-16.38169711855928,-0.05458584377073727,0.0003328240474497567,4.517698430264198,-0.0018308374366536387
-16.352257008504253,-0.054615946167226544,0.00033369562995974833,4.524805747388102,-0.0018522013327623987
-16.322816898449226,-0.05464559342621756,0.00033675668677777946,4.531938702267993,-0.0018731100913728926
-16.2933767883942,-0.054671458864102955,0.00034028881844480336,4.539097433876602,-0.0018902370288777712
-16.26393667833917,-0.05469242809002014,0.0003419032431505727,4.546282082192903,-0.0019024677544144386
-16.234496568284143,-0.054717469187301825,0.0003458366975894188,4.55349278821124,-0.0019187703513156018
-16.205056458229116,-0.0547422735301701,0.0003473257236055575,4.560729693950546,-0.0019348361938033645
-16.17561634817409,-0.05476846140069234,0.00034813648825403267,4.567992942463672,-0.0019522855639450762
-16.14617623811906,-0.05480139880376906,0.0003488387091725944,4.575282677846808,-0.0019764844666412817
-16.116736128064034,-0.05483318768830537,0.00035147405258516176,4.582599045249013,-0.001999534850797076
-16.087296018009006,-0.05486268863987832,0.00035583124680884233,4.589942190881851,-0.0020202973019895
-16.05785590795398,-0.0548926792593902,0.0003606533429454672,4.597312262029132,-0.002041549421120864
-16.02841579789895,-0.054920183329891716,0.00036726897657660677,4.604709407056755,-0.002060314991241867
-15.998975687843924,-0.05493752444085473,0.0003672072268547622,4.612133775422667,-0.0020689176018243577
-15.969535577788896,-0.05495085697015246,0.00035982733738954415,4.619585517686924,-0.00207351163074157
-15.940095467733869,-0.054974869197168964,0.0003571701125360228,4.62706478552188,-0.002088785357377561
-15.910655357678841,-0.055005215438992366,0.0003591318948864132,4.634571731722465,-0.00211039309882044
-15.881215247623814,-0.05503212608732084,0.0003596019412000643,4.642106510216596,-0.0021285652467683963
-15.851775137568787,-0.05505337746844136,0.00036075996096399614,4.649669276075699,-0.0021410781275084043
-15.822335027513759,-0.055075275792659105,0.00036091281775007107,4.657260185525342,-0.0021542379513456236
-15.792894917458732,-0.055100622010017974,0.0003589737978508029,4.664879395956,-0.002170845668323977
-15.763454807403704,-0.05512974745220837,0.0003543733181098586,4.672527065933929,-0.0021912326101338545
-15.734014697348677,-0.05515654427095209,0.0003488523825746121,4.6802033552121625,-0.0022092909284970527
-15.70457458729365,-0.05516870668451396,0.0003444816340004016,4.687908424741641,-0.002212714841678405
-15.675134477238622,-0.055179204560665884,0.0003397201144429642,4.695642436682461,-0.002214474217449816
-15.645694367183594,-0.05520393428067078,0.00033230278389658895,4.703405554415246,-0.0022304654370741903
-15.616254257128567,-0.055232348975761424,0.0003297745254731562,4.711197942552658,-0.0022501416317843165
-15.58681414707354,-0.055255324155993706,0.00032918692349930386,4.719019766951026,-0.0022643783116360824
-15.557374037018512,-0.05527272625678809,0.00032590636009581964,4.7268711947221185,-0.002273041912049946
-15.527933926963485,-0.055291080079070055,0.00032383013008670095,4.734752394245043,-0.0022826572339513934
-15.498493816908457,-0.05531584116808217,0.00032189019653849405,4.742663535178283,-0.0022986798225829927
-15.46905370685343,-0.055342162262827434,0.0003129974257777868,4.750604788471872,-0.0023162624169477328
-15.439613596798402,-0.05536291704268121,0.00030664383255232114,4.758576326379706,-0.0023282786964209934
-15.410173486743375,-0.05538042697724629,0.0003066055713084613,4.766578322472,-0.0023370501306055544
-15.380733376688347,-0.05540318639419365,0.00030713903900370034,4.774610951647887,-0.002351071047172394
-15.35129326663332,-0.05543207412230459,0.0003055088812252083,4.782674390148156,-0.002371220274902816
-15.321853156578292,-0.055462594638353985,0.0003022167551255564,4.790768815568145,-0.002393002290571697
-15.292413046523265,-0.05548998848889116,0.00030031954949739524,4.798894406870781,-0.00241165764072835
-15.262972936468238,-0.05551662016104451,0.0003015870006188217,4.807051344399767,-0.00242955081250118
-15.23353282641321,-0.05554768113625199,0.0003064888108121467,4.8152398098929226,-0.0024518732873281476
-15.204092716358183,-0.055581150759985286,0.0003008433977705899,4.823459986495684,-0.00247660441068092
-15.174652606303155,-0.055611282017275214,0.00029142569550137014,4.831712058774761,-0.0024979971675903323
-15.145212496248128,-0.055642097738829194,0.00028439891519974135,4.839996212731943,-0.002520074388763796
-15.1157723861931,-0.055670810837387,0.0002844520793862016,4.8483126358180835,-0.0025400489869410806
-15.086332276138073,-0.0557012304575235,0.0002848486172325123,4.856661516947231,-0.002561730106697066
-15.056892166083045,-0.05573282181257938,0.0002835987329101781,4.865043046510938,-0.002584582961372421
-15.027452056028018,-0.05576244954819045,0.0002797751332776871,4.873457416392734,-0.0026054721966029745
-14.99801194597299,-0.05578973867841555,0.00027686501150653677,4.881904819982764,-0.00262402282644756
-14.968571835917963,-0.05582183104330138,0.00027574224910743226,4.890385452192611,-0.0026473766909528643
-14.939131725862936,-0.055860483873601464,0.00027433758095964285,4.898899509470283,-0.002677291020872434
-14.909691615807908,-0.05589345769187629,0.00027194008170237596,4.907447189815384,-0.0027015263387667465
-14.88025150575288,-0.055916570749479914,0.0002692905786922119,4.916028692794462,-0.002715900895989845
-14.850811395697853,-0.05594035840411832,0.000269885258394534,4.924644219556537,-0.0027309500502477324
-14.821371285642826,-0.055972920996421725,0.0002745859349754572,4.933293972848826,-0.002754774142170624
-14.791931175587798,-0.0560098276333017,0.0002770389275524493,4.941978157032641,-0.0027829422786700767
-14.762491065532771,-0.05604581328394023,0.0002753969631481719,4.950696978099481,-0.002810189428928092
-14.733050955477744,-0.056082009777930174,0.0002767054484970539,4.95945064368733,-0.0028376474225375176
-14.703610845422716,-0.05611050984298061,0.00027767814243764204,4.968239363097126,-0.0028574089872074326
-14.674170735367689,-0.056141794683479775,0.0002760029423001372,4.977063347309457,-0.0028799553273260795
-14.644730625312661,-0.056177774712581764,0.0002722856721380896,4.985922809001433,-0.002907196856047553
-14.615290515257634,-0.056208647352261755,0.0002688246343689588,4.994817962563779,-0.002929330995347021
-14.585850405202606,-0.05623340357174846,0.0002631878944967672,5.003749024118124,-0.0029453487144532123
-14.556410295147579,-0.05625957407179727,0.0002553992147147408,5.012716211534511,-0.002962780714121503
-14.526970185092551,-0.05629547554059203,0.0002520894459192813,5.021719744449107,-0.002989943682535738
-14.497530075037524,-0.05633319302354162,0.00025521798753190154,5.030759844282138,-0.0030189226651048118
-14.468089964982497,-0.05635906828416235,0.00025900168006999784,5.039836734256044,-0.0030360594253450238
-14.438649854927469,-0.05638289481740579,0.000258493466395664,5.048950639413845,-0.003051147458207948
-14.409209744872442,-0.05640701330223152,0.0002575405219370962,5.058101786637745,-0.0030665274426531636
-14.379769634817414,-0.05642966709369838,0.000260195938862376,5.067290404667957,-0.0030804427337394955
-14.350329524762387,-0.05645329057480717,0.0002645462717776211,5.076516724121763,-0.0030953277144677716
-14.32088941470736,-0.05647886448251338,0.0002686623610919439,5.0857809775128064,-0.0031121631217934653
-14.291449304652332,-0.05650560609892622,0.0002723648418393441,5.095083399270626,-0.0031301662378257836
-14.262009194597304,-0.05653318642494337,0.0002803758451288873,5.104424225760429,-0.0031490080634624176
-14.232569084542277,-0.05656287079123538,0.00029381859737319957,5.11380369530311,-0.0031699539293739074
-14.20312897448725,-0.05658982658958573,0.00030239264341647495,5.123222048195522,-0.0031881712273437376
-14.173688864432222,-0.056615458767071525,0.00030388290073097744,5.132679526730996,-0.003205064904449016
-14.144248754377195,-0.056641478521102816,0.00030507674570060277,5.142176375220119,-0.003222346158099791
-14.114808644322167,-0.05666738659701373,0.00031063648855227593,5.15171284001177,-0.0032395157336301827
-14.08536853426714,-0.056692464572531825,0.00031905903448838704,5.1612891695144265,-0.003255855208767762
-14.055928424212112,-0.05671590867727131,0.0003258813054460737,5.170905614217725,-0.0032705608131267314
-14.026488314157085,-0.05673857384812787,0.00032795765933414786,5.18056242671431,-0.0032844874836027646
-13.997048204102057,-0.056763800469807724,0.00032855274717005485,5.190259861721947,-0.0033009756049021052
-13.96760809404703,-0.056793541100078386,0.0003308579948543886,5.199998176105918,-0.0033219777347922516
-13.938167983991995,-0.05681974352912424,0.00033919125957008567,5.209777628901703,-0.003339441663457586
-13.908727873936968,-0.056844062652390136,0.0003428302847519154,5.219598481337941,-0.0033550222863429624
-13.87928776388194,-0.05687444189471816,0.00034035423150753955,5.229460996859702,-0.0033766630282904622
-13.849847653826913,-0.05690579288077219,0.0003417072880904344,5.239365441152037,-0.0033992755139639758
-13.820407543771886,-0.056933485398442917,0.00034601884058943385,5.2493120821638355,-0.0034182295312541883
-13.790967433716858,-0.05695720937160898,0.0003439210007232778,5.259301190131992,-0.0034332150040397302
-13.76152732366183,-0.05698695053685762,0.00033842515335707487,5.269333037605875,-0.003454217668907855
-13.732087213606803,-0.057020301992126494,0.00033596538042318023,5.2794078994721225,-0.0034788306237962113
-13.702647103551776,-0.057047601338266495,0.0003370612639628018,5.289526052979742,-0.0034973914695556885
-13.673206993496748,-0.05708154189239443,0.0003340901168254425,5.299687777765549,-0.0035225935233031067
-13.643766883441721,-0.05711502693440052,0.0003318932485183668,5.309893355879928,-0.0035473400649286835
-13.614326773386694,-0.05714456976385791,0.0003326533716720705,5.320143071812924,-0.0035681443940055457
-13.584886663331666,-0.05717814659560119,0.0003308620844634444,5.330437212520684,-0.0035929827253683155
-13.555446553276639,-0.05721412298616337,0.0003267918132206665,5.3407760674522295,-0.0036202206155499725
-13.526006443221611,-0.057241895041685385,0.00032177612264246,5.351159928576595,-0.0036392541706914694
-13.496566333166584,-0.05726755771793549,0.00031689989688307073,5.3615890904103045,-0.0036561783465610606
-13.467126223111556,-0.05730820689493169,0.000315008348488939,5.372063850045219,-0.003688089023176737
-13.437686113056529,-0.05734513228270657,0.0003165437750574862,5.382584507176749,-0.0037162759105710957
-13.408246003001501,-0.05737790551158397,0.00031839933724793994,5.3931513641324385,-0.0037403106390679827
-13.378805892946474,-0.05741595992851103,0.0003207484786610768,5.403764725900919,-0.003769626555614518
-13.349365782891446,-0.05745710819057897,0.0003246464885797129,5.414424900161258,-0.0038020363173019434
-13.319925672836419,-0.05749279381160358,0.0003262336087112604,5.425132197312691,-0.0038289834379460416
-13.290485562781392,-0.05752517135088956,0.0003262821295079075,5.435886930504747,-0.0038526224768514958
-13.261045452726364,-0.05756361898940656,0.0003288161634723417,5.44668941566778,-0.00388233161498798
-13.231605342671337,-0.057594632879828765,0.0003267200008054158,5.457539971543902,-0.0039046070050296686
-13.20216523261631,-0.05762287224875964,0.00033047410046900706,5.468438919718336,-0.003924107873580024
-13.172725122561282,-0.05765537539386533,0.0003330294175356765,5.479386584651186,-0.0039478725183051955
-13.143285012506254,-0.05768219059723955,0.00033460171559783486,5.490383293709635,-0.003965949221298899
-13.113844902451227,-0.057705619358047,0.00033333766709596024,5.5014293772005765,-0.003980639481725827
-13.0844047923962,-0.05773019811813262,0.000329653866792502,5.512525168403685,-0.003996479741430928
-13.054964682341172,-0.05775571347497444,0.00032214129745456355,5.523671003604937,-0.0040132565978922355
-13.025524572286145,-0.057780597796045885,0.00031600991582845855,5.534867222130586,-0.004029402418583156
-12.996084462231117,-0.05780643363695199,0.0003165168851096887,5.546114166381596,-0.004046499759108743
-12.96664435217609,-0.05782660746663033,0.000309715307222863,5.557412181868545,-0.004057935088406565
-12.937204242121062,-0.05784453190051988,0.00029923336332870896,5.568761617247014,-0.004067121021915594
-12.907764132066035,-0.057870793491247886,0.0002873596130361515,5.580162824353441,-0.004084644112263086
-12.878324022011007,-0.05790264526567567,0.00028062402717272613,5.591616158241489,-0.004107757386310355
-12.84888391195598,-0.05793807768168818,0.00027629237068844915,5.603121977218901,-0.0041344513019423434
-12.819443801900952,-0.05797443739023922,0.0002697357446379675,5.614680642884858,-0.0041620725101128644
-12.790003691845925,-0.05800803807055375,0.0002677870513220263,5.626292520167871,-0.004186934690046877
-12.760563581790898,-0.05803760028058646,0.0002748641504563075,5.637957977364179,-0.0042077583996990645
-12.73112347173587,-0.05806745383849025,0.0002786026234966124,5.649677386176693,-0.004228873457222337
-12.701683361680843,-0.05810213967092696,0.0002788444217539275,5.661451121754469,-0.004254820789278531
-12.672243251625815,-0.058144622359134986,0.0002850926249436509,5.6732795627327475,-0.004288564977106037
-12.642803141570788,-0.05818808046859094,0.0002972869570791487,5.6851630912735365,-0.004323284586181475
-12.61336303151576,-0.05822614427988706,0.00031039770209582437,5.6971020931067695,-0.0043526098970970775
-12.583922921460733,-0.058258435509295305,0.0003201052953367858,5.709096957572047,-0.004376162626124801
-12.554482811405705,-0.05828785114403221,0.0003239556251351985,5.721148077660955,-0.0043968397604811915
-12.525042701350678,-0.05831736644567803,0.00032183686629467926,5.733255850059985,-0.004417616561746489
-12.49560259129565,-0.058348562136024,0.000321932831143714,5.745420675194062,-0.0044400737517119385
-12.466162481240623,-0.05837714672076987,0.00032097150076017787,5.757642957270688,-0.004459919836077297
-12.436722371185596,-0.058411397928911195,0.0003110148904497737,5.769923104324713,-0.004485432543838097
-12.407282261130568,-0.0584446138636374,0.00030385349180279427,5.7822615282637395,-0.004509909978183783
-12.37784215107554,-0.058478072600638926,0.00029893191710762,5.794658644914184,-0.004534630214804797
-12.348402041020513,-0.05850815335788895,0.0002920128329523231,5.807114874067985,-0.004555972471674295
-12.318961930965486,-0.05853226003386044,0.0002803396271371101,5.819630639529995,-0.004571340647265269
-12.289521820910458,-0.058560467726421365,0.00027119190465280704,5.832206369166037,-0.004590809839445681
-12.260081710855431,-0.05860296643733078,0.0002623492175217374,5.844842494951671,-0.0046245700499745745
-12.230641600800404,-0.05864657630486017,0.0002596838447304394,5.8575394530216505,-0.004659441417123447
-12.201201490745376,-0.05868160075713912,0.0002671593118942535,5.870297683720104,-0.004685727369021883
-12.171761380690349,-0.05871255535213595,0.0002756303299141739,5.8831176316514435,-0.0047079434636381895
-12.142321270635321,-0.05874371757636648,0.0002835679233925718,5.895999745732002,-0.004730367187488205
-12.112881160580294,-0.05877702016053538,0.00029239813281737236,5.9089444792424475,-0.004754931271276588
-12.083441050525266,-0.05881404322627177,0.00029933731230399234,5.921952289880936,-0.004783215836632451
-12.054000940470239,-0.05885025855220808,0.0003020906629481228,5.935023639817068,-0.004810692662188247
-12.024560830415211,-0.058880669258102286,0.00030703781770977535,5.948158995746619,-0.004832364867701937
-11.995120720360184,-0.058918592291854165,0.0003135548573656759,5.961358828947086,-0.004861549401073292
-11.965680610305157,-0.058953794668387176,0.0003186733415422704,5.974623615334051,-0.0048880132772257875
-11.936240500250129,-0.058982382732182,0.00032751385643898964,5.987953835518379,-0.004907862840640098
-11.906800390195102,-0.05901127362891332,0.0003401120248970827,6.001349974864267,-0.004928015236990893
-11.877360280140074,-0.05904408048594025,0.00034966037124683954,6.014812523548147,-0.004952083593637309
-11.847920170085047,-0.05908106858976355,0.00035051452788017914,6.028341976618483,-0.004980333197080092
-11.81848006003002,-0.05912092896900628,0.00034907475272687947,6.041938834056444,-0.005011455075942299
-11.789039949974992,-0.05915797549461835,0.00035449252103112865,6.055603600837504,-0.00503976310117385
-11.759599839919964,-0.05919014335242242,0.00036177720151484905,6.069336786993948,-0.005063192458597397
-11.730159729864937,-0.05922013204155883,0.0003698203640018401,6.083138907678338,-0.0050844426473532905
-11.70071961980991,-0.059247851665118555,0.00037994688768599045,6.097010483227923,-0.005103423770532502
-11.671279509754882,-0.05928919096280458,0.0003834325740047243,6.110952039230033,-0.005136024567838002
-11.641839399699855,-0.05933303080272397,0.0003876279123220664,6.1249641065884575,-0.005171125907376881
-11.612399289644827,-0.05936736416978718,0.0003927207051108407,6.139047221590843,-0.005196720774059575
-11.5829591795898,-0.05939124754662326,0.0003908130501873367,6.153201925977109,-0.005211865650515131
-11.553519069534772,-0.05941616965685132,0.00038769820494721855,6.167428767008915,-0.005228049260362674
-11.524078959479745,-0.05944940021797152,0.0003928475700522872,6.181728297540191,-0.0052525413211023594
-11.494638849424717,-0.05947868141787205,0.00039428432345275173,6.1961010760887545,-0.005273084020622362
-11.46519873936969,-0.05951237036298598,0.000385639081553412,6.210547666909026,-0.005298034465355775
-11.435758629314662,-0.05954658401912415,0.00037441178985041923,6.22506864006587,-0.0053235096211134356
-11.406318519259635,-0.05957092425548168,0.00037287345614520214,6.239664571509583,-0.005339111357090441
-11.376878409204608,-0.05959328428719284,0.00037978547247625126,6.2543360431520405,-0.005352732888421086
-11.34743829914958,-0.059623384424860454,0.00038767875630874076,6.269083642944031,-0.005374094525708181
-11.317998189094553,-0.05966171951210538,0.0003911363622091176,6.283907964953796,-0.005403691112572585
-11.288558079039525,-0.05970075249020224,0.00038828655279182317,6.298809609446805,-0.005433985590288931
-11.259117968984498,-0.05974075523155064,0.0003891724970037366,6.313789182966775,-0.005465249831256812
-11.22967785892947,-0.05977477193838219,0.0003892599672816835,6.328847298417964,-0.005490528037707838
-11.200237748874443,-0.05980847008864839,0.00039016485318534884,6.343984575148769,-0.005515487687593523
-11.170797638819415,-0.05985391596647031,0.00038947221308638645,6.359201639036642,-0.005552195065034925
-11.141357528764388,-0.0599088256801274,0.0003894649997986887,6.374499122574349,-0.005598366278311492
-11.11191741870936,-0.05996422785153988,0.00039296600096674943,6.389877664957608,-0.005645029949343461
-11.082477308654333,-0.0600128556110359,0.00040088479854845675,6.405337912174117,-0.005684919208458962
-11.053037198599306,-0.06005207707316046,0.00040532816067775305,6.420880517094007,-0.005715402170202999
-11.023597088544278,-0.060093549794812545,0.00040175356005223373,6.436506139561747,-0.005748136391474569
-10.99415697848925,-0.0601357995376501,0.00039505390226762186,6.452215446489519,-0.0057816476339316095
-10.964716868434223,-0.06016891469843538,0.000394563529089344,6.468009111952106,-0.005806024294336368
-10.935276758379196,-0.06020331163721044,0.00039939017438883975,6.483887817283305,-0.005831682732730908
-10.905836648324168,-0.06024595511415779,0.0004070044438406093,6.499852251173911,-0.005865587709297744
-10.876396538269141,-0.060295572658181355,0.0004117749518607291,6.515903109771274,-0.005906466752940785
-10.846956428214114,-0.060342312336933435,0.00041082348438010606,6.532041096780503,-0.005944467931312349
-10.817516318159086,-0.06037981079991187,0.0004111110332918288,6.548266923567302,-0.005973227893910263
-10.788076208104059,-0.06040895500977977,0.0004072979799578648,6.564581309262495,-0.0059936336033976426
-10.758636098049024,-0.06045025090843722,0.00040288429472147,6.580984980868281,-0.00602619100167457
-10.729195987993997,-0.060496983311659175,0.0004027635868733434,6.5974786733662,-0.006064184904516011
-10.69975587793897,-0.060536067389005244,0.0003997873306471451,6.61406312982694,-0.006094530481481564
-10.670315767883942,-0.060579222091700254,0.0003918015988901651,6.630739101521911,-0.006128946683796051
-10.640875657828914,-0.06062579727616252,0.0003868941435728009,6.647507348036693,-0.0061667833678778
-10.611435547773887,-0.060669910442080054,0.00038488448658836747,6.664368637386367,-0.006202158033414819
-10.58199543771886,-0.06070798894662419,0.0003834590981824662,6.6813237461327795,-0.006231498037578435
-10.552555327663832,-0.060744431885079074,0.0003879069089018106,6.698373459503758,-0.0062592024756528
-10.523115217608805,-0.060782516584878384,0.0003906285526673697,6.715518571514333,-0.006288548675071594
-10.493675107553777,-0.06083104480279041,0.00038645807043198826,6.732759885090009,-0.006328338392603099
-10.46423499749875,-0.06087316104233953,0.0003799104024020293,6.750098212192098,-0.006361716131771701
-10.434794887443722,-0.0609137781298264,0.0003657090338384627,6.767534373945191,-0.006393594718878057
-10.405354777388695,-0.06094964607836557,0.00035938406313232383,6.785069200766785,-0.0064207241670367
-10.375914667333667,-0.06098472259857269,0.0003687205706881473,6.802703532499122,-0.006447062186863306
-10.34647455727864,-0.061022818267347595,0.00037728323593088845,6.8204382185432735,-0.006476419355257695
-10.317034447223612,-0.06106670183174279,0.00037067801821925997,6.838274117995522,-0.006511564419272364
-10.287594337168585,-0.06111498584470682,0.00036384680290951586,6.856212099786089,-0.0065511099318558835
-10.258154227113558,-0.061157692607735764,0.00035557540748780376,6.8742530428202455,-0.00658507819450431
-10.22871411705853,-0.061197745534205816,0.00034987311166183896,6.892397836121863,-0.006616392620593839
-10.199274007003503,-0.061236534937874586,0.0003506037352526272,6.910647378979451,-0.006646443523882092
-10.169833896948475,-0.06128022499788738,0.00035731208353462256,6.9290025810947276,-0.006681395083514369
-10.140393786893448,-0.06132889765116375,0.0003703637849538261,6.94746436273378,-0.006721329236410216
-10.11095367683842,-0.0613811331130083,0.0003845621732432906,6.966033654880869,-0.006764826197874253
-10.081513566783393,-0.061430081492925094,0.00038740816385868763,6.984711399394923,-0.00680503607741053
-10.052073456728365,-0.061479775917342,0.00038078247675001303,7.0034985491687864,-0.006845992001446914
-10.022633346673338,-0.06153364934113719,0.00037930279214639403,7.022396068291268,-0.0068911269248615875
-9.99319323661831,-0.061575128814664,0.0003840885555840545,7.041404932212067,-0.0069238678980078835
-9.963753126563283,-0.061615523099019555,0.0003938049910499769,7.060526127909605,-0.006955523681982913
-9.934313016508256,-0.06166437061293272,0.0004052150227690483,7.079760654061857,-0.0069956326955155634
-9.904872906453228,-0.061721879382831635,0.0004133807793690281,7.099109521220224,-0.007044402965033961
-9.8754327963982,-0.06177602670553425,0.00041607061763284634,7.118573751986511,-0.00708981178735605
-9.845992686343173,-0.06181694912860517,0.00041624957214581623,7.138154381193087,-0.007121995710046458
-9.816552576288146,-0.06184652702670018,0.00041991490722350814,7.157852456086284,-0.007142835107760946
-9.787112466233118,-0.06188749651633344,0.0004273083175239386,7.177669036513107,-0.0071750660970136895
-9.757672356178091,-0.061930666984071514,0.0004377167934247195,7.197605195111318,-0.007209498064371246
-9.728232246123063,-0.06196737413364409,0.0004530953563855361,7.217662017502981,-0.007237466713563297
-9.698792136068036,-0.0620038480922853,0.0004653967176828103,7.23784060249153,-0.007265202171823991
-9.669352026013009,-0.062043963340350866,0.00046868701134136987,7.258142062262426,-0.007296578919509043
-9.639911915957981,-0.06208857614545948,0.0004616648039082846,7.2785675225875055,-0.0073324532242371315
-9.610471805902954,-0.06213763429973223,0.00045383681648788224,7.299118123033079,-0.0073727728781293675
-9.581031695847926,-0.0621869911873745,0.00045255896100570615,7.319795017171861,-0.007413391265391124
-9.551591585792899,-0.06222643104782726,0.000454859299177805,7.340599372798832,-0.007444092625463361
-9.522151475737871,-0.0622764029258266,0.00045405663320702516,7.361532372151087,-0.007485326003082181
-9.492711365682844,-0.0623234215685795,0.000454695299462694,7.382595212131794,-0.007523606145454567
-9.463271255627816,-0.062357720947077956,0.00045747908903819744,7.403789104538316,-0.007549167023572501
-9.433831145572789,-0.062390479705801555,0.00045900497093887465,7.42511527629462,-0.007573187281915583
-9.404391035517762,-0.062425872295996006,0.0004631160805820482,7.4465749696880374,-0.007599841371729518
-9.374950925462734,-0.06246271295194248,0.0004718786374371681,7.4681694426104945,-0.007627943527295469
-9.345510815407707,-0.062498698576768846,0.00047915737242714145,7.489899968804297,-0.00765519065174132
-9.31607070535268,-0.06253769153087925,0.000481280087934743,7.51176783811258,-0.007685445105471207
-9.286630595297652,-0.0625786015843176,0.0004810745059780447,7.533774356734519,-0.00771761665852904
-9.257190485242624,-0.06263081604288635,0.0004703292486622243,7.555920847485408,-0.007761092616717272
-9.227750375187597,-0.06268345141618228,0.0004609022475641676,7.578208650061721,-0.007804989489632687
-9.19831026513257,-0.06272769883132322,0.0004650969297980834,7.600639121311262,-0.007840498404393097
-9.168870155077542,-0.06277660761650138,0.0004694711155149689,7.623213635508517,-0.00788066868919074
-9.139430045022515,-0.06282827210965194,0.0004627274388741896,7.645933584635331,-0.007923594681960786
-9.109989934967487,-0.06288375681456751,0.00045169186816944166,7.668800378667028,-0.007970340886495834
-9.08054982491246,-0.06294864803988363,0.00044289483108090445,7.691815445864089,-0.008026493611431443
-9.051109714857432,-0.06300436953600184,0.0004321281687379107,7.714980233069537,-0.00807347660716913
-9.021669604802405,-0.06305775839485996,0.0004289541461853235,7.738296206012127,-0.008118126965646726
-8.992229494747377,-0.0631152925659462,0.0004366809693284825,7.761764849615508,-0.00816692263635245
-8.96278938469235,-0.06317871556905492,0.000436153251221934,7.785387668313464,-0.008221607139080656
-8.933349274637322,-0.06323835710245361,0.0004232014713773942,7.809166186371403,-0.008272510172098825
-8.903909164582295,-0.06329238387947983,0.0004112541408953973,7.833101948214208,-0.008317798448744529
-8.874469054527268,-0.06334526726468721,0.0004149493146156267,7.857196518760626,-0.00836194333357139
-8.84502894447224,-0.06339797231782225,0.00042583603179716567,7.88145148376433,-0.008405909886325912
-8.815588834417213,-0.06344627226436367,0.00043466732413739105,7.905868450161815,-0.008445471332486812
-8.786148724362185,-0.06350233519882452,0.00043978566161218235,7.930449046427291,-0.00849279576656714
-8.756708614307158,-0.06356145015990551,0.0004372680620878781,7.9551949229347265,-0.008543172227267616
-8.72726850425213,-0.0636242750492013,0.0004340318436855015,7.980107752327233,-0.008597258616182893
-8.697828394197103,-0.06368466364289059,0.0004425629555994963,8.00518922989394,-0.008648908709491657
-8.668388284142075,-0.0637457969430909,0.00045576373146216035,8.030441073954556,-0.008701303509311455
-8.638948174087048,-0.06380399293269312,0.0004567677490509991,8.05586502625179,-0.008750760998533155
-8.60950806403202,-0.06385920049791671,0.00045149119579918903,8.081462852351825,-0.008797230063376224
-8.580067953976993,-0.063913794666431,0.000453212754855861,8.107236342053033,-0.008843085731509999
-8.550627843921966,-0.0639621841132318,0.00045951908857042034,8.13318730980314,-0.008882736677930284
-8.521187733866938,-0.06401352939451692,0.0004672209177960131,8.159317595125037,-0.008925343458834875
-8.49174762381191,-0.06406670946299116,0.00047130536196679745,8.18562906305144,-0.0089697850269286
-8.462307513756883,-0.06411989121097231,0.000471436504430079,8.212123604568635,-0.009014228274529232
-8.432867403701856,-0.06417230279697193,0.00047382427715102703,8.238803137069509,-0.009057901360148335
-8.403427293646828,-0.06423293363435995,0.000481454089348401,8.26566960481611,-0.009109793697155831
-8.373987183591801,-0.06430466742395859,0.0004922614865380163,8.29272497941196,-0.009172788986373956
-8.344547073536773,-0.06437137873869377,0.0004944092066807964,8.319971260284365,-0.009230761800728612
-8.315106963481746,-0.06442223652640489,0.0005006254396155061,8.347410475176982,-0.009272881088059216
-8.285666853426719,-0.06448061597956235,0.0005010839601547511,8.375044680652868,-0.009322522040836168
-8.256226743371691,-0.06454614279914832,0.0005083615012121328,8.40287596260831,-0.00937931036004161
-8.226786633316664,-0.06461180637184484,0.0005202950083125336,8.43090643679767,-0.009436235432357616
-8.197346523261636,-0.06467982020365441,0.0005219007057331406,8.459138249369566,-0.009495510763786665
-8.167906413206609,-0.06474419040090656,0.0005108380209797225,8.487573577414611,-0.009551142460658302
-8.138466303151581,-0.06479987345635414,0.0004962660810743035,8.51621462952508,-0.009598087015725364
-8.109026193096554,-0.06485437574549116,0.0004972923518373153,8.545063646366739,-0.009643850804481859
-8.079586083041526,-0.06489962396291314,0.0004984570429697649,8.574122901263186,-0.009680360521523323
-8.050145972986499,-0.06494016206985805,0.00048498915419249554,8.60339470079302,-0.009712160128087712
-8.020705862931472,-0.06498915541769201,0.00046981299485275774,8.632881385400148,-0.009752414975541156
-7.991265752876444,-0.06506372943073019,0.00045959708845260403,8.662585330017604,-0.009818250488198815
-7.961825642821417,-0.06515616991726539,0.0004487566217955289,8.692508944705176,-0.0099019524743535
-7.932385532766389,-0.06522875301778623,0.000435144083686347,8.722654675301262,-0.00996579707449382
-7.902945422711362,-0.06527653689450413,0.00043111513594790217,8.753025004089281,-0.010004842450831206
-7.873505312656334,-0.06533491009326997,0.0004539067418260833,8.783622450479033,-0.010054477149216527
-7.844065202601307,-0.06541076515805859,0.0004678113170701961,8.814449571703415,-0.010121593713624623
-7.8146250925462795,-0.06547053922976717,0.00046826434950378277,8.845508963530872,-0.010172629284952689
-7.785184982491252,-0.06554088997182993,0.0004600127371488083,8.87680326099402,-0.010234241526634928
-7.755744872436225,-0.0656366775776648,0.00046276915219228614,8.908335139134863,-0.010321290632089274
-7.726304762381197,-0.06572110119338738,0.0004967310095962995,8.940107313767044,-0.010396975747431342
-7.69686465232617,-0.06578116107413036,0.0005311644595317922,8.972122542255597,-0.010448297127793806
-7.667424542271142,-0.06583881815273632,0.0005415357246849313,9.004383624314654,-0.01049721570601924
-7.637984432216115,-0.06591175683171054,0.0005463589658493069,9.036893402823603,-0.010561415884612943
-7.608544322161087,-0.06597779743265854,0.000561105946366681,9.069654764662198,-0.01061871798518043
-7.579104212106053,-0.066045611585085,0.0005674574253016214,9.102670641565139,-0.010677793637226367
-7.549664102051025,-0.06612300671200338,0.000560006436200882,9.1359440109966,-0.010746450263764237
-7.520223991995998,-0.06617467953430435,0.0005617383242479273,9.169477897045386,-0.01078938458568468
-7.4907838819409704,-0.06623355443820152,0.0005756418159203723,9.20327537134112,-0.01083952098920133
-7.461343771885943,-0.06631619324920991,0.0005893220257765432,9.237339553992149,-0.01091342129982921
-7.4319036618309156,-0.06641197417416107,0.0005839051170087748,9.271673614545747,-0.011000463724399848
-7.402463551775888,-0.06651131368757925,0.0005517250869007532,9.30628077297123,-0.011091064737437505
-7.373023441720861,-0.06660171321646619,0.0004923424791744277,9.3411643006666,-0.011172725765943928
-7.343583331665833,-0.06665269379220563,0.0004748391341471813,9.376327521489449,-0.011214967841302853
-7.314143221610806,-0.0667269612648268,0.0004685217301238242,9.411773812812708,-0.011280496813543504
-7.284703111555778,-0.06676544021767582,0.0004897189425609857,9.44750660660604,-0.011310237266012005
-7.255263001500751,-0.06679561320244352,0.0005170410888847822,9.483529390543529,-0.011331671750399189
-7.225822891445723,-0.06684586639716945,0.0005249056524750506,9.519845709138465,-0.011373186444744603
-7.196382781390696,-0.06693200060861237,0.0005092900681016313,9.556459164905979,-0.011450582155807
-7.1669426713356685,-0.0670573710489483,0.0005054634264022189,9.593373419554334,-0.011567214095762404
-7.137502561280641,-0.06717608227064122,0.0005276207578249137,9.63059219520569,-0.01167718681707481
-7.108062451225614,-0.06720792791810366,0.0005287415489475172,9.668119275647223,-0.011700293964156734
-7.078622341170586,-0.06727009442295785,0.0004970389238848752,9.705958507613444,-0.011753721968630407
-7.049182231115559,-0.06736550236310763,0.00045643658582603737,9.744113802100664,-0.011840391408399674
-7.019742121060531,-0.06741246551448994,0.0004446213147861694,9.782589135714542,-0.011878616059401458
-6.990302011005504,-0.06746867943087505,0.00044043357470966007,9.821388552051658,-0.011926091475406048
-6.960861900950476,-0.06757945086126493,0.00044630076057536875,9.860516163116177,-0.012028124405415418
-6.931421790895449,-0.06772373276189232,0.0004668179469413099,9.899976150772595,-0.012163667805662283
-6.9019816808404215,-0.06783553954385686,0.00046023622233870256,9.939772768235665,-0.012266736087246308
-6.872541570785394,-0.0679452471637263,0.0004449549278660382,9.979910341598634,-0.012367705206735226
-6.843101460730367,-0.0680375592557068,0.00043551332519988536,10.020393271400911,-0.012451278798335207
-6.813661350675339,-0.06811318987841657,0.0004213963499594685,10.06122603423638,-0.012518170920664456
-6.784221240620312,-0.06818846918175556,0.00043382154691546434,10.1024131844036,-0.01258471172362293
-6.754781130565284,-0.06825256234065041,0.00046696291432665656,10.143959355599135,-0.012640066382137265
-6.725341020510257,-0.06831246557071495,0.0004803345572370175,10.18586926265539,-0.012691231111821286
-6.695900910455229,-0.068457171250492,0.00047488268589920943,10.228147703324261,-0.012827198291217819
-6.666460800400202,-0.06871781690253566,0.00046324595104130966,10.270799560108076,-0.013079105442880955
-6.6370206903451745,-0.06881878637448345,0.0004353335759867216,10.313829802139232,-0.013171336414448231
-6.607580580290147,-0.0687449381474939,0.00048691287473011884,10.357243487110113,-0.013088749687078162
-6.57814047023512,-0.06884710138198676,0.0005300678828620827,10.401045763254814,-0.013182174421190497
-6.548700360180092,-0.06897773373560685,0.0005743590660307655,10.445241871384317,-0.013304068274430078
-6.519260250125065,-0.06908384623251362,0.0006343373272580597,10.489837146976818,-0.013401442270956326
-6.489820140070037,-0.06912155909534734,0.000595453982852378,10.53483702232495,-0.013430416633409527
-6.46038003001501,-0.0691781118480179,0.0005187830071749458,10.580247028741706,-0.013478230885699577
-6.430939919959982,-0.06931345924693215,0.000532251917355957,10.626072798826959,-0.013604839784233297
-6.401499809904955,-0.06953447379955248,0.0005822250149680084,10.67232006879653,-0.013817115836473111
-6.3720596998499275,-0.06974100544458031,0.0006249026767239544,10.718994680875806,-0.014014908981120427
-6.3426195897949,-0.06985232867007195,0.0005758813018012037,10.76610258576003,-0.01411749370623154
-6.313179479739873,-0.06994779062551053,0.0005200289979936061,10.813649845143427,-0.014204217161289605
-6.283739369684845,-0.07007924240116897,0.0005308315373116588,10.861642634319422,-0.014326930436567534
-6.254299259629818,-0.07022894192798293,0.0005861726363257119,10.910087244854305,-0.014467891463000968
-6.22485914957479,-0.07032492856311913,0.0005769134288580102,10.958990087336757,-0.014555139597756651
-6.195419039519763,-0.0704143229853832,0.0005282074194886522,11.008357694205765,-0.014635795519640199
-6.165978929464735,-0.07054933619376508,0.00046515989096602756,11.05819672265957,-0.01476207022764156
-6.136538819409708,-0.07069709297075129,0.0004605414946680314,11.108513957648329,-0.014901088504247255
-6.1070987093546805,-0.0708641610513677,0.00047772854060141505,11.15931631495334,-0.015059418084483148
-6.077658599299653,-0.07106896186530409,0.0004799303450283047,11.210610844355772,-0.01525548039803902
-6.048218489244626,-0.07125755555447824,0.0005381500080917753,11.26240473289793,-0.015435335586832653
-6.018778379189598,-0.07133931038454606,0.0006301193274425814,11.31470530824023,-0.01550835191651996
-5.989338269134571,-0.0713479598816668,0.0006237776379970863,11.367520042117189,-0.01550826291326017
-5.959898159079543,-0.0715314366556026,0.00046427910029381075,11.420856553895838,-0.01568300118681546
-5.930458049024516,-0.07165020414476621,0.00043378417487600126,11.474722614240124,-0.01579303017559855
-5.901017938969488,-0.07171299504677639,0.0005682523313939804,11.529126148885002,-0.015847082577228208
-5.871577828914461,-0.07180448715903857,0.0006607188326016217,11.584075242524072,-0.015929836189109876
-5.8421377188594334,-0.07202696055304426,0.0006356530150614526,11.639578142814749,-0.01614357108273505
-5.812697608804406,-0.07228768689634689,0.0005755155003690474,11.695643264505163,-0.016395558925657153
-5.7832574987493786,-0.07243494467889426,0.000557570484477593,11.752279193687087,-0.01653407820782401
-5.753817388694351,-0.07250004706956016,0.0005943542741173983,11.809494692179454,-0.016590442098109393
-5.724377278639324,-0.07264297319132274,0.0005711827251417416,11.86729870204711,-0.016724629719491443
-5.694937168584296,-0.07285218439479929,0.0004938733814500144,11.925700350259758,-0.016925102422587483
-5.665497058529269,-0.07304512195119615,0.0004360263373641005,11.984708953496124,-0.01710930147860383
-5.636056948474241,-0.07307837020512951,0.00040998840436211065,12.044334023098731,-0.017133811232156668
-5.606616838419214,-0.07313799962177701,0.0004301102445742298,12.10458527018474,-0.01718470214842365
-5.577176728364186,-0.07337222444250983,0.0005555732828018043,12.165472610918686,-0.01741018846877595
-5.547736618309159,-0.07366279688678472,0.0006078106880952486,12.227006171953086,-0.017692022412670316
-5.5182965082541315,-0.07379857078561813,0.0003860571936928492,12.289196296043212,-0.017819057811123216
-5.488856398199104,-0.07384124717767228,0.00041349449944048,12.352053547842544,-0.017852995702796838
-5.459416288144077,-0.07410797473293422,0.00042816688771776096,12.415588719885749,-0.018110984757678264
-5.429976178089049,-0.0744120300459664,0.0004669368981399878,12.479812838766279,-0.01840630157032993
-5.400536068034022,-0.07453503191506237,0.0005497137195372913,12.544737171516026,-0.01852056493904538
-5.371095957978994,-0.07466763304044795,0.0005034259557571986,12.610373232194807,-0.018644427564050436
-5.341655847923967,-0.07497909260126295,0.00038497261130915946,12.676732788697718,-0.018947148624484926
-5.312215737868939,-0.07539573480109273,0.0004721199272231019,12.743827869788882,-0.019355052323934176
-5.282775627813912,-0.07556836207197903,0.0006323252082501057,12.811670772370352,-0.019518941094439968
-5.2533355177588845,-0.07570796139008724,0.0005658865564547305,12.880274068995455,-0.019649801912167662
-5.223895407703857,-0.07592307778348982,0.0004089122437961146,12.949650615636168,-0.019856179805189715
-5.19445529764883,-0.07618183357094731,0.0003258311146676571,13.01981355971465,-0.020106197092266687
-5.165015187593802,-0.07639053251671955,0.00039222800915046684,13.090776348409436,-0.020306157537658416
-5.135575077538775,-0.07657885287763493,0.0004603943311495685,13.162552737247317,-0.020485739398193266
-5.106134967483747,-0.07685414655024632,0.0005057034917727158,13.235156798992476,-0.020752294570424143
-5.07669485742872,-0.07706219259148571,0.0005073285407590066,13.30860293284488,-0.020951602111283017
-5.047254747373692,-0.0772101240380242,0.0004943336222561143,13.382905873960619,-0.021090795057440985
-5.017814637318665,-0.07745051971438416,0.0004998245928195264,13.45808070330738,-0.021322452233420428
-4.9883745272636375,-0.07777569671009314,0.0004884860422672499,13.534142857868893,-0.021638890728748895
-4.95893441720861,-0.07812807470297735,0.0004845442182741197,13.61110814121289,-0.02198253022125258
-4.929494307153583,-0.07847297583638878,0.0005375622661787381,13.688992734437731,-0.022318692854283492
-4.900054197098555,-0.07868905835060948,0.0005671812026249316,13.76781320751365,-0.022526036868123676
-4.870614087043528,-0.07887210180968791,0.0005286424229544356,13.847586531035313,-0.02270034182682159
-4.8411739769885,-0.07915373031011928,0.0005232081922526643,13.928330088403188,-0.022973231826872442
-4.811733866933473,-0.07944066787928816,0.0004847540823822042,14.010061688452092,-0.0232514308956608
-4.782293756878445,-0.07971678712015592,0.00038652893559168125,14.092799578546208,-0.023518811636148045
-4.752853646823418,-0.07997948898822882,0.00031887500853053694,14.176562458160765,-0.023772775003840424
-4.7234135367683905,-0.08031698177207276,0.00040871210019110225,14.261369492971637,-0.024101529287303844
-4.693973426713363,-0.08070857840500643,0.0004936124650265191,14.347240329475149,-0.024484387419857
-4.664533316658336,-0.08116271679935565,0.00044406296636249144,14.434195110161522,-0.024929787313825696
-4.635093206603308,-0.08152706154556105,0.0003386808390097838,14.522254489266574,-0.02528539355965058
-4.605653096548281,-0.0817241353376749,0.00030021201394613017,14.611439649127528,-0.025473728851383916
-4.576212986493253,-0.08196462572132684,0.00039185748983254547,14.701772317170175,-0.02570548073465534
-4.546772876438226,-0.08225304941068483,0.000489942484166873,14.793274783555956,-0.0259851659236328
-4.517332766383198,-0.08254533881997965,0.0004561759734735588,14.88596991951913,-0.026268716832547105
-4.487892656328171,-0.08298049023074694,0.0004178632473710793,14.979881196425634,-0.02669512974293388
-4.4584525462731435,-0.0834871009253187,0.00044462532881196326,15.075032705587095,-0.027193001937125122
-4.429012436218116,-0.08389609421785414,0.0004424562573045139,15.171449178865027,-0.027593256729280043
-4.3995723261630815,-0.08427773241548797,0.0003985106301544912,15.269156010102343,-0.02796615642653335
-4.370132216108054,-0.08471254525267435,0.00034541214111001773,15.368179277420975,-0.028392230763339216
-4.340692106053027,-0.08518458518033221,0.000342093218883049,15.468545766427134,-0.02885553219061656
-4.311251995997999,-0.08562585669886014,0.00031657958609800655,15.5702829943671,-0.02928806520876396
-4.281811885942972,-0.08609889654856558,0.00043295317934100393,15.673419235279624,-0.029752366558088883
-4.252371775887944,-0.08650309491497969,0.0004989003326826948,15.77798354619315,-0.030147826424122483
-4.222931665832917,-0.08695411734448232,0.0003796909128709185,15.884005794418819,-0.030590110353244583
-4.193491555777889,-0.08744733830088086,0.00035120975630695874,15.991516685993128,-0.031074592809262613
-4.164051445722862,-0.08802273588443436,0.0004316980993075942,16.100547795327145,-0.0316412518924356
-4.1346113356678345,-0.08853696960096913,0.0004553028193122849,16.2111315961224,-0.03214674710858984
-4.105171225612807,-0.08907920229262652,0.00043670678614053177,16.32330149361706,-0.032680241299866714
-4.07573111555778,-0.0896466901961116,0.0004478907358988967,16.43709185822963,-0.03323899070297128
-4.046291005502752,-0.09012647633092992,0.0004830822193812569,16.552538060671377,-0.03371003833740908
-4.016850895447725,-0.09062256092233117,0.0004446379522729785,16.669676508602837,-0.03419738442842982
-3.987410785392697,-0.09119097038576718,0.00038616687047050103,16.78854468491413,-0.034757055391485304
-3.9579706753376698,-0.09187093120983665,0.0004105908645931502,16.909181187713767,-0.035428277715174254
-3.9285305652826423,-0.09252436494717271,0.00040928862610577194,17.031625772115444,-0.0360729729521298
-3.899090455227615,-0.09314784010152033,0.00044277144664374175,17.155919393917934,-0.036687709606096894
-3.8696503451725874,-0.09379476423097886,0.00047702908021094435,17.28210425527883,-0.03732589523517491
-3.84021023511756,-0.09477267001777649,0.0003550763287600545,17.410223852489228,-0.038295062521592024
-3.8107701250625325,-0.09572157880540448,0.00032250920721529235,17.540323025962845,-0.03923523280883949
-3.781330015007505,-0.09649346476893382,0.00043189100676794157,17.672448012560377,-0.039998380271988314
-3.7518899049524777,-0.09711275812520846,0.0004051756643485213,17.80664650037729,-0.04060893512788244
-3.72244979489745,-0.09765435577157933,0.0002823424149660225,17.94296768613144,-0.04114179427387278
-3.6930096848424228,-0.09835434644093409,0.0002520130419735011,18.081462335295612,-0.04183304644284703
-3.6635695747873953,-0.09919890411034175,0.00036380388596465835,18.22218284512938,-0.04266886561187418
-3.634129464732368,-0.10005650140472229,0.0005390239255010134,18.365183310774693,-0.04351772440587419
-3.6046893546773404,-0.10082172913466192,0.0006202259534466779,18.51051959459033,-0.0442742136354333
-3.575249244622313,-0.10165123551178568,0.000704255805684529,18.658249398911963,-0.045094981512176543
-3.5458091345672855,-0.10253044120884362,0.0006540519774908482,18.808432342436852,-0.04596544870885397
-3.516369024512258,-0.1033722744928514,0.0006210837485634195,18.961130040445664,-0.04679854349248123
-3.4869289144572306,-0.10423783638107531,0.0006165029142629123,19.11640618908815,-0.04765536688032462
-3.457488804402203,-0.10510615257341356,0.0006277605830863403,19.274326653974917,-0.04851494457228235
-3.4280486943471757,-0.10608544236463187,0.00045650108019335434,19.43495956333418,-0.04948549586312014
-3.3986085842921483,-0.10683731077817732,0.0004975108603229864,19.59837540601024,-0.05022862577628508
-3.369168474237121,-0.10777936492448326,0.0005192556086786166,19.76464713459994,-0.05116194142221049
-3.3397283641820934,-0.10885784852719665,0.0005158991218047059,19.933850274044016,-0.05223168652454337
-3.310288254127066,-0.1098562702930934,0.0004654794031038955,20.106063036013065,-0.053221369790059606
-3.2808481440720385,-0.11084463798286585,0.00046992699434842187,20.281366439452015,-0.054200998979451534
-3.251408034017011,-0.11171136492864725,0.0004862466590347837,20.459844437673446,-0.055058987424852414
-3.2219679239619836,-0.11255063463877003,0.00036697265484471813,20.64158405241872,-0.05588951863459468
-3.192527813906956,-0.11346965490312384,0.00038884689140441706,20.826675515336564,-0.05679980039856797
-3.1630877038519287,-0.11453793230851352,0.0005222593215953343,21.015212417362473,-0.057859339303577124
-3.1336475937969013,-0.11547582044168918,0.0004825281544651505,21.20729186651848,-0.05878848893637227
-3.104207483741874,-0.11628295515598179,0.00036522226337644864,21.40301465469231,-0.05958688515028436
-3.0747673736868464,-0.117073823078175,0.0005288222420405391,21.602485433997714,-0.060369014572097056
-3.045327263631819,-0.11815213362097592,0.0005311668837506116,21.80581290336441,-0.061438586614517454
-3.0158871535767915,-0.11920700376839212,0.0004995652313246705,22.013110006056582,-0.062484718261553135
-2.986447043521764,-0.12009583506517903,0.00047416142098534404,22.224494138874128,-0.06336481105795952
-2.9570069334667366,-0.1210330189774718,0.0005591152228441328,22.44008737385075,-0.06429325646987177
-2.927566823411709,-0.12208959982118446,0.0006543466450888766,22.660016693328725,-0.06534109881320392
-2.8981267133566817,-0.12307496436998892,0.0005406608389074898,22.884414239361405,-0.06631772486162787
-2.8686866033016543,-0.12360562063058446,0.0005931001319679882,23.11341757847282,-0.06683964262184289
-2.839246493246627,-0.12443743694784691,0.0007045455392036446,23.347169982889028,-0.06766272043872482
-2.8098063831915994,-0.12534986289817018,0.0006559433985485311,23.58582072944924,-0.06856640788866758
-2.780366273136572,-0.12621458711530595,0.0005536708824892865,23.829525417507252,-0.06942239360542282
-2.7509261630815445,-0.1270608248368487,0.0005581315711601266,24.07844630724573,-0.07025989282658504
-2.721486053026517,-0.12787494814521738,0.0006997824086932034,24.332752679949113,-0.07106527763457321
-2.6920459429714896,-0.12835873330436656,0.001002304379315339,24.592621221916083,-0.07154032429334187
-2.662605832916462,-0.12912857723564594,0.0009301887278455852,24.85823643384131,-0.07230142972424074
-2.6331657228614347,-0.1300015191296667,0.0008536313895361143,25.129791067659717,-0.07316563311788099
-2.6037256128064072,-0.13093432577662908,0.0009380544917946402,25.407486593026942,-0.07408970126446285
-2.57428550275138,-0.13177029678102095,0.0009930905197511712,25.691533695808456,-0.07491693376847419
-2.5448453926963523,-0.13257742755613508,0.0010323761516471525,25.98215281116936,-0.0757153260432078
-2.515405282641325,-0.13317643377632724,0.0009043037185754544,26.279574694099658,-0.07630559376301943
-2.4859651725862975,-0.1340137029817782,0.0008890042990644555,26.584041030478296,-0.07713412446808988
-2.45652506253127,-0.13460230127083647,0.0012509836327896859,26.895805092076806,-0.07771398425676765
-2.4270849524762426,-0.13542435474393205,0.0012133182024293221,27.215132439233408,-0.0785272992294827
-2.397644842421215,-0.13632203493424952,0.0010090691242499413,27.542301675294937,-0.07941624091941965
-2.3682047323661877,-0.1374420364991533,0.0011795498878899564,27.877605257331396,-0.0805275039839429
-2.3387646223111602,-0.13819594350071798,0.001417424413288352,28.221350368081634,-0.08127267248512707
-2.3093245122561328,-0.13881810406622466,0.0016580337957365766,28.573859854594268,-0.08188609455025324
-2.2798844022011053,-0.13979354881616327,0.001810014240687095,28.93547323959259,-0.08285280079981133
-2.250444292146078,-0.1405488890660612,0.0017904516492598089,29.306547812222952,-0.08359940254932874
-2.2210041820910504,-0.1411366367650615,0.0017370537221208877,29.687459805552425,-0.08417841174794852
-2.191564072036023,-0.14164718730424167,0.001695245063717864,30.07860566897312,-0.08468022378674817
-2.1621239619809955,-0.14242450671773935,0.0018323789590953803,30.480403444559037,-0.08544880469986532
-2.132683851925968,-0.14319573368382527,0.0020379911425949812,30.893294257420436,-0.08621129316557073
-2.1032437418709407,-0.14371972811894007,0.0021191516791787116,31.317743931225394,-0.08672654910030501
-2.073803631815913,-0.144130678428968,0.002083207047230463,31.754244741326893,-0.08712876090995245
-2.0443635217608858,-0.1446868885191572,0.0023023064841262717,32.20331731936663,-0.08767623249976111
-2.0149234117058583,-0.1456834290128379,0.002581197015492204,32.66551272484824,-0.08866403449306129
-1.9854833016508309,-0.14600778230484326,0.0027540527732616074,33.14141470101013,-0.08897964928468613
-1.9560431915958034,-0.1461715003651329,0.0029410007220518185,33.6316421344153,-0.08913462884459526
-1.926603081540776,-0.14629024575857555,0.003032210372649137,34.136851740048606,-0.08924463573765738
-1.8971629714857485,-0.1460944267227308,0.00308803739889074,34.6577409964175,-0.08904007820143212
-1.867722861430721,-0.14582064407413534,0.003411021650701485,35.19505135824124,-0.08875755705245614
-1.8382827513756936,-0.14532061867845067,0.0037357848684487494,35.74957177784739,-0.08824879315639095
-1.8088426413206662,-0.14402452957504908,0.003587883220373892,36.322142570446786,-0.08694396555260883
-1.7794025312656387,-0.14254733422939758,0.003788955312501133,36.91365966311291,-0.08545803170657683
-1.7499624212106113,-0.1406646096968832,0.0043640021694032315,37.5250792726519,-0.08356656867368194
-1.7205223111555838,-0.13790314816579352,0.004802252010868349,38.15742306373498,-0.08079636864221174
-1.6910822011005564,-0.13411795487844422,0.0049762760150816225,38.81178384581942,-0.07700243685448191
-1.661642091045529,-0.12916620945148735,0.005396001961386738,39.48933187568011,-0.07204195292714452
-1.6322019809905015,-0.12299920562944293,0.005812297957036604,40.19132184201555,-0.06586621060471959
-1.602761870935474,-0.11533604700742077,0.005959571612770257,40.919100619828484,-0.058194313482316906
-1.5733217608804466,-0.10671222022132339,0.006148160168083835,41.674115895409734,-0.049561748195839
-1.5438816508254192,-0.09674437298814371,0.006068338172930992,42.4579257781352,-0.03958516246227881
-1.5144415407703917,-0.08633093779794848,0.00577084582059466,43.2722095333588,-0.029162988771703063
-1.4850014307153643,-0.07566094369073185,0.005284852554504511,44.11877959198111,-0.018484256164105914
-1.4555613206603368,-0.06551432686313903,0.005081288150405129,44.99959501744764,-0.008328900836132573
-1.4261212106053094,-0.055606875196668244,0.004594088743378289,45.916776640781585,0.0015872893307187289
-1.396681100550282,-0.046038055730471046,0.003973936537611473,46.8726241097703,0.01116484729729645
-1.3672409904952545,-0.0368477046465372,0.00382602962600366,47.86963514082082,0.02036393688161081
-1.337800880440227,-0.028338203054873487,0.003334667332633006,48.91052731279351,0.02888217697365504
-1.3083607703851996,-0.02047785029495471,0.0027070283005545654,49.9982628032024,0.036751268233954346
-1.2789206603301722,-0.013024992904172175,0.0024010038430780705,51.1360765409048,0.04421286412511739
-1.2494805502751447,-0.005897262347851608,0.0019359287375354064,52.32750833877262,0.05134933318181848
-1.2200404402201102,0.0005035175909788433,0.0016279773818379075,53.57643967861651,0.05775885162102945
-1.1906003301650827,0.00621299520233017,0.001239863445934329,54.88713595361861,0.0634770677327613
-1.1611602201100553,0.01121660736845191,0.0008904939834224958,56.26429513686798,0.06848941839926355
-1.1317201100550278,0.014512388454524685,0.00043114203800579906,57.71310404615461,0.07179393798571684
-1.10228,0.019008126666666667,0.0001609866291203887,59.2393036252132,0.07629841469823935
