Temp./°C,DSC/(mW/mg),DSC/(mW/mg) corr,melting enthalpy/(J/g)
-57.53352,0.04363545,-0.003045511611666135,186.26834173828715
-57.5005,0.04366327,-0.0030254211260579145,186.36805277304256
-57.46748,0.04368595,-0.0030104752800141424,186.4677467333804
-57.43433,0.04371534,-0.002988819433970384,186.56781601424214
-57.40122,0.04374702,-0.002964868948362162,186.66774736986585
-57.36794,0.04378399,-0.002935633102318397,186.76817451302458
-57.33473,0.04381555,-0.002911807256274622,186.86837313152617
-57.30179,0.04384188,-0.002893206770666401,186.96774006569194
-57.2684,0.04385338,-0.0028894409246226424,187.06844713007527
-57.23518,0.04386552,-0.0028850350785788806,187.16862413397828
-57.20184,0.04388759,-0.0028706945929706587,187.26914562981077
-57.16858,0.04392126,-0.002844758746926898,187.36940857793562
-57.13522,0.04394324,-0.0028305129008831323,187.46995557636905
-57.10193,0.04396426,-0.002817222415274899,187.57027422185402
-57.06848,0.04398426,-0.0028049565692311387,187.6710575435336
-57.03532,0.04398531,-0.0028116407231873752,187.7709498136562
-57.00211,0.04397703,-0.002827650237579152,187.87097544694
-56.96861,0.04398495,-0.002827464391535389,187.97185703664962
-56.93524,0.04399506,-0.0028250885454916275,188.072329673295
-56.90196,0.04399697,-0.002830908059883397,188.17251396408028
-56.8687,0.04400065,-0.002834962213839637,188.27262071922732
-56.83539,0.04401075,-0.002832596367795863,188.3728606029801
-56.80205,0.04402027,-0.002830805882187641,188.4731733666944
-56.76881,0.04401769,-0.002841120036143882,188.57316792356994
-56.73561,0.04402386,-0.0028426841901001212,188.67302487857546
-56.70223,0.04405059,-0.002823683704491896,188.77340582500224
-56.6689,0.04408976,-0.0027922478584481367,188.8736190009457
-56.63554,0.04412825,-0.0027614920124043735,188.9739049577528
-56.60227,0.04416035,-0.0027371215267961366,189.07390300153278
-56.56912,0.04418791,-0.0027172956807523796,189.17352312679247
-56.53598,0.04422036,-0.0026925798347086152,189.27309599939207
-56.50276,0.04426073,-0.0026599393491003945,189.37289197995423
-56.46947,0.04430998,-0.0026184235030566327,189.47288091050655
-56.43614,0.04435943,-0.002576707657012872,189.57297259788015
-56.40302,0.04440153,-0.002542337171404646,189.6724164121073
-56.36987,0.04443075,-0.0025208513253608886,189.7719331009137
-56.33669,0.04446876,-0.0024905754793171087,189.87152261757774
-56.3035,0.0445286,-0.0024384649937088804,189.97112490108256
-56.27039,0.04459516,-0.002379639147665119,190.07046991841108
-56.23723,0.04465039,-0.0023321433016213616,190.16994775188917
-56.20415,0.04468707,-0.0023031928160131346,190.26916843334783
-56.17098,0.04470911,-0.0022888869699693726,190.36864185572412
-56.13789,0.04473076,-0.0022749711239256135,190.46785819870408
-56.10461,0.0447543,-0.0022591606383173812,190.56762693873605
-56.07147,0.04479333,-0.0022278647922736178,190.66695874346615
-56.03816,0.04483431,-0.0021946189462298538,190.76678276446674
-56.00502,0.04486153,-0.0021751284606216365,190.86608008348085
-55.97194,0.04487854,-0.0021658526145778706,190.96518047254307
-55.93881,0.04489433,-0.002157796768534108,191.064413475188
-55.90561,0.04491511,-0.002144746282925887,191.16383890323348
-55.87222,0.04493964,-0.002127950436882124,191.26381592268663
-55.83887,0.04496874,-0.002106584590838352,191.36365574547395
-55.80557,0.04499273,-0.0020903241052301277,191.4633285051151
-55.77222,0.04499127,-0.0020995182591863684,191.56313351920662
-55.73904,0.04497367,-0.002124852413142607,191.66241249764792
-55.70577,0.04496722,-0.0021390319275343753,191.7619434575766
-55.67242,0.04497476,-0.002139226081490614,191.86169635002045
-55.63916,0.04498294,-0.0021387802354468563,191.96116269729114
-55.60593,0.04497624,-0.002153209749838618,192.06052202737885
-55.57262,0.04496544,-0.002171743903794855,192.16010320660777
-55.53917,0.04496063,-0.002184288057751095,192.26008543441787
-55.50589,0.0449689,-0.0021837475721428745,192.3595421426609
-55.47247,0.04499283,-0.002167551726099115,192.459399784536
-55.43892,0.04502776,-0.0021403558800553515,192.55962826849913
-55.40556,0.04506051,-0.0021153353944471306,192.6592716621065
-55.37227,0.04508363,-0.002099949548403368,192.75868859881874
-55.33905,0.04510552,-0.0020857937023595896,192.85787918811346
-55.30574,0.04512842,-0.0020706232167513675,192.95732115350026
-55.27234,0.04516649,-0.002040287370707612,193.0570143541381
-55.23895,0.04522835,-0.0019861615246638473,193.1566602446875
-55.20564,0.04529253,-0.0019297110390556205,193.25604999445076
-55.17259,0.04533414,-0.001895835193011855,193.35464678837755
-55.13931,0.04536455,-0.0018731593469680993,193.45391244802815
-55.10613,0.04540623,-0.0018392088613598603,193.55286256719288
-55.07289,0.04545019,-0.0018029830153160967,193.65197433258507
-55.03972,0.04549513,-0.0017657771692723354,193.7508601307782
-55.00659,0.04554622,-0.0017224166836641158,193.84960948295793
-54.97334,0.04560146,-0.0016749108376203498,193.94869923278364
-54.94011,0.0456359,-0.001648204991576592,194.04771208226126
-54.90712,0.04564188,-0.0016499545059683665,194.14599271698287
-54.8739,0.04565089,-0.0016486786599246087,194.24494132352572
-54.84084,0.04567726,-0.001630042813880836,194.34339619917913
-54.80753,0.04570859,-0.00160644232827261,194.44257828099202
-54.77435,0.04573107,-0.0015916964822288507,194.54135600766685
-54.74112,0.0457352,-0.0015953006361850916,194.64026530637005
-54.70798,0.04573706,-0.0016011701505768625,194.7388894974225
-54.67491,0.04573715,-0.0016088143045331071,194.83728822513154
-54.64168,0.04573595,-0.001617748458489346,194.9361457770686
-54.60823,0.04574328,-0.0016181479728811093,195.03564035337143
-54.57486,0.04575418,-0.0016149821268373402,195.13487951632655
-54.5416,0.04575948,-0.0016174162807935794,195.23377419771515
-54.5083,0.045756,-0.0016286257951853567,195.33277045959136
-54.47511,0.04575077,-0.0016415899491415906,195.4314224275203
-54.44168,0.04574021,-0.0016598841030978292,195.53077031882864
-54.40834,0.04574276,-0.0016650636174896094,195.62983331601964
-54.37505,0.04574091,-0.001674647771445846,195.72873038060547
-54.3418,0.04571787,-0.001705421925402073,195.8274912907108
-54.30837,0.04570641,-0.001724611439793848,195.92676939239448
-54.27495,0.04570999,-0.001728765593750091,196.02600030355546
-54.24156,0.04571546,-0.0017310297477063294,196.12512467144097
-54.20815,0.04572436,-0.0017298592620981074,196.22429093811184
-54.17479,0.04573823,-0.0017237234160543471,196.32329135580972
-54.1414,0.04576574,-0.0017039475700105847,196.4223633512932
-54.10776,0.04579424,-0.0016831770844023472,196.52215946993624
-54.07465,0.04580576,-0.0016793912383585852,196.62036599036585
-54.04118,0.04582419,-0.0016686953923148243,196.71962284674555
-54.00772,0.04587334,-0.0016272749067065967,196.8188325125445
-53.9744,0.04591138,-0.0015969690606628326,196.91760965253118
-53.9411,0.04593106,-0.0015850232146190704,197.0163101320857
-53.90779,0.04595667,-0.0015671427290108522,197.11502287838348
-53.87453,0.04599001,-0.0015415368829670914,197.2135701152954
-53.84131,0.04602722,-0.0015120610369233137,197.31198154249898
-53.80817,0.04606348,-0.0014835305513150945,197.41013875699616
-53.77489,0.04609371,-0.0014610347052713274,197.50869332897025
-53.74158,0.04612943,-0.0014330488592275703,197.6073193743812
-53.70842,0.04615874,-0.0014114683736193498,197.70548403324125
-53.67532,0.04617912,-0.0013988225275755883,197.80345389928823
-53.64197,0.04620625,-0.001379426681531827,197.90214636688452
-53.60866,0.04623701,-0.0013563961959235857,198.0007030766245
-53.57542,0.0462606,-0.0013405403498798277,198.09903535137877
-53.5423,0.04628213,-0.0013267445038360678,198.19699542685927
-53.5092,0.0462936,-0.0013230040182278455,198.29487918526883
-53.47603,0.04631012,-0.0013142181721840715,198.39295273688813
-53.4427,0.04633975,-0.0012923223261403147,198.49148200483933
-53.40952,0.04636599,-0.001273811840532088,198.58955056748403
-53.37631,0.04638587,-0.0012616659944883271,198.68769053603796
-53.34302,0.04641324,-0.0012420301484445534,198.7860495812993
-53.30982,0.04643647,-0.0012265296628363315,198.88412542697432
-53.27651,0.04645159,-0.00121914381679257,198.9825088757818
-53.24333,0.04646816,-0.0012103079707488085,199.0804910863019
-53.21005,0.04649125,-0.0011949474851405892,199.17875128355044
-53.17677,0.04652138,-0.001172551639096825,199.27699413643438
-53.14359,0.04653708,-0.0011645857930530634,199.37492452217015
-53.11021,0.04653885,-0.0011705453074448285,199.47342780910873
-53.07704,0.04654332,-0.001173809461401068,199.57129410848466
-53.04382,0.04653851,-0.0011863536153573079,199.6692906612936
-53.01044,0.04653294,-0.0011996531297490814,199.7677417953801
-52.97707,0.04653111,-0.0012092172837053217,199.86614599450425
-52.94382,0.04651979,-0.0012282714376615628,199.96417898341346
-52.91061,0.04649387,-0.0012619209520533317,200.0620767560205
-52.8774,0.04645849,-0.0013050351060095722,200.15995725714922
-52.84412,0.04643602,-0.001335239259965794,200.25802674456244
-52.8107,0.04644119,-0.0013377987743575723,200.35649132994334
-52.77739,0.04645707,-0.0013296529283138084,200.4546144204893
-52.74403,0.0464623,-0.0013321570822700524,200.55286738398172
-52.71066,0.04646599,-0.0013361965966618289,200.6511323641133
-52.67725,0.04646755,-0.0013423707506180632,200.7494976629856
-52.64386,0.04646146,-0.0013561949045743024,200.84778661367216
-52.61047,0.04646633,-0.0013590544189660686,200.94605810514838
-52.5771,0.04648688,-0.0013462385729223064,201.04425329026972
-52.5437,0.04650706,-0.0013337927268785438,201.1425192921273
-52.5105,0.04651206,-0.0013365222412703229,201.24017956174248
-52.47736,0.04650253,-0.0013537863952265625,201.33764612258003
-52.44409,0.04648585,-0.0013782005491827995,201.43547772048294
-52.41077,0.04648723,-0.0013845500635745814,201.53343897209555
-52.37746,0.04650932,-0.001370194217530818,201.63135344531602
-52.34409,0.04654325,-0.0013439983714870415,201.72942686542302
-52.31072,0.04656996,-0.0013250178858788125,201.82748284722894
-52.27762,0.04658566,-0.001317052039835051,201.92472822107172
-52.24426,0.04659694,-0.0013135061937912876,202.02272009592033
-52.21115,0.04659976,-0.001318415708183071,202.11996038675483
-52.1778,0.04659882,-0.001327089862139308,202.21788817546286
-52.14443,0.0466105,-0.0013231440160955468,202.31585725840503
-52.11115,0.04661813,-0.0013232435304873086,202.4135447476548
-52.07796,0.04661722,-0.0013318876844435473,202.51095078392672
-52.04469,0.04661302,-0.001343821838399789,202.60857429115455
-52.0114,0.04659338,-0.0013711913527915676,202.7062391344132
-51.97815,0.04656038,-0.0014119255067478048,202.80376930378185
-51.94487,0.04652574,-0.0014542996607040393,202.90137013374866
-51.91153,0.04650594,-0.0014818291750958168,202.99912953545277
-51.87811,0.0465084,-0.00148710332905206,203.09710604314247
-51.84479,0.04651371,-0.0014895274830082836,203.19477197137172
-51.81143,0.04650542,-0.0015055469974000618,203.29253772821045
-51.77814,0.04648185,-0.0015368511513563013,203.3900809680393
-51.74486,0.04645345,-0.001572985305312538,203.4875775598345
-51.71127,0.04643339,-0.0016007748197043106,203.58596473554897
-51.67783,0.04642526,-0.0016166389736605447,203.68389500122532
-51.64426,0.04642181,-0.0016278231276167857,203.7821883628803
-51.6109,0.04641321,-0.0016441526420085464,203.87984935931766
-51.57765,0.04639256,-0.0016725367959647894,203.97717099033883
-51.54436,0.04636851,-0.001704320949921026,204.0745923556509
-51.51091,0.04634118,-0.0017393804643128022,204.17246447211002
-51.47752,0.04632156,-0.001766734618269046,204.2701435583064
-51.44409,0.04631668,-0.0017793487722252838,204.36792216988295
-51.41058,0.04632859,-0.001775168286617057,204.46591720761796
-51.3772,0.04633879,-0.001772702440573301,204.56351459685277
-51.34383,0.04634223,-0.0017769965945295257,204.66106530689052
-51.31041,0.04634326,-0.0017836961089213038,204.75874470469782
-51.27715,0.04634587,-0.0017888202628775426,204.8559390920808
-51.24376,0.04635426,-0.0017881644168337776,204.9534959481186
-51.21039,0.04637792,-0.001772233931225553,205.0509769258551
-51.17703,0.0463996,-0.001758288085181789,205.14841126096837
-51.14378,0.04640885,-0.0017567722391380255,205.2455069780499
-51.11046,0.04641528,-0.0017580717535297871,205.34278973934724
-51.07726,0.04642611,-0.0017549759074860297,205.4397048502875
-51.04388,0.0464347,-0.0017541200614422658,205.53712800289205
-51.01053,0.04643122,-0.0017653295758340432,205.63444617200253
-50.9772,0.0464142,-0.0017900837297902816,205.7316885776528
-50.94389,0.04639851,-0.0018135078837465263,205.82885525115964
-50.91058,0.04639546,-0.001824287398138301,205.92600454901796
-50.8772,0.0464146,-0.001812881552094539,206.02334057285276
-50.84392,0.04644225,-0.001792965706050767,206.1203676264331
-50.8105,0.0464515,-0.0017914452204425418,206.21778539274254
-50.7773,0.0464453,-0.0018053793743987787,206.31454455087933
-50.74396,0.0464493,-0.0018091135283550205,206.41169435914907
-50.71054,0.04646282,-0.0018033230427467947,206.50905981067277
-50.67709,0.04648343,-0.0017904471967030364,206.60649514970282
-50.64372,0.04649867,-0.0017829413506592756,206.70368000031735
-50.6105,0.04649029,-0.0017990508650510412,206.8004106787425
-50.57733,0.04646134,-0.00183573501900728,206.89697852325668
-50.54427,0.0464275,-0.0018773091729635122,206.99320898040847
-50.5109,0.04640512,-0.0019074186873552848,207.09032442271774
-50.47762,0.04639707,-0.0019232028413115262,207.18716057363176
-50.44431,0.04638378,-0.0019442269952677643,207.28406664892515
-50.41092,0.04636503,-0.0019707065096595394,207.3811880234207
-50.37758,0.0463404,-0.002003070663615783,207.4781465430804
-50.34425,0.04631895,-0.0020322548175720073,207.57505858187068
-50.31081,0.04630871,-0.002050224331963779,207.67227297963672
-50.27742,0.04630288,-0.0020637884859200234,207.76932454866437
-50.24397,0.04630737,-0.0020670326398762595,207.86653300774418
-50.21057,0.04632163,-0.0020605021542680346,207.96357867995405
-50.17729,0.04633097,-0.002058896308224277,208.06025830944373
-50.14394,0.04633722,-0.0020603804621805166,208.15712389239428
-50.1106,0.04636671,-0.00203861997657228,208.2539430206212
-50.07724,0.04641089,-0.002002174130528514,208.35080280608213
-50.04392,0.04644509,-0.001975708284484755,208.44752905619305
-50.01057,0.04647001,-0.0019585177988765273,208.544324985194
-49.97734,0.04648116,-0.001955101952832765,208.64075529948607
-49.94406,0.04647797,-0.001966026106789004,208.7373133777094
-49.91092,0.04647009,-0.001981635621180783,208.83344802702067
-49.87767,0.04646457,-0.0019948897751370237,208.92988448695576
-49.84432,0.04645773,-0.002009463929093243,209.02659359006537
-49.8112,0.04643881,-0.0020361134434850256,209.12261849620486
-49.77791,0.04641254,-0.0020701175974412594,209.2191189733298
-49.74466,0.04639295,-0.0020974417513974983,209.31548617562285
-49.71138,0.04638277,-0.002115351265789281,209.41192298922059
-49.67806,0.04638254,-0.0021233154197455167,209.50845833680296
-49.64467,0.04639544,-0.0021181495737017525,209.60517904882835
-49.61131,0.04640837,-0.0021129490880935214,209.70179542425694
-49.57803,0.04641362,-0.002115433242049755,209.79816274052854
-49.5446,0.04642267,-0.0021141173960059975,209.8949469428772
-49.51132,0.04643657,-0.0021079469103977705,209.991279492245
-49.478,0.0464563,-0.002095951064354014,210.08771045028
-49.44458,0.04649625,-0.002063735218310242,210.1844133525228
-49.4113,0.04654741,-0.0020203047327020246,210.28069377498736
-49.37793,0.04658176,-0.001993688886658261,210.37721715640527
-49.34468,0.04659507,-0.0019881130406144837,210.47337609111224
-49.31145,0.04661379,-0.001977122555006261,210.56945988836745
-49.27808,0.04664686,-0.0019517867089625038,210.66593109075154
-49.24481,0.04667486,-0.0019315208629187425,210.76209583754036
-49.21146,0.04670209,-0.0019120203773105166,210.85847442255363
-49.17815,0.0467294,-0.0018924445312667598,210.95472002498178
-49.14494,0.0467423,-0.0018872786852229956,211.05065939086384
-49.11177,0.04674071,-0.0018965981996147616,211.1464659616674
-49.07857,0.04674869,-0.0018963523535709959,211.2423419296924
-49.04521,0.04677775,-0.0018750265075272374,211.3386625645177
-49.01195,0.04680832,-0.001852186021919014,211.43467711885643
-48.97876,0.04682799,-0.0018402501758752535,211.5304723291926
-48.9455,0.04684438,-0.0018315943298314943,211.62645227294246
-48.91213,0.04686612,-0.0018175838442232722,211.7227322392981
-48.87889,0.04689472,-0.0017967179981795006,211.81861978984062
-48.84561,0.04691019,-0.001788982152135736,211.9146053945895
-48.81233,0.04691127,-0.0017956316665275057,212.01057365497374
-48.77905,0.04691656,-0.0017980758204837397,212.10652457099346
-48.74577,0.04693229,-0.00179007997443998,212.20245814264865
-48.71249,0.04695066,-0.0017794394888317605,212.2983743699392
-48.67917,0.04696452,-0.001773313642787995,212.39438850550994
-48.64575,0.04697166,-0.0017739077967442382,212.49067333432066
-48.61247,0.04696674,-0.001786557311136,212.58653743470796
-48.57916,0.04695456,-0.0018064714650922395,212.68247058322714
-48.54594,0.04694389,-0.0018248756190484758,212.7781272255134
-48.5125,0.04695,-0.0018264951334402563,212.87439990156255
-48.47907,0.04696533,-0.0018188992873964943,212.9706262842518
-48.44583,0.04696359,-0.0018283734413527333,213.06628841043494
-48.41254,0.04694524,-0.0018544529557445108,213.16207709095997
-48.37935,0.04693801,-0.0018694171097007467,213.2575607547119
-48.34598,0.04694217,-0.0018729912636569757,213.3535448656841
-48.31247,0.0469457,-0.0018771907780487443,213.449914118768
-48.27914,0.04695083,-0.0018797949320049842,213.54574827793698
-48.24582,0.04696555,-0.0018728090859612204,213.6415362952911
-48.21253,0.04698355,-0.0018625386003530003,213.73722070632292
-48.17928,0.04699421,-0.0018596127543092367,213.83277282307694
-48.146,0.04699407,-0.0018674869082654783,213.92839381571997
-48.11264,0.0469914,-0.0018778864226572378,214.02422725956404
-48.07938,0.04699073,-0.001886290576613478,214.1197560833261
-48.0462,0.0470062,-0.0018785547305697203,214.21503787133483
-48.01271,0.04703971,-0.001852774244961497,214.3111923923097
-47.97949,0.04707162,-0.001828598398917733,214.40655435303142
-47.94621,0.047091,-0.0018169525528739724,214.5020712221591
-47.91298,0.04711323,-0.0018024520672657515,214.59742728107847
-47.87972,0.04712837,-0.0017950462212219867,214.69285211161016
-47.84639,0.04714223,-0.0017889203751782143,214.7884603978687
-47.81299,0.04716246,-0.0017764198895699884,214.884252030245
-47.77966,0.04717872,-0.0017678940435262303,214.97982548692687
-47.74648,0.04718337,-0.0017709781974824673,215.0749515407832
-47.71333,0.04718582,-0.0017762577118742365,215.169974368636
-47.68008,0.04719098,-0.0017788318658304783,215.2652665544459
-47.64677,0.047196,-0.0017815460197867158,215.3607133360804
-47.61353,0.04719637,-0.0017889055341784796,215.45594221815315
-47.58028,0.0471963,-0.0017967096881347233,215.5511824386021
-47.54692,0.04718892,-0.0018118238420909566,215.6467203403615
-47.51355,0.04718218,-0.0018262933564827388,215.7422694448924
-47.4801,0.04719153,-0.0018246775104389726,215.83803011424172
-47.44684,0.04720284,-0.001821101664395211,215.93322947853275
-47.4135,0.04719961,-0.001832061178786988,216.0286404389825
-47.38036,0.04718286,-0.00185654533274323,216.12346179749727
-47.34702,0.04716933,-0.0018778094866994527,216.21883804844651
-47.31369,0.04716069,-0.001894179001091234,216.31416829311195
-47.28043,0.047151,-0.0019116031550474727,216.40928098248824
-47.24704,0.04716072,-0.001909617309003707,216.5047480039967
-47.21358,0.04718101,-0.0018970568233954849,216.60039765185957
-47.18018,0.04719886,-0.001886940977351724,216.6958582967623
-47.14697,0.04721978,-0.0018737551313079553,216.79075858118352
-47.11362,0.04724316,-0.0018581046456997222,216.88604154618056
-47.08025,0.04726927,-0.0018397287996559583,216.98136421931062
-47.04692,0.04729304,-0.001823692953612198,217.07655522396152
-47.0136,0.04731805,-0.0018064124680039761,217.17170027976323
-46.98023,0.04735618,-0.0017760166219602178,217.2669706850218
-46.94701,0.04739198,-0.0017479507759164542,217.361795523629
-46.91368,0.04742796,-0.0017197002903082334,217.456916983955
-46.88043,0.04746505,-0.0016903444442644688,217.55179279600827
-46.84728,0.04748482,-0.0016783085982206986,217.6463660321905
-46.81413,0.04750457,-0.0016662881126124698,217.74092205924646
-46.78091,0.04753364,-0.0016449522665687097,217.83566048844796
-46.74753,0.04757332,-0.0016130064205249484,217.93083780658
-46.7143,0.04761739,-0.0015766659349167253,218.02557009424328
-46.68094,0.04766486,-0.0015369300888729634,218.12065559280944
-46.64783,0.04769882,-0.0015107042428292028,218.2150112877593
-46.6145,0.0477045,-0.001512753757220972,218.30997659174255
-46.58131,0.04771904,-0.0015059479111772037,218.40452571449492
-46.54796,0.04774809,-0.0014846320651334469,218.49951325733474
-46.51459,0.0477774,-0.0014630515795252194,218.5945403311428
-46.48132,0.04779946,-0.001448725733481454,218.68926527698108
-46.44803,0.04781401,-0.0014419098874376979,218.78402981640252
-46.41475,0.04782857,-0.0014350794018294713,218.87874854248565
-46.38144,0.0478387,-0.0014326835557857132,218.97353528421172
-46.34844,0.04783871,-0.0014404077097419365,219.06742275790498
-46.31499,0.04784574,-0.0014411072241337156,219.16257311117823
-46.28162,0.0478607,-0.0014338813780899531,219.25747844087493
-46.24837,0.04786281,-0.0014395055320461925,219.35202514244648
-46.2151,0.04786567,-0.0014443750464379693,219.44661138548167
-46.18176,0.04787365,-0.0014441292003942105,219.5413792490578
-46.14858,0.04787907,-0.0014464433543504435,219.63567503599157
-46.11516,0.0478849,-0.0014483428687422084,219.73063546230554
-46.08194,0.04789114,-0.0014498370226984497,219.82501026969902
-46.04863,0.04789034,-0.001458371176654684,219.91962340621387
-46.01534,0.04789578,-0.0014606606910464587,220.01416237507885
-45.98192,0.0479126,-0.001451574845002697,220.1090530692795
-45.94855,0.04793632,-0.001435588998958938,220.20378434518742
-45.91527,0.04796024,-0.0014193985133507114,220.29824275987622
-45.882,0.04798657,-0.0014008026673069524,220.39265545508
-45.84868,0.0480158,-0.0013793068212631793,220.487192665877
-45.81529,0.04804074,-0.0013620963356549554,220.5819110433505
-45.78206,0.04806433,-0.0013462404896111904,220.67615821028463
-45.74876,0.04809534,-0.0013229646435674314,220.7705865647606
-45.71542,0.0481273,-0.001298734157959211,220.86511095017082
-45.68216,0.04815923,-0.0012745383119154505,220.95939117806034
-45.64891,0.0481888,-0.0012527024658716898,221.0536257438072
-45.61568,0.0482139,-0.001235331980263453,221.14778632961745
-45.58252,0.04822176,-0.0012352061342196866,221.2417313256204
-45.54939,0.04821038,-0.0012543202881759308,221.33557413301642
-45.51617,0.04820125,-0.001271179802567704,221.42965461259854
-45.4829,0.04821491,-0.0012652539565239443,221.5238593734297
-45.44965,0.0482256,-0.0012622981104801825,221.61799018549087
-45.41644,0.0482081,-0.0012875276248719564,221.71199047559773
-45.38315,0.0481807,-0.0013226617788281922,221.80619987028683
-45.3499,0.04816668,-0.0013444159327844138,221.90027874302172
-45.31662,0.0481595,-0.0013593254471761934,221.99442516240296
-45.28337,0.04815569,-0.0013708696011324323,222.08846939329953
-45.24997,0.04816343,-0.001370863755088672,222.182920453443
-45.21658,0.04817892,-0.0013631032694804493,222.27732577300122
-45.18314,0.04818895,-0.001360807423436687,222.37185496176733
-45.15009,0.04817767,-0.0013798215773929284,222.4652644805266
-45.11664,0.04817972,-0.0013855010917846883,222.5597871057145
-45.0831,0.04823249,-0.0013404652457409266,222.6545464590737
-45.04968,0.04828459,-0.0012960993996971662,222.74894925875824
-45.0164,0.04830562,-0.001282798914088945,222.8429392140432
-44.98309,0.04831709,-0.0012790630680451845,222.93699652802638
-44.94983,0.0483359,-0.0012679872220014224,223.03089532066375
-44.91647,0.0483656,-0.001246016736393192,223.12505902904718
-44.88321,0.04838914,-0.0012302108903494424,223.2189231225509
-44.84979,0.04841277,-0.0012143150443056638,223.31322130836475
-44.81638,0.04843766,-0.0011971545586974344,223.40747379533656
-44.78316,0.0484348,-0.0012077487126536737,223.50117294464474
-44.75006,0.04841595,-0.0012343328666099135,223.59451643787185
-44.7168,0.0484254,-0.0012326123810016895,223.6882938564608
-44.6835,0.04844914,-0.0012166065349579272,223.78216670128248
-44.65028,0.04845504,-0.00121844068891417,223.87579672306612
-44.61702,0.04845985,-0.0012213602033059323,223.9695221710825
-44.58395,0.04847217,-0.001216774357262168,224.0626950307724
-44.55055,0.04848845,-0.0012082285112184066,224.15678026348147
-44.51737,0.04849993,-0.0012044780256101895,224.25022847565668
-44.48409,0.0485112,-0.0012009421795664277,224.34394100970698
-44.45071,0.04853867,-0.001181206333522665,224.43791770928286
-44.41763,0.04855408,-0.0011735258479144417,224.53103258678368
-44.38446,0.04856241,-0.0011729300018706798,224.6243835932808
-44.35115,0.04857985,-0.0011632241558269044,224.71811126549485
-44.31783,0.04860629,-0.001144513670218679,224.8118496922333
-44.28465,0.0486302,-0.001128337824174916,224.90517698337584
-44.25143,0.04864555,-0.0011207219781311506,224.99859951333843
-44.21814,0.04866466,-0.001109341492522932,225.09220156338333
-44.1848,0.04869115,-0.001090585646479167,225.18592680535684
-44.15149,0.04873585,-0.001053619800435411,225.27955032800662
-44.11823,0.04877481,-0.0010223893148271698,225.37301598045346
-44.08493,0.04880119,-0.0010037434687834093,225.46657668418868
-44.05164,0.04882744,-0.0009852276227396498,225.56009193422048
-44.01833,0.04885143,-0.0009689671371314254,225.65364599600696
-43.98512,0.04886694,-0.000961191291087668,225.74690190152526
-43.95189,0.04888263,-0.0009532354450439012,225.8401966813005
-43.91856,0.04889638,-0.0009472149594356785,225.9337548453317
-43.88527,0.04889511,-0.0009562191133919221,226.02718336312225
-43.85199,0.04888395,-0.0009751132673481433,226.1205664689024
-43.819,0.04885906,-0.00100773278173992,226.21311872136994
-43.78552,0.0488438,-0.001030726935696162,226.30702822612082
-43.75229,0.04883411,-0.0010481510896524007,226.40021913768865
-43.7189,0.04881567,-0.0010743206040441725,226.49384133924576
-43.68556,0.0488064,-0.0010913247580004101,226.5873059258185
-43.65227,0.04879319,-0.0011122689119566487,226.68061297572285
-43.61897,0.04878224,-0.0011309484263484146,226.7739306915692
-43.58553,0.04877583,-0.0011450925803046519,226.86762325926753
-43.55203,0.04877845,-0.001150206734260889,226.96146637694338
-43.5186,0.0487817,-0.0011546862486526699,227.05509588513326
-43.48514,0.04878837,-0.0011557504026089085,227.14879189158253
-43.45186,0.04880176,-0.0011500945565651455,227.2419664636913
-43.41838,0.04882314,-0.0011364440709569212,227.33568347811493
-43.385,0.04885061,-0.0011167082249131585,227.42910309825004
-43.35173,0.04887144,-0.0011036123788693841,227.52219750203557
-43.31831,0.04889734,-0.001085441893261166,227.61569417676475
-43.28505,0.0489264,-0.0010641160472174005,227.7087258660754
-43.25166,0.04895215,-0.0010461002011736414,227.80210375372363
-43.21825,0.04898139,-0.0010245897155654188,227.8955200981206
-43.18489,0.04902525,-0.000988463869521651,227.9887791986363
-43.15161,0.04906226,-0.000959188023477893,228.08179729101386
-43.11835,0.04908013,-0.00094904753786966,228.1747421543629
-43.08518,0.04909918,-0.0009377316918258924,228.2674182599983
-43.0519,0.04913472,-0.0009099258457821308,228.36038438703372
-43.01869,0.04916117,-0.0008912053601739106,228.45313768265498
-42.98549,0.04917728,-0.0008828295141301498,228.545845785271
-42.95224,0.04920147,-0.0008663736680863884,228.63867620843217
-42.91885,0.04923579,-0.0008397831824781612,228.73188007392486
-42.88562,0.04927211,-0.0008111973364344008,228.82461998619812
-42.85263,0.04929237,-0.0007986714903906247,228.91667298931068
-42.81924,0.04931692,-0.0007818510047824037,229.0098247699894
-42.78595,0.04934333,-0.0007631751587386451,229.1026801887384
-42.75281,0.0493467,-0.0007675393126948815,229.19509997652352
-42.71965,0.04933866,-0.0007833088270866595,229.28755832536083
-42.68628,0.04934784,-0.0007818629810429009,229.38058482313332
-42.65302,0.04936716,-0.0007702771349991366,229.47328731860728
-42.61971,0.04938641,-0.0007587566493909015,229.56611181180952
-42.58643,0.04939969,-0.000753210803347136,229.65883535226544
-42.55331,0.04939905,-0.0007615849573033712,229.7510958869837
-42.51999,0.04940226,-0.0007661044716951448,229.8438962166312
-42.48665,0.049412,-0.0007640986256513896,229.93673484701785
-42.45319,0.04942541,-0.0007584227796076232,230.02989012859115
-42.41975,0.04945934,-0.0007322222939994058,230.12297221181066
-42.38631,0.04949845,-0.0007008464479556428,230.21603678349192
-42.3531,0.04952108,-0.0006859506019118652,230.30844392665375
-42.31975,0.04951799,-0.0006967701163036466,230.40122324031063
-42.28651,0.04950681,-0.0007156842702598851,230.49367920391586
-42.2532,0.04950764,-0.0007225884242161237,230.58631251282083
-42.21993,0.04951134,-0.0007266179386078986,230.6788172395256
-42.18665,0.0495121,-0.0007335920925641351,230.77133242871787
-42.15318,0.04951425,-0.0007391762465203747,230.86435830639994
-42.12001,0.04951211,-0.0007490457609121426,230.9565330620072
-42.08684,0.04950946,-0.0007594299148683814,231.04869058771678
-42.05365,0.04950752,-0.0007691040688246192,231.14088643473482
-42.02028,0.04951472,-0.0007696335832163975,231.2335648980901
-41.98682,0.04953722,-0.0007548677371726278,231.32647580943194
-41.95351,0.04954656,-0.0007532618911288633,231.41895278966365
-41.9202,0.04955602,-0.0007515314055206446,231.51141239424686
-41.88687,0.04958052,-0.0007347655594768798,231.6039101221523
-41.85349,0.04960363,-0.0007193897134331051,231.69652917483984
-41.82013,0.04961466,-0.000716089227824887,231.78907530071166
-41.78694,0.04962077,-0.0007177133817811224,231.881132523767
-41.75375,0.04963163,-0.0007145875357373599,231.97317249614065
-41.72044,0.04965376,-0.0007001870501291418,232.06552789899612
-41.68729,0.04967502,-0.0006866612040853787,232.15742243472977
-41.65392,0.04968656,-0.0006828553580416202,232.2499094478011
-41.62056,0.04970067,-0.0006764748724333788,232.3423513147925
-41.5874,0.04970945,-0.0006754290263896179,232.4342217025092
-41.55423,0.04970235,-0.0006902631803458598,232.52610256810863
-41.52091,0.04970989,-0.0006904526947376366,232.61838158660396
-41.48753,0.04973137,-0.0006767068486938782,232.71080934072796
-41.45433,0.04973812,-0.0006776910026501104,232.80272137488612
-41.42116,0.04973571,-0.0006878305170418819,232.894533118312
-41.38797,0.0497294,-0.0007018746709981233,232.98638297455537
-41.35466,0.04973668,-0.00070232882495435,233.07854757390686
-41.32126,0.04975905,-0.0006876883393461264,233.1709437458571
-41.28799,0.04977012,-0.0006843524933023634,233.26296292418
-41.25472,0.04977436,-0.0006878466472586067,233.35496476856017
-41.22131,0.04978358,-0.0006863561616503797,233.4473363127509
-41.1881,0.04979433,-0.0006833403156066217,233.53913757599372
-41.15482,0.04979775,-0.0006876544695628567,233.6311150117103
-41.12154,0.04981047,-0.0006826639839546192,233.72307510306237
-41.08824,0.04983487,-0.0006659981379108573,233.81507309888985
-41.05495,0.0498583,-0.0006503022918670984,233.90702611029548
-41.02171,0.0498751,-0.0006412318062588782,233.99882369693233
-40.98853,0.04988544,-0.0006386259602151126,234.0904383280782
-40.95519,0.04990394,-0.0006278601141713538,234.1824773764603
-40.92185,0.04992805,-0.0006114796285631302,234.2744990178818
-40.88858,0.04994527,-0.0006019937825193639,234.36631010031962
-40.85535,0.04996005,-0.0005949479364755969,234.4579934970359
-40.82199,0.04998079,-0.0005819374508673758,234.55001817700443
-40.7888,0.04999261,-0.0005778516048236051,234.64155661140478
-40.75557,0.04999194,-0.0005862557587798453,234.73318808442505
-40.72235,0.05000307,-0.0005828552731716244,234.82477469803882
-40.68904,0.05001927,-0.0005743894271278624,234.91659208696788
-40.65572,0.05003713,-0.0005642635810840999,235.00841965693493
-40.62239,0.0500636,-0.0005455230954758625,235.1002573922863
-40.58914,0.05008674,-0.0005301172494321035,235.19185736109299
-40.55576,0.05011142,-0.0005131714033883433,235.28379805033944
-40.52243,0.05013354,-0.00049878091778012,235.3755836117887
-40.4892,0.05015462,-0.00048543507173635925,235.46707647070883
-40.45575,0.05018825,-0.0004595392256925984,235.55915759587063
-40.42252,0.05021974,-0.0004357787400843735,235.65061575573242
-40.38927,0.0502419,-0.0004213528940406122,235.7421116532294
-40.35599,0.05026874,-0.0004022470479968371,235.83367276686886
-40.32274,0.05028668,-0.00039203656238861323,235.9251340225275
-40.28951,0.05029516,-0.00039129071634485396,236.016522966406
-40.2561,0.05030812,-0.0003860648703010866,236.10838951214572
-40.22281,0.05032451,-0.00037740438469285875,236.19990871116153
-40.1895,0.05034453,-0.0003651185386491021,236.2914655227425
-40.15633,0.05035845,-0.00035893269260534044,236.38262026009053
-40.12302,0.05036246,-0.000362652206997105,236.4741423934033
-40.08972,0.05037154,-0.00036130636095334234,236.56561968301816
-40.05646,0.05038296,-0.0003576205149095832,236.65696975606153
-40.02313,0.05039509,-0.00035322002930136126,236.74849470897425
-39.98976,0.05041819,-0.00033785418325759514,236.84011207496502
-39.95635,0.05044165,-0.0003221283372138381,236.93182179132486
-39.92296,0.05047045,-0.0003010578516056128,237.0234591436847
-39.88962,0.05050103,-0.0002782120055618495,237.11494185328135
-39.85638,0.05052568,-0.0002612961595180735,237.20613284090456
-39.82303,0.05054819,-0.00024651567390985424,237.29760821507753
-39.78969,0.05056579,-0.00023664982786609362,237.38903875078154
-39.75641,0.05059413,-0.00021604398182233087,237.48028738443014
-39.72318,0.05062635,-0.00019155349621410855,237.5713816204839
-39.68985,0.05064483,-0.00018080765017033928,237.6627326186338
-39.6566,0.05065942,-0.00017395180412658334,237.7538470185252
-39.62323,0.05067462,-0.0001664813185183467,237.84527284539436
-39.5901,0.05068414,-0.00016469547247457972,237.9360238789817
-39.55675,0.05067657,-0.000179999626430824,238.02736018549567
-39.52353,0.05068289,-0.00018140914082259707,238.1183231427352
-39.49016,0.05070609,-0.00016594329477883502,238.20967943065557
-39.45683,0.05071123,-0.00016853744873507326,238.30090880452914
-39.42366,0.05070341,-0.00018408696312685602,238.3916829621605
-39.3904,0.05070411,-0.00019112111708309565,238.4826861167872
-39.35704,0.05070784,-0.00019512527103932031,238.57394548109275
-39.32375,0.05071088,-0.0001998147854310947,238.66499598089067
-39.29047,0.05072121,-0.00019721893938733082,238.75600178301238
-39.25713,0.05073122,-0.00019494309334357196,238.84715426679713
-39.22368,0.05073182,-0.00020207260773535268,238.93859000042704
-39.19049,0.05073241,-0.00020921676169158993,239.02929770457402
-39.15717,0.05075157,-0.00019779091564781776,239.12034334433832
-39.12375,0.05079089,-0.00016620043003958557,239.21164476589064
-39.09055,0.0508169,-0.00014792458399583153,239.30232784246144
-39.05725,0.05082945,-0.00014310873795206347,239.39326672168562
-39.02393,0.05085285,-0.00012743825234384082,239.48424283799042
-38.99059,0.05086888,-0.00011914240630007955,239.57525616006842
-38.95743,0.05087254,-0.00012321656025631594,239.66576084223567
-38.92398,0.05089113,-0.00011235607464809422,239.7570395849137
-38.89058,0.05092609,-8.513022860433261e-05,239.848164404274
-38.85736,0.05093801,-8.094438256055908e-05,239.93878080309204
-38.82419,0.05093034,-9.634389695233753e-05,240.0292435707078
-38.79105,0.0509137,-0.00012071805090857479,240.11960731439748
-38.75772,0.05089952,-0.00014263220486481626,240.21047178934452
-38.72438,0.05089201,-0.00015787171925658872,240.30134612201016
-38.69115,0.05088592,-0.00017169587321282792,240.39190330843485
-38.65776,0.05089817,-0.0001671800271690685,240.4828791036562
-38.62437,0.0509178,-0.00015527954156083212,240.5738374396673
-38.59111,0.05091787,-0.00016294369551707322,240.66442428281863
-38.5578,0.05091073,-0.00017781784947330792,240.75512994322284
-38.52449,0.05091456,-0.0001817173638650818,240.8458182279784
-38.49123,0.05092812,-0.000175891517821318,240.936353048472
-38.45781,0.05094864,-0.00016310567177755392,241.02730594553057
-38.42447,0.05097336,-0.00014611518616933217,241.1180236938656
-38.3911,0.05099411,-0.00013309934012557117,241.2088056413857
-38.35782,0.05101412,-0.00012082349408179538,241.2993253791567
-38.32457,0.05102359,-0.000119083008473575,241.38974619768726
-38.29137,0.05102253,-0.00012787716242981112,241.4800137709859
-38.25804,0.05104239,-0.00011575131638605352,241.5706174390563
-38.22475,0.05107462,-9.125083077782953e-05,241.66109500663563
-38.1915,0.0510995,-7.410498473407051e-05,241.75144653628254
-38.1582,0.05111685,-6.448913869031014e-05,241.84191658071086
-38.12491,0.05113403,-5.503865308207484e-05,241.9323420995616
-38.09161,0.05114846,-4.834280703831101e-05,242.0227774187699
-38.05832,0.05116834,-3.6196960994550054e-05,242.1131682228286
-38.02513,0.05120449,-7.77647538632159e-06,242.20327022482272
-37.99175,0.05123887,1.886937065743305e-05,242.29387062707065
-37.95836,0.05127589,4.8155216701199766e-05,242.38448071484444
-37.92526,0.05130431,6.884570230942383e-05,242.4742866002907
-37.89197,0.0513206,7.740154835318702e-05,242.56459068253454
-37.85866,0.05134645,9.551739439696283e-05,242.65493164732447
-37.82539,0.05137403,0.00011536788000518494,242.74514678265405
-37.79199,0.0514113,0.00014490372604894497,242.83569699110643
-37.7587,0.05145375,0.00017961957209270546,242.92593159684728
-37.72556,0.05147779,0.00019593005770093125,243.01574238063452
-37.69241,0.05148603,0.00019643590374469194,243.1055630583086
-37.65913,0.05149196,0.0001946317497884542,243.1957186634455
-37.62587,0.05150148,0.0001964222353966899,243.28580275979851
-37.59271,0.05151232,0.00019952808144044903,243.37559876252166
-37.55934,0.05151806,0.00019753392748420723,243.46594605372528
-37.52614,0.05152534,0.0001970844130924354,243.55581577476414
-37.49286,0.05153055,0.000194560259136195,243.64588472582972
-37.45967,0.05153312,0.00018939610517995642,243.7356928269353
-37.4265,0.05153021,0.00017875659078817746,243.82542957538251
-37.39325,0.05153037,0.0001711824368319445,243.91536546024565
-37.35989,0.05154447,0.0001775482828757155,244.00558147824125
-37.32654,0.05155603,0.00018137876848394602,244.0957530330504
-37.29326,0.05156078,0.0001783946145277049,244.18571795962188
-37.26001,0.05157634,0.00018622046057146374,244.27558446708323
-37.22667,0.05161257,0.00021472094617969173,244.36567683876788
-37.19339,0.05164772,0.00024213679222345047,244.4555897166109
-37.16005,0.05167254,0.0002592226382672133,244.5456473057004
-37.12679,0.05169763,0.0002765831238754485,244.6354714554369
-37.09346,0.05171789,0.00028910896991921065,244.7254672735384
-37.06012,0.05174211,0.0003055948159629701,244.81547268873533
-37.02678,0.05178228,0.00033803530157119205,244.90546069697143
-36.99344,0.05181355,0.000361571147614953,244.99543129824696
-36.96008,0.0518245,0.0003647869936587167,245.0854384484619
-36.92693,0.05182169,0.0003542474792669337,245.17486174326905
-36.89372,0.05181333,0.0003381533253106958,245.26442963431734
-36.86044,0.05180431,0.00032139917135447227,245.35416899034018
-36.82721,0.05180079,0.00031014965696270214,245.44375621631247
-36.79387,0.05180546,0.0003070855030064615,245.53362262121288
-36.76054,0.05180497,0.0002988613490502237,245.62344467245285
-36.72734,0.05179111,0.00027727183465844907,245.71289908778607
-36.69418,0.05177638,0.00025480768070220566,245.80222849681905
-36.66065,0.05178513,0.00025582352674596853,245.89253713655185
-36.62727,0.05179359,0.00025655401235420705,245.98242428307776
-36.59396,0.05178949,0.00024471985839796817,246.07210553658908
-36.56059,0.0518014,0.00024889570444172615,246.16193090681043
-36.52713,0.05182167,0.0002614361900499518,246.25198103013108
-36.49391,0.05183924,0.0002712720360937143,246.34136790270017
-36.46053,0.05186629,0.00029058788213747605,246.43116788909254
-36.42714,0.05190465,0.0003212183677456931,246.52097732122172
-36.39385,0.05192832,0.0003371542137894576,246.61050040144988
-36.36057,0.05194344,0.00034454005983323294,246.69997924282407
-36.32732,0.05197509,0.0003684605454414569,246.78936010326586
-36.29382,0.0520294,0.00041503639148522675,246.87939549139358
-36.26054,0.05208018,0.0004580822375289742,246.9688222006528
-36.22731,0.05211677,0.000486942723137207,247.0580972495834
-36.19406,0.05215142,0.0005138585691809652,247.1474087222094
-36.16084,0.05217899,0.0005336944152247308,247.23662232337114
-36.12772,0.05220323,0.0005502049008329693,247.32555016672052
-36.0945,0.05222695,0.0005661907468767283,247.41472925614255
-36.06117,0.05225752,0.0005890265929204899,247.50418627274954
-36.02789,0.05228907,0.000612847078528711,247.59349173301803
-35.9948,0.05231177,0.0006278129245724726,247.6822701402768
-35.96164,0.05232529,0.0006335987706162366,247.7712191518365
-35.92844,0.05233953,0.0006401092562244581,247.86025820947293
-35.89517,0.0523587,0.0006515451022682181,247.94946768435472
-35.86203,0.05237535,0.000660460948311993,248.03831134750536
-35.8288,0.05238495,0.0006623314339202144,248.12737901908486
-35.79558,0.05239341,0.0006630572799639772,248.21640260279003
-35.76224,0.05241239,0.0006743031260077401,248.3057303891282
-35.72899,0.05242972,0.0006839036116159658,248.39479970213063
-35.69573,0.05244472,0.000691169457659721,248.4838784819764
-35.66248,0.05247305,0.0007117653037034891,248.57291316355432
-35.62914,0.05249434,0.000725325789311726,248.66217145779692
-35.59584,0.0525049,0.0007281516353554868,248.75130528785712
-35.56253,0.05251023,0.0007257474813992457,248.84044851179294
-35.52921,0.05252078,0.0007285679670074735,248.9296011139553
-35.49583,0.05253795,0.0007380038130512315,249.01889682194488
-35.46251,0.05255103,0.0007433496590949912,249.1080146206342
-35.4292,0.05256349,0.0007480801447032129,249.1970882950288
-35.39581,0.0525733,0.0007501559907469799,249.28635845769583
-35.36252,0.05257179,0.0007409118367907516,249.37534388352438
-35.32929,0.0525663,0.0007276923223989776,249.4641516191909
-35.29585,0.0525714,0.0007250581684427326,249.5535031268478
-35.26245,0.05258309,0.0007290140144864954,249.64273027458046
-35.22905,0.05259303,0.0007312245000947182,249.73193995264344
-35.19569,0.05260152,0.0007319803461384791,249.8210253544691
-35.16235,0.05261747,0.0007401961921822409,249.91003993559883
-35.12895,0.0526366,0.0007515966777904767,249.99919725695742
-35.09566,0.05265084,0.0007581025238342434,250.08804356295724
-35.06223,0.05266234,0.0007618683698780021,250.17724604475424
-35.02896,0.05267848,0.0007702788554862297,250.26600421712317
-34.99562,0.05269086,0.0007749247015299901,250.35493174778614
-34.96231,0.05270795,0.0007842805475737555,250.44376187620236
-34.92897,0.05273161,0.0008002110331819731,250.5326546086072
-34.89568,0.05275255,0.0008134168792257382,250.6213966607534
-34.8624,0.05276881,0.0008219427252695102,250.7100947086592
-34.82921,0.05278084,0.0008262432108777362,250.79853561397536
-34.79596,0.05279502,0.0008326890569214929,250.88711910292187
-34.76265,0.05281555,0.0008454849029652586,250.97584508177385
-34.72939,0.05284277,0.0008649753885734759,251.06442054188446
-34.6962,0.0528714,0.0008858712346172387,251.1527923145348
-34.66283,0.05289491,0.0009016470806610041,251.24162596434235
-34.62975,0.05291923,0.0009182375662692352,251.32967039896064
-34.59645,0.05295251,0.0009437834123129998,251.41828306912242
-34.56319,0.05299873,0.0009822692583567605,251.5067719636972
-34.53003,0.05304444,0.0010202497439649877,251.59497756079892
-34.49683,0.0530814,0.0010494755900087513,251.68327230721718
-34.46359,0.05312223,0.001082571436052511,251.77165614056213
-34.43039,0.05315407,0.001106681921660732,251.8599163440271
-34.39728,0.05317276,0.001117637767704495,251.94792009695053
-34.36404,0.05318996,0.0011271036137482718,252.03625211069792
-34.33077,0.0532075,0.001136914099356491,252.1246465203516
-34.29761,0.05322025,0.001141929945400251,252.2127314250943
-34.26447,0.05322972,0.0011436657914440165,252.30074599869752
-34.23132,0.05323488,0.0011410962770522365,252.38876992418105
-34.19806,0.05322761,0.0011260921230960008,252.47706864021103
-34.1648,0.05321663,0.0011073779691397612,252.56535003271676
-34.13153,0.05321817,0.0011011884547479991,252.65364063669674
-34.09816,0.05322689,0.001102174300791757,252.74217920453071
-34.06479,0.05323369,0.0011012401468355193,252.83070033406364
-34.03137,0.05323959,0.0010994106324437453,252.91933662187785
-33.998,0.05324316,0.0010952464784875077,253.00782284868
-33.9646,0.05323492,0.0010792723245312622,253.09637116375723
-33.93138,0.05320815,0.0010447728101394965,253.18442494364456
-33.898,0.05318607,0.0010149586561832569,253.27288541668003
-33.8645,0.05318429,0.001005444502227032,253.36164635924254
-33.8311,0.05317741,0.000990834987835254,253.45012484794574
-33.79781,0.05316083,0.0009665208338790129,253.53829455696658
-33.76445,0.05314716,0.0009451166799227737,253.62663225382644
-33.73097,0.05314332,0.0009335471655309985,253.71527019018674
-33.69769,0.0531383,0.0009207930115747581,253.80336123223836
-33.66431,0.05313204,0.0009067988576185182,253.89169954831317
-33.63094,0.05314321,0.0009102393432267597,253.97999395902943
-33.59747,0.05316621,0.000925505189270516,254.068535445161
-33.56412,0.053197,0.0009485610353142798,254.15674203473844
-33.53079,0.05323168,0.0009755115209225049,254.24487832507134
-33.49745,0.05326195,0.0009980473669662648,254.33302365458542
-33.4641,0.05329394,0.0010223032130100215,254.42117800761773
-33.43079,0.0533378,0.001058433698618251,254.50920924221134
-33.39758,0.05338452,0.0010974195446620053,254.59695890062437
-33.36432,0.05343841,0.001143575390705788,254.68482336184147
-33.33107,0.05349917,0.0011966058763140108,254.7726440898894
-33.29791,0.05355125,0.0012409517223577748,254.86020986481782
-33.26471,0.05359415,0.0012761175684015344,254.9478640172625
-33.23174,0.05363377,0.0013080080540097544,255.03489384496189
-33.19849,0.05368839,0.0013548939000535207,255.12264553926687
-33.16527,0.05374699,0.0014057597460972807,255.21030076942625
-33.1322,0.05377404,0.001425080231705518,255.29754304034282
-33.09905,0.05380736,0.0014506660777492755,255.38497917163343
-33.06593,0.0538569,0.0014924719237930373,255.47231898943082
-33.03287,0.05388996,0.0015178024094012615,255.5594834515791
-32.99965,0.05391618,0.001536288255445023,255.64705252204084
-32.96642,0.05394075,0.0015531241014887856,255.73463066316359
-32.93318,0.05394712,0.001551764587097007,255.82221785933592
-32.90013,0.05394,0.0015369104331407688,255.90928725204773
-32.86699,0.05393038,0.0015195562791845418,255.9965765721015
-32.83362,0.05393171,0.0015131567647927655,256.08445432395655
-32.80025,0.05393822,0.0015119326108365347,256.1723146375106
-32.76714,0.05393021,0.001496188456880293,256.2594731586058
-32.73399,0.05390916,0.0014674089424885142,256.34671977666363
-32.70055,0.05389293,0.0014434447885322763,256.43471220253144
-32.66736,0.0538717,0.0014144806345760402,256.52202947463604
-32.63385,0.05385682,0.0013918711201842751,256.6101711116099
-32.6004,0.05386811,0.0013954269662280333,256.69813739234723
-32.567,0.05387614,0.0013957228122718005,256.78595470113
-32.53362,0.05388145,0.0013933032978800178,256.8737019707166
-32.50021,0.05388883,0.0013929491439237801,256.9615106301547
-32.46681,0.0538896,0.0013859849899675453,257.04927553515915
-32.43347,0.05388624,0.0013748954755757672,257.1368653560338
-32.40004,0.05388829,0.0013692113216195248,257.2246741446275
-32.3667,0.0539048,0.001377987167663304,257.3122291045913
-32.33324,0.05393631,0.0014017676532715254,257.4000816983318
-32.2999,0.05396068,0.0014184034993152822,257.4876017817217
-32.26668,0.05397415,0.0014241393453590517,257.5747895427186
-32.23331,0.05399279,0.001435049830967275,257.6623535880557
-32.20004,0.05401266,0.0014471856770110342,257.7496378699075
-32.16672,0.05403874,0.0014655315230548,257.83703595437777
-32.13339,0.05407056,0.0014896220086630316,257.92444287485495
-32.10007,0.05409981,0.0015111378547067941,258.01180618194167
-32.06683,0.05413497,0.0015385637007505545,258.0989424096711
-32.03351,0.05416615,0.001562014186358783,258.1862709863356
-32.00038,0.05419395,0.0015820800324025386,258.2730843532694
-31.96701,0.05421515,0.0015955458784462986,258.36050923709706
-31.93385,0.05423995,0.0016126163640545269,258.44736667530987
-31.90057,0.05426765,0.0016325822100982865,258.5345211216761
-31.86734,0.05429906,0.001656258056142064,258.62152732157
-31.83415,0.05433719,0.0016866585417502841,258.70841152827785
-31.80086,0.05436815,0.0017098843877940417,258.79554018452893
-31.76759,0.05439308,0.0017270802338378091,258.88259915638463
-31.73436,0.05441824,0.0017445107194460283,258.9695361559068
-31.70104,0.05443843,0.0017569665654897995,259.0566912526511
-31.66776,0.05446279,0.0017735924115335477,259.14372436664024
-31.6344,0.05448416,0.0017872328971417842,259.23094928789124
-31.60117,0.05450446,0.001799798743185553,259.31781697776154
-31.56786,0.05452152,0.0018091245892293134,259.40487644360974
-31.53468,0.05453383,0.0018137050748375377,259.4915788656402
-31.50151,0.05454415,0.0018162909208813,259.5782379242468
-31.46814,0.05456073,0.0018251367669250632,259.66540211148333
-31.43489,0.05457535,0.001832027252533286,259.7522355080863
-31.4016,0.05457561,0.001824553098577042,259.8391560215552
-31.36824,0.05458172,0.0018229289446208205,259.9262418961378
-31.33489,0.05459894,0.0018324194302290417,260.0132842458263
-31.30151,0.05462151,0.0018472552762728023,260.1003874535668
-31.26823,0.0546502,0.0018682111223165682,260.18721234658346
-31.23483,0.05467762,0.0018879016079247912,260.2743328718408
-31.2016,0.05469808,0.0019006274539685522,260.36099263275526
-31.16821,0.05471814,0.0019129533000123086,260.4480522366499
-31.13492,0.05475064,0.00193772378562055,260.5348337241279
-31.10158,0.05479338,0.0019727296316643106,260.62172815937316
-31.06821,0.05483812,0.002009735477708073,260.70868335350997
-31.03488,0.05487003,0.002033915963316299,260.7955169091093
-31.00162,0.05489384,0.002049991809360059,260.882150754251
-30.96843,0.05491371,0.0020621276554038184,260.9685849983138
-30.93532,0.05493006,0.0020707481410120465,261.05479371597625
-30.90204,0.05494566,0.002078613987055805,261.1414277636547
-30.86879,0.05496026,0.0020854798330995766,261.22796639481817
-30.83547,0.05497862,0.0020961103187078015,261.3146698447534
-30.80231,0.05498886,0.002098616164751564,261.40093969053834
-30.76914,0.05497611,0.0020781320107953263,261.487218325261
-30.73586,0.05496981,0.0020641024964035484,261.5737657657729
-30.70253,0.05497478,0.0020613383424473095,261.66042585202104
-30.66925,0.05497403,0.0020528541884910698,261.74693857774565
-30.63597,0.05497316,0.0020442546740993064,261.83343395910583
-30.60271,0.05498005,0.00204341052014307,261.9198600313357
-30.56938,0.05499158,0.0020472063661868267,262.0064506202342
-30.53603,0.05499898,0.002046876851795054,262.0930757565001
-30.50281,0.05500641,0.002046572697838818,262.1793459078735
-30.46944,0.05501281,0.0020452385438825826,262.2659882002566
-30.43597,0.05503351,0.002058209029490804,262.35287261714575
-30.40263,0.055055,0.002071964875534564,262.4394021275207
-30.36932,0.05506866,0.0020778907215783377,262.52583639343544
-30.33594,0.05507997,0.002081471207186561,262.6124348679974
-30.30269,0.0550717,0.0020654670532303243,262.69867873372135
-30.26944,0.0550518,0.002037832899274082,262.78490528633654
-30.23612,0.0550475,0.002025803384882306,262.8712960007161
-30.20285,0.05504774,0.002018309230926066,262.95753973020084
-30.16963,0.05504002,0.002002855076969831,263.0436365529421
-30.1362,0.0550446,0.001999705562578065,263.1302601900548
-30.103,0.05505349,0.0020008614086218235,263.21627053153
-30.06964,0.05505905,0.0019986872546655862,263.3026779946173
-30.03629,0.05507286,0.002004767740273812,263.3890421361711
-30.00295,0.05509266,0.0020168335863175735,263.47536297185945
-29.96947,0.05512572,0.002042159432361343,263.56202876580653
-29.93613,0.05515989,0.0020685999179695658,263.64831471447894
-29.90289,0.05519946,0.0021004357640133225,263.73432452834305
-29.86958,0.05524052,0.0021337616100571,263.8204981125828
-29.83627,0.05527548,0.0021609920956653234,263.90665432117396
-29.80312,0.05530865,0.0021864279417090834,263.99237943961964
-29.76991,0.05534413,0.002214173787752842,264.07824246077456
-29.73673,0.05538252,0.002244834273361064,264.16401067014266
-29.70355,0.05542094,0.0022755201194048294,264.2497616392224
-29.67033,0.05546298,0.0023098259654485906,264.33559871352134
-29.6371,0.05549975,0.0023388664510568258,264.4214443371097
-29.60384,0.05553488,0.002366262297100588,264.507350146302
-29.57085,0.05554596,0.002369608143144346,264.5925414710728
-29.53766,0.05554816,0.0023640786287525695,264.6782320647021
-29.50443,0.05556712,0.002375304474796329,264.764008649237
-29.47118,0.05558835,0.002388800320840094,264.8498195518615
-29.43803,0.05560559,0.0023983108064483186,264.93535514150057
-29.40477,0.05562151,0.0024064966524920822,265.02115726476484
-29.37157,0.05563458,0.002411832498535854,265.10678732700586
-29.3383,0.05564808,0.0024176029841440835,265.1925806188513
-29.30507,0.05566774,0.0024295288301878423,265.27825346007063
-29.27179,0.05568734,0.002441394676231605,265.36403787883387
-29.23842,0.05572005,0.002466375161839826,265.45003687192525
-29.20505,0.05576235,0.002500941007883589,265.53601842671543
-29.17177,0.05579923,0.0025300868539273463,265.62175071857536
-29.13861,0.05582487,0.0025479973395355834,265.7071566289077
-29.10526,0.05584455,0.0025599431855793456,265.79303452980275
-29.07201,0.05586288,0.0025705390316231036,265.878637586604
-29.03867,0.05588444,0.0025843695172313302,265.9644549674615
-29.00543,0.05590321,0.0025954053632750926,266.0499976189333
-28.97214,0.05592383,0.0026082912093188526,266.13565160291375
-28.9389,0.05593994,0.002616671694927075,266.2211596229658
-28.90566,0.05594525,0.0026142475409708377,266.3066503403212
-28.87245,0.05594875,0.002610013387014609,266.3920466207104
-28.83923,0.05594313,0.002596663872622841,266.4774513358456
-28.80595,0.05594019,0.0025859897186665953,266.5629929751985
-28.77254,0.05594664,0.0025847055647103614,266.648851315456
-28.73926,0.05595306,0.0025833960503185843,266.7343581983283
-28.70593,0.0559612,0.002583801896362349,266.8199761635989
-28.67258,0.0559783,0.002593167742406109,266.9056280926044
-28.63944,0.05599594,0.0026030782280143452,266.9907234308885
-28.60603,0.05601653,0.002615934074058107,267.0764946530142
-28.57277,0.056048,0.002639669920101867,267.1618634277472
-28.5394,0.05608209,0.0026660304057100903,267.2474971310212
-28.50606,0.05611811,0.002694316251753849,267.33303643385426
-28.47273,0.05615313,0.002721602097797614,267.4185326808978
-28.43948,0.05620202,0.0027627625834058325,267.5038063824908
-28.40611,0.0562472,0.0028002084294495924,267.5893704318496
-28.37291,0.05627059,0.0028158642754933724,267.6744812787728
-28.33966,0.05628389,0.002821434761101596,267.75970300459085
-28.30644,0.05630463,0.0028344406071453554,267.8448305489417
-28.27315,0.05632507,0.002847146453189113,267.93012013447685
-28.23993,0.0563364,0.0028507469387973397,268.0152130786496
-28.20668,0.05634205,0.0028486627848411036,268.1003655624466
-28.17339,0.05635225,0.0028511286308848666,268.18560314095885
-28.14008,0.05635919,0.002850339116493107,268.2708745581579
-28.10696,0.05634795,0.0028313649625368656,268.3556423605423
-28.07359,0.05634899,0.0028246708085806274,268.4410326435282
-28.04013,0.0563717,0.0028396512941888455,268.52663571803566
-28.00693,0.05638487,0.0028450871402326064,268.611556287565
-27.97366,0.05638729,0.0028397729862763704,268.6966385907805
-27.9404,0.05639347,0.0028382234718845947,268.7816779945872
-27.90714,0.05641033,0.0028473493179283563,268.86670007486975
-27.87375,0.05642124,0.002850525163972127,268.95203704714066
-27.84044,0.05643167,0.0028532256495803557,269.0371521617481
-27.80708,0.05645725,0.002871071495624114,269.12237762367033
-27.77377,0.0564818,0.0028878873416678733,269.207457960899
-27.74046,0.05649696,0.0028953178272760963,269.29252092247924
-27.70721,0.05650707,0.002897693673319858,269.3774133347445
-27.67397,0.05651531,0.0028981995193636256,269.4622629101582
-27.6406,0.05652855,0.00290371000497186,269.5474269237412
-27.60741,0.05653886,0.0029062858510156275,269.63211425950954
-27.57416,0.05655821,0.002917901697059383,269.71693739330516
-27.54079,0.05659201,0.0029439721826676063,269.80204924875727
-27.50754,0.05660947,0.002953698028711371,269.88683769385193
-27.47426,0.05661737,0.0029538638747551305,269.9716853032523
-27.44095,0.05664284,0.002971604360363353,270.0565920300535
-27.40764,0.0566733,0.002994330206407117,270.141481381206
-27.37434,0.05670417,0.0030174660524508873,270.2263278798893
-27.34107,0.05673249,0.0030380565380591085,270.31108059852744
-27.30776,0.05676426,0.00306209238410287,270.3959178488162
-27.27443,0.05679708,0.003087178230146634,270.48078864581106
-27.24136,0.05680281,0.003085178715754859,270.56498019089366
-27.20807,0.05679969,0.003074324561798618,270.6497145274321
-27.17471,0.05681108,0.003077980407842379,270.7346096281365
-27.14142,0.05682548,0.0030846508934506134,270.81930921860356
-27.10825,0.05683313,0.0030845667394943863,270.9036862325707
-27.07495,0.05684315,0.00308685258553814,270.98837660595547
-27.04169,0.05685874,0.0030947130711463655,271.0729479152208
-27.00832,0.05687007,0.0030983089171901304,271.1577815155887
-26.97507,0.05686872,0.0030892247632338873,271.2422927062167
-26.9417,0.05686741,0.0030801852488421128,271.32709149269135
-26.90826,0.05688396,0.003089001094885871,271.4120506677379
-26.87483,0.05691002,0.0031073269409296472,271.4969669326487
-26.84148,0.05692564,0.003115217426537871,271.5816625495372
-26.8082,0.05692586,0.003107703272581634,271.6661630319108
-26.77495,0.05692673,0.0031008391186253953,271.7505700210555
-26.74173,0.05692829,0.003094669604233616,271.83488356383367
-26.7085,0.05693133,0.0030899754502773796,271.9192051972825
-26.67514,0.05694601,0.0030969212963211368,272.0038393138266
-26.64177,0.05696558,0.003108761781929377,272.08848136462143
-26.60849,0.0569876,0.0031230476279731356,272.17287776517287
-26.5752,0.0570159,0.0031436134740168986,272.25728217303686
-26.54201,0.05705545,0.0031754339596251277,272.34141576140206
-26.50865,0.05709981,0.003212059805668882,272.42596290063983
-26.47531,0.05714333,0.0032478456517126483,272.51044193996256
-26.44203,0.0571898,0.003286586137320871,272.5947515874214
-26.40875,0.05723589,0.0033249419833646307,272.67904389051563
-26.37557,0.05727891,0.0033602278294084104,272.76306564518103
-26.3423,0.05731926,0.0033928483150166278,272.8472979964593
-26.30913,0.05736702,0.0034328741610603897,272.9312599137754
-26.27593,0.05740219,0.0034603100071041518,273.01528051563287
-26.2428,0.05741462,0.0034650104927123754,273.0991067590928
-26.20975,0.05743216,0.00347481633875614,273.1827134586607
-26.17653,0.05745619,0.003491112184799895,273.2667329701558
-26.14328,0.05747831,0.0035055026704081324,273.35081105188976
-26.11014,0.05750073,0.0035201885164518956,273.43459375328257
-26.0769,0.0575209,0.0035326243624956566,273.51861199243376
-26.0437,0.05753703,0.0035410248481038825,273.6025118551273
-26.01042,0.05754951,0.003545770694147646,273.68659656264674
-25.97716,0.05755369,0.0035422165401913994,273.77061340975837
-25.9437,0.05757036,0.0035511570257996256,273.8551179893273
-25.91032,0.0575984,0.0035714628718433936,273.9394030560062
-25.87711,0.05760208,0.0035674087178871605,274.02324155411515
-25.84372,0.05760024,0.0035578392034953873,274.10751704927736
-25.81044,0.05760675,0.0035566150495391496,274.1914975342601
-25.77716,0.05760537,0.0035475008955829154,274.27546067487833
-25.74385,0.05759835,0.003532751381191135,274.3594821355998
-25.71053,0.05759261,0.0035192772272348988,274.4435114369426
-25.67719,0.05759832,0.003517253073278659,274.5275737743016
-25.64377,0.05761005,0.003521253558886897,274.61182035126507
-25.61057,0.05761981,0.0035232794049306557,274.6954950244741
-25.57719,0.05762726,0.003522995250974416,274.77960595384155
-25.54378,0.05764038,0.003528385736582637,274.8637750049299
-25.51047,0.05765258,0.003532851582626402,274.9476747265684
-25.47723,0.05767019,0.0035427274286701643,275.03138081445724
-25.44391,0.05770444,0.0035692479142783937,275.1152709958302
-25.41052,0.05774956,0.0036066337603221435,275.19931997617084
-25.37726,0.05778569,0.0036350296063659276,275.2830243644075
-25.34395,0.05781844,0.0036600500919741485,275.3668372234524
-25.31078,0.057851,0.0036848759380179036,275.45028055564825
-25.2776,0.05788367,0.00370981178406167,275.5337318064192
-25.24425,0.0579215,0.0037399122696698955,275.6175932523707
-25.21098,0.05796452,0.0037751981157136544,275.70123617665206
-25.17772,0.05801614,0.0038190839617574177,275.78483663416057
-25.14458,0.0580562,0.003851414447365656,275.8681182365628
-25.11144,0.05808431,0.0038717902934094148,275.95138264021966
-25.07826,0.05811658,0.0038963261394531767,276.0347303141659
-25.04503,0.05815101,0.0039230266250614015,276.11818630810194
-25.01184,0.05819049,0.003954772471105157,276.20152458234674
-24.97862,0.05821984,0.0039763883171489225,276.28492091087253
-24.94554,0.0582338,0.003982618802757146,276.3679486070688
-24.9122,0.05824741,0.003988494648800904,276.4516115397829
-24.87906,0.05825382,0.003987170494844677,276.53475534463337
-24.8459,0.05824916,0.003974780980452904,276.6179321124777
-24.81268,0.0582446,0.003962486826496671,276.7012421148338
-24.77945,0.05823802,0.003948172672540426,276.78455990577146
-24.74609,0.05822779,0.003930213158148656,276.86818625264414
-24.71285,0.05821068,0.003905369004192416,276.95149445139083
-24.67963,0.05818977,0.003876724850236178,277.03473523778405
-24.6463,0.05818496,0.003864185335844414,277.1182342881074
-24.61284,0.05819685,0.0038683411818881755,277.20204151886236
-24.57944,0.05820746,0.0038712170279319377,277.2856809823125
-24.54601,0.05822102,0.0038770475135401564,277.36937807781567
-24.51265,0.05823185,0.0038801433595839208,277.4528824715238
-24.47926,0.05823958,0.0038801392056276793,277.5364445077443
-24.44588,0.05825429,0.0038871196912359032,277.6199640665305
-24.41251,0.05828032,0.0039054155372796606,277.7034411635642
-24.37906,0.0583132,0.0039305613833234415,277.7871008844334
-24.34573,0.05833931,0.00394894186893166,277.8704430529064
-24.31245,0.05834985,0.003951747714975425,277.9536428382304
-24.27918,0.05836283,0.003956993561019188,278.0368002870711
-24.24588,0.05839008,0.003976514046627411,278.1200153626904
-24.21259,0.05841404,0.003992739892671168,278.20318809140156
-24.17922,0.05844503,0.004015995738714938,278.2865432771003
-24.14594,0.05849146,0.004054696224323175,278.3696562832734
-24.11266,0.05853529,0.00409079207036693,278.45275194508207
-24.07936,0.05856628,0.004114047916410693,278.5358801841848
-24.04614,0.05859556,0.004135598402018915,278.6187914131161
-24.01285,0.0586324,0.00416470424806268,278.7018600130908
-23.97955,0.05867256,0.004197130094106438,278.78493620347444
-23.94638,0.05871756,0.0042344005797146644,278.86767080873256
-23.91319,0.05876412,0.0042732264257584265,278.95043805370716
-23.87999,0.05880624,0.004307612271802201,279.0332129776072
-23.84685,0.05883817,0.004331812757410423,279.11582109395687
-23.81377,0.05885927,0.004345178603454181,279.198262496171
-23.78059,0.05888331,0.004361484449497945,279.28093590234243
-23.74732,0.05890859,0.004379034935106163,279.3638162477618
-23.71417,0.05892732,0.0043900307811499326,279.44638041568294
-23.68089,0.05894667,0.004401646627193688,279.52925105416585
-23.64764,0.05896552,0.0044127671128019255,279.6120296686301
-23.6145,0.05898175,0.0044212629588456925,279.69451720174254
-23.58133,0.05899338,0.004425158804889445,279.77706218462555
-23.548,0.05900158,0.004425629290497675,279.85998797968
-23.51469,0.05901122,0.004427535136541441,279.9428466334166
-23.48142,0.05902905,0.004437630982585199,280.0255884427555
-23.44814,0.05905442,0.004455271468193425,280.10833778013136
-23.41472,0.0590902,0.0044833173142371854,280.1914177677282
-23.38138,0.0591275,0.004512883160280957,280.27428145258455
-23.34798,0.05916267,0.004540323645889181,280.3572768082705
-23.31458,0.05919789,0.004567809491932945,280.4402546942868
-23.28142,0.05921527,0.004577455337976703,280.52261905019566
-23.24805,0.0592357,0.004590155823584928,280.6054876304764
-23.21466,0.05927912,0.004625841669628684,280.6883884232908
-23.18132,0.05931314,0.004652127515672448,280.77114765594104
-23.14812,0.0593211,0.004652358001280686,280.85354207184565
-23.11487,0.05933089,0.004654413847324443,280.93604327563474
-23.08173,0.05934474,0.004660529693368214,281.01825431582165
-23.04842,0.05935415,0.004662210178976438,281.1008697469932
-23.0152,0.05935834,0.0046586660250202,281.1832446549568
-22.98189,0.05936788,0.0046604718710639564,281.2658253817785
-22.94856,0.05938389,0.004668752356672183,281.3484383004438
-22.91521,0.05938537,0.004662498202715942,281.4310833796357
-22.8821,0.05937606,0.004645454048759719,281.51311648178967
-22.84868,0.05937981,0.004641474534367938,281.595900228277
-22.81525,0.05939925,0.004653180380411702,281.67869124703566
-22.78197,0.05941059,0.004656786226455462,281.7610934000566
-22.74878,0.05941448,0.004652946712063684,281.84325543664585
-22.71539,0.05942622,0.004656952558107448,281.925895167468
-22.68213,0.05944985,0.004672848404151206,282.0081957929321
-22.64882,0.05946782,0.004683088889759442,282.09060277891757
-22.61562,0.05948991,0.004697444735803205,282.1727203416822
-22.5822,0.05952882,0.004728620581846969,282.25536462394285
-22.54889,0.05957095,0.0047630210674551865,282.33771948298266
-22.51552,0.05960408,0.004788416913498954,282.42020526198473
-22.48225,0.0596322,0.004808802759542714,282.50242649556066
-22.44904,0.05965639,0.0048252632451509375,282.5844821621039
-22.41568,0.0596893,0.004850439091194703,282.66689106177745
-22.38243,0.05971955,0.00487295493723848,282.74901088772066
-22.34924,0.05974706,0.004892735422846697,282.8309652612374
-22.31592,0.05977774,0.004915681268890464,282.9132232849547
-22.28276,0.05979882,0.004929027114934224,282.9950690511062
-22.2497,0.05981085,0.004933327600542443,283.07665085479533
-22.21639,0.05982854,0.004943283446586205,283.1588322703307
-22.18314,0.05985244,0.004959449292629967,283.24084832696735
-22.14984,0.05987469,0.004973969778238205,283.32297036383954
-22.11661,0.05989775,0.004989295624281964,283.40490246130486
-22.08339,0.05992259,0.005006401470325723,283.48679261822485
-22.05014,0.05995169,0.00502777195593395,283.5687394224266
-22.01694,0.0599723,0.005040647801977709,283.650545724275
-21.98361,0.0599933,0.005053913648021477,283.7326549894107
-21.95032,0.0600154,0.005068284133629704,283.8146483483582
-21.91702,0.06003624,0.005081389979673452,283.8966489747225
-21.8837,0.06005979,0.005097205825717238,283.97868146984734
-21.85037,0.06008065,0.0051103363113254585,284.0607211906581
-21.81708,0.06010746,0.005129412157369222,284.1426450887423
-21.78371,0.0601366,0.00515081800341298,284.22474844271915
-21.75049,0.06015804,0.005164528489021207,284.30646541667
-21.7173,0.06017141,0.005170164335064967,284.38809133595936
-21.68398,0.06019045,0.005181470181108726,284.47001961894574
-21.65071,0.06021556,0.005198850666716964,284.55180761336294
-21.61737,0.06023971,0.005215266512760726,284.6337503008367
-21.58412,0.06026049,0.005228312358804485,284.7154544507545
-21.5508,0.06028254,0.0052426328444127104,284.7973132415888
-21.5175,0.06030914,0.005261498690456466,284.87910552706256
-21.48422,0.06033071,0.005275334536500233,284.9608313384643
-21.451,0.06035161,0.005288505022108453,285.04239251017003
-21.41768,0.06037696,0.005306120868152221,285.12418184015985
-21.38437,0.0604042,0.005325626714195987,285.2059292452753
-21.35111,0.06042956,0.005343257199804212,285.28753660684265
-21.31792,0.06046128,0.005367243045847979,285.3689549462203
-21.28458,0.06049726,0.005395488891891731,285.45072388257074
-21.25122,0.06053172,0.005422219377499961,285.53252444784584
-21.21799,0.06056505,0.005447815223543727,285.6139889198181
-21.18471,0.06059375,0.0054687810695874875,285.69555863715055
-21.15143,0.0606253,0.0054926015551957225,285.7771110101184
-21.11813,0.06066284,0.005522407401239486,285.85869503292326
-21.0849,0.06070158,0.005553413247283243,285.9400902472817
-21.05154,0.0607424,0.005586503732891469,286.02178649621044
-21.01827,0.06077891,0.005615279578935227,286.10324498420164
-20.98517,0.06079354,0.00562217542497899,286.1842700417567
-20.95192,0.06080822,0.0056291259105872155,286.2656450082955
-20.91866,0.06082863,0.005641801756630975,286.3470271275885
-20.88548,0.06084472,0.005650157602674746,286.428196238078
-20.8522,0.06086264,0.005660348088282981,286.50959266290283
-20.81897,0.06087938,0.005669353934326729,286.59084949212917
-20.78587,0.06089295,0.0056751897803705015,286.67177124332653
-20.75266,0.06090802,0.005682530265978723,286.75294467589805
-20.71956,0.06092579,0.005692566112022485,286.83383205557215
-20.68625,0.06095113,0.005710171958066244,286.9152152971406
-20.65299,0.0609852,0.005736512443674485,286.9964590417891
-20.61971,0.06101651,0.005760088289718246,287.0777343010095
-20.5864,0.06104494,0.005780784135762003,287.1590654573632
-20.55312,0.061074,0.00580211462137023,287.24030601221966
-20.51987,0.06110787,0.0058282504674139896,287.3214560124837
-20.48653,0.06114816,0.005860806313457749,287.4028082834178
-20.45337,0.06118783,0.00589274679906597,287.4837040736855
-20.42008,0.0612159,0.00591308264510973,287.564899685774
-20.38695,0.06123371,0.005923158491153505,287.64568782173137
-20.35373,0.06125256,0.005934278976761728,287.726678165932
-20.32048,0.06127406,0.00594804482280549,287.80772434482
-20.28723,0.06130021,0.005966460668849254,287.88875321059925
-20.25395,0.06133048,0.005989001154457475,287.9698378485824
-20.22057,0.06136261,0.006013397000501242,288.05114870769205
-20.18736,0.06139008,0.006033132846544997,288.132028145484
-20.15413,0.06140644,0.006041763332153234,288.2129390040745
-20.12088,0.06141077,0.006038359178197006,288.29388125224045
-20.08762,0.06141715,0.00603700502424076,288.37483052301974
-20.05422,0.06142586,0.006037985509848985,288.4561030973003
-20.02095,0.0614307,0.006035091355892745,288.53704197339346
-19.98769,0.06143339,0.006030047201936506,288.6179391954724
-19.95442,0.061435,0.006023927687544728,288.69884340889
-19.92114,0.06143458,0.006015773533588495,288.77975459801615
-19.88788,0.06144026,0.006013719379632264,288.86059983389686
-19.85463,0.06144635,0.006012079865240487,288.9414034470191
-19.82126,0.06145138,0.006009375711284251,289.0224812752571
-19.78792,0.06146758,0.006017841557328013,289.1034687988364
-19.75452,0.06149181,0.006034342042936236,289.18458461682997
-19.72113,0.06151719,0.0060519878889799955,289.2656586868259
-19.68778,0.06155144,0.006078503735023763,289.3466182051986
-19.65437,0.06158971,0.006109044220632,289.4277059134413
-19.62102,0.06162532,0.006136920066675752,289.5086305656697
-19.58772,0.06166227,0.006166135912719521,289.58941651332856
-19.55447,0.06170767,0.006203806398327745,289.67006383463956
-19.52124,0.06175559,0.006243992244371506,289.7506453487926
-19.48784,0.0617986,0.00627926809041527,289.83162168141234
-19.45467,0.06185258,0.006325518576023488,289.9120231029463
-19.42137,0.06190544,0.006370644422067251,289.99272230273994
-19.38812,0.06195406,0.006411530268111025,290.07328300643763
-19.35498,0.06199856,0.006448300753719251,290.1535599662329
-19.32179,0.06203341,0.006475416599763008,290.23394080626394
-19.28859,0.06207004,0.006504312445806772,290.3143286062072
-19.25539,0.06210791,0.006534452931414997,290.394699145072
-19.22232,0.06213125,0.006550058777458755,290.4747378201918
-19.18904,0.06215778,0.006568854623502519,290.55526746456786
-19.15582,0.06219135,0.006594695109110753,290.6356346257991
-19.12282,0.06220939,0.006605000955154525,290.71545244358873
-19.08957,0.06223267,0.006620546801198272,290.7958576937942
-19.0564,0.06225969,0.006639837286806498,290.87605223708323
-19.02324,0.06228026,0.006652673132850263,290.95620538143584
-18.98995,0.06231251,0.006677188978894029,291.03665543615045
-18.95671,0.06234502,0.006701969464502251,291.11696734299136
-18.92352,0.06236786,0.0067170753105460085,291.1971411800392
-18.89023,0.06239359,0.006735071156589785,291.2775392485838
-18.85696,0.06240903,0.006742781642198006,291.35787167634226
-18.82373,0.06242191,0.006747927488241767,291.43809021898596
-18.79041,0.06243159,0.006749873334285533,291.51850866260975
-18.75717,0.06243274,0.0067432938198937545,291.59871670121834
-18.72388,0.06244683,0.006749649665937517,291.67902804794807
-18.69058,0.06247319,0.006768275511981274,291.759346156834
-18.65738,0.06250121,0.006788565997589514,291.83940578312377
-18.62393,0.06251481,0.006794431843633278,291.92005081151046
-18.59067,0.06251518,0.0067870676896770385,292.00022039348715
-18.5573,0.06251802,0.006782178175285258,292.08063770883933
-18.52385,0.06252623,0.006782654021329021,292.1612303126198
-18.49051,0.06253963,0.006788319867372786,292.24154045272945
-18.45705,0.06255447,0.006795430352981011,292.3221221504794
-18.42372,0.0625677,0.006800926199024775,292.40237333886137
-18.39037,0.06257977,0.0068052620450685525,292.4826552705901
-18.35719,0.06257036,0.006788122530676774,292.56251068462956
-18.32398,0.06254946,0.006759488376720531,292.64242103699365
-18.2905,0.06254925,0.006751544222764291,292.7229635843425
-18.25716,0.06257149,0.006766054708372507,292.80315189139037
-18.22382,0.06259853,0.006785360554416274,292.88332279147755
-18.19051,0.06261689,0.00679598640046003,292.9634041687095
-18.15718,0.062622,0.0067933668860682694,293.0435162371247
-18.12384,0.0626369,0.006800532732112029,293.123634937214
-18.09064,0.06266349,0.006819388578155797,293.20339990857684
-18.0575,0.06267853,0.0068266990637640135,293.2830035120625
-18.024,0.06270941,0.0068498449098077716,293.36345436992
-17.99077,0.06274674,0.006879440755851535,293.4432394553396
-17.95754,0.06277223,0.0068972012414597605,293.523007248472
-17.92432,0.06279314,0.0069103770875035275,293.60273375236943
-17.89119,0.06282603,0.006935532933547303,293.68222704860597
-17.85783,0.06289262,0.006994393419155517,293.7622548472213
-17.82457,0.0629538,0.007047839265199293,293.8420254047873
-17.79146,0.06299176,0.007078065111243044,293.92141899686555
-17.75836,0.06304167,0.007120245596851267,294.0007714503644
-17.72507,0.06310071,0.007171551442895038,294.0805620960667
-17.69196,0.06315239,0.007215497288938798,294.1599040971363
-17.65866,0.06319632,0.007251697774547032,294.2396840824445
-17.62537,0.06325005,0.007297693620590795,294.31942275240306
-17.59215,0.0633035,0.007343409466634553,294.3989764530958
-17.55916,0.06334171,0.007373889952242772,294.47796225773914
-17.52615,0.0633757,0.007400145798286531,294.55697888816985
-17.49283,0.06341615,0.007432861644330303,294.63672026596834
-17.45964,0.06344411,0.007453092129938527,294.71613324348124
-17.4267,0.06345154,0.0074527879759822835,294.7949309952713
-17.39343,0.06346803,0.007461543822026052,294.87450091189885
-17.36017,0.06349725,0.0074830343076342926,294.9540295859817
-17.32684,0.06350647,0.007484520153678037,295.03370826026077
-17.29359,0.06350876,0.007479075999721807,295.1131783526602
-17.26039,0.06350137,0.007463956485330034,295.19251166708506
-17.2272,0.06349275,0.007447602331373794,295.27180383265284
-17.19396,0.06348988,0.007436998177417553,295.3511981604291
-17.16069,0.06348921,0.0074285986630257955,295.4306468176082
-17.12718,0.06350242,0.007434074509069556,295.5106510720887
-17.09389,0.06352247,0.007446390355113311,295.5901126701497
-17.06065,0.06352846,0.007444650840721531,295.66943760495184
-17.0273,0.06353939,0.007447846686765298,295.74900765837924
-16.99382,0.06355855,0.007459272532809064,295.8288703605535
-16.96043,0.06357786,0.007470853018417281,295.9085008953043
-16.92696,0.06360801,0.007493268864461049,295.98830469699027
-16.89372,0.06364951,0.0075270347105048235,296.06754273831746
-16.8604,0.06369954,0.007569335196113039,296.1469541197072
-16.82698,0.0637461,0.007608161042156808,296.22658636614335
-16.79375,0.06376995,0.007624276888200568,296.30574854414067
-16.76045,0.06379128,0.007637877373808791,296.38506013269443
-16.7271,0.06382632,0.007665183219852559,296.4644734033697
-16.69377,0.06387668,0.007707809065896319,296.5438216481551
-16.66045,0.06393518,0.007758579551504545,296.6231286973944
-16.62709,0.06398972,0.007805385397548312,296.70251353577277
-16.59392,0.06404146,0.007849391243592067,296.781428963033
-16.56075,0.06407414,0.007874341729200297,296.8603271603957
-16.5277,0.06409398,0.007886447575244052,296.9389227891194
-16.4944,0.0641313,0.00791603342128782,297.01809563845126
-16.46104,0.06418727,0.007964273906896045,297.0973937293871
-16.42778,0.06424233,0.008011599752939802,297.17643676664665
-16.39455,0.06428707,0.008048605598983578,297.2553912082295
-16.3615,0.06431086,0.008064666084591797,297.33390081798257
-16.32829,0.0643349,0.008080971930635561,297.41277327464235
-16.29503,0.06437827,0.008116607776679323,297.49174716885193
-16.26198,0.06441672,0.008147328262287548,297.5702052707353
-16.22862,0.0644429,0.008165774108331303,297.6493819413726
-16.19542,0.0644706,0.008185739954375076,297.7281615651148
-16.16225,0.06449031,0.008197720439983305,297.8068527647607
-16.12898,0.064505,0.008204676286027071,297.8857638925697
-16.09578,0.0645279,0.008219842132070831,297.9644917122803
-16.06245,0.06456355,0.008247762617679052,298.04351044098047
-16.02913,0.06460916,0.008285638463722815,298.12248807299943
-15.9959,0.06463824,0.008306984309766577,298.2012350643777
-15.96278,0.06465641,0.008317424795374798,298.2797041760786
-15.92955,0.06467861,0.008331890641418559,298.3584166401244
-15.89623,0.06470056,0.00834610648746234,298.437324926093
-15.86296,0.06473353,0.008371346973070556,298.5160974553007
-15.82958,0.06478045,0.008410532819114323,298.59511300869474
-15.79634,0.064826,0.008448348665158076,298.6737798215925
-15.76311,0.06486046,0.008475079150766299,298.7524056732915
-15.72994,0.06488451,0.008491394996810071,298.8308723128798
-15.69679,0.06490911,0.008508260842853832,298.90927442633887
-15.66338,0.06494625,0.00853767132846206,298.9882740462189
-15.63036,0.064982,0.008565687174505829,299.06633431629723
-15.59697,0.06501355,0.008589503020549588,299.1452519149936
-15.56374,0.06505023,0.008618453506157815,299.2237740181732
-15.53044,0.06507406,0.008634549352201579,299.30244418357216
-15.49733,0.06508629,0.008639045198245342,299.3806482632808
-15.4641,0.06509597,0.008640995683853563,299.4591185156178
-15.43086,0.06510456,0.008641851529897326,299.53759508214097
-15.3976,0.06512009,0.008649647375941101,299.6161015484992
-15.3643,0.06513435,0.008656177861549312,299.6946850755433
-15.33116,0.06514242,0.008656513707593086,299.77287378381595
-15.29796,0.06515238,0.008658739553636836,299.8511868073347
-15.26466,0.06516478,0.008663410039245069,299.9297183743109
-15.2314,0.06517983,0.008670725885288819,300.0081382751332
-15.19804,0.06519634,0.008679501731332591,300.0867765526403
-15.16475,0.06521757,0.008693002216940825,300.1652324487356
-15.13139,0.0652444,0.008712098062984577,300.24383590710966
-15.0981,0.06527144,0.008731403909028351,300.32225705713375
-15.06484,0.06529613,0.008748364394636568,300.40059020491356
-15.03157,0.06532069,0.008765190240680329,300.4789295731139
-14.99828,0.06534369,0.008780456086724092,300.5572986848357
-14.96504,0.06536795,0.008796986572332313,300.6355327741615
-14.93178,0.06539162,0.008812922418376078,300.7137966174274
-14.89848,0.06541532,0.008828888264419854,300.79213722958957
-14.86519,0.06545184,0.008857678750028075,300.87043695864634
-14.83199,0.06548786,0.008885964596071834,300.94850771877043
-14.79878,0.06551456,0.0089049304421156,301.0265847253058
-14.76558,0.06554904,0.008931680927723826,301.104620958074
-14.73235,0.06558426,0.00895916677376759,301.18271042102884
-14.69911,0.06561989,0.008987062619811345,301.26080608357785
-14.66588,0.0656679,0.009027343105419583,301.3388609567544
-14.63265,0.06573246,0.00908416895146335,301.4168985376438
-14.59932,0.06579471,0.00913868479750711,301.49515358885947
-14.56612,0.06585459,0.009190835283115331,301.5730861199801
-14.53307,0.06591426,0.009242771129159097,301.65064940201705
-14.49983,0.0659677,0.009288476975202853,301.7286413316738
-14.46666,0.0660251,0.009338147460811075,301.8064517703197
-14.4334,0.06607563,0.009380943306854836,301.8844560315652
-14.40035,0.06611496,0.009412539152898608,301.9619506226408
-14.36699,0.0661575,0.009447349638506831,302.0401547450014
-14.33391,0.06619564,0.009477755484550598,302.1176852687962
-14.30098,0.06621703,0.009491411330594356,302.19484721324017
-14.26766,0.06623894,0.009505591816202578,302.2729057257141
-14.23457,0.06626645,0.009525367662246348,302.35040821244525
-14.2014,0.06628106,0.009532243508290107,302.42808086385327
-14.1682,0.06629836,0.009541813993898342,302.5058065115908
-14.13496,0.06631862,0.009554339839942097,302.58360851240155
-14.1017,0.06633858,0.009566565685985857,302.66144000717134
-14.06841,0.06636964,0.00958989617159408,302.73932435776305
-14.03505,0.06640257,0.009615092017637841,302.8173550688254
-14.00194,0.06642665,0.009631437863681612,302.89478378493106
-13.96855,0.06644667,0.009643728349289837,302.9728499033274
-13.93529,0.06646967,0.009658994195333587,303.0505947231825
-13.90199,0.06649607,0.009677660041377378,303.1284156877324
-13.86864,0.06653457,0.009708430526985598,303.20633609622956
-13.83537,0.06657503,0.009741156373029351,303.28405223442104
-13.80208,0.06660356,0.009761952219073125,303.36179774148434
-13.76875,0.06663094,0.009781602704681341,303.43961927851564
-13.73549,0.06666269,0.0098056185507251,303.517260032221
-13.70219,0.06669625,0.009831444396768863,303.5949768054667
-13.66899,0.06673477,0.0098622348823771,303.6724429079346
-13.63561,0.0667813,0.009901030728420863,303.7503116056355
-13.60225,0.06683392,0.009945916574464628,303.8281162143606
-13.56902,0.06688203,0.00998629706007284,303.90560030155603
-13.53578,0.06692293,0.010019462906116612,303.9830904061683
-13.50261,0.06696451,0.010053308752160373,304.0604000765613
-13.46932,0.06700945,0.010090519237768589,304.1379721087155
-13.43602,0.06704734,0.010120675083812355,304.21555008016173
-13.40276,0.06708632,0.010151920929856131,304.2930175309142
-13.36958,0.06712562,0.010183491415464346,304.3702813887828
-13.33635,0.06716543,0.010215567261508116,304.4476443987449
-13.30321,0.06720154,0.010243943107551876,304.52478065693896
-13.27,0.06722353,0.010258203593160105,304.602062593
-13.23683,0.06724367,0.010270609439203868,304.6792342060451
-13.2036,0.06727727,0.010296475285247624,304.75652813532326
-13.17043,0.06730862,0.01032009577085586,304.8336652574062
-13.13713,0.06733896,0.010342701616899624,304.91108736429305
-13.10381,0.067373,0.010369007462943385,304.9885385900789
-13.07048,0.06741232,0.010400597948551603,305.06599566662004
-13.03728,0.06745094,0.010431483794595367,305.1431333354785
-13.00407,0.06747629,0.010449099640639122,305.22027696969684
-12.9709,0.06749081,0.010455890126247348,305.2973104474777
-12.93742,0.06752979,0.010487135972291117,305.3750463921125
-12.90425,0.06757999,0.010529601818334892,305.4520452490707
-12.87102,0.06760877,0.010550652303943107,305.52916610976973
-12.83788,0.06763241,0.010566558149986874,305.60606087453687
-12.80449,0.06766476,0.010591173996030642,305.68351832062643
-12.77116,0.06770722,0.01062590448163886,305.76081916775195
-12.73787,0.06773984,0.01065079032768261,305.8380098793681
-12.70482,0.06776363,0.010666846173726388,305.91462692685036
-12.6714,0.06779546,0.010690946659334621,305.9920843205732
-12.63808,0.06784436,0.010732112505378387,306.0692925325435
-12.6049,0.06788272,0.010762738351422135,306.1461590636018
-12.57182,0.06790896,0.010781248837030369,306.22277676697996
-12.53847,0.06794497,0.010809524683074119,306.30000247956275
-12.5052,0.06799193,0.010848750529117893,306.3770255882768
-12.47194,0.06803427,0.010883361014726103,306.454008219943
-12.43874,0.06806329,0.010904646860769869,306.53083470067315
-12.40553,0.06808913,0.010922752706813643,306.60766705303155
-12.37224,0.06812597,0.010951863192421862,306.68466715390423
-12.33901,0.06816848,0.010986639038465633,306.76151116628193
-12.3058,0.06820273,0.011013154884509394,306.83829165219885
-12.27245,0.06823637,0.011039065370117618,306.9153784329105
-12.23927,0.06827922,0.011074181216161383,306.99205498305946
-12.20607,0.06833065,0.011117877062205142,307.0687604958644
-12.17287,0.06837786,0.01115735754781337,307.14544874759116
-12.1396,0.06842077,0.011192533393857146,307.2222813757073
-12.10625,0.06847303,0.011237059239900898,307.2992813566407
-12.07292,0.06853454,0.011290839725509129,307.3762177589343
-12.03966,0.06858329,0.01133185557155289,307.4529752368708
-12.00642,0.06862373,0.01136456141759664,307.52966925087566
-11.97313,0.06867842,0.011411521903204873,307.6064612871642
-11.93987,0.06873757,0.011462937749248628,307.6831667893197
-11.90672,0.06878825,0.0115058835952924,307.7596013675297
-11.87364,0.06881939,0.011529294080900622,307.8358573907676
-11.84056,0.06884566,0.011547829926944392,307.9120962774806
-11.8073,0.06888156,0.011575995772988144,307.98873273033934
-11.77406,0.06891925,0.011605956258596374,308.0653057920414
-11.74101,0.06895024,0.01162921210464013,308.1414240071286
-11.70769,0.06898759,0.011658827950683903,308.2181467497843
-11.67445,0.06902835,0.01169185843629214,308.29466796065645
-11.64128,0.06905571,0.011711484282335899,308.3710107776993
-11.60814,0.06907611,0.011724150128379657,308.44726734134736
-11.575,0.06910135,0.01174166061398789,308.52350670625003
-11.5417,0.06914055,0.01177312646003164,308.6000968314913
-11.50844,0.06918833,0.011813172306075412,308.67657762264093
-11.47521,0.06924246,0.011859572791683634,308.75297212921976
-11.44191,0.06929909,0.011908468637727383,308.8295102161714
-11.40874,0.0693547,0.01195634448377117,308.90573224212505
-11.37547,0.06941336,0.01200727496937938,308.98216675224535
-11.34227,0.06947836,0.012064540815423151,309.0584231650648
-11.30898,0.06954931,0.012127756661466912,309.1348689657456
-11.27574,0.0696154,0.012186117147075126,309.21118263275235
-11.2426,0.06966998,0.0122329629931189,309.28724949122926
-11.20943,0.06971451,0.012269758839162648,309.3633679871581
-11.17622,0.06975088,0.012298399324770892,309.43956101398584
-11.14317,0.06978463,0.012324415170814652,309.5153698092091
-11.11,0.06982345,0.012355501016858408,309.591436657
-11.07692,0.06986766,0.012391981502466634,309.66727995314557
-11.04369,0.06990228,0.012418867348510401,309.7434499045699
-11.01061,0.06992827,0.012437123194554159,309.81925884996053
-10.9774,0.06994262,0.012443743680162385,309.89534847674923
-10.9442,0.06995906,0.012452449526206152,309.97139792819877
-10.9109,0.06998938,0.012475035372249928,310.0476591051177
-10.87761,0.07002608,0.012504005857858151,310.1238800233863
-10.84432,0.07006354,0.012533731703901901,310.20008358686545
-10.81108,0.07010761,0.01257006754994567,310.27615538049906
-10.77788,0.07015179,0.012606518035553897,310.35211836018493
-10.74474,0.07019535,0.012642343881597656,310.4279268430628
-10.71147,0.07024131,0.012680569727641415,310.5040154037381
-10.67821,0.07029249,0.01272402021324965,310.580063768264
-10.64479,0.07035132,0.012775116059293407,310.6564605210517
-10.61147,0.07041191,0.012827971905337167,310.7326112657582
-10.57832,0.07047653,0.012884862390945391,310.8083562330046
-10.54497,0.07055052,0.012951118236989162,310.88454081828405
-10.5118,0.07061759,0.013010454083032919,310.9602969357509
-10.47859,0.0706678,0.01305293456864115,311.0361271471212
-10.44542,0.07071796,0.013095360414684898,311.11184878401474
-10.41222,0.07077559,0.013145256260728683,311.1876216526787
-10.37901,0.07084583,0.013207766746336905,311.2634000756178
-10.34578,0.07091649,0.013270692592380666,311.3392068473803
-10.31261,0.0709797,0.013326168438424435,311.41485949715525
-10.27937,0.07104053,0.013379268924032656,311.49065451531635
-10.24635,0.07110155,0.013432554770076412,311.56593075043486
-10.21315,0.07115941,0.01348268061612018,311.6416001202169
-10.17998,0.07122882,0.013544361101728408,311.71718387637287
-10.14674,0.07129261,0.013600416947772177,311.79290985552586
-10.1136,0.07134666,0.013646732793815938,311.8683907941632
-10.08052,0.07140344,0.013695783279424154,311.94371792242686
-10.04741,0.07145818,0.013742789125467912,312.01909620444553
-10.01427,0.07151589,0.013792764971511676,312.09452559355435
-9.981,0.07157819,0.0138473354571199,312.17023357337
-9.94789,0.07163443,0.013895841303163667,312.2455602540101
-9.91478,0.07168034,0.013934017149207431,312.320869767029
-9.88161,0.07173745,0.013983397634815653,312.39629853721584
-9.8485,0.07180518,0.014043393480859423,312.4715736838825
-9.8152,0.07187546,0.01410593932690319,312.5472634773568
-9.782,0.0719407,0.014163449812511407,312.62270868708003
-9.74886,0.07199012,0.014205135658555176,312.6980003357242
-9.71574,0.07204197,0.01424925150459893,312.77322936265637
-9.68242,0.07210336,0.014302911990207175,312.84889533724845
-9.64925,0.07216493,0.014356747836250933,312.92420340984563
-9.61601,0.07221723,0.014401313682294685,312.9996531236536
-9.58281,0.07226195,0.01443830416790292,313.0749947721055
-9.54979,0.07231326,0.01448188001394668,313.1499108207848
-9.51659,0.07237858,0.014539465859990434,313.225218040664
-9.48351,0.07244136,0.014594516345598656,313.30023589816557
-9.45027,0.07250347,0.01464889219164242,313.3755993379392
-9.41695,0.07257468,0.014712368037686198,313.45112679262144
-9.3839,0.07264331,0.014773268523294428,313.52602505478575
-9.35069,0.07271649,0.014838714369338174,313.60126868078214
-9.31743,0.07281335,0.014927840215381946,313.67660828086764
-9.2841,0.0728999,0.015006660700990174,313.75208906469766
-9.25102,0.07296573,0.015064756547033938,313.8269864847537
-9.21788,0.073023,0.015114292393077697,313.9020025694329
-9.1848,0.0730975,0.015181062878685925,313.9768656853568
-9.1516,0.07317544,0.015251268724729684,314.0519831425553
-9.11858,0.07324733,0.01531542457077345,314.1266762154756
-9.08537,0.07332262,0.015382985056381679,314.2017818568711
-9.05229,0.07338575,0.015438380902425435,314.2765763282688
-9.01927,0.07343531,0.0154802067484692,314.3512180486634
-8.98607,0.0735077,0.015544867234077414,314.4262494448285
-8.95287,0.07360049,0.015629923080121184,314.5012635799151
-8.91972,0.07367937,0.01570106892616495,314.5761475198022
-8.8867,0.0737392,0.015753169411773182,314.6507206891512
-8.8535,0.07380266,0.015808895257816945,314.72568316058255
-8.8203,0.07387193,0.015870431103860702,314.8006283709354
-8.78731,0.07393193,0.01592270158946893,314.87508243260737
-8.75407,0.07400017,0.015983207435512695,314.95008347354684
-8.7209,0.07406838,0.016043683281556448,315.02490932197765
-8.68785,0.07412554,0.016093113767164692,315.09944733441574
-8.65489,0.07418226,0.01614209961320845,315.1737653332582
-8.62157,0.07424961,0.016201715459252204,315.2488777656558
-8.58846,0.07432387,0.016268245944860434,315.3234995783064
-8.55528,0.07440027,0.0163369117909042,315.3982619316722
-8.52208,0.07447817,0.016407077636947952,315.47305209386826
-8.48894,0.07456285,0.01648402812255618,315.54768987880624
-8.4558,0.07465765,0.016571093968599945,315.6223104649988
-8.42262,0.07475812,0.01666382981464371,315.69700388838777
-8.38948,0.07486526,0.01676324030025194,315.7715900563308
-8.35637,0.07497251,0.016862756146295704,315.84609152971285
-8.32326,0.07507259,0.016955101992339454,315.92057583547387
-8.29018,0.07515369,0.017028472477947684,315.9949755088943
-8.257,0.07524364,0.017110688323991444,316.06958287633006
-8.22392,0.0753357,0.017195014170035217,316.14394822489703
-8.19087,0.07542459,0.017276174655643448,316.21822901887543
-8.15779,0.07550257,0.017346420501687207,316.29256010993356
-8.12474,0.07558008,0.017416196347730964,316.3668066774708
-8.09169,0.07565408,0.01748246683333919,316.4410361395508
-8.05867,0.07573584,0.017556492679382953,316.5151811402175
-8.0255,0.07583484,0.017647758525426716,316.5896457685425
-7.99223,0.07594392,0.017749109011034936,316.6643175828802
-7.95924,0.07603565,0.017833104857078695,316.7383438442134
-7.92613,0.07611611,0.017905830703122474,316.8126222370369
-7.89302,0.0762022,0.017984191188730694,316.8868834622393
-7.85973,0.07629547,0.018069727034774462,316.9615310950812
-7.82677,0.0763881,0.01815462288081822,317.0354216568044
-7.79366,0.07648592,0.01824471336642644,317.1096313635885
-7.76061,0.07658485,0.0183359092124702,317.18368947091056
-7.72755,0.07667092,0.018414245058513967,317.25775287291043
-7.69444,0.0767637,0.018499295544122205,317.3319111338666
-7.66127,0.07687026,0.018598121390165964,317.406186565759
-7.6281,0.0769811,0.01870122723620972,317.4804447677537
-7.59502,0.07708853,0.018800927721817948,317.554484325493
-7.56194,0.07718802,0.01889268356786171,317.62850674670705
-7.52895,0.07727567,0.01897259941390548,317.7023107101574
-7.49587,0.07737602,0.0190652198995137,317.77629890494444
-7.46266,0.07749697,0.019178435745557457,317.850560625822
-7.42958,0.07760036,0.019274091591601226,317.92451448021484
-7.3965,0.07769431,0.01936031207720946,317.99845119808253
-7.36342,0.07780478,0.01946304792325322,318.07237077942517
-7.3304,0.0779324,0.019582933769296977,318.14613919662725
-7.29729,0.07806012,0.019702924254905198,318.22009153427575
-7.26418,0.07817339,0.019808460100948957,318.2940267043031
-7.23128,0.07826209,0.01988942594699273,318.3674759362673
-7.19814,0.07836521,0.019984816432600964,318.44144383163126
-7.16493,0.07847766,0.020089532278644726,318.5155507124846
-7.13203,0.07859111,0.020195248124688488,318.58894880945945
-7.09905,0.07867885,0.020275258610296706,318.6625083696335
-7.06615,0.07874542,0.020334094456340462,318.73587252430985
-7.03291,0.07882713,0.02040807030238423,318.8099776353768
-6.99989,0.07892822,0.02050143078799245,318.8835751481053
-6.96678,0.07902766,0.020593136634036217,318.95735611545956
-6.93367,0.07913314,0.020690882480079997,319.0311199151925
-6.90071,0.07920542,0.020755432965688214,319.1045324877129
-6.8676,0.0792855,0.02082777881173197,319.1782620299793
-6.83443,0.07941709,0.020951634657775733,319.25210796628306
-6.80135,0.07956906,0.021095875143383958,319.3257363769298
-6.76836,0.07969778,0.021216860989427717,319.3991474017885
-6.73515,0.0798035,0.021314846835471482,319.4730307675589
-6.70213,0.07993195,0.02143556732107972,319.546474310616
-6.66893,0.08007787,0.021573753167123476,319.6203009978895
-6.63606,0.08019713,0.021685279013167247,319.6933768611063
-6.6032,0.08028278,0.021763199498775462,319.7664135806208
-6.57018,0.08036241,0.021835095344819228,319.8397888932303
-6.53719,0.08046439,0.021929341190862983,319.9130804902575
-6.50404,0.08060427,0.022061491676471215,319.98671038060195
-6.47115,0.08073208,0.022181567522514975,320.0597457744148
-6.43794,0.08086021,0.022301963368558747,320.13347457059655
-6.40508,0.08099738,0.02243140385416697,320.2064093400159
-6.37187,0.08114117,0.022567459700210735,320.2801037752653
-6.33885,0.08128069,0.0226992455462545,320.35335946870487
-6.30605,0.08139719,0.022808016031862714,320.4261101825024
-6.27297,0.08150436,0.02290745187790648,320.4994648749784
-6.24004,0.08162355,0.023018907723950245,320.57246992325145
-6.20696,0.08176416,0.02315178820955848,320.6457904203823
-6.17394,0.08190773,0.023287624055602238,320.71896083998223
-6.14095,0.08203948,0.023411639901646,320.7920477301535
-6.10799,0.08218168,0.023546110387254217,320.86505113739213
-6.07484,0.08232699,0.023683686233297988,320.9384582175696
-6.04195,0.08245096,0.02379992207934175,321.0112725487465
-6.00896,0.08257655,0.023917782564949974,321.0842912497951
-5.97588,0.08272216,0.024055658410993733,321.1574920399064
-5.94295,0.08286183,0.02418759425703751,321.23034388367944
-5.90993,0.08301476,0.02433279474264574,321.3033777855037
-5.87691,0.08316895,0.024479250588689494,321.3763946129104
-5.84398,0.08332392,0.024626486434733252,321.4491954194577
-5.81102,0.08348213,0.02477696692034148,321.5220455445617
-5.77803,0.0836492,0.024936302766385247,321.5949449417686
-5.7451,0.08381313,0.025092498612429,321.66769475750175
-5.71199,0.08399741,0.025269049098037233,321.7408251129784
-5.67925,0.08417048,0.025434384944081005,321.8131213651956
-5.64623,0.08431937,0.025575540790124765,321.886018909543
-5.6133,0.084486,0.02573444127573299,321.9587007581514
-5.58049,0.08463807,0.02587877712177674,322.0311008585481
-5.54753,0.08479394,0.026026912967820504,322.10381498233994
-5.51457,0.08495022,0.026175463453428735,322.1765120937093
-5.48161,0.08511181,0.026329319299472485,322.24919219265587
-5.44875,0.08530002,0.02650979514551627,322.3216348465156
-5.41585,0.08550099,0.026703035631124486,322.3941487435279
-5.38283,0.08569585,0.02689016147716826,322.4669100855263
-5.35005,0.08586867,0.027055247323212003,322.53912568593046
-5.31731,0.08601056,0.027189407808820232,322.61123636846935
-5.28441,0.08619595,0.027367063654863993,322.6836825457534
-5.25148,0.0864149,0.027578279500907764,322.75617780964916
-5.21861,0.08661748,0.027773129986515994,322.82852404869965
-5.18581,0.08679216,0.027940075832559752,322.9006993534618
-5.153,0.08694916,0.028089341678603517,322.97287980753
-5.12013,0.08712036,0.028252812164211737,323.04517535457165
-5.08724,0.08729023,0.0284149480102555,323.1174979552982
-5.05437,0.08740826,0.028525243856299266,323.1897596527613
-5.0215,0.08750416,0.028613414341907485,323.2620044305825
-4.98863,0.08763546,0.028736980187951247,323.3342322887619
-4.95552,0.08786348,0.028957266033995017,323.40697041257687
-4.92268,0.08812008,0.02920613651960325,323.4790984252658
-4.88985,0.08829965,0.029377972365647,323.55118759343384
-4.85707,0.08837511,0.029445698211690775,323.6231501300482
-4.82423,0.08850951,0.029572368697298998,323.6952275124226
-4.79109,0.08874924,0.029804364543342746,323.76794621527125
-4.75829,0.08901057,0.030057960389386518,323.8399019252403
-4.72536,0.0892586,0.03029826087499475,323.9121258775752
-4.69267,0.08946688,0.030498806721038517,323.9838066519627
-4.65965,0.08969301,0.030717202567082283,324.0561940425008
-4.62691,0.08989959,0.030916053052690504,324.12795075116037
-4.59407,0.09008324,0.031091968898734258,324.1999097681389
-4.56114,0.09032932,0.03133031474477803,324.27204903488007
-4.52837,0.09056237,0.03155563523038625,324.34382093407055
-4.49553,0.09070773,0.03169326107643001,324.41572927444963
-4.46269,0.09080683,0.03178462692247379,324.48762072605734
-4.42979,0.09096619,0.03193625740808201,324.55962659115266
-4.39677,0.09119784,0.03216017325412577,324.6318780482304
-4.36403,0.09134838,0.032302979100169535,324.7034999761058
-4.3311,0.09156945,0.03251631958577775,324.7755206149458
-4.29823,0.09195698,0.03289611543182151,324.84739309372947
-4.26555,0.09220894,0.033140341277865276,324.91883335143643
-4.23286,0.09236187,0.03328554176347351,324.99027873740573
-4.20006,0.09257028,0.03348621760951728,325.06194771365176
-4.16731,0.09286393,0.03377213345556103,325.13349062925937
-4.1346,0.09311979,0.034020263941169256,325.20492939863726
-4.10191,0.0932963,0.03418903978721302,325.2763077479754
-4.06917,0.09344947,0.03433447563325679,325.34777849865196
-4.03639,0.09374312,0.034620396118865006,325.41931975166267
-4.00368,0.0941013,0.034970841964908767,325.4906914587631
-3.97112,0.09438682,0.03524862781095254,325.56171923255414
-3.93834,0.09467237,0.03552644829656077,325.6332101530877
-3.90575,0.09502763,0.03587397414260453,325.70427001562064
-3.87312,0.09526785,0.03610645998864829,325.77540043167573
-3.84056,0.09543309,0.03626397047425651,325.8463616342806
-3.80766,0.09574381,0.03656695632030027,325.91804696929006
-3.77522,0.09608608,0.03690149216634404,325.9887134202411
-3.7426,0.096248,0.03705568265195227,326.05975536122924
-3.70989,0.09646727,0.037267218497996024,326.1309765777513
-3.6772,0.0967098,0.0375020143440398,326.20213750725276
-3.64455,0.09713463,0.03791911482964802,326.2731946589795
-3.61195,0.09759254,0.03836929067569178,326.3441263386565
-3.57942,0.0978855,0.038654516521735544,326.41488912179
-3.54686,0.09820081,0.038962097007343766,326.4857005698194
-3.51433,0.09850551,0.03925906285338753,326.5564301948182
-3.48177,0.09876548,0.039511298699431305,326.62720845413344
-3.44911,0.09905642,0.03979450918503953,326.69818741282785
-3.41655,0.09944923,0.040179585031083286,326.7689324171435
-3.38402,0.09979058,0.04051320087712705,326.83959565964807
-3.35149,0.09991997,0.04063486136273527,326.9102423307266
-3.3188,0.10003,0.040737157208779025,326.9812197861648
-3.28612,0.10038,0.04107942305482279,327.0521588021561
-3.25346,0.10072,0.04141169354043103,327.12303769456236
-3.22078,0.10095,0.04163395938647479,327.1939432715803
-3.18825,0.10128,0.041956225232518546,327.2645067849707
-3.15556,0.10169,0.042358495718126776,327.33540067370654
-3.12328,0.10205,0.042710761564170543,327.40538898558566
-3.09059,0.10239,0.04304302741021429,327.4762496145284
-3.05815,0.10282,0.04346529789582252,327.5465517864618
-3.02565,0.10323,0.04386756374186629,327.6169674614669
-2.9933,0.10363,0.04425982958791006,327.6870417145114
-2.96089,0.10389,0.04451210007351828,327.7572295010939
-2.92848,0.10419,0.04480436591956205,327.8274008382856
-2.89589,0.10456,0.04516663176560581,327.89794530927486
-2.86357,0.10491,0.04550890225121403,327.9678889104755
-2.8311,0.1053,0.045891168097257795,328.03814065394573
-2.79869,0.10574,0.04632343394330155,328.1082461174429
-2.76637,0.10605,0.046625704428909794,328.1781405226909
-2.73393,0.10646,0.04702797027495355,328.2482779874925
-2.70155,0.10707,0.04763023612099731,328.31826929408845
-2.66939,0.10769,0.04824250660660553,328.3877688055285
-2.63719,0.10826,0.04880477245264929,328.45733853231764
-2.60518,0.10862,0.049157038298693057,328.5264816610223
-2.57292,0.10902,0.04954930878430129,328.5961485673343
-2.54073,0.10963,0.050151574630345044,328.66564806105544
-2.50856,0.11013,0.05064384047638883,328.73508816226774
-2.47664,0.11049,0.05099611096199705,328.8039726112505
-2.44429,0.11088,0.05137837680804081,328.8737687352799
-2.41216,0.11137,0.05186064265408456,328.94307398077245
-2.38002,0.11195,0.05243291313969278,329.0123846225809
-2.34801,0.11253,0.053005178985736555,329.0813988379825
-2.31603,0.11289,0.053357444831780315,329.15033234945616
-2.28377,0.11331,0.05376971531738854,329.219853179617
-2.2516,0.11399,0.0544419811634323,329.2891638289552
-2.21962,0.11459,0.05503424700947607,329.3580490576453
-2.18758,0.11493,0.0553665174950843,329.42704746601237
-2.15553,0.1154,0.055828783341128056,329.49605132598157
-2.12322,0.11603,0.05645104918717181,329.5655986853914
-2.09145,0.1164,0.05681331967278004,329.63396775290744
-2.05904,0.11679,0.05719558551882381,329.70369781399995
-2.02693,0.11746,0.05785785136486757,329.7727662038891
-1.99495,0.11811,0.0585001218504758,329.8415389163154
-1.96288,0.11879,0.05917238769651957,329.9104890894869
-1.93102,0.11935,0.059724653542563316,329.9789718165777
-1.89903,0.11999,0.06035692402817155,330.0477179840128
-1.86708,0.12075,0.061109189874215306,330.11636219610233
-1.83556,0.12134,0.061691455720259074,330.1840668935786
-1.80354,0.12182,0.062163726205867305,330.2528296563576
-1.77168,0.12267,0.06300599205191107,330.3212328843246
-1.74007,0.12355,0.06387825789795482,330.3890836545736
-1.70863,0.12417,0.06449052838356306,330.45655399898584
-1.67674,0.1248,0.06511279422960681,330.5249742314739
-1.64522,0.12566,0.06596506007565056,330.59258497651706
-1.61372,0.12651,0.06680733056125882,330.66013727777334
-1.58244,0.12728,0.06756959640730256,330.7272024089513
-1.5508,0.12806,0.06834186225334635,330.79502380158885
-1.51943,0.12886,0.06913413273895455,330.86225096328
-1.48805,0.12955,0.06981639858499832,330.92948413735644
-1.45662,0.13032,0.07057866443104208,330.996808981515
-1.42522,0.13124,0.0714909349166503,331.06405411646097
-1.39388,0.1322,0.07244320076269409,331.13115536161206
-1.36256,0.13327,0.07350546660873783,331.1981984188294
-1.33171,0.13428,0.07450773709434608,331.26422038456633
-1.30061,0.13505,0.07527000294038982,331.33076228870647
-1.26933,0.13593,0.07614226878643358,331.3976740445791
-1.23824,0.13702,0.07722453927204181,331.46416418412974
-1.20714,0.13819,0.07838680511808557,331.5306605659498
-1.17632,0.13925,0.07943907096412935,331.5965433239471
-1.14534,0.14025,0.08043134144973757,331.6627531169069
-1.1144,0.14148,0.0816536072957813,331.72886242197126
-1.08373,0.14271,0.0828758731418251,331.794380024318
-1.05299,0.14386,0.0840181436274333,331.860032380429
-1.02235,0.14497,0.08512040947347707,331.9254564377388
-0.99178,0.14613,0.08627267531952085,331.9907163761394
-0.96117,0.14739,0.08752494580512905,332.0560470419696
-0.93074,0.14874,0.08886721165117284,332.12097899150024
-0.90035,0.15,0.09011947749721658,332.1858111161408
-0.8701,0.15111,0.09122174798282481,332.2503302105018
-0.83965,0.15234,0.09244401382886859,332.31526140508083
-0.80934,0.15381,0.09390627967491236,332.37987964542526
-0.77919,0.1553,0.09538855016052056,332.4441425068507
-0.74922,0.15675,0.09683081600656433,332.5080076013363
-0.71916,0.15832,0.09839308185260809,332.5720503536432
-0.68935,0.16004,0.1001053523382163,332.63554650720187
-0.65971,0.1617,0.10175761818426009,332.69866675866547
-0.63014,0.16341,0.10345988403030384,332.7616242316346
-0.60057,0.16523,0.10527215451591207,332.824568011736
-0.57134,0.16702,0.10705442036195584,332.88677459783247
-0.54204,0.16885,0.10887668620799959,332.9491167283587
-0.51286,0.17108,0.11109895669360784,333.01119017127775
-0.48418,0.17321,0.11322122253965158,333.07218699096717
-0.45537,0.17507,0.11507348838569535,333.1334473268171
-0.4265,0.17709,0.11708575887130358,333.1948222053826
-0.39803,0.17937,0.11935802471734734,333.25533393969255
-0.36958,0.18168,0.12166029056339112,333.31579048518284
-0.34148,0.18407,0.12404256104899934,333.3754908347372
-0.31331,0.18654,0.1265048268950431,333.4353274924877
-0.28554,0.18909,0.12904709274108686,333.4943023358927
-0.25774,0.19161,0.1315593632266951,333.55332879382354
-0.23018,0.19423,0.13417162907273886,333.6118337244223
-0.20262,0.19695,0.1368838949187826,333.67032676041174
-0.17546,0.19991,0.13983616540439084,333.7279592039632
-0.14848,0.20276,0.14267843125043458,333.7851982573896
-0.12169,0.20579,0.14570069709647837,333.84202293978876
-0.09496,0.20927,0.1491729675820866,333.8987091537454
-0.06871,0.21316,0.15305523342813032,333.95436654406814
-0.04302,0.21706,0.15694749927417412,334.00882612885925
-0.01747,0.2215,0.16137976975978235,334.062978680277
0.00752,0.2272,0.16707203560582612,334.11593443721034
0.03114,0.23456,0.17442430145186985,334.1659780672521
0.05351,0.24387,0.1837265719374781,334.21336527020367
0.07332,0.25497,0.19481883778352183,334.25532298731065
0.09093,0.26676,0.2066011036295656,334.29261592948586
0.10625,0.27828,0.21811337411517387,334.32505535664063
0.11998,0.28872,0.22854563996121757,334.3541249055809
0.13322,0.2982,0.2380179058072614,334.38215421653945
0.14583,0.30696,0.2467701762928696,334.40884725417493
0.15834,0.31515,0.2549524421389133,334.4353261497197
0.171,0.32253,0.2623247079849571,334.46212004297
0.18373,0.32755,0.26733697847056537,334.4890595549381
0.19771,0.32447,0.26424924431660907,334.51864142121866
0.21608,0.3037,0.2434715101626529,334.55750793286506
0.24846,0.27005,0.20981378064826112,334.62600337553044
0.29896,0.24522,0.18497604649430485,334.73279641745114
0.35094,0.23918,0.17892831234034862,334.8426775259414
0.39708,0.24334,0.18308058282595685,334.9401779441184
0.43864,0.24988,0.1896128486720006,335.02797162846167
0.47655,0.25647,0.19619511451804433,335.10803125776334
0.51167,0.26226,0.2019773850036526,335.18217878754086
0.54469,0.26717,0.20687965084969637,335.2518750492545
0.57643,0.27167,0.21137191669574015,335.3188534838035
0.6068,0.27579,0.21548418718134832,335.38292614514086
0.63612,0.27924,0.2189264530273921,335.44476988103605
0.66521,0.28232,0.2219987188734359,335.5061151809857
0.69359,0.28545,0.22512098935904407,335.56595045470016
0.72169,0.28835,0.22801325520508786,335.6251829605488
0.74943,0.29097,0.23062552105113163,335.6836444871061
0.77714,0.29354,0.23318779153673988,335.74203075828166
0.80461,0.29611,0.2357500573827836,335.79989946951616
0.83214,0.29859,0.23822232322882742,335.8578827218497
0.85939,0.30083,0.2404545937144356,335.91526455432256
0.88689,0.3028,0.24241685956047937,335.9731610365815
0.9145,0.30478,0.24438912540652313,336.0312771907425
0.94218,0.30675,0.24635139589213137,336.08952870431676
0.96992,0.30867,0.2482636617381751,336.1478944481659
0.9977,0.31047,0.2500559275842189,336.20633227657936
1.02577,0.31253,0.2521081980698271,336.26536787195266
1.05376,0.31473,0.2543004639158709,336.32422292862265
1.08144,0.31677,0.2563327297619146,336.3824140773317
1.10948,0.31862,0.2581750002475229,336.44134981383485
1.13747,0.32012,0.2596672660935666,336.500168178453
1.16585,0.32126,0.26079953193961036,336.5597935652778
1.19447,0.3223,0.2618318024252186,336.6199104103116
1.22356,0.32335,0.2628740682712624,336.68100135425374
1.25273,0.32452,0.2640363341173061,336.74224699689375
1.28206,0.32567,0.26517860460291437,336.8038151424846
1.31151,0.32665,0.26615087044895813,336.86562163210084
1.3412,0.32743,0.26692313629500186,336.9279180594449
1.37108,0.32772,0.2672054067806101,336.99059921333117
1.4015,0.32759,0.2670676726266539,337.05439879638254
1.4323,0.3274,0.2668699384726977,337.1189805858393
1.46385,0.32753,0.2669922089583059,337.1851195810798
1.49507,0.32778,0.26723447480434964,337.25055144539266
1.5266,0.32761,0.2670567406503934,337.31661752580516
1.55873,0.32721,0.2666490111360016,337.3839247949631
1.59093,0.3268,0.26623127698204535,337.4513624837859
1.62373,0.32646,0.2658835428280891,337.52004008194604
1.65651,0.32639,0.2658058133136974,337.5886589712739
1.68932,0.32613,0.2655380791597411,337.65732380985145
1.72221,0.32546,0.2648603450057849,337.7261391529656
1.75584,0.32444,0.26383261549139314,337.7964852727531
1.78944,0.32302,0.26240488133743683,337.86675095212854
1.82378,0.32087,0.26024714718348063,337.93854588158587
1.8589,0.31814,0.25750941766908886,338.01195246288574
1.89488,0.31506,0.2544216835151326,338.08713655522126
1.93162,0.31163,0.2509839493611764,338.16388782989503
1.96907,0.30774,0.24708621984678464,338.24210056691385
2.00746,0.30292,0.24225848569282843,338.32225365704795
2.04704,0.29695,0.23628075153887212,338.40486714127667
2.08827,0.28932,0.2286430220244804,338.49089850542765
2.13112,0.27932,0.21863528787052416,338.5802819846821
2.17699,0.26671,0.2060175537165679,338.6759332048474
2.22597,0.25273,0.19202982420217615,338.7780332306878
2.2783,0.23858,0.17787209004821988,338.8870749035313
2.33296,0.22521,0.16449435589426364,339.00092588050876
2.38914,0.21319,0.15246662637987188,339.117894098773
2.44615,0.20253,0.14179889222591563,339.2365398718898
2.5034,0.19299,0.1322511580719594,339.3556338994852
2.56068,0.18469,0.12394342855756763,339.47473896745146
2.61711,0.17712,0.11636569440361139,339.59202634699113
2.6732,0.16998,0.10921796024965516,339.70855763378086
2.72859,0.16341,0.10264023073526338,339.82358626747117
2.7831,0.15756,0.09678249658130715,339.9367404948737
2.83659,0.15207,0.09128476242735092,340.04773212865604
2.88948,0.14687,0.08607703291295914,340.1574347087308
2.94127,0.14213,0.0813292987590029,340.26481325806293
2.99223,0.13766,0.07685156460504666,340.3704299318802
3.04231,0.13345,0.07263383509065491,340.47418314943434
3.09157,0.12956,0.06873610093669866,340.5761992163418
3.14012,0.12587,0.06503836678274243,340.6767077111993
3.18761,0.12231,0.06147063726835064,340.7749860756803
3.23473,0.11887,0.058022903114394404,340.8724638359062
3.28093,0.11576,0.054905168960438164,340.96800462196387
3.32661,0.11297,0.052107439446046386,341.06243719405893
3.37154,0.11043,0.049559705292090146,341.1552874421624
3.41554,0.10767,0.04679197113813392,341.2461851573608
3.45949,0.10496,0.04407424162374214,341.33694931359946
3.50276,0.10263,0.041736507469785904,341.42627960475426
3.54527,0.10038,0.03947877331582966,341.5140123347103
3.58757,0.09836919,0.037460233801437884,341.60128357390676
3.62907,0.09656981,0.035653119647481656,341.6868770628219
3.67021,0.09455352,0.03362909549352541,341.7717014334927
3.71107,0.09268794,0.031755785979133644,341.85592225253345
3.75157,0.0910126,0.030072711825177414,341.9393752374499
3.79146,0.08938692,0.028439297671221164,342.0215461672655
3.83125,0.0879475,0.02699214815682939,342.1034862785157
3.8705,0.08674704,0.025783954002873158,342.1842900689425
3.90922,0.08537178,0.024400959848916916,342.26397911210427
3.94801,0.08406409,0.02308554033452514,342.34378867942246
3.98613,0.08275902,0.021772736180568908,342.4221967804889
4.02437,0.08142033,0.02042631202661268,342.50082884298723
4.06224,0.08030241,0.019300662512220908,342.5786775144082
4.09999,0.07931716,0.018307678358264662,342.6562571520592
4.13734,0.0783282,0.017310984204308426,342.7329927907821
4.17448,0.07737368,0.01634873468991665,342.80927532199286
4.21147,0.07648063,0.015447950535960403,342.88522829503825
4.24821,0.07564511,0.014604696382004172,342.96064672336183
4.28484,0.07475103,0.013702886867612403,343.0358183045455
4.32133,0.07402513,0.012969252713656163,343.11068168805355
4.35768,0.07349125,0.012427638559699923,343.18523711388787
4.3936,0.07283296,0.011761619045308161,343.25889026488323
4.42961,0.07198483,0.010905754891351913,343.33270767759115
4.46553,0.07140989,0.010323080737395685,343.4063203674436
4.50136,0.07107285,0.00997831122300391,343.4797284863176
4.53657,0.07053834,0.00943606706904767,343.5518467705328
4.57219,0.06981684,0.008706832915091445,343.62478507546854
4.60756,0.06934655,0.00822881340069967,343.6971918003273
4.64284,0.06895044,0.007824969246743425,343.76939476763033
4.67784,0.06845284,0.007319635092787186,343.8410054352764
4.71303,0.06789525,0.006754315578395412,343.9129855065556
4.74809,0.06750443,0.006355761424439173,343.9846803817854
4.78282,0.06722722,0.006070817270482934,344.0556814551968
4.81776,0.06676227,0.005598137756091165,344.12709278660026
4.85252,0.06646935,0.005297483602134924,344.19811725875644
4.8871,0.06628956,0.005109959448178686,344.26875516560966
4.92165,0.06596721,0.00477987993378691,344.3393130888029
4.95607,0.06541774,0.004222675779830681,344.4095869383145
4.99071,0.06488404,0.0036812416258744374,344.48029122123893
5.02534,0.06483167,0.0036211421114826503,344.55095631023494
5.05955,0.06468805,0.0034697879575264212,344.62074591823443
5.09383,0.06414578,0.0029197838035701917,344.6906599451406
5.12834,0.0636957,0.002461974289178416,344.7610244688516
5.16267,0.06344426,0.0022028001352221854,344.8310034752287
5.19704,0.06336434,0.0021151459812659493,344.90104553011673
5.23122,0.06324864,0.001991716466874162,344.97068204114987
5.26524,0.06310026,0.0018356023129179333,345.03997440982306
5.29939,0.06280073,0.0015283381589616882,345.1095133358665
5.33342,0.06241022,0.0011300986445699282,345.1787897415412
5.36766,0.06218811,0.0009002544906136847,345.2484753505541
5.40178,0.06217522,0.0008796303366574512,345.3178984712714
5.43565,0.06209937,0.0007960508222656718,345.38679489207686
5.46953,0.06192182,0.0006107666683094343,345.4556936815644
5.50349,0.06190154,0.0005827525143531909,345.52473712092984
5.53731,0.06185394,0.0005274229999614258,345.59347798005734
5.57091,0.06161975,0.0002854988460051777,345.66175394067403
5.60484,0.06142137,7.938469204896159e-05,345.73068252793763
5.63863,0.06135822,8.505177657179563e-06,345.7993087889918
5.67229,0.06112685,-0.00023059897629906095,345.86765324780066
5.70622,0.060977,-0.00038818313025529294,345.9365279674298
5.73994,0.06098856,-0.0003843526446470763,346.00495854527577
5.77354,0.06082716,-0.0005534867986033143,346.0731278868496
5.80727,0.06069571,-0.0006926709525595515,346.1415431966019
5.84099,0.06074429,-0.0006518204669513153,346.20992041446976
5.87453,0.06079253,-0.0006113146209075562,346.27791496569535
5.90807,0.06066654,-0.0007450387748637946,346.3458919004921
5.9417,0.06051773,-0.000901578289255571,346.4140335546914
5.97533,0.0604459,-0.0009811424432118118,346.48215749779234
6.00896,0.06044092,-0.0009938565971680455,346.5502637297951
6.04253,0.06051569,-0.0009268161115598278,346.618230788289
6.07594,0.06044941,-0.0010008302655160617,346.6858563829014
6.1096,0.06033946,-0.0011185144194722912,346.75397032878726
6.14311,0.06044599,-0.0010197139338640679,346.8217631123034
6.1765,0.0605511,-0.0009223380878203014,346.88929563788247
6.20985,0.06057345,-0.0009077222417765429,346.9567298341139
6.24336,0.06064891,-0.0008399917561683137,347.0244700097785
6.27663,0.06075531,-0.0007413259101245531,347.0917076310515
6.30992,0.06081079,-0.0006935800640807885,347.15896832211786
6.34325,0.06086933,-0.000642769578472556,347.2262924449957
6.37645,0.06083949,-0.0006803437324287911,347.2933366826624
6.40977,0.06085497,-0.0006725978863850318,347.36060589412375
6.44313,0.06100008,-0.0005352174007768121,347.4279384435383
6.47612,0.06095128,-0.0005917515547330526,347.49450706010805
6.50957,0.06080811,-0.0007426557086892896,347.56198648259027
6.54289,0.06089265,-0.0006658452230810658,347.6291862332071
6.57609,0.06088642,-0.0006798093770373076,347.69612667564223
6.60939,0.06083944,-0.0007345235309935277,347.7632514067725
6.64278,0.0609015,-0.0006801930453853092,347.8305401204147
6.67601,0.06095433,-0.0006350971993415444,347.8974890624577
6.70933,0.06096812,-0.0006290413532977768,347.96460196614714
6.74257,0.06094768,-0.0006572108676895574,348.0315364108956
6.77592,0.06090846,-0.0007041650216458029,348.09867497084264
6.80928,0.06093895,-0.0006814091756020338,348.165816237053
6.84257,0.06096717,-0.0006609186899937947,348.2327992462757
6.87587,0.06090565,-0.000730172843950036,348.2997850139485
6.90929,0.06086186,-0.0007816969979062768,348.3669947125789
6.94261,0.06090029,-0.000750996512298048,348.4339858928173
6.97594,0.06094443,-0.0007145906662542889,348.50097978454136
7.00923,0.06088785,-0.0007789048202105284,348.56787591033964
7.04268,0.06083545,-0.0008390343346023066,348.63507607540987
7.07613,0.06098436,-0.0006978584885585434,348.70225871846685
7.10939,0.061095,-0.0005949526425147733,348.76904238307253
7.14265,0.06102155,-0.0006761321569065462,348.8358087241539
7.17607,0.06094346,-0.000761956310862788,348.9028788015504
7.2094,0.06085704,-0.0008561104648190238,348.96975083934126
7.24281,0.060816,-0.0009048799792108,349.0367659268696
7.2762,0.06088573,-0.000842884133167035,349.1037234331748
7.30952,0.06095815,-0.0007781982871232773,349.170523163004
7.34282,0.06093191,-0.0008121678015150444,349.23726542652474
7.37611,0.06085474,-0.0008970719554712778,349.30397028992763
7.40953,0.0608262,-0.0009333461094275242,349.3709181843524
7.44289,0.06085806,-0.0009092156238192997,349.43772844154705
7.47627,0.06086146,-0.0009135497777755311,349.504561309326
7.5096,0.06083888,-0.0009438639317317712,349.57127665838715
7.54289,0.0608466,-0.0009438734461235457,349.6378945758071
7.57631,0.06088416,-0.0009140476000797856,349.7047551847179
7.60963,0.06093771,-0.0008682317540360113,349.7713983197901
7.64287,0.06096318,-0.0008504912684277888,349.8378641238171
7.67613,0.06098217,-0.0008392354223840243,349.9043526009869
7.70937,0.0610035,-0.0008256395763402632,349.97078378921026
7.7426,0.06100794,-0.000828929090732039,350.0371776972292
7.77589,0.06104147,-0.0008031332446882811,350.1036741467629
7.80916,0.06110866,-0.0007436773986445114,350.17011330733925
7.84248,0.06116918,-0.0006908869130362802,350.23663494333044
7.87572,0.06120238,-0.000665421066992522,350.302979539991
7.90883,0.06121158,-0.0006639552209487531,350.3690474648836
7.94197,0.06122535,-0.000657914735340534,350.4351580610246
7.9753,0.06124671,-0.0006442888892967749,350.50163033899537
8.00856,0.06130007,-0.0005986630432530116,350.5679456694677
8.04179,0.06137198,-0.0005344825576447873,350.6341838844559
8.07494,0.06142093,-0.0004932667116010273,350.70024540349186
8.10829,0.06149194,-0.000429990865557249,350.76668811855035
8.14137,0.06154104,-0.0003886203799490298,350.8325757101159
8.17467,0.06153633,-0.0004010645339052668,350.8988841821623
8.20784,0.06152834,-0.00041678868786150514,350.9649165286443
8.24116,0.0615278,-0.00042505820225328256,351.03123013691993
8.27428,0.06150666,-0.0004539323562095243,351.0971284744709
8.30763,0.0614984,-0.0004699265101657593,351.1634670820217
8.34108,0.06153359,-0.00044246602455752515,351.2299871101151
8.3744,0.06156368,-0.0004201101785137537,351.2962311949312
8.40773,0.06156717,-0.0004243543324700047,351.36247776701487
8.44105,0.06156654,-0.0004327138468617764,351.4286870744475
8.47435,0.06156931,-0.00043767800081800923,351.49483926996686
8.50764,0.06156103,-0.0004536921547742545,351.560954242566
8.54079,0.06153718,-0.0004852716691660375,351.6267739253573
8.5742,0.06152193,-0.0005082558231222639,351.6930924288389
8.60759,0.06152204,-0.0005158799770784983,351.75935376808866
8.64094,0.06151474,-0.0005309094914702703,351.8255183008255
8.67421,0.06150768,-0.0005457036454265055,351.89150676325835
8.70769,0.0615261,-0.0005350177993827462,351.9578942459844
8.74095,0.06154929,-0.0005195573137745241,352.02382810995346
8.77434,0.06157523,-0.000501351467730761,352.0900022577292
8.80769,0.06160301,-0.0004813056216870018,352.15607970344433
8.84105,0.06163131,-0.00046073513607876315,352.2221595372474
8.87443,0.06165286,-0.0004469192900350069,352.2882615437311
8.90767,0.06166778,-0.00043973344399124425,352.3540689707897
8.9409,0.06169904,-0.00041620295838301624,352.4198393052977
8.97417,0.06172348,-0.00039949711233926155,352.48567148611096
9.0074,0.06173423,-0.00039648126629548974,352.55140721522923
9.0406,0.06175511,-0.000383330780687266,352.6170663293412
9.0739,0.06179255,-0.0003536249346435122,352.6829058727257
9.10716,0.06182822,-0.0003256890885997288,352.7486489956304
9.14049,0.06184858,-0.0003130586029915089,352.81451310524403
9.17345,0.061861,-0.0003083727569477557,352.87962894221346
9.20674,0.06187568,-0.00030142691090398466,352.945379459022
9.24004,0.06189965,-0.00028518642529576366,353.01113236405155
9.27324,0.06191409,-0.0002784805792520051,353.0766705258358
9.30638,0.06192379,-0.00027651473320824266,353.1420730308446
9.33964,0.061933,-0.0002750342476000034,353.2076950661692
9.37291,0.06193988,-0.00027588840155624156,353.27331950017276
9.4062,0.06194303,-0.0002804725555124801,353.3389660342148
9.43944,0.0619431,-0.00028813206990425944,353.4044966545685
9.47276,0.06194134,-0.00029762622386049487,353.4701676248022
9.50609,0.06194039,-0.0003063103778167403,353.5358409103001
9.53935,0.06193613,-0.00031829989220851646,353.60135892635185
9.57268,0.06194547,-0.00031669404616474495,353.66699745534584
9.60606,0.06196632,-0.0003035782001209811,353.73271701629426
9.63945,0.0619837,-0.0002939277145127539,353.79843880895146
9.67284,0.0619957,-0.0002896618684689878,353.86414314239835
9.70628,0.0619981,-0.00029499602242523404,353.92992836663734
9.73967,0.06199152,-0.0003093055368170103,353.9955977555193
9.77312,0.06199494,-0.00031361969077324525,354.0613676423957
9.8065,0.06199442,-0.0003218738447294811,354.12698242718255
9.83974,0.06198261,-0.0003414133591212454,354.1923046760147
9.87297,0.06196992,-0.000361837513077487,354.2575899782584
9.9063,0.06195442,-0.00038507166703372064,354.3230543750273
9.93965,0.06193524,-0.0004119811814254984,354.3885406421809
9.9731,0.06192341,-0.00043154533538174167,354.4542057741337
10.00658,0.06192676,-0.0004359294893379814,354.51991225298923
10.03993,0.06192139,-0.00044902900372974924,354.58534614780973
10.07335,0.06190667,-0.0004714831576859979,354.6508999128579
10.10667,0.0618999,-0.00048598731164221226,354.71624011443197
10.13997,0.06189517,-0.0004984468260339908,354.781523725765
10.17335,0.06189432,-0.0005070309799902334,354.8469467467579
10.20671,0.06189345,-0.0005156351339464654,354.91231313574133
10.24013,0.06189199,-0.0005248246483382443,354.9777796152758
10.27348,0.061896,-0.0005285488022944915,355.04309153603964
10.30675,0.06191999,-0.000512292956250722,355.1082294317457
10.34016,0.06195269,-0.0004873224706424886,355.1736239838956
10.37349,0.06198055,-0.000467196624598723,355.23884453187185
10.40672,0.06201034,-0.00044514077855496714,355.30385208032976
10.44002,0.06203711,-0.00042610029294674195,355.36897922218895
10.47328,0.06206117,-0.00040977444690298154,355.4340107993057
10.50667,0.06209391,-0.00038476860085921716,355.4992791335519
10.54002,0.06212464,-0.00036176811525099467,355.5644518508689
10.57317,0.06214091,-0.00035323226920723483,355.62921646626313
10.60625,0.0621517,-0.00035017642316346326,355.69382716914066
10.63951,0.06216601,-0.00034359593755523693,355.758772165096
10.67262,0.06216894,-0.0003484000915114707,355.82340705768775
10.70573,0.06216548,-0.0003595942454677134,355.8880247826584
10.739,0.0621647,-0.0003681037598594894,355.95293747257
10.7722,0.06216878,-0.0003717579138157248,356.0176963070628
10.8055,0.06218016,-0.00036811206777197236,356.08263285914256
10.83876,0.06217965,-0.0003763515821637309,356.1474740754166
10.87196,0.06216597,-0.0003977657361199649,356.2121810434883
10.9052,0.06215968,-0.00041178989007620986,356.2769486794768
10.93849,0.0621607,-0.0004184994044679896,356.3417963979508
10.97185,0.06215965,-0.00042728355842422405,356.4067630643319
11.00514,0.06214989,-0.0004447777123804536,356.4715760367345
11.03862,0.06213838,-0.00046401722677224394,356.53674142032054
11.07188,0.0621194,-0.0004907313807284777,356.6014612156697
11.10527,0.06210088,-0.0005169855346847108,356.66641654951826
11.13872,0.06209428,-0.0005313150490764695,356.7314710982433
11.17213,0.06208355,-0.0005497792030327159,356.7964303631901
11.20546,0.06207443,-0.0005666333569889631,356.8612166662552
11.23875,0.06205345,-0.0005953428713807232,356.9259078527656
11.27217,0.06202386,-0.0006326670253369721,356.99083420673537
11.30565,0.06200901,-0.0006552511792932009,357.05585958734684
11.3391,0.06200109,-0.0006709006936849657,357.1208091716177
11.37257,0.0619879,-0.0006918248476412148,357.18578005198964
11.40596,0.06197343,-0.0007140290015974424,357.2505781588259
11.43935,0.0619606,-0.0007345885159892249,357.31535880645185
11.47273,0.06194418,-0.0007587426699454669,357.38010260149787
11.50597,0.06192254,-0.0007881168239017022,357.44455751363176
11.53947,0.06191901,-0.000799376338293481,357.50949907949257
11.57292,0.06192939,-0.0007967304922497087,357.5743261825343
11.60619,0.06193259,-0.0008012646462059389,357.638787059345
11.63954,0.06194195,-0.0007996341605977161,357.7033855402472
11.67293,0.0619499,-0.0007994183145539624,357.7680440518343
11.70622,0.06196328,-0.0007937724685101941,357.83249153622984
11.73952,0.06198483,-0.000779951982901976,357.89694101742805
11.77281,0.06200188,-0.0007706361368582035,357.96135378703156
11.80611,0.06201441,-0.0007658402908144527,358.0257685430097
11.83937,0.06203844,-0.0007495398052062147,358.0900885899643
11.8727,0.06206732,-0.0007283939591624447,358.15452662857933
11.90599,0.06208761,-0.0007158381131186914,358.2188699685988
11.93922,0.06210702,-0.0007041576275104711,358.2830800319482
11.97252,0.06213074,-0.0006881717814667052,358.34740800877233
12.00578,0.06215291,-0.0006737359354229491,358.4116413808123
12.03896,0.06216706,-0.000667315449814708,358.47570299178705
12.07228,0.0621835,-0.0006586096037709543,358.5400175553605
12.10564,0.06220878,-0.0006410637577271769,358.6043919098908
12.13875,0.06223266,-0.000624913272118964,358.6682666102657
12.17198,0.06225421,-0.0006110974260752008,358.7323555495473
12.20521,0.06227049,-0.0006025515800314324,358.79642719654174
12.23848,0.06227975,-0.0006010210944232194,358.86055864507756
12.27174,0.06228935,-0.0005991552483794529,358.924653491426
12.30498,0.06229284,-0.0006033994023356831,358.9886924881729
12.33821,0.06229815,-0.0006058189167274519,359.05269492438794
12.37151,0.06231381,-0.0005978930706836971,359.11681483670486
12.4048,0.06231825,-0.0006011872246399277,359.1808981363969
12.43791,0.0623058,-0.0006213667390317021,359.2446177215338
12.47115,0.06229064,-0.0006442608929879481,359.3085702204149
12.5045,0.06227968,-0.0006629550469441844,359.37271696644257
12.53789,0.06227054,-0.0006798245613359594,359.4369232013441
12.57127,0.06226287,-0.0006952287152922065,359.5010927556971
12.60466,0.06226077,-0.0007050628692484226,359.5652640774069
12.63805,0.06225326,-0.000720302383640202,359.6294179399065
12.67131,0.06223924,-0.0007420565375964305,359.693304669581
12.70476,0.06223075,-0.0007582806915526763,359.75753888427107
12.73811,0.06222849,-0.0007682702059444574,359.8215636249065
12.77147,0.0622277,-0.0007767943599006899,359.88559013812625
12.80485,0.06222982,-0.0007824085138569345,359.94963759301885
12.83833,0.06223174,-0.0007882180282486953,360.0138593944109
12.87169,0.06223265,-0.0007950421822049414,360.07783355093875
12.90498,0.06223445,-0.0008009763361611771,360.14165609609296
12.9384,0.06223781,-0.0008053458505529534,360.20571041659525
12.97172,0.06223956,-0.0008113300045091837,360.26955566029176
13.00508,0.06223826,-0.0008203641584654323,360.33346013153596
13.03834,0.06223029,-0.0008360636728572055,360.3971556930477
13.07161,0.06221451,-0.0008595778268134374,360.46085307402194
13.10493,0.0622034,-0.0008784219807696711,360.5246288099127
13.13832,0.0621941,-0.0008954514951614451,360.5885210875327
13.17158,0.06218722,-0.0009100656491176778,360.6521472507772
13.20488,0.06217962,-0.0009253998030739272,360.7158325789733
13.23817,0.06217297,-0.0009397793174656874,360.77948142505016
13.27159,0.06216081,-0.0009596734714219374,360.843361368167
13.30485,0.06214401,-0.0009842076253781806,360.90691811751884
13.33827,0.06214122,-0.0009947271397699464,360.97076316317765
13.37166,0.06215715,-0.0009865312937261742,361.0345334302517
13.40495,0.0621697,-0.000981715447682406,361.0980953303454
13.43837,0.06217319,-0.0009859549620741953,361.16188798794855
13.47169,0.06217202,-0.000994859116030429,361.2254723516988
13.50493,0.06217155,-0.0010030632699866635,361.28888672839264
13.53825,0.06216734,-0.0010150027843784382,361.35243636172066
13.57161,0.06217406,-0.0010160169383346823,361.41604486772195
13.60496,0.06219938,-0.000998431092290905,361.47961688640953
13.63838,0.06222127,-0.0009842706066826787,361.543304867339
13.67161,0.062232,-0.000981274760638924,361.6066134264619
13.70488,0.06223655,-0.0009844589145951571,361.66998086857325
13.73833,0.06224892,-0.0009798184289869366,361.73367367139093
13.77165,0.06227652,-0.0009599525829431799,361.7971015186529
13.80501,0.06230114,-0.0009430667368994158,361.8605880923862
13.83827,0.06231804,-0.0009338962512911789,361.92386700907764
13.87163,0.06233199,-0.0009276804052474122,361.98731877935046
13.9048,0.06234587,-0.0009215345592036572,362.05039188439684
13.93809,0.0623594,-0.0009157340735954297,362.1136758471994
13.97133,0.06237536,-0.0009075082275516663,362.1768474447836
14.00456,0.06239929,-0.0008913123815079069,362.2399827427862
14.03795,0.06242866,-0.0008696718958996902,362.3034046152145
14.07112,0.0624463,-0.0008597660498559159,362.3663913266341
14.10432,0.06245689,-0.0008569102038121501,362.42941775195334
14.13777,0.06248288,-0.0008386497182039307,362.4929013173142
14.17113,0.06250945,-0.0008198138721601661,362.5561966235159
14.20439,0.06252375,-0.0008132480261164032,362.61928484601947
14.23762,0.06253127,-0.0008134575405081834,362.6822988638398
14.27092,0.06253523,-0.0008172316944644181,362.7454282756287
14.30415,0.06253711,-0.0008230858484206544,362.80840767244786
14.33736,0.06253304,-0.0008348853628124264,362.871331887444
14.37074,0.06253242,-0.0008432395167686513,362.93456080340434
14.40407,0.06253874,-0.0008446536707249069,362.9976775990168
14.43733,0.06254213,-0.0008489931851166643,363.0606444943487
14.47069,0.0625494,-0.0008494573390729065,363.1237833051341
14.50398,0.06255224,-0.0008543514930291624,363.1867722573697
14.53737,0.06255739,-0.0008569310074209163,363.2499329893727
14.57072,0.06256326,-0.000858795161377171,363.3130006292769
14.60402,0.06255913,-0.0008706593153333803,363.3759563367441
14.63734,0.06255362,-0.0008838988297251715,363.43893247458203
14.67067,0.06255449,-0.0008907629836814035,363.5019101189111
14.70396,0.0625506,-0.0009023871376376419,363.56479481729303
14.73723,0.06253903,-0.0009216866520294215,363.6276243965893
14.77058,0.06252672,-0.0009417308059856688,363.69058765741005
14.80391,0.06252225,-0.0009539349599418934,363.75349575741416
14.83726,0.06251723,-0.000966684474333665,363.8164241938715
14.87056,0.06250954,-0.0009821086282899016,363.8792409065926
14.90388,0.0625047,-0.0009946827822461396,363.94207796620407
14.93733,0.06251134,-0.0009957722966379146,364.00514270044874
14.97063,0.06251229,-0.0010025564505941609,364.0679072288664
15.00398,0.06251404,-0.0010085406045503842,364.1307485939697
15.0374,0.06252787,-0.0010024401189421689,364.1937043877092
15.07069,0.06254087,-0.0009971742728984156,364.2563979018942
15.10411,0.06255276,-0.0009930184268546333,364.3193187824749
15.13734,0.06256764,-0.0009858679412464155,364.38186460238205
15.17076,0.062583,-0.0009782420952026416,364.4447506012054
15.20412,0.0626,-0.0009689762491588844,364.50750625525046
15.23735,0.06260691,-0.0009697957635506627,364.5700000317738
15.27071,0.06261425,-0.0009701899175069001,364.632720898031
15.30397,0.06262306,-0.000969114071463148,364.69523640253215
15.33717,0.06262564,-0.0009742635858549092,364.7576218543424
15.3705,0.06262491,-0.0009827277398111317,364.8202342239425
15.40379,0.06261893,-0.0009964418937673802,364.88275408596917
15.43706,0.06260442,-0.0010186814081591666,364.9452190480966
15.47032,0.06259223,-0.001038605562115394,365.00764790893425
15.50355,0.06259178,-0.0010467897160716388,365.0700031598225
15.53694,0.06259961,-0.0010466892304634157,365.1326412292671
15.5703,0.06260645,-0.0010475833844196536,365.19520558443526
15.60353,0.06261023,-0.0010515375383758768,365.2575088075512
15.63679,0.06261737,-0.0010521270527676374,365.3198509622229
15.67006,0.06262409,-0.0010531412067238954,365.3821945294398
15.70344,0.06263047,-0.001054495360680141,365.444726802063
15.73689,0.06264618,-0.0010465148750719022,365.50737270519153
15.77019,0.06267014,-0.0010302890290281447,365.5697202806594
15.80354,0.06269833,-0.0010098331829843793,365.6321440667576
15.83672,0.06272075,-0.0009951426973761335,365.6942323661938
15.87013,0.06273531,-0.0009883168513323826,365.75673363472174
15.9034,0.06274883,-0.0009825310052886116,365.8189556298852
15.93663,0.06275401,-0.0009850805196803952,365.8810855138235
15.97002,0.06276138,-0.0009854446736366346,365.9434971311928
16.00331,0.0627765,-0.000978058827592873,366.00570445061373
16.03667,0.06279156,-0.000970728341984653,366.06802516588596
16.06996,0.06279276,-0.0009772624959408782,366.1301977392354
16.10304,0.06278188,-0.000995876649897115,366.19196092459833
16.13637,0.06278284,-0.001002646164288884,366.25417355003685
16.16966,0.06279239,-0.0010008303182451328,366.3162941476429
16.20302,0.06278922,-0.0010117344722013616,366.37852795874727
16.23634,0.06278301,-0.0010256739865931452,366.4406697524565
16.26976,0.06279288,-0.001023538140549396,366.50298058171705
16.30308,0.06279854,-0.0010256122945056234,366.56508755108155
16.33644,0.06280056,-0.0010313218088973813,366.6272516612297
16.36989,0.06281514,-0.0010244759628536132,366.68956598186725
16.40327,0.06282642,-0.0010209301168098706,366.75173243179466
16.4366,0.06282299,-0.0010320896312016464,366.8137883528452
16.46977,0.06281345,-0.0010493637851578669,366.87552910423176
16.50331,0.0628156,-0.0010549479391141203,366.9379410333138
16.53673,0.06283077,-0.0010475074535059026,367.0001121419026
16.57005,0.06283457,-0.0010514416074621225,367.06207980867043
16.60335,0.06283548,-0.0010582657614183616,367.12399290952783
16.63664,0.06284231,-0.0010591652758101394,367.18587006046647
16.66994,0.06284917,-0.001060039429766374,367.24774843610385
16.70329,0.06285646,-0.001060483583722599,367.3097023178673
16.73665,0.06287186,-0.0010528130981143913,367.37165735126786
16.77,0.06288149,-0.0010509172520706267,367.433576393
16.80339,0.06289261,-0.0010475314060268553,367.49555225169684
16.83668,0.06290583,-0.0010420409204186243,367.55732511750267
16.87001,0.06291647,-0.001039135074374864,367.6191548211572
16.90337,0.0629314,-0.0010319392283311135,367.6810227570955
16.93663,0.06294698,-0.0010240887427228756,367.74268788802345
16.96995,0.06296252,-0.001016282896679127,367.8044468904904
17.00313,0.06298085,-0.0010056870506353482,367.8659291246903
17.03642,0.06299082,-0.0010034465650271274,367.92759786175964
17.06966,0.06300382,-0.0009981807189833741,367.9891566596029
17.10301,0.06302623,-0.0009835048729395918,368.0509017831994
17.13631,0.06304552,-0.0009719443873313777,368.11253695714197
17.16954,0.0630633,-0.0009618985412876147,368.17402525715517
17.2028,0.06308572,-0.0009472126952438514,368.2355517530129
17.23607,0.06310034,-0.0009403222096356217,368.29707941617846
17.26933,0.0630982,-0.0009501963635918653,368.35857125977924
17.30257,0.06309591,-0.0009602205175480993,368.4200088190237
17.3358,0.06309585,-0.0009680100319398727,368.48141060035886
17.36916,0.06308834,-0.000983254185896107,368.5430351994032
17.40233,0.06306832,-0.0010110083398523484,368.60429153977174
17.43565,0.06304659,-0.0010404678542441231,368.66580754407687
17.46895,0.0630241,-0.001070692008200369,368.7272692535775
17.50218,0.06300724,-0.0010952861621565946,368.78858445378876
17.5356,0.06300371,-0.0011065456765483733,368.8502327965712
17.56905,0.06300268,-0.0011153098305046044,368.9119189648234
17.60225,0.06300134,-0.0011243839844608389,368.97312677436065
17.63563,0.06300849,-0.0011249634988526186,369.03464903175933
17.66914,0.06301975,-0.0011214376528088515,369.0963933397009
17.70253,0.06303278,-0.0011161418067651002,369.157899049421
17.73598,0.06305038,-0.0011062713211568709,369.21949777523207
17.76924,0.06305566,-0.0011087254751131065,369.2807292399095
17.80254,0.0630499,-0.001122219629069346,369.34201698956406
17.83595,0.06305198,-0.0011278691434611215,369.40348973988847
17.86919,0.06305338,-0.001134203297417341,369.46463235166476
17.90242,0.06304732,-0.0011479974513735752,369.5257392742644
17.93578,0.06304946,-0.0011535869657653686,369.5870678610483
17.96913,0.06305954,-0.001151241119721605,369.6483606439475
18.00246,0.0630678,-0.0011507152736778409,369.709599267816
18.03575,0.06308521,-0.0011410347880696226,369.7707470327707
18.06908,0.06310714,-0.0011268389420258512,369.83195088447667
18.10249,0.06312472,-0.001116993095982094,369.8932841809132
18.13579,0.06313562,-0.0011138226103738491,369.9543981480243
18.16911,0.0631476,-0.0011095767643301002,370.01553143935587
18.20244,0.06316134,-0.001103570918286334,370.0766656841034
18.23567,0.06316501,-0.001107630432678114,370.13759918946823
18.26891,0.06317894,-0.0011014345866343506,370.19853373163517
18.3022,0.06320007,-0.0010880387405905884,370.25954259050275
18.3354,0.06321107,-0.0010847682549823545,370.32036922655726
18.36864,0.06321985,-0.0010837224089386005,370.3812518554297
18.40184,0.06323828,-0.0010730265628948327,370.4420439485308
18.43523,0.06325911,-0.0010599260772866104,370.5031665386528
18.46843,0.06327467,-0.0010521002312428307,370.5639240108139
18.50175,0.06328804,-0.001046464385199078,370.6248837335207
18.53517,0.06331269,-0.001029543899590854,370.6860089441467
18.56831,0.0633375,-0.001012468053547086,370.7466047631147
18.60158,0.06335864,-0.000999062207503329,370.8074209843732
18.63493,0.06338335,-0.000982081721895095,370.86836604589865
18.66826,0.06340609,-0.0009670758758513337,370.9292571569219
18.70149,0.06342392,-0.0009569800298075831,370.9899482580366
18.73479,0.06344523,-0.0009433995441993498,371.0507498598257
18.76805,0.06346012,-0.0009362436981555922,371.11146109271647
18.80135,0.06347261,-0.0009314878521118342,371.1722279849299
18.83473,0.06349427,-0.0009175573665035908,371.2331234358262
18.86797,0.06351005,-0.0009095115204598297,371.29374614425944
18.9012,0.06352083,-0.0009064656744160737,371.3543333199248
18.93437,0.0635333,-0.0009017251888078365,371.4147938540653
18.96773,0.06354381,-0.0008989493427640771,371.47558333200686
19.00105,0.06354735,-0.0009031434967203267,371.5362825243675
19.03435,0.06354785,-0.0009103730111120895,371.59692791220687
19.06767,0.06355792,-0.0009080371650683344,371.65759234283775
19.10106,0.06357744,-0.0008962513190245575,371.71836677884227
19.13444,0.06359388,-0.000887540833416342,371.7791055620905
19.1678,0.06360955,-0.0008796049873725786,371.8397905199428
19.20106,0.06362998,-0.0008669091413288088,371.9002762188822
19.23436,0.06363224,-0.000872378655720582,371.96081730590686
19.26765,0.06364802,-0.0008643328096768349,372.0213228550288
19.30107,0.06366146,-0.0008586269636330635,372.08204722637544
19.33443,0.06367733,-0.0008504864780248256,372.14264513378305
19.36766,0.06368519,-0.000850360631981073,372.2029895721541
19.40083,0.06369097,-0.0008523147859373081,372.2632078072859
19.43413,0.06370211,-0.0008489043003290786,372.3236447186505
19.46739,0.063715,-0.0008437484542853368,372.3839916991833
19.50059,0.06372079,-0.0008456926082415633,372.4442125389744
19.53386,0.06372467,-0.0008495421226333427,372.5045430347082
19.56731,0.06373812,-0.0008438262765895904,372.5651824604194
19.60069,0.06376814,-0.000821540430545803,372.62567752043213
19.63402,0.06379651,-0.0008008999449375803,372.6860645551481
19.66753,0.06380797,-0.0007971740988938075,372.746760174764
19.70076,0.0638122,-0.0008006782528500594,372.8069312739574
19.73418,0.06380633,-0.0008142777672418416,372.8674289740671
19.76735,0.06379353,-0.000834811921198067,372.92745682324386
19.8004,0.06377956,-0.0008565160751543149,372.9872503715473
19.8336,0.06376175,-0.0008820555895460713,373.0472980754432
19.86681,0.06371187,-0.0009396697435023055,373.10734659711915
