Temp./°C,DSC/(mW/mg),DSC/(mW/mg) corr,melting enthalpy/(J/g)
-57.50429,0.0408994,-1.8161042114266113e-05,186.35660891539592
-57.47122,0.04088344,-4.6467225768669074e-05,186.4564557855018
-57.43797,0.04087637,-6.587600319411802e-05,186.55682885584534
-57.40471,0.04087561,-7.898218684850022e-05,186.65721479265852
-57.37152,0.04086536,-0.00010157837050289026,186.75737218532558
-57.33815,0.04086799,-0.00011128714792834477,186.8580553723419
-57.30483,0.04087278,-0.00011884333158274779,186.95857030139473
-57.27153,0.04086117,-0.00014279951523714363,187.0590075269248
-57.23819,0.04085806,-0.00015824829266258833,187.15954800125215
-57.20483,0.04087514,-0.00015351447631699322,187.26013136517466
-57.17137,0.04090485,-0.00013615065997137077,187.3609987316899
-57.13797,0.04092257,-0.000130769437396816,187.4616677389054
-57.1046,0.04093548,-0.00013020562105121175,187.5622288787172
-57.07115,0.04096302,-0.00011501180470561284,187.66301359901487
-57.03777,0.04098766,-0.00010271058213106449,187.76356994253422
-57.00447,0.04100411,-9.860676578545696e-05,187.86386790214956
-56.97104,0.04104028,-7.478294943986247e-05,187.96453994832305
-56.93776,0.04106799,-5.9411726865313264e-05,188.06474289680818
-56.90456,0.04105926,-8.048791051969151e-05,188.16468769094612
-56.87123,0.04105177,-0.00010032409417408406,188.26500647258803
-56.83797,0.04106996,-9.447287159953383e-05,188.3650972219654
-56.80458,0.04110754,-6.923905525393903e-05,188.46556176071482
-56.7713,0.04114351,-4.561523890832947e-05,188.56567795610735
-56.73799,0.04116292,-3.8544016333783016e-05,188.66586703265003
-56.70467,0.04117733,-3.648019998818419e-05,188.76606880349632
-56.67143,0.04117911,-4.704638364256414e-05,188.86601267034249
-56.63817,0.04119023,-4.826516106800488e-05,188.96599935357014
-56.60477,0.04123182,-1.902134472240441e-05,189.0663894737248
-56.57144,0.04127308,9.892471623189347e-06,189.16655178063573
-56.53812,0.04128932,1.3793694197739015e-05,189.26666664715768
-56.5049,0.04129827,1.0397510543345978e-05,189.36646374100172
-56.47168,0.04130744,7.221326888948165e-06,189.46624355296464
-56.43843,0.04132283,1.0272549463494207e-05,189.5660961678279
-56.40509,0.0413418,1.689636580912146e-05,189.6662016769796
-56.37181,0.04136721,2.9960182154724346e-05,189.76610967224613
-56.33849,0.04139331,4.372140472927444e-05,189.86612037359083
-56.30531,0.04140386,4.19252210748719e-05,189.96569358524457
-56.27211,0.04140797,3.368903742047985e-05,190.06530956103808
-56.23883,0.04142536,3.874025999502789e-05,190.1651482518095
-56.20552,0.04145144,5.2474076340625064e-05,190.26505957357676
-56.17235,0.04146611,5.479789268625357e-05,190.36453370758886
-56.13902,0.04148165,5.7999115260803924e-05,190.46447031383204
-56.10576,0.041514,7.800293160640376e-05,190.5641796904594
-56.07243,0.04154142,9.307674795200338e-05,190.66408154019865
-56.03922,0.04155724,9.655797052655901e-05,190.76360640462826
-56.006,0.04157781,0.00010478178687215595,190.86314395812002
-55.97279,0.04160672,0.0001213456032177554,190.96263427439249
-55.93953,0.04162755,0.00012983682579230382,191.0622570698584
-55.90634,0.04163782,0.0001277606421379307,191.16165292730847
-55.87311,0.04164274,0.00012033445848352864,191.26115129300547
-55.83987,0.04163963,0.000104885681058077,191.36066230093968
-55.8067,0.04161732,7.022949740367879e-05,191.4599465009113
-55.77347,0.04160077,4.1333313749288e-05,191.55939301576575
-55.7402,0.04161432,4.2544536323838034e-05,191.65894191400676
-55.70686,0.04161786,3.373835266943376e-05,191.75868287420334
-55.67375,0.04159985,3.382169015062053e-06,191.8577185321407
-55.64038,0.04159115,-1.765660841038935e-05,191.95751450835738
-55.607,0.04159013,-3.1022792064787363e-05,192.05732294433002
-55.57367,0.04157979,-5.3708975719192475e-05,192.15696446738454
-55.54025,0.04157628,-6.95577531446348e-05,192.2568575824106
-55.5069,0.04158073,-7.745393679903234e-05,192.35652403021368
-55.47344,0.04158004,-9.049012045343752e-05,192.45650170925498
-55.44019,0.04156628,-0.0001165888978788901,192.55583454554136
-55.40698,0.04155485,-0.00014036508153326271,192.6550306017993
-55.37347,0.04156605,-0.00014151126518766044,192.75510523184576
-55.34023,0.04158206,-0.0001378400426131146,192.85435615797383
-55.30695,0.04158905,-0.00014319622626750295,192.95370918569145
-55.27356,0.04160595,-0.0001386424099219033,193.0533731733737
-55.24025,0.04161512,-0.00014181118734735848,193.15278097691063
-55.20689,0.04162647,-0.00014280737100175883,193.25232058181348
-55.17346,0.04165907,-0.000122553554656131,193.35205157005035
-55.14018,0.04169272,-0.0001012423320815789,193.45131768311435
-55.10687,0.04171695,-8.935851573597942e-05,193.55065591102823
-55.07364,0.04174329,-7.536469939037338e-05,193.6497382470876
-55.04034,0.04177255,-5.844347681582818e-05,193.7490119561188
-55.00713,0.04180473,-3.860966047022907e-05,193.8480000629471
-54.97383,0.04184559,-1.0095844124625997e-05,193.94723908847652
-54.94051,0.04189336,2.5335378449925505e-05,194.04652033615938
-54.90711,0.04194624,6.586919479555087e-05,194.1460225054371
-54.87389,0.04199298,0.00010026301114114677,194.2449711067776
-54.84065,0.04202551,0.00012045423371569858,194.34396198233188
-54.80734,0.04207097,0.00015356805006130209,194.44314396503404
-54.77411,0.04211105,0.00018130186640689938,194.54207043113283
-54.74094,0.04212443,0.0001823430889814487,194.64080103038543
-54.70775,0.0421264,0.000171966905327052,194.7395739142106
-54.67455,0.04214075,0.00017397072167267547,194.8383592993894
-54.64137,0.04217143,0.00019231194424722958,194.9370679298159
-54.60814,0.04220134,0.0002098757605928231,195.03590802814736
-54.57484,0.0422078,0.00020398957693842923,195.1349389891696
-54.54166,0.04221311,0.00019696079951297962,195.23359581039963
-54.50836,0.04222304,0.00019454461585858424,195.33259210356442
-54.47527,0.04222386,0.00018301843220418224,195.4309468944842
-54.44188,0.04223846,0.0001852796547787347,195.53017600717365
-54.40849,0.04226874,0.0002032134711243555,195.62938766065284
-54.3752,0.04229113,0.00021325728746995898,195.72828480343682
-54.34212,0.04229741,0.00020719851004450535,195.82654089228086
-54.30885,0.04229326,0.0001907023263901103,195.9253440454348
-54.27554,0.04229652,0.0001816161427357077,196.02424862285676
-54.24214,0.04231503,0.00018778736531025603,196.1234029835657
-54.20885,0.04234113,0.0002015411816558635,196.2222134045349
-54.17555,0.04236294,0.00021100499800148775,196.32103614460647
-54.14224,0.0423885,0.00022422622057603758,196.41987118813614
-54.1089,0.04241956,0.0002429400369216364,196.51877784638566
-54.07561,0.04244681,0.00025784385326724224,196.6175188064915
-54.04234,0.04245644,0.0002551350758417878,196.71618310575008
-54.009,0.04247014,0.00025648889218739257,196.81503760576996
-53.97559,0.04250364,0.0002776427085329977,196.91408219690936
-53.94222,0.04253365,0.00029531393110754367,197.01299075852268
-53.90892,0.04255264,0.00030195774745316734,197.11167445691513
-53.8756,0.04256919,0.00030616156379876386,197.21040004393126
-53.84229,0.04258572,0.0003103527863733205,197.30907862316272
-53.80902,0.04259664,0.0003089266027189175,197.40762136078806
-53.77573,0.04260547,0.0003054104190645182,197.50620598703236
-53.74243,0.04263054,0.0003181416416390692,197.6048028645526
-53.70905,0.04265444,0.00032969545798467587,197.70361918360348
-53.67586,0.04267101,0.00033391927433029656,197.80185573702894
-53.64258,0.04269613,0.00034670049690484206,197.90034135368836
-53.60925,0.04272332,0.0003615443132504517,197.99895755204562
-53.576,0.04274016,0.00036603812959604826,198.09731971392006
-53.54279,0.04274599,0.00035952935217059556,198.1955462634945
-53.50949,0.04277769,0.0003788831685161975,198.29402166792943
-53.4762,0.04281894,0.0004077869848618035,198.39245014277478
-53.44299,0.04284533,0.0004218382074363536,198.490624789503
-53.40976,0.04288359,0.0004477520237819721,198.588841272693
-53.3765,0.04292373,0.00047554584012757944,198.68712910988253
-53.34325,0.04292822,0.00046769706270213124,198.78537007999557
-53.31015,0.04291765,0.00044478087904772923,198.88315066163386
-53.2767,0.04292816,0.0004429446953933269,198.9819477465713
-53.24336,0.04295449,0.00045693591796788086,199.08040250257847
-53.21022,0.04296307,0.00045316973431348134,199.17824939752904
-53.17699,0.04296848,0.00044623355065910586,199.27634475144745
-53.14368,0.04298679,0.00045220477323364844,199.37465891153096
-53.11049,0.04297674,0.0004298085895792572,199.47260161084603
-53.07726,0.0429503,0.00039102240592485404,199.57064506708753
-53.04382,0.04294535,0.0003737336284994064,199.6692906612936
-53.01038,0.04294679,0.0003628274448450042,199.76791874396133
-52.97707,0.04294838,0.0003520712611906132,199.86614599450425
-52.94374,0.04294775,0.0003391024837651607,199.9644148313811
-52.9104,0.04293429,0.0003132963001107811,200.06269574750718
-52.87717,0.04291383,0.0002804901164563875,200.1606350805543
-52.84392,0.04288979,0.00024411133903093352,200.25861605203312
-52.81055,0.04287691,0.00021888515537653308,200.35693323210143
-52.7771,0.04287621,0.00020583897172213317,200.45546861306974
-52.74378,0.04286785,0.00018514019429669015,200.5536036263698
-52.71028,0.0428623,0.00016724401064228955,200.6522512535781
-52.67699,0.04286844,0.00016103782698791147,200.75026308314747
-52.64365,0.0428674,0.00014765904956245968,200.84840472792482
-52.61031,0.04286865,0.00013656286590806727,200.94652896574155
-52.57692,0.04287627,0.00013183668225366652,201.0447829143455
-52.54367,0.04289087,0.00013409790482821204,201.14260754715053
-52.51033,0.04291528,0.00014616172117382087,201.24067958496929
-52.47702,0.0429366,0.00015513553751941855,201.33864599213044
-52.44362,0.04297042,0.00017661676009397137,201.43685964774454
-52.41025,0.04302501,0.00021886057643959178,201.53496764136068
-52.37697,0.04306686,0.0002483643927851942,201.63279366663755
-52.3437,0.04308224,0.0002514056153597455,201.73057296052727
-52.31035,0.04310127,0.00025808943170534115,201.82856997493082
-52.27704,0.04312161,0.00026608324805094813,201.9264320656047
-52.24378,0.04312535,0.0002574844706254992,202.0241299237698
-52.21057,0.04311561,0.00023539828697109744,202.12166362755406
-52.17726,0.04311047,0.00021791210331671695,202.21947366952753
-52.144,0.04309471,0.00018981332589127625,202.31711955712
-52.11092,0.04305018,0.0001329371422368747,202.41421981118071
-52.07759,0.04301539,8.580095858247427e-05,202.51203656297062
-52.04427,0.04299601,5.4082181157023845e-05,202.60980657810845
-52.01091,0.04297328,1.90059975026316e-05,202.70767654681
-51.97763,0.04293971,-2.6910186151772597e-05,202.80529445013568
-51.94426,0.04291077,-6.818896357722176e-05,202.90315892940035
-51.91095,0.04288287,-0.00010843514723159892,203.0008300548634
-51.87766,0.04283838,-0.00016527133088599377,203.09842517659808
-51.84416,0.04280031,-0.00021568010831144596,203.1966184285932
-51.81076,0.04278582,-0.0002425162919658455,203.29450107058136
-51.77744,0.04276165,-0.0002790324756202431,203.39213185617328
-51.74402,0.04273078,-0.00032224125304568946,203.49003818689607
-51.71059,0.0426991,-0.0003662674367000962,203.5879563149004
-51.67714,0.04267033,-0.0004073836203544734,203.6859155071217
-51.64375,0.04263992,-0.00045013239777991904,203.7836815128906
-51.61043,0.04261085,-0.0004915485814343187,203.88122515413423
-51.57687,0.04260236,-0.0005123847650887192,203.97945381625433
-51.54344,0.04261081,-0.0005162735425141701,204.07728443892694
-51.51018,0.04258893,-0.0005504997261685657,204.17460020035836
-51.47673,0.04255942,-0.0005923559098229628,204.27245441241058
-51.44331,0.04254925,-0.0006148646872484176,204.37020336438977
-51.4099,0.04255027,-0.0006261908709027861,204.46790558498174
-51.3764,0.04255728,-0.0006315270545571849,204.56585344540323
-51.34303,0.04255587,-0.0006452758319826363,204.66340373738157
-51.30966,0.04254868,-0.000664812015637041,204.76093659105885
-51.27629,0.04253654,-0.0006892981992914354,204.85845200643507
-51.24307,0.0425143,-0.0007238769767168862,204.9555117637151
-51.20964,0.04250123,-0.0007492931603712838,205.0531676374812
-51.17632,0.04250052,-0.0007623493440256576,205.150484763947
-51.14293,0.0424997,-0.0007755081214511073,205.24798889724823
-51.1097,0.0424963,-0.0007912543051055085,205.3450084710753
-51.07639,0.04247922,-0.0008206804887599117,205.44224426116665
-51.04306,0.04246673,-0.0008455092661853528,205.53952104229904
-51.00967,0.04247066,-0.0008539254498397542,205.6369554956253
-50.97638,0.04247681,-0.0008601216334941583,205.73408076080855
-50.94302,0.04247373,-0.0008755404109196049,205.8313928449793
-50.9097,0.04248245,-0.000879166594573981,205.92857085147534
-50.87631,0.04247942,-0.0008945427782283827,206.02593557253795
-50.84305,0.04246756,-0.0009187415556538292,206.12290385824141
-50.80986,0.04246001,-0.0009386377393082249,206.21965079269052
-50.77654,0.0424589,-0.0009520939229626241,206.31675931747037
-50.74313,0.04245781,-0.0009655227003880773,206.41411268359823
-50.70995,0.0424499,-0.0009857788840424778,206.51077855291047
-50.67658,0.04243655,-0.001011475067696846,206.6079805753132
-50.64327,0.04241989,-0.0010404738451222986,206.70499043502662
-50.60997,0.04240664,-0.0010660700287766986,206.80195380357094
-50.57661,0.04241719,-0.0010678662124310942,206.89907446870882
-50.5432,0.04242292,-0.0010744749898565428,206.9963232313408
-50.50992,0.04240666,-0.0011030811735109475,207.09317621587792
-50.47655,0.04238486,-0.0011372273571653435,207.19027370776342
-50.44316,0.04236593,-0.0011684961345907949,207.28741194014876
-50.40979,0.04234748,-0.001199292318245171,207.38447454498075
-50.37642,0.04233895,-0.0012201685018995712,207.48151971151162
-50.343,0.04233689,-0.0012345672793250204,207.57869280832998
-50.30962,0.04231935,-0.0012644534629794174,207.67573214061738
-50.27643,0.0422814,-0.0013147496466338199,207.77220182194344
-50.24318,0.04225073,-0.0013577584240592674,207.86882860110794
-50.20972,0.04224458,-0.0013762546077136714,207.96604817719415
-50.17636,0.04225359,-0.0013795907913680405,208.06295974468767
-50.14296,0.04227535,-0.001370169568793489,208.1599700538926
-50.1096,0.04229717,-0.0013606957524478908,208.25684674478723
-50.07628,0.04230345,-0.001366761936102287,208.35358988006135
-50.04294,0.04230992,-0.0013726307135277366,208.45037368270468
-50.00955,0.04232922,-0.0013656768971821373,208.54728518588448
-49.97607,0.04235141,-0.0013558330808365396,208.6444403761905
-49.94278,0.04237781,-0.0013417718582619809,208.74102680357464
-49.9095,0.04239284,-0.0013390880419163614,208.8375668703425
-49.87622,0.04239808,-0.0013461942255707654,208.93408959274586
-49.843,0.04238898,-0.0013676330029962144,209.03042099832996
-49.80985,0.04237511,-0.0013938491866506073,209.1265321905139
-49.77646,0.04238041,-0.001400895370305008,209.22332181386963
-49.74323,0.04239556,-0.0013980841477304606,209.31963030157846
-49.70995,0.04240147,-0.0014045203313848564,209.41606636991048
-49.67659,0.04241237,-0.001405966515039235,209.51271684875996
-49.64328,0.04241849,-0.0014121852924646808,209.60920507908972
-49.61009,0.0424215,-0.0014215214761190836,209.70532842660256
-49.57663,0.04243333,-0.00142203765977348,209.8022162739115
-49.54327,0.04246229,-0.0014054164371989294,209.8987971040466
-49.50996,0.04249779,-0.0013822626208533292,209.99521579005147
-49.47675,0.0425114,-0.0013809988045077257,210.09132771989562
-49.44342,0.0425024,-0.0014023375819331718,210.18776957244918
-49.41014,0.04249685,-0.0014202337655875516,210.2840493903625
-49.37695,0.04250065,-0.001428779949241954,210.38005156210147
-49.34358,0.04249858,-0.001443188726667398,210.47655699309558
-49.31029,0.04249747,-0.001456644910321797,210.57281368990746
-49.27699,0.04250627,-0.0014601910939762014,210.6690819387074
-49.24373,0.04251113,-0.00146766987140165,210.76521721603
-49.21051,0.04250134,-0.0014898060550560463,210.8612195843774
-49.1772,0.04249128,-0.0015122122387104253,210.95746469125282
-49.14372,0.04249145,-0.0015243810161358756,211.05418348311733
-49.1104,0.04249823,-0.0015299471997902714,211.15042263070723
-49.07709,0.04250265,-0.001537873383444667,211.2466155167428
-49.04367,0.04251852,-0.0015343421608701238,211.34310859985055
-49.01033,0.04252626,-0.0015389483445245183,211.43935327226927
-48.97705,0.04252098,-0.0015565745281789153,211.53540737891947
-48.94376,0.04252036,-0.0015695333056043662,211.63147299579862
-48.91042,0.04252113,-0.0015811094892587488,211.7276655047668
-48.87708,0.04253156,-0.0015830256729131367,211.82384060677427
-48.84372,0.04256324,-0.0015636844503385885,211.9200559796774
-48.8103,0.04259786,-0.00154141063399299,212.01642692691536
-48.77701,0.04261139,-0.001540226817647393,212.11240561345107
-48.74373,0.04261522,-0.0015487355950728407,212.20833812193
-48.71033,0.04263724,-0.0015390617787272368,212.30459910260933
-48.67703,0.04265494,-0.0015337079623816141,212.40055448546835
-48.64378,0.04266257,-0.0015384167398070706,212.49634846504986
-48.61043,0.04268046,-0.0015328729234614577,212.59241315553422
-48.57712,0.04270049,-0.001525189107115861,212.68834523991882
-48.5439,0.04271561,-0.0015224078845413117,212.78400082094566
-48.51068,0.04273108,-0.0015192840681957157,212.87963912009138
-48.47734,0.04275635,-0.0015063602518501085,212.97560551608606
-48.44405,0.04277972,-0.0014953290292755578,213.07141062344843
-48.41071,0.04279552,-0.0014918752129299412,213.16734223162695
-48.37743,0.04281508,-0.00148466139658434,213.26308383743964
-48.34415,0.04282526,-0.0014868201740097856,213.3588080988878
-48.31088,0.04282263,-0.0015017963576641827,213.45448626048847
-48.27754,0.04281976,-0.0015170125413185853,213.550348340024
-48.24429,0.04281016,-0.001538951318744028,213.64593430715988
-48.21111,0.04279124,-0.0015702175023984272,213.74130178220668
-48.17783,0.04277692,-0.0015968836860528052,213.83693936352532
-48.14449,0.04276858,-0.0016175624634782587,213.93273197707043
-48.11118,0.04274815,-0.0016503386471326542,214.02842101102956
-48.0779,0.04272765,-0.0016831848307870545,214.1240065123497
-48.04446,0.0427168,-0.0017063736082125053,214.22003408970474
-48.01111,0.04270961,-0.0017259097918668961,214.31578577872665
-47.9778,0.04270399,-0.0017438759755213015,214.4114052370628
-47.9444,0.04270365,-0.001756554752946747,214.50726560265122
-47.91104,0.04270947,-0.0017630809366011302,214.60299372710705
-47.87776,0.04269735,-0.0017875471202555213,214.69847492250423
-47.84444,0.04267924,-0.001817995897680974,214.79405350330654
-47.81107,0.04268877,-0.001820812081335374,214.88975808411345
-47.7777,0.04269567,-0.0018262582649897705,214.9854452266193
-47.74442,0.04269386,-0.0018404070424152194,215.080856929902
-47.71108,0.04269625,-0.001850363226069622,215.17642325817908
-47.67778,0.04269508,-0.0018638794097239966,215.27185755414666
-47.64444,0.04269781,-0.0018734881871494413,215.3673890893865
-47.61121,0.04269638,-0.0018872643708038456,215.46258811269013
-47.57793,0.04268994,-0.0019060505544582426,215.55791304724522
-47.54448,0.04269451,-0.0019138193318836982,215.6537074405768
-47.51125,0.04270272,-0.0019179555155380903,215.74885444651568
-47.47795,0.04271038,-0.0019226416991924913,215.84418453553448
-47.4446,0.04271729,-0.0019280704766179435,215.9396403584772
-47.41121,0.04272822,-0.001929486660272317,216.03519322241016
-47.37792,0.04273752,-0.001932532843926714,216.13044253338825
-47.34461,0.04273383,-0.0019485616213521656,216.2257316979121
-47.31133,0.04272671,-0.0019680278050065655,216.32091768993155
-47.27791,0.04272971,-0.001977373988660963,216.41648664982978
-47.24452,0.04274007,-0.0019793527660864133,216.511952353662
-47.21127,0.04273132,-0.0020004489497408087,216.60700043244896
-47.17799,0.04272452,-0.0020195951333951898,216.70211693235407
-47.14462,0.04272283,-0.0020336239108206325,216.7974732435854
-47.11127,0.04271619,-0.0020526100944750353,216.89275498126904
-47.07788,0.04272266,-0.0020584862781294344,216.98813355114487
-47.04459,0.04274188,-0.002051605055554885,217.0832090900608
-47.01119,0.04276153,-0.0020443012392092827,217.17858134575795
-46.97794,0.04278015,-0.0020380274228636794,217.27350793078065
-46.94455,0.04279471,-0.0020358062002891336,217.36881678407946
-46.91122,0.04281197,-0.0020308923839435084,217.4639369604138
-46.87795,0.04282558,-0.0020296285675979048,217.55886855373444
-46.84465,0.04285378,-0.0020137673450233567,217.65386839073582
-46.81126,0.04289268,-0.001987213528677756,217.7491075483731
-46.77805,0.04291655,-0.0019756897123321543,217.84381596908642
-46.74477,0.04292443,-0.0019801484897576035,217.93870668997675
-46.71155,0.04293303,-0.0019838946734120066,218.03340903635848
-46.67816,0.04294534,-0.001983930857066385,218.1285785976828
-46.64491,0.0429663,-0.0019753096344918286,218.22333177564957
-46.6116,0.04299919,-0.0019547658181462285,218.31823857679518
-46.57832,0.04302919,-0.0019371120018006269,218.41304254980463
-46.54514,0.04304631,-0.0019323307792260755,218.50754438883854
-46.51189,0.04305848,-0.0019325069628804703,218.6022283039565
-46.47867,0.04306765,-0.001935683146534875,218.69680950029354
-46.44525,0.04308587,-0.0019298019239603267,218.79194268158568
-46.41202,0.04310608,-0.0019219381076147,218.88651766823853
-46.37872,0.04312298,-0.0019173842912691003,218.98127453299537
-46.34541,0.04313326,-0.00191944306869455,219.07604248022676
-46.31224,0.04313327,-0.0019317792523489419,219.17039485700818
-46.2789,0.04313508,-0.0019423154360033446,219.26521343780573
-46.24564,0.04313996,-0.0019497742134287968,219.35978715515483
-46.21239,0.04313855,-0.0019635303970831977,219.45431512212028
-46.17902,0.04313508,-0.001979346580737569,219.54916683570406
-46.14568,0.04313153,-0.001995235358163018,219.6439158617534
-46.11237,0.04313315,-0.002005961541817418,219.73856224725768
-46.07904,0.04314131,-0.0020101477254718184,219.8332480690719
-46.0457,0.04314921,-0.0020145865028972643,219.92794489512326
-46.01238,0.04314823,-0.0020279126865516625,220.0225675231397
-45.97902,0.04314362,-0.0020448688702060652,220.1172863263441
-45.94569,0.04314012,-0.0020607076476315198,220.2119025464191
-45.9124,0.04314549,-0.002067683831285888,220.30638785045923
-45.87897,0.04315517,-0.0020703500149402906,220.40125304491713
-45.84558,0.04316745,-0.0020704087923657383,220.49598726065005
-45.81223,0.04318281,-0.002067394976020133,220.5905905604042
-45.77889,0.04319597,-0.0020665811596745354,220.6851480837807
-45.74561,0.04320781,-0.0020670799370999873,220.77951807764947
-45.7122,0.04322068,-0.0020665561207543898,220.87423925818283
-45.67886,0.04324334,-0.002056242304408762,220.9687445554562
-45.64542,0.04327777,-0.002034151081834211,221.0635158265748
-45.61223,0.04330752,-0.0020167472654886096,221.15756126476415
-45.5789,0.04332743,-0.002009183449143012,221.25198603960573
-45.54553,0.04334451,-0.0020044422265684536,221.34650670765961
-45.51228,0.04334942,-0.0020118784102228573,221.44067013084853
-45.47896,0.04335038,-0.0020232645938772567,221.53501442500308
-45.44571,0.0433695,-0.0020164833713027033,221.62914318552592
-45.41237,0.04339693,-0.0020013995549570812,221.72350934719765
-45.37904,0.04342253,-0.001988145738611481,221.81782980555187
-45.3459,0.04343601,-0.001987004516036936,221.9115953354777
-45.31261,0.04345048,-0.001984880699691327,222.00576795615524
-45.27931,0.04347041,-0.0019772968833457263,222.0999515027841
-45.246,0.04348079,-0.00197925566077118,222.19414595972
-45.21259,0.04349134,-0.0019810518444255687,222.2886057440016
-45.17926,0.0435092,-0.001975538028079954,222.38282192762432
-45.14604,0.0435198,-0.0019772768055054055,222.47670985625308
-45.11282,0.04352485,-0.0019845729891598066,222.5705805030007
-45.07956,0.04353195,-0.0019898191728141973,222.6645468657161
-45.04636,0.04353395,-0.0020001579502396463,222.75832643937568
-45.01311,0.04353207,-0.0020143841338940496,222.8522299472415
-44.97989,0.04352485,-0.0020339503175484455,222.94603144045323
-44.94655,0.04352419,-0.002046949094973896,223.04015439545344
-44.9131,0.04354588,-0.002037605278628271,223.13457040089375
-44.87982,0.04355602,-0.002039811462282673,223.22848917549032
-44.84651,0.0435527,-0.002055470239708118,223.32247524461985
-44.81322,0.04354797,-0.00207254642336252,223.41638752260343
-44.77991,0.04353812,-0.0020947426070169195,223.51033885086858
-44.74655,0.04353015,-0.0021150513844423735,223.6044137900534
-44.71335,0.04352075,-0.002136797568096767,223.69802022781784
-44.6799,0.04353235,-0.002137543751751146,223.79231407680172
-44.64653,0.04355163,-0.0021306025291765937,223.8863649506498
-44.61325,0.04355296,-0.0021416187128309866,223.98014479834566
-44.57988,0.04356731,-0.002139614896485391,224.07416084262326
-44.54652,0.04358017,-0.0021390936739108385,224.1681312826156
-44.51315,0.04357536,-0.00215624985756524,224.26211245551684
-44.47978,0.04358603,-0.0021579260412196433,224.35607619011702
-44.44647,0.04361666,-0.0021396348186450836,224.44985358454116
-44.4131,0.04363881,-0.002129831002299465,224.54378247389377
-44.37982,0.04364352,-0.0021374671859538674,224.63744066609033
-44.34657,0.04364276,-0.002150565963379307,224.73099710991087
-44.31326,0.04364594,-0.002159732147033709,224.82470501738987
-44.27998,0.04364318,-0.002174838330688114,224.9183111764929
-44.24677,0.04364515,-0.0021852071081135613,225.0117031579604
-44.21326,0.04366653,-0.0021761732917679535,225.10592128254996
-44.18001,0.04368283,-0.0021722194754223365,225.1993909994112
-44.14679,0.0436784,-0.002188988252847787,225.2927590930089
-44.11353,0.04367696,-0.0022027744365021792,225.38622229745317
-44.08019,0.0436913,-0.0022007806201565783,225.4798929220853
-44.04689,0.04371087,-0.0021935493975820328,225.5734337887975
-44.01347,0.0437388,-0.002177965581236431,225.6672942805178
-43.98018,0.04377672,-0.002152391764890828,225.76077227692232
-43.94685,0.04379932,-0.0021421305423162743,225.8543452068569
-43.91361,0.0438075,-0.0021462967259706575,225.94764813849264
-43.88026,0.04382412,-0.002142022909625056,226.04124244566273
-43.84697,0.04384744,-0.0021310416870505,226.13465099684356
-43.81371,0.04386353,-0.0021272978707049042,226.22795803956106
-43.78041,0.04388069,-0.0021224840543593027,226.32135994281572
-43.74715,0.04388922,-0.002126292831784747,226.4146323176508
-43.7139,0.0438952,-0.002132659015439145,226.5078593333657
-43.68066,0.04389958,-0.0021406251990935266,226.6010410055813
-43.64743,0.04390395,-0.002148593976518981,226.69417734991367
-43.614,0.04392698,-0.0021379101601733744,226.78785680132
-43.5808,0.04394952,-0.0021277163438277735,226.88087441274877
-43.54741,0.04395883,-0.002130745121253226,226.97440694434556
-43.51405,0.0439697,-0.0021322213049076166,227.06783800383846
-43.48085,0.04398412,-0.002130147488562016,227.16080365006283
-43.44745,0.04400836,-0.0021182462659874654,227.25431191293544
-43.41412,0.04403914,-0.002099812449641851,227.34760678561847
-43.38095,0.0440521,-0.0020991986332962453,227.4404365266735
-43.34763,0.04406586,-0.002097777410721695,227.53366871158966
-43.31426,0.04408476,-0.002091223594376093,227.62702337550832
-43.28114,0.04408569,-0.0021026397780304976,227.71966140595217
-43.2477,0.04409199,-0.002108678555455941,227.8131770620793
-43.21439,0.04410543,-0.002107584739110338,227.90631176094547
-43.18111,0.04410825,-0.0021171109227647172,227.9993452276847
-43.14787,0.04411241,-0.0021252897001901652,228.09224956224605
-43.11469,0.04411558,-0.002134465883844562,228.18496894357656
-43.08133,0.04412141,-0.0021409820674989644,228.2781739425255
-43.04799,0.04412512,-0.0021496108449244183,228.37130565099605
-43.01473,0.04413317,-0.0021539070285788095,228.46419654370226
-42.98135,0.04413407,-0.002165353212233212,228.55740516354987
-42.94806,0.04412634,-0.0021854219896586605,228.65034509371105
-42.91467,0.04414095,-0.002183158173313042,228.74354677353432
-42.88129,0.04416074,-0.002175714356967437,228.8367030889381
-42.84799,0.0441726,-0.0021761931343928856,228.92961875567602
-42.81473,0.04417249,-0.002188649318047284,229.0224054780622
-42.78148,0.04417227,-0.0022012155017016866,229.1151469873452
-42.74806,0.04417962,-0.0022062042791271275,229.208345217631
-42.71483,0.04417965,-0.00221852046278153,229.3009962538967
-42.68144,0.04419761,-0.0022129066464359123,229.3940759806917
-42.64812,0.04421882,-0.0022040354238613558,229.48694316744565
-42.61482,0.04422529,-0.002209911607515755,229.57973724115828
-42.58153,0.04422939,-0.0022181577911701555,229.67248609138682
-42.54826,0.04422347,-0.002236416568595606,229.76516188071392
-42.51491,0.04422546,-0.0022467727522499994,229.85804311882762
-42.48163,0.04422896,-0.0022556189359044035,229.95071204121248
-42.44824,0.04422741,-0.0022695077133298505,230.04366983066578
-42.4149,0.04423502,-0.002274243896984232,230.13647100006173
-42.38164,0.04424536,-0.002276250080638628,230.22903214682844
-42.3483,0.04426912,-0.0022648288580640746,230.32179854407133
-42.31497,0.04428932,-0.0022569750417184772,230.41451971782993
-42.28172,0.04429043,-0.0022682112253728723,230.5070010045797
-42.24829,0.04429449,-0.002276490002798323,230.5999654879543
-42.215,0.04430893,-0.0022743961864527193,230.69252325825
-42.18169,0.04432449,-0.0022711823701071013,230.78511926506474
-42.14832,0.04434668,-0.002261331147532547,230.8778646388206
-42.11495,0.04436019,-0.0022601673311869463,230.97059257427546
-42.08176,0.04435481,-0.0022778935148413462,231.06280303161782
-42.04852,0.04434242,-0.0023026222922667913,231.1551351122892
-42.01529,0.04433848,-0.002318908475921193,231.24742212067054
-41.982,0.04435134,-0.00231839465957559,231.33985842308002
-41.94861,0.04437476,-0.002307313437001045,231.43255496230165
-41.91533,0.04438706,-0.002307359620655418,231.52492874906036
-41.88203,0.0443889,-0.0023178658043098155,231.6173406889094
-41.84876,0.04438898,-0.002330124581735267,231.7096520330006
-41.81542,0.04439415,-0.002337300765389662,231.80214021125076
-41.78201,0.04441709,-0.0023267069490440634,231.894805114018
-41.74867,0.04444075,-0.0023153857264695127,231.9872584417995
-41.71536,0.04445479,-0.0023136919101239134,232.07961119475124
-41.68208,0.04446324,-0.002317588093778286,232.1718634198203
-41.64885,0.04447085,-0.002322316871203739,232.26395973949482
-41.61549,0.04448308,-0.0023224330548581376,232.35639895782901
-41.58221,0.04449542,-0.0023224392385125386,232.4485991341695
-41.54886,0.04451148,-0.0023187180159379844,232.54097584204416
-41.51558,0.04453026,-0.002312284199592382,232.633141293174
-41.4823,0.04454881,-0.0023060803832467835,232.7252893999393
-41.44902,0.04456785,-0.0022993791606722366,232.81742016234008
-41.41576,0.04457859,-0.0023009853443266073,232.9094782289634
-41.3824,0.04459888,-0.0022930415279810087,233.00179567697924
-41.34908,0.04462111,-0.0022831503054064617,233.09398503609265
-41.31584,0.04463059,-0.002286016489060863,233.18593572868912
-41.28253,0.0446456,-0.002283352672715254,233.27806270253694
-41.24921,0.04466236,-0.0022789314501407074,233.37019995036331
-41.21591,0.04467362,-0.002280017633795109,233.46226452328696
-41.18265,0.04467591,-0.0022900738174494797,233.55420117419388
-41.14945,0.04467957,-0.0022987525948749282,233.64595469758143
-41.11606,0.04469811,-0.0022925587785293314,233.73821590689823
-41.08276,0.04471814,-0.0022848749621837278,233.8302110450262
-41.04953,0.04473151,-0.002283843739609173,233.92199548948034
-41.01619,0.04473706,-0.002290639923263574,234.01406638623095
-40.98285,0.04474307,-0.0022969761069179737,234.10611987602087
-40.94952,0.0447714,-0.0022809848843434177,234.19812835615593
-40.91623,0.04480343,-0.002261301067997802,234.29000904985705
-40.88281,0.0448265,-0.0022505772516522027,234.38223108812554
-40.84956,0.0448362,-0.0022532160290776523,234.4739666563241
-40.81633,0.04483603,-0.0022657322127320467,234.56562974774255
-40.78301,0.04482789,-0.002286218396386444,234.65752373651148
-40.74983,0.0448143,-0.002312147173811896,234.7490143394237
-40.71643,0.04481889,-0.002319903357466291,234.8410941586714
-40.68311,0.04484547,-0.0023056695411206724,234.93293602049945
-40.64984,0.04485901,-0.002304468318546124,235.02462271743963
-40.61664,0.04486001,-0.0023158145022005236,235.1160992265145
-40.58334,0.04484956,-0.0023386106858549194,235.2078339280997
-40.54999,0.04484633,-0.0023541794632803703,235.2996889651292
-40.51659,0.04484805,-0.0023648056469347672,235.39166425926396
-40.48328,0.04486845,-0.002356751830589171,235.48337431665774
-40.44983,0.04488664,-0.002350900608014614,235.57545234076375
-40.41657,0.04489204,-0.002357846791668991,235.66698997767682
-40.38323,0.04488891,-0.0023733229753233956,235.7587304032264
-40.35011,0.04487206,-0.0024025117527488385,235.84984822799527
-40.31677,0.04486065,-0.0024262679364032355,235.9415539544864
-40.2834,0.0448722,-0.002427064120057637,236.0333247691652
-40.25,0.04488892,-0.0024226828974830902,236.125160625
-40.21661,0.04490393,-0.002420019081137481,236.21695152324486
-40.18335,0.04490404,-0.0024322552647918633,236.3083676871479
-40.15016,0.04490958,-0.002439054042217316,236.39957418495956
-40.11672,0.04492527,-0.002435710225871711,236.49145023953776
-40.08347,0.04493895,-0.0024343764095261095,236.58278690850375
-40.05013,0.04495632,-0.002429345186951558,236.67435342107768
-40.01675,0.04497524,-0.0024227713706059598,236.76601235319566
-39.98348,0.04499344,-0.0024169175542603574,236.85735187111163
-39.95018,0.04500049,-0.002422206331685807,236.94875639368635
-39.91686,0.04501241,-0.002422632515340181,237.0401984330074
-39.88356,0.04504217,-0.002405218698994585,237.13156821471776
-39.85027,0.04506966,-0.002390067476420031,237.22289320065923
-39.81691,0.04507927,-0.0023928036600744315,237.31439280914637
-39.78371,0.04508838,-0.0023960398437288324,237.40543626791916
-39.75041,0.04510247,-0.002394288621154282,237.49673661483382
-39.71718,0.04512371,-0.002385394804808677,237.58782772859678
-39.68385,0.04513038,-0.0023910709884630565,237.67917559505983
-39.65054,0.04514037,-0.002393419765888506,237.77045126645677
-39.6172,0.04515388,-0.0023922559495429055,237.86179174437282
-39.58403,0.04514281,-0.002415672133197301,237.95264920494978
-39.55075,0.04513735,-0.002433470910622751,238.04379065584567
-39.51746,0.04515375,-0.0024294170942771517,238.13494214081197
-39.48398,0.04516401,-0.0024315032779315474,238.22659636190568
-39.45071,0.04515957,-0.002448282055356993,238.3176583022829
-39.4175,0.04514075,-0.0024794482390113753,238.40853873206254
-39.38411,0.04513919,-0.0024933544226657736,238.49989432654687
-39.35077,0.04514752,-0.002497363200091224,238.59109570018757
-39.31741,0.04515224,-0.0025049893837456177,238.6823343610836
-39.28407,0.04516783,-0.0025017455674000225,238.7735009103609
-39.25078,0.04518957,-0.0024923443448254673,238.86451336933627
-39.21745,0.04520785,-0.0024864105284798654,238.95561779934548
-39.1842,0.04522309,-0.0024835167121342455,239.04648622291882
-39.15076,0.04524351,-0.0024754354895596964,239.13785643283742
-39.11742,0.0452738,-0.002457491673214088,239.22893597341636
-39.08406,0.04529825,-0.002445387856868493,239.32005272816545
-39.0508,0.04530854,-0.002447436634293941,239.4108790015888
-39.01744,0.04531576,-0.0024525628179483464,239.50196095287734
-38.9841,0.04532849,-0.0024521790016027376,239.59297088649768
-38.9509,0.04533194,-0.0024610677790281865,239.68358135735772
-38.91771,0.04533792,-0.0024674339626825706,239.7741472826267
-38.88431,0.04535857,-0.0024591301463369603,239.86526882250115
-38.85107,0.04538063,-0.002449408923762414,239.95593650766546
-38.81772,0.045409,-0.0024333851074168147,240.04688684763252
-38.78445,0.04543343,-0.0024213012910712164,240.13760166108645
-38.7511,0.04545558,-0.002411490068496662,240.22851720802566
-38.71776,0.04548916,-0.0023902562521510573,240.3193880843602
-38.68436,0.04551682,-0.0023749424358054383,240.41040504158684
-38.65111,0.0455341,-0.002370001213230881,240.50099588786262
-38.61787,0.04554984,-0.0023666073968852813,240.59154218347203
-38.58463,0.04555013,-0.002378663580539682,240.68207117638508
-38.55136,0.04553637,-0.0024047623579651345,240.77266454803765
-38.5181,0.04552899,-0.0024244885416195364,240.8632133638137
-38.48497,0.04552134,-0.002444484725273928,240.95339103849597
-38.45163,0.04551205,-0.002466113502699381,241.0441229671865
-38.41837,0.04550609,-0.002484419686353753,241.13461983843246
-38.38506,0.04550012,-0.002502735870008155,241.2252353916758
-38.3517,0.04549632,-0.002518874647433604,241.31596954867132
-38.31838,0.04548961,-0.0025379308310880047,241.40657751519498
-38.28511,0.045489,-0.0025508870147424034,241.49703216841425
-38.25166,0.04550788,-0.0025443457921678486,241.58795873172363
-38.21831,0.04552726,-0.00253731197582225,241.67859602322474
-38.185,0.0455297,-0.0025472181594766302,241.76910721825
-38.15158,0.04553811,-0.002551146936902081,241.85989984763322
-38.11821,0.04555268,-0.002548923120556476,241.95053918987992
-38.0849,0.04555944,-0.002554509304210875,242.0409981692817
-38.05159,0.04557341,-0.002552878081636324,242.13143977303497
-38.01819,0.04558862,-0.0025500142652907162,242.22210829404014
-37.98494,0.04558647,-0.002564510448945123,242.3123522689278
-37.95157,0.0455833,-0.002580019226370571,242.40290452940982
-37.91834,0.0455875,-0.002588165410024948,242.49305955957567
-37.88503,0.0455927,-0.0025953115936793447,242.58341427986994
-37.85161,0.04560992,-0.0025904303711047974,242.67404991779387
-37.81838,0.04563472,-0.0025779765547591996,242.764152930595
-37.78494,0.04565958,-0.0025654627384135917,242.8548079010078
-37.75163,0.04567436,-0.0025630215158390438,242.94509303524646
-37.71838,0.04568374,-0.002565987699493441,243.03519821367496
-37.68494,0.04570734,-0.0025547338831478222,243.12580081704786
-37.65163,0.04573017,-0.002544242660573265,243.21603378782646
-37.61832,0.04574681,-0.002539948844227667,243.30624938295665
-37.58498,0.04577741,-0.002521695027882069,243.39652882986888
-37.55174,0.04580628,-0.002505163805307513,243.48652016387393
-37.51851,0.0458043,-0.002519489988961912,243.57646712978465
-37.48537,0.04578906,-0.0025470761726163124,243.6661532615911
-37.45207,0.04579585,-0.002552624950041764,243.75625507475928
-37.41878,0.04581774,-0.002543081133696133,243.84631247292984
-37.38553,0.04584094,-0.0025322273173505397,243.93624433802754
-37.35213,0.04586847,-0.002517036094775986,244.02656448034614
-37.31886,0.04590168,-0.002496172278430381,244.11651570939216
-37.28561,0.04592373,-0.002486468462084779,244.2063955466455
-37.25241,0.04593415,-0.0024883872395102327,244.2961229521726
-37.21913,0.04594859,-0.002486293423164636,244.38604924479748
-37.18568,0.04598209,-0.002465139606819003,244.47641741900145
-37.15233,0.04601187,-0.002447698384244454,244.56649799072173
-37.11916,0.04603041,-0.002441504567898857,244.6560750938032
-37.08585,0.04604601,-0.00243825075155326,244.74601293415785
-37.0526,0.04605201,-0.002444589528978712,244.83577144426926
-37.01936,0.04604704,-0.0024619057126331056,244.92548565404084
-36.98615,0.04603237,-0.0024889218962875007,245.0151016150298
-36.95285,0.04602115,-0.002512480673712958,245.1049430959508
-36.9195,0.04603003,-0.002515946857367328,245.19490206964252
-36.88615,0.04604086,-0.0025174630410217252,245.28484362592988
-36.85288,0.04603937,-0.002531291818447176,245.37455207557488
-36.81947,0.04602944,-0.002553568002101582,245.46462057443657
-36.78626,0.04602509,-0.0025702641857559758,245.5541325789131
-36.75287,0.04603219,-0.002575502963181424,245.6441123311551
-36.71951,0.04604588,-0.0025741591468358277,245.73399380336798
-36.68616,0.04605982,-0.0025725653304901966,245.82383091267792
-36.65266,0.04608778,-0.002556944107915647,245.9140545518581
-36.6194,0.0461023,-0.0025547702915700507,246.00361442670123
-36.58615,0.04609482,-0.0025745964752244485,246.0931300586298
-36.5528,0.04609854,-0.002583215252649894,246.18289751921284
-36.51946,0.04612077,-0.0025733314363042964,246.2726206534448
-36.4861,0.04613649,-0.002569957619958693,246.36238018816573
-36.45288,0.04614261,-0.002576176397384139,246.45174571589487
-36.41951,0.04616288,-0.002568252581038516,246.54149736134804
-36.38625,0.04618,-0.002563478764692921,246.6309357996407
-36.35297,0.04618268,-0.002573137542118374,246.72041068016236
-36.3197,0.04618938,-0.0025787837257727625,246.80984133865527
-36.28636,0.046206,-0.002574509909427168,246.89944277035164
-36.25296,0.04623845,-0.002554398686852616,246.9891879983967
-36.21971,0.04625684,-0.0025483548705070094,247.0785128268495
-36.18642,0.04627387,-0.002543671054161388,247.1679277693796
-36.15311,0.04630124,-0.0025286398315868402,247.2573790602775
-36.11992,0.04630833,-0.0025338960152412396,247.34649081908591
-36.0867,0.04631313,-0.002541442198895634,247.43566585075132
-36.05339,0.04634298,-0.002523930976321087,247.52506512424685
-36.02005,0.0463709,-0.002508357159975487,247.61452751432046
-35.98683,0.04638203,-0.0025095733436298895,247.70365059109514
-35.95346,0.0463891,-0.0025148421210553357,247.79315869084238
-35.92026,0.04639381,-0.0025224783047097105,247.88219349559873
-35.88692,0.04640317,-0.002525464488364111,247.9715863779135
-35.8537,0.0464155,-0.0025254732657895573,248.0606401971073
-35.8204,0.04642926,-0.0025240594494439564,248.14989113026724
-35.78702,0.04644892,-0.0025167456330983592,248.23933905223853
-35.75382,0.04645422,-0.0025237844105238105,248.32828732284153
-35.72052,0.04644797,-0.0025423805941782104,248.41748617077877
-35.6872,0.04645046,-0.0025522367778325825,248.50672121073282
-35.65384,0.04646544,-0.0025495955552580357,248.59604595818197
-35.62048,0.04648464,-0.0025427417389124324,248.68535327778005
-35.58714,0.04650543,-0.0025342979225668263,248.77458964363774
-35.55386,0.04651859,-0.002533476699992279,248.86364805615614
-35.52054,0.04651559,-0.002548822883646676,248.95279613438885
-35.48721,0.0465134,-0.0025633590673010756,249.0419535738365
-35.45392,0.0465157,-0.002573397844726523,249.13098664844117
-35.42058,0.0465351,-0.0025663440283809,249.22013605259002
-35.38725,0.04657607,-0.0025377202120353062,249.30924131813566
-35.35387,0.04661154,-0.0025145889894607545,249.39846281926089
-35.3206,0.04661856,-0.002519915173115145,249.48737293846116
-35.28726,0.04661385,-0.0025369713567695504,249.5764527356515
-35.254,0.04662543,-0.0025377301341949973,249.66530143972005
-35.22069,0.04666243,-0.0025130763178493956,249.75426634808417
-35.18724,0.04671085,-0.002477002501503775,249.84358768545817
-35.15402,0.04674671,-0.0024534812789292273,249.93227751348405
-35.12061,0.04677279,-0.0024397474625836232,250.02145716777449
-35.08749,0.04679027,-0.0024346136462380166,250.10984548626422
-35.05429,0.04679673,-0.002440492423663468,250.19843006282588
-35.02091,0.04682488,-0.002424688607317871,250.28747751550398
-34.9876,0.04686594,-0.002395974790972262,250.37632083605922
-34.95424,0.04689334,-0.002380913568397716,250.4652801001554
-34.92107,0.04690292,-0.002383679752052094,250.55371542253147
-34.88789,0.04690357,-0.0023953759357064966,250.6421601684541
-34.85461,0.04691061,-0.002400674713131941,250.73085415648606
-34.82137,0.04692749,-0.0023961408967863376,250.8194242280599
-34.78804,0.04693595,-0.0024000270804407434,250.9082167372643
-34.75485,0.04693647,-0.0024118458578661836,250.99661899356883
-34.7215,0.04694,-0.0024206620415205826,251.0854300375825
-34.68823,0.04694271,-0.0024302982251749664,251.1740106868274
-34.65492,0.04694654,-0.002438807002600414,251.2626804699839
-34.62154,0.04694533,-0.0024523631862548093,251.35151915966236
-34.5883,0.04694504,-0.00246499936990921,251.4399679093513
-34.55495,0.04695746,-0.002464918147334662,251.52869197079545
-34.52161,0.04696481,-0.0024699143309890523,251.61737201875184
-34.48831,0.04696826,-0.0024788105146434578,251.7059282962827
-34.45494,0.04696397,-0.002495439292068906,251.79465330813983
-34.42166,0.04696129,-0.0025104654757232836,251.88312165787164
-34.38834,0.04696737,-0.0025167316593776787,251.9716789641077
-34.355,0.04698016,-0.002516280436803131,252.06027202425008
-34.32179,0.04700134,-0.002507446620457529,252.1485023352639
-34.28839,0.04699809,-0.002523042804111933,252.23722000675787
-34.25501,0.04699572,-0.0025377515815373855,252.3258670999162
-34.22176,0.04700711,-0.002538707765191779,252.41415160579376
-34.18848,0.04701952,-0.0025386439488461546,252.5024984303176
-34.15501,0.04704614,-0.0025243627262716006,252.59133214557622
-34.12169,0.04706959,-0.002513258909926,252.67975031618874
-34.08839,0.04708128,-0.002513915093580399,252.76809804423783
-34.05508,0.04708551,-0.002522023871005856,252.8564549300959
-34.02181,0.04708464,-0.0025352400546602566,252.9446883690561
-33.98848,0.0471035,-0.0025287262383146478,253.03306354967754
-33.95512,0.04712772,-0.0025168450157401004,253.12150085590127
-33.92186,0.04713568,-0.002521231199394479,253.20965571271935
-33.88863,0.04714272,-0.0025265373830488796,253.29771375514187
-33.85542,0.04715165,-0.0025299461604743195,253.3857015217628
-33.82208,0.04715969,-0.0025342523441287262,253.47401634202834
-33.78879,0.04716438,-0.002541908527783125,253.5621813487301
-33.75549,0.04716897,-0.0025496573052085705,253.65035547675305
-33.72215,0.04718323,-0.002547743488862969,253.73861812312583
-33.68889,0.0471894,-0.002553919672517349,253.82665163714665
-33.65561,0.04719827,-0.002557388449942799,253.91472074858348
-33.62225,0.04721554,-0.002552464633597193,254.00298415766062
-33.58894,0.04721994,-0.002560410817251592,254.09109788876617
-33.55571,0.04720879,-0.0025838995946770443,254.1789826856799
-33.52242,0.04721182,-0.002593215778331437,254.2670088280004
-33.48904,0.04723271,-0.002584671961985842,254.3552555250479
-33.45573,0.0472528,-0.0025769207394112925,254.44329976920838
-33.42227,0.04727615,-0.002565916923065667,254.5317229968088
-33.38901,0.04729462,-0.002559793106720061,254.61960031785188
-33.3557,0.04730403,-0.0025627218841455177,254.70759238290327
-33.32256,0.04730792,-0.002571178067799912,254.7951181312133
-33.28915,0.04732602,-0.0025654242514543055,254.88333956453283
-33.25577,0.04735927,-0.002544513028879758,254.97146432416665
-33.2225,0.04737994,-0.002536189212534158,255.0592813160625
-33.18919,0.04739573,-0.0025327453961885432,255.14718652373676
-33.1559,0.0474155,-0.002525314173613985,255.23502159133773
-33.12267,0.04742824,-0.0025249203572683815,255.32268104211673
-33.08937,0.04743817,-0.002527336540922784,255.41050780321427
-33.05602,0.04745463,-0.002523215318348232,255.49844903197774
-33.02272,0.04748169,-0.0025085015020026302,255.58624103656658
-32.98943,0.04749854,-0.002503997685657032,255.6739893197941
-32.95625,0.0475094,-0.0025054764630824816,255.7614303878906
-32.92288,0.04752874,-0.002498482646736855,255.84935478471888
-32.88963,0.04755575,-0.0024838188303912545,255.93694565716606
-32.85637,0.04757714,-0.0024747676078167094,256.0245455518129
-32.82311,0.04759698,-0.00246727379147111,256.1121281229355
-32.78977,0.04761327,-0.0024633299751255014,256.19990396960776
-32.75642,0.04763625,-0.0024526887525509536,256.28768872897564
-32.72313,0.04767098,-0.0024303049362053505,256.37529818431426
-32.6899,0.04770603,-0.0024076011198597216,256.46273242946177
-32.65654,0.0477259,-0.0024000698972851744,256.55049133463837
-32.62332,0.0477324,-0.0024059160809395755,256.6378646287506
-32.59003,0.04772887,-0.0024217922645939777,256.72540469621094
-32.55678,0.04772109,-0.0024419110420194276,256.81282225532743
-32.52351,0.04771494,-0.0024604072256738246,256.9002750677016
-32.49025,0.04771786,-0.0024698334093282218,256.98768426816065
-32.45688,0.04772888,-0.0024711521867536723,257.07536514541164
-32.42365,0.04773097,-0.002481408370408049,257.16266083890486
-32.3905,0.04771207,-0.002512654554062445,257.2497291413425
-32.35709,0.04770535,-0.0025317133314878976,257.33746292031077
-32.32372,0.04773612,-0.0025132895151422988,257.4250742115813
-32.29031,0.04777126,-0.0024904956987966895,257.51277305121357
-32.25694,0.04779307,-0.0024810244762221434,257.6003494449791
-32.22356,0.04780859,-0.002477850659876546,257.6879346366537
-32.19028,0.04782374,-0.0024750468435309203,257.77524006967417
-32.15697,0.04784158,-0.0024695456209563663,257.86260683568156
-32.12364,0.04786015,-0.0024633218046107713,257.9500086671677
-32.09038,0.04787952,-0.0024562979882651673,258.03720959469734
-32.05701,0.04789582,-0.0024523367656906145,258.12468151020306
-32.02373,0.04790117,-0.002459332949345014,258.211900143226
-31.99056,0.0478927,-0.002480149132999411,258.2988132350406
-31.95726,0.04789451,-0.002490677910424857,258.38604962567956
-31.92386,0.04791588,-0.0024816540940792373,258.47353054394415
-31.89049,0.04793743,-0.0024724502777336357,258.560915440394
-31.85715,0.04794245,-0.0024797690551590923,258.6482043620609
-31.82393,0.04793493,-0.002499635238813483,258.73516179335047
-31.79057,0.04793892,-0.002507991422467881,258.822468300558
-31.75729,0.04795497,-0.0025042801998933356,258.9095480744317
-31.72394,0.04796274,-0.002508856383547739,258.9967936097622
-31.6906,0.04795863,-0.0025253125672021065,259.08399557494124
-31.6573,0.04796177,-0.002534511344627559,259.17107554303936
-31.62402,0.04797975,-0.0025288775282819587,259.25808586128005
-31.59071,0.04799962,-0.002521353711936354,259.3451572464789
-31.55739,0.04800833,-0.002524982489361803,259.43223738791727
-31.524,0.04801801,-0.0025276486730162057,259.51948302992
-31.49072,0.0480206,-0.0025374048566706095,259.6064238768929
-31.45749,0.04802147,-0.0025488736340960605,259.69321679830625
-31.42419,0.0480317,-0.0025509898177504334,259.7801752046677
-31.39079,0.04806056,-0.0025344760014048284,259.8673773038673
-31.35732,0.04809254,-0.0025148347788302786,259.9547446373298
-31.32434,0.04809545,-0.0025242709624846774,260.0408157555093
-31.29097,0.04809136,-0.0025407071461390762,260.12788735827473
-31.25771,0.04811491,-0.00252949592356453,260.2146545883027
-31.22429,0.04813667,-0.002520082107218928,260.30182177058794
-31.1909,0.048154,-0.002515098290873298,260.3888932387977
-31.15753,0.0481682,-0.00251323706829875,260.47589510926196
-31.12431,0.04816684,-0.0025269432519531496,260.5624885805972
-31.09105,0.04815939,-0.0025467394356075493,260.6491690054974
-31.05777,0.04817581,-0.002542658213032997,260.7358842141702
-31.02441,0.04820612,-0.002524694396687399,260.8227904659094
-30.99109,0.04822543,-0.002517730580341798,260.9095751169912
-30.95776,0.04823536,-0.002520139357767244,260.9963684199762
-30.92456,0.04824252,-0.0025253255414216247,261.0828059003542
-30.89114,0.04825908,-0.0025211117250760195,261.16979872618816
-30.85782,0.04828418,-0.0025083505025014705,261.2565138381567
-30.82446,0.0483072,-0.0024976766861558655,261.34331563249685
-30.791,0.04832606,-0.0024911628698102706,261.43036011777
-30.7578,0.04833432,-0.0024952416472357186,261.5167108976228
-30.72466,0.04834018,-0.002501727830890109,261.60288840753486
-30.69141,0.04835305,-0.0025012040145444905,261.6893346778192
-30.65811,0.04836498,-0.0025016127919699413,261.77589359031447
-30.62486,0.04838167,-0.002497268975624342,261.8623052083465
-30.59149,0.04840327,-0.002488015159278739,261.94901128091067
-30.55821,0.04842056,-0.002483063936704187,262.03546613649587
-30.52496,0.04843094,-0.0024850301203585903,262.1218257370975
-30.49164,0.04844649,-0.002481826304012981,262.2083497795645
-30.45816,0.04846951,-0.0024711450814384334,262.2952717921148
-30.42505,0.04848429,-0.002468711265092814,262.38121593345545
-30.39177,0.04848498,-0.002480367448747217,262.46758404637137
-30.35851,0.04850126,-0.0024764262261726608,262.5538829266406
-30.32523,0.04852581,-0.0024642224098270563,262.6402163612508
-30.29199,0.0485411,-0.0024612785934814627,262.72642871660645
-30.25871,0.04855169,-0.002463027370906902,262.8127274833341
-30.22539,0.04856178,-0.0024652835545613053,262.8991125988941
-30.19205,0.04859025,-0.0024491597382156824,262.98553216452444
-30.15869,0.04862111,-0.002430638515641133,263.07198614889893
-30.1254,0.04863591,-0.002428184699295531,263.15824135199716
-30.09213,0.04864848,-0.0024279608829499283,263.24442739545407
-30.05881,0.04866205,-0.002426729660375382,263.33072559103596
-30.02556,0.04866282,-0.0024383058440297783,263.4168251565546
-29.99236,0.04865563,-0.002457842027684183,263.5027779749661
-29.95902,0.048658,-0.0024678108051096256,263.58907587460806
-29.92571,0.0486756,-0.002462556988764006,263.67527873819785
-29.89238,0.04868633,-0.002464173172418399,263.7615159684358
-29.85919,0.0486769,-0.002485941949843848,263.84737367901874
-29.82587,0.0486681,-0.0025070881334982517,263.93355032855845
-29.79242,0.04868081,-0.002506724317152653,264.02004571355644
-29.75914,0.04869384,-0.0025060330945781,264.10608412198496
-29.72585,0.04870968,-0.0025025392782324976,264.1921310311178
-29.69246,0.04873234,-0.0024922254618868767,264.278418983932
-29.65915,0.04874869,-0.0024882142393123294,264.3644828006028
-29.62581,0.04875223,-0.0024970204229667198,264.4506067298378
-29.59262,0.04875363,-0.0025079666066211218,264.53632588922375
-29.55922,0.04877431,-0.0024996253840465707,264.6225699967242
-29.52582,0.0488144,-0.0024718815677009717,264.7087966345551
-29.49252,0.04883831,-0.0024603177513553634,264.79474771750836
-29.45926,0.04885476,-0.00245620652878082,264.8805782219763
-29.426,0.04887804,-0.0024452727124351994,264.96639140292007
-29.39279,0.04889551,-0.0024401488960895945,265.0520582958045
-29.35948,0.04891539,-0.0024326076735150387,265.1379657942348
-29.32617,0.04895259,-0.002407753857169445,265.2238559170166
-29.2928,0.04899048,-0.00238221004082384,265.30988332769283
-29.25954,0.04901601,-0.0023690188182492883,265.39560980767914
-29.2263,0.04902799,-0.002369385001903687,265.4812674304673
-29.19307,0.04903636,-0.0023733611855580664,265.566881988925
-29.15973,0.0490502,-0.0023718599629835163,265.65276257574124
-29.12657,0.04905207,-0.002382336146637909,265.73816223387485
-29.09331,0.04905438,-0.002392372330292311,265.8238021326997
-29.05998,0.04907775,-0.0023813411077177604,265.9096048935889
-29.02678,0.0490921,-0.0023793372913721578,265.99505569537143
-28.99353,0.04909525,-0.002388533475026558,266.08061788802917
-28.96027,0.049111,-0.002385122252452007,266.16618849275716
-28.92691,0.04913467,-0.0023737984361063905,266.25199897358044
-28.89366,0.04915315,-0.002367664619760783,266.33750916442847
-28.86028,0.04917687,-0.002356283397186236,266.4233362660582
-28.82697,0.04921672,-0.0023287795808406356,266.5089659888476
-28.79359,0.04924526,-0.0023125857644950287,266.59475822956017
-28.76035,0.04925819,-0.0023119945419204785,266.68017330748086
-28.72711,0.04927807,-0.002304460725574879,266.76557108270504
-28.69376,0.04929866,-0.002296216909229258,266.8512340731986
-28.66043,0.0493148,-0.0022924156866547044,266.93682828984424
-28.62724,0.04932841,-0.0022911518703091008,267.0220456877622
-28.59395,0.04934415,-0.002287758053963501,267.1075025132024
-28.56058,0.0493642,-0.0022800468313889585,267.19314728459796
-28.52739,0.04936593,-0.002290663015043347,267.27831278493926
-28.49408,0.04936847,-0.002300469198697752,267.36376886078676
-28.46069,0.0493859,-0.0022953779761231974,267.44941273658816
-28.42746,0.04940241,-0.002291214159777573,267.534628885536
-28.39412,0.04942048,-0.0022854903434319715,267.62010974400255
-28.36075,0.04943259,-0.002285719120857427,267.70565008939565
-28.32748,0.04943736,-0.0022932953045118262,267.79091673573237
-28.29421,0.04944468,-0.0022983214881662287,267.8761660481264
-28.26093,0.04946729,-0.0022880502655916735,267.9614236422398
-28.22759,0.04949378,-0.00227390644924607,268.0468175546606
-28.19426,0.04951691,-0.0022631226329004467,268.13216845490035
-28.16092,0.04953562,-0.0022567514103258926,268.2175275586207
-28.12769,0.0495465,-0.0022582175939802954,268.30258771271633
-28.09441,0.04954794,-0.0022691237776346976,268.3877585224674
-28.0611,0.04955846,-0.0022709425550601486,268.47298874096566
-28.02773,0.04958691,-0.002254838738714543,268.5583550586988
-27.99439,0.04962182,-0.0022322749223689445,268.64362721637343
-27.96111,0.04964137,-0.0022250636997943954,268.72872855485673
-27.92792,0.0496437,-0.0022350798834487734,268.81358247742827
-27.89455,0.04964704,-0.0022440860671031626,268.8988791987294
-27.86122,0.04966512,-0.002238344844528617,268.98405626947385
-27.82785,0.04968173,-0.0022340810281830173,269.06931813507583
-27.7946,0.04969264,-0.002235517211837408,269.1542560508772
-27.76123,0.04970936,-0.0022311359892628613,269.239483102586
-27.72803,0.04972015,-0.0022326921729172652,269.32425866865856
-27.69476,0.04971957,-0.002245618356571645,269.409195662687
-27.66155,0.04972162,-0.0022559071339970857,269.49396219200844
-27.62825,0.0497215,-0.0022683733176514856,269.5789410991706
-27.59486,0.04972992,-0.002272299501305891,269.6641322433745
-27.56166,0.04973631,-0.0022782482787313332,269.74882131168766
-27.52835,0.04974714,-0.0022797644623857305,269.8337736293529
-27.49504,0.04976337,-0.002275880646040132,269.9187085713695
-27.46173,0.04977593,-0.0022756594234655744,270.0036261377376
-27.42845,0.04978139,-0.0022825456071199554,270.08844987257845
-27.3952,0.04978915,-0.0022871317907743605,270.17317982279684
-27.36188,0.04979835,-0.0022902705681998106,270.2580707840377
-27.32864,0.04981228,-0.002288686751854202,270.3427406019256
-27.29518,0.04983668,-0.002276632935508602,270.4279533348504
-27.26198,0.04985354,-0.0022721117129340523,270.5124865959353
-27.22862,0.04986361,-0.002274387896588452,270.59740986017255
-27.19542,0.04988499,-0.0022653540802428304,270.68190851591476
-27.16211,0.0499023,-0.002260382857668282,270.7666697901241
-27.12878,0.04991084,-0.002264189041322681,270.85146456542185
-27.09541,0.04991769,-0.002269685224977072,270.93634367677674
-27.06215,0.04992375,-0.002275964002402521,271.0209256426659
-27.02884,0.04993664,-0.002275420186056927,271.1056173986319
-26.99553,0.0499452,-0.002279206369711323,271.1902917789496
-26.96217,0.04995433,-0.002282415147136778,271.2750758450173
-26.92888,0.04996315,-0.002285941330791151,271.3596646338341
-26.89563,0.04995437,-0.0023070675144455516,271.44413446045127
-26.86234,0.04994454,-0.002329236291870998,271.5286885605421
-26.82906,0.04994896,-0.0023371624755254006,271.6131999144134
-26.79559,0.04996382,-0.0023346486591797957,271.6981762618014
-26.76228,0.04997579,-0.0023350174366052467,271.7827289708485
-26.72894,0.04998481,-0.002338343620259649,271.86734043151023
-26.69576,0.0499956,-0.002339899803914018,271.9515285565154
-26.66237,0.0499977,-0.0023501385813394712,272.0362321134476
-26.62906,0.05000911,-0.0023510747649938685,272.12071533033344
-26.59578,0.05003166,-0.002340870948648273,272.20510510688024
-26.56235,0.05006713,-0.0023177397260737143,272.28985778419883
-26.52908,0.05010419,-0.0022930259097281164,272.3741874493887
-26.49576,0.05014507,-0.002264492093382517,272.45862647683543
-26.46237,0.05019784,-0.0022240608708079604,272.5432254562877
-26.42918,0.05023401,-0.002200237054462338,272.6273004006511
-26.39584,0.05025399,-0.002192603238116743,272.7117379483372
-26.36255,0.05029147,-0.0021674620155421945,272.79603149720543
-26.32919,0.05033876,-0.0021325181991965828,272.8804848833807
-26.29594,0.05038001,-0.0021036143828509837,272.9646424544134
-26.26271,0.05041,-0.002085963160276434,273.0487321068597
-26.22948,0.0504354,-0.002072909343930833,273.13280446701884
-26.19629,0.05045804,-0.0020626155275852084,273.2167583655471
-26.1631,0.05046996,-0.002063034305010661,273.30069501339375
-26.12993,0.05048429,-0.0020610504886650616,273.3845638466676
-26.09657,0.05051133,-0.0020463566723194562,273.46889570806087
-26.06322,0.05052935,-0.0020406754497449067,273.55318487010345
-26.03006,0.05053444,-0.002047931633399308,273.6369765551839
-25.99681,0.05054307,-0.002051647817053699,273.7209783707211
-25.96356,0.05056082,-0.0020462365944791533,273.8049628731497
-25.93021,0.05057926,-0.0020401427781335316,273.8891825692568
-25.89703,0.05057802,-0.0020537289617879317,273.97295567511236
-25.86379,0.05056682,-0.0020772677392133787,274.05686298232513
-25.83044,0.05056326,-0.002093173922867779,274.1410305724521
-25.79723,0.05055788,-0.002110900106522179,274.2248275274812
-25.76381,0.05055739,-0.0021237288839476287,274.30913692824294
-25.73041,0.05057694,-0.0021165250676020222,274.39337839964577
-25.6971,0.05059065,-0.002115161251256402,274.4773754739497
-25.66377,0.05059439,-0.002123760028681851,274.561405590501
-25.63051,0.05059212,-0.00213837621233625,274.6452418844054
-25.59715,0.05060033,-0.002142512395990649,274.72931284000083
-25.56366,0.05062631,-0.0021288711734160984,274.8136938803765
-25.53038,0.05066134,-0.0021061873570705006,274.89752840794534
-25.49693,0.05068805,-0.002091823540724902,274.98177369930306
-25.46356,0.05071245,-0.0020797623181503452,275.0658000479497
-25.43021,0.05074609,-0.0020584685018047236,275.14975861355674
-25.39702,0.05077641,-0.002040494685459117,275.2332970871865
-25.36368,0.05080685,-0.0020223934628845683,275.31719573959504
-25.33034,0.05084276,-0.0019988296465389688,275.4010769850429
-25.29707,0.05085892,-0.001995015830193368,275.4847647629203
-25.2637,0.05088116,-0.0019851146076188195,275.5686866698873
-25.23045,0.0509118,-0.0019668207912732147,275.6522894456045
-25.19728,0.05093447,-0.001956496974927592,275.73567382111054
-25.16388,0.05096478,-0.0019385257523530444,275.81961897239603
-25.13066,0.05099421,-0.001921441936007448,275.90309439596126
-25.09744,0.05101267,-0.0019153281196618369,275.9865525376453
-25.06424,0.05102209,-0.0019182468970872918,276.0699431673314
-25.03104,0.05103249,-0.0019201930807416917,276.1533165359391
-24.99765,0.05106643,-0.0018985992643960822,276.2371496317589
-24.96433,0.051108,-0.0018693680418215355,276.3207895725082
-24.9312,0.05112416,-0.0018655542254759142,276.40393533716485
-24.89784,0.05113714,-0.001864920409130319,276.4876409609084
-24.86458,0.05116197,-0.0018524291865557596,276.57107831894683
-24.83135,0.05116851,-0.0018582353702101609,276.6544231176999
-24.79807,0.05117152,-0.0018675715538645637,276.737875991074
-24.76483,0.05118721,-0.001864220331290009,276.8212112474067
-24.73146,0.05121042,-0.001853356514944407,276.9048550194816
-24.69827,0.05121314,-0.001862982698598789,276.9880303140256
-24.66499,0.05119809,-0.0018903714760242357,277.07141383078823
-24.6317,0.05120432,-0.0018964876596786334,277.1548050505113
-24.59837,0.05121937,-0.0018937838433330315,277.23827908387653
-24.56508,0.05122726,-0.001898232620758486,277.3216355731679
-24.5318,0.05124393,-0.0018939088044128763,277.4049496759908
-24.49838,0.05126487,-0.0018853149880672798,277.488596804851
-24.46512,0.05127052,-0.001892003765492728,277.57182610350924
-24.43189,0.05126811,-0.001906759949147109,277.65496303054846
-24.39858,0.05128053,-0.0019066861328015036,277.7382827518916
-24.36516,0.0513072,-0.0018923549102269552,277.82186015910554
-24.33186,0.05132764,-0.0018842610938813523,277.9051200714033
-24.29858,0.05134536,-0.001878887277535747,277.98831262817157
-24.26529,0.05136611,-0.0018704760549611982,278.07151283052053
-24.23198,0.05137395,-0.0018749822386155968,278.1547456475393
-24.19872,0.05139456,-0.0018667184222699792,278.2378361913313
-24.16541,0.05142832,-0.0018452971996954226,278.3210342831348
-24.132,0.05146256,-0.0018234033833498253,278.40446469008
-24.09866,0.05150188,-0.0017964295670042235,278.48770286998047
-24.06542,0.05154536,-0.001765288344429676,278.57067405655084
-24.03201,0.05159444,-0.0017285545280840767,278.654052148668
-23.99878,0.05163444,-0.001700900711738472,278.7369636931458
-23.96555,0.05165229,-0.0016953894891639232,278.8198579453364
-23.93225,0.05167831,-0.0016817156728182944,278.9029094698106
-23.89897,0.05171232,-0.001660051856472694,278.9858937639132
-23.86575,0.05174092,-0.0016437906338981415,279.06871114942066
-23.83247,0.05176761,-0.0016294468175525462,279.1516607860639
-23.79927,0.05177912,-0.0016302830012069475,279.2343937426674
-23.76607,0.05179514,-0.001626601778632386,279.3171094381924
-23.73283,0.0518203,-0.0016137879622867904,279.3999074988963
-23.69963,0.0518324,-0.0016140341459411692,279.48258865146806
-23.66631,0.05184389,-0.0016148829233666243,279.5655512968039
-23.63298,0.05186605,-0.0016050691070210177,279.64852144698244
-23.59967,0.05189831,-0.0015851552906754121,279.73142442922733
-23.56648,0.05191567,-0.001580134068100869,279.81401146980716
-23.53322,0.0519242,-0.001583950251755263,279.8967553868594
-23.49982,0.05194836,-0.0015721364354096615,279.9798301615464
-23.46649,0.05197357,-0.0015592652128351148,280.0627134126357
-23.43343,0.05197863,-0.0015665513964894934,280.1449080565469
-23.40012,0.05199013,-0.0015673975801438825,280.2277069466072
-23.36672,0.05202528,-0.0015445863575693358,280.3107121041378
-23.33342,0.05205747,-0.001524742541223735,280.3934513519412
-23.30008,0.05208358,-0.0015109787248781328,280.47627258970994
-23.267,0.05210615,-0.0015007475023035843,280.55843074713005
-23.23346,0.05212865,-0.0014905936859579832,280.64171387423437
-23.20024,0.05215778,-0.0014738098696123608,280.724185044669
-23.16696,0.05217583,-0.0014680986470378063,280.8067878409263
-23.13365,0.05219389,-0.0014623848306922066,280.88944773101485
-23.10039,0.05221526,-0.0014533610143466075,280.97196620786906
-23.06714,0.05223701,-0.0014439497917720506,281.0544425588858
-23.03384,0.05226076,-0.0014325459754264483,281.13702558231
-23.00053,0.05228679,-0.0014188621590808526,281.21961603240055
-22.96739,0.05230392,-0.0014140709365063064,281.30176773328327
-22.93408,0.05230678,-0.001423557120160679,281.3843235207547
-22.90076,0.05230916,-0.0014335233038150763,281.4668867088374
-22.86749,0.05231967,-0.001435352081240529,281.5493086556122
-22.83414,0.05234101,-0.001426358264894921,281.63191139510496
-22.8009,0.05237149,-0.0014082244485493223,281.7142243504577
-22.76761,0.05239702,-0.0013950332259747705,281.7966437801723
-22.73433,0.05240669,-0.0013977094096291748,281.8790211049021
-22.7011,0.05241108,-0.0014056655932835477,281.96125736032576
-22.66785,0.05242114,-0.0014079443707089995,282.0435258030359
-22.63448,0.05244422,-0.0013972105543633984,282.1260737474648
-22.601,0.05247323,-0.001380546738017789,282.20887627617003
-22.56772,0.05249287,-0.0013732455154432527,282.2911667696325
-22.53439,0.05251598,-0.0013624816990976465,282.3735635131775
-22.50113,0.05253518,-0.0013556278827520432,282.4557698645019
-22.46791,0.05254008,-0.0013630666601774921,282.53786005841584
-22.43459,0.05255912,-0.001356372843831867,282.6201800030948
-22.40115,0.05258686,-0.0013409790274862693,282.70277893804484
-22.36791,0.05260883,-0.0013313478049117172,282.7848665054758
-22.33463,0.0526244,-0.0013281239885661184,282.8670355206351
-22.3013,0.05264641,-0.001318460172220516,282.94931060336734
-22.26793,0.052692,-0.001285208949645962,283.0316669982232
-22.23467,0.05272519,-0.0012643651333003672,283.11373456343034
-22.20143,0.05273599,-0.0012659113169547348,283.1957354716285
-22.16808,0.05275341,-0.0012608300943801887,283.2779903539595
-22.13481,0.05277759,-0.0012489962780345906,283.36003056844635
-22.10156,0.05280397,-0.0012349624616889918,283.44200414678494
-22.06824,0.0528522,-0.0011990712391144326,283.5241329332578
-22.035,0.0528993,-0.0011643174227688319,283.60604720825006
-22.00166,0.05293644,-0.0011395236064232345,283.68819053522367
-21.96837,0.05297231,-0.0011159923838486782,283.7701933040225
-21.93521,0.0529955,-0.0011051485675030587,283.85185859246366
-21.90187,0.05302395,-0.00108904475115746,283.9339498186393
-21.86865,0.05307445,-0.001050883528582909,284.0157282623998
-21.83533,0.05311959,-0.0010180897122373037,284.09773551848434
-21.80209,0.05315405,-0.0009959758958917042,284.17952855487783
-21.76883,0.05317845,-0.0009839146733171544,284.2613534865755
-21.73581,0.05320273,-0.0009719808569715535,284.3425708433317
-21.70242,0.05321871,-0.0009683470406259276,284.4246809049044
-21.66924,0.05323132,-0.0009680758180513824,284.5062572561494
-21.63596,0.05325402,-0.0009577220017057825,284.5880621490978
-21.6026,0.05329354,-0.0009305481853601749,284.67004628146924
-21.56937,0.05331313,-0.0009232969627856261,284.7516936051983
-21.53619,0.05331735,-0.0009314231464400274,284.83320082382295
-21.50284,0.05333372,-0.0009273993300944194,284.91510827724636
-21.46962,0.0533493,-0.0009241581075198693,284.9966791355454
-21.43637,0.05336203,-0.0009237742911742536,285.07830635277685
-21.40308,0.053387,-0.000911150474828655,285.1600144238015
-21.36972,0.0534151,-0.000895389252254096,285.24187689556214
-21.33644,0.05343654,-0.000886295435908499,285.3235256892297
-21.30321,0.05344927,-0.0008859116195628972,285.40503450813884
-21.26991,0.05347768,-0.0008698403969883486,285.48669768087456
-21.23657,0.05351181,-0.000848056580642749,285.5684415509929
-21.20323,0.05353503,-0.0008371827642971244,285.65016801415044
-21.16991,0.0535627,-0.000821851541722575,285.7318280599345
-21.1366,0.05359923,-0.0007976677253769687,285.81344621964524
-21.10335,0.05362603,-0.0007832139090313689,285.89490003502783
-21.07007,0.05364797,-0.0007736126864568149,285.9764100060277
-21.03671,0.05367751,-0.0007564188701112209,286.0580985075033
-21.00339,0.05371156,-0.0007347150537656208,286.13967166461686
-20.97003,0.05373498,-0.0007236338311910617,286.22132533128695
-20.93695,0.05374683,-0.0007241300148454408,286.3022764463814
-20.90355,0.05377528,-0.000708026198499842,286.3839932576224
-20.87019,0.05382256,-0.0006730849759252963,286.46559476611935
-20.83698,0.05386,-0.0006479911595796903,286.5468120508753
-20.80373,0.05388096,-0.0006393773432340905,286.62810985562203
-20.77042,0.05390567,-0.0006270061206595373,286.70953700317483
-20.73709,0.05394445,-0.0006005723043139358,286.7909956499388
-20.70381,0.0539917,-0.0005656684879683169,286.8723147391189
-20.67055,0.05403258,-0.0005371272653937678,286.95356762992145
-20.63725,0.05406859,-0.0005134634490481654,287.03490088438565
-20.60405,0.05411584,-0.0004785596327025604,287.1159726077684
-20.57079,0.05415939,-0.00044734841012800813,287.1971735384153
-20.53766,0.0541935,-0.0004255845937824118,287.27803986510213
-20.50441,0.05423338,-0.0003980507774368064,287.3591818154214
-20.47109,0.05428398,-0.0003597895548622526,287.4404772230792
-20.43784,0.05433363,-0.0003224857385166341,287.5215845107324
-20.40459,0.05436861,-0.00029985192217103773,287.6026744852768
-20.37148,0.05439915,-0.0002816506995964793,287.6834058244332
-20.33801,0.05443988,-0.0002532668832508772,287.7649974945484
-20.30483,0.05448456,-0.00022093306690527947,287.8458648999947
-20.27158,0.05451201,-0.00020582184433072526,287.9268856168972
-20.23834,0.05453733,-0.00019284802798512357,288.00786466136765
-20.20514,0.05455763,-0.00018489421163950248,288.0887289866546
-20.17192,0.05457632,-0.0001785429890649587,288.1696247487115
-20.1387,0.05459633,-0.0001708791727193515,288.25050322888734
-20.10542,0.05461406,-0.00016549535637375157,288.33151045826276
-20.07217,0.05463975,-0.00015214413379920078,288.4124273433753
-20.03891,0.05465859,-0.0001456503174535953,288.4933512434732
-20.00568,0.05467253,-0.0001440565011079989,288.57418485138544
-19.97241,0.05468335,-0.00014557527853344826,288.6550984377406
-19.93909,0.0546978,-0.00014347146218782886,288.73611625248003
-19.90581,0.05472763,-0.000125987645842221,288.81701945214974
-19.87247,0.05476009,-0.00010586642326767398,288.898051119656
-19.83913,0.05479159,-8.671260692207083e-05,288.97906538020146
-19.80579,0.05482215,-6.849879057647251e-05,289.0600622337863
-19.77252,0.05485621,-4.677756800192112e-05,289.1408716758124
-19.73929,0.05488231,-3.30237516563206e-05,289.2215666592169
-19.70593,0.05490761,-2.006993531069451e-05,289.30255993779883
-19.67271,0.05494447,4.45128726386107e-06,289.38319599823376
-19.63937,0.05497828,2.5915103609455703e-05,289.4641059632043
-19.60609,0.05501319,4.847891995505421e-05,289.54485295936024
-19.57289,0.05504082,6.377014252960389e-05,289.62538857028505
-19.53964,0.05506291,7.351395887520568e-05,289.70602816968926
-19.50638,0.05508872,8.697777522081312e-05,289.78667470068456
-19.47315,0.05510715,9.306899779536193e-05,289.86723118967683
-19.4399,0.05512625,9.982281414099015e-05,289.9478188549617
-19.40657,0.05515568,0.0001169066304865865,290.02858303973886
-19.37329,0.05518731,0.00013619785306114018,290.10920870872934
-19.34007,0.05521643,0.00015297166940673318,290.1896717214537
-19.3067,0.05524991,0.00017410548575233498,290.2704806539113
-19.27354,0.05528416,0.00019601670832689044,290.3507637754496
-19.24023,0.05531053,0.00021004052467248763,290.43139272295383
-19.20702,0.05533993,0.00022709434101811365,290.51176231669444
-19.17377,0.05537495,0.00024977556359265934,290.59221140941906
-19.14046,0.05541899,0.0002814693799382678,290.6727883134392
-19.10718,0.05546311,0.0003132431962838689,290.75327529526476
-19.07391,0.05550605,0.0003438444188584161,290.83372075575215
-19.04071,0.05553553,0.00036097823520402084,290.91397967990895
-19.00745,0.05555221,0.0003653120515496183,290.99436634241545
-18.97429,0.05555782,0.0003585832741241704,291.07449406773793
-18.94103,0.05556374,0.00035215709046979016,291.15484613528116
-18.90768,0.05558716,0.0003632309068153927,291.2353982378478
-18.87444,0.05560793,0.000371662129389945,291.31566731999453
-18.84125,0.05561935,0.00037073594573554247,291.39579839676566
-18.80798,0.05563081,0.0003698497620811536,291.47610530554255
-18.77478,0.05564737,0.0003740709846557014,291.55622596950104
-18.74153,0.05565506,0.0003694148010012985,291.6364499970187
-18.70816,0.05566679,0.00036879861734692015,291.7169461479148
-18.67482,0.05570273,0.00039239983992147426,291.79735251708627
-18.64143,0.05575432,0.0004316436562670778,291.8778620255564
-18.60811,0.05579994,0.0004649174726126734,291.9581853466444
-18.57483,0.05582938,0.00048201869518722795,292.03839488638874
-18.54157,0.05586144,0.0005017325115328278,292.1185388945518
-18.50823,0.05589835,0.0005262963278784283,292.1988582863514
-18.47502,0.05592233,0.0005379375504529771,292.27884718987684
-18.44182,0.05594641,0.000549671366798607,292.3587947439359
-18.40836,0.05599512,0.0005860351831442068,292.43935092892445
-18.37515,0.0560559,0.0006344764057187521,292.51928789319885
-18.34195,0.05609249,0.0006587202220643615,292.59918352364645
-18.30879,0.05611647,0.0006703540384099607,292.67896566440214
-18.27554,0.05614963,0.000691175260984507,292.75894705325675
-18.24226,0.0561904,0.0007195990773301089,292.83898326922355
-18.20898,0.0562251,0.0007419528936757347,292.9190021408257
-18.17575,0.05625673,0.0007612441162502814,292.9988834864707
-18.14237,0.0563001,0.0007922679325958817,293.0791080064317
-18.10918,0.05635064,0.0008304617489414828,293.1588585858671
-18.07596,0.05639112,0.0008586029715160343,293.2386639767139
-18.04283,0.05641275,0.0008678867878616353,293.3182359461783
-18.00958,0.0564306,0.0008733906042072345,293.3980788509908
-17.97627,0.05647021,0.0009006618267817859,293.478048473226
-17.94312,0.05650289,0.0009209956431274133,293.5576167217317
-17.90985,0.05652414,0.0009298994594730131,293.6374556974138
-17.87656,0.05656186,0.0009552806820475601,293.7173253180949
-17.84332,0.05660623,0.0009873044983931614,293.7970576626866
-17.81012,0.05664444,0.0010131683147387646,293.8766767883352
-17.7769,0.05665812,0.0010145095373133156,293.95632660063364
-17.74371,0.0566723,0.0010163433536589175,294.0358872250631
-17.71034,0.05670384,0.0010355371700045343,294.11586194097083
-17.67702,0.05673666,0.001056018392579093,294.19569942749047
-17.64377,0.05678009,0.0010871022089246896,294.2753518568651
-17.61046,0.05682845,0.0011231160252702932,294.35513065994724
-17.5771,0.05686552,0.0011478472478448493,294.4350118002697
-17.54385,0.05689202,0.0011620010641904474,294.5146122017999
-17.51057,0.05691474,0.0011723748805360437,294.594267086694
-17.47733,0.05694923,0.0011945261031106047,294.67380891943674
-17.44402,0.05699313,0.0012260799194562244,294.7535009016561
-17.41071,0.05704704,0.001267643735801821,294.83317550822693
-17.3774,0.05709995,0.0013082149583763664,294.9128327391492
-17.34415,0.05713943,0.0013353487747219742,294.9923291578878
-17.31101,0.05717167,0.0013552425910675764,295.0715453536666
-17.27773,0.05720042,0.0013716538136421264,295.15107889054883
-17.2444,0.0572315,0.0013903876299877285,295.2307145354512
-17.21108,0.05726844,0.001414981446333348,295.3103088985791
-17.1778,0.05731782,0.0014520226689078986,295.3897903554628
-17.14459,0.05736805,0.0014899064852534963,295.4690873441208
-17.11134,0.05741935,0.0015288603015991067,295.5484625398565
-17.07811,0.05746196,0.0015591315241736542,295.62777269362255
-17.04488,0.05749464,0.0015794653405192538,295.7070655551013
-17.01155,0.05754163,0.0016141091568648638,295.7865796644585
-16.97832,0.05759391,0.0016540503794394007,295.8658378893246
-16.94493,0.05765242,0.0017002141957850325,295.94546031932066
-16.91167,0.0577132,0.0017486480121306283,296.0247553914609
-16.87843,0.05775954,0.001782649234705183,296.10398547375587
-16.84529,0.05781444,0.0018252030510507791,296.18295997370853
-16.81209,0.05787014,0.0018685568673963843,296.2620602115838
-16.77895,0.05791637,0.0019024480899709345,296.3410002829074
-16.74562,0.05796111,0.0019348419063165354,296.42037559068626
-16.71236,0.05800935,0.0019707357226621605,296.49956685189403
-16.67922,0.05804602,0.001995066945236705,296.57845516610024
-16.64592,0.05807978,0.002016480761582312,296.65770702977875
-16.61278,0.05812707,0.00205142457792791,296.73656086345864
-16.57945,0.05817262,0.0020846358005024643,296.8158494391714
-16.54625,0.05820438,0.0021040496168480624,296.8948114636407
-16.51311,0.05822528,0.002112603433193659,296.9736135713415
-16.47997,0.05824488,0.0021198646557682166,297.05239848029703
-16.44667,0.05826841,0.0021310484721138376,297.13154643948394
-16.41344,0.05830172,0.0021520122884594456,297.210510711079
-16.38017,0.058338,0.0021759535110339873,297.2895527109377
-16.34691,0.05836669,0.0021922973273795915,297.3685536269284
-16.31371,0.05839356,0.002206821143725189,297.4473947510611
-16.28047,0.05842393,0.00222485236629974,297.5263135722144
-16.24721,0.05845197,0.0022405461826453463,297.6052625593005
-16.21385,0.05847694,0.0022531699989909657,297.6844315138299
-16.18074,0.05850262,0.0022665112215655148,297.76298994340027
-16.14735,0.05853894,0.0022904850379111136,297.8421953288638
-16.11406,0.05857843,0.002317628854256723,297.9211461205774
-16.08083,0.05860323,0.0023300900768312705,297.999937307982
-16.04756,0.05863588,0.002350393893176872,298.0788060153034
-16.01418,0.05867895,0.0023811177095224775,298.15791806480314
-15.981,0.05871129,0.0024011189320970253,298.23653881337003
-15.94771,0.05875254,0.002430022748442645,298.31540288326863
-15.91435,0.05881041,0.002475546564788246,298.3944153737268
-15.88103,0.05885629,0.0025090877873628,298.4733157284692
-15.84782,0.05889474,0.002535191603708402,298.5519383077687
-15.81453,0.05894225,0.002570355420054002,298.6307329480834
-15.78124,0.05900491,0.002620676642628557,298.70951023360857
-15.74794,0.05905841,0.0026618304589741473,298.7882938204727
-15.71483,0.05910244,0.002693514275319775,298.8666106744967
-15.68147,0.05915362,0.002732355497894322,298.9455015043442
-15.6483,0.05920034,0.0027667293142399282,299.02392573667134
-15.61513,0.05924045,0.0027944931305855306,299.1023327391007
-15.58193,0.05929474,0.002836444353160078,299.1807934020301
-15.5486,0.05936598,0.0028953381695056846,299.25954392785314
-15.51543,0.05943233,0.0029493419858512768,299.3378991418953
-15.48225,0.05946992,0.0029745932084258367,299.4162607405606
-15.44908,0.05951573,0.003008057024771457,299.49458148961276
-15.41582,0.05957785,0.0030578308411170624,299.57309744588713
-15.38255,0.05964609,0.0031137320636916016,299.6516196775455
-15.34935,0.05972221,0.003177505880037207,299.7299594193418
-15.31606,0.0597893,0.003232249696382812,299.80849419657824
-15.28291,0.0598386,0.003269210918957356,299.8866814529268
-15.24968,0.05988317,0.0033014347353029633,299.96504012499815
-15.21657,0.05992679,0.0033327085516485846,300.04309862991687
-15.18337,0.05997435,0.0033679297742231426,300.1213520767194
-15.15004,0.06003375,0.0034149835905687292,300.19989457502754
-15.1169,0.06009173,0.0034606174069143417,300.27797208827377
-15.08373,0.06015234,0.0035088886294888863,300.356103059118
-15.05055,0.06019497,0.0035391724458344875,300.4342403469814
-15.01753,0.06022268,0.003554536262180094,300.51198372683393
-14.98427,0.06028814,0.0036076574847546394,300.59027490960045
-14.95097,0.06036063,0.003667801301100268,300.6686428941428
-14.91786,0.06042205,0.00371687511744586,300.7465465171497
-14.88454,0.06048048,0.003762966340020421,300.82492691217914
-14.85136,0.06053539,0.0038055301563660188,300.90296070115767
-14.81807,0.06058488,0.0038426739727116174,300.9812358655501
-14.78493,0.06062689,0.0038723451952861754,301.05914109552873
-14.75182,0.06067326,0.003906369011631772,301.1369586263639
-14.71852,0.06074788,0.003968642827977396,301.2152053933451
-14.68523,0.06081689,0.00402531405055194,301.2934113054028
-14.6523,0.06084605,0.004042127866897546,301.3707544198793
-14.61894,0.06087796,0.004061691683243149,301.4490901653542
-14.58586,0.06091828,0.004089672905817694,301.5267512075129
-14.55251,0.06095781,0.0041168567221633035,301.60502877464023
-14.51927,0.06101067,0.004157370538508905,301.6830308235634
-14.48604,0.06106119,0.004195551761083452,301.7609921112771
-14.45271,0.0611176,0.004239615577429072,301.83917063972564
-14.41954,0.06115794,0.004267609393774678,301.9169566022552
-14.38643,0.06118305,0.004280380616349229,301.99458467742545
-14.35317,0.06122959,0.004314574432694826,302.0725471507472
-14.31987,0.06128188,0.004354518249040429,302.15058603052375
-14.28658,0.06133103,0.0043913294716149825,302.22858411780516
-14.25328,0.06137641,0.00442436328796058,302.30658827236175
-14.22005,0.06141678,0.004452387104306198,302.3844111437204
-14.18691,0.06146045,0.004483718326880756,302.46200601782436
-14.15355,0.06151646,0.004527382143226358,302.5400986353725
-14.12047,0.06158695,0.004585525959571957,302.61751859024633
-14.0872,0.06165409,0.004640327182146513,302.6953659339328
-14.05397,0.0617059,0.004679790998492105,302.7731023802822
-14.02074,0.06175729,0.004718834814837709,302.85082153434433
-13.9875,0.06182816,0.004777366037412259,302.9285467765625
-13.95427,0.06191264,0.004849499853757884,303.0062313408464
-13.92101,0.06198968,0.004914193670103484,303.0839687229406
-13.88771,0.06207092,0.004983094892678036,303.16178224078465
-13.85448,0.06214805,0.005047878709023644,303.2394148761687
-13.82124,0.06220571,0.005093192525369231,303.31705357367264
-13.78832,0.06226029,0.005135433747943792,303.39392779325266
-13.75505,0.06233647,0.0051992675642893865,303.47160208406547
-13.72179,0.06243022,0.005280671380635017,303.54923570210394
-13.68849,0.06250864,0.005346752603209562,303.62694533110084
-13.6555,0.06257049,0.0053962564195551704,303.7039144136425
-13.62239,0.06262942,0.0054428402359007755,303.7811463320863
-13.58916,0.06270582,0.005506901458475308,303.8586408997712
-13.55592,0.0627747,0.0055634352748209215,303.9361414880267
-13.52275,0.06283434,0.005610729091166521,304.0134616199857
-13.48946,0.06289788,0.00566193031374107,304.0910441515528
-13.45635,0.06296494,0.005716644130086684,304.1681899778249
-13.42326,0.06304397,0.005783327946432298,304.24527205231385
-13.39012,0.0631035,0.0058305191690068495,304.3224534143992
-13.3568,0.06314451,0.005859182985352443,304.40003664814077
-13.32362,0.06319857,0.005900896801698044,304.4772766252486
-13.29042,0.06325327,0.005943258024272598,304.55454590463086
-13.25725,0.0633114,0.0059890418406182006,304.63172812468565
-13.22395,0.0633812,0.006046495656963816,304.7091955062924
-13.19069,0.06345493,0.0061078868795383795,304.7865525000461
-13.15746,0.06351161,0.006152220695883968,304.86382241890794
-13.12437,0.06355374,0.006182004512229569,304.9407496117673
-13.09135,0.06358578,0.006201705734804122,305.0174969770399
-13.05794,0.06363771,0.006241289551149727,305.0951334291487
-13.02464,0.06371687,0.006308103367495321,305.17249687497525
-12.99144,0.06378367,0.006362564590069883,305.2496107110677
-12.95818,0.06383611,0.006402658406415504,305.32684660161584
-12.92506,0.06388605,0.006440252222761102,305.40374017189185
-12.89192,0.06393587,0.006477733445335657,305.4806629819274
-12.85869,0.06399143,0.006520947261681259,305.5577774263189
-12.82536,0.06406266,0.00657983107802685,305.63510656301526
-12.79225,0.06413269,0.006637522300601412,305.71190805171057
-12.75905,0.06420201,0.006694496116947016,305.78890106545344
-12.72582,0.0642786,0.006758739933292637,305.86594636671515
-12.6927,0.06434643,0.006814231155867177,305.94271942133935
-12.65944,0.06441334,0.00686879497221278,306.0197997126805
-12.62618,0.06447952,0.006922628788558385,306.09686268049757
-12.593,0.06453545,0.006966220011132923,306.17372302833
-12.55983,0.06458887,0.007007293827478542,306.2505429790058
-12.52654,0.06466539,0.007071467643824145,306.3276235197703
-12.49345,0.06473828,0.007132018866398679,306.4042237765735
-12.46028,0.0647885,0.00716989268274431,306.48099201677815
-12.42714,0.06484114,0.007210186499089916,306.55767361882175
-12.394,0.0648965,0.007253207721664462,306.63433802212
-12.36076,0.06495488,0.007299241538010065,306.7112164837013
-12.32756,0.06502631,0.007358325354355669,306.78798516061534
-12.29427,0.065115,0.00743467657693022,306.8649446140584
-12.26106,0.06518764,0.007494970393275818,306.9417018321063
-12.22774,0.06524807,0.007543054209621446,307.01869593227553
-12.19472,0.06530311,0.007585755432195987,307.0949796562721
-12.16142,0.06536841,0.0076387092485415975,307.17189295185955
-12.12807,0.06545894,0.007716893064887181,307.2489043285281
-12.09483,0.06553628,0.007781894287461746,307.3256443633327
-12.06175,0.06559668,0.007829948103807348,307.4019978337206
-12.02852,0.06565773,0.00787865192015294,307.47868027275314
-11.99541,0.06572214,0.007930723142727497,307.5550685978368
-11.96233,0.06579166,0.00798789695907312,307.6313705654037
-11.92894,0.06588662,0.008070510775418732,307.7083701974302
-11.89577,0.06598309,0.008154641997993262,307.7848452073186
-11.8626,0.0660636,0.008222805814338874,307.8613029873093
-11.82942,0.06613964,0.008286499630684473,307.9377665798899
-11.79631,0.0662147,0.008349220853259023,308.01405167110596
-11.76311,0.06630461,0.008426784669604628,308.0905268836915
-11.72975,0.06641258,0.008522408485950247,308.1673532654606
-11.69658,0.06652572,0.008623209708524794,308.24372480765726
-11.66344,0.06661278,0.008697923524870393,308.320010070479
-11.63033,0.06669341,0.008766207341215998,308.3962091006333
-11.59734,0.06678704,0.008847498563790558,308.47211488955816
-11.56401,0.0668911,0.008939212380136147,308.5487856673968
-11.5309,0.06700829,0.009044056196481756,308.6249331428378
-11.49776,0.06711353,0.009136957419056312,308.7011324223123
-11.46468,0.06720425,0.00921533123540192,308.77717659085624
-11.43147,0.06730123,0.00929996505174753,308.8535023651942
-11.39845,0.06739156,0.009377956274322086,308.92937434338836
-11.36534,0.0674734,0.009447450090667685,309.0054359755389
-11.33211,0.06756259,0.009524293907013287,309.0817560154821
-11.29903,0.06765185,0.009601215129587837,309.1577143718927
-11.26595,0.06773658,0.009673598945933434,309.2336555917785
-11.2329,0.06780495,0.00972962276227906,309.3095108279298
-11.19984,0.06787214,0.009784473984853603,309.3853719025196
-11.16664,0.06794693,0.009846917801199215,309.4615370031945
-11.1335,0.06802478,0.009912421617544818,309.5375472417825
-11.10036,0.06809579,0.009971092840119364,309.6135402816252
-11.06712,0.06817713,0.01004008665646497,309.6897453539109
-11.03395,0.0682612,0.010111810472810553,309.7657726981225
-11.00066,0.06833746,0.010175731695385118,309.84205776498936
-10.96751,0.06841707,0.010242995511730732,309.91800477205123
-10.93431,0.06850065,0.010314229328076338,309.9940490815712
-10.90111,0.06858306,0.010384300550650885,310.07007613001264
-10.86794,0.06865425,0.01044314436699649,310.1460172416247
-10.83473,0.0687198,0.010496348183342094,310.22203267022627
-10.80147,0.06879886,0.010563069405916642,310.2981452349202
-10.76836,0.06888115,0.010633013222262247,310.37389733138855
-10.73509,0.06895399,0.010693507038607872,310.44999819827757
-10.70201,0.0690293,0.010756478261182423,310.5256472787461
-10.66866,0.06911118,0.010826012077528008,310.60189646248847
-10.63564,0.06917378,0.010876265893873624,310.6773739968188
-10.60243,0.06922749,0.010917637116448171,310.7532686134846
-10.5692,0.06931671,0.010994510932793772,310.8291916489488
-10.536,0.06942521,0.011090664749139376,310.90502887232003
-10.50273,0.06953665,0.011189765971713929,310.98100867774383
-10.46959,0.06963897,0.011279739788059545,311.05667436536584
-10.43645,0.06972461,0.01135303360440515,311.1323228542425
-10.40324,0.06980618,0.011422264826979694,311.2081138784439
-10.37007,0.06989937,0.0115031086433253,311.2837963753677
-10.33699,0.07000107,0.011592462459670896,311.3592563635034
-10.3036,0.07010101,0.011680063682245459,311.4354061257232
-10.27055,0.07020763,0.011774337498591046,311.5107632851214
-10.2375,0.07031295,0.011867311314936672,311.5861033390625
-10.20445,0.07040977,0.011951792537511219,311.6614262875464
-10.1714,0.07049401,0.012023686353856824,311.73673213057316
-10.13832,0.07057057,0.012087900170202427,311.8120892011326
-10.10515,0.07066652,0.012171511392776974,311.88763408742886
-10.07185,0.07076161,0.012254255209122586,311.9634577182319
-10.03886,0.07086352,0.012343819025468182,312.03855835992016
-10.00566,0.07096152,0.012429480248042732,312.11411985316136
-9.97246,0.07105183,0.012507444064388348,312.18966408532395
-9.93935,0.07112919,0.012572457880733953,312.2649863379519
-9.90636,0.07121275,0.012643679103308512,312.34001852703966
-9.87331,0.07130517,0.012723752919654108,312.41517008971175
-9.8401,0.07139275,0.012798986735999718,312.4906682424817
-9.80702,0.07148448,0.012878377958574258,312.56585368877444
-9.77379,0.07158432,0.012965871774919868,312.6413628073511
-9.74059,0.07168698,0.013056185591265479,312.7167864875184
-9.70769,0.07177698,0.013133846813840042,312.79151160058433
-9.67433,0.07186566,0.013210180630185635,312.86726419477014
-9.64113,0.07196303,0.013295204446531234,312.94263616448995
-9.60799,0.0720678,0.013387635669105794,313.0178547054921
-9.57506,0.072166,0.013473489485451379,313.09257956955184
-9.54186,0.07227369,0.013568833301796993,313.1678999276074
-9.50868,0.07239043,0.013673234524371546,313.243157666469
-9.47551,0.07249559,0.013766048340717166,313.3183754911785
-9.4424,0.0725965,0.013854612157062761,313.39344007393913
-9.40935,0.0726996,0.013945373379637319,313.4683515080818
-9.37624,0.07282843,0.014061857195982921,313.54338178671065
-9.34291,0.07297488,0.01419596101232852,313.61889326629074
-9.3098,0.07309155,0.014300292234903075,313.69388909560683
-9.27684,0.07317485,0.01437124605124867,313.7685281161808
-9.24364,0.07327379,0.014457839867594302,313.8436934260796
-9.21068,0.07339001,0.014561721090168844,313.9182982979314
-9.17745,0.07351289,0.014672254906514443,313.9934970920254
-9.14427,0.07362872,0.01477573872286004,314.0685654838884
-9.11122,0.07374217,0.01487684994543459,314.1433226169738
-9.07817,0.07385311,0.0149754437617802,314.2180626446021
-9.04527,0.07395452,0.015064507578125795,314.2924464696102
-9.0121,0.07406474,0.015162388800700352,314.36742357960975
-8.97884,0.07420377,0.01528907261704597,314.442586824552
-8.94563,0.074347,0.015419956433391571,314.5176197915613
-8.91267,0.07446642,0.015527037655966129,314.5920708444787
-8.87953,0.0745829,0.015631171472311717,314.6669113348464
-8.84648,0.07471471,0.015750635288657333,314.74153144830325
-8.81334,0.07485317,0.015876756511231875,314.81633758788774
-8.78026,0.07498734,0.015998580327577477,314.8909911388227
-8.74718,0.07511088,0.016109774143923103,314.9656275532327
-8.7141,0.07524823,0.016234785366497653,315.04024683111777
-8.68105,0.07539041,0.01636461918284326,315.1147813241274
-8.64803,0.07552493,0.016486792999188857,315.18923107884257
-8.61491,0.07565127,0.016600794221763415,315.2638891501676
-8.58189,0.07577765,0.01671482803810901,315.3383047043385
-8.54887,0.07592013,0.01684496185445461,315.4127031840918
-8.51576,0.07606822,0.01698071307702917,315.48728730160343
-8.48274,0.07621865,0.017118796893374782,315.56165158598355
-8.44966,0.07636511,0.017252910709720383,315.6361338752749
-8.41661,0.07650907,0.01738453193229493,315.71053150392487
-8.38359,0.07664315,0.01750626574864053,315.7848445185141
-8.35057,0.07677616,0.017626929564986134,315.85914045868606
-8.31746,0.0769205,0.01775893078756069,315.933621757132
-8.28429,0.07707094,0.017897024603906297,316.00822081190387
-8.2513,0.07722157,0.018035308420251916,316.0823979582673
-8.21828,0.07734649,0.018147889642826466,316.1566254921798
-8.18526,0.07745803,0.01824708345917206,316.2308359516748
-8.15221,0.07757675,0.018353457275517668,316.30509673666745
-8.11919,0.07770961,0.01847397849809221,316.3792730318147
-8.08608,0.0778442,0.01859622231443782,316.4536343591291
-8.05302,0.07798381,0.018723486130783423,316.52786626332727
-8.01997,0.07813269,0.01886002735335797,316.60205860578895
-7.98689,0.07828068,0.018995671169703597,316.6763011650414
-7.95381,0.07841273,0.01911537498604919,316.75052658776906
-7.92088,0.07853937,0.019229676208623744,316.82439841800044
-7.88759,0.07867575,0.019353710024969342,316.8990605748566
-7.85457,0.07883247,0.019498083841314948,316.9731000368012
-7.82152,0.07899635,0.019649625063889502,317.04718966888555
-7.78853,0.07916155,0.01980247888023509,317.12112773743826
-7.75548,0.07930071,0.01992929269658071,317.19518318966203
-7.72258,0.07942964,0.020045883919155266,317.26888554626447
-7.68956,0.07956183,0.020165727735500877,317.3428396826601
-7.65651,0.07972049,0.020312041551846474,317.41684391167377
-7.62346,0.07990173,0.02048094277442103,317.4908310352303
-7.59029,0.08008831,0.02065517659076662,317.56506959711555
-7.5573,0.08025734,0.02081186040711222,317.63888820683934
-7.52443,0.08040915,0.02095133162968678,317.7124213533611
-7.49144,0.08057002,0.021099855446032406,317.7862059382677
-7.45839,0.08075019,0.021267679262378,317.86010762769985
-7.42525,0.08094204,0.021447190484952555,317.9341933868856
-7.3922,0.0811294,0.02162220430129816,318.00806081882286
-7.35924,0.08131177,0.02179222811764376,318.08171006325347
-7.32631,0.08147156,0.0219396793402183,318.155275283368
-7.29329,0.0816443,0.022100073156563912,318.2290245112413
-7.26027,0.08182566,0.022269086972909524,318.30275666469726
-7.22731,0.08198841,0.022419498195484076,318.37633781298337
-7.19432,0.08212579,0.022544532011829682,318.4499688987454
-7.16142,0.08229306,0.022699455828175286,318.5233821378596
-7.1284,0.08245867,0.02285272705074983,318.5970461022352
-7.0956,0.08261955,0.023001260867095433,318.6702023668113
-7.06249,0.08279027,0.023159634683441038,318.74403296004914
-7.02947,0.0829775,0.023334525906015577,318.8176457683946
-6.99669,0.08314393,0.023488609722361213,318.8907066464137
-6.9637,0.08331502,0.02364735353870681,318.96421858848726
-6.9305,0.08349805,0.023818044761281368,319.03818126914257
-6.89748,0.08367967,0.02398731857762696,319.11172582635646
-6.86461,0.08385858,0.024153882393972564,319.18491933436
-6.83159,0.08405197,0.024334933616547122,319.258429820303
-6.79866,0.08424266,0.024513277432892708,319.33172293986047
-6.76573,0.08444107,0.02469934124923833,319.4049990779504
-6.73277,0.08461787,0.024863802471812885,319.4783249676352
-6.69978,0.08481275,0.0250463362881585,319.5517005624611
-6.66682,0.08504084,0.0252620801045041,319.62499241181604
-6.63374,0.08527721,0.025486111327078648,319.69853399498516
-6.60078,0.08551081,0.025707365143424254,319.7717917575563
-6.56783,0.08574204,0.025926248959769846,319.8450102891833
-6.53514,0.08594589,0.026117760182344393,319.91763427076256
-6.50209,0.08614937,0.02630889399869002,319.99104101469777
-6.46913,0.08640826,0.026555437815035624,320.0642308256475
-6.43623,0.08664785,0.026782689037610163,320.13727043672094
-6.4034,0.08686037,0.026982862853955777,320.21013774788526
-6.37056,0.08707911,0.027189256670301372,320.2830103681925
-6.33766,0.08729447,0.02739227789287592,320.35599919462203
-6.30501,0.08749235,0.027577811709221522,320.4284166368863
-6.27177,0.08772178,0.027794895525567145,320.5021255453554
-6.23909,0.08795137,0.028012146748141703,320.57457579926006
-6.20631,0.08813271,0.028181140564487298,320.64723094772
-6.17336,0.08835621,0.028392294380832905,320.72024593401045
-6.14046,0.0886068,0.02863054560340745,320.79313316023917
-6.10771,0.08886437,0.028875769419753047,320.86567123909276
-6.07472,0.08914971,0.02914876323609865,320.93872391329614
-6.04189,0.08941698,0.029403694458673198,321.0114053657344
-6.00902,0.0896562,0.02963056827501883,321.08415846374805
-5.97618,0.08992779,0.029889812091364418,321.15682826451757
-5.94307,0.09020352,0.030153203313938975,321.23007843557514
-5.91054,0.09044967,0.030387007130284575,321.30202873739273
-5.87764,0.09067454,0.030599530946630177,321.3747805550781
-5.84508,0.09091253,0.03082518216920474,321.4467638415839
-5.81224,0.09116472,0.03106502598555034,321.51934933220826
-5.7791,0.09145458,0.03134253980189595,321.59258078497777
-5.74638,0.09173914,0.0316147610244705,321.6648672652926
-5.71349,0.09202833,0.031891604840816115,321.7375124207159
-5.68059,0.0923199,0.032170828657161706,321.8101627154824
-5.64778,0.09259073,0.032429319879736254,321.88259738979065
-5.61498,0.0928579,0.03268414369608186,321.9549931368649
-5.58226,0.09316254,0.032976437512427466,322.0271955228795
-5.54952,0.09348841,0.03328996873500201,322.099425261436
-5.51674,0.09378175,0.03357096255134763,322.1717264296179
-5.48406,0.09406434,0.033841206367693236,322.24379028272546
-5.4511,0.09437097,0.03413549759026779,322.31645463382574
-5.41838,0.09470052,0.034452701406613384,322.38857304851496
-5.38567,0.09500214,0.03474197522295899,322.4606526642381
-5.3531,0.09527954,0.03500703644553353,322.53240712865374
-5.32045,0.0955674,0.03528255026187914,322.60432116637446
-5.28767,0.09588294,0.03558574407822476,322.6765047449537
-5.25496,0.09619734,0.035887805300799325,322.7485174059695
-5.22221,0.09649327,0.036171389117144924,322.8206013428655
-5.18953,0.09680318,0.03646895293349052,322.8925144647084
-5.15688,0.09713848,0.03679191415606507,322.96434486925165
-5.12419,0.09746508,0.03710616797241066,323.0362465496878
-5.09154,0.09782077,0.03744951178875627,323.1080435459544
-5.05882,0.09818538,0.037801783011330824,323.1799777238255
-5.02602,0.09854857,0.03815262682767645,323.25207095277364
-4.99333,0.09892909,0.03852080064402204,323.3239056426519
-4.96077,0.09929672,0.0388760918665966,323.3954380286856
-4.92812,0.09965952,0.039226545682942204,323.4671514684697
-4.89549,0.10003,0.03958467949928779,323.53880430107705
-4.86284,0.10043,0.03997234072186236,323.61048436326234
-4.83028,0.10081,0.04033999453820795,323.6819502138021
-4.79787,0.10117,0.040687648354553574,323.7530703423161
-4.76512,0.10155,0.04105530957712812,323.82491985374924
-4.73241,0.10195,0.041442963393473725,323.8966648444846
-4.70006,0.10233,0.04181061720981933,323.96760374385184
-4.6674,0.10275,0.04221827843239387,324.0392058037893
-4.63481,0.10318,0.042635932248739475,324.1106377489463
-4.60225,0.10358,0.043023586065085086,324.1819873293606
-4.56975,0.10396,0.043391247287659626,324.25318887406064
-4.53725,0.10432,0.043738901104005246,324.3243738778857
-4.50465,0.10473,0.04413655492035086,324.39576129519577
-4.47215,0.10515,0.0445442161429254,324.46691316637583
-4.43947,0.10564,0.045021869959271,324.5384424309125
-4.407,0.10611,0.045479523775616607,324.6094954883301
-4.37459,0.1065,0.04585718499819116,324.6804007850588
-4.34209,0.10686,0.046204838814536756,324.75148646220185
-4.30974,0.10725,0.04658249263088238,324.8222276250668
-4.27724,0.10772,0.04704015385345693,324.8932802968022
-4.24461,0.10825,0.04755780766980253,324.96460053897204
-4.21214,0.10876,0.04805546148614813,325.0355545139378
-4.1797,0.1092,0.048483122708722695,325.10642644493527
-4.14739,0.10962,0.048890776525068284,325.1769979829514
-4.11495,0.11011,0.04936843034141389,325.24783702027537
-4.08241,0.11065,0.04989609156398844,325.31887787087464
-4.04997,0.1112,0.05043374538033406,325.389683897683
-4.01775,0.11174,0.05096139919667967,325.4599934230607
-3.98512,0.1123,0.05150906041925421,325.5311810695253
-3.95296,0.11287,0.05206671423559982,325.60132701967666
-3.92061,0.11338,0.052564368051945407,325.67187104889445
-3.88838,0.11388,0.05305202927451996,325.742137102639
-3.85609,0.11439,0.05354968309086558,325.81251765241024
-3.82375,0.115,0.0541473369072112,325.8829908183906
-3.79149,0.11572,0.05485499812978575,325.9532733360306
-3.75932,0.11643,0.05555265194613135,326.0233435478674
-3.72719,0.1171,0.056210305762476945,326.09331045833153
-3.69505,0.11765,0.056747966985051496,326.1632829710455
-3.66295,0.11819,0.0572756208013971,326.2331522528394
-3.63084,0.11881,0.057883274617742696,326.3030271570032
-3.59862,0.11944,0.05850093584031725,326.3731252039686
-3.56651,0.12005,0.05909858965666288,326.44296776026783
-3.53438,0.12071,0.05974624347300847,326.5128376572622
-3.50227,0.12136,0.060383904695583024,326.5826479109528
-3.4702,0.12201,0.061021558511928614,326.65235508464684
-3.43803,0.1227,0.06169921232827423,326.7222634363005
-3.40602,0.12343,0.062416873550848774,326.7918080073577
-3.37398,0.12428,0.06325452736719438,326.86140168765365
-3.342,0.12503,0.06399218118354,326.93084901188007
-3.3102,0.12562,0.06456984240611456,326.9998895697668
-3.27803,0.12642,0.06535749622246015,327.06971731626857
-3.24614,0.12729,0.06621515003880574,327.1389213030361
-3.21425,0.12798,0.06689281126138032,327.2081093640207
-3.18242,0.12867,0.0675704650777259,327.27715136904845
-3.15035,0.12928,0.06816811889407151,327.34669790889086
-3.11849,0.12999,0.06886578011664606,327.4157730975389
-3.08647,0.13089,0.06975343393299169,327.4851791640131
-3.0547,0.13184,0.0706910877493373,327.55402746593523
-3.0229,0.13257,0.07140874897191182,327.6229249518697
-2.9911,0.13338,0.07220640278825743,327.6918066017857
-2.95931,0.13432,0.07313405660460304,327.76065076225615
-2.92766,0.13521,0.07401171782717758,327.82917601821805
-2.89592,0.13604,0.07482937164352318,327.8978803787787
-2.86427,0.13687,0.0756470254598688,327.9663742161845
-2.8326,0.13783,0.07659468668244337,328.0348956337892
-2.80095,0.1389,0.07765234049878895,328.10335808733345
-2.76952,0.13979,0.07852999431513456,328.171329132732
-2.7379,0.14063,0.07935765553770913,328.23969546510966
-2.70628,0.14159,0.08030530935405471,328.30804614023737
-2.67476,0.14266,0.08136296317040033,328.37616506951906
-2.64336,0.14371,0.08240062439297487,328.44400919313847
-2.61189,0.14463,0.08330827820932049,328.5119890698165
-2.58043,0.14572,0.08438593202566608,328.57993184334833
-2.54906,0.14691,0.08556359324824066,328.64766481510145
-2.51772,0.14786,0.08650124706458623,328.71531762339254
-2.48641,0.14871,0.08733890088093185,328.7828903123922
-2.45491,0.14991,0.08852656210350639,328.85085756426366
-2.42375,0.15122,0.08982421591985199,328.9180759133907
-2.3925,0.15228,0.09087186973619762,328.98547313956254
-2.36125,0.15339,0.09196953095877217,329.0528550727657
-2.33009,0.15458,0.09314718477511777,329.1200277190346
-2.29897,0.15578,0.09433483859146337,329.1870989602332
-2.26784,0.15708,0.09562249981403792,329.2541765805804
-2.23683,0.15834,0.09687015363038354,329.32098054184513
-2.20595,0.15947,0.09798780744672912,329.3874894833985
-2.17479,0.16072,0.09922546866930368,329.4545863486098
-2.14391,0.16213,0.1006231224856493,329.5210652888102
-2.11305,0.16341,0.1018907763019949,329.58748625423146
-2.08211,0.16462,0.10308843752456943,329.6540644345321
-2.05122,0.16581,0.10426609134091507,329.72052006768587
-2.02031,0.16708,0.10552374515726065,329.78700377095555
-1.9894,0.1687,0.10713140637983519,329.85347251222123
-1.95879,0.1703,0.10871906019618081,329.9192813897921
-1.92818,0.17164,0.11004671401252641,329.9850755943799
-1.89745,0.17296,0.11135437523510097,330.05111297178547
-1.86684,0.17433,0.11271202905144659,330.1168777728847
-1.83614,0.1759,0.11426968286779218,330.1828211989201
-1.80565,0.17765,0.11600734409036673,330.2482989378468
-1.77544,0.17914,0.11748499790671232,330.31316101427416
-1.7448,0.18052,0.11885265172305795,330.37893171927686
-1.71449,0.1822,0.12052031294563248,330.44397959323237
-1.68407,0.1839,0.12220796676197812,330.5092490714808
-1.65395,0.18572,0.1240156205783237,330.57386058878245
-1.62364,0.18775,0.12603328180089826,330.6388653403676
-1.59383,0.18952,0.12779093561724386,330.70278372744053
-1.5638,0.19073,0.12898858943358948,330.76715976645477
-1.53346,0.19225,0.13049625065616402,330.8321860183544
-1.50337,0.19418,0.1324139044725096,330.89666221977546
-1.47347,0.19596,0.13418155828885522,330.9607172486257
-1.44344,0.19772,0.13592921951142978,331.02503668596694
-1.41353,0.19973,0.13792687332777537,331.0890850649132
-1.38371,0.20166,0.139844527144121,331.1529267741591
-1.35396,0.20347,0.14164218836669557,331.21660474385317
-1.3243,0.20543,0.14358984218304116,331.2800762770633
-1.29445,0.20751,0.14565749599938674,331.3439404957165
-1.265,0.20954,0.14767515722196128,331.40693523825007
-1.23549,0.21144,0.1495628110383069,331.470044699721
-1.20601,0.21341,0.1515204648546525,331.53307638725965
-1.17644,0.21565,0.15374812607722707,331.59628683329373
-1.14717,0.2182,0.15628577989357267,331.6588424977603
-1.11803,0.22048,0.15855343370991828,331.72110699983665
-1.08888,0.22256,0.16062109493249282,331.78337956490606
-1.05977,0.22471,0.16275874874883842,331.8455533994938
-1.03059,0.227,0.16503640256518404,331.9078634236924
-1.00154,0.22962,0.1676440637877586,331.9698826050304
-0.97279,0.23208,0.1700917176041042,332.03124830139257
-0.94389,0.23436,0.17235937142044983,332.0929211211597
-0.91509,0.23677,0.17475703264302436,332.15436752858557
-0.88631,0.2393,0.17727468645936995,332.215758289392
-0.85768,0.24195,0.17991234027571557,332.2768162146878
-0.82912,0.2448,0.1827500014982901,332.3377120650005
-0.80077,0.2476,0.18553765531463573,332.3981475187976
-0.77251,0.2504,0.18832530913098133,332.45837858758824
-0.74425,0.25345,0.19136297035355587,332.51859714987063
-0.71645,0.25649,0.19439062416990147,332.5778233062824
-0.68849,0.25948,0.19736827798624706,332.6373781253008
-0.66072,0.26284,0.20071593920882164,332.6965161263089
-0.63326,0.26613,0.2039935930251672,332.7549820872779
-0.60579,0.26935,0.20720124684151284,332.81345752466626
-0.57842,0.27286,0.2106989080640874,332.8717083392772
-0.55132,0.27649,0.21431656188043302,332.9293729621971
-0.52434,0.2802,0.21801421569677862,332.9867708190293
-0.49751,0.28393,0.22173187691935317,333.0438382581533
-0.47099,0.28771,0.22549953073569878,333.1002352487279
-0.44432,0.29182,0.2295971845520444,333.15694011934545
-0.41829,0.29594,0.2337048457746189,333.21227350211626
-0.39217,0.30012,0.23787249959096451,333.2677875370713
-0.36626,0.30455,0.24229015340731014,333.3228446937851
-0.34081,0.30907,0.2467978146298847,333.3769141440988
-0.31523,0.31362,0.2513354684462303,333.43124956326886
-0.2903,0.31822,0.2559231222625759,333.4841944338753
-0.26509,0.32283,0.26052078348515045,333.5377240546956
-0.24028,0.32774,0.265418437301496,333.5903946190342
-0.21562,0.33273,0.2703960911178417,333.6427371877622
-0.19127,0.33781,0.2754637523404162,333.6944124156131
-0.16695,0.34302,0.28066140615676183,333.7460147098715
-0.14296,0.34832,0.28594905997310743,333.7969077338927
-0.11919,0.35357,0.29118672119568195,333.8473251550148
-0.09551,0.3588,0.2964043750120276,333.8975428834865
-0.07201,0.3636,0.30119202882837315,333.9473702080041
-0.04839,0.36787,0.3054496900509477,333.9974432553339
-0.02455,0.37203,0.3095973438672934,334.0479738308395
-0.0005,0.37685,0.31440499768363894,334.0989404980425
0.02333,0.38241,0.3199526589062135,334.14943200821796
0.04686,0.38939,0.3269203127225591,334.1992791464193
0.0695,0.39802,0.33553796653890466,334.24723267914254
0.09102,0.40873,0.3462356277614792,334.2928065112657
0.11076,0.4216,0.35909328157782483,334.33460438330144
0.12846,0.43584,0.3733209353941705,334.37207752956243
0.14412,0.45035,0.387818596616745,334.40522764640247
0.15822,0.46426,0.4017162504330906,334.43507216715943
0.17116,0.47731,0.41475390424943626,334.46245865431194
0.1833,0.48969,0.4271215654720108,334.4881496206913
0.19527,0.50129,0.4387092192883564,334.51347856918017
0.20686,0.51201,0.4494168731047019,334.5380012860034
0.21864,0.52043,0.4578245343272765,334.5629238589896
0.231,0.52236,0.4597421881436222,334.58907118337004
0.24617,0.50935,0.4467198419599677,334.62115973459254
0.2708,0.47786,0.4152175031825423,334.6732510054289
0.30775,0.43714,0.37448515699888785,334.75138067021066
0.3589,0.40563,0.3429628108152335,334.85950052388574
0.41377,0.39429,0.331610472037808,334.975438090051
0.464,0.39753,0.3348381258541536,335.08153023232
0.5088,0.40614,0.34343577967049926,335.1761201896448
0.54912,0.41517,0.35245344089307384,335.26122427837646
0.58614,0.42267,0.35994109470941943,335.33934058442014
0.62086,0.42847,0.36572874852576504,335.41258413229696
0.65428,0.43337,0.37061640974833954,335.4830674354469
0.68654,0.43808,0.3753140635646852,335.55108768994637
0.71776,0.44265,0.37987171738103076,335.61689958516024
0.74773,0.44659,0.38379937860360536,335.6800621158028
0.77733,0.4498,0.3869970324199509,335.7424310556968
0.80675,0.45287,0.3900546862362966,335.8044071292457
0.83574,0.45635,0.3935223474588711,335.8654641076483
0.86461,0.46052,0.3976800012752167,335.92625526996017
0.89244,0.46522,0.40236765509156236,335.9848441631274
0.91984,0.47046,0.40759531631413687,336.0425159529516
0.94643,0.47609,0.41321297013048247,336.0984716060975
0.97237,0.48141,0.4185206239468281,336.15304873824573
0.99791,0.48646,0.42355828516940264,336.20677398519774
1.02333,0.49172,0.42880593898574826,336.2602366604179
1.04793,0.49678,0.43385359280209385,336.31196509845927
1.07274,0.50136,0.4384212540246684,336.36412552222754
1.09737,0.50576,0.442808907841014,336.41589798022073
1.12205,0.51009,0.44712656165735964,336.4677660097344
1.14674,0.51456,0.45158422287993416,336.51964551112593
1.17134,0.51927,0.4562818766962798,336.5713264071925
1.19575,0.52407,0.4610695305126254,336.62259877457063
1.21995,0.52895,0.4659371917352,336.6734208332404
1.24425,0.53359,0.47056484555154554,336.7244436723707
1.26823,0.53806,0.4750224993678911,336.7747855405834
1.29268,0.54255,0.47950016059046563,336.8261048210099
1.3167,0.54672,0.48365781440681127,336.87651243769136
1.34099,0.55041,0.4873354682231569,336.9274774797698
1.36568,0.55438,0.49129312944573145,336.9792723290174
1.39018,0.55847,0.49537078326207706,337.0306591586143
1.4149,0.56224,0.4991284370784226,337.0824978940617
1.43965,0.56582,0.5026960983009972,337.1343899536808
1.46477,0.56947,0.5063337521173428,337.18704796447275
1.48979,0.573,0.5098514059336884,337.23948652666877
1.51509,0.57637,0.513209067156263,337.29250196294555
1.54069,0.57992,0.5167467209726085,337.3461358379561
1.56602,0.58355,0.5203643747889541,337.39919394204566
1.5916,0.58691,0.5237120360115288,337.4527655179153
1.61726,0.59028,0.5270696898278744,337.5064943408235
1.64311,0.59361,0.5303873436442199,337.5606105740034
1.66902,0.59662,0.5333850048667945,337.61484191463603
1.69514,0.59935,0.5361026586831401,337.6695021579785
1.72163,0.60199,0.5387303124994858,337.7249257728205
1.74831,0.60506,0.5417879737220603,337.7807358070867
1.77483,0.60817,0.5448856275384059,337.83620010142874
1.80156,0.61085,0.5475532813547515,337.89209244766494
1.82844,0.61333,0.550020942577326,337.9482871601129
1.8557,0.61575,0.5524285963936716,338.0052647359033
1.88295,0.61811,0.5547762502100173,338.0622097794995
1.91054,0.62016,0.5568139114325918,338.1198534829929
1.93831,0.62199,0.5586315652489374,338.1778612225127
1.96638,0.6233,0.5599292190652829,338.23648334811656
1.99495,0.62432,0.5609368802878575,338.2961370163155
2.02385,0.62533,0.5619345341042032,338.3564667141198
2.05308,0.62617,0.5627621879205488,338.4174719934815
2.0829,0.62688,0.5634598491431233,338.4796948610297
2.11269,0.62718,0.5637475029594688,338.5418412257473
2.14311,0.62643,0.5629851567758146,338.6052875227034
2.1743,0.62499,0.5615328179983892,338.6703247447634
2.20647,0.62322,0.5597504718147347,338.7373894977892
2.23912,0.62138,0.5578981256310803,338.8054383349285
2.27241,0.61919,0.5556957868536548,338.8748038663606
2.30623,0.6163,0.5527934406700004,338.94525597395506
2.34105,0.61241,0.548891094486346,339.0177725167474
2.37685,0.60729,0.5437587557089205,339.0923102233268
2.41392,0.60077,0.5372264095252662,339.16947099352916
2.4525,0.5931,0.5295440633416117,339.2497519585625
2.49275,0.58451,0.5209417245641863,339.33348317593567
2.5345,0.57566,0.5120793783805319,339.42030800534246
2.57777,0.56811,0.5045170321968776,339.5102650773062
2.62147,0.56253,0.49892469341945206,339.6010863481562
2.66472,0.55757,0.49395234723579773,339.69094294312816
2.70799,0.55183,0.48820000105214334,339.780811776952
2.75163,0.54477,0.48112766227471787,339.87141937824646
2.796,0.53609,0.47243531609106343,339.96351206672
2.84169,0.52587,0.46220296990740906,340.0583122779007
2.88866,0.51439,0.45071063112998366,340.15573422785656
2.93709,0.50137,0.4376782849463292,340.25614823325884
2.98729,0.48575,0.4220459387626748,340.36019336090965
3.03999,0.46697,0.40325359998524934,340.46937755806323
3.09557,0.44438,0.38065125380159504,340.5844814351171
3.15507,0.41713,0.3533889076179406,340.7076498557007
3.21934,0.38623,0.3224765688405152,340.8406301652212
3.28883,0.35486,0.2910942226568608,340.9843383363195
3.36183,0.32572,0.2619418764732064,341.1352238855701
3.43727,0.30043,0.2366395376957809,341.2910650498358
3.51305,0.279,0.21519719151212655,341.44751884603147
3.58849,0.2608,0.1969848453284721,341.60318136044083
3.6627,0.24514,0.1813125065510467,341.75621894279925
3.73521,0.23121,0.16737016036739227,341.90566744498375
3.8062,0.21855,0.15469781418373788,342.0519033494148
3.87514,0.20747,0.1436054754063124,342.19384082054654
3.94221,0.19759,0.13371312922265804,342.33185680587354
4.00719,0.18861,0.12472078303900364,342.4655048236195
4.0703,0.18,0.11609844426157818,342.59524341143526
4.1317,0.17215,0.10823609807792381,342.72140680151136
4.19148,0.16492,0.10099375189426943,342.8441847290572
4.2494,0.15826,0.09432141311684397,342.9630891551812
4.30589,0.15205,0.08809906693318956,343.07900731754086
4.36073,0.14632,0.08235672074953518,343.1914918551794
4.41423,0.14079,0.07681438197210971,343.30118248056056
4.46678,0.13591,0.07192203578845532,343.40888169245943
4.51765,0.1313,0.06729968960480094,343.51309661527887
4.56743,0.1269,0.06288735082737551,343.6150392764177
4.61638,0.1228,0.05877500464372111,343.7152443694966
4.66392,0.11898,0.0549426584600667,343.81252714732915
4.71086,0.11549,0.05144031968264125,343.908547398813
4.75673,0.11234,0.04827797349898684,344.00234552930664
4.80171,0.10916,0.045085627315332444,344.09429172982436
4.84605,0.10621,0.042123288537907005,344.18489865928245
4.88957,0.10352,0.03942094235425263,344.2738000138342
4.93257,0.10111,0.036998596170598225,344.3616099975177
4.97478,0.09874828,0.03462453739317277,344.4477785657411
5.01656,0.09651922,0.032383131209518384,344.533041844751
5.05766,0.09452656,0.03037812502586397,344.6168907297901
5.09822,0.09262209,0.028461316248438534,344.6996120166715
5.13829,0.09062465,0.026451530064784123,344.78130866110826
5.17815,0.08896068,0.024775213881129757,344.86255220098184
5.21751,0.08765538,0.023457575103704303,344.9427522150013
5.25606,0.08621465,0.02200449892004991,345.0212782545542
5.29463,0.08463109,0.020408592736395517,345.09982174346703
5.33293,0.08333026,0.019095423958970056,345.1777923551262
5.37071,0.08223375,0.017986567775315654,345.25468185217085
5.40816,0.0811491,0.016889571591661268,345.3308776763948
5.44542,0.0800968,0.015824932814235804,345.40666513001486
5.48241,0.07912222,0.014838006630581421,345.48188189403464
5.51918,0.07818619,0.013889630446927037,345.55663006615913
5.55562,0.07751231,0.013203411669501591,345.6306865066341
5.59199,0.07674786,0.012426615485847184,345.70457995258647
5.62785,0.07580416,0.011470569302192785,345.7774169432759
5.66411,0.07495235,0.010606420524767346,345.85104591741884
5.69981,0.07447201,0.010113734341112943,345.9235176494974
5.73549,0.07394737,0.009576748157458556,345.99592883942114
5.77089,0.07330181,0.008918849380033109,346.0677520779999
5.80629,0.07274254,0.0083472331963787,346.1395556920931
5.84151,0.07238641,0.00797875701272431,346.2109747280029
5.87654,0.0718915,0.007471508235298865,346.28198921383034
5.91151,0.07136542,0.00693308205164446,346.3528628977409
5.94649,0.07096674,0.0065220558679900675,346.4237376898036
5.98122,0.07063529,0.006178267090564626,346.49408698724983
6.01591,0.0702917,0.005822330906910242,346.564336404407
6.05049,0.06996425,0.005482534723255855,346.6343443090501
6.08504,0.06970034,0.005206285945830391,346.7042727765935
6.11946,0.0695897,0.005083299762176002,346.7739195388848
6.15355,0.0693047,0.004785953578521601,346.8428802793724
6.18791,0.06893086,0.004399774801096143,346.91236878778375
6.22218,0.06877895,0.004235518617441758,346.98165686745267
6.25618,0.06847229,0.003916512433787378,347.0503808784535
6.29042,0.06811485,0.0035467336563619334,347.11957170503075
6.32454,0.06794173,0.003361267472707527,347.18850177736323
6.3585,0.06773889,0.0031460812890531237,347.2570905107825
6.39259,0.06758068,0.0029755325116276737,347.32592363990955
6.4265,0.06747282,0.002855326327973279,347.39437526538245
6.46043,0.06741188,0.002782040144318876,347.4628492402042
6.49428,0.06751267,0.002870491366893421,347.53114380261496
6.52788,0.06747227,0.0028177451832390454,347.5989162285848
6.56166,0.06719323,0.0025263589995846575,347.6670338992877
6.59541,0.06697464,0.0022954302221592088,347.7350732290768
6.6291,0.06690599,0.002214434038504798,347.80297380987776
6.66283,0.06684642,0.0021425178548504092,347.8709372027423
6.69658,0.06680906,0.002092819077424951,347.93892306165714
6.73003,0.06679234,0.0020637528937705596,348.006287001239
6.76378,0.06673228,0.001991346710116193,348.07423734327386
6.79723,0.06659319,0.0018399179326907267,348.1415660816813
6.83089,0.0662967,0.0015310817490363365,348.2092998243559
6.86464,0.0661939,0.0014159355653819289,348.27719685935926
6.89821,0.06617111,0.00138080678795649,348.34471408157196
6.93181,0.06612228,0.0013196306043020967,348.41227396927013
6.96544,0.06622711,0.0014121144206476893,348.47987647509814
6.99892,0.06620392,0.001376585643222239,348.5471598604671
7.03239,0.06603345,0.0011937694595678533,348.6144056036523
7.06596,0.0659586,0.0011065732759134722,348.68183463864995
7.09932,0.06601588,0.0011515144984880071,348.74882438285937
7.13289,0.0660537,0.0011769883148336213,348.81621823234104
7.16615,0.06600069,0.0011116321311792077,348.8829723334099
7.19966,0.06590312,0.0010017233537537584,348.95021067477484
7.23308,0.06587048,0.0009567371700993643,349.01725091557745
7.26649,0.06574578,0.000819690986444993,349.0842536137156
7.29997,0.06561644,0.0006780122090195295,349.15137915953295
7.33345,0.06562699,0.0006762160253651339,349.2184871518935
7.36687,0.06571957,0.000756449841710749,349.2854573727363
7.40022,0.06574504,0.0007695810642852907,349.352269885141
7.43361,0.06570022,0.0007124148806308961,349.41914508374066
7.46709,0.06573153,0.0007313786969764952,349.48618300907674
7.50038,0.0657608,0.0007483099195510351,349.5528230878694
7.53377,0.06569854,0.0006737037358966746,349.619645914067
7.56709,0.06554449,0.0005073075522422643,349.6863112461368
7.60057,0.06548119,0.000431668774816818,349.7532791883361
7.63411,0.06557133,0.0005094625911624268,349.8203495440969
7.66737,0.06564094,0.000566726407508017,349.88684258392675
7.7007,0.06564952,0.0005629676300825809,349.9534581887633
7.73402,0.06558845,0.0004895514464281769,350.0200364182281
7.76741,0.06547658,0.00036533526277379713,350.0867370770136
7.80083,0.06538444,0.0002608564853483486,350.153480181766
7.83421,0.06537402,0.00023809030169395784,350.2201259432823
7.86769,0.0654552,0.00030692411803955044,350.28695383532033
7.90102,0.06555597,0.0003953553406141064,350.35346488357374
7.93434,0.06556591,0.00039294915695971266,350.41993858782536
7.96767,0.06551833,0.00033302297330529973,350.4864148482577
8.00093,0.06547084,0.0002731941958798584,350.55273415282784
8.03435,0.06547952,0.0002695280122254756,350.6193550432069
8.0677,0.06548305,0.00026071182857108355,350.68581895683934
8.10097,0.06548174,0.0002470630511456212,350.7521060820128
8.13435,0.06550277,0.00025574686749123277,350.81859495110683
8.16768,0.06553717,0.000277800683836843,350.8849668167599
8.20106,0.06554043,0.00026872190641137605,350.9514208144822
8.2343,0.06555261,0.0002685557227569829,351.0175787564834
8.26762,0.06556189,0.00026548953910260353,351.08387855816386
8.30098,0.06553553,0.0002267907616771564,351.15024053404005
8.33437,0.06551358,0.00019249457802275605,351.21664473658524
8.36754,0.06552646,0.00019302839436835528,351.28259412814805
8.40092,0.06555819,0.00021241961694291878,351.3489436528927
8.43434,0.06558102,0.0002229034332885127,351.4153552056253
8.46767,0.0656104,0.00023993724963411456,351.48157049215774
8.50084,0.06562105,0.0002382484722086714,351.54745064207515
8.53407,0.06559234,0.00019719228855429038,351.61343268351084
8.56752,0.06559643,0.0001889361048998811,351.67983409621837
8.60084,0.06562721,0.00020737732747444504,351.74596002663515
8.63402,0.06560407,0.00017189114382003268,351.8117908403481
8.6674,0.06557899,0.00013446496016564224,351.87800106778917
8.70076,0.06559265,0.00013578618274019683,351.94415419155746
8.73411,0.06558307,0.00011385999908578026,352.01027006523685
8.76729,0.06555532,7.37638154314213e-05,352.0760316320177
8.80077,0.06556316,6.92650380059584e-05,352.14237031319766
8.83406,0.06559509,8.88488543515642e-05,352.2083151160655
8.86742,0.06561071,9.212267069717839e-05,352.2743811737164
8.90068,0.06563105,0.00010012389327171412,352.3402318420595
8.93413,0.06564788,0.00010460770961732979,352.40644121455045
8.96736,0.06564686,9.124152596293178e-05,352.472197779756
9.00063,0.06563608,6.812274853747191e-05,352.5380161746923
9.03389,0.0656498,6.949656488308698e-05,352.60379746039365
9.06718,0.06565879,6.61403812286937e-05,352.6696207328168
9.10048,0.06566498,5.9991603803252747e-05,352.735446415316
9.13383,0.06568764,7.030542014885288e-05,352.8013535308285
9.16716,0.06571192,8.223923649444687e-05,352.86720372009444
9.20052,0.06572014,7.812045906899212e-05,352.93309576044277
9.23369,0.06570348,4.9114275414596786e-05,352.998595237144
9.26707,0.06570564,3.892809176021805e-05,353.06449199860623
9.30037,0.06571767,3.861931433478405e-05,353.13021344286807
9.33366,0.06572552,3.412313068036632e-05,353.19589779356454
9.36696,0.0657325,2.875694702597631e-05,353.2615845126063
9.40028,0.06572288,6.798169600530368e-06,353.3272933022662
9.4337,0.06573386,5.43198594613048e-06,353.3931818327473
9.46709,0.06575879,1.8015802291729277e-05,353.45899375027676
9.50032,0.0657795,2.638702486627842e-05,353.5244729727982
9.53371,0.06579025,2.4790841211902448e-05,353.59025005556913
9.56685,0.06578236,4.554657557512276e-06,353.65551738383687
9.60023,0.06577186,-1.8284119867942317e-05,353.72123999230587
9.63356,0.0657942,-8.290303522340281e-06,353.7868467451177
9.66688,0.06581495,1.1351282325211542e-07,353.85241642524363
9.70015,0.06581402,-1.3155264602188188e-05,353.9178703645238
9.73341,0.06580577,-3.375144825658316e-05,353.983287304114
9.76674,0.0657983,-5.356763191095848e-05,354.04882454391793
9.8,0.06579917,-6.503640933641641e-05,354.11420680000003
9.83351,0.06581565,-6.09025929908108e-05,354.1800629848556
9.86674,0.06582651,-6.238877664521691e-05,354.24535152907794
9.90007,0.06581345,-8.778755407067018e-05,354.3108191775817
9.93336,0.06579436,-0.00011922373772506323,354.3761908918344
9.96663,0.06577481,-0.00015111992137946395,354.4415059928495
10.00001,0.06577042,-0.00016784869880491493,354.50701962399916
10.03334,0.06578458,-0.00016603488245929554,354.5724177125197
10.06667,0.06579635,-0.00016661106611368104,354.6377984045199
10.0999,0.06578695,-0.00018834984353914563,354.70296561652174
10.13325,0.06578541,-0.00020223602719353362,354.7683507739456
10.16661,0.06580698,-0.00019301221084792874,354.8337381118748
10.2,0.06582475,-0.00018758098827338643,354.8991668
10.23338,0.06583109,-0.00019358717192778652,354.964558441463
10.26668,0.06584556,-0.00019146335558216376,355.02977597631866
10.29982,0.0658505,-0.00019886213300759903,355.0946629133864
10.33321,0.06584238,-0.00021932831666199304,355.1600219476809
10.36659,0.06583316,-0.0002408945003164048,355.22534395617396
10.39989,0.0658211,-0.00026529327774185707,355.2904920249453
10.43312,0.06580866,-0.0002900794613962393,355.3554858353236
10.46654,0.06580531,-0.00030577564505064603,355.42083382155437
10.49989,0.06581934,-0.0003040844224760919,355.4860274972052
10.53322,0.06582461,-0.00031116060613047003,355.5511646744595
10.56642,0.0658225,-0.0003256167897848772,355.6160304964436
10.59984,0.06582497,-0.00033548556721033074,355.6813087191595
10.63325,0.06584051,-0.0003322917508647161,355.74654992644565
10.66664,0.06585974,-0.00032540793451912853,355.81173461439437
10.6999,0.06587196,-0.00032552671194457927,355.87664815612175
10.73323,0.06587498,-0.0003348528955989666,355.9416809385964
10.76652,0.06587626,-0.0003459190792533401,356.0066183087116
10.7997,0.06585686,-0.0003776578566788008,356.0713238376953
10.83305,0.06583366,-0.00041320404033319547,356.1363435168715
10.86635,0.06583425,-0.00042496022398759437,356.2012483370149
10.8997,0.06585097,-0.0004205790014130545,356.2662332074953
10.933,0.06585739,-0.00042650518506744117,356.33110327112996
10.96623,0.06585369,-0.0004425513687218302,356.395819660767
10.99962,0.06585694,-0.00045164014614729187,356.46083023766937
11.03297,0.06587201,-0.00044891632980166574,356.52574550642635
11.0663,0.06588591,-0.00044736251345606215,356.59060444374734
11.09972,0.0659041,-0.00044151129088151886,356.6556210506661
11.13304,0.06592243,-0.00043552747453591556,356.72042570140627
11.16624,0.06591944,-0.0004508636581903175,356.7849796697746
11.1996,0.06591687,-0.000465772435615755,356.8498273555472
11.23292,0.06593335,-0.00046163861927016325,356.91457988978226
11.26619,0.06593386,-0.0004734748029245478,356.97921790938096
11.29948,0.06592804,-0.0004916335803499955,357.04387743604286
11.33278,0.06591974,-0.000512279764004378,357.1085390232027
11.36607,0.06590699,-0.0005373759476587914,357.17316383507244
11.39946,0.06589855,-0.0005581547250842339,357.2379653406768
11.43266,0.06589675,-0.0005723009087386377,357.3023807940901
11.46608,0.0658977,-0.0005836970923930318,357.3672056638651
11.49934,0.06589554,-0.0005981958698184769,357.4317028159893
11.53267,0.06588851,-0.0006175720534728618,357.49631833251476
11.56605,0.06588732,-0.0006311082371272536,357.56101334632245
11.59941,0.06588231,-0.0006484570145527113,357.6256521643144
11.63283,0.06587833,-0.0006647831982071056,357.6903897642764
11.66618,0.06588066,-0.0006747993818615045,357.75497433214554
11.69957,0.06588596,-0.0006818381592869627,357.81961891401227
11.73289,0.06588907,-0.0006910743429413557,357.8841105683011
11.76622,0.06587776,-0.000714730526595736,357.94860418391784
11.79948,0.06587125,-0.0007335793040211674,358.0129450076428
11.83278,0.06587742,-0.0007397554876755752,358.0773458558027
11.86613,0.0658889,-0.0007406216713299746,358.1418259975849
11.89943,0.06590872,-0.000733140448755415,358.206192089236
11.93281,0.06592869,-0.0007255166324098283,358.27069538629564
11.96614,0.06594351,-0.0007230428160642233,358.33508465410813
11.9994,0.06595986,-0.0007190315934896829,358.39932134918115
12.0327,0.06596475,-0.0007264877771440553,358.4636179434593
12.06618,0.06596586,-0.0007377239607984504,358.5282445806255
12.09941,0.06596965,-0.000746272738223891,358.59237128401435
12.13267,0.06597039,-0.0007578789218782994,358.65653856519475
12.166,0.06596822,-0.0007723951055327027,358.72082351652006
12.19923,0.0659591,-0.0007938538829581343,358.7848982753976
12.23256,0.06595424,-0.0008110600666125511,358.84914848587727
12.26579,0.06595502,-0.0008226262502669113,358.9131886081423
12.29909,0.06595156,-0.000838425027692366,358.977346285896
12.3325,0.06595398,-0.0008483512113467706,359.0416984445625
12.36589,0.06595872,-0.0008559573950011612,359.10599461609684
12.39912,0.0659536,-0.0008734161724266165,359.16996535585645
12.43245,0.06594612,-0.0008932423560810143,359.2341112341905
12.46583,0.06594053,-0.0009111785397354216,359.29833590527886
12.49916,0.0659397,-0.000924347317160859,359.3624469644752
12.53255,0.06593495,-0.0009414435008152366,359.4266559915955
12.56581,0.06591959,-0.0009691496844696362,359.49059767111373
12.59914,0.06590042,-0.0010006584618950931,359.55465654596895
12.63249,0.06588604,-0.0010273846455494812,359.6187364478113
12.66585,0.06588241,-0.0010433608292038932,359.6828181387778
12.69926,0.06588073,-0.0010573796066293412,359.7469784083923
12.73256,0.06587723,-0.0010732257902837383,359.8109100410773
12.76598,0.06587632,-0.001086481973938111,359.8750545988281
12.7993,0.06587271,-0.0011024307513635562,359.93898980976337
12.8326,0.06586586,-0.0011216269350179664,360.00286927378926
12.86604,0.06586448,-0.0011353531186723553,360.0669998252451
12.89937,0.06586158,-0.0011505918960978134,360.13090199571224
12.93275,0.06586754,-0.0011569780797522078,360.19488259333565
12.96611,0.06587643,-0.001160434263406604,360.2588074231937
12.9994,0.06588189,-0.0011673130408320631,360.3225807451812
13.03279,0.06588024,-0.001181309224486421,360.38652820310847
13.06615,0.06588248,-0.0011914154081408418,360.45040077030984
13.0995,0.06589239,-0.001193844185566284,360.5142367710425
13.13283,0.06591567,-0.0011829103692206772,360.57801708757637
13.16621,0.06593799,-0.0011729365528750785,360.6418756484671
13.19954,0.06595418,-0.0011690853303005233,360.70562114586323
13.23286,0.06596838,-0.001167231513954925,360.7693301290058
13.2661,0.06598296,-0.0011649976976093185,360.83286882588567
13.29948,0.06599727,-0.001163026475034759,360.89665772244285
13.33275,0.06600929,-0.0011633526586891513,360.9602190473356
13.3661,0.06600972,-0.001175268842343563,361.0239158132858
13.39937,0.06599966,-0.0011976676197689995,361.08744242861223
13.4326,0.06599135,-0.0012183238034233906,361.1508753641892
13.4659,0.06599311,-0.0012289099870778086,361.2144245761977
13.49919,0.06599308,-0.0012412787645032508,361.2779373469628
13.53252,0.06598906,-0.001257644948157624,361.34150904618036
13.56578,0.06598129,-0.0012777611318120219,361.4049298897243
13.59907,0.06598146,-0.0012899299092374722,361.4683905909078
13.63243,0.06598447,-0.0012992660928918681,361.53196732347067
13.66579,0.06598878,-0.0013073022765462683,361.59552662818237
13.69923,0.06599507,-0.0013133510539717203,361.6592208626976
13.73253,0.06599389,-0.0013268772376261173,361.72263103302697
13.76576,0.0659944,-0.0013387134212805019,361.7858905982034
13.79909,0.0659997,-0.0013457521987059462,361.84932316179595
13.83247,0.06600248,-0.001355318382360332,361.912833448064
13.86577,0.0659974,-0.0013727445660147441,361.9761741366646
13.89909,0.06598528,-0.0013972033434401926,362.03953548685604
13.93239,0.0659796,-0.0014152295270945942,362.1028414345923
13.96577,0.06598431,-0.0014228657107489828,362.16628204084464
13.99916,0.06600639,-0.0014131244881744331,362.2297241960752
14.03255,0.06602543,-0.001406430671828815,362.2931488920955
14.06578,0.06602598,-0.0014182268554832206,362.3562523323243
14.09911,0.06603158,-0.0014249656329086563,362.4195283011379
14.13249,0.06604084,-0.001428051816563053,362.48288175771125
14.16588,0.06606454,-0.001416698000217459,362.5462367371545
14.19926,0.0660945,-0.0013990767776429075,362.60955529099226
14.23262,0.06611326,-0.0013926629612973224,362.6728184737358
14.26598,0.06612188,-0.0013963891449516874,362.7360642286281
14.29918,0.06612021,-0.0014103979223771407,362.7989893438951
14.33253,0.06611585,-0.0014271041060315293,362.862181381147
14.36586,0.06612223,-0.0014330702896859226,362.92531812038493
14.39922,0.06612612,-0.001441519067111388,362.9884942683563
14.43245,0.06613816,-0.001441825250765777,363.0514069001905
14.46587,0.06614269,-0.001449641434420168,363.1146618082705
14.49895,0.06613385,-0.001470820211845636,363.1772559648674
14.53239,0.0661375,-0.001479516395500008,363.2405138981523
14.56572,0.06615677,-0.0014725925791543998,363.30354632090297
14.59904,0.06616739,-0.001474311356579841,363.3665424433439
14.63246,0.06617959,-0.0014744575402342586,363.429710165348
14.66579,0.0661933,-0.0014730937238886521,363.49269035678236
14.69908,0.06620731,-0.0014714225013140875,363.5555775992127
14.73231,0.06621754,-0.001473538684968495,363.6183341893603
14.76564,0.06623467,-0.0014687548686228846,363.6812622643069
14.799,0.06624603,-0.0014697336460483268,363.74422956016997
14.83229,0.06625065,-0.0014774598297027375,363.80704735737675
14.86562,0.06625009,-0.0014903660133571278,363.8699232479821
14.89885,0.0662456,-0.0015071947907825678,363.9325931737448
14.93224,0.06624704,-0.0015181009744369839,363.9955474332002
14.9655,0.06626451,-0.001512977158091372,364.05823923034256
14.99879,0.06626778,-0.0015220459355168164,364.1209702275361
15.032,0.06626834,-0.0015338321191711995,364.18353318208
15.06526,0.06626626,-0.0015482583028255947,364.24617301906676
15.09859,0.06626257,-0.0015642870802510395,364.3089273114932
15.13203,0.066257,-0.0015822032639054434,364.37187123105934
15.16524,0.06625336,-0.0015981894475598363,364.434364891663
15.19875,0.0662514,-0.0016124882249852895,364.49740557776573
15.23204,0.06625201,-0.001624224408639685,364.56001497674265
15.2653,0.06624411,-0.00164447059229407,364.6225506225754
15.29848,0.06623603,-0.0016648893697195077,364.68491859086953
15.33205,0.06622753,-0.00168573555337391,364.7480020911044
15.36519,0.06622253,-0.0017030817370283086,364.8102602409463
15.3986,0.06621985,-0.0017181005144537714,364.8730082142532
15.43205,0.06622385,-0.001726446698108161,364.93581380080445
15.46526,0.06622313,-0.0017395128817625644,364.99815143042673
15.49867,0.06622671,-0.0017482716591880193,365.06084704704955
15.53206,0.06623073,-0.0017565978428423917,365.1234876681846
15.56529,0.06621284,-0.001786834026496792,365.1858107907005
15.59862,0.06619162,-0.0018203928039222245,365.24830409356855
15.632,0.06618786,-0.0018364989875766374,365.31087371008005
15.66527,0.06617852,-0.0018581851712310277,365.37321977292623
15.69862,0.06616502,-0.0018840239486564853,365.4356983546486
15.73201,0.06616046,-0.0019009301323108796,365.49823442444807
15.76533,0.06616081,-0.0019129263159652632,365.56062198703034
15.79872,0.06617101,-0.0019150650933907054,365.62312317501136
15.83198,0.06618501,-0.001913411277045099,365.68536366465923
15.8654,0.06620336,-0.0019074074606995062,365.74788611863727
15.89885,0.06622081,-0.001902296238124948,365.8104471827448
15.93217,0.06623232,-0.0019031324217793494,365.8727476896833
15.96544,0.06625018,-0.0018976186054337485,365.9349373614981
15.99885,0.06627592,-0.0018842173828591963,365.99737128364484
16.03221,0.06629346,-0.0018790235665135796,366.0596943288995
16.06547,0.06629732,-0.0018875097501679788,366.12181320490737
16.09874,0.06630229,-0.00189487852759343,366.18393342632913
16.13188,0.06631021,-0.001899304711247829,366.2457936852217
16.16518,0.06632362,-0.0018982408949022311,366.3079352820944
16.1985,0.0663398,-0.0018943996723276707,366.37009682038257
16.23183,0.0663493,-0.0018972458559820687,366.43225962068414
16.26506,0.06635401,-0.0019048820396364435,366.49421859562784
16.29829,0.06635409,-0.001917140817061902,366.5561602782844
16.33159,0.06636409,-0.0019194870007162995,366.61821509600304
16.36494,0.06638571,-0.0019102131843706932,366.68034568477583
16.39827,0.06639575,-0.0019125119617961484,366.74242161208565
16.43147,0.06639957,-0.0019210381454505404,366.80423812419417
16.46483,0.06640697,-0.0019259843291049433,366.86633516114676
16.49803,0.06641839,-0.0019269031065304032,366.9281170679125
16.53139,0.06643584,-0.001921799290184767,366.9901793327497
16.56468,0.06645574,-0.0019142454738391712,367.05209399797627
16.59798,0.06646985,-0.0019124742512646176,367.1140098991705
16.63127,0.06647338,-0.0019212904349190096,367.17588984960497
16.66453,0.06646606,-0.0019409566185734223,367.23769670425344
16.69792,0.06647536,-0.0019439953959988626,367.2997277118843
16.73122,0.06649154,-0.0019401615796532656,367.3615741313498
16.76445,0.06648771,-0.0019563377633076418,367.4232732328265
16.79774,0.06648678,-0.001969606540733096,367.4850663988875
16.83107,0.06649298,-0.0019757527243874917,367.54691642718944
16.86433,0.06649434,-0.0019867389080418935,367.6086192156881
16.89763,0.06649606,-0.001997357685467341,367.6703788559997
16.93098,0.06649973,-0.002006033869121737,367.732213824156
16.96446,0.06651857,-0.0019995400527761387,367.79427230879276
16.99779,0.06652917,-0.0020012788302015833,367.85603531795755
17.03102,0.06653156,-0.002011235013855958,367.9175957012577
17.06441,0.06653826,-0.0020168811975103534,367.9794350758854
17.09776,0.06655144,-0.00201603997493581,368.0411829413522
17.13103,0.06656436,-0.002015466158590204,368.1027653312192
17.16432,0.06657214,-0.0020200323422445987,368.1643673912814
17.19771,0.06658252,-0.0020219911196700524,368.2261370650188
17.23097,0.06659403,-0.0020228273033244537,368.2876488884868
17.26439,0.06660066,-0.002028543486978826,368.3494391709755
17.29768,0.06661044,-0.0020311022644042692,368.41097170761583
17.33089,0.06660553,-0.0020483584480586875,368.4723390816559
17.36424,0.06661363,-0.002052604631713084,368.5339477750114
17.39757,0.06662457,-0.0020540034091385273,368.5955021198846
17.4308,0.06662476,-0.002066159592792924,368.6568544649488
17.46419,0.06662522,-0.0020780457764473237,368.71848479965166
17.49745,0.0666265,-0.0020891045538727615,368.77985782658544
17.53087,0.06663726,-0.0020906907375271566,368.84150864484747
17.5641,0.06665858,-0.002081716921181559,368.9027916230177
17.59752,0.06667496,-0.0020776756986069927,368.9644075595224
17.6309,0.06668755,-0.0020774318822614074,369.0259322894377
17.66423,0.06669579,-0.0020815380659157945,369.08734745171057
17.69746,0.06670912,-0.0020805468433412466,369.14856103176396
17.73079,0.06672309,-0.002078923026995652,369.20994145319133
17.76411,0.06674467,-0.002069689210650011,369.27128606995893
17.79741,0.06677299,-0.0020537079880754705,369.3325764947956
17.83067,0.06679357,-0.002045474171729872,369.39377596355916
17.86391,0.06680257,-0.0020488203553842566,369.4549213237782
17.89717,0.06681971,-0.0020440191328097157,369.51608615591033
17.93053,0.06685124,-0.0020248353164641075,369.57741748538655
17.96388,0.06687344,-0.002014981500118515,369.6387130101561
17.99712,0.06687632,-0.0020244402775439624,369.69978902945485
18.03041,0.06688282,-0.0020302864611983495,369.76093957826583
18.06374,0.0668866,-0.0020388526448527344,369.8221462171731
18.09694,0.06688477,-0.0020530214222781867,369.8830968314431
18.13026,0.06689138,-0.00205875760593259,369.9442503943627
18.16356,0.06690287,-0.002059613789586981,370.00534988002977
18.19685,0.06690128,-0.0020735425670124485,370.06641366010683
18.23006,0.06690083,-0.0020863387506668413,370.1273134040638
18.26344,0.06690997,-0.0020895449343212164,370.1885074858389
18.2968,0.06691668,-0.0020951737117466535,370.24964746942084
18.33015,0.06691863,-0.0021055698954010604,370.31075170565384
18.36348,0.06693359,-0.0021029560790554597,370.3718018959276
18.3968,0.06694866,-0.0021002248564809117,370.4328163806208
18.4301,0.06695688,-0.002104351040135316,370.4937768715417
18.46339,0.06696718,-0.002106397223789705,370.5547016986129
18.49675,0.06697407,-0.0021118460012151674,370.6157372247957
18.53007,0.06697334,-0.0021249221848695238,370.67668217037567
18.56331,0.06697981,-0.0021307983685239368,370.73746346603775
18.59676,0.06699926,-0.0021236871459493767,370.79861129204386
18.63014,0.06702752,-0.002107773329603782,370.8596136884345
18.66338,0.06704483,-0.002102809513258183,370.920342893819
18.69667,0.06705233,-0.0021076482906836336,370.9811461070339
18.73006,0.06706263,-0.0021096944743380225,371.0421145342638
18.76326,0.06705976,-0.0021249106579924043,371.10271872076993
18.79665,0.06706681,-0.002130199435417854,371.16365232892787
18.83,0.06709439,-0.0021149656190722482,371.22449551299997
18.86323,0.06711682,-0.002104881802726666,371.28510244756234
18.8965,0.06713118,-0.002102860580152105,371.34576501308254
18.92982,0.06714226,-0.002104126763806502,371.4065013726304
18.96309,0.06715115,-0.002107582947460898,371.46712924421445
18.99638,0.06716575,-0.0021053217248863526,371.5277762121925
19.02971,0.06719341,-0.0020900079085407336,371.5884786651836
19.06306,0.06723871,-0.002057054092195129,371.6492001311071
19.09639,0.06727666,-0.0020314428696205783,371.70986778061865
19.12965,0.06729478,-0.0020256690532749755,371.7703906735709
19.16289,0.06731374,-0.0020190552369293707,371.8308598648191
19.19615,0.06733605,-0.002009084014354831,371.89134812113986
19.22948,0.06736372,-0.0019937601980092173,371.95194630461884
19.2628,0.06739704,-0.0019727863816635938,372.01250891813277
19.29607,0.06742359,-0.0019585751590890377,372.0729633044064
19.32936,0.06743931,-0.0019552013427434345,372.13343668278486
19.36253,0.06744943,-0.0019574275263978397,372.19367481255296
19.39592,0.06746828,-0.001950916303823283,372.25429506997864
19.42918,0.06749655,-0.0019349924874776797,372.3146619522511
19.46251,0.06751864,-0.0019252486711320849,372.3751385062343
19.49577,0.06754047,-0.0019157574485575285,372.4354707049986
19.52907,0.0675534,-0.001915173632211914,372.4958581072418
19.56236,0.06756145,-0.001919469815866326,372.5562100177341
19.59569,0.06757388,-0.0019193785932917623,372.61661705870915
19.62917,0.06758969,-0.0019159147769461649,372.6772784444199
19.66261,0.06759489,-0.0019230609606005616,372.7378498333452
19.69578,0.06759021,-0.0019400797380260126,372.7979148590003
19.72902,0.067581,-0.001961635921680416,372.85808935784405
19.76216,0.06756797,-0.001987012105334779,372.91806560161234
19.79552,0.06754756,-0.0020197608827602354,372.9784226274888
19.82881,0.06752808,-0.0020515870664146313,373.03863563189395
19.86241,0.067504,-0.0020880132500690346,373.09939174820664
19.89574,0.06746846,-0.002135892027494493,373.15964217874426
