Temp./°C,ice mass/(mg/g),ice mass cumsum/(g/g)
-47.55629,-0.0015756369809961305,-2.764019562817159e-07
-47.54967,-0.0015675092166611963,-5.449985056032391e-07
-47.54305,-0.0015588958395943873,-8.053045994074844e-07
-47.53644,-0.0015504651777900533,-1.0575020947692376e-06
-47.52983,-0.0015427685140693506,-1.302324929131951e-06
-47.52324,-0.0015360052362303942,-1.5407067081019359e-06
-47.51659,-0.0015297102627916503,-1.7731160838908964e-06
-47.50996,-0.0015237968746445972,-1.999934236479848e-06
-47.50343,-0.0015183822771872866,-2.2216587999569795e-06
-47.49684,-0.0015135468489700786,-2.4388692912100203e-06
-47.49023,-0.001508999161715912,-2.6518537347630755e-06
-47.48361,-0.0015045862793304668,-2.86074767131803e-06
-47.47699,-0.001500299429284799,-3.0656764480550214e-06
-47.4704,-0.0014962826172191174,-3.266909527185356e-06
-47.46378,-0.0014921592159099586,-3.4643413985752045e-06
-47.45712,-0.0014879757060541118,-3.6579119551230985e-06
-47.45053,-0.001483812841540053,-3.8476405803955445e-06
-47.44392,-0.0014801363953154563,-4.034014599640368e-06
-47.43732,-0.0014769008528079958,-4.217474060580959e-06
-47.43068,-0.0014736928802539303,-4.398047158305234e-06
-47.42407,-0.0014702034878524253,-4.5754525224118986e-06
-47.41748,-0.001466479171460648,-4.749454202116202e-06
-47.41086,-0.0014626623515554774,-4.919960147308877e-06
-47.40419,-0.0014594606588672675,-5.0875869040587935e-06
-47.39751,-0.0014568935484035172,-5.252968540698199e-06
-47.39081,-0.0014550576764165155,-5.416836576482863e-06
-47.38416,-0.0014532368145914504,-5.579205729402623e-06
-47.3775,-0.001451069238979878,-5.739728772065838e-06
-47.37099,-0.0014478871162496153,-5.897388535041754e-06
-47.36437,-0.0014433663637246359,-6.05084883087206e-06
-47.3577,-0.0014378973721737567,-6.19916158989408e-06
-47.35103,-0.0014326698603785548,-6.342568230971102e-06
-47.34436,-0.0014285946824913191,-6.482221650475751e-06
-47.33766,-0.0014257915288867292,-6.619393699786082e-06
-47.33099,-0.001423248383253017,-6.754343814504837e-06
-47.32431,-0.0014202753486491396,-6.886642838338776e-06
-47.31764,-0.0014165958534259598,-7.0155834562613e-06
-47.31096,-0.0014127411608402677,-7.14099058032518e-06
-47.30431,-0.0014089291496305835,-7.2629069436429936e-06
-47.29767,-0.0014056404401729518,-7.381854994354688e-06
-47.29099,-0.001403275874836494,-7.498759496249644e-06
-47.28433,-0.0014017853282567792,-7.6144946902243076e-06
-47.27766,-0.0014004105447310065,-7.729175825754696e-06
-47.27103,-0.001398371424077116,-7.842137825806737e-06
-47.26434,-0.0013953103987157636,-7.952360366701599e-06
-47.25768,-0.0013912759226138314,-8.058868805035183e-06
-47.25102,-0.0013870019685531941,-8.161423602370842e-06
-47.24439,-0.0013832048783462738,-8.260501675946574e-06
-47.23778,-0.001380115580624462,-8.356809796629988e-06
-47.23108,-0.0013774592695433355,-8.450782416149972e-06
-47.22437,-0.0013748723496158338,-8.542489656467964e-06
-47.21773,-0.0013724212180302332,-8.632065437378845e-06
-47.21111,-0.001370358680215548,-8.719897954061524e-06
-47.20445,-0.0013691680909175192,-8.806860394089549e-06
-47.19775,-0.0013687849274783084,-8.893760177210187e-06
-47.19107,-0.0013690206642712564,-8.981215804741191e-06
-47.18443,-0.0013694922890016895,-9.06946305015229e-06
-47.1778,-0.001369894960294811,-9.158432108988528e-06
-47.17113,-0.0013696693099258125,-9.247495275161222e-06
-47.16444,-0.001368497349111121,-9.335707137321622e-06
-47.15779,-0.0013664730046838152,-9.422213954414041e-06
-47.15108,-0.0013640973529830819,-9.506665371127465e-06
-47.14439,-0.001361616232039715,-9.588956141891018e-06
-47.1377,-0.001358983514384289,-9.66893398770986e-06
-47.13104,-0.0013558998475224904,-9.746147393417368e-06
-47.12436,-0.0013524150173461283,-9.820196093949564e-06
-47.11771,-0.0013488992244449721,-9.89104793957918e-06
-47.11104,-0.0013458263110742552,-9.959146086468896e-06
-47.10439,-0.0013433027408695233,-1.002504010250493e-05
-47.09772,-0.001341180475382339,-1.0089130947401942e-05
-47.09107,-0.00133931706302512,-1.0151677077933069e-05
-47.0844,-0.001337799136562962,-1.0213024877400736e-05
-47.07774,-0.001336562940876,-1.0273455227233374e-05
-47.07111,-0.0013354380887096065,-1.0333078907238395e-05
-47.06442,-0.001334289181700937,-1.0391873431159597e-05
-47.05774,-0.0013330256367026895,-1.0449723311817504e-05
-47.05106,-0.0013315780412724244,-1.0506444438619158e-05
-47.04437,-0.0013297756647868068,-1.0561682758907262e-05
-47.03769,-0.0013275179426446239,-1.0614982078244768e-05
-47.03102,-0.001324791013724203,-1.0665872962210845e-05
-47.02437,-0.0013218114603614623,-1.0714103012164274e-05
-47.01769,-0.0013188735192138806,-1.0759713662102514e-05
-47.01102,-0.001316221750062526,-1.0802990856623888e-05
-47.00432,-0.0013142649866725673,-1.0844630663998807e-05
-46.99764,-0.0013132620430705599,-1.0885585888701244e-05
-46.99095,-0.0013131061110045691,-1.0926703649438709e-05
-46.98427,-0.001313046880539201,-1.096808104100054e-05
-46.97765,-0.0013121374045805625,-1.1008866135277795e-05
-46.9711,-0.0013103364931589848,-1.1048166268795857e-05
-46.96455,-0.001308080165987648,-1.1085526587731602e-05
-46.95789,-0.0013060479702860423,-1.112117238036102e-05
-46.95113,-0.00130433648293704,-1.1155425963291872e-05
-46.94429,-0.0013026283729618271,-1.1188292606894994e-05
-46.93759,-0.0013011393307869074,-1.1219988363737755e-05
-46.93094,-0.0012990994493183026,-1.1249961501456496e-05
-46.92429,-0.0012962640945687225,-1.1277417107238711e-05
-46.91763,-0.0012929003641657304,-1.1301826292545187e-05
-46.91097,-0.0012897303606928315,-1.1323382724790174e-05
-46.90434,-0.0012876326042685982,-1.1343158712207466e-05
-46.89769,-0.001286661465958142,-1.1362280526593864e-05
-46.89105,-0.001286444618314996,-1.1381502233054515e-05
-46.88443,-0.0012861498407386004,-1.1400746129707097e-05
-46.87781,-0.0012852899179816234,-1.1419446392817903e-05
-46.87116,-0.001283905693859457,-1.143707916023534e-05
-46.86452,-0.0012820667515032896,-1.1453190107896478e-05
-46.85786,-0.0012801498412402486,-1.1467700921143033e-05
-46.85115,-0.0012780578280173946,-1.148043726693712e-05
-46.84444,-0.001275869541006724,-1.1491303430787238e-05
-46.83777,-0.0012730990306345654,-1.1499715847178683e-05
-46.83109,-0.0012697132951428119,-1.1505059397242539e-05
-46.82446,-0.0012658649064449896,-1.1506871159309088e-05
-46.81783,-0.0012618382322440577,-1.1504972169851084e-05
-46.81113,-0.0012579672509136328,-1.1499519221245523e-05
-46.80437,-0.0012545871518269821,-1.1491004747460494e-05
-46.79764,-0.0012521679584542255,-1.1480388478718724e-05
-46.79102,-0.0012508620717086659,-1.146878184335372e-05
-46.78438,-0.001250285866730029,-1.1456915413691821e-05
-46.77773,-0.0012500907701606678,-1.1445169785601848e-05
-46.7711,-0.0012499602990844758,-1.143360919535497e-05
-46.76453,-0.0012500004898425103,-1.1422403874357785e-05
-46.7579,-0.001250117875652031,-1.1411631330949385e-05
-46.75128,-0.0012501528095540757,-1.1401208889596189e-05
-46.74463,-0.0012501824997897125,-1.13911323611034e-05
-46.73796,-0.0012503542533931643,-1.1381543461039175e-05
-46.73128,-0.0012507460240284414,-1.1372662312036771e-05
-46.72458,-0.0012509675128948548,-1.1364319520717596e-05
-46.71791,-0.00125068965523629,-1.1356014568903488e-05
-46.71126,-0.001249825113214995,-1.1347160384038536e-05
-46.70462,-0.0012484975365529027,-1.1337294326285871e-05
-46.698,-0.0012465332786167915,-1.1325778708660663e-05
-46.69138,-0.0012442300564346753,-1.1312274508503574e-05
-46.68472,-0.001241903500948254,-1.1296759609307876e-05
-46.67807,-0.0012400223699441072,-1.1279678594431005e-05
-46.67143,-0.0012384442787161504,-1.1261334280735868e-05
-46.66477,-0.0012369622363847578,-1.1241823604577326e-05
-46.65811,-0.0012353293708255817,-1.1220995066066653e-05
-46.65144,-0.0012334583238181429,-1.1198610588962883e-05
-46.64479,-0.0012314182152309196,-1.1174501342538676e-05
-46.63812,-0.0012294287086599485,-1.1148717580246866e-05
-46.63147,-0.0012278064055460064,-1.112162611904634e-05
-46.6248,-0.0012268848382015664,-1.1093928581092734e-05
-46.61815,-0.0012266006570995464,-1.1066261348886946e-05
-46.61151,-0.0012266831263570875,-1.1038990850592266e-05
-46.60486,-0.0012265866403629454,-1.1011938853419328e-05
-46.59825,-0.0012260742270991409,-1.098468810016124e-05
-46.59157,-0.0012251028597079592,-1.0956780722826186e-05
-46.58492,-0.001223843513218916,-1.0927928810442299e-05
-46.57825,-0.0012224148286435915,-1.0897962675904317e-05
-46.57158,-0.001220922303394582,-1.0866818419841047e-05
-46.56491,-0.0012192696607261546,-1.0834336483143396e-05
-46.55824,-0.001217393184599278,-1.0800292356648874e-05
-46.55162,-0.0012155178308710126,-1.076468628869617e-05
-46.54497,-0.0012138572630697353,-1.0727734113094975e-05
-46.53833,-0.001212339165889601,-1.0689577462260313e-05
-46.53166,-0.0012108849216859456,-1.0650280619648588e-05
-46.52503,-0.0012095000319026312,-1.0609912846421047e-05
-46.51839,-0.0012084127586736908,-1.056877124712468e-05
-46.51175,-0.0012074995087379499,-1.0527029786885055e-05
-46.50507,-0.0012068372062191733,-1.0484940622106107e-05
-46.49841,-0.0012062806943423526,-1.0442608543057138e-05
-46.49178,-0.0012059168332719762,-1.0400225654582619e-05
-46.48512,-0.0012054380829276817,-1.0357678113206432e-05
-46.47849,-0.0012045988220524319,-1.0314604246434883e-05
-46.47186,-0.0012030830338240974,-1.0270327468977067e-05
-46.4652,-0.001201187425640103,-1.0224469006022625e-05
-46.45854,-0.0011991231720358479,-1.0176859537643137e-05
-46.45187,-0.0011969768472238004,-1.0127417096553313e-05
-46.44519,-0.001194515213580013,-1.0075827093707975e-05
-46.43851,-0.0011916839911124666,-1.0021719265746836e-05
-46.43184,-0.0011898222071160872,-9.966062830716628e-06
-46.42519,-0.001186229109698507,-9.907126708912763e-06
-46.41852,-0.0011823029573361527,-9.844577495166446e-06
-46.41185,-0.001177957181509184,-9.77799550775257e-06
-46.40518,-0.001173333342884056,-9.707103241338452e-06
-46.39851,-0.0011686693615372346,-9.631859879216989e-06
-46.39186,-0.0011642805379257742,-9.552540197669444e-06
-46.38519,-0.0011598600444920166,-9.469113407602642e-06
-46.37857,-0.0011553362017236112,-9.381474678396032e-06
-46.37195,-0.0011507766111587003,-9.289588204705497e-06
-46.3653,-0.0011465322405717915,-9.193770248515414e-06
-46.3586,-0.0011425117316155287,-9.094244804749376e-06
-46.35191,-0.0011386564142453538,-8.991176845271362e-06
-46.3452,-0.0011352258230057709,-8.884991975519467e-06
-46.33855,-0.001133061165028777,-8.776954488089658e-06
-46.33191,-0.0011320927533824336,-8.668260410431011e-06
-46.32524,-0.0011319863984355718,-8.559772839706643e-06
-46.31862,-0.001131776011734871,-8.45138626623828e-06
-46.312,-0.00113099989664653,-8.342534904251236e-06
-46.30545,-0.0011295632560589014,-8.232557659913637e-06
-46.29881,-0.0011275007318653236,-8.120829425157054e-06
-46.29213,-0.001125118679689668,-8.007031257300459e-06
-46.28545,-0.001122659344132331,-7.8910864296752e-06
-46.27875,-0.0011200133214245359,-7.772807903502118e-06
-46.2721,-0.0011169489404014167,-7.651776459533817e-06
-46.26544,-0.0011129682473954984,-7.5270765032340304e-06
-46.25877,-0.0011081812321220462,-7.397901200382501e-06
-46.25212,-0.0011029485421066294,-7.263804497694912e-06
-46.24547,-0.0010977849768844911,-7.124856076827856e-06
-46.2388,-0.0010932284394884588,-6.98166261404468e-06
-46.23215,-0.001089311084715455,-6.834862913840305e-06
-46.22548,-0.0010858178160893027,-6.684881939353579e-06
-46.21883,-0.0010823028107480332,-6.531696961690687e-06
-46.2122,-0.0010786611050047606,-6.3751809029750645e-06
-46.20555,-0.0010750788208822876,-6.215394061594316e-06
-46.1989,-0.0010717023367486443,-6.052541565924764e-06
-46.19228,-0.0010683724082088061,-5.886669434680646e-06
-46.18565,-0.0010651019719841975,-5.717837876841414e-06
-46.17902,-0.0010618094878542892,-5.546024173340056e-06
-46.17239,-0.0010585722249519176,-5.371283488269484e-06
-46.16574,-0.0010553123164968785,-5.1935940519159275e-06
-46.15904,-0.0010517018249632777,-5.012605407604587e-06
-46.15239,-0.0010479742571970303,-4.828199623890327e-06
-46.14574,-0.0010442061974976471,-4.640336765177092e-06
-46.13908,-0.0010407074096682796,-4.449285591696788e-06
-46.13246,-0.0010374191586383235,-4.255255945743689e-06
-46.12576,-0.0010340983812557412,-4.05821713131463e-06
-46.11914,-0.0010306019109322417,-3.857991510824429e-06
-46.11247,-0.0010267686141336699,-3.654242996444675e-06
-46.10585,-0.0010226680035357572,-3.4467040350593362e-06
-46.09921,-0.001018608946543879,-3.2354158280402038e-06
-46.09259,-0.0010149239270624835,-3.0207520380116368e-06
-46.08595,-0.0010120989381691608,-2.8035735696659236e-06
-46.07933,-0.0010100072351848935,-2.584612721080884e-06
-46.07266,-0.0010085065506311754,-2.364461247654163e-06
-46.06601,-0.0010073291447373642,-2.1434426663563528e-06
-46.0594,-0.0010066392342632342,-1.9220431679751128e-06
-46.05275,-0.0010064400396744397,-1.7007540460772014e-06
-46.04613,-0.0010067640127292882,-1.480098548600428e-06
-46.03949,-0.001007056008403261,-1.260044345490781e-06
-46.03287,-0.0010071390925158947,-1.040382151528058e-06
-46.02631,-0.0010067272919313905,-8.206166881080353e-07
-46.0197,-0.0010056832626073996,-6.001158491902422e-07
-46.01308,-0.0010039120801866354,-3.7815258341183354e-07
-46.00636,-0.0010016262056188063,-1.5421433609344577e-07
-45.99971,-0.0009989646218307219,7.207637895912993e-08
-45.99304,-0.0009958125045633035,3.0120983605833365e-07
-45.98636,-0.0009916928863965514,5.341528228700046e-07
-45.97969,-0.000986688370524695,7.717910646605093e-07
-45.97308,-0.0009809495634892334,1.0148598567998793e-06
-45.96642,-0.0009752427442905084,1.2633258666095332e-06
-45.95975,-0.0009699775087718404,1.516748021873987e-06
-45.95306,-0.0009653214957227997,1.774516841798994e-06
-45.9464,-0.0009611614818010719,2.0361362452948885e-06
-45.93973,-0.0009571883925525281,2.3014198191198777e-06
-45.93311,-0.0009532620070204868,2.5703217040285956e-06
-45.92654,-0.0009491506068390428,2.843027146335384e-06
-45.91992,-0.0009451529469078528,3.1194222866015957e-06
-45.9133,-0.0009415372633835697,3.399125204753768e-06
-45.90663,-0.0009385614048509172,3.6814947340484363e-06
-45.89999,-0.0009360903459992438,3.9660272151079314e-06
-45.89337,-0.0009341372874825762,4.252205018406e-06
-45.88672,-0.000932397312785815,4.539814033533625e-06
-45.88005,-0.0009307165441454078,4.828795408621999e-06
-45.87338,-0.000929163098961648,5.119021877032409e-06
-45.86672,-0.0009279138252918583,5.410188869527243e-06
-45.86008,-0.0009271142393909725,5.701847680191969e-06
-45.85344,-0.000926786504654496,5.993526514274545e-06
-45.8468,-0.0009266446155724648,6.285038971238032e-06
-45.84023,-0.0009264992136535476,6.5763903283538505e-06
-45.8336,-0.0009260629142062884,6.867870598989578e-06
-45.82695,-0.0009254675983936251,7.159637931498683e-06
-45.82033,-0.0009244603327751363,7.45210541280217e-06
-45.81363,-0.0009230352218553977,7.745689692749255e-06
-45.80695,-0.0009215787050418643,8.040421936029124e-06
-45.80026,-0.0009202448633819862,8.336179978925222e-06
-45.79361,-0.0009191927229107442,8.63268280214887e-06
-45.78699,-0.0009181182996448871,8.929952602660553e-06
-45.78034,-0.0009169940232667521,9.22803943197815e-06
-45.77376,-0.0009159251382059773,9.526889047727478e-06
-45.76714,-0.0009145069454049285,9.826849578361485e-06
-45.76045,-0.0009127213842122017,1.0128287967108052e-05
-45.75378,-0.0009105649165648045,1.0431575488986652e-05
-45.74713,-0.0009085855444734899,1.0736534806142255e-05
-45.74052,-0.0009069468225799531,1.1042826558344437e-05
-45.7339,-0.0009051452313407898,1.1350613514951766e-05
-45.72727,-0.000902723290372778,1.1660515315524581e-05
-45.7206,-0.0009001067606306179,1.1972726592692537e-05
-45.7139,-0.0008972820683122542,1.2287455098743255e-05
-45.70721,-0.0008944170745513102,1.2604740737174813e-05
-45.70052,-0.0008914214590787036,1.2924714796532016e-05
-45.69386,-0.0008882909107413719,1.3247512732422255e-05
-45.68718,-0.0008857443680685835,1.357254967471142e-05
-45.68051,-0.0008839814708859505,1.3899042799686642e-05
-45.67384,-0.0008831058242872543,1.4226104913059311e-05
-45.66722,-0.0008825158013791751,1.4553450613316817e-05
-45.66058,-0.0008819755845506696,1.4881030449787787e-05
-45.65396,-0.0008814990256255425,1.5208781130538286e-05
-45.64732,-0.0008810809723191388,1.553664328592167e-05
-45.64067,-0.0008808123094914765,1.586446803616313e-05
-45.63403,-0.0008807247251299455,1.619207451361878e-05
-45.62738,-0.0008808132645287072,1.65192858859911e-05
-45.62076,-0.0008812504964572375,1.6845754590525944e-05
-45.61409,-0.0008819403113315707,1.7171227326391285e-05
-45.60744,-0.0008829963093721833,1.7495337666403503e-05
-45.6008,-0.0008843914786883811,1.7817747259186982e-05
-45.59415,-0.000886156990552264,1.813808566341913e-05
-45.58749,-0.0008881253411065498,1.8456149332545208e-05
-45.58086,-0.0008902249362449598,1.877180815041384e-05
-45.57422,-0.0008926946594159751,1.9084691890224342e-05
-45.56761,-0.0008953223170705339,1.939464252692369e-05
-45.56097,-0.0008976737076160483,1.9701936529395094e-05
-45.55434,-0.0008993289963416386,2.0007270209263856e-05
-45.5477,-0.0009003557396134351,2.0311271404442905e-05
-45.54111,-0.0009009538807832273,2.061437015188649e-05
-45.53439,-0.0009012793949406461,2.0916837131689355e-05
-45.5277,-0.0009013114518142334,2.121896571065997e-05
-45.52101,-0.0009011946252251995,2.152090543722424e-05
-45.51431,-0.0009011589942388065,2.1822575018073005e-05
-45.50763,-0.0009011369896090433,2.2123960581962237e-05
-45.50096,-0.0009008037158930378,2.2425374216321772e-05
-45.49431,-0.0009002991679657592,2.272698755848655e-05
-45.48767,-0.0008999436410190722,2.302865118817866e-05
-45.48105,-0.0008998187850705504,2.3330135405433267e-05
-45.47435,-0.0008995485950881918,2.3631584371696762e-05
-45.46768,-0.0008992019128718944,2.393307448724594e-05
-45.46101,-0.0008989411979257994,2.423452044892053e-05
-45.45433,-0.0008987616411349751,2.4535841000992474e-05
-45.44765,-0.0008983608625084929,2.483725681296563e-05
-45.44101,-0.0008974599669767407,2.5139269278503925e-05
-45.43439,-0.0008962165903702628,2.5442221240268752e-05
-45.42772,-0.0008947877444261703,2.5746296849327594e-05
-45.42107,-0.0008934903405148374,2.6051365633369933e-05
-45.4144,-0.0008930498772103754,2.635657040127367e-05
-45.4077,-0.0008939033179976584,2.6660616238014914e-05
-45.40102,-0.0008961053347608309,2.6962155537133425e-05
-45.39435,-0.0008986317476566425,2.726086411096787e-05
-45.3877,-0.0009007835813987522,2.7557116291986326e-05
-45.38121,-0.0009026259808114501,2.7851224620260236e-05
-45.37459,-0.000904394450881069,2.8143261094654287e-05
-45.36789,-0.0009065807442587691,2.8432806118824153e-05
-45.36121,-0.0009090149531065261,2.871961274571662e-05
-45.35449,-0.0009116285569632635,2.9003501026155e-05
-45.34784,-0.0009141206991285867,2.9284592937144695e-05
-45.34114,-0.0009157333219379125,2.9563767899066218e-05
-45.33449,-0.0009164451281144992,2.9841927545649684e-05
-45.32781,-0.0009165300751541933,3.011969772735055e-05
-45.32114,-0.0009167639478822537,3.039693033341405e-05
-45.3145,-0.0009173855209039134,3.067323817520072e-05
-45.30783,-0.0009182632157112573,3.094836412274807e-05
-45.30119,-0.0009194610399611974,3.122198916501623e-05
-45.29454,-0.0009206945739980199,3.149407749527137e-05
-45.28787,-0.0009219500225325581,3.176460634343742e-05
-45.28124,-0.0009229762583740746,3.203380619170019e-05
-45.27458,-0.0009239299355731512,3.230174919825774e-05
-45.26791,-0.0009249777150861855,3.256834055747304e-05
-45.26123,-0.0009259398337134351,3.2833666440645524e-05
-45.25456,-0.0009266678545555473,3.309796115247287e-05
-45.24785,-0.000926976560520031,3.336164285032846e-05
-45.24117,-0.0009271732227394197,3.362482469465931e-05
-45.23448,-0.0009272527388234181,3.388762373547236e-05
-45.22781,-0.0009271388412411779,3.4150233138060564e-05
-45.22115,-0.0009268857695980016,3.4412792889420416e-05
-45.21448,-0.0009269925270150544,3.467494306425553e-05
-45.20784,-0.0009276347713717966,3.493614807796829e-05
-45.20117,-0.0009285870775334017,3.5196098076474107e-05
-45.1945,-0.0009293953012017007,3.545493719733185e-05
-45.18787,-0.0009299743451047946,3.571289467325153e-05
-45.18123,-0.0009306297819122715,3.5969894621151317e-05
-45.17455,-0.0009316083841887658,3.62256133266466e-05
-45.16785,-0.0009329326265856701,3.647970429705415e-05
-45.16116,-0.0009344412487129889,3.673198396479491e-05
-45.15447,-0.0009357428319737686,3.698265942392722e-05
-45.14783,-0.0009367704407034842,3.723200485166749e-05
-45.14116,-0.0009373257505586489,3.748049275553171e-05
-45.13449,-0.0009378809692677964,3.7728123281580056e-05
-45.12784,-0.0009386923234420718,3.797464004455898e-05
-45.12117,-0.000939813510948179,3.8219733570640946e-05
-45.1145,-0.0009411322058281091,3.8463206407315936e-05
-45.10785,-0.000942230619530944,3.870527858573624e-05
-45.10121,-0.0009429472844906836,3.8946332665105745e-05
-45.09461,-0.0009432061349324743,3.918682711528591e-05
-45.08794,-0.0009430552178701833,3.9427170101282405e-05
-45.08127,-0.0009428101740123983,3.9667456410101246e-05
-45.07463,-0.0009424757176953311,3.9907775959108406e-05
-45.06799,-0.0009421097288250994,4.0148159730039345e-05
-45.06134,-0.0009413711721737883,4.038898080040864e-05
-45.05467,-0.0009401745608573429,4.063069697961209e-05
-45.04802,-0.000938659496267791,4.087362647019118e-05
-45.04132,-0.000937041010649609,4.111787260392453e-05
-45.03465,-0.0009354141816578686,4.1363444228315046e-05
-45.02799,-0.0009338010544831355,4.1610327240926166e-05
-45.02129,-0.000932084670786803,4.185862495938157e-05
-45.01463,-0.0009304408509141832,4.210826547296859e-05
-45.008,-0.0009288737843392181,4.2359171926558885e-05
-45.0013,-0.000927535137362797,4.2611115513508754e-05
-44.99464,-0.0009262958868720126,4.286399748971768e-05
-44.98796,-0.000925096827812348,4.311777681494694e-05
-44.98129,-0.0009235977238816336,4.3372754342631834e-05
-44.97466,-0.0009217405356587607,4.3629288808386865e-05
-44.96802,-0.0009196636357210968,4.388759922436873e-05
-44.96137,-0.000917573677423974,4.414769915850058e-05
-44.95468,-0.0009155732894874013,4.4409498498525134e-05
-44.94798,-0.0009135864195434807,4.467298302783763e-05
-44.94132,-0.0009116049928266886,4.4938148558021274e-05
-44.93469,-0.0009097228703652573,4.5204896285718505e-05
-44.92802,-0.0009075401244030915,4.5473525688987535e-05
-44.92134,-0.0009047168581479223,4.5744677797953344e-05
-44.91469,-0.0009013386844511685,4.6018908020625275e-05
-44.90805,-0.0008979296675046078,4.6296246799016924e-05
-44.90138,-0.0008950632384543141,4.657615175752296e-05
-44.89468,-0.0008926002073721301,4.6858219106901924e-05
-44.888,-0.0008903930329811661,4.714219273819494e-05
-44.88135,-0.0008880568153733056,4.742820279816245e-05
-44.87466,-0.0008854338624043199,4.7716535482761534e-05
-44.86803,-0.0008822071951959324,4.8007794846840076e-05
-44.86137,-0.0008784121056141035,4.830254952555394e-05
-44.85472,-0.0008742595044817625,4.860115723275086e-05
-44.84805,-0.0008700848358385146,4.8903639190098084e-05
-44.84139,-0.0008658618884100806,4.921004448223901e-05
-44.8347,-0.0008615497844427574,4.952046187568793e-05
-44.82802,-0.0008567862064077497,4.983534244346495e-05
-44.82135,-0.0008515894893434232,5.0155120130199425e-05
-44.8147,-0.0008461700624316376,5.04800179955725e-05
-44.80803,-0.0008412390236639917,5.080954680647258e-05
-44.80132,-0.0008371454305214523,5.1142869183658e-05
-44.79463,-0.0008339208737470201,5.14791164406563e-05
-44.78798,-0.0008311311535698528,5.1817853782600346e-05
-44.78133,-0.0008287671064778363,5.215865619335245e-05
-44.77475,-0.0008270126218814037,5.250091519688493e-05
-44.76807,-0.0008260579697730761,5.2843828936084964e-05
-44.76137,-0.0008256804508963771,5.318682063997484e-05
-44.7547,-0.0008257505750191383,5.3529443161930453e-05
-44.74806,-0.0008260399851513757,5.3871477109019176e-05
-44.74141,-0.0008264948635964048,5.4212757522116245e-05
-44.73479,-0.0008267890063607133,5.455344563217398e-05
-44.72815,-0.0008269262455983993,5.489369749916473e-05
-44.72153,-0.0008267285232348289,5.5233849035086314e-05
-44.71491,-0.0008264324875987799,5.557399860652775e-05
-44.70828,-0.0008258635698776615,5.59144183994245e-05
-44.70166,-0.0008248793342107868,5.625552453456224e-05
-44.69501,-0.0008232960704328133,5.6597915652740784e-05
-44.68832,-0.0008213326454596768,5.694197077919314e-05
-44.68166,-0.0008191153157216029,5.728794491531997e-05
-44.67499,-0.0008166569773916475,5.7636078976681154e-05
-44.66834,-0.0008137925336129642,5.798677881358126e-05
-44.66171,-0.0008106564227250902,5.8340317042041214e-05
-44.65505,-0.0008073061154196072,5.86969074721765e-05
-44.64839,-0.0008043180133746198,5.905618735029779e-05
-44.64172,-0.0008016833083058643,5.941780378866766e-05
-44.63509,-0.0007997372002162645,5.978106882943016e-05
-44.62848,-0.0007983675162493023,6.014540579241982e-05
-44.62181,-0.0007974843216914526,6.0510327965620267e-05
-44.61517,-0.0007968069587914134,6.0875630009590316e-05
-44.60851,-0.0007961070310549854,6.124133364843804e-05
-44.6019,-0.0007956176913970197,6.160722967977609e-05
-44.59528,-0.0007953425918096272,6.197310377041903e-05
-44.58862,-0.0007952142713742264,6.233880800874457e-05
-44.58196,-0.0007951352250999224,6.27042937756495e-05
-44.57529,-0.0007950560945787163,6.306956106293227e-05
-44.56863,-0.0007952044927508842,6.343438193980186e-05
-44.56201,-0.0007952061867894281,6.37989043482776e-05
-44.55536,-0.0007944759081836926,6.416385987682824e-05
-44.54874,-0.0007926083245524477,6.45303857193936e-05
-44.54211,-0.0007897731428444593,6.489944998267832e-05
-44.53549,-0.0007869117727876741,6.52710790535615e-05
-44.52882,-0.0007844025663769218,6.564491949272867e-05
-44.52213,-0.0007824333523949911,6.602043167146593e-05
-44.51547,-0.0007806342152810954,6.63974460026264e-05
-44.5088,-0.0007790090199707115,6.677578785137577e-05
-44.50218,-0.0007774783726644232,6.715536405039675e-05
-44.49559,-0.0007760641845697246,6.753605862889133e-05
-44.48898,-0.000774698915342738,6.791782182930703e-05
-44.48232,-0.0007739798622303769,6.830000736354781e-05
-44.47572,-0.0007742063922546255,6.868167057192321e-05
-44.4691,-0.0007753193989928079,6.906192413957359e-05
-44.46245,-0.0007765613195014063,6.944063937134925e-05
-44.45575,-0.0007773569616831925,6.981826187419129e-05
-44.4491,-0.0007775245793985551,7.019541984972802e-05
-44.44241,-0.0007773578058384918,7.057244776370577e-05
-44.4357,-0.0007769859498991285,7.094955046247904e-05
-44.42903,-0.0007764941229028164,7.132684794899528e-05
-44.42233,-0.0007755523934703023,7.170479034544528e-05
-44.41565,-0.0007744239669398705,7.208356469150122e-05
-44.40901,-0.0007711984828270593,7.24652680757539e-05
-44.40234,-0.0007701953909385104,7.28476783256986e-05
-44.39566,-0.000769174562730022,7.323081308635949e-05
-44.38896,-0.0007678997863983034,7.361492547031021e-05
-44.38234,-0.0007663724021922993,7.400026989316822e-05
-44.37569,-0.000764738152934622,7.438695283980974e-05
-44.36905,-0.0007630729591112919,7.47750048518651e-05
-44.36235,-0.0007613052652621066,7.516452821731476e-05
-44.35568,-0.0007594313491839106,7.555562964389737e-05
-44.34903,-0.0007576334288873337,7.594823287706019e-05
-44.34242,-0.0007559030893070974,7.634227156446491e-05
-44.33576,-0.0007542348546424433,7.673768293399751e-05
-44.32913,-0.0007527405283805188,7.71342929619964e-05
-44.32253,-0.0007516516986787664,7.753169723542422e-05
-44.31586,-0.0007511406407883163,7.792931702845544e-05
-44.30919,-0.0007512388456380573,7.83265425317668e-05
-44.30257,-0.0007514844252344885,7.872322774113889e-05
-44.29591,-0.0007516940147985383,7.91194081246198e-05
-44.28925,-0.0007517922499644256,7.95151944900178e-05
-44.28258,-0.0007520105819922856,7.991046724908701e-05
-44.27591,-0.00075186432167634,8.030559104697659e-05
-44.26923,-0.000751419990797632,8.070086326451301e-05
-44.26256,-0.0007506603863133782,8.109659997070505e-05
-44.25591,-0.0007498210932890848,8.149288119334746e-05
-44.24925,-0.0007488172501157512,8.18898707929008e-05
-44.2426,-0.0007475516322285164,8.228783133890583e-05
-44.23593,-0.0007462682660306549,8.268678034599386e-05
-44.22931,-0.0007452031429879789,8.30864997399958e-05
-44.22264,-0.0007443644774950302,8.348676299952725e-05
-44.21597,-0.0007437569642268479,8.38873390250256e-05
-44.20932,-0.0007435893541120122,8.428778765300415e-05
-44.20267,-0.0007444124451559552,8.46871188334887e-05
-44.19603,-0.0007460438291906671,8.508452446864978e-05
-44.18933,-0.0007480250688139989,8.547965330035134e-05
-44.18271,-0.0007499402756732323,8.587257315412156e-05
-44.17618,-0.0007519625799935357,8.626317826793883e-05
-44.16959,-0.000754325709924151,8.665112641353195e-05
-44.16293,-0.0007568699718414763,8.703623611160454e-05
-44.15625,-0.0007594491373105823,8.741847222613684e-05
-44.14957,-0.0007617303169486058,8.779813219729773e-05
-44.1429,-0.0007637761332088643,8.817545218171685e-05
-44.13625,-0.0007651738419780843,8.855108062391438e-05
-44.12958,-0.0007658121234395105,8.892577612086531e-05
-44.12294,-0.0007657363317349889,8.930025382286358e-05
-44.11626,-0.0007653229626588065,8.967485079091455e-05
-44.10959,-0.0007646389698123264,9.004983724539278e-05
-44.10291,-0.0007635337120228964,9.042563495965044e-05
-44.09624,-0.0007616657656141215,9.080300681674768e-05
-44.08954,-0.0007590126071344422,9.118273705758431e-05
-44.08287,-0.0007555575746462368,9.156562863225826e-05
-44.0762,-0.0007517483375344921,9.19520357977232e-05
-44.06953,-0.0007476779493593,9.234221915967949e-05
-44.06284,-0.000743559437304861,9.27362272086573e-05
-44.05615,-0.0007394770831201305,9.313402383928422e-05
-44.04947,-0.0007357633089689261,9.353524006806015e-05
-44.0428,-0.0007325867863615663,9.393933943490375e-05
-44.03615,-0.0007299783420205893,9.434575419672991e-05
-44.0295,-0.000727959655637238,9.475389405020737e-05
-44.02284,-0.0007267080769424759,9.516299239570073e-05
-44.01622,-0.000726263593706661,9.557224275508307e-05
-44.00958,-0.0007264879426322,9.598097546808189e-05
-44.00292,-0.0007269913681678242,9.638891182479274e-05
-43.99626,-0.0007275567374664569,9.679598993348724e-05
-43.98964,-0.000728108930775911,9.720222298948736e-05
-43.983,-0.0007286122851137143,9.760766019838233e-05
-43.97633,-0.0007288406726971919,9.801257615572298e-05
-43.96965,-0.0007285328817754777,9.841750635421916e-05
-43.96297,-0.0007278311627983997,9.882284537108062e-05
-43.95628,-0.0007267929327263423,9.9228929628724e-05
-43.94962,-0.0007254140520034765,9.963609965559642e-05
-43.9429,-0.0007235258659260937,0.00010004486456144318
-43.93623,-0.0007216738622559598,0.00010045518891975245
-43.9296,-0.0007200127161979406,0.00010086688189073598
-43.9229,-0.0007184885937643917,0.00010127980611503809
-43.91623,-0.000716690585697944,0.00010169423595210271
-43.90959,-0.0007147026873856466,0.00010211036116900282
-43.903,-0.0007126670409795227,0.0001025282308640077
-43.89632,-0.0007105335889067546,0.00010294794163065957
-43.88965,-0.0007080331917990989,0.0001033698600099495
-43.88298,-0.0007051573173824631,0.00010379436212745334
-43.8763,-0.0007022818342130048,0.00010422144750358987
-43.86963,-0.0006997473610912294,0.00010465077472420949
-43.86295,-0.0006975451064058857,0.00010508201207885974
-43.85628,-0.0006958386426256958,0.00010551466396858971
-43.84963,-0.0006947294882540164,0.00010594813281970673
-43.84294,-0.0006943145733067574,0.00010638172448073622
-43.83629,-0.0006941388378212613,0.00010681520038369823
-43.82967,-0.0006938969171896996,0.00010724862658884921
-43.82301,-0.0006936504300009632,0.00010768200775081975
-43.81632,-0.0006935628643822703,0.00010811518458050263
-43.80965,-0.0006938952401620002,0.00010854773687199402
-43.80296,-0.0006942408066750836,0.00010897965180282667
-43.79627,-0.0006943830272553016,0.0001094111327708186
-43.7896,-0.0006940789231702159,0.00010984262583591321
-43.78296,-0.0006933908646022992,0.00011027451601824462
-43.77634,-0.0006924821793931056,0.00011070702427456434
-43.76962,-0.0006914091695800021,0.0001111403129916347
-43.76296,-0.0006901912312919769,0.00011157452858132381
-43.75633,-0.0006890532613049315,0.00011200959154453024
-43.74965,-0.0006882549924648354,0.00011244516093999917
-43.74298,-0.0006878943276563845,0.00011288079994984671
-43.73636,-0.0006877461223113798,0.0001133162968615604
-43.72971,-0.0006876637674240425,0.00011375158486342232
-43.7231,-0.000687727631920573,0.00011418651893846407
-43.71648,-0.0006877649129166182,0.00011462112558211782
-43.70985,-0.000687638606887801,0.00011505556769846827
-43.70323,-0.0006871550087972471,0.0001154902033644981
-43.69658,-0.0006865388197715175,0.0001159251648057539
-43.68996,-0.0006858654563922368,0.00011636050906908614
-43.6833,-0.0006851169984339808,0.00011679631134022254
-43.67664,-0.0006841303734532243,0.00011723280983747646
-43.66994,-0.0006829536832471002,0.0001176701935283947
-43.66327,-0.0006815261099886513,0.00011810871435799695
-43.65659,-0.0006793310493804876,0.00011854913972652941
-43.64993,-0.0006762143892434155,0.00011899239096718863
-43.64328,-0.0006723530242672027,0.00011943921356899835
-43.63666,-0.000668386688608742,0.0001198897129686231
-43.63004,-0.000664628131054951,0.00012034368084429629
-43.62337,-0.0006609360870660793,0.00012080105063672089
-43.6167,-0.0006574651313864976,0.00012126160130884533
-43.61005,-0.0006542460791880978,0.0001217250806903241
-43.60335,-0.0006514461504580185,0.00012219106961286393
-43.59671,-0.0006488411403514421,0.00012265937403725902
-43.59001,-0.0006465224510723754,0.000123129706271853
-43.58334,-0.0006453725926705022,0.00012360089854507788
-43.57672,-0.0006457570906677447,0.00012407141724082567
-43.57007,-0.000647405945858156,0.00012453999704522598
-43.56343,-0.0006493323876918323,0.0001250063611543184
-43.55681,-0.0006513027394350636,0.00012547046598433795
-43.5502,-0.0006535678934267352,0.0001259320163273955
-43.54355,-0.0006562862861986368,0.00012639055903880615
-43.53688,-0.000659145039002409,0.0001268459535343786
-43.53021,-0.0006618489976854629,0.00012729835406559789
-43.52361,-0.0006641348167137654,0.0001277481803787646
-43.51697,-0.0006658826330877936,0.00012819596997740761
-43.51032,-0.0006667711922704758,0.00012864258143856585
-43.50359,-0.0006665010102873803,0.0001290891730497749
-43.49693,-0.0006654477089823622,0.00012953652894236536
-43.49022,-0.0006643631985195637,0.00012998467909721667
-43.48352,-0.0006634860158675494,0.00013043341696843407
-43.47684,-0.0006626707707777442,0.000130882680943792
-43.47014,-0.0006615252239518998,0.00013133280050881403
-43.46347,-0.0006600149665983465,0.00013178414142936903
-43.45685,-0.0006582325114441631,0.00013223697663858707
-43.45017,-0.0006563132923614283,0.00013269144153663006
-43.44351,-0.000654513512015274,0.00013314741760245188
-43.43687,-0.0006529165797330676,0.00013360470231219462
-43.43018,-0.0006518428848444769,0.0001340627712026203
-43.42354,-0.0006513989909986662,0.00013452099579986212
-43.41687,-0.0006515179648466822,0.00013497881287698646
-43.41017,-0.000651834449919112,0.0001354360239711633
-43.4035,-0.0006520853117117673,0.00013589269575903733
-43.39688,-0.0006523717166748594,0.0001363487934302974
-43.39027,-0.0006530053850728372,0.000136803969315429
-43.38364,-0.0006541445908236433,0.0001372577182472689
-43.37697,-0.0006558900127861078,0.0001377094335148371
-43.37032,-0.0006579648699959103,0.00013815878541348304
-43.36369,-0.000660272686368388,0.00013860554189941735
-43.35704,-0.0006624305196732727,0.00013904985273373657
-43.3504,-0.0006642846660104975,0.00013949202119752937
-43.34375,-0.0006655804527870711,0.00013993260615710276
-43.3371,-0.000666542056447188,0.00014037194184598594
-43.33043,-0.0006673142421569122,0.0001408102168684812
-43.32376,-0.0006682753864456415,0.0001412472429088831
-43.31715,-0.0006699310112701716,0.00014168232635204038
-43.31049,-0.0006723721386510615,0.00014211468047449496
-43.30382,-0.0006754147257373151,0.00014254370432342287
-43.29717,-0.0006786678099347656,0.00014296918772353624
-43.29059,-0.0006819954574097174,0.00014339105651909164
-43.28409,-0.0006854595351491646,0.0001438091760057551
-43.27747,-0.0006887288352208029,0.00014422373938400836
-43.27078,-0.0006917290163893509,0.00014463501428280934
-43.2641,-0.0006944523494953795,0.0001450432783281223
-43.25743,-0.0006970963020908248,0.00014544861108633928
-43.25076,-0.0006995948074407886,0.00014585115746347304
-43.2441,-0.0007010440885404544,0.00014625196746112477
-43.2374,-0.0007010883078293966,0.00014665244565065504
-43.23073,-0.000699820419070194,0.00014705390400468975
-43.22406,-0.0006980394656125163,0.00014745685622985093
-43.21739,-0.0006962324781784709,0.00014786132841046386
-43.21066,-0.0006945523615690065,0.00014826719232479362
-43.20396,-0.0006930703590757732,0.00014867425090585846
-43.19731,-0.0006917995950646069,0.00014908229364017257
-43.19066,-0.0006907613691051227,0.00014949108744854772
-43.18399,-0.0006898066372485565,0.00014990054920866974
-43.17731,-0.000688851979190874,0.00015031067876227535
-43.17061,-0.0006881646658532767,0.00015072120795457157
-43.16393,-0.0006882276355347672,0.0001511313874134408
-43.15727,-0.0006890887803930082,0.00015154041928316185
-43.15062,-0.0006903048475288514,0.00015194794823514187
-43.14397,-0.0006913148267015024,0.00015235418099830258
-43.1373,-0.0006917984389892638,0.00015275964372066112
-43.13068,-0.0006919096653619158,0.00015316470891932752
-43.12399,-0.0006919283966187268,0.00015356946878968087
-43.11728,-0.0006921134943097204,0.00015397375674708983
-43.11061,-0.0006927062913520812,0.00015437716508892823
-43.10394,-0.0006934875676611773,0.0001547795059767133
-43.09731,-0.0006943654509510266,0.00015518068338998394
-43.09068,-0.0006948005454298609,0.00015558113957671213
-43.08405,-0.0006947582230090344,0.00015598135259398534
-43.07738,-0.00069429505027915,0.0001563817428059109
-43.07069,-0.0006938009700353172,0.00015678234031185785
-43.06401,-0.0006936619677589111,0.00015718279080832444
-43.05733,-0.0006939609237349126,0.00015758265638715068
-43.05068,-0.0006945971139699844,0.00015798159967520814
-43.04396,-0.0006952984419650695,0.00015837955523883158
-43.03729,-0.0006959125171742776,0.0001587766110495205
-43.03064,-0.0006966009340314398,0.0001591726924926968
-43.02397,-0.0006973548887944534,0.00015956773440317898
-43.0173,-0.0006983363366636558,0.00015996150933776247
-43.01064,-0.0006995670366984218,0.00016035376763769805
-43.00398,-0.0007011259293633189,0.00016074418175009313
-42.99735,-0.0007027986072318655,0.00016113263833954138
-42.99068,-0.0007044223835335736,0.00016151918523408542
-42.98401,-0.0007058491587994357,0.000161904020074412
-42.97736,-0.0007070483736343915,0.00016228737073715514
-42.97069,-0.0007078577196940051,0.00016266962628476555
-42.96402,-0.0007081028007776056,0.00016305135162168185
-42.9574,-0.0007076746823001774,0.00016343322066244976
-42.95071,-0.0007068653698876266,0.00016381561312981636
-42.94405,-0.0007058160751108765,0.00016419877004444886
-42.93738,-0.000705011750573878,0.00016458244635283927
-42.93068,-0.0007045350886347694,0.00016496631345423374
-42.92401,-0.0007044742789936302,0.00016534995653409436
-42.91736,-0.000704772145130098,0.00016573301723180287
-42.91068,-0.0007052050685492025,0.00016611535955227317
-42.90407,-0.0007058878360571127,0.0001664967352188862
-42.89743,-0.0007067363269803522,0.00016687697815949271
-42.89073,-0.0007079292741323118,0.00016725574258289892
-42.88408,-0.0007094853320343818,0.00016763266667980524
-42.87743,-0.0007111285341754764,0.00016800766335536298
-42.87077,-0.000712504698945321,0.00016838099897501974
-42.86414,-0.0007131514327393257,0.00016875340400518274
-42.85748,-0.0007129502830805032,0.00016912572598159188
-42.85085,-0.0007120372401230661,0.0001694986766549162
-42.84413,-0.0007106039356184383,0.00016987277573496742
-42.83745,-0.0007090489210633104,0.00017024814551034367
-42.83078,-0.0007072800986443606,0.00017062499938195759
-42.82408,-0.0007053586217481421,0.00017100349024633184
-42.8174,-0.0007031145090152704,0.00017138394105303264
-42.81075,-0.0007007005842980705,0.00017176652147090878
-42.80406,-0.0006982563064096297,0.00017215126196335758
-42.79742,-0.0006962930536184166,0.00017253768221406427
-42.79073,-0.0006951108976544305,0.00017292499992804827
-42.78404,-0.0006948325949232916,0.00017331231189005096
-42.77737,-0.0006951829822140186,0.00017369898972298804
-42.77072,-0.0006956162463720552,0.00017408495027441894
-42.76413,-0.0006958362841318859,0.00017447040819762132
-42.75751,-0.000695977494387615,0.0001748554419740304
-42.75084,-0.0006964453303186548,0.00017523972378131873
-42.74419,-0.0006974761967170633,0.00017562269148928373
-42.73749,-0.0006988641807688274,0.00017600398737244513
-42.73081,-0.0007003959002389459,0.0001763834674197096
-42.72415,-0.0007016616421123223,0.00017676139850855113
-42.7175,-0.0007023341404354309,0.00017713837406289302
-42.71085,-0.0007022519473767288,0.0001775151482353764
-42.70418,-0.0007013630580648569,0.00017789252809681682
-42.69751,-0.0006998900533177136,0.0001782710978118469
-42.69084,-0.0006980378317955831,0.0001786512360588001
-42.68416,-0.0006957979909693454,0.0001790333309628384
-42.67748,-0.0006930005509699101,0.00017941794017238858
-42.67076,-0.0006894751670073305,0.0001798057905696427
-42.66406,-0.0006853448655033521,0.0001801974879709596
-42.65738,-0.0006810585145187484,0.00018059318873679363
-42.65071,-0.0006769427386350864,0.00018099272188463366
-42.64403,-0.0006731457892163748,0.00018139576909379852
-42.63739,-0.0006697854807256698,0.00018180189429505694
-42.63071,-0.0006670220958056921,0.00018221049950406445
-42.62407,-0.0006651265364264116,0.00018262071805379273
-42.61742,-0.0006639107280124142,0.0001830318701115177
-42.61073,-0.0006631693989334998,0.00018344348013792598
-42.6041,-0.0006625899718370191,0.0001838553876496325
-42.59744,-0.0006619494308537871,0.0001842676534181031
-42.59078,-0.0006611041790000206,0.00018468048161616345
-42.58414,-0.0006598544428343298,0.00018509427762440525
-42.57747,-0.0006580386747921967,0.00018550960713278699
-42.57082,-0.000655809628761194,0.00018592688314172256
-42.56412,-0.0006532019817909204,0.0001863464842372453
-42.55743,-0.0006506731889395248,0.00018676833174446366
-42.55078,-0.0006482537785216268,0.0001871923162633426
-42.54408,-0.0006460738855172849,0.00018761819826212156
-42.53746,-0.0006440777442685931,0.00018804579507729352
-42.53079,-0.0006423468143535615,0.00018847484031018984
-42.52414,-0.0006411255422499966,0.00018890482519792883
-42.51752,-0.000640609506577053,0.00018933504494190673
-42.51086,-0.0006406803815736542,0.00018976491157464954
-42.50424,-0.0006413563544593973,0.0001901938211518991
-42.49762,-0.0006423366928703411,0.00019062146935640013
-42.49098,-0.0006436601569702463,0.00019104751226543403
-42.48435,-0.0006443617493942868,0.0001914725725148565
-42.47771,-0.0006442021397896975,0.00019189751122557864
-42.47105,-0.0006430899918577442,0.00019232328013949005
-42.46439,-0.000641582524751181,0.00019275027521046566
-42.45776,-0.0006399190249593935,0.00019317865290765607
-42.45108,-0.0006380074663456154,0.00019360866010600312
-42.44441,-0.0006356661164587514,0.00019404072736068983
-42.43776,-0.0006329515049836076,0.0001944752282402342
-42.43112,-0.0006300242956197614,0.00019491237493426996
-42.42448,-0.0006268586959282044,0.00019535240646725936
-42.4178,-0.0006232935280260871,0.0001957957219397098
-42.41112,-0.0006196462282411845,0.00019624240294654512
-42.4045,-0.0006161261166431241,0.0001966923237073307
-42.39784,-0.000612823491696395,0.0001971452662680634
-42.39119,-0.0006094474722353265,0.00019760130361500322
-42.38451,-0.0006058938416813271,0.00019806061360684587
-42.37782,-0.000602497072794793,0.00019852303930182363
-42.37119,-0.0005994181711079264,0.00019898826306800676
-42.36453,-0.000596839101465633,0.00019945578532101516
-42.3579,-0.0005944690923068331,0.00019992539743440325
-42.35127,-0.0005923207480948264,0.00020039687720606976
-42.34462,-0.0005904028635140881,0.00020086999455276534
-42.33798,-0.0005889715754100544,0.00020134426305464862
-42.33136,-0.0005881352050658218,0.00020181908751372535
-42.32475,-0.0005879025266260654,0.00020229386499942464
-42.3181,-0.0005880688987527712,0.00020276819599591484
-42.31146,-0.0005883349791402456,0.00020324198038638837
-42.30483,-0.0005883799302169096,0.00020371544006135575
-42.2982,-0.0005881037805448465,0.0002041888961695104
-42.29157,-0.000587588890355919,0.00020466258691450998
-42.28491,-0.0005870349795492985,0.00020513655156566575
-42.27826,-0.0005867415152003829,0.0002056105298526864
-42.27161,-0.0005866604950628503,0.00020608430879479514
-42.26491,-0.0005866790493318945,0.00020655778881098475
-42.25829,-0.0005864379462254707,0.00020703123062976931
-42.25159,-0.000585836219297077,0.00020750499331600663
-42.24495,-0.0005847798526712958,0.00020797953290882458
-42.23828,-0.0005837494617540326,0.00020845482309739632
-42.23164,-0.0005829057281883476,0.00020893067707108468
-42.22502,-0.0005823095372220262,0.00020940684817475304
-42.21838,-0.0005815138951735424,0.00020988353565209875
-42.21172,-0.000580210940214472,0.00021036124602469834
-42.20511,-0.0005782195513949705,0.00021084066899589943
-42.19844,-0.0005758033418232553,0.00021132222866967785
-42.19174,-0.0005733654938163467,0.00021180594576647994
-42.18506,-0.0005711146600750773,0.00021229163415913805
-42.17836,-0.0005690546991054954,0.0002127791027685795
-42.17171,-0.0005671988884167875,0.00021326814754489226
-42.16504,-0.0005651397820714592,0.00021375897216129868
-42.1584,-0.0005627173386254755,0.00021425194038421987
-42.15175,-0.0005599442139725397,0.00021474740223174565
-42.14508,-0.0005574790640899451,0.00021524505010678033
-42.13843,-0.0005558286316808999,0.00021574406959374345
-42.13176,-0.0005549619864324198,0.00021624367611579857
-42.12508,-0.0005544116646969661,0.00021674355385426143
-42.11841,-0.0005537489265975263,0.00021724381540035
-42.11185,-0.0005529699814218576,0.0002177445778198539
-42.10523,-0.0005521432960375495,0.0002182458887231791
-42.09856,-0.0005513510420320214,0.0002187477130930862
-42.09189,-0.0005508401065805869,0.0002192497690755345
-42.08525,-0.0005509225437780863,0.00021975146430887373
-42.07858,-0.0005515414008526912,0.0002202522620412691
-42.0719,-0.0005522594689858859,0.00022075206239980947
-42.06525,-0.000552670561298335,0.00022125117337079312
-42.05858,-0.0005528564722757902,0.00022174981993045505
-42.05196,-0.0005530382079248966,0.00022224800635042868
-42.0453,-0.0005532846925829207,0.00022274566800709037
-42.03867,-0.00055335831547296,0.00022324297818856573
-42.03203,-0.0005531851698511707,0.00022374018300161326
-42.02539,-0.0005527397381262781,0.00022423755536281687
-42.01872,-0.000552233636403827,0.00022473515561139486
-42.01207,-0.000551688678952958,0.00022523302232004027
-42.00539,-0.000551225918079135,0.00022573107354462697
-41.99872,-0.0005508670635088599,0.00022622920555258363
-41.99205,-0.0005506680721259671,0.0002267272579457259
-41.98543,-0.0005505603769526069,0.00022722514068743594
-41.97878,-0.000550608111541286,0.00022772269801776438
-41.97211,-0.0005509970033617241,0.00022821958799290585
-41.96547,-0.0005518745480611079,0.00022871532296728502
-41.9588,-0.0005531925426910153,0.0002292094621613677
-41.95213,-0.0005547305509499344,0.00022970178502672333
-41.94547,-0.0005559444782156335,0.00023019261639993762
-41.93881,-0.0005565187932247798,0.00023068259594074807
-41.93214,-0.0005562763070769026,0.00023117253979005955
-41.92549,-0.0005553300340634469,0.00023166315261540892
-41.91881,-0.0005540468033896891,0.00023215477104573083
-41.91211,-0.0005525000340642962,0.00023264765783455083
-41.90541,-0.0005506815911923294,0.00023314208528538505
-41.89874,-0.0005484404429482575,0.00023363847652702334
-41.89211,-0.0005460659058912938,0.00023413696491442754
-41.8855,-0.0005438517837668162,0.0002346373909120147
-41.87888,-0.0005419660640665516,0.00023513942603917005
-41.87225,-0.0005405250743938695,0.000235642624905956
-41.86559,-0.0005394425534567105,0.00023614662929765474
-41.85893,-0.0005386796109183653,0.00023665111968318228
-41.85227,-0.0005379295866410795,0.00023715608260986874
-41.8456,-0.0005368733657196907,0.0002376618247785721
-41.83897,-0.000535679483987024,0.00023816848439659993
-41.83232,-0.0005346365339852867,0.0002386759097481553
-41.82564,-0.0005339690787899791,0.0002391837255931405
-41.81897,-0.000533396708302802,0.000239691837018909
-41.81232,-0.0005326302816649209,0.00024020043779667504
-41.80565,-0.0005317044038239967,0.00024070968775714277
-41.799,-0.0005308564395140775,0.00024121950928305787
-41.79236,-0.0005303233592573177,0.00024172958708060368
-41.78571,-0.0005301742662891749,0.0002422395376664033
-41.77904,-0.0005305770266630111,0.00024274880898546414
-41.77242,-0.0005314929940277641,0.00024325688791839605
-41.76576,-0.0005326199776687266,0.00024376356357983566
-41.75909,-0.0005337208529259509,0.0002442688620010654
-41.75243,-0.0005346447237366724,0.000244772959776868
-41.74577,-0.0005354522200289378,0.00024527597390990453
-41.73911,-0.0005362164884928477,0.00024577794767507034
-41.73242,-0.0005369415041187488,0.0002462789194193225
-41.72578,-0.0005375332877648465,0.000246779023622747
-41.71909,-0.000537840259855884,0.00024727854452411387
-41.7124,-0.0005379359049576328,0.00024777769291697214
-41.70575,-0.0005381913557442471,0.0002482763101190205
-41.69908,-0.0005389205220950009,0.0002487739222140215
-41.69241,-0.0005402309589044148,0.00024926994739798335
-41.68578,-0.0005417440449466594,0.0002497641841441174
-41.67911,-0.0005432394056586541,0.00025025664972985593
-41.67246,-0.0005445665477072519,0.00025074751208761044
-41.66583,-0.000545786105530265,0.000251236879676024
-41.65921,-0.000546902193774797,0.0002517248561347915
-41.65254,-0.0005480563786173252,0.00025221140221625256
-41.64589,-0.0005492408019606348,0.00025269648855605077
-41.63921,-0.0005503129132980908,0.0002531802271428932
-41.63251,-0.0005507948403010318,0.00025366320738135184
-41.62584,-0.0005505065782325421,0.00025414620045772335
-41.61916,-0.0005496501803852173,0.0002546297744314887
-41.61246,-0.0005485139047929927,0.0002551142084010121
-41.60577,-0.0005474770044316086,0.00025559940374144465
-41.59908,-0.0005466295983400238,0.00025608517100558006
-41.59242,-0.0005460620376027633,0.0002565712301842784
-41.58579,-0.0005457057242650181,0.0002570573710257758
-41.57912,-0.000545512679879065,0.00025754342981585814
-41.57246,-0.0005457024163373514,0.0002580290233636145
-41.56581,-0.0005464557969898402,0.00025851358877421264
-41.55919,-0.0005476479418097484,0.00025899668769845395
-41.55257,-0.000548895654548988,0.0002594782640350961
-41.5459,-0.0005498204843850534,0.0002599586406795433
-41.53931,-0.0005504791042701599,0.000260438084869676
-41.53268,-0.00055094373066155,0.00026091678957507896
-41.52599,-0.000551343556475511,0.0002613948194868983
-41.51929,-0.0005518292306541133,0.00026187208868116285
-41.51259,-0.000552568286005432,0.0002623483432443243
-41.50591,-0.0005534923281710361,0.0002628233990607602
-41.4993,-0.0005542189889963289,0.00026329745441512923
-41.49266,-0.0005544337913654191,0.000263771020265809
-41.48601,-0.0005542662055984686,0.00026424447950429
-41.47939,-0.0005540730651638349,0.000264717858098355
-41.47275,-0.0005541159761752394,0.00026519091921926933
-41.46605,-0.0005543004094143316,0.0002656635212374702
-41.45937,-0.0005543388916565543,0.00026613581039499235
-41.4527,-0.0005541496271104312,0.000266608014028387
-41.44605,-0.0005535526473882952,0.00026708054072236066
-41.43938,-0.000552534749772206,0.00026755381119728243
-41.43271,-0.0005510058321070467,0.000268028335940931
-41.42603,-0.0005492410731781916,0.00026850435129809367
-41.41934,-0.0005475538175568208,0.00026898177969026234
-41.41267,-0.0005461802245075623,0.0002694603071663896
-41.40601,-0.000544974495169237,0.0002699397666096676
-41.39932,-0.0005439490568111356,0.00027041997741050424
-41.3927,-0.0005431258223446973,0.00027090073768442404
-41.386,-0.000542564167412545,0.000271381785503895
-41.37932,-0.0005421314818830784,0.000271862992189265
-41.37265,-0.0005416944876683002,0.00027234436163880814
-41.36598,-0.000540841491582434,0.00027282631047923395
-41.35931,-0.0005394994996964303,0.00027330932775272883
-41.35266,-0.0005375699270254085,0.0002737940007508648
-41.34601,-0.0005353190655429448,0.0002742806513869274
-41.33934,-0.0005330598551574732,0.0002747692878134961
-41.3326,-0.0005310363214066757,0.0002752596729737873
-41.3259,-0.0005290178047545174,0.00027575180296043097
-41.31924,-0.0005266996588910972,0.0002762459779336288
-41.31258,-0.0005239228854580775,0.00027674265598916903
-41.30594,-0.0005210482055470373,0.0002772419358997579
-41.29929,-0.000518388297532173,0.0002777436028185236
-41.2926,-0.0005164186600089459,0.0002782469654595355
-41.28594,-0.000515259895927311,0.00027875121393627217
-41.27925,-0.0005147012523488497,0.00027925574781189553
-41.27258,-0.0005143184042110608,0.0002797603910012077
-41.26593,-0.0005132630075673633,0.0002802658169181232
-41.25926,-0.0005115905385481851,0.0002807726424396509
-41.25259,-0.000509742490117001,0.00028128104261380466
-41.24593,-0.0005084648349957002,0.0002817904477916378
-41.23929,-0.0005077016471985983,0.00028230034379296516
-41.23259,-0.0005068652376917656,0.00028281080258493323
-41.22595,-0.0005056396427561837,0.0002833222146995505
-41.21933,-0.0005040031435117675,0.0002838349913277618
-41.21268,-0.000502165262562021,0.00028434933295852917
-41.20601,-0.0005004347768260856,0.00028486513257924926
-41.19937,-0.000499132993843352,0.0002853819618940311
-41.19272,-0.0004988203880695046,0.0002858988310740596
-41.18608,-0.0004992744920948775,0.0002864149741527677
-41.17941,-0.0005000109276407631,0.0002869301084840004
-41.17275,-0.0005004089444633372,0.00028744457207554956
-41.16609,-0.0005007685242308783,0.0002879584039874451
-41.15945,-0.0005014620453132628,0.00028847127056424163
-41.15279,-0.0005025190012559086,0.00028898280760000084
-41.1461,-0.0005036314025979831,0.0002894929599124333
-41.13944,-0.0005046667779799507,0.0002900018049331788
-41.13278,-0.0005056119784046682,0.0002905094323062826
-41.12611,-0.0005062190979947135,0.00029101618061544416
-41.11948,-0.0005062530488905925,0.00029152262355410934
-41.11282,-0.0005056149990500737,0.00029202943223292563
-41.10619,-0.0005045966582315769,0.00029253698792417663
-41.09953,-0.000503415756665808,0.00029304545287538555
-41.09288,-0.0005021536850918529,0.0002935549078453689
-41.08621,-0.000500733605486782,0.0002940655112253735
-41.07954,-0.0004991426933757544,0.0002945774338937308
-41.07289,-0.000497231291395149,0.00029509099604855876
-41.06624,-0.0004949740049271072,0.00029560654419634816
-41.05962,-0.0004921956454910163,0.0002961245998135623
-41.05296,-0.0004892848111486216,0.00029664529436720596
-41.04627,-0.0004863615908323492,0.0002971686405075551
-41.03958,-0.0004838320810029479,0.00029769424457005284
-41.03291,-0.0004817089730044777,0.00029822169986094165
-41.0262,-0.0004799152045610288,0.00029875067718623067
-41.01953,-0.0004782672434595464,0.00029928103126073953
-41.01288,-0.00047683743145055245,0.00029981254364308616
-41.00624,-0.000475711417545826,0.00030034491127557347
-40.99959,-0.0004749102286671157,0.00030087780925968255
-40.99294,-0.0004742072733450855,0.00030141113883152784
-40.98631,-0.0004736798340381951,0.00030194472533398207
-40.97968,-0.00047325499237850017,0.0003024784662146596
-40.97301,-0.00047295370536726804,0.00030301223691368904
-40.96631,-0.00047233214614653195,0.0003035463579686226
-40.95964,-0.00047126673192238796,0.0003040812736361562
-40.95297,-0.00046967611772777494,0.0003046175085863068
-40.94635,-0.0004676890971939833,0.0003051554604391413
-40.93968,-0.0004651983251950772,0.0003056956323988514
-40.933,-0.0004624302516538372,0.0003062383011186946
-40.9263,-0.0004599742746619269,0.0003067831548864098
-40.91962,-0.0004580139271793501,0.0003073296983549421
-40.91296,-0.00045633980521159656,0.0003078776450056871
-40.90631,-0.00045457652986364503,0.00030842708473096276
-40.89969,-0.0004530185263849903,0.00030897781265878417
-40.89313,-0.0004522930103946,0.0003095289964804647
-40.88644,-0.0004522625426646416,0.0003100799402319458
-40.87975,-0.0004527355140847581,0.0003106301405196899
-40.87308,-0.00045320410195060596,0.000311179601433898
-40.86646,-0.00045365170703446945,0.0003117283451676457
-40.85985,-0.0004537751280943547,0.0003122766960678198
-40.85321,-0.0004532456675441751,0.0003128253061323683
-40.84654,-0.00045218319299896126,0.0003133747086417693
-40.83987,-0.0004508735525137663,0.0003139251508073146
-40.83318,-0.0004496192946945051,0.0003144765764814711
-40.82646,-0.0004480369229348938,0.0003150293140453527
-40.81979,-0.00044573029177724904,0.00031558408839239084
-40.81311,-0.00044297620169989933,0.00031614134633461554
-40.80641,-0.0004400733984025216,0.0003167012369701257
-40.79974,-0.00043746957360602445,0.0003172634617185168
-40.79306,-0.00043503217565412007,0.00031782785350628704
-40.78639,-0.00043305988865101325,0.0003183939479597425
-40.77977,-0.0004316677113811509,0.0003189611656012882
-40.77313,-0.00043088482796065444,0.0003195288963728606
-40.7665,-0.00043049851474121636,0.000320096744440842
-40.75986,-0.0004302996687459132,0.0003206645222655961
-40.75324,-0.00043014766565747996,0.00032123218270934995
-40.74661,-0.0004299574504292929,0.0003217997644860276
-40.73996,-0.00042957975264441253,0.0003223674548887606
-40.73329,-0.0004292401948816566,0.00032293521501431733
-40.72662,-0.0004290158274890418,0.00032350293029154544
-40.72,-0.0004292346193894729,0.0003240701581911405
-40.71335,-0.0004293636576058295,0.0003246369875867437
-40.70668,-0.00042932667615928183,0.0003252035848831137
-40.70006,-0.000428804612283706,0.00032577043579195273
-40.69342,-0.00042801418544748983,0.00032633780791347413
-40.68677,-0.0004270749985494731,0.00032690585050959163
-40.6801,-0.00042645934462085075,0.0003274742398587875
-40.67345,-0.0004262310381769038,0.00032804258831828153
-40.66678,-0.0004261773038366441,0.0003286107217012606
-40.6601,-0.00042601288917928475,0.00032917875061647394
-40.65346,-0.000425640052960828,0.00032974688342314953
-40.64684,-0.00042519519611708845,0.00033031519299312465
-40.64018,-0.00042492038605443236,0.00033088350885839593
-40.63352,-0.00042480286971563626,0.00033145167319672733
-40.62689,-0.00042486858325978234,0.0003320195037455294
-40.62026,-0.00042496831502292546,0.00033258696653114717
-40.61362,-0.00042494449317325816,0.0003331541844622531
-40.60698,-0.0004246614099390167,0.000333721417418142
-40.60033,-0.00042425075012176785,0.0003342887929038479
-40.59369,-0.00042402289381328795,0.0003348561277035703
-40.58699,-0.00042413081446353594,0.00033542308596164075
-40.58032,-0.00042450245582674245,0.00033598940435055084
-40.5737,-0.00042486138537195257,0.0003365550956339063
-40.56708,-0.00042494411230629373,0.0003371204366317044
-40.56041,-0.00042444002122998104,0.00033768601362683877
-40.55376,-0.0004234896997483045,0.00033825227255337455
-40.54712,-0.0004223654873594902,0.0003388193880355078
-40.54045,-0.00042135178808913403,0.0003393872492573372
-40.53374,-0.00042046962293598055,0.0003399557236939353
-40.52702,-0.00041940500235450735,0.00034052499430290773
-40.52031,-0.0004180941907896112,0.0003410953074360426
-40.51369,-0.00041637180939279244,0.00034166707517591425
-40.50703,-0.00041438204324090535,0.00034224056506199947
-40.50038,-0.0004121208007474819,0.0003428160487307343
-40.49374,-0.0004098980326038629,0.00034339348729528333
-40.48706,-0.00040776475272445077,0.00034397279142264677
-40.48039,-0.00040590362687531684,0.0003445536891188952
-40.47374,-0.0004041064282021789,0.00034513611615982065
-40.46707,-0.0004024496771237645,0.0003457199324840839
-40.46039,-0.000400844084062429,0.00034630508686305824
-40.45372,-0.00039954853274654605,0.0003468912688427033
-40.44705,-0.00039846132938928084,0.0003474782706918604
-40.44035,-0.0003976797580931522,0.00034806578647777304
-40.43373,-0.0003970555635853694,0.0003486536592168196
-40.42709,-0.0003965800573253775,0.000349241740606932
-40.42044,-0.0003961130666510799,0.00034983002206183844
-40.41376,-0.0003960404725108284,0.0003504181083127156
-40.40709,-0.00039643903880035627,0.0003510055289305468
-40.40041,-0.000397405989530124,0.0003515917154605682
-40.39372,-0.0003984362260842928,0.00035217660397498705
-40.38706,-0.0003992163259739516,0.0003527604455711335
-40.38043,-0.0003993517399589948,0.0003533438853233553
-40.37378,-0.00039905853391891335,0.00035392735109484767
-40.3671,-0.00039853213970283697,0.0003545110763459174
-40.36043,-0.00039839600079378553,0.00035509467098032656
-40.35375,-0.00039866250339773055,0.00035567773171496156
-40.34708,-0.00039872141035402755,0.00035626046687596807
-40.34042,-0.00039797484956920144,0.00035684368208989615
-40.33376,-0.0003962320491188009,0.0003574283730693298
-40.32713,-0.00039412950635378405,0.0003580149005152703
-40.32045,-0.000391899905669911,0.00035860339095817434
-40.31375,-0.0003897594144166274,0.00035919375453330904
-40.30707,-0.0003877932512510784,0.00035978581775685523
-40.30039,-0.00038608164708419903,0.0003603793261142118
-40.29372,-0.0003843320704792688,0.00036097431716521636
-40.28705,-0.00038223973049731746,0.00036157113428867267
-40.2804,-0.00037985972054521325,0.0003621700654268721
-40.2737,-0.0003781109060497815,0.0003627704782875687
-40.26704,-0.00037723104688378755,0.00036337150498670076
-40.26038,-0.00037711372504224623,0.0003639723830310883
-40.25375,-0.0003768735826493935,0.0003645732350561273
-40.24709,-0.0003763412888297617,0.000365174353486563
-40.24043,-0.00037550418960034066,0.0003657760431719118
-40.23377,-0.00037458662073839807,0.00036637838405520023
-40.22708,-0.00037358030252548105,0.0003669814651595888
-40.22041,-0.0003727266378481374,0.0003675851341031312
-40.21373,-0.00037180094828801635,0.0003681894622707037
-40.20706,-0.0003708121028705529,0.00036879451354653454
-40.20039,-0.00036973029486490655,0.000369400380937331
-40.19376,-0.00036896609782113436,0.00037000674675961013
-40.1871,-0.0003685871479334808,0.0003706132260402132
-40.18044,-0.00036845369153292015,0.00037121957332964634
-40.1738,-0.0003686629271070487,0.00037182544563625343
-40.16716,-0.00036929960844289813,0.00037243041612841144
-40.16051,-0.00037046074829636484,0.00037303396027815077
-40.15385,-0.000371778038101178,0.0003736359212960174
-40.14719,-0.00037318410441843715,0.0003742362110196433
-40.14055,-0.00037467463430661886,0.00037483474525557665
-40.13388,-0.000376245011568329,0.00037543144329096667
-40.12723,-0.00037752358314191854,0.0003760265977715893
-40.12058,-0.00037810845600432365,0.0003766209024399486
-40.11395,-0.0003781477211512268,0.00037721490260348534
-40.10727,-0.0003777345134536009,0.00037780905078417954
-40.1006,-0.0003771015748712717,0.00037840356686977164
-40.09393,-0.0003761599882161885,0.0003789987589824793
-40.08727,-0.0003748932599327231,0.0003795949529904035
-40.0806,-0.0003735167908206608,0.00038019225856547216
-40.07391,-0.0003721022624819721,0.0003807907130158271
-40.06725,-0.00037072626813306885,0.00038139027875906163
-40.06058,-0.0003693673476304427,0.00038199093865252265
-40.05391,-0.00036819863196871876,0.00038259250196570366
-40.04726,-0.0003673556637823202,0.00038319464378948673
-40.04059,-0.0003668845194597035,0.00038379699211876393
-40.03391,-0.0003668568211219248,0.0003843991028695794
-40.02724,-0.00036707854177058674,0.00038500072734860347
-40.02058,-0.00036731716686020716,0.0003856018488074881
-40.01395,-0.0003672812107489143,0.00038620274163867754
-40.00734,-0.00036748621368112914,0.00038680316572027465
-40.00067,-0.00036785984216052535,0.0003874029517968603
-39.99396,-0.00036850755380026423,0.00038800182481133833
-39.98726,-0.00036898225052509694,0.00038859995850394207
-39.98059,-0.00036965964990908764,0.0003891971505521326
-39.97409,-0.0003707638963199483,0.0003897929754877271
-39.96744,-0.00037222627968592185,0.0003903870741055328
-39.96079,-0.00037378129729254557,0.00039097935381480353
-39.9541,-0.00037540750177124583,0.000391569742455789
-39.94748,-0.0003771816171013235,0.00039215809351318746
-39.94084,-0.00037912416831147093,0.0003927442383707343
-39.93416,-0.0003804627019083972,0.000393328780073693
-39.92749,-0.00038117256043877746,0.00039391234802128936
-39.92084,-0.00038145207228906125,0.0003944953728271181
-39.91415,-0.00038188730285456177,0.000395077697800817
-39.90744,-0.00038233518270656253,0.00039565931068232603
-39.90077,-0.00038257227592761785,0.0003962404227482999
-39.89409,-0.00038251812686637264,0.0003968213246046237
-39.88747,-0.00038246861941578517,0.0003974020128904631
-39.88081,-0.00038241050981482037,0.0003979824958054547
-39.87418,-0.0003825084082627625,0.00039856261715071636
-39.86752,-0.0003828297724863696,0.0003991421537380478
-39.86089,-0.0003833198597606382,0.00039972093722160463
-39.85422,-0.0003837463116255475,0.0004002990302668193
-39.84755,-0.00038373867094640017,0.0004008768675779297
-39.84088,-0.0003833348237845285,0.0004014548454048635
-39.83421,-0.0003824630632939118,0.00040203343113632113
-39.8275,-0.0003810056185572995,0.0004026132106238583
-39.82083,-0.0003789670430459055,0.000403194765486046
-39.81418,-0.0003765284206121723,0.0004037784954672075
-39.80754,-0.00037391761857990196,0.00040436457346904937
-39.80089,-0.0003710459668752788,0.0004049532602734749
-39.79421,-0.0003679933339914548,0.00040554473600453654
-39.78754,-0.0003650382495609037,0.0004061389038358509
-39.7809,-0.0003627324052393933,0.00040673511490289793
-39.77425,-0.0003608942283509348,0.0004073329009029314
-39.76755,-0.00035930475027624815,0.00040793201319465794
-39.76091,-0.00035752205662564816,0.0004085326457009437
-39.75427,-0.00035585317905617976,0.00040913468408119736
-39.74767,-0.00035438276216776015,0.00040973793092747874
-39.741,-0.00035295438646991444,0.00041034234346780043
-39.73439,-0.000351143233716245,0.00041094830461776353
-39.72772,-0.0003488397561078308,0.00041155630664994663
-39.72105,-0.00034610729997092675,0.0004121667785861015
-39.71442,-0.00034316904182624965,0.00041277992614545834
-39.70775,-0.0003399155877464677,0.0004133960646930115
-39.70104,-0.00033650256885229044,0.00041401535339581874
-39.69435,-0.00033278283310482975,0.0004146380986674926
-39.68767,-0.00032887451999287037,0.0004152644898060692
-39.681,-0.0003246975856573361,0.00041589479558611466
-39.67439,-0.00032057605699852476,0.0004165289607384595
-39.66776,-0.0003166277027891798,0.0004171668124782806
-39.66109,-0.0003133275710484231,0.00041780770218596597
-39.65442,-0.00031062924594371124,0.00041845102753109695
-39.64775,-0.0003083226064302287,0.0004190963974380977
-39.64113,-0.0003057389500957752,0.00041974408951611533
-39.63448,-0.0003024363870954256,0.00042039482181827705
-39.62785,-0.0002983651000408407,0.0004210493638978437
-39.62119,-0.000293890719704269,0.0004217081185616298
-39.6145,-0.00028937053384970495,0.0004223711307624355
-39.60779,-0.00028494781287797996,0.00042303830342595904
-39.60111,-0.00028055949978363483,0.000423709602516448
-39.59441,-0.00027606657458982987,0.00042438513190348547
-39.58778,-0.0002711838599687292,0.0004250652827528228
-39.58112,-0.0002658731570447398,0.00042575048276699274
-39.57448,-0.0002603824918281218,0.00042644091160363984
-39.56787,-0.00025505677089370145,0.00042713640525571305
-39.56123,-0.000250059484905762,0.0004278366350026728
-39.55458,-0.00024542828127103756,0.00042854123412930107
-39.5479,-0.00024092807642984355,0.00042925007191805875
-39.54125,-0.0002365882624683979,0.00042996298834867334
-39.53458,-0.0002323287132771396,0.00043067990241464984
-39.52791,-0.00022814976319340816,0.00043140073412589524
-39.52127,-0.00022413951137316673,0.0004321253151542484
-39.51462,-0.00022044463568166896,0.000432853329491159
-39.50795,-0.00021723329107047466,0.0004335842939962313
-39.50128,-0.00021586139071694063,0.00043431636926802834
-39.49464,-0.00021359541037100868,0.00043505044919024406
-39.48799,-0.00021193859305869008,0.00043578592509940247
-39.48135,-0.00021084452639455809,0.0004365222343962966
-39.47475,-0.0002100485790012719,0.00043725907887359874
-39.46809,-0.00020926534804642782,0.00043799644577034003
-39.46146,-0.00020840677060462832,0.0004387344108017699
-39.45485,-0.00020749367196626163,0.0004394730281832134
-39.4482,-0.00020650104300976447,0.00044021237761837054
-39.44154,-0.00020529876073009038,0.0004409526686945341
-39.43491,-0.00020392457657323351,0.0004416940731163336
-39.42827,-0.00020237873251261263,0.00044243676304303093
-39.4216,-0.00020079110874277127,0.00044318077997141975
-39.41496,-0.0001990987897396857,0.0004439262283992828
-39.40826,-0.00019720962212662737,0.0004446733051328288
-39.40164,-0.00019534608716631623,0.0004454219854488487
-39.39504,-0.0001936546611477509,0.000446172096931964
-39.3884,-0.00019175809127200413,0.00044692384490035666
-39.38173,-0.00018937538542017248,0.0004476777152077758
-39.37509,-0.00018636828697008126,0.00044843433204879536
-39.36847,-0.0001833324926698322,0.0004491937249429163
-39.36185,-0.00018095946477716764,0.00044995523116587695
-39.35521,-0.0001796302879318835,0.0004507178061277791
-39.34856,-0.00017924445407307903,0.0004514805069849255
-39.34189,-0.00017923581457054256,0.00045224295636944387
-39.33524,-0.00017941564324347903,0.0004530049655066647
-39.32863,-0.00017962500718135692,0.0004537665058999329
-39.32201,-0.00017979242041294316,0.00045452761943413244
-39.31537,-0.00018028221615684514,0.0004552879829885922
-39.3087,-0.00018093540490972846,0.0004560474334540577
-39.30202,-0.0001820576337921821,0.00045680550172517206
-39.29536,-0.00018351886261285867,0.0004575618484952683
-39.2887,-0.00018495907591382628,0.0004583164953868103
-39.28206,-0.0001858881800575741,0.0004590699537664159
-39.27539,-0.00018597521271923172,0.00045982306486075006
-39.26878,-0.00018585732922695992,0.0004605760348376894
-39.26216,-0.0001858734274539305,0.00046132872964996414
-39.25549,-0.0001861865248014159,0.00046208085123915395
-39.24889,-0.0001869561882944718,0.00046283194439726766
-39.24225,-0.00018811914025430653,0.0004635816154483678
-39.23558,-0.00018984677851711416,0.0004643292988622749
-39.22893,-0.00019193010701142033,0.00046507463976974234
-39.22231,-0.0001942224411880367,0.00046581742952878574
-39.21568,-0.00019659376917875208,0.00046655758851629986
-39.20903,-0.00019903597685465573,0.00046729504624443586
-39.20236,-0.0002015363457694054,0.0004680297443799524
-39.19573,-0.00020388147704161522,0.00046876183806691696
-39.1891,-0.00020554448758280182,0.0004694920100319319
-39.18248,-0.00020613636996714814,0.00047022133155199663
-39.17583,-0.00020554418747745389,0.00047095098584935005
-39.16916,-0.00020423697778083725,0.00047168168834337665
-39.16246,-0.00020282115995372626,0.00047241354736399547
-39.15579,-0.00020137620695436748,0.0004731465918454724
-39.14909,-0.00019974338192364785,0.000473881009945547
-39.14243,-0.00019762586825286036,0.00047461728682200813
-39.13579,-0.00019508629562925797,0.000475355844225645
-39.12912,-0.00019237578396476209,0.00047609685338116745
-39.12247,-0.000189740975165944,0.0004768402388409594
-39.1158,-0.0001876706788768482,0.00047758543535804935
-39.10913,-0.0001864242474909596,0.0004783316196730827
-39.10246,-0.0001858801427159442,0.00047907808950155035
-39.09583,-0.00018563277166833692,0.0004798245480141085
-39.08916,-0.00018531446321337123,0.0004805710663278253
-39.08249,-0.00018516334095465813,0.0004813174772985708
-39.07581,-0.00018525022553727037,0.0004820635422921591
-39.06914,-0.00018565060101334859,0.00048280894852922293
-39.0625,-0.00018646037252655463,0.0004835532869742986
-39.05585,-0.00018754136805443158,0.0004842962857759951
-39.04921,-0.0001888938644135661,0.0004850376741444691
-39.04254,-0.0001907556275966264,0.00048577694253647356
-39.03589,-0.00019322255455924797,0.0004865134854793637
-39.02924,-0.00019638662997219195,0.0004872466064294157
-39.02258,-0.00019968382188724975,0.0004879761722059895
-39.01595,-0.00020260883716248366,0.0004887025547825106
-39.00943,-0.00020468630162076866,0.0004894266034785334
-39.00278,-0.00020594492342606934,0.0004901491358018932
-38.99616,-0.0002068067178216512,0.0004908705483764225
-38.98947,-0.0002073803589507079,0.000491591129219466
-38.98268,-0.00020751961387295594,0.0004923113117024527
-38.97598,-0.00020714558981387365,0.0004930316095355195
-38.96928,-0.00020599975869641307,0.0004937527951303761
-38.96262,-0.00020457045111737553,0.0004944751524278207
-38.95595,-0.00020300350061072054,0.000495198818444657
-38.94927,-0.0002016413458961136,0.0004959235888838557
-38.9426,-0.00020063819423352187,0.0004966491048897005
-38.93596,-0.00020032340647570978,0.0004973746778940342
-38.92938,-0.00020077227075755746,0.000498099545480756
-38.92271,-0.0002015295036115153,0.0004988233983745382
-38.916,-0.00020224050674023684,0.0004995462818636903
-38.90933,-0.0002029641525095511,0.0005002681843307264
-38.90271,-0.00020369614466402177,0.0005009890979969423
-38.89604,-0.00020450698494547817,0.0005017089429678251
-38.88936,-0.00020503014906150978,0.0005024280074181858
-38.88266,-0.00020518632179429488,0.0005031466581710772
-38.87599,-0.0002049547127952845,0.0005038652828033896
-38.86932,-0.00020447735762753517,0.0005045841276648781
-38.86266,-0.00020380003555951241,0.0005053033928690594
-38.856,-0.00020277675284016217,0.0005060234238564412
-38.84934,-0.0002015495730555347,0.0005067444251274302
-38.84267,-0.0002007642624614611,0.0005074659547495798
-38.836,-0.00020096643614745484,0.0005081870247186416
-38.82936,-0.00020226456006147114,0.0005089065400018479
-38.82269,-0.00020413733946996677,0.0005096239256709883
-38.81604,-0.00020602223228148123,0.0005103391693020855
-38.80949,-0.000207678124093892,0.0005110525015451737
-38.80293,-0.0002091254886949203,0.0005117641308634848
-38.79627,-0.00021055975712822928,0.0005124740687872158
-38.78961,-0.00021190650172399938,0.0005131824034430593
-38.78293,-0.00021316971070008082,0.000513889218199198
-38.77628,-0.00021435354032924147,0.0005145945922285839
-38.76961,-0.00021500018884283088,0.0005152990631062152
-38.76294,-0.00021471416928207817,0.0005160035635416685
-38.75627,-0.0002135496643445689,0.0005167089715007207
-38.7496,-0.00021203165995109405,0.0005174156410854403
-38.74294,-0.00021060548079920787,0.0005181234806162533
-38.73627,-0.00020925842471095044,0.0005188324103463472
-38.7296,-0.00020806570288019443,0.0005195422765439149
-38.72296,-0.00020688987799678127,0.0005202530626656739
-38.71632,-0.00020559341267405835,0.0005209648888324028
-38.70964,-0.00020408499979804754,0.000521677967177715
-38.70296,-0.00020228558584290933,0.0005223925887441693
-38.69627,-0.00020019922701751037,0.0005231090398534809
-38.68959,-0.00019792616394794882,0.0005238275079160567
-38.68289,-0.00019562844439278732,0.000524548017422163
-38.67624,-0.00019336846914810027,0.0005252705306274592
-38.66957,-0.00019101328531199546,0.0005259951431348369
-38.6629,-0.00018862518966519993,0.0005267218878974348
-38.65627,-0.00018615838625224608,0.0005274508435185554
-38.6496,-0.00018367954415258078,0.0005281820222238498
-38.64294,-0.00018119278244050434,0.0005289154320778107
-38.63628,-0.0001790762478558837,0.0005296507023341831
-38.62962,-0.00017748811606403643,0.0005303873051917333
-38.62293,-0.000176457157020516,0.0005311246832084951
-38.61626,-0.00017563822086466403,0.0005318626240496384
-38.60959,-0.00017476552762484877,0.0005326011820737257
-38.60297,-0.000173602164589175,0.0005333406485084915
-38.59633,-0.00017214375617004692,0.0005340813176734459
-38.58966,-0.00017029092255623504,0.0005348235842850727
-38.58299,-0.00016832203521516904,0.0005355675644382886
-38.57631,-0.00016630758043688105,0.0005363133030785803
-38.56964,-0.00016430605873281955,0.0005370607879772511
-38.56297,-0.00016196422456586518,0.0005378103594879187
-38.55631,-0.00015920310883930206,0.0005385624364765229
-38.54962,-0.0001560811738743687,0.0005393173800541627
-38.54295,-0.00015271887803839556,0.0005400754308289462
-38.5363,-0.000149136889293409,0.0005408368081810696
-38.52965,-0.00014560956614837622,0.0005416014580456049
-38.52303,-0.00014249801840887836,0.0005423689649966374
-38.51634,-0.0001399886688611093,0.0005431387255973693
-38.50967,-0.0001377995302761464,0.0005439104204432229
-38.50301,-0.00013565224764958272,0.000544684007822025
-38.49637,-0.00013335159530386586,0.000545459640790399
-38.48973,-0.00013093107375431462,0.0005462374398178186
-38.48306,-0.00012838636940166656,0.0005470175288200224
-38.47643,-0.00012585440806389014,0.0005477998949459749
-38.46977,-0.00012333537978980713,0.0005485845255550447
-38.46306,-0.0001210490151303246,0.0005493711875120601
-38.45638,-0.00011893299302399693,0.0005501597102639268
-38.44972,-0.00011678842397829619,0.0005509501231626777
-38.44305,-0.00011452801471697899,0.0005517425419870251
-38.43642,-0.00011223881458368404,0.0005525369954190347
-38.42979,-0.00011004549889503021,0.00055333338817397
-38.42317,-0.00010819260129344622,0.0005541313799765854
-38.41652,-0.00010655129365594767,0.0005549307584118498
-38.40991,-0.00010507214671025046,0.0005557313623274585
-38.40328,-0.0001033858795091267,0.0005565333986798054
-38.39662,-0.00010164578500793774,0.0005573369204716578
-38.38997,-9.96117632300457e-05,0.0005581422223319718
-38.38335,-9.714695577298781e-05,0.0005589497353931367
-38.37668,-9.437143302124308e-05,0.0005597597693423505
-38.37001,-9.156746112620074e-05,0.0005605723532283082
-38.36336,-8.894628867828263e-05,0.0005613873044961498
-38.35671,-8.65450041366608e-05,0.0005622044027400466
-38.35004,-8.426437968505316e-05,0.0005630235276955246
-38.3434,-8.213329407491552e-05,0.0005638445301698214
-38.33675,-7.993193665936947e-05,0.0005646674798151047
-38.33012,-7.780978934155048e-05,0.0005654922982237223
-38.3235,-7.57625350662058e-05,0.0005663189106447011
-38.3169,-7.401784560998249e-05,0.0005671470141984575
-38.31023,-7.250131591964075e-05,0.000567976380612767
-38.30353,-7.109267438321217e-05,0.0005688069017356039
-38.29686,-6.949776013747989e-05,0.0005696387636268916
-38.29024,-6.749330388527722e-05,0.0005704723769347836
-38.28357,-6.497565475400982e-05,0.0005713082543853995
-38.27692,-6.208975071544232e-05,0.0005721467639189845
-38.27028,-5.90843678529274e-05,0.0005729880257142829
-38.26363,-5.624502145466616e-05,0.0005738318736739445
-38.25694,-5.36749986462023e-05,0.0005746780375519277
-38.25028,-5.1366297229393756e-05,0.0005755262569292156
-38.24361,-4.933938187924462e-05,0.0005763762499591016
-38.23694,-4.747402942432467e-05,0.0005772278545614775
-38.23026,-4.568772575503729e-05,0.0005780809921849057
-38.2236,-4.3984459929086174e-05,0.0005789355800342892
-38.21698,-4.2525444069553404e-05,0.0005797913737464891
-38.21036,-4.1377093793626315e-05,0.0005806480632537984
-38.20367,-4.028680154375007e-05,0.000581505589831839
-38.19702,-3.917586084923444e-05,0.0005823639740157355
-38.19038,-3.8028009232126825e-05,0.0005832232534152148
-38.18375,-3.672316062921903e-05,0.0005840835851683373
-38.17709,-3.495100162341716e-05,0.0005849454357659434
-38.17043,-3.2538251773311176e-05,0.0005858094463967556
-38.16379,-2.990256945413132e-05,0.0005866758402350119
-38.15714,-2.7387042532775977e-05,0.0005875444965075791
-38.15042,-2.500019002180345e-05,0.0005884152864334239
-38.14374,-2.260543948490388e-05,0.0005892882183536844
-38.13709,-2.014889941933612e-05,0.0005901633538428002
-38.13045,-1.7878888592545703e-05,0.0005910405070695026
-38.12381,-1.5749749675293358e-05,0.0005919195372020479
-38.11719,-1.355878947590892e-05,0.0005928005057456349
-38.1105,-1.1066603866635475e-05,0.000593683713820164
-38.10385,-8.417764787225542e-06,0.0005945693185209577
-38.09721,-5.748514882512663e-06,0.0005954573398423994
-38.09058,-2.993041689585258e-06,0.0005963478647051139
-38.08392,-7.271890015587033e-08,0.0005972410576980811
-38.07726,2.950593251220205e-06,0.0005981370212941003
-38.07063,5.86177595831697e-06,0.0005990356442612107
-38.06397,8.607300331276039e-06,0.000599936760680785
-38.05734,1.1216266300703467e-05,0.0006008402337781085
-38.05069,1.385360468433071e-05,0.0006017460923222573
-38.04404,1.6358401410917738e-05,0.0006026542038116855
-38.03742,1.835506943231304e-05,0.0006035640599010333
-38.03078,1.9917742805834287e-05,0.0006044752269923149
-38.02412,2.1158138936023622e-05,0.0006053873826485734
-38.0175,2.235309368605778e-05,0.0006063004813114053
-38.01088,2.3518828315992986e-05,0.0006072144943569866
-38.00421,2.4568797982009453e-05,0.0006081293055614723
-37.99753,2.5647646499736504e-05,0.0006090449431878955
-37.99085,2.6705551609413453e-05,0.0006099613868894605
-37.98418,2.801091378613788e-05,0.0006108788842631012
-37.97754,2.9493679201519493e-05,0.0006117976124947666
-37.97093,3.132682037779669e-05,0.0006127179228549773
-37.96425,3.344848073444559e-05,0.0006136401032060688
-37.9576,3.593716399550189e-05,0.0006145645203534712
-37.95093,3.8742972856086715e-05,0.000615491491819999
-37.94428,4.177937368418826e-05,0.0006164212484364877
-37.93761,4.477833624185399e-05,0.0006173537520499748
-37.93097,4.75911227080735e-05,0.0006182888173783407
-37.9243,4.985084446926428e-05,0.0006192258910989188
-37.91768,5.1677405416913826e-05,0.0006201645400312661
-37.91103,5.304582439137141e-05,0.0006211043063313599
-37.9044,5.432334202359208e-05,0.0006220450993360304
-37.89775,5.548948616175764e-05,0.0006229868069575872
-37.89107,5.6634679178423646e-05,0.0006239294085432916
-37.88437,5.7466396385064754e-05,0.0006248725904593558
-37.87769,5.789831850677438e-05,0.0006258159525933353
-37.87102,5.784780407397272e-05,0.0006267590132032917
-37.86437,5.7871494404584894e-05,0.0006277018467317797
-37.85768,5.8212620985859635e-05,0.0006286447697039205
-37.85103,5.9217014041141655e-05,0.0006295884463771061
-37.84438,6.0781635241030825e-05,0.0006305334370192595
-37.83775,6.277055586073114e-05,0.0006314801656117592
-37.8311,6.491969426798695e-05,0.0006324287927699215
-37.82446,6.707676008817216e-05,0.000633379326559581
-37.8178,6.916361020428394e-05,0.0006343316960522217
-37.81113,7.125411518910704e-05,0.0006352859053991516
-37.80447,7.329489416394847e-05,0.0006362419050127884
-37.79782,7.553731975202442e-05,0.0006371998961229751
-37.79115,7.802220978475742e-05,0.0006381601215919966
-37.78449,8.10255649293818e-05,0.0006391231000232426
-37.77779,8.434561866912546e-05,0.0006400891472064987
-37.77115,8.77268448801291e-05,0.0006410583254994521
-37.76448,9.057236274749824e-05,0.0006420300989383546
-37.7578,9.273014726096346e-05,0.0006430037791765363
-37.75113,9.430710045674334e-05,0.0006439787860756483
-37.74449,9.572744986690801e-05,0.0006449549633662963
-37.73787,9.704486845368534e-05,0.0006459322077988196
-37.73125,9.848128847736216e-05,0.0006469106389687534
-37.72463,9.981873869915684e-05,0.0006478901579456438
-37.71799,0.00010112731262121424,0.0006488707351418476
-37.71133,0.00010212695154798384,0.0006498520620204426
-37.70465,0.00010294540332390277,0.0006508339572379559
-37.69798,0.00010364459360354381,0.0006518163011161442
-37.69133,0.0001048083708912115,0.000652799559031983
-37.68466,0.00010653133182671163,0.0006537842900129214
-37.67802,0.00010889992522967341,0.000654771139470212
-37.67136,0.0001116669081404328,0.0006557605061915899
-37.66472,0.00011468023653249729,0.0006567526367575777
-37.65802,0.00011789466779536379,0.0006577477311700235
-37.65138,0.0001212360133696701,0.0006587459175233123
-37.64468,0.00012478234456588753,0.0006597474002566933
-37.638,0.0001283159883024014,0.0006607521663636223
-37.63133,0.0001316968821854611,0.0006617600637855761
-37.62466,0.00013498684697317725,0.0006627710016330311
-37.61801,0.00013810798862935172,0.0006637848107633958
-37.61134,0.0001407558730871069,0.0006648010183180066
-37.60472,0.00014263087285399506,0.0006658188519386685
-37.59807,0.00014376194326938972,0.0006668375668892773
-37.59143,0.0001447899969320049,0.0006678570608436337
-37.58478,0.0001461301298852883,0.0006688776458230274
-37.57819,0.00014823032805356555,0.0006699000819617218
-37.57156,0.00015076133685695657,0.0006709248002741801
-37.56493,0.00015359593569735054,0.0006719521043896041
-37.55821,0.0001564670716102444,0.0006729820294565408
-37.5515,0.00015952246589724268,0.000674014760423917
-37.54471,0.00016274974089367826,0.0006750504684358467
-37.53801,0.0001665394142673063,0.0006760897162506409
-37.53136,0.00017097312646280777,0.0006771331489851083
-37.52472,0.00017593174189690043,0.0006781812916786688
-37.51805,0.00018078707452575372,0.0006792340402436734
-37.51138,0.00018503808389475198,0.0006802907909496329
-37.50472,0.00018843467436282005,0.0006813506895138333
-37.49805,0.0001911536354539573,0.000682413057696192
-37.49141,0.0001933837076136743,0.0006834774074905958
-37.48479,0.00019517847623299426,0.0006845433038260085
-37.47813,0.00019643546173994276,0.0006856102080185365
-37.47147,0.0001975074661963157,0.0006866779356795124
-37.46483,0.00019866962365849063,0.0006877465771943367
-37.45821,0.00019993436846232077,0.000688816234829529
-37.45157,0.00020101412841298547,0.000689886723999149
-37.44492,0.0002017573324343694,0.0006909577080898494
-37.43823,0.00020206979068187504,0.0006920287554564081
-37.43156,0.00020186941214892274,0.0006930993540471258
-37.4249,0.0002012917737858018,0.0006941691267377679
-37.41827,0.0002008989747800293,0.0006952382581430544
-37.41167,0.00020104333688842022,0.0006963072863046088
-37.40505,0.0002017780797680215,0.0006973768014494082
-37.39839,0.00020254147080409228,0.000698446831327031
-37.39172,0.00020312829428803414,0.0006995171998655304
-37.38504,0.00020360842432674332,0.0007005878003145215
-37.37839,0.0002043223459772975,0.0007016588662406224
-37.37175,0.00020528606769035045,0.0007027306481314719
-37.36511,0.00020658572546527186,0.0007038034819620507
-37.35843,0.00020802048614164683,0.0007048775019379345
-37.35176,0.00020953277317052124,0.0007059527862730131
-37.34511,0.0002107498571460403,0.0007070290399951301
-37.33849,0.00021173343209006252,0.0007081060293695217
-37.33186,0.0002124012261742134,0.0007091834391105088
-37.32521,0.00021282307402706205,0.0007102610231190854
-37.31854,0.00021296230726004718,0.0007113384980759557
-37.31191,0.00021283522407538317,0.0007124155986387241
-37.30527,0.00021240504827612063,0.0007134920216578603
-37.29863,0.00021168430176221484,0.0007145674760494629
-37.29202,0.0002110086339081452,0.0007156420077697886
-37.28532,0.00021066863645905512,0.0007167159516678767
-37.27869,0.00021061152420708926,0.0007177895907848501
-37.27206,0.0002107057644163275,0.0007188630770637803
-37.26544,0.00021089827030698613,0.000719936508904464
-37.25879,0.0002114060369842144,0.0007210102007683427
-37.25212,0.00021225328824066054,0.0007220844925398902
-37.24547,0.00021331330231581195,0.0007231595972115179
-37.2388,0.0002143773513577869,0.0007242355181147893
-37.23212,0.00021542879788105797,0.0007253122431425497
-37.22546,0.00021653742798876445,0.0007263898297077921
-37.21883,0.00021756018319333019,0.0007274681917084386
-37.21217,0.00021836571841364751,0.0007285471122292671
-37.20555,0.00021878665295061033,0.0007296262070887727
-37.1989,0.0002188844119233411,0.0007307051523133423
-37.1922,0.0002187896298699343,0.0007317837554770219
-37.18555,0.00021905493570399833,0.0007328623771816707
-37.17888,0.0002198969989542527,0.0007339415934822544
-37.17226,0.00022107018702110604,0.0007350217365682412
-37.16559,0.0002222185445890338,0.0007361027811732628
-37.15892,0.00022322375761163585,0.0007371845836404429
-37.15227,0.0002243636604552835,0.0007382672794391697
-37.14562,0.00022571600187851687,0.0007393510810466653
-37.13898,0.00022751393604866223,0.000740436433637996
-37.13232,0.0002299859259727284,0.0007415240116691787
-37.12567,0.00023287452047815484,0.0007426142318781177
-37.11903,0.00023584052228236343,0.000743707171254407
-37.11235,0.0002381723451139498,0.0007448021958302898
-37.10564,0.00023984169001902206,0.0007458986428830779
-37.09898,0.00024111467971713922,0.0007469961160182285
-37.09236,0.00024254680561268074,0.0007480947753391833
-37.08571,0.000244370885042033,0.000749195012554569
-37.07903,0.0002465093489777148,0.0007502971412536531
-37.07236,0.000248635125507295,0.0007514011494328171
-37.06569,0.00025045830298421194,0.000752506734531675
-37.05898,0.00025166446304455465,0.0007536132786438941
-37.05231,0.00025253141058928475,0.0007547204435233672
-37.04565,0.0002532512332215345,0.0007558280821779992
-37.03903,0.00025395078866718843,0.0007569361742053146
-37.03236,0.0002545805390147542,0.000758044649918373
-37.02571,0.0002551857547939378,0.0007591534850093483
-37.01909,0.00025577886313905173,0.000760262667141048
-37.01242,0.00025634302195707973,0.0007613721674825145
-37.00578,0.00025681737369924007,0.0007624818965471139
-36.99915,0.0002572714198306145,0.0007635918336113136
-36.99248,0.00025763942732525216,0.0007647018928494153
-36.98581,0.0002580563578779975,0.000765812123223016
-36.97913,0.000258518235690753,0.0007669225690740435
-36.97246,0.00025919621090575846,0.000768033447182357
-36.96582,0.0002600129090134668,0.0007691448965905514
-36.95915,0.00026105395605206626,0.0007702571408548138
-36.95245,0.00026218029718017363,0.0007713702655767251
-36.94582,0.0002631108564608118,0.0007724840756684704
-36.93915,0.000263694570976402,0.0007735982233993122
-36.9325,0.0002637845587269813,0.0007747122158178805
-36.92586,0.00026349932511645876,0.0007758256778346151
-36.91919,0.0002629572538888283,0.0007769383518200089
-36.91255,0.00026230509706503543,0.0007780501285569156
-36.90593,0.00026159600486645924,0.0007791609513349367
-36.89926,0.00026060567143323466,0.0007802705379345103
-36.89264,0.0002594157003554882,0.0007813786897725918
-36.88599,0.00025801382000411477,0.0007824851946980691
-36.87933,0.0002568120142577071,0.0007835902521810723
-36.8727,0.0002561198613933035,0.0007846943727418817
-36.86607,0.00025587616934810963,0.0007857980048793676
-36.85941,0.0002560279159611345,0.0007869015432414996
-36.85274,0.0002565258772891904,0.0007880053345375225
-36.84602,0.00025745558525107744,0.0007891098100870989
-36.83933,0.00025812052441286966,0.0007902147048899617
-36.83264,0.000258447039125695,0.0007913196811093582
-36.82599,0.0002585373167585344,0.0007924245029184271
-36.81931,0.0002590309570567587,0.0007935295728901461
-36.81268,0.0002597404248763915,0.0007946351079038617
-36.8062,0.0002602465533966582,0.0007957409060507436
-36.79956,0.0002602350237448199,0.0007968464476757303
-36.79288,0.0002599259296426053,0.0007979514354303523
-36.78622,0.0002593563037131928,0.0007990556090065261
-36.77956,0.0002586606701872439,0.0008001588418859446
-36.7729,0.0002576921826298259,0.0008012608618015943
-36.76627,0.0002572287913871933,0.0008023621741657411
-36.7596,0.00025735582820385426,0.0008034633685253042
-36.75298,0.00025810569728003797,0.0008045650687621678
-36.74632,0.0002587983556860309,0.0008056672173334526
-36.73966,0.00025927532973301314,0.000806769598044267
-36.73299,0.0002594793693879222,0.0008078719384545089
-36.72632,0.0002595205901376804,0.0008089740757834026
-36.71961,0.0002594763775122563,0.0008100759237177999
-36.71294,0.0002596884981244004,0.0008111777395471283
-36.70631,0.0002601122827210334,0.0008122797353425779
-36.69966,0.0002608900577635437,0.000813382264399538
-36.69299,0.00026168786006580447,0.0008144853471472011
-36.68631,0.00026237975075768457,0.0008155888776198582
-36.67964,0.0002627096917458402,0.0008166924934498169
-36.67296,0.0002629946713992533,0.0008177961501699856
-36.66629,0.000263417919260147,0.000818899986178736
-36.65962,0.00026404865536904193,0.0008200042084542139
-36.65297,0.00026469954643318654,0.0008211088379215182
-36.64635,0.00026529350408888516,0.0008222138179609276
-36.63968,0.00026582638654940044,0.000823319086527331
-36.63301,0.0002663793759102164,0.0008244246643136609
-36.62634,0.0002667290207886462,0.0008255303480134087
-36.61966,0.00026692832535815295,0.0008266359866845444
-36.61299,0.000266968963713231,0.0008277414223385675
-36.60632,0.0002670827560757061,0.0008288467281674278
-36.59963,0.00026696496423496473,0.0008299516718937161
-36.59299,0.00026669683162773415,0.0008310561042207828
-36.58632,0.0002666318267819734,0.0008321602280392464
-36.5797,0.0002671887938237422,0.0008332646652691176
-36.57301,0.00026840758781239736,0.0008343700776817926
-36.56635,0.00026980504807408185,0.0008354766442560735
-36.55968,0.00027125522999815076,0.0008365844171124264
-36.55296,0.0002726927221972041,0.0008376933836894212
-36.54627,0.0002741219704154047,0.000838803536055464
-36.53958,0.0002755227241638676,0.0008399148452066626
-36.53291,0.00027691100716995795,0.0008410272994403311
-36.52625,0.00027834784908902947,0.0008421409474444798
-36.51958,0.00027995919935732295,0.0008432559631266605
-36.51294,0.00028154184231884695,0.0008443723186383102
-36.50629,0.00028301866666644135,0.0008454899081072127
-36.49965,0.0002840285909515105,0.0008466082642148981
-36.493,0.0002847743358095275,0.0008477271232755995
-36.48631,0.0002853168949007966,0.0008488462817769233
-36.47965,0.00028592049452586405,0.0008499658005233127
-36.47298,0.0002866009432973335,0.0008510857568576808
-36.46635,0.0002874193975557667,0.000852206289187036
-36.45969,0.00028830676759803407,0.0008533274656449157
-36.45306,0.0002894333587018932,0.0008544495263096112
-36.4464,0.00029057592166325467,0.0008555724869178641
-36.43977,0.00029167393142510555,0.0008566963026796814
-36.43311,0.00029258899152499924,0.0008578207909573364
-36.42645,0.0002936012735380993,0.0008589460490103327
-36.41979,0.00029490965001907366,0.0008600723724240253
-36.41315,0.0002967328487685463,0.0008612002767862984
-36.40649,0.00029908293888877255,0.0008623302888446967
-36.39983,0.00030170453328426454,0.0008634626795944708
-36.39314,0.0003043863288304111,0.0008645975095492846
-36.38651,0.0003070679348920969,0.0008657347791004629
-36.37985,0.0003095991851796532,0.0008668743371116554
-36.37318,0.00031192313399906117,0.00086801597677496
-36.36655,0.00031400365656042894,0.0008691594550632931
-36.35986,0.00031611219054439283,0.0008703047989368251
-36.3532,0.0003184189843834219,0.0008714522075104669
-36.34653,0.0003207497267198121,0.0008726017046798924
-36.33986,0.0003229060132836328,0.0008737531154806426
-36.33322,0.00032469319095235286,0.0008749060716582545
-36.32655,0.0003262125720539752,0.0008760603051829065
-36.3199,0.00032774410332642693,0.0008772158278764625
-36.31323,0.00032949802646829485,0.0008783728625340551
-36.30658,0.0003316892892577048,0.0008795318467129571
-36.29991,0.0003342651352241075,0.0008806931643076168
-36.29334,0.00033696639804205267,0.000881856942218366
-36.28667,0.0003394319915056577,0.0008830229439129336
-36.27997,0.0003415773136817272,0.0008841908483418267
-36.27329,0.0003435562195190191,0.0008853604898520363
-36.2666,0.0003453404317332382,0.0008865316736975755
-36.25996,0.00034715306087986755,0.0008877044282362806
-36.2533,0.00034926886798840334,0.0008888790570495109
-36.24661,0.00035169193939962314,0.0008900558671696462
-36.23998,0.0003542162383364104,0.0008912349598543694
-36.23334,0.0003564363999033119,0.0008924160314593777
-36.22665,0.00035839700036656923,0.0008935988220125209
-36.22,0.0003602807177842409,0.0008947832544811445
-36.21335,0.00036225710193192194,0.000895969422114715
-36.20673,0.0003645004040206539,0.0008971575921369415
-36.20007,0.0003671196863816345,0.0008983481396616942
-36.19344,0.0003701957818185564,0.0008995415223530788
-36.18678,0.0003735221559705363,0.0009007379902585566
-36.18013,0.00037690082619151993,0.0009019375952555262
-36.17345,0.00038019379160107833,0.0009031402519535718
-36.16678,0.00038325171363493774,0.0009043457254359679
-36.16013,0.00038620021453665646,0.0009055539059522392
-36.15349,0.0003892735656306576,0.0009067649190241086
-36.14682,0.00039279928515227326,0.0009079792167894122
-36.1402,0.0003966685765961486,0.0009091971427581026
-36.13355,0.00040067856217487904,0.0009104188379388471
-36.12688,0.0004044938076480999,0.0009116441074504104
-36.12026,0.00040814310658753375,0.0009128727852838367
-36.11359,0.0004117227909004931,0.000914104801961161
-36.10696,0.00041535064654667887,0.0009153402060468409
-36.1003,0.0004189496937674735,0.0009165789679576777
-36.09364,0.0004226087053153726,0.000917821148239917
-36.08698,0.00042624294052809726,0.0009190667221542965
-36.08034,0.0004298485999763271,0.0009203156607951228
-36.07372,0.00043285968203999833,0.0009215673703442529
-36.06706,0.00043456907270695086,0.0009228205487919589
-36.06039,0.0004344238150578678,0.0009240733408936616
-36.05376,0.0004330545015544322,0.0009253245235299992
-36.0471,0.0004313216709573471,0.0009265737329546843
-36.0405,0.00043013483729681867,0.0009278215151889803
-36.03394,0.0004295904413265107,0.0009290685136059912
-36.0273,0.0004298535224762188,0.0009303155350106518
-36.02058,0.0004305323086391077,0.0009315629938923145
-36.01392,0.0004313686269241741,0.0009328110488957674
-36.00725,0.00043188174089278946,0.0009340593767651977
-36.00053,0.00043239872839431087,0.0009353079804248813
-35.99387,0.0004338564921168271,0.0009365578017629098
-35.98724,0.0004369693992459616,0.0009378104962246356
-35.98061,0.0004410952429248747,0.000939067076239216
-35.97401,0.00044517609539970797,0.0009403274976610731
-35.96736,0.00044827128230214426,0.0009415907744199282
-35.96071,0.00045057915930668617,0.000942856118698722
-35.95406,0.00045217225234866457,0.0009441228162943048
-35.9474,0.000453756997507505,0.0009453908588074575
-35.94077,0.00045550724406545276,0.0009466604114968498
-35.93413,0.00045780981324808145,0.0009479320271775737
-35.92748,0.0004606122797896891,0.0009492062056956584
-35.92078,0.0004639346480133364,0.0009504834660058802
-35.91409,0.000467502511899015,0.0009517640542727247
-35.90741,0.0004711909201416184,0.000953048091165478
-35.90076,0.00047499606006805203,0.0009543356931727693
-35.89412,0.0004788691246152859,0.0009556269288874308
-35.88747,0.0004826447963271945,0.0009569217008654521
-35.88083,0.0004863354403240876,0.0009582199236600765
-35.87419,0.0004899407376205547,0.0009595215125047563
-35.86754,0.0004936583579487689,0.0009608265796714248
-35.86093,0.0004972830765446651,0.0009621350321022783
-35.85426,0.0005008140913557548,0.0009634467761475593
-35.8476,0.0005040866686830886,0.00096476155349416
-35.84093,0.0005070968678386989,0.0009660791011697871
-35.83427,0.0005100380297680535,0.0009673993508048075
-35.82765,0.0005129951121450688,0.0009687223187062928
-35.82103,0.0005163669903241441,0.000970048419163283
-35.81441,0.0005200324031449738,0.0009713779462899904
-35.80779,0.0005237375861201691,0.0009727109398929393
-35.80113,0.0005269063009110137,0.0009740468626478965
-35.79451,0.0005293212815928524,0.000975384961749693
-35.78781,0.0005311553691582909,0.0009767246556433725
-35.78117,0.0005325908972588733,0.000978065545786872
-35.77455,0.0005337079953070995,0.0009794073145039624
-35.76794,0.0005344705693352089,0.000980749607394101
-35.76129,0.000534882576757304,0.000982092073035587
-35.75467,0.0005350730741599035,0.0009834344907590322
-35.74803,0.0005350298831537862,0.0009847766267381888
-35.74139,0.0005348861827060473,0.000986118379957344
-35.73477,0.0005347223465987887,0.000987459731033945
-35.72815,0.000534888652002859,0.0009888010101457556
-35.72148,0.0005359605319564817,0.000990143121926405
-35.71481,0.0005384047214183359,0.000991487439264595
-35.70813,0.0005420157363224579,0.0009928351289354965
-35.70148,0.0005462020774067426,0.0009941867660199133
-35.69478,0.0005501418946014134,0.0009955421041389747
-35.68793,0.0005538307566195773,0.000996900891073136
-35.68118,0.0005571617029442716,0.0009982627692692466
-35.67453,0.0005603437587563567,0.0009996275912829658
-35.66791,0.000563356567935089,0.001000995188163943
-35.66141,0.0005663336172389218,0.0010023655246854477
-35.65479,0.0005693536219423088,0.0010037386433416515
-35.64818,0.0005719871141344777,0.0010051141577427092
-35.64151,0.0005737713503695059,0.0010064912176076459
-35.63484,0.00057483529320162,0.0010078691032216669
-35.62817,0.0005756899679691161,0.0010092476053531654
-35.62151,0.0005771036714966089,0.0010106272826117544
-35.61487,0.0005790358525619648,0.0010120086542260715
-35.60823,0.0005814421917050407,0.001013392194390412
-35.60155,0.0005839325064986087,0.0010147779862296298
-35.59488,0.0005865791671737946,0.0010161661867542414
-35.58821,0.0005893058446347958,0.001017556876017431
-35.5816,0.0005918839367425095,0.0010189499054455546
-35.57494,0.0005941276102908623,0.0010203449407670837
-35.56831,0.0005959371164686179,0.0010217415481092722
-35.56162,0.0005975009883024888,0.0010231394808157797
-35.55498,0.0005988839925130055,0.0010245385590273383
-35.54837,0.0006001544897559908,0.00102593867053112
-35.54173,0.0006014368096221306,0.001027339826386234
-35.53511,0.0006028193717888843,0.001028742127584515
-35.52843,0.0006042254522579558,0.0010301455971648372
-35.52177,0.0006052580352152296,0.0010315498612963826
-35.51514,0.0006058768162347522,0.0010329545070123613
-35.50847,0.0006062301740091025,0.0010343592685823565
-35.50185,0.0006065799348432036,0.0010357641423332034
-35.49521,0.0006069333907544058,0.0010371691323657708
-35.48856,0.0006072385473566899,0.001038574190331104
-35.48192,0.0006075318240025218,0.0010399793039298304
-35.47531,0.0006077648910283502,0.0010413844137864192
-35.46869,0.0006076526066877682,0.0010427891744997245
-35.46204,0.0006071187846841523,0.0010441931637702444
-35.45538,0.0006063560344442394,0.0010455961531613876
-35.44875,0.0006059146883437362,0.0010469984643698541
-35.44212,0.0006058307453913093,0.001048400454293757
-35.43549,0.0006058951608287148,0.0010498022718683601
-35.42882,0.0006059272057316889,0.0010512038844175168
-35.42212,0.0006060514842092064,0.0010526053834141128
-35.41544,0.0006061556730304927,0.0010540067495163194
-35.40877,0.0006060914092886214,0.001055407814393048
-35.40212,0.0006057907368591155,0.0010568083413014973
-35.39543,0.0006056541760475577,0.001058208494589209
-35.38876,0.0006059108588604351,0.001059608667706383
-35.38211,0.0006065568322428507,0.001061009249609354
-35.37544,0.0006073428131261494,0.0010624103807120094
-35.36881,0.0006080326970973322,0.0010638119652937575
-35.36217,0.0006086944914183494,0.0010652139746752344
-35.3555,0.0006093839233700465,0.0010666164368154608
-35.3488,0.0006101773075327854,0.0010680194554478259
-35.34213,0.0006109989818540206,0.0010694230586131394
-35.33548,0.0006118085030127601,0.0010708272349044406
-35.32884,0.0006127382333373569,0.0010722321046516272
-35.32217,0.0006137198855789308,0.001073637719017719
-35.31551,0.000614553027179338,0.0010750439301531404
-35.30885,0.0006149612339090859,0.0010764503131589413
-35.30222,0.0006147004828831033,0.0010778561988272874
-35.29555,0.0006141308154733149,0.0010792612784789404
-35.2889,0.0006137216368361052,0.001080665712807922
-35.28223,0.0006140297052158003,0.0010820702183878274
-35.27556,0.0006150146518833822,0.001083475472672939
-35.26895,0.0006162802753935093,0.0010848817568832733
-35.26231,0.0006174855793867868,0.0010862890099414039
-35.25565,0.0006183659995327947,0.0010876969073701824
-35.24898,0.0006189418385029315,0.0010891051445398306
-35.24231,0.0006193615492423442,0.001090513564818226
-35.23566,0.000619977416854806,0.001091922365106683
-35.22899,0.0006209134091310229,0.0010933318653969344
-35.22237,0.0006220619562729101,0.0010947422781615343
-35.21571,0.0006232299528389616,0.0010961536230880667
-35.20908,0.000623997641203595,0.0010975655001567945
-35.20241,0.0006242807155484192,0.0010989774239129235
-35.19574,0.0006242073542974259,0.0011003890384962752
-35.18909,0.0006240380766513895,0.0011018002481945224
-35.18242,0.0006241049687646354,0.0011032112885054715
-35.17575,0.0006245759146619322,0.0011046225640581797
-35.16908,0.0006253909437508858,0.0011060344189716257
-35.16245,0.0006261542489268512,0.001107446801354304
-35.15582,0.0006267212491548828,0.0011088595154761208
-35.14916,0.0006272239558049306,0.0011102724968272222
-35.14246,0.0006275864455649471,0.0011116856043516497
-35.1358,0.0006278170016959868,0.001113098707026369
-35.12915,0.0006278395927241011,0.0011145115970057537
-35.12248,0.0006281141732637883,0.0011159245256082413
-35.11581,0.0006287525249459616,0.0011173378571798156
-35.10918,0.0006296789963405891,0.0011187518802107425
-35.10254,0.0006304974427571726,0.0011201664860888035
-35.09587,0.0006311834774187763,0.0011215815427258015
-35.08916,0.0006321730184226552,0.0011229973533293104
-35.08249,0.0006337185574579722,0.0011244144737287392
-35.07582,0.0006357954369126172,0.0011258334358390607
-35.06917,0.0006382159404174492,0.001127254583486983
-35.0625,0.0006409039181398525,0.0011286781834765258
-35.05579,0.0006439548163434067,0.001130104598968827
-35.0491,0.0006471572888106381,0.0011315339817408471
-35.04247,0.0006504517792270347,0.0011329664238078642
-35.03577,0.0006537731486712292,0.0011344019520395485
-35.02908,0.0006571740306550695,0.0011358406460675325
-35.0224,0.0006605866277820659,0.0011372825171874217
-35.01573,0.0006638108964691775,0.0011387273777282002
-35.00911,0.0006666915023740113,0.0011401748844786367
-35.00247,0.000669080364181541,0.0011416245450251072
-34.99579,0.0006711049776868181,0.0011430759953605623
-34.98912,0.0006730095550568494,0.0011445291155675595
-34.98245,0.0006751416499289741,0.0011459841326608314
-34.97578,0.0006774450222252764,0.0011474412184916385
-34.96913,0.000679987806107348,0.001148900612673054
-34.96245,0.0006826379639523277,0.0011503624218273418
-34.95577,0.0006856189940289135,0.0011518269774004948
-34.94911,0.0006890788308137771,0.0011532947584005436
-34.94247,0.0006927660157007748,0.0011547659918386393
-34.93576,0.0006961845716387686,0.0011562404090794155
-34.92909,0.0006991239590240941,0.0011577175313211919
-34.92241,0.0007020350592313604,0.0011591973296915235
-34.91576,0.0007052531332536478,0.0011606801119858634
-34.90918,0.0007085989824351713,0.0011621660065934587
-34.90263,0.0007117891089361339,0.0011636548575365516
-34.89598,0.0007146307528920577,0.0011651463160788531
-34.88928,0.000717024756601577,0.0011666399342024406
-34.88257,0.000718879899954701,0.00116813517246227
-34.87584,0.0007201161538188936,0.0011696314123772129
-34.86919,0.0007210496854491011,0.0011711283519206656
-34.86255,0.0007222266143699225,0.001172626234069978
-34.85588,0.0007239414404907096,0.0011741255970478795
-34.84921,0.0007258634073060777,0.0011756266480303938
-34.84258,0.0007272471971078625,0.0011771288486677285
-34.83595,0.0007279966323489225,0.0011786315651778883
-34.8293,0.0007283072096976792,0.001180134358573451
-34.82263,0.0007286934842818616,0.0011816373038849425
-34.81595,0.0007294422774786037,0.0011831407641214576
-34.80927,0.0007307171738576801,0.0011846452654215185
-34.80261,0.0007324505938453935,0.0011861512659710931
-34.79598,0.0007344748309895937,0.0011876590574061527
-34.78931,0.0007365144146982871,0.0011891686547799297
-34.78262,0.0007385018871317919,0.001190680005315152
-34.77596,0.0007404373689103064,0.0011921930578397356
-34.7693,0.0007425877544442214,0.0011937080272925848
-34.76267,0.0007448776719245768,0.0011952250529495758
-34.75603,0.0007474100830857184,0.0011967443777944793
-34.74937,0.0007498224637696749,0.0011982658816680558
-34.74269,0.0007520472577230906,0.0011997893763180873
-34.73601,0.0007544189803038258,0.0012013150092453938
-34.72934,0.0007570851940784516,0.001202843075058169
-34.7227,0.0007601058810305818,0.0012043739279731513
-34.71603,0.0007631456732834537,0.001205907587422308
-34.70943,0.0007660024252138479,0.0012074438709721467
-34.70277,0.0007684562577114515,0.001208982374711368
-34.69615,0.0007704361168280769,0.0012105226255647813
-34.68948,0.000772049006054797,0.001212064256189412
-34.68286,0.0007736184284760834,0.0012136072230246537
-34.67621,0.000775366381248195,0.0012151517049277122
-34.66959,0.000777440739258397,0.0012166980285831745
-34.66296,0.0007792800327347729,0.0012182459583433363
-34.65631,0.0007807804671787213,0.0012197951557576506
-34.64966,0.0007819782369436138,0.0012213453181963508
-34.64299,0.0007831400005881963,0.0012228964089891982
-34.63634,0.0007842817319120093,0.0012244484088378936
-34.62967,0.0007853913075875237,0.0012260012854591366
-34.62299,0.0007865843359389145,0.001227555121723141
-34.61632,0.0007879641190501731,0.0012291101050372108
-34.60971,0.0007892328270057316,0.0012306661248481854
-34.60313,0.0007900602248834748,0.001232222739587844
-34.59648,0.0007904214228106671,0.001233779483059065
-34.58981,0.000790655135725772,0.0012353362276495312
-34.58316,0.0007910203629403768,0.0012368931045345513
-34.57652,0.0007912622093551307,0.0012384499909851856
-34.56996,0.0007913058777564115,0.001240006689505889
-34.56332,0.000791408654003855,0.0012415632580553323
-34.55664,0.000791928397228578,0.0012431201138475465
-34.55,0.0007928061977572822,0.0012446776152982752
-34.54338,0.000793934623603469,0.0012462360126934138
-34.53673,0.0007954719178592908,0.0012477957152293513
-34.53008,0.000797692636960094,0.001249357406365679
-34.52339,0.0008004255414076493,0.0012509215974638751
-34.51669,0.000803082328431684,0.001252488212896523
-34.51001,0.0008053574268418351,0.0012540568711713928
-34.50331,0.0008074533679189953,0.001255627392469236
-34.49664,0.0008099186417080254,0.001257200146935192
-34.49004,0.0008126940621590521,0.001258775445314707
-34.4834,0.0008157906813179151,0.0012603536079832597
-34.4767,0.0008189616843811576,0.0012619347094118502
-34.47003,0.0008222675536217609,0.0012635188847430485
-34.46333,0.0008253543872129151,0.0012651059141993617
-34.4567,0.0008281513338498355,0.0012666955090269768
-34.45003,0.0008306377800887952,0.0012682873584385344
-34.44339,0.0008331361959387696,0.0012698814741441814
-34.43672,0.0008357251853378584,0.0012714779470463778
-34.4301,0.0008384174865817772,0.001273076880893038
-34.42348,0.0008410579422754228,0.0012746782233379029
-34.41682,0.0008437809024245875,0.0012762820571341647
-34.41019,0.0008463926009338684,0.0012778882712953291
-34.40353,0.0008490157162623781,0.0012794968764972578
-34.39687,0.0008513962123322081,0.001281107630690353
-34.39021,0.0008530937464404452,0.001282719850947272
-34.38355,0.0008538189025769881,0.0012843325643897689
-34.37688,0.000853809607813673,0.0012859450370564646
-34.37019,0.000853776329029979,0.0012875572448380614
-34.36357,0.0008542794624331704,0.0012891697242062951
-34.35707,0.000855501566624165,0.0012907831956598826
-34.35046,0.0008570954211106281,0.001292398030104076
-34.3438,0.0008586054402444954,0.0012940141428039117
-34.33713,0.0008597857943751835,0.001295631204583826
-34.33041,0.0008608148128389816,0.0012972490637439102
-34.32373,0.000861935409595773,0.0012988678116817782
-34.31709,0.0008638611155344453,0.0013004882543946553
-34.31043,0.0008668966959025068,0.0013021115016320084
-34.30379,0.0008707926172327915,0.001303738413394138
-34.29712,0.0008747787717177512,0.0013053690802442173
-34.29048,0.0008781620256629681,0.0013070028995549648
-34.28383,0.0008809858857393198,0.0013086393113529928
-34.27718,0.0008835753332704845,0.0013102780817945113
-34.27054,0.000886346847707882,0.001311919393060285
-34.26387,0.0008892724132108596,0.0013135633984631683
-34.25723,0.0008919797345815335,0.001315209880565992
-34.25055,0.0008941711208369494,0.0013168583231504454
-34.2439,0.000895700859570289,0.0013185080643074772
-34.23721,0.0008967583447675864,0.001320158632034801
-34.23055,0.0008977129521031979,0.0013218099237269718
-34.22389,0.0008988616982025219,0.0013234621330231588
-34.21729,0.0009003315996005902,0.0013251155821223084
-34.21069,0.0009017933768179063,0.0013267702629342166
-34.20406,0.0009031003296783783,0.0013284260198971958
-34.19739,0.0009042600352542962,0.0013300827060155904
-34.19072,0.0009054671060834448,0.0013317403686890635
-34.18405,0.0009068444377870542,0.0013333991776791293
-34.1774,0.0009084631832006631,0.0013350593751257087
-34.17073,0.0009104774753579811,0.0013367213564518404
-34.16406,0.0009127489849888727,0.001338385378375723
-34.15744,0.0009151828409279678,0.0013400516042062739
-34.15079,0.0009175606485482045,0.0013417199776925637
-34.14414,0.0009197918016892677,0.0013433903516807913
-34.13747,0.0009218283583060604,0.0013450625319845846
-34.1308,0.0009236509024313004,0.0013467363046257797
-34.12412,0.000925318887225779,0.0013484115144671918
-34.11745,0.0009270380440189578,0.0013500882133273718
-34.11079,0.0009288045455995666,0.0013517664486640893
-34.10419,0.0009306229680319736,0.001353446272371007
-34.09753,0.0009322465414846942,0.0013551274896946176
-34.09091,0.0009337120305689438,0.001356809942899097
-34.08426,0.0009349437588010215,0.0013584933974886743
-34.07762,0.0009359418866980982,0.0013601776205088953
-34.07095,0.0009365677688366249,0.0013618622395125933
-34.0643,0.000937071291592791,0.0013635471317984392
-34.05763,0.0009377365615925334,0.0013652324595240595
-34.05096,0.0009386943846052449,0.001366918515276685
-34.04433,0.0009398305569253881,0.001368605477220277
-34.03767,0.0009412310618743679,0.00137029361001945
-34.03101,0.0009430504781742056,0.0013719833326196814
-34.02434,0.0009452294558988884,0.0013736750040053885
-34.01767,0.0009474356643505257,0.0013753686519743756
-34.01099,0.0009493252285646119,0.0013770639598383767
-34.00429,0.0009510128833063074,0.0013787607250330663
-33.99764,0.0009527125202236269,0.001380458960498388
-33.99104,0.0009544124229076924,0.0013821586669245883
-33.98442,0.0009557840262276732,0.0013838595153572082
-33.9778,0.0009565348991110762,0.001385560885632285
-33.97113,0.0009567714955983409,0.0013872622631172222
-33.96443,0.0009565456271788563,0.001388963184614789
-33.95776,0.0009558182044707587,0.001390663149371348
-33.95114,0.0009547753454934504,0.0013923618423742105
-33.94452,0.0009536972214559016,0.0013940592278596441
-33.93787,0.0009529308571008502,0.001395755617920026
-33.93121,0.0009522276973086756,0.0013974510757160425
-33.92455,0.0009517025013600612,0.00139914577871321
-33.91788,0.0009515839024455661,0.0014008401339971447
-33.91121,0.0009522235031182758,0.0014025348998014631
-33.90457,0.00095357814939049,0.0014042307909066022
-33.89792,0.0009553548391946869,0.0014059282298445057
-33.89125,0.000957296901478642,0.0014076273818663114
-33.88454,0.0009592029040425353,0.0014093282101039055
-33.87784,0.0009610178104897129,0.0014110306241050812
-33.87117,0.0009627775064992526,0.0014127345689260997
-33.86452,0.0009646280805072588,0.0014144401351019046
-33.85786,0.0009667189048529357,0.0014161475633712283
-33.85123,0.0009687781734963098,0.0014178568224444898
-33.84461,0.0009703757060639335,0.0014195674501648096
-33.83794,0.0009714002269235234,0.0014212788736992464
-33.83127,0.0009718643385961172,0.0014229905326725342
-33.8246,0.0009719537262045329,0.0014247020518627677
-33.81798,0.0009718580567604591,0.0014264132471648434
-33.81131,0.0009717776744882768,0.0014281241335134098
-33.80464,0.0009718433907357058,0.001429834856509229
-33.79802,0.0009720711800534574,0.0014315455791766986
-33.79134,0.0009723456581414982,0.0014332563477754009
-33.78465,0.0009725767586973863,0.001434967118353105
-33.77802,0.0009727176021629297,0.0014366778016806122
-33.77136,0.0009727556037585567,0.0014383882947185595
-33.76471,0.0009727425873181223,0.0014400985460282499
-33.75807,0.0009729779173582208,0.0014418088045982757
-33.7514,0.0009737332918782544,0.0014435195902759517
-33.74478,0.000974950425308474,0.0014452313647071642
-33.73816,0.0009763840483362681,0.001446944344946332
-33.73151,0.0009779748278083518,0.001448658687952868
-33.72481,0.0009798054293295947,0.001450374632667271
-33.71811,0.00098174204234858,0.001452092285666237
-33.71144,0.0009835920014960144,0.0014538115605600545
-33.70477,0.000985398501639887,0.0014555324133923824
-33.69811,0.0009873662596935234,0.001457255006062669
-33.69142,0.000989451631677933,0.001458979455988597
-33.68477,0.0009912811992022568,0.0014607055071750087
-33.67815,0.0009926025228932447,0.0014624326521723969
-33.67151,0.0009935138054810012,0.001464160480819959
-33.66484,0.000994483873803366,0.0014658890511765347
-33.65819,0.000995725630096856,0.0014676186356476456
-33.65157,0.0009972353238412658,0.0014693495024336338
-33.6449,0.0009988901330994606,0.0014710817957705338
-33.63828,0.0010009034201998292,0.0014728158750825567
-33.63161,0.0010034277648673705,0.0014745522510788494
-33.62494,0.001006144817459949,0.0014762911159703345
-33.61823,0.0010088018836824984,0.0014780324100298152
-33.61154,0.0010113879346185688,0.0014797760624283966
-33.60486,0.0010141903666884648,0.0014815222891266448
-33.59821,0.0010171303491691556,0.0014832712284677874
-33.59158,0.00101981038323494,0.001485022620689198
-33.58493,0.0010221397231779696,0.0014867761144474107
-33.57825,0.0010241180551334183,0.0014885313590700714
-33.57158,0.001026001784374476,0.0014902882600641649
-33.56491,0.00102762177524246,0.0014920465531945678
-33.55824,0.0010288519051807636,0.0014938058491642577
-33.55159,0.0010299168507275887,0.001495565982974324
-33.54497,0.0010310961928546906,0.0014973270687523561
-33.53835,0.001032530915202499,0.0014990893624420277
-33.53171,0.0010340360262753707,0.0015008529343135226
-33.52504,0.0010355840113002712,0.0015026178265164997
-33.51839,0.0010372773710840733,0.0015043841851409678
-33.51172,0.0010388994996524301,0.0015061519388375264
-33.50507,0.001040313356977301,0.0015079208789899195
-33.4984,0.0010415969134595525,0.0015096908757092512
-33.49176,0.001042864893513302,0.001511461913679601
-33.48511,0.0010443410935754712,0.0015132342005487207
-33.47846,0.0010461589569516257,0.0015150080785431596
-33.47179,0.0010484794971690715,0.001516784050221903
-33.46512,0.0010512518690202095,0.0015185625669202512
-33.45848,0.0010543502605184268,0.0015203439554476402
-33.45178,0.0010575104483104313,0.0015221282771806512
-33.4451,0.0010606666289695885,0.0015239155277670079
-33.43843,0.0010637476865788418,0.0015257056327222381
-33.43178,0.0010667499584401145,0.0015274985134447706
-33.42511,0.0010697399489408043,0.0015292941570062269
-33.41849,0.0010727181600887878,0.00153109255256686
-33.41184,0.0010756170627081528,0.0015328936206252897
-33.40517,0.001078150171310501,0.0015346969947407543
-33.39854,0.0010801058527581465,0.0015365020983498583
-33.39188,0.0010815189300788478,0.001538308388655945
-33.38524,0.0010822291968246756,0.0015401151625027212
-33.37862,0.0010824957028217755,0.0015419219768422108
-33.37196,0.0010825653892396175,0.001543728634587391
-33.3653,0.0010827569283256124,0.0015455352570949497
-33.35863,0.0010814130523057628,0.0015473403094372173
-33.35199,0.0010813416990913978,0.001549145064395325
-33.34532,0.0010812662356612188,0.0015509495171380865
-33.33864,0.0010813200719534818,0.001552753797452682
-33.33197,0.0010816487731882805,0.0015545581803122935
-33.32535,0.0010822567949609863,0.0015563629449161487
-33.31868,0.0010831112836537664,0.0015581683379188435
-33.31201,0.0010840127486940925,0.001559974406329956
-33.30537,0.0010850833012662423,0.0015617813189657314
-33.29871,0.0010866752045078309,0.0015635895975892639
-33.29205,0.0010888632602132266,0.0015653998383861588
-33.28545,0.0010914009999595875,0.0015672123909930026
-33.27882,0.0010939653774604838,0.00156902728238511
-33.27216,0.0010964976837027887,0.001570844480300241
-33.26546,0.0010990489393282084,0.0015726640028937981
-33.25882,0.0011016984427523685,0.001574485949423073
-33.25223,0.0011045677809015941,0.0015763105401284609
-33.24551,0.0011077216552342832,0.0015781380580815953
-33.23882,0.0011111301857362223,0.0015799687587241273
-33.23215,0.00111424832037089,0.0015818023518423352
-33.22548,0.0011166957133752309,0.001583638166199255
-33.21878,0.001118573811978226,0.0015854756328389289
-33.2121,0.0011205224493603383,0.0015873148224821293
-33.20544,0.0011228671080132104,0.0015891561308035824
-33.19885,0.0011254433847721272,0.00159099979050282
-33.19222,0.0011279953300930446,0.001592845776983942
-33.18555,0.0011304329440126437,0.0015946939751232203
-33.17888,0.0011327642760034424,0.001596544279200051
-33.17223,0.0011350485008158066,0.0015983966422886324
-33.16556,0.0011374772971240192,0.0016002512083169841
-33.15888,0.0011404501179215728,0.001602108521796684
-33.15225,0.001144049971800399,0.00160396921016425
-33.1456,0.001148178104909937,0.0016058338010555824
-33.13893,0.0011523875595769563,0.0016077023762051527
-33.13225,0.0011563534636405647,0.001609574692021377
-33.1256,0.001159837563849047,0.0016114502664273795
-33.11894,0.001162847037791931,0.0016133286252837762
-33.11227,0.0011653547078621194,0.0016152092667457184
-33.10562,0.0011675217302180433,0.0016170918498183598
-33.099,0.001169418501618762,0.0016189761050328657
-33.09238,0.0011712210475408517,0.0016208619381963896
-33.08572,0.0011727293705256,0.0016227490542958974
-33.0791,0.0011738737544456919,0.0016246370902478198
-33.07243,0.0011746494080432702,0.0016265256769859625
-33.06578,0.0011752961669794161,0.0016284146852683225
-33.05908,0.001176086914474429,0.001630304259275685
-33.05241,0.0011774258483073364,0.0016321949474482726
-33.04579,0.0011794502111143774,0.0016340874350883263
-33.03912,0.0011823462040879103,0.0016359825940183846
-33.03249,0.0011856727172910668,0.001637880855085577
-33.02583,0.0011891902715842602,0.0016397824086158083
-33.01917,0.0011926485208690193,0.0016416871958642547
-33.01247,0.0011961683995229736,0.001643595278199403
-33.00577,0.0011996996692924392,0.0016455066665181347
-32.9991,0.001202968609536499,0.0016474210992712813
-32.99246,0.0012056977098227112,0.0016493380368716652
-32.98578,0.001208070171386796,0.0016512571218928766
-32.97908,0.0012101955403003878,0.0016531781076557861
-32.97244,0.001212188410085903,0.001655100862133611
-32.96579,0.0012138486501345066,0.0016570250521289757
-32.95917,0.0012152938525912013,0.0016589504633835067
-32.95252,0.001216652470759111,0.0016608770091259613
-32.94588,0.0012179134330786462,0.0016628045912792989
-32.93924,0.0012190059918026832,0.001664733041999447
-32.93259,0.0012199888283788438,0.0016666622515237673
-32.92596,0.0012213041608036192,0.0016685925519999165
-32.91936,0.0012231862754036797,0.00167052451098834
-32.91277,0.0012255137919200063,0.0016724585739961825
-32.90614,0.0012278289050228603,0.001674394727833852
-32.89949,0.0012299362105347147,0.0016763327651071762
-32.89282,0.0012319101277041625,0.0016782725523146612
-32.88615,0.0012339190792281327,0.0016802141239967352
-32.87949,0.0012361191805987663,0.001682157671935349
-32.87286,0.0012384443752420928,0.0016841033214746667
-32.86623,0.0012409139263792573,0.0016860512164770915
-32.85954,0.001243393956259561,0.0016880013675440793
-32.85289,0.0012455460790104227,0.0016899534470919452
-32.84624,0.0012472332982742388,0.0016919069897233182
-32.83958,0.0012485099773131075,0.001693861585384281
-32.83296,0.0012496932804595634,0.0016958171410218052
-32.82636,0.0012507557765695475,0.0016977735354799638
-32.81975,0.001251657784281211,0.0016997306087563181
-32.81308,0.0012523168437444875,0.0017016881174999128
-32.80641,0.0012526519333073034,0.0017036457372472508
-32.79979,0.0012527259444774584,0.0017056032078408402
-32.79318,0.0012527688509569304,0.0017075604982806356
-32.78651,0.0012529945651867205,0.0017095177904463213
-32.77986,0.0012534662478848526,0.0017114753310096729
-32.77324,0.0012540865524459106,0.0017134332688418699
-32.76662,0.0012549137347027393,0.0017153918103268687
-32.76,0.001256033320313651,0.0017173512484262242
-32.75334,0.0012574019521400027,0.001719311831929512
-32.74669,0.0012589384310189506,0.0017212737282625529
-32.74001,0.0012605639048898268,0.0017232370267621444
-32.73331,0.0012624541639874832,0.0017252019921018215
-32.72665,0.0012644735459816506,0.0017271687531997466
-32.72002,0.0012663407912840599,0.0017291371586935773
-32.71332,0.0012677622589856567,0.0017311067623337437
-32.70667,0.0012688450350218006,0.0017330772252955545
-32.69998,0.0012699309070558142,0.0017350485509451364
-32.69333,0.0012709859603653472,0.001737020708784053
-32.68671,0.0012719517239702198,0.001738993609245084
-32.68008,0.0012730067638167114,0.0017409673420902675
-32.67345,0.0012742331995398127,0.0017429420787476418
-32.66682,0.0012755570669234545,0.001744917916155601
-32.66016,0.0012767983686509728,0.0017468947720907448
-32.65349,0.0012782108741201661,0.0017488728177173843
-32.64682,0.001280188462466455,0.0017508526176254575
-32.64012,0.0012831668351051672,0.0017528351729419003
-32.63345,0.001286846647878348,0.0017548211853543607
-32.62677,0.0012909195313611159,0.0017568110473690647
-32.62006,0.0012949562570045464,0.0017588047231710188
-32.61336,0.001298945810509646,0.0017608021656922263
-32.60669,0.0013027522520352808,0.0017628031915427251
-32.60007,0.0013061964161613475,0.0017648074393600858
-32.59345,0.0013091103492425295,0.0017668143789452632
-32.58679,0.0013112795302408977,0.0017688232647674
-32.58016,0.001312681405186979,0.0017708333302919358
-32.5735,0.0013130934731515574,0.001772843585529774
-32.56688,0.0013125910063154157,0.0017748531157388554
-32.56026,0.0013115549917414615,0.0017768613879283167
-32.55362,0.0013104098274980354,0.0017788682928378532
-32.54695,0.0013094241915859956,0.0017808739892892999
-32.54033,0.0013086767125277457,0.0017828787163527149
-32.53368,0.0013083026614790065,0.0017848828472744288
-32.52702,0.0013086332477281134,0.0017868870861280008
-32.52039,0.0013098398546467997,0.0017888923097043755
-32.51372,0.0013119487486812106,0.0017908994200381888
-32.50705,0.001314730796008326,0.0017929090897903694
-32.5004,0.0013180146207017191,0.0017949218214371643
-32.49374,0.0013216169600224173,0.0017969379334542386
-32.48708,0.001325362921162835,0.0017989575689710694
-32.48045,0.0013290658462996373,0.001800980685721116
-32.4738,0.0013326512830665485,0.0018030071661060637
-32.46713,0.0013360532556451867,0.0018050368260276084
-32.46045,0.0013392716609194279,0.0018070694824040955
-32.4538,0.001342155520268192,0.001809104800934299
-32.44716,0.0013447008779141018,0.001811142442695083
-32.44049,0.0013467669643370526,0.0018131819287590997
-32.43382,0.0013486616571170215,0.001815223087764809
-32.42716,0.0013505524822848968,0.0018172659154232784
-32.4205,0.0013527189971218126,0.0018193106879803695
-32.41383,0.0013549783992961523,0.0018213574982847822
-32.40727,0.0013571808404936236,0.0018234062896604587
-32.4006,0.0013591986050351757,0.001825456877209658
-32.39392,0.0013610293638336695,0.001827509073888126
-32.38722,0.0013625992974363042,0.0018295626182377863
-32.3806,0.0013638862540690945,0.0018316172284018714
-32.37395,0.0013651493027317186,0.001833672880292716
-32.36725,0.0013669051905949227,0.0018357300659053912
-32.36058,0.0013692479225061703,0.0018377893728512241
-32.35391,0.0013719322915806012,0.0018398511427993806
-32.34726,0.0013743253002198054,0.0018419150840384229
-32.34056,0.0013762936512303223,0.0018439807721147131
-32.33389,0.0013779358163098674,0.0018460478810853576
-32.32723,0.0013794420731938677,0.0018481162746207958
-32.3206,0.0013810066816380047,0.0018501860118388185
-32.31397,0.0013827575257124216,0.0018522572790067686
-32.30734,0.0013848228764263833,0.0018543303901394992
-32.30071,0.001387031511554527,0.0018564054890766464
-32.29405,0.0013889209841008532,0.0018584822564769797
-32.28738,0.0013900762773708661,0.0018605599575996165
-32.2807,0.0013905982217484192,0.001862637959580944
-32.27403,0.0013908717504616567,0.0018647160141072835
-32.26737,0.0013913124679493707,0.0018667942879460183
-32.26074,0.001392013520154727,0.0018688730421968914
-32.25414,0.0013931186216319578,0.0018709526811506085
-32.2475,0.0013945686108430245,0.001873033548923575
-32.24088,0.0013963329437222606,0.0018751159605540917
-32.23425,0.0013983530516946691,0.0018772001717789642
-32.2276,0.0014007103744524808,0.0018792865191818939
-32.22093,0.0014036296397123202,0.0018813755651206376
-32.21425,0.0014069984833603895,0.0018834677591356606
-32.20752,0.0014106572944785462,0.0018855633903547455
-32.20078,0.0014143347257234932,0.0018876624778834947
-32.19406,0.0014179731500139766,0.0018897649828865013
-32.18738,0.0014214294725744692,0.0018918707230498061
-32.18073,0.0014244395449857774,0.0018939792528867999
-32.17412,0.0014266430229700402,0.0018960897661130024
-32.1675,0.0014280743889447192,0.001898201490055529
-32.16087,0.0014288343567115328,0.0019003137538009048
-32.15428,0.0014291527235623103,0.001902426116057659
-32.14769,0.001429188119040044,0.0019045382933630475
-32.1411,0.0014292815373698415,0.0019066503442938592
-32.13445,0.001429544669457164,0.0019087624381787457
-32.12781,0.001429935989622728,0.0019108747027842168
-32.12114,0.00143031505749557,0.001912987126204084
-32.11444,0.0014307013943256669,0.0019150997155310996
-32.10777,0.0014310921320867195,0.0019172124748834635
-32.10114,0.0014317506978608926,0.0019193256729203164
-32.09448,0.0014326877832678345,0.0019214395879850914
-32.08783,0.0014339234274329416,0.0019235545182150217
-32.08121,0.0014350778326077819,0.0019256703831324834
-32.07456,0.0014360379093529755,0.0019277869882330311
-32.06789,0.0014367071162205583,0.0019299040420179094
-32.06123,0.0014372716399879129,0.0019320214404269752
-32.0546,0.0014379992373323744,0.0019341393467724836
-32.04797,0.001439087135657961,0.0019362581208646908
-32.04128,0.001440549604399182,0.0019383781374136798
-32.03465,0.0014424620498661536,0.0019404998468415798
-32.02799,0.0014447883454044965,0.0019426236623010685
-32.02132,0.0014472805721934682,0.0019447497502080816
-32.01465,0.001449540119637207,0.001946877877914856
-32.00798,0.0014515710442781645,0.0019490078163082638
-32.00128,0.0014535507836877742,0.0019511395145501817
-31.9946,0.0014557318787090997,0.0019532731741654934
-31.98793,0.001458195577931738,0.001955409077336954
-31.98131,0.001460887947551383,0.0019575474536318734
-31.97469,0.0014636186681763448,0.0019596883414324945
-31.96802,0.0014661897251300239,0.00196183158024144
-31.96135,0.0014686016173721971,0.001963977011447238
-31.95467,0.0014707808336931927,0.001966124402336886
-31.94801,0.0014729640643200929,0.00196827375657179
-31.94136,0.0014754372332166806,0.0019704253647118
-31.93472,0.0014787150356138077,0.0019725800314902837
-31.92807,0.0014826462542983495,0.00197473840976488
-31.92139,0.001486804615844989,0.001976900727025986
-31.91473,0.0014906532398373765,0.0019790666737043907
-31.90808,0.001493994896186212,0.0019812357424108563
-31.90141,0.001496821223631619,0.0019834074182325033
-31.89475,0.0014992218751156009,0.0019855812755931305
-31.88812,0.0015013018001109985,0.0019877569934812346
-31.88149,0.0015031995541175468,0.0019899343902783115
-31.87486,0.0015048882421252355,0.001992113256949537
-31.86826,0.001506356900572695,0.001994293373179976
-31.8616,0.001507472469017655,0.0019964743860227444
-31.85495,0.0015082091592111798,0.0019986559166990663
-31.84828,0.0015088102789757036,0.002000837829012482
-31.84163,0.001509546787931255,0.002003020259040821
-31.83498,0.0015104919327679407,0.002005203415451208
-31.82829,0.0015117031734272113,0.002007387563577636
-31.82163,0.0015132894685081389,0.0020095730792309757
-31.81499,0.0015151309243988799,0.0020117602177392563
-31.80835,0.001517238913775812,0.0020139492451462728
-31.8017,0.0015195047612026893,0.00201614031979419
-31.79506,0.0015220022914990369,0.002018333673464955
-31.78839,0.0015242171245384837,0.002020529022768143
-31.78174,0.001526126633526659,0.002022726063067421
-31.7751,0.0015277965353566669,0.0020249245548545985
-31.76843,0.0015295392831147147,0.0020271245702827793
-31.7618,0.0015314792712287945,0.0020293263074152045
-31.75513,0.0015336269461654652,0.002031529973698903
-31.74847,0.0015358480058313365,0.002033735642097009
-31.74181,0.0015381033897176849,0.002035943347485498
-31.73514,0.0015402424739953684,0.0020381529735283258
-31.72847,0.0015423234924851286,0.002040364461670513
-31.72177,0.0015444229349390521,0.00204257783068503
-31.71513,0.001546855055417709,0.002044793413686476
-31.70848,0.001549514600629705,0.0020470114375427968
-31.70186,0.0015520776215176386,0.0020492318064835205
-31.69521,0.0015541457618452705,0.002051454025456662
-31.68854,0.0015558930984067845,0.00205367777303448
-31.68187,0.001557566738392768,0.0020559029760718267
-31.67523,0.001559418150367343,0.0020581298125739228
-31.66861,0.0015616440829916665,0.002060358656706945
-31.66196,0.0015641970964993767,0.0020625898359008924
-31.65527,0.0015669034744126293,0.002064823503282131
-31.64862,0.001569359483587944,0.0020670594082621225
-31.64198,0.0015714486927984358,0.002069297184659162
-31.63527,0.0015733359203996809,0.00207153663005233
-31.6286,0.0015750732326558937,0.002073777594306328
-31.62198,0.0015768534017253648,0.002076020121164614
-31.61533,0.0015785634370485226,0.0020782641403229714
-31.60869,0.0015801231371656778,0.0020805095010244324
-31.60204,0.0015815396534033569,0.0020827560605688206
-31.5954,0.0015826168113302062,0.002085003479695786
-31.58873,0.0015833811681742935,0.0020872514449145167
-31.58206,0.0015835091276734906,0.0020894993203784515
-31.57544,0.0015830441601374875,0.0020917465135261893
-31.56877,0.0015821506916868593,0.0020939925950335374
-31.56215,0.0015812001861586673,0.002096237508748369
-31.5555,0.0015807272917836715,0.002098481732112079
-31.54895,0.0015808844346609072,0.002100725895341349
-31.54231,0.0015816913150762076,0.002102970648122598
-31.53563,0.0015829213643321636,0.0021052164133885205
-31.52899,0.0015845258132948141,0.00210746356531735
-31.52232,0.0015864646657704497,0.0021097124386627707
-31.51563,0.001588803649230301,0.00211196343345343
-31.50897,0.0015917632223073172,0.002114217169990637
-31.5023,0.001595619723044148,0.0021164745456856643
-31.49559,0.0016000837099784206,0.0021187361677893874
-31.48897,0.0016047220241301844,0.0021210022107398894
-31.4823,0.0016092162673597547,0.0021232725306835447
-31.47566,0.0016134947203092955,0.002125546912060448
-31.46903,0.0016175379853120132,0.002127825119260787
-31.46237,0.001621275869717956,0.0021301068472544737
-31.45575,0.0016244825244703623,0.002132391565108283
-31.44907,0.001627083402619246,0.0021346786661590594
-31.44244,0.0016289261460939502,0.002136967393153759
-31.43578,0.0016304370687069438,0.002139257414103244
-31.42912,0.0016317208033310242,0.002141548501331484
-31.42252,0.0016330552604047264,0.0021438407065081317
-31.41589,0.0016342889756998848,0.0021461339287231957
-31.40924,0.0016353722341407985,0.002148428016899301
-31.40254,0.0016363504823473426,0.002150722866244907
-31.39587,0.001637229040627101,0.002153018377299499
-31.38924,0.0016381890892384612,0.00215531463133001
-31.38258,0.001639306143906657,0.0021576117856935357
-31.37593,0.0016407694970813156,0.002159910186785383
-31.36928,0.0016424828689545258,0.0021622100841363913
-31.36261,0.001644122456428746,0.002164511404379438
-31.35596,0.001645546740005875,0.0021668139323733366
-31.34935,0.0016468139282186827,0.002169117510798678
-31.34271,0.0016482687867989448,0.002171422327677016
-31.33608,0.0016499005375619235,0.002173728559996999
-31.32947,0.0016514671654888327,0.0021760361422796725
-31.32279,0.0016527054259167827,0.002178344746245581
-31.31609,0.0016534663841363357,0.0021806538944917327
-31.3094,0.0016539237937083933,0.002182963283047911
-31.30277,0.0016541397887347713,0.002185272671443069
-31.29614,0.0016544326486550855,0.0021875821365725857
-31.28954,0.0016549836699333935,0.002189891936307191
-31.28291,0.0016557607816000588,0.002192202297088796
-31.27625,0.0016568371042434324,0.0021945135179619883
-31.26959,0.001658086378404075,0.002196825771390883
-31.26296,0.0016595856600503255,0.0021991393081283255
-31.25629,0.0016611455675757411,0.002201454188568508
-31.24963,0.0016629015498537652,0.0022037706083644216
-31.24292,0.00166499830654618,0.0022060889085116627
-31.23625,0.0016674335636049126,0.0022084094278032526
-31.22958,0.0016701875131655748,0.00221073248444451
-31.22296,0.0016733144404985128,0.0022130584522886297
-31.21631,0.0016767784957244362,0.0022153876682977605
-31.20967,0.0016804459781968738,0.0022177203354772613
-31.203,0.00168383963315265,0.0022200561803518925
-31.19635,0.0016865265032315726,0.002222394496297921
-31.18965,0.0016884096746326458,0.0022247344788033055
-31.18297,0.0016899817519471139,0.0022270758174527923
-31.17636,0.0016915394495484132,0.0022294184983536135
-31.16974,0.0016932159393998026,0.0022317626397455738
-31.16312,0.001694750019940622,0.002234108099767178
-31.15649,0.001696122490244885,0.0022364547167733517
-31.14986,0.0016970841637963681,0.0022388020794802507
-31.14323,0.0016977269763770485,0.0022411498695746497
-31.13658,0.0016981237157041441,0.0022434978408835595
-31.12996,0.0016985018620768542,0.0022458459745220926
-31.12332,0.0016989984592732734,0.0022481943893587156
-31.1167,0.001699625811969451,0.0022505432163091245
-31.11005,0.0017003870174637733,0.0022528925885444175
-31.10339,0.0017014355988626702,0.0022552427939232316
-31.09674,0.001702837200313792,0.0022575941855608886
-31.0901,0.0017046878011211524,0.002259947212034823
-31.08345,0.0017067488499008896,0.0022623020842756423
-31.07677,0.0017087630844793424,0.002264658755305205
-31.07011,0.0017104821780427975,0.002267016929625472
-31.06345,0.0017118979057142553,0.0022693763044179622
-31.05673,0.0017131820235250202,0.002271736747715138
-31.05005,0.0017146547096582134,0.0022740984478577296
-31.0434,0.0017168446802560671,0.0022764621228714547
-31.03674,0.0017195710217592437,0.002278828309092925
-31.03008,0.001722408333786634,0.002281197117006221
-31.02341,0.001724650697607009,0.0022835679521457613
-31.01677,0.0017264715745372058,0.0022859403932485563
-31.0101,0.0017281039924559852,0.002288314251175689
-31.00345,0.0017299395677979085,0.002290689729760566
-30.99683,0.0017321050576440424,0.0022930671591412026
-30.99019,0.0017347338133936532,0.0022954470019682085
-30.98349,0.0017375871640435427,0.002297829482997095
-30.97682,0.0017404866452505857,0.002300214648581933
-30.97015,0.0017429758627504853,0.00230260208797287
-30.96347,0.001745246037467734,0.0023049915826096794
-30.9568,0.0017474164713170734,0.002307383032846116
-30.95015,0.0017501962633445856,0.002309777047682736
-30.94348,0.001753400438602736,0.0023121740519209777
-30.93683,0.0017569876097245402,0.0023145744287153282
-30.93019,0.0017605707905123005,0.0023169781736534904
-30.92352,0.001764095385700841,0.002319385228503952
-30.91686,0.001767428197623357,0.0023217954015777973
-30.9102,0.0017704811425415926,0.0023242084125220564
-30.90357,0.0017733847349178874,0.0023266241127226626
-30.8969,0.0017761800239715522,0.0023290423936503275
-30.89027,0.0017788647529533002,0.002331463144515024
-30.88362,0.0017813763524694123,0.0023338861926055113
-30.87695,0.0017833819215398424,0.0023363110317936313
-30.87029,0.0017849166820949954,0.002338737190849003
-30.86366,0.0017859042554531654,0.0023411641233221443
-30.85701,0.001786646379126217,0.0023435915836656903
-30.85037,0.0017871246341169805,0.0023460193075889755
-30.84372,0.0017877364661899179,0.0023484474291512224
-30.83708,0.0017888076238717885,0.0023508764077718462
-30.83043,0.001790295702641766,0.002353306659822461
-30.82378,0.0017918944180303955,0.002355738296485528
-30.81711,0.0017932936120259291,0.0023581711181423774
-30.81039,0.0017946038728545565,0.00236060503505618
-30.80373,0.0017960411448117565,0.0023630401751657875
-30.7971,0.0017975246717326688,0.0023654765849469594
-30.7905,0.001798997204813718,0.0023679142531108388
-30.78386,0.001800480171789923,0.002370353190382558
-30.77721,0.0018021463484667155,0.002372793579938267
-30.77055,0.001803877279141048,0.002375235485983036
-30.76393,0.0018055512069843993,0.0023776788523132922
-30.75729,0.0018071633784732745,0.0023801236170756736
-30.75064,0.0018086950022990133,0.0023825696991736965
-30.74396,0.001810176049876904,0.0023850170483864035
-30.73726,0.001811388930712639,0.0023874653964505266
-30.73059,0.0018124226585360178,0.0023899145639179084
-30.72392,0.001813574618112859,0.0023923646695656296
-30.71738,0.0018151492285736683,0.002394816136896707
-30.71072,0.0018170847035266517,0.00239726932553127
-30.70406,0.0018191688422141445,0.0023997243846781984
-30.69737,0.0018209999447105962,0.002402181061141797
-30.69064,0.0018225130521409907,0.0024046390361895727
-30.68395,0.0018240074464046185,0.0024070982919061627
-30.67726,0.0018257385358124688,0.0024095590650168156
-30.67058,0.0018279625658001778,0.0024120218480403093
-30.66394,0.0018306033080677357,0.0024144870584859876
-30.65741,0.0018334596310928069,0.0024169549126572616
-30.65074,0.001836217676930061,0.002419425310909865
-30.64412,0.0018385598110306925,0.0024218978381915406
-30.63745,0.0018404729694166343,0.0024243720652417262
-30.63078,0.0018422370726500568,0.002426847842520471
-30.62413,0.0018441806603400623,0.002429325350182628
-30.61745,0.0018465052988826062,0.002431804969120403
-30.61079,0.0018487117699709284,0.0024342865808072616
-30.60414,0.001850799644320729,0.00243677006725375
-30.59746,0.001852443836242843,0.0024392549846190205
-30.59078,0.0018538779873630824,0.002441741122377689
-30.58412,0.0018548961051216097,0.0024442280651662597
-30.57752,0.0018559228315281962,0.0024467158219991184
-30.57088,0.001857166382206412,0.0024492046089650875
-30.56432,0.0018588347452745669,0.0024516948519214946
-30.55768,0.0018608525163672565,0.002454186899805053
-30.55103,0.0018631943377199092,0.002456681076118832
-30.54436,0.0018655544291757504,0.0024591773995519994
-30.53774,0.0018679227701150173,0.0024616758786963006
-30.53107,0.0018703090899777034,0.002464176530733686
-30.52432,0.0018729643447058081,0.002466679624643654
-30.51767,0.0018757813267640665,0.002469185322807816
-30.51105,0.0018790907057327601,0.002471694117325774
-30.50441,0.001882845414164829,0.002474206453945973
-30.49776,0.0018871868016924532,0.0024767229193148077
-30.49109,0.0018917447660463922,0.0024792437294001643
-30.48442,0.0018962219150793422,0.0024817688039305503
-30.47774,0.0019004008572328077,0.002484297844666614
-30.47107,0.0019044689987555662,0.0024868307403858214
-30.46437,0.0019085397191490354,0.0024893674940242045
-30.45773,0.0019125500408324132,0.002491908045585881
-30.45107,0.0019163118012258745,0.0024944521459010567
-30.44443,0.0019199322726366893,0.0024969996543484706
-30.43778,0.0019233386262741412,0.00249955035677783
-30.43114,0.0019263370342007598,0.002502103844821349
-30.42452,0.001928851274023021,0.002504659634978244
-30.41789,0.001931113474016184,0.002507217475176118
-30.41122,0.0019333633203342142,0.002509777352329302
-30.40453,0.0019356771353170876,0.002512339330825927
-30.39789,0.001937923023408169,0.0025149033430784114
-30.39122,0.0019401643712001714,0.002517469383876806
-30.38455,0.0019425919700501195,0.0025200376400153755
-30.37788,0.0019455982935617042,0.0025226086902484326
-30.37123,0.001949134227605659,0.002525183063826327
-30.36461,0.0019529710548165213,0.0025277610623705028
-30.35794,0.001956905445080042,0.0025303427831646634
-30.35124,0.001960956938115852,0.002532928342642749
-30.34457,0.0019651264023117974,0.0025355178595041
-30.33791,0.001969036575048301,0.0025381110745485197
-30.33124,0.0019723559825100797,0.0025407073964654327
-30.32454,0.0019751906897452183,0.0025433063409126405
-30.31786,0.0019777817561836266,0.0025459076644022433
-30.31117,0.0019802924791367253,0.002548511286045727
-30.30461,0.0019826568239213298,0.0025511170608075073
-30.29805,0.0019851274486622143,0.0025537250949964987
-30.29138,0.0019880258377629606,0.0025563358152168774
-30.28474,0.001991316319970113,0.0025589496142886534
-30.27812,0.0019946981071068564,0.0025615665836689503
-30.27142,0.0019979067689720785,0.002564186549257776
-30.26474,0.002001324559023726,0.0025668097208486583
-30.25804,0.0020053883524865043,0.00256943674435192
-30.25137,0.0020100649026691584,0.0025720682322250494
-30.24472,0.002014881870779539,0.002574704325550861
-30.23808,0.002019394074193472,0.002577344719655288
-30.23143,0.0020234529549975895,0.0025799889606711156
-30.22479,0.0020268761531410757,0.002582636413518982
-30.21817,0.0020294929731508593,0.0025852862719723886
-30.21153,0.002031458840143114,0.002587937884472626
-30.20491,0.0020331394983953794,0.0025905909664751046
-30.19824,0.0020348341507242067,0.0025932455316976626
-30.19162,0.0020366704153648952,0.002595901721574822
-30.18497,0.002038532324037378,0.002598559562109229
-30.17835,0.0020401588746119573,0.0026012188181551033
-30.17169,0.0020417351258499336,0.002603879438685955
-30.16505,0.002043383671710281,0.002606541496660093
-30.15839,0.0020451076290011055,0.002609205067396347
-30.15178,0.0020467070756611683,0.0026118700262055825
-30.14516,0.0020481881603357393,0.002614536255206347
-30.13846,0.002049804260025546,0.002617203888956067
-30.13182,0.0020514100977067815,0.0026198729170749248
-30.12523,0.0020529672069885163,0.002622543291679875
-30.11862,0.002054158939885795,0.002625214647301944
-30.11198,0.002055148677543921,0.002627886781280629
-30.10533,0.0020562709278924723,0.0026305598266092344
-30.09869,0.0020576363749759147,0.0026332340265743963
-30.09206,0.002059264099767202,0.002635909643031632
-30.08542,0.002061183764819855,0.0026385869684017226
-30.07874,0.002063535373190628,0.002641266434414765
-30.0721,0.0020661268994708873,0.00264394828074839
-30.06543,0.0020686679769842116,0.0026466324573132852
-30.05876,0.0020712846766703166,0.0026493190397609157
-30.05209,0.002074087238524842,0.00265200821347093
-30.04543,0.0020771059373741623,0.0026547001951818926
-30.03879,0.00208014743593555,0.002657395007843589
-30.03214,0.0020830783737283017,0.002660092540352245
-30.02548,0.0020857086896805188,0.0026627924925665247
-30.01883,0.0020880124148541473,0.0026654945379851903
-30.01219,0.0020900618679145474,0.00266819842191398
-30.00554,0.002092198015943201,0.002670904231528271
-29.99889,0.002094569197052749,0.00267361220189026
-29.99229,0.0020972334550758407,0.00267632262589567
-29.98564,0.0020999607185005317,0.0026790355667892013
-29.97897,0.0021026265056694094,0.002681750963003319
-29.97232,0.0021051596972275198,0.002684468681580525
-29.96565,0.0021075212837689972,0.0026871885513360507
-29.959,0.002109625003616208,0.0026899103145525925
-29.95235,0.002111656511449949,0.0026926338985359013
-29.94569,0.0021134787869511373,0.002695359094533984
-29.93903,0.00211504290307064,0.0026980856444165625
-29.93239,0.0021161180998512386,0.002700813058902188
-29.92577,0.002117022778734655,0.0027035411681331192
-29.91914,0.00211792713776121,0.0027062699717584223
-29.91255,0.002118836142553344,0.00270899947418134
-29.90593,0.0021195660621583286,0.002711729496676842
-29.89923,0.0021200970674947303,0.0027144598398806
-29.89259,0.002120542190791851,0.002717190417787858
-29.88594,0.002121218174320512,0.002719921461739009
-29.87932,0.0021223495976680044,0.002722653427382202
-29.8727,0.002124136782823688,0.0027253869699971588
-29.86603,0.002126547968587539,0.0027281227138255893
-29.85935,0.0021292921625928984,0.0027308609918451025
-29.85268,0.0021320098172349384,0.0027336017770943242
-29.84599,0.0021344499301986734,0.0027363447924521707
-29.83933,0.002136526581222426,0.002739089674664718
-29.83267,0.0021384174358115983,0.0027418362374538167
-29.826,0.002140576712811169,0.0027445847497220236
-29.81935,0.0021431831867694384,0.0027473356588144033
-29.81274,0.0021462032313222194,0.002750089378057911
-29.80612,0.002149264214790091,0.0027528459488713004
-29.79948,0.002152119841231146,0.0027556051658073595
-29.79279,0.0021546901104650103,0.0027583667427300506
-29.78612,0.0021570368829297803,0.0027611304568010467
-29.77945,0.0021593985029979825,0.0027638963228969336
-29.7728,0.0021617641645547115,0.002766664344696476
-29.76617,0.0021643532238362056,0.002769434746255345
-29.75952,0.0021669642467497382,0.002772207549447319
-29.7529,0.0021692841748264602,0.0027749824628739215
-29.74623,0.002171121804716576,0.0027777590044797506
-29.73961,0.002172445417375724,0.0027805366605726063
-29.73294,0.002173491601645437,0.0027833151529465996
-29.72629,0.002174496309995867,0.0027860944407832994
-29.71962,0.0021756518634655953,0.0027888746748383573
-29.71295,0.002177007992174244,0.0027916560552058178
-29.70633,0.0021786638485878046,0.002794438882447847
-29.69968,0.0021805459059754417,0.0027972233826168715
-29.69301,0.002182855013200389,0.00280000998216344
-29.68636,0.0021855462682234955,0.0028027990638922777
-29.67972,0.002188638435167031,0.002805591028803047
-29.6731,0.0021919464096670474,0.0028083860923400084
-29.66647,0.0021953708840169307,0.002811184371482615
-29.65978,0.0021988995460867876,0.0028139859700938327
-29.65315,0.002202478349461003,0.0028167909381873408
-29.64648,0.0022059233222250924,0.002819599142235608
-29.6398,0.0022091558472703225,0.002822410369760926
-29.63318,0.002211909111383074,0.0028252241413742815
-29.62653,0.0022144305738169925,0.002828040225635986
-29.61992,0.0022167710826406376,0.0028308584418560837
-29.61327,0.002219235333837196,0.002833678913060973
-29.60664,0.0022218394573178383,0.0028365017797786335
-29.59999,0.0022245184245063975,0.0028393271167640264
-29.59337,0.0022273301437415096,0.00284215505646426
-29.58666,0.002230180992096927,0.002844985638019046
-29.57996,0.00223311484502628,0.002847818944520512
-29.57327,0.002236090246595407,0.0028506550170953582
-29.56664,0.0022390324295408345,0.002853493823414413
-29.55994,0.002241806430669403,0.00285633519491489
-29.5533,0.0022443661340968038,0.002859178917169512
-29.54665,0.002246694670054384,0.002862024759490271
-29.54002,0.002249046018096628,0.0028648727448347044
-29.5334,0.0022515901000349173,0.002867723065514393
-29.52676,0.002254341063300984,0.002870575928831612
-29.5201,0.0022570383506769725,0.0028734312810223287
-29.51341,0.002259489243320764,0.002876288875036395
-29.50671,0.0022616259742991945,0.0028791483971917897
-29.50003,0.0022636118020473513,0.002882009696730639
-29.49341,0.002265579953117406,0.0028848727558453855
-29.48676,0.002267845386944148,0.0028877378721816004
-29.4801,0.0022703670834583385,0.0028906053019723374
-29.47345,0.00227301341546756,0.0028934751694309293
-29.46681,0.0022754744958867735,0.002896347289901394
-29.46016,0.002277617915105405,0.0028992213456929023
-29.45349,0.0022796059741012216,0.002902097180848785
-29.44684,0.0022817715085384762,0.0029049749734980468
-29.44019,0.002284291579439145,0.0029078550782056568
-29.43353,0.002287003732248916,0.0029107376865153104
-29.42687,0.0022896663424181356,0.0029136227494216582
-29.42023,0.0022922686780109925,0.0029165102067945483
-29.41356,0.0022947531647908087,0.0029193999401312225
-29.40691,0.0022972338752182135,0.0029222919463083342
-29.40028,0.00229978263430259,0.002925186293518734
-29.39363,0.0023025231725620973,0.0029280831729457516
-29.38696,0.00230546272932458,0.002930982784029261
-29.3803,0.002308371956117821,0.0029338850965256267
-29.3736,0.0023110046799658304,0.0029367898332209306
-29.3669,0.0023132635157430883,0.002939696620764242
-29.36023,0.0023157188646228673,0.002942605655870468
-29.35355,0.0023184189503739614,0.0029455171827389975
-29.34691,0.0023214550940070466,0.0029484315381952454
-29.34026,0.002324317163459478,0.002951348548135748
-29.33362,0.002326941676260208,0.002954267974581627
-29.32697,0.0023291771421076702,0.002957189428964936
-29.32045,0.002331083494301639,0.0029601125829485484
-29.31381,0.0023327645963969906,0.0029630372101116455
-29.30719,0.0023343440258222965,0.002965963209433017
-29.30055,0.002335824798119445,0.0029688904821687898
-29.29384,0.0023373680058952936,0.0029718190898725978
-29.28714,0.002338628439688777,0.002974748750364589
-29.2805,0.0023396639557681552,0.002977679239100002
-29.27383,0.002340084533047889,0.0029806099404882866
-29.26723,0.0023401183908642142,0.0029835404687477444
-29.26056,0.0023400074757040337,0.002986470678732249
-29.25389,0.002340058727853791,0.0029894007321296942
-29.24725,0.0023403478808424996,0.0029923308675489663
-29.24065,0.0023407584641490474,0.002995261206677566
-29.23398,0.0023413596617377404,0.002998191939249601
-29.22733,0.0023423340202555227,0.00300112343907651
-29.22067,0.002343458693230576,0.0030040558564438627
-29.21401,0.002344865832440121,0.0030069894733385787
-29.20734,0.0023466904665802413,0.003009924707734453
-29.20068,0.002349268260123006,0.0030128623128763197
-29.19406,0.0023525434023338766,0.003015802985861823
-29.18741,0.0023560093426170737,0.003018746917853594
-29.18074,0.0023591430572725614,0.0030216937765402316
-29.17407,0.002361813431194609,0.003024643098101893
-29.1674,0.0023641332254767298,0.0030275945324947213
-29.16077,0.0023664009427728744,0.0030305480278977315
-29.15416,0.002368732957082433,0.003033503648242491
-29.14754,0.0023712788559654327,0.003036461607892053
-29.14087,0.0023739738287836816,0.0030394220556641573
-29.1342,0.0023764314996486628,0.0030423847537778964
-29.12753,0.0023785387539613056,0.0030453493523522617
-29.12083,0.0023801332965893017,0.0030483153385335356
-29.1142,0.0023815826435943845,0.0030512825670445582
-29.10751,0.002383207125380867,0.003054251213215039
-29.10088,0.0023851262379084317,0.0030572215720442012
-29.09422,0.002387168693224246,0.003060193766225836
-29.0876,0.002389155258391717,0.003063167740631595
-29.08098,0.0023910136860197623,0.0030661433671519047
-29.07434,0.0023928602677743675,0.0030691206333487374
-29.0677,0.0023945748516287866,0.003072099407759223
-29.06108,0.002396462678175115,0.003075079863767168
-29.05444,0.002398594368688674,0.0030780622446446183
-29.04776,0.0024011045122768505,0.0030810469291536347
-29.04109,0.0024036972899888994,0.00308403400001303
-29.03442,0.002406105644863854,0.003087023272321397
-29.02774,0.0024083366323727645,0.0030900145691899134
-29.02107,0.002410582608092443,0.00309300790569138
-29.01444,0.0024128256079782046,0.0030960032785968764
-29.0078,0.002414710875802171,0.0030990003306526357
-29.00115,0.00241589658625728,0.003101998362272974
-28.99448,0.0024164767307647177,0.003104996767300875
-28.98778,0.0024168192153748865,0.0031079953084424045
-28.98114,0.0024173509546439524,0.0031109941753178307
-28.97459,0.0024183320196423694,0.003113993817280157
-28.968,0.002419849196501226,0.003116994770750533
-28.96137,0.0024218536719905364,0.0031199975228306917
-28.9547,0.002424116315482194,0.0031230023309856874
-28.94803,0.0024267128786207657,0.0031260095296696392
-28.94136,0.0024295344952982682,0.0031290193439641625
-28.93468,0.002432900290408226,0.00313203231751346
-28.92802,0.0024369458095884716,0.003135049130688038
-28.92136,0.0024418320777439845,0.0031380706242648774
-28.91469,0.002447269663680005,0.00314109734902763
-28.90804,0.002452733182330856,0.0031441293315551235
-28.90137,0.002457887627988797,0.003147166262690469
-28.89464,0.0024626684099268137,0.0031502077679565884
-28.88794,0.0024669798554538404,0.0031532533787190804
-28.88123,0.00247082499241131,0.0031563026286417074
-28.8746,0.0024738570758151427,0.003159354704639643
-28.86798,0.002476419670713614,0.0031624091378139574
-28.86133,0.002478613387523201,0.003165465559147021
-28.85472,0.002480593985891364,0.0031685237552653398
-28.84808,0.00248219443525188,0.003171583346386354
-28.84146,0.002483247264677315,0.0031746437850293098
-28.83481,0.0024841080023611604,0.0031777048784574348
-28.8282,0.0024850857820837677,0.003180766744468947
-28.82158,0.00248643840615741,0.003183829757880235
-28.81491,0.0024883187986419835,0.0031868944457038285
-28.80826,0.0024907957983075473,0.003189961405191657
-28.80159,0.0024939172298018607,0.0031930312806923203
-28.79492,0.002497229703253581,0.003196104262770123
-28.78827,0.0025004558376799163,0.003199180265730517
-28.7816,0.00250364357665694,0.0032022592510949563
-28.77498,0.002507038521690888,0.003205341425869048
-28.76836,0.002510864168684427,0.003208427221287902
-28.76172,0.0025145988528896086,0.003211516546305613
-28.7551,0.0025179624713571078,0.003214609029489486
-28.74841,0.002520727683163936,0.003217704072578631
-28.74173,0.002523140369347161,0.0032208013231306894
-28.73505,0.0025252267304589136,0.0032239004543432176
-28.72841,0.0025271149917225773,0.0032270012688705735
-28.7218,0.0025289812580976743,0.0032301037449112245
-28.71518,0.0025310758213898913,0.003233208110229237
-28.70854,0.0025332856898895766,0.003236314480552276
-28.70192,0.0025353608533452586,0.003239422721313258
-28.69527,0.0025371540993309404,0.003242532549951828
-28.68865,0.0025391088532530203,0.003245644128674035
-28.68196,0.0025414888087969285,0.0032487578823235746
-28.67532,0.002544293202889659,0.003251874235137113
-28.66866,0.002547235243028241,0.003254993325183325
-28.66196,0.0025502508567053364,0.003258115225843515
-28.65529,0.0025534130525810025,0.0032612400833878135
-28.64862,0.0025567357852558184,0.003264368058885717
-28.64197,0.002559976188837982,0.003267499070145727
-28.6353,0.002563002342236938,0.003270632902330734
-28.62863,0.002565634750343015,0.0032737691622280254
-28.62199,0.002567840658758392,0.0032769074235301696
-28.61536,0.002569548642516776,0.003280047187890202
-28.60873,0.0025707957284512037,0.0032831879949425592
-28.60211,0.0025717433809050263,0.003286329545336041
-28.59551,0.0025724407073225335,0.003289471588376939
-28.58888,0.0025728862544414405,0.0032926138726538097
-28.58221,0.0025731211327001367,0.003295756187306543
-28.57559,0.00257319640071775,0.0032988983725213885
-28.56894,0.0025732895062460085,0.003302040446503923
-28.56235,0.002573526311189266,0.003305182553308805
-28.5557,0.0025741546978886847,0.003308325083713131
-28.54903,0.002575205252118802,0.003311468460307322
-28.54236,0.0025765625189001595,0.0033146129898315876
-28.53572,0.0025783133739036984,0.003317759065561014
-28.52904,0.002580605403409486,0.0033209072289840085
-28.52239,0.0025835713124907596,0.0033240581541712126
-28.51573,0.002586937020837929,0.003327212240390768
-28.50906,0.002590298183850978,0.003330369483574758
-28.50237,0.002593396589177169,0.003333529620884348
-28.4957,0.002596409207760395,0.003336692566165099
-28.48901,0.002599469436869013,0.003339858367450629
-28.48236,0.0026024629621695843,0.0033430269582820577
-28.47578,0.002605244838823342,0.0033461981269141726
-28.46913,0.0026078188246335186,0.003349371665607522
-28.46246,0.0026101526865773745,0.0033525473341572513
-28.45581,0.002611922323843046,0.0033557245679707334
-28.44919,0.00261312035387691,0.003358902796134704
-28.44257,0.0026139518777654543,0.0033620816521703206
-28.43593,0.0026149137687047964,0.0033652612658598363
-28.42929,0.0026162006088461566,0.003368441962683709
-28.4227,0.0026181164736644403,0.0033716243719644017
-28.41606,0.002619922594799143,0.003374808383211342
-28.40936,0.0026219473472379414,0.003377994215262795
-28.40273,0.0026242052971719495,0.003381182101721954
-28.39609,0.0026266309997031584,0.003384372209811102
-28.38947,0.002629067981208685,0.003387564551448146
-28.3828,0.002631525817625817,0.0033907591472455926
-28.3761,0.0026342330340953964,0.0033939562459457235
-28.36943,0.002637153473448118,0.003397156061464268
-28.36281,0.002640291470672206,0.0034003588116558394
-28.35616,0.002643402302954901,0.0034035644687177764
-28.34953,0.0026465616760081323,0.003406773081829298
-28.34288,0.0026496827995375694,0.0034099846126605755
-28.33623,0.002652613201818089,0.0034131988700143506
-28.32959,0.0026553827835889077,0.0034164156936545677
-28.32294,0.002658114424956301,0.0034196350456144014
-28.31628,0.0026611405778686507,0.0034228572198757865
-28.30962,0.002664632922155524,0.003426082683160755
-28.30299,0.002668334663410617,0.003429311645054522
-28.29633,0.002672016641764829,0.0034325440851574202
-28.28966,0.002675619378883126,0.003435779924705177
-28.28299,0.0026792589900259604,0.003439019200599208
-28.27634,0.0026829920998577826,0.003442262005969578
-28.2697,0.0026867733851379484,0.0034455083895756134
-28.26305,0.002690725610042046,0.00344875852233068
-28.25639,0.0026947182628909547,0.0034520124441335663
-28.24974,0.002698662030948993,0.0034552701066832164
-28.24307,0.002702239126263972,0.0034585311432273323
-28.23639,0.002705558206786207,0.0034617952952222136
-28.22972,0.002708679266702236,0.0034650623652308994
-28.22307,0.0027117780708472497,0.0034683323311316045
-28.2164,0.00271478284434931,0.003471605098311527
-28.20979,0.002717643195292629,0.0034748805231979013
-28.20313,0.002720293022936378,0.003478158395028173
-28.19647,0.0027226927705674454,0.003481438463246901
-28.1898,0.002724864337688861,0.003484720500150331
-28.18314,0.002726774858100176,0.0034880042447722223
-28.17651,0.002728406390762691,0.0034912894178089323
-28.16989,0.0027300117520238686,0.0034945759936718833
-28.16322,0.0027316827249263143,0.0034978640377342175
-28.15659,0.002733552260298871,0.0035011537482954927
-28.14995,0.0027355069153828294,0.003504445210951945
-28.14333,0.002737253101507003,0.0035077382173677716
-28.13667,0.0027387707860141047,0.003511032538353938
-28.13001,0.002740127882412126,0.0035143280138519467
-28.12332,0.002741551114582317,0.0035176247098658844
-28.11665,0.0027431723448449402,0.0035209228240247257
-28.11003,0.00274513366501941,0.0035242226972124523
-28.10336,0.002747607660083324,0.0035275248418665125
-28.0967,0.0027503984546067175,0.0035308295743642203
-28.09006,0.002753334600984279,0.0035341370406924695
-28.08341,0.0027561807064893674,0.0035374471507846218
-28.07675,0.0027589853486252743,0.0035407598626495014
-28.07011,0.0027618831636080387,0.003544075270094731
-28.06346,0.00276479525486951,0.003547393387370878
-28.05678,0.0027676653540941263,0.0035507141718528344
-28.05017,0.0027704213552805475,0.0035540375103405818
-28.04352,0.0027730716835272125,0.003557363296977403
-28.0369,0.0027755997191788295,0.003560691409153725
-28.03027,0.002778004165331788,0.003564021723756276
-28.02361,0.002780407520521115,0.003567354239563274
-28.01694,0.002782739704007616,0.0035706888848757072
-28.0103,0.002784934512415621,0.003574025523005065
-28.00362,0.0027871205435466674,0.003577364144990993
-27.99695,0.0027895114384226083,0.0035807049552751455
-27.9903,0.00279238260800115,0.0035840484347659934
-27.98367,0.0027956187117366468,0.003587394948529551
-27.97704,0.0027990592444112478,0.0035907447005200095
-27.97041,0.0028025848140657405,0.003594097776302887
-27.96379,0.002806259065850129,0.0035974543246395435
-27.95711,0.002809972321587689,0.0036008143837451953
-27.95046,0.002813540670865672,0.0036041778093989854
-27.94377,0.0028168247376399065,0.003607544317136213
-27.93713,0.0028200540610339923,0.0036109138520005048
-27.93047,0.0028230479462419945,0.0036142861789775576
-27.92384,0.0028256256362667836,0.003617660882055803
-27.91722,0.0028275152698925272,0.003621037272756508
-27.91057,0.002829005754472139,0.00362441495230228
-27.9039,0.0028301979836906138,0.0036277936223603883
-27.89728,0.002831261382565726,0.00363117315388681
-27.89066,0.0028322092424570566,0.0036345534318705905
-27.88399,0.002833148207108346,0.0036379344471829046
-27.87732,0.002834380934368573,0.003641316493112186
-27.87065,0.0028361822389749956,0.003644700138763941
-27.86397,0.0028386076416691158,0.0036480860082112325
-27.85727,0.002841638296934736,0.0036514747061286465
-27.85063,0.002845409809797097,0.0036548669742136252
-27.84398,0.002849961171252137,0.003658263592289642
-27.83731,0.0028551843041850753,0.0036616652315502657
-27.83064,0.002860938126919634,0.003665072423213227
-27.82401,0.0028671159841743552,0.003668485591547348
-27.81735,0.002873481907667876,0.003671904923989263
-27.8107,0.0028797542777015453,0.0036753303275650715
-27.80405,0.002885721177984842,0.003678761496831832
-27.79736,0.002891259090870525,0.0036821980021211906
-27.79067,0.002896294624155632,0.0036856393415813423
-27.784,0.002900921429782067,0.003689085106615008
-27.77739,0.002905062812545984,0.003692534811635558
-27.77077,0.002908768679098902,0.003695988021602425
-27.7641,0.0029119675660729673,0.0036994442293045338
-27.75745,0.002914739626603008,0.003702903007544913
-27.75076,0.0029172092892117895,0.003706364054246715
-27.7441,0.0029194046730346107,0.003709827095312748
-27.73743,0.0029215068084080453,0.003713292036969337
-27.73079,0.0029234348701134877,0.0037167587058246736
-27.72418,0.0029252595684105737,0.0037202269986964594
-27.71756,0.002926983658548042,0.0037236968144512142
-27.71095,0.00292870397350961,0.0037271681498921867
-27.7043,0.002930623426275036,0.0037306412039780786
-27.69766,0.0029329105348297533,0.0037341163439424604
-27.69103,0.0029355426973850913,0.0037375939154176674
-27.68439,0.0029385825191442015,0.0037410743260381644
-27.67773,0.002941862769884473,0.0037445578156567465
-27.67107,0.002945346587546903,0.003748044588367299
-27.6644,0.0029489039091949243,0.003751534717649268
-27.65776,0.002952413522397253,0.003755028155474555
-27.65109,0.002955955123401185,0.003758524934204087
-27.64441,0.002959340182171654,0.003762024897271192
-27.63779,0.0029624261389668634,0.0037655277454076283
-27.63115,0.0029650399057811797,0.0037690330068476823
-27.62453,0.0029672087904548117,0.0037725402368380193
-27.61787,0.002969157579855857,0.00377604921460557
-27.6113,0.0029707116786793692,0.003779559546445947
-27.60469,0.002971774923466271,0.0037830707413271806
-27.59807,0.0029725226763725296,0.003786582483232954
-27.5914,0.0029733615104167556,0.003790094863515765
-27.58475,0.0029746012688476545,0.003793608283228621
-27.57813,0.002976023533374809,0.0037971229245572927
-27.57149,0.0029777600701997036,0.0038006391021984417
-27.56485,0.0029798745375256355,0.0038041571941090906
-27.5582,0.002982637326740478,0.0038076778480871337
-27.55153,0.0029857882941965214,0.0038112014527353524
-27.54489,0.0029892658973310255,0.003814728334868536
-27.53822,0.0029932056455681325,0.0038182589560063463
-27.53154,0.0029977337597337813,0.0038217939049901522
-27.52486,0.0030027727190543503,0.003825333692691785
-27.51819,0.0030077781147671533,0.0038288782851255802
-27.51148,0.0030125037129412956,0.0038324274028172967
-27.50482,0.003016933732141165,0.0038359807504681426
-27.49817,0.003021174666915384,0.003839538138571538
-27.4915,0.003025092065485045,0.0038430992440159125
-27.48496,0.0030284273914674992,0.0038466634854131113
-27.47836,0.0030311495274927196,0.003850230248796393
-27.47173,0.003033281404741432,0.0038537989442808483
-27.46512,0.0030349987734643842,0.0038573691574853913
-27.45857,0.00303644742806498,0.0038609406195260444
-27.45192,0.003037755889858501,0.0038645131902303505
-27.44531,0.0030390283117385972,0.003868086833786686
-27.43866,0.003040281051738286,0.003871661529838607
-27.43198,0.003041765914847403,0.0038752375108835396
-27.42532,0.0030435991967851317,0.0038788151254676643
-27.41864,0.0030461241143061816,0.0038823950646533307
-27.41202,0.00304940920892144,0.003885978089445244
-27.40537,0.0030534259707354666,0.0038895649313859305
-27.39867,0.0030578591896832674,0.0038931560062085892
-27.39198,0.0030622883128553105,0.003896751310393273
-27.38529,0.0030665540418507286,0.0039003506805723926
-27.3786,0.0030706898454197916,0.0039039539863483077
-27.37193,0.003074940300011008,0.003907561342997828
-27.36528,0.0030794350273855593,0.003911172994920549
-27.35869,0.00308411237699797,0.0039147891245672525
-27.35202,0.0030886276010638875,0.003918409569936221
-27.34532,0.0030926012509087187,0.003922033789329391
-27.33867,0.0030957214453109605,0.003925660929069673
-27.332,0.0030981192123003655,0.003929290267154533
-27.32533,0.0031000062387202343,0.003932921292869835
-27.31873,0.0031017953484111876,0.0039365539081767775
-27.31207,0.003103645231917765,0.003940188174073935
-27.30545,0.003105570025215274,0.003943824165697279
-27.29881,0.003107623561003438,0.003947462011217187
-27.29219,0.0031098289098836947,0.003951101863071271
-27.28554,0.003112062692807151,0.003954743749570081
-27.27887,0.00311432902404147,0.003958387702690172
-27.2722,0.003116583856664846,0.003962033711457675
-27.26553,0.0031191193717968304,0.00396568205658147
-27.25888,0.0031218881795754337,0.003969332970981912
-27.25223,0.0031252072737478517,0.003972987005469923
-27.24558,0.003128917748904961,0.003976644551452747
-27.23894,0.0031328536423854063,0.0039803058339265346
-27.23229,0.00313672580007106,0.003983970789630168
-27.2256,0.0031404189194612895,0.0039876392393529215
-27.21892,0.0031440196290314086,0.003991311090262997
-27.21225,0.0031476533140991614,0.003994986375909957
-27.20561,0.0031514426189559993,0.003998665252088693
-27.19898,0.003155316859605546,0.004002347803312783
-27.19234,0.0031592086688056026,0.004006034047625327
-27.18567,0.0031630695559038387,0.004009723953981799
-27.17902,0.003166572394192959,0.004013417163960822
-27.17238,0.0031696723703813876,0.004017113275273851
-27.16573,0.003172321081838626,0.004020811836632835
-27.15906,0.0031746920211674417,0.0040245125696951965
-27.15242,0.0031767347698586808,0.0040282151469425735
-27.1458,0.003178364292154461,0.004031919155273447
-27.13915,0.0031797528471305602,0.004035624353100765
-27.13252,0.003180946017529307,0.004039330545662472
-27.1259,0.0031821393462709018,0.004043037733192266
-27.11928,0.00318315177059789,0.004046745734314149
-27.11264,0.003184041528909787,0.004050454426787176
-27.106,0.003184761385937275,0.004054163640736141
-27.09938,0.003185419142415926,0.0040578733136875066
-27.09271,0.0031861969959202942,0.004061583566015828
-27.08603,0.0031872918508865223,0.004065294714699596
-27.07938,0.0031889300863804358,0.004069007302795619
-27.07271,0.0031910360410311533,0.004072721798448328
-27.06607,0.0031932533357318924,0.004076438313171242
-27.0594,0.0031952740417553133,0.004080156649757197
-27.05275,0.003197158463551222,0.004083876672543561
-27.04607,0.003199189326031651,0.004087598527850008
-27.0394,0.0032014822896324754,0.004091322477355654
-27.03278,0.0032040603788685046,0.00409504880695441
-27.02615,0.003206807526729547,0.004098777685681854
-27.0195,0.003209550181640287,0.004102509108476002
-27.01286,0.0032121119590299498,0.004106242895031421
-27.0062,0.003214363046397152,0.004109978734586299
-26.99954,0.0032162857963394125,0.004113716298332261
-26.99289,0.0032180130556369135,0.004117455391350609
-26.98622,0.0032197542529078757,0.0041211960275077016
-26.97957,0.003221580773680376,0.004124938291753786
-26.9729,0.0032235722404575203,0.0041286823494602895
-26.96628,0.003225690316389109,0.004132428327506161
-26.95961,0.0032279726358117097,0.004136176389420304
-26.95293,0.0032304569739513536,0.004139926737695677
-26.94623,0.003233132062729333,0.0041436795630116876
-26.93955,0.0032361134584081006,0.00414743517130199
-26.93288,0.003239245758888544,0.00415119371404288
-26.92624,0.0032424743985899856,0.004154955287745425
-26.91959,0.0032455440242692775,0.004158719732876276
-26.91295,0.003248595026694771,0.0041624870313833485
-26.90633,0.003251602054406158,0.004166257139414874
-26.8997,0.003254685910527823,0.004170030133279984
-26.89305,0.003257794439457335,0.004173806038076932
-26.8864,0.003261035202364173,0.0041775849860656075
-26.87972,0.0032642932018151173,0.00418136699386669
-26.87306,0.003267385538424754,0.004185151896436698
-26.86639,0.0032700720631040027,0.004188939287941253
-26.85977,0.003272402693788643,0.004192728812257799
-26.8531,0.003274477287678763,0.00419652021362997
-26.8465,0.003276516952817168,0.004200313457493215
-26.83986,0.0032786620589104116,0.004204108648624663
-26.83322,0.0032810166420437093,0.004207905997023478
-26.82658,0.0032834151206533537,0.004211705546610945
-26.81996,0.0032857514708060217,0.004215507234884674
-26.81332,0.0032878990557846342,0.004219310873505007
-26.80663,0.003289985950340153,0.004223116401566417
-26.79996,0.003292290499619322,0.004226924036349866
-26.79329,0.0032949001192441453,0.004230734083447737
-26.78662,0.003297767039317571,0.004234546800186393
-26.77995,0.003300585900665977,0.004238362138037011
-26.7733,0.0033033276304716514,0.004242180020486102
-26.76663,0.0033059653829365632,0.004246000343486047
-26.75996,0.0033086875701410726,0.0042498231910015625
-26.75331,0.003311744713091993,0.004253648898606196
-26.74674,0.0033154293696087355,0.004257478094223032
-26.74007,0.0033197102334820987,0.0042613113731095695
-26.73338,0.0033244128399222877,0.004265149157434243
-26.72667,0.0033290921770649518,0.004268991423857905
-26.71997,0.0033336647173822574,0.004272838065161917
-26.7133,0.003338130844730809,0.0042766889755985965
-26.70664,0.0033428468065344204,0.004280544405076061
-26.7,0.003347934350042759,0.004284404724801776
-26.69338,0.0033532166504809543,0.0042882701301495746
-26.68672,0.003358239676794447,0.0042921403616798855
-26.6801,0.003362620069526002,0.00429601477648029
-26.67343,0.003366215164974053,0.004299892589536086
-26.66675,0.003369294849237968,0.004303773285414203
-26.66013,0.0033721298897223593,0.004307656619287236
-26.65347,0.00337507714596397,0.004311542703701408
-26.64681,0.0033781343082801025,0.004315431648588524
-26.64015,0.003381239007631713,0.00431932350101599
-26.63347,0.0033844270939797794,0.004323218344796766
-26.6268,0.0033877473992124435,0.004327116312223088
-26.62012,0.0033917836485426152,0.004331018118722022
-26.6135,0.003396699331745764,0.004334924644533533
-26.60684,0.003402392054273378,0.004338836666532541
-26.60017,0.0034082933012089494,0.004342754392726519
-26.59351,0.0034140507402312865,0.004346677679875911
-26.58681,0.0034195417153806903,0.004350606261352885
-26.58019,0.0034244433159288596,0.0043545395476927
-26.57356,0.0034288627162474277,0.004358477057168349
-26.56691,0.0034331266863592293,0.004362418634280466
-26.5603,0.0034375861890921103,0.00436636447428155
-26.55368,0.003442202608420262,0.004370314734561335
-26.5471,0.0034462028487901794,0.004374268799155393
-26.54047,0.0034493676316653013,0.0043782258319003614
-26.5338,0.0034517485708129366,0.004382185049284033
-26.52712,0.00345383519361363,0.004386146156968522
-26.52045,0.0034557494745471296,0.004390108982190043
-26.51379,0.0034577187818856615,0.004394073580542639
-26.50717,0.003460107597849877,0.004398040371749061
-26.50058,0.0034630000756299024,0.004402009859143146
-26.49394,0.00346617307283709,0.004405982323528902
-26.48731,0.0034692285697941203,0.004409957647478629
-26.48065,0.0034720883625471827,0.004413935634677824
-26.474,0.003474826908315756,0.004417916164446738
-26.46733,0.003477542461881601,0.0044218992137246985
-26.46066,0.003480466955335532,0.004425884990982668
-26.45403,0.0034836233982542615,0.004429873728878052
-26.44737,0.003487071979385139,0.004433865719433696
-26.44074,0.0034905249138929098,0.004437860966674782
-26.4341,0.003494149381665741,0.004441859642607555
-26.42743,0.0034980952159661726,0.004445862068483413
-26.42078,0.0035022944237516843,0.004449868497300725
-26.41414,0.0035065336599756475,0.004453878969654578
-26.40752,0.003510560332473104,0.00445789327310023
-26.40085,0.0035145446791090013,0.004461911364609073
-26.39415,0.003518545765260697,0.004465933261300226
-26.38751,0.003522445660431004,0.004469958862288679
-26.38084,0.003526333232296052,0.0044739881546422755
-26.37421,0.003530283837097396,0.004478021202100343
-26.36757,0.003534475586797153,0.004482058245786465
-26.36095,0.00353849532808958,0.0044860991133167825
-26.35437,0.003542108903020317,0.004490143399230716
-26.34776,0.0035453545345237912,0.004494190735470183
-26.34114,0.003548507951990793,0.0044982410293058295
-26.3345,0.003551854436081063,0.004502294474230477
-26.32785,0.0035554786938602513,0.004506351347996644
-26.32118,0.003559391465609552,0.0045104119385568206
-26.31455,0.003563557778086642,0.004514476500156971
-26.30789,0.0035676786280899896,0.0045185449872205755
-26.30125,0.0035715836144505657,0.00452261718350844
-26.29456,0.00357527752625386,0.004526692878233164
-26.28789,0.0035788544300496927,0.004530771954505018
-26.28125,0.003582494297225834,0.00453485447495816
-26.27464,0.0035860796515474577,0.004538940385737742
-26.26799,0.0035894801184272757,0.004543029501796254
-26.26134,0.003592034312894771,0.004547120976392994
-26.25469,0.003593544379865228,0.004551213765919428
-26.24799,0.0035941224945158436,0.00455530693821737
-26.24135,0.003594318203675923,0.004559400110690618
-26.23473,0.0035944595130889753,0.004563493229550608
-26.22824,0.003594641754036593,0.004567586336354201
-26.22162,0.0035951163209797018,0.004571679722358646
-26.21497,0.0035961351591668584,0.00457577393221543
-26.20833,0.0035975495486649206,0.004579869361547237
-26.20168,0.003599128282381363,0.004583966174184093
-26.19502,0.0036008271497193537,0.004588064490732198
-26.18834,0.003603191238582098,0.004592164976346322
-26.18167,0.003606298406887515,0.00459626837368405
-26.17503,0.003609841539190832,0.004600375119365951
-26.16838,0.0036133034094994413,0.004604485132109258
-26.16171,0.003616563082283653,0.004608598209156645
-26.15506,0.003619672895439961,0.004612714201258822
-26.14842,0.0036225631616757462,0.004616832888939979
-26.14177,0.00362516387435739,0.004620953982132794
-26.13515,0.003627571277857973,0.004625077288183933
-26.12848,0.003629962086067039,0.004629202790294045
-26.12184,0.0036322769366058803,0.004633330412175177
-26.1152,0.003634521892872587,0.004637460084451207
-26.10855,0.0036366857896688093,0.004641591726042044
-26.10188,0.003639006133194648,0.0046457254928352395
-26.09523,0.0036415571142178805,0.0046498616160778935
-26.08858,0.0036443271780692366,0.004654000314877996
-26.08193,0.0036471518835725085,0.004658141643409566
-26.07526,0.0036495623188613976,0.0046622851878290765
-26.06863,0.003651425449129163,0.004666430401039228
-26.06197,0.003652874399704437,0.004670576868255879
-26.05534,0.0036545177969970625,0.004674724784580385
-26.04872,0.003656585332269374,0.004678874574221319
-26.04211,0.0036590295442045844,0.004683026613433247
-26.03549,0.003661527819274045,0.004687180956751371
-26.02879,0.0036637745900943907,0.004691337352332536
-26.02211,0.0036654116458342194,0.004695495190085392
-26.01544,0.0036663654232204686,0.004699653787294813
-26.00879,0.0036667205529850914,0.004703812545429192
-26.00218,0.0036669200295545777,0.00470797130854957
-25.99559,0.003667225984549239,0.004712130183742473
-25.989,0.0036675099928905304,0.004716289149086053
-25.98241,0.003667425165289088,0.004720447835276821
-25.97575,0.003666779004630344,0.004724605681181749
-25.96909,0.003665680032463014,0.004728762234014427
-25.96243,0.003664563072962988,0.004732917475320367
-25.95578,0.0036639760045824184,0.004737071935553293
-25.94914,0.003664302292576008,0.004741226528139831
-25.94251,0.00366556015614505,0.004745382184233572
-25.93585,0.0036674484067611987,0.004749539534603183
-25.9292,0.003669796808866062,0.004753699039470359
-25.92253,0.0036722794661511,0.004757860832532977
-25.91589,0.003674890486411457,0.004762025042806511
-25.90923,0.0036776465347176344,0.004766191815253807
-25.90257,0.0036807929527205617,0.0047703615397776174
-25.89587,0.0036842404531723513,0.0047745345177972985
-25.88921,0.003687652399162392,0.004778710713963642
-25.88251,0.003690606516489196,0.00478288966980116
-25.87581,0.0036932718561450625,0.004787071097049295
-25.86911,0.0036959806649778156,0.004791255039202412
-25.86244,0.0036989128788780168,0.004795441719333727
-25.85579,0.0037016008377477694,0.004799630893794879
-25.84914,0.0037038506705129298,0.004803822124484709
-25.84248,0.0037058191166345253,0.00480801512950495
-25.83585,0.0037076824353570706,0.004812209804379415
-25.82925,0.003709364174457452,0.004816405967687748
-25.82265,0.0037108379403471906,0.004820603410989819
-25.81601,0.0037124668734305373,0.004824802289790101
-25.8093,0.0037143120472284286,0.004829002820040975
-25.80263,0.0037162496701818085,0.004833205093904122
-25.79593,0.0037179488804391157,0.004837408873349296
-25.78926,0.0037194520130249937,0.0048416139624579664
-25.78255,0.0037211761458268325,0.004845820581585277
-25.77586,0.00372336366370223,0.004850029194722176
-25.76917,0.0037259154920816127,0.004854240166204219
-25.76251,0.0037286030563438723,0.004858453631434745
-25.75592,0.003731383704776335,0.004862669684326149
-25.74928,0.0037343664309424365,0.004866888526758046
-25.74262,0.0037371550692715787,0.004871109964087109
-25.73595,0.003739786185502022,0.0048753338392629195
-25.72925,0.0037420879639958856,0.0048795598228392415
-25.72257,0.00374433562375662,0.004883787860320137
-25.7159,0.003746645178935332,0.004888018014161605
-25.70924,0.003749020391479859,0.004892250350090326
-25.70258,0.0037515375472247604,0.004896485009583284
-25.69594,0.003753956597433958,0.004900721895139621
-25.68926,0.0037562792632333513,0.004904960910222326
-25.68259,0.00375831434642038,0.0049092017668270465
-25.67596,0.003760106389260999,0.00491344422260651
-25.66931,0.003761948525475473,0.004917688327590238
-25.66267,0.0037640276595784254,0.00492193431835425
-25.65602,0.0037664010699325306,0.0049261824896462214
-25.64938,0.0037690440311259903,0.00493043311108596
-25.64272,0.0037720029239807,0.004934686498050671
-25.63606,0.0037754893164068065,0.004938943178555555
-25.62936,0.003779454520015567,0.004943203631260028
-25.62268,0.0037839115768492694,0.004947468347639797
-25.616,0.003788648292399563,0.004951737607869193
-25.60931,0.003793675317223139,0.004956011702238276
-25.60266,0.0037987141778087256,0.004960290642293287
-25.59599,0.003803522292432855,0.004964574197715579
-25.58933,0.003807886136084508,0.0049688619243029855
-25.58267,0.0038119111151163005,0.0049731534827251
-25.57604,0.0038156999822584344,0.004977448637517225
-25.5694,0.003819109590030329,0.004981747009400656
-25.56285,0.003822067224699457,0.004986048146331746
-25.55624,0.003824618398482102,0.004990351642100948
-25.54959,0.0038268695240655046,0.004994657196509067
-25.54292,0.0038290288584540574,0.0049989647172115174
-25.53629,0.0038313892994353066,0.005003274406005347
-25.52959,0.003834241730538385,0.005007586754598596
-25.52292,0.0038377970364837847,0.005011902465532068
-25.51627,0.0038416762078136253,0.005016221863273702
-25.50961,0.003845460001272563,0.005020544852426525
-25.50293,0.0038488681756428064,0.005024871056818513
-25.49626,0.0038521852522459053,0.005029200385910559
-25.48959,0.003855516478838626,0.005033532853877363
-25.48302,0.0038588109726739404,0.005037868423957308
-25.47647,0.003861949313360618,0.005042206940598877
-25.46982,0.0038649819492859424,0.00504654829768539
-25.46314,0.0038678424247752907,0.005050892322460252
-25.45647,0.003870546469758457,0.005055238859051271
-25.44981,0.003873301439385729,0.005059587958451308
-25.44316,0.0038764527612207716,0.005063940016590805
-25.43649,0.0038802098477639644,0.005068295639661988
-25.42983,0.00388430847186782,0.005072655169270547
-25.42319,0.003888265714541576,0.0050770184636567475
-25.41652,0.0038919124055754642,0.005081385212653013
-25.40987,0.003895355886422536,0.005085755213160616
-25.40326,0.0038988550153806418,0.005090128520536032
-25.39664,0.0039024949430303043,0.005094505276048708
-25.39003,0.003906040337627704,0.005098885385233336
-25.38341,0.003909399810359321,0.005103268661659438
-25.37676,0.003912252752023161,0.005107654599180105
-25.3701,0.003914734495349461,0.005112042826578237
-25.36343,0.003916906982940559,0.005116433034089842
-25.35681,0.003919113565188318,0.0051208252565399185
-25.3501,0.0039215926764796715,0.005125219766092966
-25.34346,0.003924273864732923,0.00512961676466357
-25.33684,0.003927118734198063,0.0051340164165332115
-25.33019,0.003929962192417659,0.0051384187201855515
-25.32353,0.003932917640551322,0.005142823787102482
-25.31693,0.003936226937659235,0.005147231971905504
-25.31032,0.003939956612712214,0.005151643694953725
-25.3037,0.003944132128476662,0.005156059401579792
-25.29703,0.003948642804991865,0.005160479427242907
-25.29034,0.003953326447998399,0.0051649039448480585
-25.28371,0.00395805175000615,0.005169332995847625
-25.27704,0.003962597078979891,0.005173766400610257
-25.27037,0.00396705476666168,0.0051782040715191765
-25.26373,0.003971538539462978,0.0051826460343236845
-25.25713,0.003976222676837113,0.005187092490073483
-25.2505,0.003980999509323795,0.005191543531359223
-25.24397,0.003985797679422631,0.005195999179482433
-25.23734,0.003990457283544148,0.005200459295961655
-25.23073,0.003995037251940605,0.005204923801271103
-25.22406,0.003999465888553909,0.005209392543357496
-25.21739,0.004004042588485094,0.005213865670797578
-25.21074,0.004008822590814292,0.005218343387003711
-25.2041,0.004013881788245861,0.0052228259707492565
-25.19745,0.004019001541795566,0.00522731348306081
-25.19081,0.004024005005216245,0.005231805807715284
-25.18417,0.0040286344999783666,0.005236302570279578
-25.17751,0.004032852842085341,0.005240803360028826
-25.17085,0.004036613833017121,0.005245307719636235
-25.16423,0.0040400823074308225,0.005249815356291403
-25.15758,0.004043712280725258,0.005254326431878361
-25.15094,0.004047632203493456,0.00525884123641346
-25.14433,0.004051774017329728,0.00526335999145107
-25.13768,0.0040558231192540034,0.005267882604621963
-25.13103,0.004060531395036929,0.005272409735124301
-25.12436,0.004065220377513455,0.00527694136311565
-25.11772,0.004070239571150392,0.005281477819447405
-25.1111,0.004075527072490429,0.005286019372536365
-25.10443,0.004081207189516988,0.005290566414321946
-25.09778,0.004087130009010396,0.005295119188104166
-25.09113,0.004092784008195637,0.005299677425086983
-25.08446,0.004098049061409887,0.005304240735775703
-25.07777,0.004102946716471954,0.0053088087532002165
-25.07114,0.0041080488880557205,0.005313381682155247
-25.06451,0.00411334256344546,0.005317959713680537
-25.05791,0.004118908260881843,0.005322543120437294
-25.05127,0.0041247398160602095,0.005327132168138348
-25.04462,0.004130798592106697,0.0053317270834984136
-25.03798,0.004136875000683679,0.0053363278847045875
-25.03131,0.004142942313337671,0.00534093456255862
-25.02467,0.004149187587809136,0.005345547294685017
-25.01802,0.004155790066744603,0.005350166438758349
-25.01138,0.004162529716337114,0.005354792132015574
-25.00473,0.004169235729256502,0.005359424340314134
-24.99802,0.004175913196118334,0.005364063035367789
-24.99133,0.004182612338666429,0.00536870823896074
-24.98467,0.0041892142169006235,0.005373359853491199
-24.978,0.004195499906781482,0.005378017563240926
-24.97136,0.004201322731298532,0.005382680905494719
-24.96471,0.0042067863294095445,0.005387349520520561
-24.9581,0.0042118128081651265,0.005392022971878767
-24.95146,0.0042163381838139745,0.005396700758364482
-24.94484,0.0042204478096612135,0.005401382463848084
-24.9382,0.0042242268074099915,0.005406067758129466
-24.9316,0.004227840471784347,0.00541075647606671
-24.92497,0.004231116244199509,0.005415448279178701
-24.91832,0.004233981961882292,0.005420142757838766
-24.9117,0.004236421661981344,0.0054248394861787655
-24.90508,0.0042386622705493345,0.005429538264643632
-24.89841,0.004241034390433411,0.005434239225047519
-24.89179,0.004243726419737321,0.005438942687532591
-24.88518,0.004246566921198711,0.005443648800149233
-24.87856,0.00424939573047506,0.0054483575516749505
-24.87198,0.004251979868782695,0.005453068697629321
-24.86534,0.00425449282294175,0.00545778216611486
-24.85869,0.004256936276219778,0.00546249788810047
-24.85207,0.004259409526532606,0.005467215893531998
-24.84541,0.0042619859101018735,0.00547193628491312
-24.83878,0.004264783531647443,0.005476659284117808
-24.83215,0.004267971209061546,0.005481385281225885
-24.82553,0.004271292762883237,0.005486114409692046
-24.81886,0.004274521508424121,0.005490846577011715
-24.81218,0.004277669978947161,0.0054955817028925266
-24.80551,0.004280995669764386,0.0055003199641332845
-24.79884,0.004284534041048972,0.005505061573925655
-24.79218,0.0042880579306143205,0.005509806517853402
-24.78551,0.004291274029999746,0.005514554487622036
-24.77884,0.004294406526977597,0.005519305400140243
-24.77219,0.004297272096349823,0.005524058988587147
-24.76566,0.0042998784221030175,0.00552881499375189
-24.75902,0.0043019707094000565,0.005533572901652271
-24.7524,0.004303810692888375,0.005538332460090939
-24.74573,0.004305623362706701,0.005543093641085044
-24.73911,0.004307527936123914,0.005547856537255172
-24.73248,0.004309345228739173,0.005552621061303148
-24.72582,0.004311193771797109,0.0055573872438930225
-24.71918,0.0043131402511654175,0.005562155183554155
-24.71253,0.004315309982198139,0.005566925103520972
-24.70589,0.0043173030662480094,0.0055716968267249005
-24.69923,0.004319183093093452,0.005576470240537097
-24.69258,0.00432076004851623,0.005581245041951174
-24.68596,0.00432203128739976,0.005586020924911111
-24.67935,0.004322930854350461,0.005590797518296358
-24.67275,0.004323606930707472,0.005595574598681063
-24.66612,0.0043242421904397055,0.00560035212466287
-24.65956,0.004324934129099789,0.005605130153717753
-24.65295,0.004325862220777092,0.005609908921817517
-24.64633,0.004327204934325615,0.005614688843080447
-24.63966,0.0043289892412018156,0.005619470359405514
-24.63301,0.004331055561119121,0.005624253752911471
-24.62634,0.004333131811880643,0.005629039032985026
-24.61963,0.004335166443976188,0.005633826158354418
-24.61296,0.004337216837736167,0.005638615144968682
-24.60631,0.004339444662972354,0.005643406169878619
-24.59969,0.004341936594743405,0.005648199497823151
-24.59311,0.004344646218855572,0.005652995346681336
-24.58649,0.004347523599873078,0.0056577938835845765
-24.5798,0.004350358099579778,0.005662595065876427
-24.57312,0.0043531926608883645,0.005667398893683163
-24.56644,0.004356045048767497,0.005672205384369274
-24.55977,0.004358973090126502,0.00567701461413887
-24.5531,0.004361922423034714,0.005681826604307384
-24.54643,0.004364896776646875,0.005686641379433467
-24.53975,0.004367837815417551,0.00569145890667153
-24.5331,0.004370577820516399,0.005696278985133497
-24.52644,0.00437293154170059,0.0057011012280328436
-24.51981,0.004375224771912907,0.005705925575509845
-24.51318,0.004377863745007151,0.0057107523733310635
-24.50659,0.004381192488967846,0.0057155823109671915
-24.49997,0.004384732158406778,0.005720415599731629
-24.49335,0.004388314659089975,0.005725252282479242
-24.48666,0.004391991389290364,0.005730092452694597
-24.47995,0.004396232461751621,0.005734936675148778
-24.47325,0.004401042692722176,0.00573978551906465
-24.46661,0.004406153890056985,0.005744639285189032
-24.45996,0.0044115197390844465,0.00574949822864258
-24.45329,0.004417201160984877,0.005754362664941265
-24.44666,0.004423038521894271,0.005759232749723541
-24.44,0.004428639750874258,0.005764108247245825
-24.43343,0.004433660448337222,0.005768988577362542
-24.4267,0.004438404184826351,0.005773873462007088
-24.42001,0.004443145229704805,0.005778762899158122
-24.41338,0.0044480033499217884,0.005783657006155921
-24.40672,0.004452863426131508,0.005788555784374268
-24.40009,0.004457792417945691,0.005793459303358244
-24.39342,0.004463007252459314,0.005798367848813656
-24.38672,0.004468411199140526,0.005803281609270891
-24.38008,0.0044737915949042365,0.005808200561928611
-24.37341,0.004478968565984927,0.005813124503265573
-24.36676,0.004484099068096458,0.0058180533864314555
-24.36011,0.004489419600851385,0.005822987401965712
-24.35347,0.004494927063060698,0.005827926736861421
-24.34682,0.004500501978643998,0.005832871458070505
-24.34018,0.0045060369314838715,0.005837821526178879
-24.33351,0.0045113685060019755,0.005842776737712004
-24.32684,0.0045164728935997624,0.00584773686502168
-24.32021,0.004521409074647541,0.005852701740569592
-24.31354,0.004526465373658592,0.00585767148433775
-24.30689,0.004531683909226207,0.005862646258181189
-24.30026,0.004537035621613909,0.005867626195864878
-24.29361,0.004542234811664038,0.005872611144810367
-24.28697,0.004547142578791393,0.005877600813173291
-24.28034,0.004551708368202489,0.005882594859524049
-24.27368,0.00455599906454739,0.00588759300867383
-24.26704,0.004560135566727069,0.005892595106046796
-24.26039,0.004564396910441489,0.005897601276953033
-24.25375,0.004569003365892761,0.005902611866567499
-24.24713,0.004574081257164777,0.005907627345944203
-24.24049,0.004579491977503136,0.0059126480483410035
-24.23384,0.004585009507338965,0.005917674080551265
-24.2272,0.004590508954228753,0.005922705424070624
-24.22054,0.004596053535568293,0.0059277421244624245
-24.21385,0.004601704061587116,0.0059327842875762414
-24.20718,0.004607451921636738,0.005937832010364392
-24.20058,0.004613370799794262,0.005942885464629621
-24.19392,0.0046196171379107006,0.005947944977618236
-24.18729,0.004626378009689023,0.0059530110635214704
-24.18063,0.004633499653351819,0.005958084083500659
-24.17404,0.004640666491517158,0.005963164083049815
-24.16737,0.004647631667017784,0.0059682508597299665
-24.16068,0.004654569908189967,0.005973344387035869
-24.15399,0.004661651032377408,0.005978444807874166
-24.14732,0.004668757429905771,0.005983552147136318
-24.1407,0.004675494964432623,0.005988666036663693
-24.13405,0.004681878438223159,0.005993786122300965
-24.12743,0.004687799215108433,0.005998911941008409
-24.12087,0.004693236841128459,0.006004043010378168
-24.11427,0.004697824600854468,0.0060091784804100394
-24.10768,0.004701647470776972,0.006014317585792636
-24.10103,0.0047050040164449735,0.006019459860473726
-24.09442,0.004708290048054834,0.006024605234119372
-24.0878,0.004711543092467209,0.00602975367324253
-24.08119,0.004714598593550959,0.006034904980846241
-24.07454,0.004717515631512557,0.006040059018334149
-24.0679,0.004720623144788432,0.006045215975760207
-24.0612,0.004723996855059855,0.00605037611959418
-24.05458,0.0047276463548635355,0.006055539725961613
-24.04796,0.00473136375522875,0.006060706862302557
-24.04134,0.004735206213599151,0.006065877654182047
-24.03471,0.004738940140640066,0.006071051993052997
-24.02806,0.0047425257830850985,0.006076229730092471
-24.02144,0.004745821502579765,0.006081410576001419
-24.01482,0.004748901555480555,0.006086594315136468
-24.00816,0.004751846927739018,0.006091780812200968
-24.00154,0.004754725369688297,0.006096970000927152
-23.99489,0.004757473055312473,0.006102161750465295
-23.98824,0.004760030427245876,0.006107355870041529
-23.9816,0.004762397691593343,0.00611255217009394
-23.97499,0.004764794660171805,0.0061177506804664435
-23.96837,0.004767617867092722,0.006122951826898323
-23.96176,0.004771061502371356,0.0061281562303633205
-23.95512,0.00477487642686912,0.0061333642620575515
-23.9485,0.004778544865896177,0.0061385757751129125
-23.94183,0.0047820779430330085,0.006143790634480517
-23.93515,0.0047855743270408145,0.006149008803451915
-23.92853,0.004789141123244115,0.006154230352211421
-23.92189,0.004792910878411226,0.0061594554841471316
-23.91528,0.004797118846097557,0.006164684637610647
-23.90866,0.004801845810641165,0.006169918331100156
-23.90201,0.004806818143030166,0.006175156810374083
-23.89536,0.004811424298257622,0.006180399709278508
-23.88872,0.004815367420019186,0.006185646364358674
-23.8821,0.004818798326629233,0.006190896263982753
-23.87544,0.004822184112168782,0.006196149362898792
-23.86882,0.0048256896116448495,0.0062014057805149115
-23.86221,0.004829227261975446,0.0062066655495265285
-23.85561,0.004832628783209045,0.006211928533866026
-23.849,0.004835818224440586,0.00621719452095509
-23.84235,0.004838464473508684,0.006222462967953947
-23.83574,0.004840531802600586,0.006227733296119305
-23.8291,0.004841956520249678,0.00623300486226488
-23.82245,0.004842932776585297,0.006238277218397006
-23.81581,0.004843672965923273,0.006243550128510177
-23.80919,0.004844389000260657,0.006248823568066378
-23.80257,0.004845201530894194,0.006254097634067708
-23.79596,0.004845778056256289,0.006259372090570183
-23.78937,0.0048458864185914755,0.006264646469027587
-23.78276,0.004845624977160381,0.006269920400065312
-23.77614,0.0048454490777798155,0.006275193969210198
-23.7695,0.0048458059337184506,0.006280467708681689
-23.76291,0.004846698222432657,0.00628574215460898
-23.75632,0.004848005680543763,0.006291017722184352
-23.7497,0.004849694847594759,0.006296294792542828
-23.74298,0.004851862597190296,0.006301573844391581
-23.73633,0.004854340940549305,0.006306855188614236
-23.72968,0.004856879971819445,0.006312138885439427
-23.72302,0.00485952909666301,0.006317425045428216
-23.71637,0.004862650724213261,0.006322714141144452
-23.70972,0.004866348236839223,0.006328006748014002
-23.70308,0.004870263897733493,0.006333303084728511
-23.69643,0.004873949685035053,0.006338602921399481
-23.68979,0.0048772170148704865,0.00634390583914823
-23.68312,0.0048802714660209105,0.006349211625487632
-23.6765,0.004883177494377735,0.006354520132207453
-23.66988,0.004885965274667946,0.006359831240600433
-23.66321,0.004888696781714572,0.006365144894709205
-23.65656,0.004891600527614868,0.006370461266871392
-23.6499,0.004894843395981135,0.00637578069571266
-23.64323,0.00489840361497379,0.006381103499051002
-23.63657,0.004902106901003613,0.0063864298200143246
-23.6299,0.004905798722681245,0.006391759646641647
-23.62323,0.004909529323338102,0.006397093018217032
-23.61656,0.004913466866257936,0.006402430141705837
-23.60991,0.004917623041875533,0.006407771235357338
-23.60327,0.0049217754741774766,0.00641311629597078
-23.5966,0.00492579742207944,0.006418465192971804
-23.58995,0.004929852079511185,0.0064238179586864645
-23.58328,0.004934066110417342,0.006429174752917838
-23.57665,0.004938152741813003,0.006434535448439789
-23.57008,0.004941880701293865,0.006439899686346938
-23.56343,0.004945236501063768,0.0064452670946836535
-23.55672,0.004948260515234823,0.006450637341462201
-23.55005,0.004950825115043832,0.006456009966959792
-23.54343,0.004952801941422043,0.006461384384095053
-23.53677,0.004954490957136782,0.006466760304930325
-23.53009,0.004956461269889092,0.006472138010229229
-23.52348,0.0049589594670368655,0.006477518028642681
-23.51691,0.004961673479866817,0.006482900576158716
-23.51025,0.0049641368757357566,0.006488285401365157
-23.50362,0.004966433314643032,0.006493672337921541
-23.49698,0.004968807629035437,0.006499061463688853
-23.4903,0.0049715050319517244,0.006504453101147872
-23.48363,0.004974484565124753,0.006509847532970559
-23.47699,0.004977800754076051,0.006515245095947496
-23.47037,0.0049814853626783066,0.00652064615811442
-23.46368,0.0049854912449889205,0.0065260510409884745
-23.457,0.004989554232125269,0.0065314598017347444
-23.45033,0.004993406682654665,0.006536872229395626
-23.44365,0.004997026075718435,0.006542288091380649
-23.43698,0.005000752586693722,0.006547707494867867
-23.4303,0.005004746062453543,0.0065531307063267695
-23.42362,0.005008978092037284,0.006558557964815291
-23.41696,0.0050129963784221205,0.006563989056687384
-23.41032,0.005016726142086075,0.0065694236930363414
-23.40367,0.005020115886392312,0.006574861534309599
-23.397,0.005023418709911257,0.006580302493535139
-23.39032,0.0050266815853752785,0.006585746530269874
-23.38368,0.005029956448548745,0.006591193657153381
-23.37708,0.005033304079491532,0.006596643947124092
-23.37045,0.005037103201334755,0.00660209785110382
-23.36377,0.005041445337001453,0.006607555912425334
-23.3571,0.005046208343806885,0.006613018552019607
-23.35046,0.005050861693643054,0.006618485659882456
-23.34381,0.0050553748308849785,0.006623957096267957
-23.33716,0.005059866049505296,0.006629432839280274
-23.33048,0.005064729995578129,0.0066349132610784714
-23.32384,0.005069912432954576,0.006640398680804694
-23.31722,0.0050752734675314545,0.006645889277152453
-23.31059,0.005080708441671374,0.006651385123566592
-23.30397,0.0050863249540156735,0.006656886402125363
-23.2973,0.005091838737920961,0.0066623930099393115
-23.29062,0.005096913055001659,0.006667904507047221
-23.28395,0.005101477335784807,0.006673420383952884
-23.27728,0.0051058414701057805,0.006678940440532654
-23.27062,0.005110330435508767,0.0066844648011966535
-23.26398,0.0051151226226274285,0.006689993769743074
-23.25736,0.0051200505979267005,0.006695527482055996
-23.25073,0.005124952734360544,0.006701065911802224
-23.24411,0.005129672892404001,0.006706608877542931
-23.23749,0.005134071805014369,0.00671215605805527
-23.23082,0.005137972786303374,0.006717706954767596
-23.2242,0.0051412448222855,0.006723260939420207
-23.21755,0.005144151720978669,0.006728817646788912
-23.21088,0.0051468971913921,0.006734376914915008
-23.20425,0.005149768728055987,0.006739938870513498
-23.19763,0.005152989485306602,0.006745503862863993
-23.19098,0.0051565826386066795,0.006751072263795775
-23.18434,0.00516045708764913,0.006756644355143749
-23.17769,0.005164565697388192,0.00676222037105486
-23.17102,0.0051688119398019886,0.0067678004486317325
-23.16432,0.005173259178575434,0.006773384789264489
-23.15765,0.005178120337739934,0.006778973807005291
-23.15102,0.005183698588520324,0.006784568218633717
-23.14432,0.00519001699818136,0.006790168764557247
-23.13771,0.0051965381781605025,0.006795775647895275
-23.13113,0.005202935512703748,0.00680138874445369
-23.1245,0.005208913189265479,0.006807007634895648
-23.11784,0.005214618265577256,0.006812632046534855
-23.11118,0.0052202694185429326,0.0068182619249908625
-23.10457,0.005225854475986574,0.006823897204851315
-23.09793,0.005231430390633596,0.006829537876887455
-23.09129,0.005236980878913391,0.006835183915215802
-23.08461,0.005242461139343482,0.006840835249966371
-23.07793,0.005247741497934737,0.006846491681260019
-23.07129,0.00525266385319236,0.006852152850780732
-23.06465,0.005257702930895146,0.006857818875753085
-23.05803,0.0052630910186085185,0.006863490105281636
-23.05138,0.0052690642145052985,0.006869167123909533
-23.04472,0.005275430994365379,0.006874850325686837
-23.03815,0.005282036002164125,0.006880539949187646
-23.03148,0.005288767324208473,0.0068862361199096885
-23.02484,0.0052954600187868775,0.006891938799835289
-23.01816,0.005302057603560865,0.0068976478937335575
-23.01149,0.005308438085012264,0.006903363184080363
-23.00482,0.005314202502411725,0.006909084055313603
-22.99817,0.005319263131609177,0.006914809803739334
-22.99155,0.00532358869321054,0.0069205396939406695
-22.98494,0.005327718556895185,0.006926273530757138
-22.97832,0.0053316554993183335,0.006932011121254042
-22.97183,0.005335324495432899,0.006937752197493103
-22.96524,0.005338607887058019,0.006943496374013518
-22.9586,0.005341824573870687,0.006949243583954141
-22.95194,0.00534535642474071,0.006954994141951002
-22.9453,0.005349340075461725,0.006960748500376914
-22.93865,0.005353607121946953,0.006966506942614409
-22.93202,0.005358347405907708,0.006972269941515709
-22.92535,0.0053636999047762925,0.006978038109654644
-22.9187,0.005369507565938712,0.006983811902287229
-22.91209,0.005375355663915408,0.00698959135953613
-22.90546,0.005381880636990225,0.00699537715870654
-22.89885,0.005387474988129346,0.007001168369269954
-22.8922,0.005393034955605521,0.007006964956244087
-22.88559,0.005398507251639261,0.00701276683260076
-22.87894,0.005403998334844935,0.0070185740170074905
-22.87233,0.005409600928112721,0.007024386620659852
-22.86571,0.005415511280332511,0.007030204951782372
-22.85907,0.0054218888031535364,0.007036029477497092
-22.8524,0.0054287153032268635,0.007041860646218772
-22.84576,0.005436000415711799,0.007047698917167112
-22.83905,0.005443487291224592,0.0070535444918799605
-22.8324,0.005450965646478836,0.007059397361593154
-22.82573,0.005458204173389661,0.007065257286908678
-22.81906,0.005465250150609776,0.007071124075299289
-22.81239,0.005472078887385512,0.007076997509068501
-22.80576,0.005478578501727996,0.007082877259735882
-22.79915,0.005484510393407737,0.00708876275967153
-22.79254,0.005489579222020888,0.007094653145356171
-22.78589,0.005493825546371873,0.00710054759464534
-22.77925,0.005497404655075231,0.0071064454403809135
-22.77263,0.005500739583671343,0.00711234643799709
-22.76602,0.005504156113624898,0.0071182506696309275
-22.75949,0.005507817421925544,0.007124158380363943
-22.75288,0.005511889715696262,0.007130069980444372
-22.74625,0.005516347186774814,0.007135985855479766
-22.73955,0.005521148441580188,0.007141906349030612
-22.7329,0.00552624614568082,0.007147831757265789
-22.72627,0.0055316172612225245,0.007153762354167268
-22.71962,0.005537483395739678,0.007159698634706219
-22.71295,0.005543692066132799,0.0071656409408927604
-22.7063,0.005550095943044092,0.007171589468503803
-22.69968,0.005556209732519619,0.007177543927579035
-22.69302,0.005561813872479405,0.007183503807873388
-22.68639,0.005566932891410294,0.00718946862487088
-22.67976,0.005571654185075406,0.007195437980868427
-22.67316,0.005576493544884769,0.007201411993581066
-22.66654,0.005581526256290194,0.007207390856790668
-22.65993,0.005586913417389965,0.0072133749250038876
-22.65331,0.005592352779055646,0.007219364249930744
-22.64668,0.005597950426632498,0.007225358990322316
-22.64005,0.00560365377767513,0.007231359251904218
-22.63338,0.005609528317291186,0.007237365205270416
-22.62671,0.0056156466131059984,0.007243377094677167
-22.62007,0.005622134268602779,0.0072493952896105895
-22.61343,0.005628929624082652,0.007255420097315185
-22.60677,0.00563601012516216,0.007261451803367041
-22.6001,0.0056428271041123225,0.007267490144231604
-22.59346,0.005649279956891797,0.007273534755431322
-22.58684,0.005655070390677165,0.00727958497511618
-22.58022,0.005660612168523389,0.007285640554652302
-22.57358,0.005665893838732489,0.007291701233407468
-22.56696,0.005671115555312627,0.007297766951996813
-22.56033,0.0056763361831075375,0.007303837709319059
-22.55373,0.0056814267821989044,0.007309913374993751
-22.54712,0.0056862222137166515,0.0073159936543182
-22.54048,0.005690604784037848,0.007322078134349758
-22.53383,0.005694650053525975,0.007328166477297917
-22.52718,0.005698478728381177,0.007334258467067527
-22.52051,0.005702086432751116,0.007340353882641388
-22.51389,0.005705629077297693,0.007346452658676677
-22.50726,0.005709053861593955,0.007352554677778026
-22.50064,0.005712407955019665,0.007358659869310972
-22.494,0.005715686455765179,0.007364768157158988
-22.48738,0.005719216801366946,0.0073708797937348325
-22.48079,0.005723165943880249,0.007376995197960332
-22.47418,0.0057274854204588665,0.0073831147396457705
-22.46756,0.005731977212480509,0.007389238591571355
-22.46091,0.005736544854437107,0.0073953668295062384
-22.45429,0.005741287017920973,0.0074014996276197415
-22.44763,0.005746235296264701,0.007407637192388849
-22.44103,0.005751214337160342,0.007413779554803381
-22.43436,0.0057563557213829945,0.007419926876512421
-22.42772,0.005761713730119857,0.007426079374742015
-22.42104,0.005767415829222822,0.007432237393468006
-22.4144,0.005772924846863499,0.007438400739290745
-22.40775,0.005778153147677103,0.007444569131958161
-22.40106,0.0057831736717830215,0.007450742363579279
-22.39441,0.005788376162014928,0.007456920615801912
-22.38774,0.005793721936341773,0.00746310403234087
-22.38112,0.005798921094537922,0.007469292466772221
-22.3745,0.005803748462497887,0.007475485546850982
-22.36787,0.005808366014897358,0.007481683063226189
-22.36125,0.005812750174956945,0.007487884782561399
-22.35463,0.005817045571366826,0.007494090615638282
-22.34801,0.005821152971156482,0.0075003003749586974
-22.34137,0.005825386169220931,0.0075065141862749925
-22.33475,0.005829729625843824,0.00751273215945896
-22.32811,0.005834315368289777,0.007518954537227075
-22.32143,0.005839004600250555,0.007525181422955408
-22.31476,0.00584390247742869,0.00753141302486869
-22.30812,0.005848861289585741,0.007537649404501797
-22.30145,0.005853613025622392,0.00754389035469917
-22.2948,0.005858029640121981,0.007550135539952527
-22.28813,0.005862158371431469,0.007556384672809475
-22.28146,0.005866307838385404,0.007562637774027686
-22.27484,0.005870314652812794,0.007568894700668974
-22.26837,0.0058741907821701165,0.007575155323051745
-22.26175,0.00587795987751042,0.0075814195336581245
-22.25508,0.005881574204117847,0.007587687177096764
-22.24841,0.005884979578067296,0.007593958044913189
-22.24179,0.00588794205811496,0.007600231694403571
-22.23511,0.005890714050848044,0.007606507934424738
-22.22841,0.005893685904792008,0.007612786965268868
-22.22182,0.005897023316694074,0.007619069152885158
-22.2152,0.005900786260047952,0.0076253549222501165
-22.20856,0.0059045864747478876,0.007631644311065846
-22.20194,0.0059084720409289596,0.0076379374047726755
-22.19533,0.0059123330967421105,0.0076442341784395814
-22.18869,0.005916132029166704,0.007650534570340443
-22.18205,0.005920064696863693,0.007656838714232365
-22.17539,0.005924260792139,0.007663146873022081
-22.16875,0.005929117455369578,0.007669459707842107
-22.16211,0.005934425401068855,0.007675777669996731
-22.15547,0.005940223502863352,0.007682101249188117
-22.14874,0.0059462949975796296,0.007688430719006629
-22.14208,0.005952440007997798,0.007694766153223419
-22.13541,0.005958488641589808,0.007701107454974564
-22.12875,0.00596439229713381,0.007707454479812901
-22.1221,0.0059700346795636535,0.007713806966520452
-22.11543,0.005975297961254111,0.007720164535476214
-22.10881,0.005980093861528958,0.007726526719962438
-22.10213,0.005984582686386427,0.00773289321272611
-22.09549,0.005988843900973,0.007739263785836169
-22.08885,0.005992882270022386,0.007745638216944362
-22.08234,0.005996687097729607,0.007752016272962158
-22.07571,0.006000227883329242,0.0077583976889956255
-22.06903,0.006003896042226269,0.007764782592749607
-22.06235,0.0060079587978178976,0.007771171378842692
-22.0557,0.006012541206735934,0.007777564566574011
-22.04906,0.006017402088158754,0.007783962434946257
-22.0424,0.006022423583956938,0.007790365144529445
-22.03572,0.006027404804377509,0.0077967726545286956
-22.02907,0.006032242349541873,0.007803184821864913
-22.02245,0.006036650796498648,0.007809601217560601
-22.01579,0.006040827624114417,0.007816021609411007
-22.00916,0.006044882050574573,0.007822445875610796
-22.00252,0.006049139950863492,0.007828874219622523
-21.99588,0.006053323478453725,0.007835306566620097
-21.98924,0.006057347805824143,0.00784174275790009
-21.98261,0.006061033866430823,0.007848182455250298
-21.97595,0.00606462995760758,0.007854625568149358
-21.96927,0.006068213897634275,0.007861072084877227
-21.9626,0.006071833202010706,0.007867522040852884
-21.95593,0.006075624883351332,0.00787397560800015
-21.9493,0.0060798374100270655,0.007880433207792189
-21.94264,0.006084357924031534,0.007886895148139663
-21.93602,0.006089052794690005,0.007893361603077076
-21.92938,0.006093700162661391,0.00789983252553272
-21.92279,0.006098307383858479,0.007906307875544978
-21.91612,0.006102814879072981,0.007912787552673073
-21.90947,0.006107284058367798,0.007919271519162935
-21.9028,0.006111977083567469,0.007925759998816838
-21.89616,0.006117062213270754,0.00793225338338422
-21.88951,0.006122565183573505,0.007938752091169381
-21.88284,0.006128165070130712,0.007945256219045039
-21.87621,0.006133601080855628,0.007951765602812768
-21.86954,0.006138967330588199,0.00795828017307754
-21.8629,0.0061443838629708075,0.007964799980241306
-21.85625,0.006149964844765569,0.007971325188268045
-21.84961,0.006155795551996195,0.007977856047411835
-21.84296,0.00616173771428378,0.007984392669116833
-21.83627,0.006167737033570793,0.007990935109957385
-21.82964,0.006173460696977765,0.007997483094968451
-21.82298,0.006178893510330335,0.00800403633322424
-21.81636,0.006184085144657781,0.008010594583222617
-21.80974,0.0061890754833715264,0.008017157644163816
-21.8031,0.006194021965172963,0.008023725472147662
-21.79645,0.006198647276773349,0.008030297745518887
-21.78986,0.0062028846114254915,0.008036874076990363
-21.7832,0.006206653297537304,0.008043453997708734
-21.77658,0.006209941855711935,0.00805003702722264
-21.76993,0.0062130066853204775,0.008056622942202352
-21.76335,0.006215997552551032,0.008063211668932811
-21.75673,0.0062191865650163105,0.0080698034049775
-21.75009,0.006222954383670534,0.008076398729573737
-21.74344,0.0062271784711189345,0.008082998098979617
-21.7368,0.006231659486071925,0.008089601769702335
-21.7301,0.006235872887587114,0.008096209474431038
-21.72345,0.006240130712489806,0.00810282125777152
-21.71678,0.00624481258052758,0.008109437543250254
-21.71021,0.006249903554873978,0.00811605874079012
-21.70363,0.0062552395383950665,0.008122685095389418
-21.69696,0.006260440102590694,0.00812931647088762
-21.69031,0.0062652859754752125,0.008135952513152961
-21.68364,0.0062695607443953,0.008142592651038914
-21.67699,0.0062730453479246185,0.008149236093991891
-21.67032,0.0062761171144924905,0.008155882429606236
-21.66373,0.0062794107935669075,0.008162531880071771
-21.65712,0.006283578260297303,0.00816918531865981
-21.6505,0.0062886548002735266,0.008175843654906693
-21.64381,0.006294176772926839,0.008182507334043044
-21.63715,0.0062999634211304825,0.008189176620388094
-21.63051,0.006305845253237628,0.008195851609684631
-21.62384,0.006311949654034273,0.008202532524427174
-21.6172,0.0063184942882719974,0.008209219804492674
-21.61057,0.006325526927323584,0.008215913938412723
-21.6039,0.006332935980937742,0.00822261530249602
-21.59726,0.006340384602525303,0.008229323935953953
-21.59062,0.006347618000350347,0.008236039624057617
-21.58397,0.006354133532259378,0.008242761648930723
-21.57733,0.006359725329906653,0.008249489086418786
-21.57068,0.006364483515192125,0.008256221103372494
-21.56403,0.0063689110730128055,0.008262957369185786
-21.55742,0.006373154353900398,0.008269697699256534
-21.55086,0.0063774805515012245,0.008276442177154278
-21.54424,0.0063818310608018975,0.008283190827021952
-21.5376,0.006386204687686322,0.008289943671461974
-21.53093,0.006390340837027687,0.008296700473396567
-21.52429,0.006394183301055598,0.00830346093925661
-21.51764,0.006397698458701374,0.008310224741252363
-21.511,0.00640132246837273,0.008316991988761907
-21.50438,0.006405178833871059,0.008323762914225435
-21.49777,0.006409305695501892,0.008330537787718792
-21.49115,0.006413463010564144,0.00833731664015818
-21.48453,0.006417746200247792,0.008344099597439456
-21.47788,0.0064218343826194495,0.00835088646400922
-21.47124,0.006425673412313346,0.008357676991240542
-21.4646,0.0064292523774613294,0.008364470919090167
-21.45796,0.006432946852211179,0.008371268362616107
-21.45133,0.006436876403526875,0.008378069557420485
-21.44476,0.006440998284941366,0.00838487469604279
-21.4381,0.0064454270442216,0.008391684084627041
-21.43144,0.006450160353420725,0.00839849802821732
-21.42482,0.006455344313153486,0.008405316977610707
-21.41817,0.0064608663574210155,0.00841214127034635
-21.41153,0.006466644232841337,0.008418971162780692
-21.40489,0.006472849300143619,0.008425807082126867
-21.39826,0.006479443594677275,0.008432649417191936
-21.39156,0.006486443376746908,0.00843949857373882
-21.38489,0.006493493131380778,0.008446354601855114
-21.37825,0.006500196795335425,0.008453217155092443
-21.37155,0.006506373854690643,0.008460085707153073
-21.36495,0.006511903768371762,0.008466959611224139
-21.35828,0.006517180383130091,0.008473838613337477
-21.35162,0.006522306119449067,0.008480722563139566
-21.34514,0.006527336235956983,0.008487611365591338
-21.33853,0.006532411202459795,0.00849450506468718
-21.33186,0.0065376398209911245,0.008501403814386351
-21.3252,0.00654314877469076,0.008508307895076343
-21.31857,0.00654866943906714,0.008515217318109796
-21.31194,0.006554262951140414,0.00852213215682789
-21.30525,0.00656037102956765,0.008529052925632278
-21.29857,0.006567288453907578,0.008535980433448954
-21.2919,0.00657455238278796,0.008542915027306952
-21.28523,0.0065813460595356334,0.008549856236975408
-21.27858,0.006587394079843353,0.008556803316408792
-21.27191,0.006593128414790043,0.00856375595235334
-21.26526,0.006598660088584538,0.008570713942230876
-21.25873,0.006603935392313036,0.008577677029590553
-21.25217,0.006608868574392085,0.008584644872711072
-21.24561,0.006613717166906053,0.008591617387023702
-21.23901,0.006618685645140809,0.008598594691839856
-21.23235,0.006623737582118049,0.008605576870926637
-21.22568,0.006628648330198066,0.008612563783085586
-21.21903,0.006633465260797194,0.008619555334109996
-21.2124,0.0066384262165598085,0.008626551668579537
-21.20575,0.00664367955605124,0.008633553078837604
-21.19908,0.006649046816948102,0.008640559678293549
-21.19244,0.006654376563426993,0.008647571430017984
-21.18582,0.006659720862430793,0.008654588348645801
-21.17917,0.006665122480399987,0.008661610490953353
-21.17252,0.00667065286935767,0.00866863798620451
-21.16585,0.00667636348109215,0.008675671014581983
-21.15921,0.006682358755289721,0.008682709860389447
-21.15254,0.006688662953142731,0.008689754832951658
-21.14592,0.006695277233893091,0.008696806242525336
-21.1393,0.00670206234834195,0.00870386425949357
-21.13265,0.0067089463211419285,0.008710928983115806
-21.12599,0.006715898919219696,0.00871800048200792
-21.11934,0.0067229179070484694,0.008725078822139727
-21.1127,0.006729779150905125,0.00873216384629029
-21.10608,0.006736437908183948,0.008739255352054902
-21.09943,0.006742866968410632,0.008746353109194822
-21.09277,0.006749060279824094,0.008753456882423348
-21.08615,0.0067549194772292,0.008760566337769029
-21.07951,0.006760577658900108,0.00876768127370502
-21.07286,0.006766231013223195,0.008774801685866009
-21.06619,0.006771833626842063,0.0087819275234717
-21.05956,0.006777168833243142,0.00878905851878589
-21.05289,0.0067820709616367705,0.008796194239101702
-21.04625,0.006786666634768009,0.00880333437807574
-21.03961,0.006791167536886611,0.008810478840486788
-21.03307,0.006795670140580041,0.00881762762883082
-21.02644,0.006800069144967773,0.008824780639257297
-21.01982,0.006804297103469347,0.00883193770030034
-21.0132,0.00680845107865777,0.008839098738468651
-21.00656,0.006812554505454883,0.008846263703174416
-20.99994,0.006816592373336569,0.008853432528468909
-20.99332,0.006820744994875347,0.008860605329597704
-20.98665,0.0068251667990225605,0.008867782375613795
-20.97997,0.006829772842098835,0.008874963850276132
-20.97333,0.006834419022445393,0.008882149794334264
-20.96666,0.006838923189455355,0.008889340065705655
-20.96001,0.006843194088711336,0.008896534430732761
-20.9534,0.006847365430872294,0.008903732790470341
-20.94681,0.006851865841304088,0.008910935474067443
-20.94017,0.006856932298695176,0.008918143046971121
-20.93358,0.006862472522092951,0.00892535598358884
-20.92696,0.006868066257358333,0.008932574337363386
-20.92032,0.0068736478483524144,0.00893979809564077
-20.91362,0.006879068027401754,0.008947027097321281
-20.90697,0.006884336899079262,0.008954261191268032
-20.90035,0.006889226480471868,0.008961499997830613
-20.89372,0.006893901830119838,0.008968743303238878
-20.88706,0.00689858886472741,0.008975991119109142
-20.88042,0.006903377928161385,0.008983243547080239
-20.87381,0.006907731745045618,0.0089905001524864
-20.86728,0.006911252031870539,0.008997760102056477
-20.86061,0.0069140203178015905,0.009005022642923024
-20.85396,0.006916709084785346,0.009012287696118003
-20.84735,0.006919686117031034,0.009019555550046411
-20.84073,0.0069232033038410315,0.009026826744383454
-20.83411,0.006927142245498119,0.009034101701375145
-20.82748,0.006931645474171444,0.009041380985299583
-20.82079,0.006936755419070222,0.009048665202245607
-20.81412,0.006942406676828336,0.00905595489407665
-20.80745,0.006948364336160767,0.0090632503672152
-20.80081,0.006954612804080398,0.009070551912109303
-20.79416,0.006960974986247957,0.009077859642934678
-20.78752,0.006967113802790576,0.009085173336376085
-20.78091,0.00697339686288036,0.009092493136316325
-20.77431,0.006978657728891283,0.009099818021081679
-20.76772,0.006984065101203353,0.009107148137228585
-20.76115,0.006989525511243003,0.009114483537404263
-20.75458,0.006994723649238449,0.00912182395982728
-20.74793,0.0069994421923721545,0.00912916892468771
-20.74126,0.007003653534715278,0.009136517924276714
-20.73459,0.0070074633115617315,0.009143870557519673
-20.72792,0.0070112238601899085,0.009151226775209218
-20.7213,0.0070153462081956825,0.009158586938842556
-20.71466,0.00702011870694307,0.009165951699002308
-20.70801,0.0070251968520754614,0.009173321361326255
-20.70139,0.007030119497587458,0.009180695769953685
-20.69472,0.007034895576411147,0.009188074778661893
-20.68807,0.007039860540443111,0.009195458576415487
-20.68144,0.007045359518966617,0.0092028476968385
-20.67484,0.007051406717778744,0.009210242688729416
-20.66818,0.007057972371480315,0.009217644070388296
-20.66151,0.007064923612374737,0.009225052226924229
-20.65485,0.00707221254829372,0.009232467496551926
-20.64822,0.007079641851315002,0.00923989001974679
-20.64157,0.007087163319037129,0.009247319888166267
-20.63492,0.007094784860364199,0.00925475720237429
-20.62831,0.007102603056670662,0.00926220215916305
-20.62164,0.007110517904614209,0.009269654854560603
-20.61501,0.007118319223369472,0.009277115175644423
-20.60838,0.007125799239577394,0.009284582801132592
-20.60172,0.00713292496565422,0.009292057376199012
-20.59503,0.007139807654657926,0.009299538658209684
-20.58836,0.007146628109257108,0.009307026585009063
-20.58174,0.007153398737859072,0.009314521106467558
-20.57509,0.007160121405563737,0.009322022175027263
-20.56847,0.007166831230556282,0.009329529777953028
-20.56183,0.007173424326707123,0.009337043798009412
-20.55516,0.007179920742717604,0.009344564138919403
-20.54855,0.007186343515590106,0.00935209072723406
-20.54202,0.007192996866333753,0.009359623793313716
-20.53543,0.0071998371510183954,0.009367163524408495
-20.52884,0.007206822875761777,0.009374710065978883
-20.52217,0.0072138900692390595,0.009382263498814212
-20.51547,0.0072209997602621185,0.009389823865815399
-20.50879,0.007228061166180054,0.009397391118775751
-20.50214,0.007235259470875907,0.009404965394232105
-20.49548,0.00724277985424606,0.009412547014724042
-20.48882,0.00725077261732818,0.009420136452651919
-20.48218,0.007258901542743811,0.009427733843787232
-20.47553,0.007267081015957971,0.009435339239138607
-20.46887,0.00727508502014124,0.009442952463228911
-20.46224,0.007283170125024564,0.009450573596796647
-20.45561,0.0072912716070607135,0.009458202656708383
-20.44899,0.007299184984626844,0.009465839454908802
-20.44234,0.007306563599890902,0.009473483456101408
-20.43568,0.007313512870547495,0.009481134231402373
-20.42903,0.007319836001457388,0.00948879115472115
-20.42239,0.007325724488203165,0.009496453790994001
-20.41585,0.007331371531693773,0.009504121899552494
-20.40924,0.007337347417952324,0.009511795809059797
-20.40263,0.007343388837203509,0.009519475584600676
-20.39609,0.0073491730775124475,0.00952716096968478
-20.38942,0.007354510540329465,0.009534851517184455
-20.38274,0.007359690479812417,0.009542547069099953
-20.37605,0.0073651506737663795,0.009550247906146513
-20.36945,0.007371220709196524,0.009557954638442173
-20.36285,0.007378107016671295,0.00956566808181085
-20.35622,0.007385974164322492,0.009573389217496368
-20.34956,0.007394526695407766,0.009581118730817469
-20.34293,0.007403208866191402,0.009588856751051084
-20.33626,0.007411522569583282,0.0095966029101053
-20.32959,0.0074194183743858805,0.009604356790102091
-20.32297,0.007427160215395156,0.009612118236771465
-20.31633,0.007434680935515228,0.009619887029424675
-20.30971,0.007442042273692978,0.009627663008756773
-20.30306,0.007449140483246065,0.009635445911106506
-20.29643,0.007456214734039167,0.00964323571306033
-20.28983,0.007463019159837696,0.00965103214489831
-20.28322,0.007469443728268399,0.009658834826287013
-20.27666,0.0074753183887049015,0.009666643207947877
-20.2701,0.007480949300176068,0.009674457046152076
-20.26347,0.0074867246261484865,0.009682276484669114
-20.25688,0.007492977490718249,0.009690102001638601
-20.25028,0.007499666573645716,0.009697934033271016
-20.24365,0.007506648289705631,0.009705772871667455
-20.23703,0.007513674890370605,0.009713618562228993
-20.23036,0.007520704485852926,0.009721471107830455
-20.22371,0.007527515985592056,0.009729330289984761
-20.21709,0.007534068162851025,0.009737195849941881
-20.21043,0.007540339369917843,0.009745067506639895
-20.20381,0.007546491074737751,0.009752945140241123
-20.19717,0.007552512285336606,0.009760828620683568
-20.19052,0.00755798382497361,0.009768717398288674
-20.1839,0.007562939699289775,0.00977661095702757
-20.17728,0.007567475003643985,0.009784508876818374
-20.17067,0.00757204515983992,0.009792411192561114
-20.16409,0.007576641156402158,0.009800317929732374
-20.1575,0.007581475309657593,0.009808229326948826
-20.15083,0.007586546685364183,0.009816145621230253
-20.14421,0.00759192267164637,0.009824067116879241
-20.13759,0.007597585893313393,0.00983199410161907
-20.13097,0.007603630087480338,0.009839926956442487
-20.12427,0.007609907952614246,0.009847865914350913
-20.11763,0.007616497565577717,0.009855811287746857
-20.11101,0.007623184860084939,0.009863763174387663
-20.10437,0.007630033265434596,0.0098717217348815
-20.09769,0.007636673608123294,0.009879686761542624
-20.09114,0.007643044181232418,0.009887657984981946
-20.08452,0.0076488236446905075,0.009895634813448666
-20.07787,0.007654215536237723,0.009903616859775503
-20.07124,0.007659254476137131,0.009911603771086415
-20.06464,0.007664173586796751,0.00991959542718799
-20.05801,0.0076689548974996765,0.009927591690684894
-20.05139,0.00767377793876205,0.009935592603355513
-20.04472,0.007678614676845015,0.009943598178311773
-20.03806,0.007683475678352004,0.009951608440332257
-20.03139,0.0076882384543040016,0.009959623291184197
-20.02475,0.007693200336274196,0.009967642929609392
-20.0181,0.007698559462210582,0.009975667753311709
-20.01148,0.007704488293145641,0.009983698332098886
-20.00482,0.00771072241461844,0.009991734970704685
-19.99822,0.007717240307013192,0.00999977795355213
-19.99156,0.007723788236382756,0.010007827310533669
-19.98492,0.007730236398300969,0.010015882941489999
-19.9783,0.007736439057708957,0.01002394460146063
-19.97165,0.007742528228598348,0.010032012176895037
-19.96503,0.007748705419801298,0.010040085755448971
-19.95841,0.007755120829291393,0.010048165575827783
-19.95184,0.007761698142299529,0.010056251800091773
-19.94527,0.007768534634560506,0.01006434468697332
-19.93863,0.007775666995018123,0.010072444532636341
-19.93196,0.0077828728003337105,0.010080551410464041
-19.92528,0.007789748300066412,0.010088664989677112
-19.91858,0.00779597407180882,0.010096784620980157
-19.9119,0.007801688012279728,0.01010490979261674
-19.90523,0.007807177053919276,0.010113040279268874
-19.89867,0.007812752237989,0.010121176167865068
-19.89209,0.007818318585040073,0.01012931744953383
-19.88551,0.007823548661257725,0.010137463787557685
-19.87892,0.007828393156154757,0.010145614796814724
-19.8723,0.007832833630412747,0.010153770073222906
-19.86563,0.007837370830955414,0.01016192971292654
-19.85899,0.007842425091757296,0.010170094233553932
-19.85242,0.007848279420697551,0.010178264435382847
-19.84578,0.007854851896908455,0.010186441035924622
-19.83913,0.007861917720026998,0.010194624528985707
-19.83244,0.007869339993148022,0.010202815270928174
-19.82578,0.007876905422285871,0.010211013404542975
-19.81915,0.007884579145121333,0.010219219038691317
-19.81249,0.007892596009945366,0.010227432516454355
-19.80582,0.007900746374966773,0.01023565397085922
-19.79918,0.007908873501529117,0.010243883379234752
-19.79256,0.007916309249687666,0.010252120050276469
-19.78594,0.007922972974687904,0.010260363211515026
-19.77925,0.007928998246769266,0.010268612224795562
-19.77264,0.007934806847296378,0.01027686687368169
-19.76598,0.007940400651323416,0.010285126942796513
-19.75935,0.007945667204875663,0.01029339210545633
-19.75273,0.007950532736703089,0.010301661960686251
-19.74611,0.007955186945889517,0.010309936296717582
-19.73949,0.007959636537966256,0.01031821490941926
-19.73288,0.007964190044035755,0.01032649790275202
-19.72624,0.007969083440065463,0.010334785616079558
-19.71964,0.0079746598906198,0.010343078733049337
-19.71301,0.007980849042464795,0.010351377866302412
-19.70635,0.007987516103918192,0.010359683493222416
-19.69972,0.007994478123991445,0.010367995909334002
-19.69307,0.008001825142157108,0.010376315499601928
-19.68639,0.008009594557225384,0.010384642685897408
-19.67972,0.008017691974797767,0.010392977796735552
-19.67305,0.008026037311420408,0.01040132108005552
-19.6664,0.00803467000538785,0.010409672822822206
-19.65978,0.00804365954766833,0.010418033382449432
-19.65312,0.008052707601334846,0.010426402817362278
-19.6465,0.008061450006630918,0.010434780821572934
-19.63985,0.008069702199791145,0.010443166905275289
-19.63318,0.008077399421148043,0.01045156051346454
-19.62654,0.00808475598199629,0.010459961305114144
-19.61992,0.008091833195540039,0.010468369001415302
-19.6133,0.008098923458656366,0.010476783615437487
-19.60664,0.008106069073013205,0.01048520520198058
-19.60007,0.00811325098631933,0.010493633798066858
-19.59345,0.008120228433467673,0.010502069199117857
-19.58684,0.008126753567782289,0.010510510952401587
-19.58022,0.008132907729864365,0.01051895868740473
-19.57361,0.008138889272591175,0.01052741223155415
-19.56697,0.008144726693304023,0.010535871440203315
-19.56036,0.008150465290590355,0.010544336215093049
-19.55374,0.008156064501790518,0.010552806416830781
-19.54706,0.008161779954046834,0.010561282161054456
-19.54039,0.008167616161117563,0.01056976356903049
-19.53381,0.00817358905412866,0.010578250777701081
-19.52721,0.00817985343187706,0.01058674407805301
-19.52055,0.008186640941712843,0.010595243993546053
-19.5139,0.008194070292069377,0.010603751166066893
-19.5072,0.008201837159536743,0.010612265932556545
-19.50058,0.008209667209315269,0.01062078835689186
-19.49396,0.00821759992498708,0.010629318541758548
-19.48731,0.008225436682703433,0.010637856390675035
-19.48064,0.008233060634695828,0.010646401691268336
-19.474,0.008240258038212253,0.010654954017088233
-19.46736,0.008247216755773565,0.010663513129003679
-19.46074,0.008254117336932498,0.010672078969415235
-19.45427,0.008260924053713297,0.010680651444868992
-19.44771,0.008267610134009541,0.010689230434048604
-19.44104,0.008274222241011294,0.010697815863179125
-19.43436,0.008281074350191493,0.010706407972256683
-19.4277,0.008288261730436062,0.010715007096159464
-19.42104,0.008295762008554225,0.010723613548270073
-19.41444,0.00830370699906628,0.010732227773476459
-19.40784,0.008312144315110946,0.010740850263659113
-19.40117,0.008320903272053315,0.010749481340762004
-19.39447,0.00832963160507921,0.010758120974103443
-19.3878,0.00833832327134366,0.010766769126649665
-19.38117,0.008346992525034413,0.010775425776576112
-19.37453,0.00835558430661435,0.010784090846404595
-19.36792,0.008363925754390454,0.010792764085434012
-19.36125,0.008372155139909278,0.01080144538193154
-19.35457,0.008380293322114705,0.010810134644687962
-19.34792,0.008388112338424836,0.010818831554170127
-19.34128,0.008395445191479634,0.010827535624724872
-19.33464,0.00840243266523571,0.010836246510992667
-19.32802,0.008409445029805177,0.010844964237471128
-19.32141,0.00841676386801592,0.010853689111143738
-19.31484,0.008424291447812317,0.010862421340874503
-19.30826,0.008431924439029518,0.01087116103160435
-19.30165,0.008439482034947961,0.010879908108344922
-19.29503,0.008446886544930417,0.01088866241800429
-19.28838,0.008453857697100378,0.010897423526703181
-19.28174,0.008460377470555436,0.010906190983572544
-19.2751,0.008466862100642939,0.010914964753488748
-19.26846,0.008473769762440127,0.01092374525903904
-19.26186,0.008481164957788941,0.010932532988343131
-19.25523,0.00848887404648087,0.01094132825523733
-19.24864,0.008496540493668426,0.010950131016737792
-19.24202,0.008504062699162759,0.010958941129009987
-19.2354,0.00851129488151956,0.01096775830205041
-19.22875,0.00851814212519713,0.010976582150399572
-19.22212,0.008524607796587527,0.010985412293019883
-19.21549,0.008530859342394836,0.010994248515805416
-19.20885,0.008537223223060648,0.011003090930621306
-19.20227,0.008543772997138824,0.01101193972399706
-19.19566,0.008550361239596672,0.011020794934344366
-19.18904,0.008556772660223345,0.011029656384371719
-19.1824,0.008563020096067332,0.011038523910527134
-19.17574,0.008569306730278954,0.011047397551977967
-19.16907,0.008575568008009836,0.011056277282898345
-19.16243,0.008581951064520763,0.01106516322562654
-19.15578,0.008588573572376934,0.011074055619608263
-19.14914,0.008595447364430702,0.011082954715708939
-19.14249,0.008602261093603328,0.011091860454323822
-19.13586,0.008608759026876111,0.011100772519727159
-19.12921,0.00861501759381171,0.011109690672058125
-19.12257,0.008621293283088964,0.0111186149289476
-19.11606,0.008627598266668174,0.011127545320036939
-19.10951,0.00863386200296989,0.011136481803533797
-19.10284,0.008639885904663702,0.01114542413978464
-19.09616,0.008645819025115796,0.011154372238002797
-19.08952,0.008651654780255478,0.011163326000479683
-19.0829,0.00865750842263644,0.01117228544563587
-19.07628,0.00866349210254791,0.011181250703528416
-19.06966,0.00866949933396198,0.011190221797264935
-19.06299,0.00867536811252976,0.011199198588750276
-19.05634,0.008680742648186255,0.011208180583811287
-19.0497,0.008685921505173994,0.011217167586350595
-19.04311,0.008691141112987355,0.011226159637726978
-19.03658,0.008696611992040155,0.011235156989381002
-19.03001,0.00870216545584306,0.011244159723353473
-19.02341,0.008707829461265767,0.011253167950593768
-19.01674,0.008713535914512748,0.01126218171339458
-19.01009,0.008719198650969304,0.011271200967645426
-19.0034,0.008724819962719873,0.011280225672304777
-18.99677,0.008730609957539557,0.011289255996224738
-18.9901,0.008736661127595599,0.011298292200037455
-18.98343,0.008742900496127819,0.01130733447242418
-18.97679,0.008748928365135274,0.011316382601979529
-18.97014,0.008754930937398242,0.011325436562938426
-18.96353,0.008760904737512856,0.011334496327110557
-18.95691,0.008766925266003523,0.011343561941218924
-18.95033,0.00877251882923383,0.01135263297795384
-18.94371,0.008777576392605797,0.011361708901698724
-18.93707,0.00878221295661329,0.011370789291424176
-18.93041,0.008786679413951698,0.0113798739765307
-18.92378,0.008791350077033175,0.011388963161780624
-18.91718,0.008796372695521595,0.011398057199222872
-18.91057,0.008801926404752986,0.011407156619480068
-18.90398,0.008807930659060421,0.011416261873628807
-18.89735,0.008814219756370175,0.011425373246432856
-18.89072,0.00882007229262846,0.011434490300887869
-18.88406,0.008826124435490528,0.011443613237008831
-18.87743,0.008832377229105627,0.011452742255539787
-18.87077,0.008838932781498004,0.011461877658722575
-18.86418,0.008845653964382033,0.011471019612841771
-18.85759,0.00885258723165829,0.011480168330001053
-18.85094,0.008859704241409975,0.01148932399335247
-18.84433,0.008867053238540234,0.011498486835463501
-18.83772,0.008874703437546852,0.011507657157555359
-18.8311,0.008882657606215321,0.011516835263130068
-18.82449,0.00889098554811859,0.011526021526467208
-18.81784,0.008899796866293308,0.011535216430864617
-18.81113,0.008908887695328962,0.011544420255243647
-18.80449,0.008918239886611005,0.011553633261619489
-18.79788,0.008927545260746461,0.011562855403267574
-18.79121,0.008937150619912442,0.011572086979583654
-18.78455,0.00894688247431348,0.011581328117569194
-18.77792,0.008956670380375164,0.011590578873368344
-18.77127,0.00896626037384668,0.01159983904857695
-18.76466,0.00897544406233462,0.01160910823746898
-18.75804,0.008984193920083072,0.011618386006208691
-18.75142,0.008992569178308428,0.011627671979753678
-18.74483,0.00900064046994189,0.011636965854691657
-18.73821,0.009008907539291578,0.011646267826746822
-18.73155,0.009017414296332845,0.011655578135067148
-18.72493,0.009026426985182062,0.011664897286162853
-18.71828,0.009035374758104342,0.011674225215064723
-18.71166,0.009044135388949555,0.011683561734260554
-18.705,0.009052634874939106,0.011692906582990204
-18.6984,0.009060987122038254,0.011702259614179054
-18.69174,0.009069330674662927,0.01171162081854511
-18.6851,0.009077561607709965,0.01172099008399841
-18.67848,0.009085539552300294,0.011730367157618018
-18.67186,0.009093033566444357,0.01173975155503086
-18.66524,0.009099837881055497,0.011749142587018573
-18.65857,0.009106075752265009,0.011758539687036789
-18.65195,0.009111977630602657,0.011767942518770376
-18.64529,0.009117940848593289,0.011777351143944022
-18.63872,0.009124163739689427,0.011786765822466167
-18.63207,0.009130643853893155,0.011796186810925414
-18.62543,0.009137353428988634,0.011805614339287717
-18.61879,0.009144206158815183,0.011815048550727096
-18.61217,0.009151302984920142,0.011824489688945315
-18.60552,0.009158756300091433,0.011833938110840608
-18.59888,0.009166764407011812,0.011843394371247934
-18.59222,0.009174903827709285,0.011852858600990994
-18.58556,0.009183134715922438,0.011862330892018253
-18.57893,0.00919124372108088,0.011871811122537535
-18.57228,0.009199593577263677,0.011881299532909916
-18.56566,0.009208126166147176,0.011890796306420372
-18.55913,0.009216822181129439,0.011900301606728385
-18.55245,0.009225564186790524,0.011909815479025343
-18.54576,0.009234328331921629,0.011919337945907783
-18.53908,0.009242996444820059,0.011928868911386628
-18.53244,0.009251464840229564,0.011938408175397331
-18.52582,0.009259622259146194,0.011947955427491452
-18.51923,0.009267815328066545,0.011957510703409262
-18.51262,0.009275920558678851,0.011967073914822858
-18.506,0.009284191732082928,0.011976645228131794
-18.49937,0.009292331219707368,0.011986224511645785
-18.49275,0.00930039202386554,0.01199581168626297
-18.48613,0.009308065196630744,0.01200540636483233
-18.47952,0.009315389326959134,0.01201500819835417
-18.4729,0.009322475962462426,0.012024616948868042
-18.46629,0.009329750657229418,0.012034232804937067
-18.45967,0.009337448011109506,0.012043856189215897
-18.45305,0.009345490166408583,0.012053487446064005
-18.44644,0.009353699724540386,0.01206312674338795
-18.43988,0.009361898584133613,0.012072774070625803
-18.43324,0.009369881894766934,0.012082429211598609
-18.42659,0.009377654839705277,0.012092091956397372
-18.42006,0.009385128442476048,0.012101762005980616
-18.41345,0.009392653332524988,0.012111439411005977
-18.40686,0.009400059170665302,0.01212112405294839
-18.40025,0.009407278037287073,0.0121308157448085
-18.39356,0.009413830177591209,0.012140513819231064
-18.38696,0.009419591868773216,0.012150217486457511
-18.38034,0.009424811246613799,0.012159926204146784
-18.37378,0.009429881019898537,0.012169639822392705
-18.36716,0.009435099315416298,0.012179358490057189
-18.36054,0.0094404264460611,0.012189082315994419
-18.35393,0.009445422372467887,0.012198810968581827
-18.34726,0.00945006779617558,0.01220854409765676
-18.34059,0.00945425477350715,0.012218281244792047
-18.334,0.009458635615135005,0.012228022603596561
-18.32735,0.00946365023756756,0.012237768808191295
-18.32083,0.009469651730242966,0.012247520845767414
-18.31424,0.00947670991493337,0.012257279772412713
-18.30759,0.009484408311255623,0.012267046228679215
-18.30095,0.009492475649824528,0.012276820583551446
-18.29428,0.009500816629812505,0.01228660311016
-18.28764,0.009509421982398547,0.01229639407342653
-18.28099,0.009518531194394142,0.0123061939772064
-18.27431,0.009528023185447723,0.012316003203768081
-18.26762,0.009537865055447582,0.012325822103447029
-18.26091,0.009547506206729055,0.012335650475497607
-18.25424,0.009556497279237871,0.012345487669492231
-18.24759,0.009564658995740593,0.012355332856600449
-18.24094,0.009572136881689706,0.012365185353010781
-18.23435,0.0095794241802622,0.01237504496783273
-18.22777,0.009586660162072295,0.012384911650251653
-18.22113,0.009593836030875588,0.012394785340035542
-18.21451,0.009600804578942928,0.012404665829468451
-18.20787,0.009607692174951199,0.012414553038031578
-18.2012,0.009614610812785912,0.01242444699671699
-18.19458,0.009621645430418912,0.012434347821178068
-18.18793,0.009628925987988198,0.012444255757765118
-18.18131,0.00963639245503475,0.012454170992475288
-18.17465,0.009644042802337738,0.012464093708656325
-18.16805,0.009651645774402971,0.012474023859549151
-18.16141,0.009659237951671834,0.01248396143428652
-18.15482,0.009666952843405217,0.012493906555256019
-18.14822,0.009674908276579432,0.012503859463455076
-18.1416,0.009683038708697304,0.012513820333855922
-18.13498,0.009691028516211122,0.012523789025393011
-18.12837,0.009698837335681748,0.012533765357579838
-18.1217,0.009706353994139882,0.012543749038137868
-18.11505,0.00971367030115847,0.012553739866320374
-18.10841,0.00972087394326269,0.012563737729963938
-18.10176,0.009728307969157655,0.012573742859448624
-18.09512,0.009736045681044051,0.012583755558042368
-18.08859,0.009743665044450633,0.012593775708124545
-18.08205,0.009750689413035448,0.012603802714696287
-18.07542,0.009756884125788609,0.012613835747457166
-18.06873,0.009762640201243214,0.012623874368112813
-18.06212,0.009768129284988386,0.012633918309871319
-18.05557,0.009773557937371252,0.01264396751199603
-18.04901,0.009779070344319981,0.01265402205869717
-18.0424,0.00978486455338576,0.012664082231682814
-18.03578,0.009791001793368325,0.01267414837352069
-18.02919,0.009797314529476808,0.012684220660252802
-18.02257,0.00980374009578056,0.012694299204660609
-18.01595,0.009810495735488867,0.012704384336376948
-18.00932,0.009818009799953668,0.012714476814282378
-18.00269,0.009826504618298466,0.012724577619149637
-17.99603,0.009835858458708515,0.012734687609493024
-17.98941,0.009845912998275424,0.012744807486579657
-17.98276,0.009856352518447775,0.012754937635341761
-17.97604,0.00986685013809086,0.012765078113281788
-17.96938,0.009877129884757004,0.01277522870313936
-17.96271,0.009887182862289018,0.012785389178141923
-17.95606,0.009897110452556661,0.012795559412506655
-17.94942,0.00990694569608539,0.012805739314387232
-17.94283,0.009916368358436905,0.012815928471332836
-17.9362,0.009925122676245629,0.012826126214469368
-17.92958,0.009932960516420314,0.012836331627819404
-17.92294,0.00994049618533524,0.012846544409185952
-17.91632,0.009948111138344751,0.012856764637457392
-17.90984,0.009956421077121596,0.012866993008408427
-17.90326,0.009965375848594703,0.01287723016666801
-17.89667,0.009974938515539879,0.012887476719669095
-17.89,0.009984810195896133,0.01289773297672534
-17.88335,0.009994675647370978,0.012907998931671091
-17.87671,0.010004489918806935,0.01291827453290841
-17.87004,0.010014501437940334,0.01292855997809633
-17.86342,0.010024835984429239,0.01293885559039166
-17.85675,0.010035434383234385,0.012949161633096161
-17.8501,0.010045737032180129,0.012959477810981859
-17.84343,0.01005585314377249,0.012969803937486092
-17.83681,0.010065472087641573,0.012980139515111526
-17.83014,0.010074857759327902,0.012990484310953293
-17.8235,0.010083795684967376,0.013000837877350263
-17.81688,0.01009249962804832,0.013011199979923994
-17.81024,0.010101170260300175,0.013021570585797079
-17.80365,0.010109803269694503,0.013031949657475268
-17.79703,0.010118586127396504,0.013042337344301025
-17.79042,0.01012749464867884,0.013052733772437172
-17.7838,0.010136659962498596,0.01306313919867298
-17.77713,0.010145748854137136,0.013073553546036912
-17.77052,0.010154355187727622,0.013083976332579635
-17.7639,0.010162361123562447,0.013094406957900161
-17.75725,0.01017024480542,0.013104845299239175
-17.75063,0.010178459935566049,0.013115291688587714
-17.7441,0.010187116998629725,0.013125746568093804
-17.73749,0.010196021693280528,0.013136210184774554
-17.73091,0.010205393707812434,0.01314668300649224
-17.72424,0.010215097289435036,0.013157165364636464
-17.71758,0.010224947003503513,0.01316765740492195
-17.71092,0.010234588150077946,0.01317815891925828
-17.70432,0.010244410074474344,0.013188670088572442
-17.69771,0.010254682407723413,0.013199191362811925
-17.69109,0.010265676792987507,0.013209723464483882
-17.68448,0.010276820422968843,0.013220266542873338
-17.67783,0.010287997036464332,0.013230820630437581
-17.67119,0.010298897868120481,0.0132413854518933
-17.66458,0.010309480580685046,0.013251960689204995
-17.65794,0.01031949221675822,0.01326254577079182
-17.65132,0.010328902841639767,0.01327314009616255
-17.64468,0.010337828248510475,0.013283743180074595
-17.63806,0.010346601608549411,0.013294354870084941
-17.63144,0.0103553705291948,0.013304975162230804
-17.62483,0.010364146167869216,0.013315604063270344
-17.61823,0.010372694220341023,0.013326241345199523
-17.61163,0.010381067996762878,0.013336886834218747
-17.60503,0.01038923707159568,0.013347540325644943
-17.5984,0.01039754215023683,0.013358201954978137
-17.59183,0.010406221560192282,0.013368872097154906
-17.58524,0.010415407856477234,0.013379551259037087
-17.57861,0.010425021261478214,0.013390239867208348
-17.57204,0.010434981640490221,0.013400938269247601
-17.56538,0.0104451574732347,0.013411646680434337
-17.55869,0.010455312819889376,0.01342236507977928
-17.55205,0.010465257294614842,0.013433093256993846
-17.54546,0.010475028413507732,0.013443831038847581
-17.53882,0.010484546514231809,0.01345457817177643
-17.5322,0.010493776614519787,0.013465334368298845
-17.52559,0.010502415884705418,0.013476099037624565
-17.519,0.010510529896101573,0.013486871654098323
-17.51239,0.010518142234898841,0.013497651716480962
-17.50592,0.010525643553663103,0.013508439114068611
-17.49934,0.010533267189948806,0.013519233968505639
-17.49284,0.010541185255073826,0.013530036574866615
-17.48622,0.010549438398209134,0.013540847267993086
-17.47957,0.010558302476550409,0.013551666658317751
-17.47295,0.010567829801367735,0.013562495409626653
-17.46629,0.01057816029211828,0.013573334325019533
-17.45961,0.010588674712013656,0.013584183587944512
-17.45296,0.01059943137431851,0.013595043441183433
-17.44629,0.01061019196354178,0.013605913888639538
-17.43962,0.01062115169310806,0.013616795129014543
-17.43301,0.010632078001726525,0.01362768712948995
-17.42656,0.010642840586135864,0.013638589726697199
-17.41991,0.010653235525069738,0.013649502552130353
-17.41328,0.010663030625438129,0.013660425006468692
-17.40666,0.010671991220101372,0.013671356255246023
-17.39999,0.010680142891457115,0.013682295488995308
-17.39336,0.010687812101444188,0.013693242225814901
-17.38673,0.010695677194866995,0.013704196661606707
-17.38013,0.01070381885478781,0.013715159072561559
-17.37351,0.01071214430102217,0.013726129642899291
-17.3669,0.010720388374576352,0.013737108291286588
-17.36028,0.010728695256803944,0.013748095080072633
-17.35367,0.010737181702281006,0.01375909018931698
-17.34705,0.01074559181256766,0.013770093542681935
-17.34044,0.010753917291555039,0.013781105055118594
-17.3338,0.010762256115668499,0.013792124740384793
-17.32718,0.010770765285607024,0.013803152768886507
-17.32059,0.010779245804181917,0.013814189111596441
-17.3141,0.010787608664182128,0.013825233651539282
-17.30748,0.010795810189304256,0.013836286227127778
-17.30078,0.010804529232876555,0.01384734735527577
-17.29414,0.010812842475969996,0.013858416630782772
-17.28758,0.01082110764626842,0.01386949400576043
-17.28096,0.01082953961983675,0.013880579646449122
-17.27441,0.010838562861384635,0.01389167414473693
-17.26776,0.01084832171050434,0.013902778236042527
-17.26112,0.010858585291627023,0.013913892424680465
-17.25447,0.010868904382150517,0.01392501676661451
-17.24779,0.010879077480729813,0.013936151115809186
-17.24115,0.010888992343587128,0.013947295213673353
-17.2345,0.01089875275381708,0.013958448906208709
-17.22781,0.010908549250001731,0.013969612229437193
-17.22122,0.010918377369712512,0.013980785214750397
-17.21468,0.010928097016443985,0.01399196775425296
-17.20808,0.010937458188510876,0.014003159489364902
-17.20152,0.010946574869010739,0.014014360175238747
-17.19489,0.01095551160891462,0.014025569632264688
-17.18828,0.010964327306036402,0.014036787739459326
-17.18169,0.01097301871830533,0.014048014372140797
-17.17508,0.010981778425322643,0.014059249599037411
-17.16844,0.010990778283825766,0.014070493660257508
-17.16182,0.011000087127656082,0.014081746864389462
-17.15517,0.011009564833546521,0.014093009380708553
-17.14856,0.011019085722976428,0.014104281252498413
-17.14195,0.011028568512576881,0.014115562441221311
-17.1353,0.011038077085604234,0.01412685297305352
-17.12871,0.011047562945540896,0.014138152825422606
-17.12215,0.01105706077173944,0.01414946200991803
-17.11552,0.011066683202499091,0.014160780651476091
-17.10893,0.011076477380365594,0.014172108921943533
-17.10231,0.01108635932421246,0.014183446908587537
-17.09569,0.011095972851641983,0.014194794343465982
-17.08907,0.011105023810517438,0.014206150664028559
-17.08244,0.011113379586431849,0.014217515174634356
-17.07582,0.011121251564344622,0.01422888739197986
-17.06923,0.011128881889569531,0.014240267074491358
-17.0627,0.011136777371479977,0.014251654487009185
-17.05614,0.01114520020762372,0.01426305015730078
-17.04952,0.01115412405521635,0.014274454586274455
-17.04289,0.011163198369631878,0.014285867923939289
-17.03627,0.011172228561477081,0.014297290126666942
-17.02962,0.011181248346244487,0.014308721184008099
-17.02297,0.011190446509011704,0.014320161273903348
-17.01631,0.011200051782732158,0.014331610803917563
-17.00966,0.011210164069593145,0.014343070281102318
-17.00298,0.011220620903568507,0.014354540049507106
-16.99632,0.011231433271065804,0.014366020465179647
-16.9897,0.01124211292037815,0.014377511395500307
-16.98308,0.011252281189515571,0.014389012328651533
-16.97646,0.011261566136493982,0.014400522381784941
-16.96986,0.01127016248085006,0.014412040866356121
-16.96318,0.011278409455517687,0.014423567432398015
-16.95659,0.011286626462204597,0.014435102050596364
-16.94994,0.011295066943139344,0.014446644944323685
-16.94338,0.01130391695785874,0.014458196522856175
-16.93675,0.011313107578100171,0.014469757127133215
-16.93013,0.0113225481712392,0.014481327007165812
-16.92351,0.011331842631517337,0.014492906016383906
-16.91686,0.011340920438366483,0.014504493938547915
-16.9102,0.011350036922161922,0.014516090812333142
-16.90361,0.011359540676837874,0.014527697024712488
-16.89699,0.01136946955094945,0.014539313001219191
-16.8904,0.011379521731948427,0.014550938865237768
-16.8838,0.01138944711384986,0.014562574489512136
-16.87712,0.011399299841809853,0.014574219801703236
-16.87053,0.011409058491791987,0.014585874707929467
-16.86391,0.011418837133371258,0.014597539227686005
-16.85729,0.011428570744009115,0.014609213316415175
-16.85069,0.01143840647793397,0.014620897076297856
-16.84404,0.011448442659956723,0.014632590707246502
-16.83739,0.011458508060110041,0.014644294238952518
-16.83077,0.01146854817043033,0.014656007646203343
-16.82414,0.011478549301647519,0.014667730889563297
-16.81755,0.011488758876861196,0.014679464178028163
-16.8109,0.011499110364352198,0.014691207653410315
-16.80431,0.011509402315158412,0.014702961255854132
-16.79765,0.011519581974536553,0.014714724873403773
-16.79103,0.011529818275327947,0.014726498562797261
-16.78441,0.01154025273660861,0.014738282521758309
-16.77782,0.01155075964341697,0.014750076823264097
-16.77116,0.01156110374325131,0.014761881304388706
-16.76451,0.011571417445379944,0.014773695934317385
-16.75792,0.011581813136436888,0.014785520795629167
-16.75127,0.011592235902756891,0.014797355915300188
-16.74464,0.011602440284667516,0.014809201074548476
-16.73808,0.011612417253168885,0.014821056046569792
-16.73146,0.011622225682106718,0.014832920662725619
-16.72481,0.011631817911489253,0.014844794706321447
-16.71822,0.011640972790324645,0.014856677740596128
-16.71156,0.011649857111178887,0.014868569494873649
-16.70494,0.011658720765318932,0.014880469948128515
-16.69832,0.011667998178536684,0.014892379514592397
-16.69176,0.011677502817217113,0.01490429842162503
-16.68514,0.011687220149471496,0.014916226881367164
-16.67854,0.011697130425189365,0.014928165087273463
-16.67189,0.01170717658757148,0.014940113175151867
-16.66521,0.01171713471874063,0.014952071056476888
-16.65855,0.011726955352020006,0.014964038594261849
-16.65187,0.01173675285388881,0.014976015765354869
-16.64522,0.011746784869493264,0.014988002803891327
-16.63875,0.011757038309079686,0.014999999932114262
-16.63219,0.011767558599264856,0.015012007416718617
-16.62557,0.011778035187815212,0.015024025213450927
-16.61894,0.01178853995815483,0.015036053350946018
-16.61229,0.011799055226881012,0.015048091839681877
-16.60558,0.011809641346017115,0.015060140749957684
-16.59895,0.011820432622731225,0.015072200287556788
-16.5923,0.01183154434942582,0.015084270772908848
-16.58568,0.011843038612393601,0.015096352588171469
-16.57906,0.011854696648829162,0.0151084458975902
-16.57246,0.011866281261617845,0.015120550627797548
-16.56581,0.011877641070214988,0.015132666553457694
-16.55916,0.011888659353763816,0.015144793333517677
-16.55251,0.011899669754351697,0.015156930960112554
-16.54588,0.011910731559818264,0.015169079484249337
-16.53932,0.011921822358709876,0.015181238935526621
-16.5327,0.011932764836614207,0.015193409165527052
-16.52611,0.011943665390890229,0.01520559013194802
-16.51952,0.011954702769380807,0.01521778197208548
-16.51289,0.01196586313586932,0.015229984808869352
-16.5063,0.011977238428270105,0.015242198856865482
-16.49968,0.011988666787831514,0.01525442416955586
-16.49306,0.011999918892352439,0.015266660570703333
-16.4865,0.012010775095337252,0.015278907664083975
-16.47987,0.012021067875455088,0.015291164886614122
-16.47322,0.012030812337092299,0.01530343168995543
-16.46663,0.012040066879594096,0.015315707583866259
-16.46004,0.012048973669758257,0.015327992221065755
-16.45348,0.01205764011188974,0.015340285361280178
-16.44685,0.012066039890470049,0.01535258673727829
-16.44026,0.012074237263917483,0.015364896147201716
-16.43364,0.012082202071329795,0.015377213358445803
-16.42705,0.012090327237029986,0.01538953853098949
-16.42046,0.01209897972976341,0.015401872192631132
-16.41386,0.012108384047594064,0.015414215095194828
-16.40721,0.012118243606461632,0.015426567693392262
-16.40062,0.012128245777842014,0.015438930130419677
-16.39406,0.012138337300192613,0.015451302495701895
-16.38747,0.012148663836898098,0.015463685023761454
-16.38081,0.012159335586431029,0.015476078060151624
-16.37422,0.012170127396338808,0.015488481725081328
-16.36772,0.012180896704619965,0.015500895995781146
-16.36107,0.012191673736270024,0.015513320880165805
-16.35442,0.01220253709020335,0.015525756464575484
-16.34782,0.012213360597816627,0.015538202708821502
-16.34129,0.012224179618916226,0.015550659609018464
-16.33464,0.01223507324017148,0.015563127239561204
-16.32802,0.012246375626523944,0.01557560600883519
-16.32137,0.012257818363675394,0.015588096057606592
-16.31474,0.012269261873298533,0.015600597386702806
-16.30812,0.01228043299443775,0.015613109723318558
-16.30153,0.012291730167108442,0.01562563319403178
-16.29491,0.012303298871586267,0.01563816807033652
-16.28832,0.012315161878700886,0.015650714646155542
-16.28169,0.012326975918940594,0.0156632728729189
-16.27507,0.012338688895161437,0.015675842649598804
-16.26842,0.012350313807742343,0.01568842388764114
-16.26183,0.012361919789399854,0.01570101656869626
-16.2552,0.01237324508120288,0.015713620412018393
-16.24864,0.012384230136822369,0.015726235077064887
-16.24205,0.012394851464912544,0.01573886020052361
-16.2354,0.012405331376401195,0.015751495640885505
-16.22878,0.01241554788081084,0.015764141134363502
-16.22212,0.012425419946219545,0.015776796336915897
-16.21553,0.01243482090965657,0.015789460777586695
-16.20888,0.01244408407546519,0.015802134318033408
-16.20229,0.012453677942840023,0.015814817289537833
-16.19569,0.012463766936556205,0.015827510187225672
-16.18913,0.012474057149783663,0.015840213211954394
-16.18254,0.012484386871996845,0.015852926403648517
-16.17595,0.012494836434939515,0.01586564988216639
-16.16927,0.01250556151841032,0.015878383922429736
-16.16258,0.012516247437206005,0.015891128485726196
-16.15596,0.012526737767843538,0.015903883376612703
-16.14937,0.012537226777847297,0.015916648593388247
-16.14278,0.012548201413969163,0.015929424622149094
-16.13612,0.012559530502782865,0.015942211817238643
-16.12965,0.012570451213710256,0.015955009770188464
-16.12306,0.012580469128818146,0.015967817578455286
-16.11647,0.012589868396662669,0.015980634623409425
-16.10985,0.01259932087783716,0.015993460957775183
-16.10326,0.012609114270252186,0.01600629692298804
-16.09667,0.012619175154525267,0.016019142786557417
-16.09007,0.012629646908506414,0.016031998958900243
-16.08345,0.012640615471981767,0.016044865937259924
-16.07674,0.012651895988183786,0.016057744033444878
-16.07005,0.012663013048016147,0.016070633083600346
-16.0634,0.012673800699182612,0.016083532758859636
-16.05678,0.012684576844846945,0.016096443047788823
-16.05013,0.012695587172085495,0.01610936418408112
-16.0435,0.012706796194151613,0.01612229636693711
-16.03685,0.01271767329732086,0.016135239264419732
-16.03026,0.012727861118437706,0.01614819218691988
-16.02364,0.012737397388026853,0.016161154483302055
-16.01698,0.012746573106401527,0.01617412579296119
-16.01042,0.012755553556175438,0.016187105920372858
-16.00386,0.012764355236083462,0.016200094687236676
-15.9973,0.012772941404637056,0.016213091878058708
-15.99074,0.012781355807269853,0.016226097320638486
-15.98409,0.01278964944494723,0.01623911089452035
-15.97749,0.01279786014257951,0.016252132516870802
-15.97087,0.012806058034575714,0.016265162174414306
-15.96431,0.012814599694181463,0.01627820021149445
-15.95772,0.012823754283526959,0.016291247241005172
-15.9511,0.0128334044903584,0.016304303758076472
-15.94447,0.012843122967226736,0.01631736983143009
-15.93788,0.012852636714755224,0.016330445256425026
-15.93126,0.01286207616552271,0.016343529958277224
-15.92464,0.012871571511338569,0.01635662399335106
-15.91808,0.012881286510665037,0.01636972758142345
-15.91148,0.012890979797957502,0.01638284070027754
-15.90486,0.012900371692719181,0.016395963048954756
-15.89827,0.012909196060420153,0.016409094059998373
-15.89165,0.012917289484249302,0.016422233001977603
-15.88506,0.012924731699560633,0.0164353792242058
-15.87846,0.012931750000695323,0.016448532302768673
-15.87184,0.012938856116422717,0.016461692325011653
-15.86528,0.012946486801968103,0.01647485981607881
-15.85872,0.01295470628590564,0.01648803536478587
-15.8521,0.012963357694815164,0.016501219402518683
-15.84554,0.012972071218178605,0.016514411991965607
-15.83888,0.012980800367619512,0.016527613148595355
-15.83217,0.012989747984394135,0.0165408230903542
-15.82549,0.012999163150611177,0.016554042285313084
-15.81886,0.013008924075939263,0.016567271079335918
-15.81221,0.013018718894793406,0.01658050950584759
-15.80562,0.013028341323050764,0.016593757393030806
-15.799,0.013037812355967153,0.01660701458945547
-15.79234,0.013047087571612406,0.016620280898801063
-15.78584,0.013056073614016072,0.01663355603264086
-15.77928,0.013064858385150003,0.01664683978961668
-15.77269,0.013073696192646632,0.016660132222279016
-15.76601,0.013082895217953151,0.016673433692158474
-15.75935,0.013092282814667748,0.016686744387878684
-15.75276,0.013101519523845955,0.016700064158239523
-15.74611,0.013110658588798311,0.016713392905961678
-15.73949,0.013120067567896456,0.01672673090102857
-15.7329,0.013129943984281451,0.016740078610495604
-15.72633,0.013139818015443028,0.016753436032480418
-15.7198,0.013149280295059377,0.01676680275531759
-15.71318,0.013158360974596165,0.01678017839681849
-15.70653,0.013167273546885155,0.016793562789292754
-15.69988,0.013176178520637292,0.01680695592515935
-15.69328,0.013184997595877974,0.016820357718172127
-15.68663,0.013193947597846324,0.01683376829964041
-15.67995,0.013203254821480673,0.016847188026751992
-15.67333,0.01321297890041265,0.016860617316031577
-15.66673,0.013222914680555687,0.016874056379682804
-15.66011,0.013232874117266412,0.016887505241345437
-15.65343,0.013243017005824888,0.016900964083935568
-15.64684,0.01325357949897198,0.016914433327679577
-15.64018,0.01326452148597449,0.01692791335196938
-15.63359,0.01327561359984435,0.016941404306617797
-15.62694,0.013286634640032938,0.016954906120917115
-15.62032,0.013297577461788402,0.016968418716717337
-15.61369,0.013308621878185805,0.01698194219516288
-15.60701,0.013320077677979882,0.016995476968020364
-15.60039,0.01333204674724227,0.017009023548678486
-15.5938,0.01334448920705808,0.01702258241014542
-15.58717,0.01335713664697969,0.017036153757801424
-15.58058,0.013369713483519811,0.017049737521128133
-15.57393,0.013381778138909927,0.017063333187409824
-15.56731,0.013393259749696218,0.01707694017412046
-15.56072,0.013404115088760568,0.017090557855056247
-15.55406,0.013414952007955613,0.017104186211246222
-15.54744,0.01342596904205579,0.017117825423340505
-15.54088,0.013437131657288666,0.017131475637038478
-15.53429,0.013447932571981657,0.017145136490155997
-15.52766,0.013458283669892305,0.01715880753327672
-15.52104,0.013468494462556073,0.017172488626129512
-15.51442,0.013479088515776741,0.01718618015154199
-15.50783,0.013490329285471196,0.017199882756748466
-15.50121,0.013502307275140643,0.017213597178935933
-15.49461,0.013514777298243488,0.017227323909738374
-15.4879,0.013527691776283494,0.01724106339389443
-15.48122,0.013540467851181742,0.01725481549306858
-15.47453,0.013552931075564257,0.017268579893960977
-15.46788,0.01356507325008623,0.01728235627605604
-15.46126,0.01357745114366538,0.017296144875140144
-15.4547,0.01359011814687217,0.01730994597998994
-15.44814,0.013602827158434277,0.017323759633080967
-15.44154,0.013615290202709606,0.01733758558839662
-15.43492,0.013627512911836373,0.017351423605135793
-15.42827,0.013639887939201966,0.01736527383603427
-15.42165,0.013652552016830705,0.017379136570209345
-15.41502,0.013665517609735832,0.017393012108727093
-15.4084,0.013678753207901007,0.017406900722076526
-15.40175,0.013692398097515192,0.01742080281951678
-15.39513,0.013706428763280959,0.01743471878644102
-15.3885,0.013720420087425782,0.01744864858395823
-15.38191,0.013734093938068759,0.017462591894678085
-15.37526,0.013747236111611725,0.01747654818639209
-15.36867,0.013760006259892696,0.017490517087640788
-15.36205,0.01377259835433352,0.017504498420338167
-15.35548,0.013785051242627697,0.017518492044927707
-15.34895,0.013797537127052466,0.017532497994937963
-15.34239,0.0138101919777818,0.01754651643930302
-15.33577,0.013823269485111941,0.01756054780014863
-15.32918,0.013836632353437708,0.017574592363351738
-15.32259,0.013850053908663614,0.017588650187616364
-15.31593,0.013863509947238473,0.01760272130687907
-15.30928,0.013876922222727198,0.01761680567785998
-15.30263,0.01389045319094985,0.01763090341926911
-15.29598,0.013904059597299519,0.017645014606112373
-15.28935,0.013917576644983205,0.017659139149530437
-15.28276,0.013931023336267034,0.017673276979249166
-15.2762,0.013944288680115487,0.017687427913537546
-15.26961,0.013957385898535575,0.017701591784687894
-15.26299,0.013970091744239308,0.017715768201295903
-15.25639,0.013982361875268579,0.017729956727247143
-15.24977,0.013994311743058988,0.01774415704271246
-15.24315,0.014006153725680889,0.017758369039823845
-15.23656,0.01401824793445107,0.017772592970423814
-15.2299,0.014030636408302002,0.017786829129130773
-15.22331,0.014043011343622807,0.017801077502536396
-15.21672,0.01405545513734893,0.017815338159066944
-15.21013,0.014067001063935663,0.017829610201321556
-15.20351,0.01407818259802983,0.017843893264876516
-15.19695,0.014089339768127759,0.017858187325032297
-15.19042,0.014100562335597065,0.017872492447700585
-15.18385,0.014112172526533975,0.017886809020457514
-15.17732,0.014124142610824642,0.017901137402828494
-15.17073,0.014136741067994023,0.017915478223556224
-15.16408,0.014149344914703313,0.01792983148795122
-15.1574,0.014161621124346263,0.017944196867896632
-15.15074,0.01417350178193081,0.017958573968338654
-15.14409,0.014185595524894682,0.01797296300239585
-15.13747,0.014198021246444367,0.017987364301662912
-15.131,0.014210612195161622,0.01800177803207213
-15.12437,0.014222910944926148,0.018016203901186433
-15.11778,0.014235043189106119,0.018030641742132134
-15.11119,0.014247177423288338,0.018045091557365115
-15.1046,0.014259596808894695,0.018059553632053797
-15.09804,0.014272088343763974,0.01807402803796325
-15.09148,0.014284874840385412,0.018088515070520936
-15.08479,0.014298058325229675,0.018103015126526064
-15.07814,0.014311601294820104,0.018117528565095225
-15.07149,0.014325086173256764,0.018132055328603153
-15.0649,0.014338603054035934,0.018146595449164117
-15.0583,0.01435228067080443,0.01816114908706664
-15.05171,0.014366347352984043,0.01817571663185757
-15.04512,0.014380366017413564,0.018190298035536123
-15.03859,0.014393907562699978,0.01820489282064598
-15.03194,0.01440669193886298,0.018219500230294672
-15.02538,0.01441888616898369,0.0182341196744947
-15.01878,0.014430898406323835,0.01824875097075884
-15.01222,0.014442790723806255,0.018263393999695475
-15.00566,0.014454588685874644,0.01827804866696605
-14.99904,0.014466442004258893,0.018292715027401346
-14.99245,0.014478340661234736,0.018307393126852367
-14.98586,0.014490364542437979,0.01832208309056027
-14.97932,0.01450217677792225,0.018336784706525958
-14.97276,0.014513636164530731,0.018351497622334536
-14.96614,0.014524648510868057,0.018366221390869037
-14.95958,0.01453517775008367,0.018380955528684476
-14.95293,0.014545279830581414,0.01839569960894725
-14.94634,0.01455488885753416,0.01841045313871417
-14.9398,0.014564326484129987,0.01842521594623119
-14.93321,0.01457384049447178,0.018439988108269488
-14.92662,0.014583499869315683,0.01845476977021047
-14.92006,0.014593191749746642,0.018469560964174913
-14.91347,0.014602948947552397,0.018484361755898758
-14.90685,0.01461310071649997,0.018499172539923642
-14.90022,0.014623945283130798,0.018513994008600668
-14.89363,0.01463548137542347,0.01852882685398235
-14.88698,0.014647581212355149,0.01854367163973767
-14.88039,0.014660029200055675,0.018558528713678846
-14.87373,0.014672996293275955,0.018573398595268572
-14.86711,0.014686325625969263,0.018588281646824887
-14.86055,0.014699863361755253,0.018603178076412045
-14.8539,0.014713226429046797,0.018618087709688164
-14.84731,0.014726050037238536,0.018633010007303174
-14.84071,0.01473842935781093,0.018647944524523088
-14.83409,0.01475034313175489,0.018662890796235444
-14.82747,0.014761863627164933,0.018677848429178637
-14.82088,0.014772951291800581,0.01869281699013683
-14.81432,0.01478373221464902,0.01870779617287871
-14.80769,0.014794384378471208,0.018722785848555225
-14.80107,0.014804687934192994,0.018737785668142708
-14.79451,0.01481459533737724,0.018752795236044634
-14.78789,0.014824102855271101,0.018767814152301193
-14.78133,0.014833619811761874,0.01878284242601137
-14.77467,0.014843645572404036,0.018797880566291926
-14.76808,0.014854043769476022,0.01881292894570247
-14.76149,0.014864690122906948,0.018827987811968556
-14.75493,0.014875401875628858,0.018843057230999327
-14.74831,0.014886457584831835,0.018858137546677218
-14.74162,0.014897892663154144,0.018873229137834877
-14.735,0.014909357849484576,0.018888332035150647
-14.72838,0.01492078868411774,0.018903446204289697
-14.72176,0.014931996051756071,0.018918571421354422
-14.71513,0.014943264089090458,0.018933707747463814
-14.70854,0.01495474811655384,0.018948855398685065
-14.70198,0.014966569881406403,0.018964014712370022
-14.69542,0.014978692407916487,0.018979185989744456
-14.68889,0.014990618087087421,0.01899436903402271
-14.68233,0.015002038032695408,0.01900956333899551
-14.67571,0.015012749442294285,0.01902476819650103
-14.66908,0.015022887809406613,0.01903998303349866
-14.66246,0.015032843938269124,0.01905520766733468
-14.65584,0.015042855367037887,0.01907044215377312
-14.64928,0.015053191371890724,0.0190856868174964
-14.64266,0.015063741730034297,0.01910094187233784
-14.63609,0.015074120947780097,0.019116207147695533
-14.62947,0.01508408851645793,0.019131482231862694
-14.62285,0.01509361399331689,0.019146766682317184
-14.61623,0.015103294315031324,0.019162060654367815
-14.60964,0.015113507934950973,0.019177364681374102
-14.60307,0.01512434990754468,0.019192679391288023
-14.59645,0.015135851457427251,0.01920800544407656
-14.58986,0.015147998806403353,0.019223343485599984
-14.58324,0.015160781582820646,0.019238694150811097
-14.57665,0.015174073883496142,0.019254057949742262
-14.56999,0.01518774124148923,0.01926943525736421
-14.56337,0.015201846446842252,0.019284826511153236
-14.55666,0.015215929512241716,0.019300231689300545
-14.55003,0.01522970896314387,0.019315650488326373
-14.54338,0.015242957630478242,0.019331082376987687
-14.53673,0.01525589653209955,0.019346527045982494
-14.53014,0.015268562794987131,0.01936198422277693
-14.52351,0.015280749133717493,0.019377453426958097
-14.51689,0.015292295590062616,0.019392934019121837
-14.51027,0.015303403377591908,0.01940842556061607
-14.50371,0.015314494118319751,0.019423928034051734
-14.49712,0.015325802118889233,0.019439441657108168
-14.49056,0.015336999896444018,0.019454966319622784
-14.48393,0.015348112113675105,0.019470501935503145
-14.47734,0.015359284210799337,0.019486048565150814
-14.47072,0.015371061295688956,0.019501606813526553
-14.4641,0.01538368884319393,0.019517177530663125
-14.45757,0.015397124245314633,0.01953276152500915
-14.45094,0.015411208939585199,0.019548359445728167
-14.44429,0.015425518522011936,0.019563971517249576
-14.43761,0.015439879260469802,0.01957959779114929
-14.43092,0.015453846473364322,0.019595237873904138
-14.42436,0.015467347723264913,0.019610891299309468
-14.41771,0.015480575036564295,0.01962655779376172
-14.41106,0.015493867258203712,0.019642237422186005
-14.40443,0.015507296451060582,0.01965793032115276
-14.39781,0.015520755188920725,0.019673636520684497
-14.39116,0.01553383807957115,0.01968935564490753
-14.38454,0.015546595577185834,0.01970508736804239
-14.37792,0.015558997394209531,0.019720831334871486
-14.37129,0.015571251082822682,0.01973658739726873
-14.36467,0.015583190350450506,0.019752355240397933
-14.35805,0.015594880015481125,0.019768134615119407
-14.3514,0.01560655164075188,0.019783925503367147
-14.3448,0.01561844343911669,0.019799728124956263
-14.33821,0.01563058340621215,0.019815542728532545
-14.33159,0.015642804584976414,0.019831369395281438
-14.32503,0.015654697662719225,0.01984720779675796
-14.31838,0.015666098625838492,0.019863057441181973
-14.31181,0.015677038239517497,0.01987891786733452
-14.30519,0.01568816605357804,0.019894789262915418
-14.29863,0.015700051103954723,0.019910672385708816
-14.29213,0.01571284892610958,0.019926568148588043
-14.28557,0.01572635629037999,0.019942477260580547
-14.27898,0.015740060361220238,0.019958399918812878
-14.27223,0.015753822934451458,0.019974336181577738
-14.26552,0.015767453472844174,0.019990285916467863
-14.25893,0.015780855699582517,0.020006248895803703
-14.25227,0.015794029707689415,0.020022224891284465
-14.24565,0.015807058561320676,0.020038213757382902
-14.23906,0.015820119441605864,0.020054215526630316
-14.23247,0.01583295412314488,0.02007022997284447
-14.22588,0.015845169201193835,0.020086256475992634
-14.21928,0.015856730238262888,0.020102294382482074
-14.21269,0.015867676282088357,0.020118343077350095
-14.2061,0.015878327066083754,0.020134402264907675
-14.19954,0.01588879190030365,0.020150471759709205
-14.19295,0.01589938426893906,0.02016655168926359
-14.18636,0.015910316246933526,0.02018264239275105
-14.17979,0.015921781761842203,0.02019874440419853
-14.17323,0.015934040783501604,0.02021485851714313
-14.16664,0.015947104903280933,0.020230985536212054
-14.16005,0.015960924572068304,0.020247126217416353
-14.15349,0.015974971338709686,0.020263280787912032
-14.14687,0.0159889466125175,0.020279449175693878
-14.14015,0.01600299723086077,0.020295631456429784
-14.13347,0.016017348816287198,0.020311827931159068
-14.12682,0.01603187793950693,0.02032803877703233
-14.12019,0.01604607421584516,0.020344263661692386
-14.11363,0.016059815160039452,0.020360502129920348
-14.10704,0.016073395839501396,0.0203767540209811
-14.10042,0.01608674995609188,0.020393019108732213
-14.09392,0.016099754256260156,0.020409297043539058
-14.08742,0.016111928183929942,0.02042558699460006
-14.08089,0.016123248071157198,0.020441888108295017
-14.07423,0.016133777665462708,0.020458199594168742
-14.06761,0.016143713449468054,0.02047452085803722
-14.06096,0.016153357033017696,0.020490851608120603
-14.05443,0.016162948590527988,0.02050719179257374
-14.0479,0.016172945558682976,0.020523541816378384
-14.04134,0.01618345617660593,0.020539902193604714
-14.03471,0.01619470993750607,0.020556273667316466
-14.02806,0.016206544675821534,0.020572656818035214
-14.02147,0.01621894366665456,0.020589052210556878
-14.01485,0.016231674456476615,0.02060546017665601
-14.00819,0.01624502969447864,0.020621881340297857
-14.00154,0.016259134167439314,0.02063831645119257
-13.99489,0.01627393710443313,0.020654766207820717
-13.9883,0.016289073030868236,0.0206712309428247
-13.98174,0.01630433324775671,0.020687710780996935
-13.97514,0.01631943508195564,0.020704205563916896
-13.96855,0.01633426283999676,0.020720715017093484
-13.9619,0.01634836524264114,0.020737238415551515
-13.95525,0.016361938189691567,0.020753775229851924
-13.94859,0.01637497731632891,0.020770324925732542
-13.94203,0.01638807716343777,0.02078688756450984
-13.93547,0.01640128791405251,0.020803463257103593
-13.92885,0.016414862742874216,0.020820052367082925
-13.92229,0.016428631775305968,0.020836655089193166
-13.9157,0.01644234285967318,0.020853271365462278
-13.9091,0.0164560349402754,0.02086990117644477
-13.90251,0.016469901661491138,0.020886544697255687
-13.89592,0.016484162864167436,0.020903202322392817
-13.88933,0.0164987163481818,0.020919874343709226
-13.88277,0.016513361149873586,0.020936560853023565
-13.87618,0.016528231566093607,0.02095326207592661
-13.86958,0.01654335990186039,0.02096997826989638
-13.86299,0.01655868906958317,0.02098670963623902
-13.8564,0.016573812256024056,0.021003455968989556
-13.84975,0.016588573550421596,0.021020216905748127
-13.84306,0.016603094020708097,0.021036992206098514
-13.83641,0.01661757199045602,0.021053781827609738
-13.82979,0.016632075554015406,0.021070585795487394
-13.82323,0.016646351168333753,0.02108740388232235
-13.81667,0.016660242952898113,0.021104235704301075
-13.81004,0.016673692648433054,0.021121080818814034
-13.80345,0.016686707605266072,0.021137938791635984
-13.79686,0.01669943120811876,0.02115480933142923
-13.79027,0.01671205149550196,0.021171692334450317
-13.78374,0.016724826462628156,0.021188587955918395
-13.77712,0.016737713830317802,0.021205496308131958
-13.77055,0.016750800923730096,0.021222417590454477
-13.76399,0.016764069152962663,0.021239351984495284
-13.75743,0.01677736903285943,0.021256299521921217
-13.75084,0.016790594652911477,0.021273260128005254
-13.74425,0.016803762839418337,0.02129023374577424
-13.73756,0.016817015638651053,0.021307220459726644
-13.73091,0.016830209809326126,0.021324220210858506
-13.72444,0.01684323808156719,0.021341232833966294
-13.71785,0.016856203423027058,0.021358258265979018
-13.71126,0.016869223604733447,0.021375296561309164
-13.70467,0.016882660716906896,0.021392348137347438
-13.69811,0.016896554940270363,0.02140941345126016
-13.69154,0.016910838554623102,0.02142649289199759
-13.68492,0.01692538091195808,0.021443586718698088
-13.6783,0.016939981106663036,0.02146069498921532
-13.67162,0.01695460837915062,0.021477817730121997
-13.6649,0.016969218979391243,0.021494954925154575
-13.65828,0.016983880670007927,0.02151210662554888
-13.65166,0.016998247984572216,0.021529272536501366
-13.64504,0.017012281225923652,0.021546452324398894
-13.63844,0.017025637490514944,0.021563645312306673
-13.63188,0.01703829657580755,0.021580850802669263
-13.62526,0.017050146516452685,0.02159806798672491
-13.61885,0.017061344697479188,0.0216152962129993
-13.61229,0.017072314900320757,0.021632535252894325
-13.60573,0.01708351761066113,0.02164978533937725
-13.59914,0.017095235313116564,0.02166704698741796
-13.59251,0.017107753050410963,0.021684320996572845
-13.58589,0.017120826915628235,0.021701607923442445
-13.57933,0.017134374666606795,0.02171890824200516
-13.57271,0.017147771819323327,0.021736221801158976
-13.56606,0.017161081323400704,0.021753548513676897
-13.5594,0.017174296064210975,0.021770888284799273
-13.55284,0.017187460281758028,0.02178824106370253
-13.54625,0.017200576369820527,0.021805606802678706
-13.53975,0.017213420131893843,0.021822985229531838
-13.53313,0.017226138360599684,0.021840376218149393
-13.52654,0.01723845458664778,0.021857779367026202
-13.52,0.017249855226832964,0.021875193760655606
-13.51344,0.017260308262198834,0.021892618450980263
-13.50685,0.01727020036807426,0.021910052877492297
-13.50026,0.017280407234350245,0.02192749735496823
-13.49373,0.017291130907535885,0.021944952399863202
-13.48714,0.01730244068015482,0.021962418598660584
-13.48058,0.017314207109618025,0.02197989640807093
-13.47401,0.017326290129376757,0.02199738614424486
-13.46739,0.01733867756743077,0.022014888111997376
-13.46083,0.017351334784042955,0.022032402581198183
-13.45415,0.017364221494417163,0.02204992978076416
-13.44753,0.01737735477709984,0.022067469957801886
-13.44087,0.017390645803834683,0.022085023270021757
-13.43428,0.017404099452940015,0.02210258987970647
-13.42766,0.017417781038568007,0.0221201700152144
-13.42113,0.017431604757532495,0.022137763818806798
-13.41448,0.017445467096514285,0.022155371328527764
-13.40785,0.01745901183616741,0.022172992227261983
-13.40123,0.01747225424130302,0.02219062621270348
-13.39464,0.017485312166874555,0.022208273099983026
-13.38811,0.01749800542090958,0.02222593252496217
-13.38155,0.01751035827682106,0.022243604147221683
-13.37499,0.01752243077123101,0.022261287685973186
-13.36839,0.017534683881283812,0.022278983322241912
-13.36174,0.017547435014998645,0.0222966915540061
-13.35515,0.01756053143232443,0.022314412726196494
-13.34856,0.01757380055448267,0.02233214701197677
-13.34197,0.017586910709170827,0.02234989425239548
-13.33531,0.017599934732264472,0.02236765436080864
-13.32872,0.017612871529863915,0.02238542725053532
-13.32213,0.01762548520385931,0.022403212598467948
-13.31554,0.01763787115877875,0.022421010176460827
-13.30898,0.017650532403963304,0.022438820260299478
-13.30238,0.017663856911033254,0.022456643513213005
-13.29579,0.017677907260426548,0.022474480660629362
-13.2892,0.01769220237699591,0.02249233194777432
-13.28261,0.017706423861174554,0.0225101973010315
-13.27593,0.017720457879829895,0.022528076532399702
-13.26927,0.017734548910200647,0.02254596969937363
-13.26262,0.017749020706260322,0.022563877182747258
-13.25603,0.01776412630948934,0.022581799615974004
-13.24937,0.017780005318265124,0.022599737772833316
-13.24281,0.01779649371795935,0.022617692262852918
-13.23622,0.01781297325920669,0.022635663076711752
-13.2296,0.017829017045555996,0.02265364977907716
-13.22295,0.017844241279185075,0.0226716515503764
-13.21632,0.017858433138036357,0.022689667357832545
-13.20973,0.0178717593537521,0.02270769633630884
-13.20317,0.01788464866978915,0.02272573804895754
-13.19661,0.017897861683225845,0.02274379281904968
-13.19002,0.017911354641609416,0.022761860926952465
-13.18355,0.01792476426955277,0.022779942289494773
-13.17687,0.017937852014375855,0.02279803658411633
-13.17024,0.01795059418615374,0.02281614346576206
-13.16356,0.017963321698623014,0.022834262919729165
-13.15694,0.017975875889460792,0.022852394772341456
-13.15035,0.017988573891213087,0.022870539167903627
-13.14372,0.018001908009165936,0.022888696742500332
-13.13719,0.018016241844586153,0.022906868495541598
-13.13057,0.01803140463149627,0.02292505525633015
-13.12404,0.01804643401958647,0.022943256891589645
-13.11748,0.01806108739280672,0.022961473024843547
-13.11079,0.018075508181313184,0.022979703423811507
-13.10411,0.01809001416875651,0.022997948173720428
-13.09752,0.018104809938556832,0.02301620756403291
-13.09096,0.018119755820558758,0.02303448174535428
-13.0844,0.01813485760830187,0.023052770873606108
-13.07784,0.018149987546233155,0.023071074976512555
-13.07118,0.01816525612544965,0.023089394193055314
-13.06459,0.018180762338051937,0.023107728760965836
-13.058,0.018196585084518897,0.023126078996352106
-13.0515,0.01821248747671708,0.023144444979422727
-13.04488,0.018228181593180494,0.0231628265017775
-13.03819,0.01824340248024799,0.02318122308967964
-13.03154,0.018258329094980798,0.023199634449361274
-13.02486,0.01827304690290633,0.0232180603719967
-13.01839,0.018287763112534966,0.023236500855806187
-13.01186,0.018302774154580124,0.023254956196009702
-13.0053,0.018318310332037225,0.023273426917723557
-12.99867,0.01833345858795096,0.023291912632519327
-12.99208,0.01834917757706992,0.02331041391163405
-12.98549,0.018364311927932715,0.02332893017044532
-12.97881,0.01837898356528589,0.023347460945710042
-12.97218,0.01839346737694115,0.023366006050117794
-12.96556,0.018408219749072897,0.02338456575225651
-12.95897,0.01842303067457508,0.023403140110288562
-12.95244,0.01843783862777216,0.023421729121767904
-12.94591,0.01845260585231439,0.023440332745981556
-12.93929,0.018467303460701953,0.023458950912784438
-12.93272,0.01848184608752279,0.02347758346770956
-12.9261,0.018495921859707307,0.023496229943860823
-12.91945,0.01850955013336155,0.023514889893279996
-12.9128,0.018523042719473238,0.023533563180736832
-12.9062,0.018536639243407385,0.023552249910242136
-12.89961,0.018550520784120773,0.02357095036639867
-12.89302,0.018564469604802108,0.023589664616943465
-12.88649,0.01857843208518691,0.023608392675620225
-12.8799,0.0185924536008263,0.023627134600970545
-12.87331,0.01860642454221804,0.023645890342877167
-12.86672,0.01862040721810072,0.02366465991309036
-12.86015,0.018634610755502844,0.02368344353206896
-12.85362,0.018649299534154035,0.023702241685556277
-12.84703,0.018664528159971296,0.023721054913347365
-12.84047,0.018680332317654834,0.023739883790582655
-12.83385,0.01869674473534148,0.023758728925911316
-12.82726,0.01871362441978217,0.023777590786649705
-12.82063,0.01873059831123794,0.023796469466534662
-12.81401,0.018747503140154945,0.02381536489697174
-12.8073,0.018764386954759484,0.023834277056861537
-12.80068,0.018781409613807656,0.02385320608472445
-12.79405,0.018798491213849827,0.023872152039947046
-12.78758,0.018815489305845284,0.023891114839215927
-12.78096,0.018832310731286526,0.023910094305271697
-12.77434,0.018848917804289263,0.023929090224218595
-12.76778,0.018865152464739895,0.023948102223726706
-12.76119,0.018880776369448037,0.023967129692581798
-12.75459,0.01889567450967151,0.023986171905464794
-12.74797,0.018910208638369702,0.024005228498357727
-12.74138,0.018924611709027307,0.0240242993398109
-12.73482,0.01893903392202285,0.02404338444945633
-12.72823,0.018953685834166262,0.024062484056975614
-12.72167,0.018968651337186636,0.02408159847556784
-12.71507,0.018984109702080112,0.024100728198507046
-12.70854,0.018999864311002753,0.02411987352213014
-12.70198,0.019015877969818563,0.024139034705028966
-12.69536,0.019031976102603626,0.02415821183206773
-12.6888,0.019047950581631595,0.02417740477967435
-12.68221,0.01906377222396703,0.024196613394554322
-12.67561,0.019079548282288843,0.024215837631568902
-12.66902,0.01909539614811548,0.02423507756255225
-12.66249,0.019111156506252325,0.024254333099637506
-12.65593,0.01912646321547406,0.02427360378959899
-12.64934,0.01914147655744266,0.024292889339052326
-12.64278,0.01915622172017476,0.024312189479426254
-12.63615,0.019171187156872833,0.024331504431374558
-12.62956,0.019186156943395115,0.024350834199306306
-12.62297,0.01920120053271435,0.02437017885659964
-12.61638,0.01921652021778263,0.024389538679806307
-12.60979,0.01923231533167058,0.02440891414437078
-12.6032,0.019248719840262912,0.024428305859263165
-12.5966,0.019265418407653803,0.024447714118987378
-12.59007,0.019282373780487902,0.024467139180440082
-12.58348,0.01929957035031657,0.024486581284328894
-12.57692,0.019316890347736,0.02450604055456956
-12.5703,0.01933419336501538,0.024525516974132952
-12.56371,0.019351064901115083,0.024545010111145713
-12.55705,0.019367738313919598,0.024564519767865205
-12.5504,0.01938445726797,0.024584045989859197
-12.54381,0.01940151978559663,0.02460358912033121
-12.53722,0.019418988623508434,0.02462314956605722
-12.53062,0.01943668281574923,0.024642727552396493
-12.52403,0.019454602116650947,0.024662323304044012
-12.51747,0.019472416254432093,0.02468193671632423
-12.51088,0.019489721580600913,0.02470156728040914
-12.50429,0.01950615387298826,0.02472121412284064
-12.4977,0.0195219284396124,0.024740876586348506
-12.4911,0.019537419333085723,0.02476055438726458
-12.48454,0.019552872323825094,0.024780247487304254
-12.47801,0.019568155190495977,0.02479995571683059
-12.47145,0.019583210263516112,0.024819678848033665
-12.46492,0.019597919306574077,0.0248394165344909
-12.45839,0.019612434321178904,0.02485916858262907
-12.45183,0.019626891299741385,0.024878934934395983
-12.44527,0.019641748289520276,0.02489871598937862
-12.43868,0.019657398551032074,0.024918512541272437
-12.43211,0.019673950622680174,0.024938325491924124
-12.42552,0.019690951656177062,0.024958155289850424
-12.41893,0.01970802594889728,0.024978002008765796
-12.41234,0.019724974643977943,0.02499786552308815
-12.40575,0.019741938120362238,0.02501774584717476
-12.39922,0.01975900336091983,0.02503764308330752
-12.39266,0.019776153800957902,0.02505755731667006
-12.38606,0.019792980412170303,0.02507748822296788
-12.37947,0.01981079481012116,0.025097436790453224
-12.37288,0.019828842251259058,0.025117403252184808
-12.36629,0.01984696957141755,0.025137387687617724
-12.3597,0.01986472659686948,0.02515738972691228
-12.35301,0.019882023524405264,0.02517740890988267
-12.34639,0.019898804501779624,0.025197444720227415
-12.33983,0.01991521785406043,0.02521749679083832
-12.33327,0.019931127630059806,0.025237564618154542
-12.32683,0.01994652924165774,0.02525764769371127
-12.32033,0.01996150631561502,0.025277745593363682
-12.3138,0.01997623626601135,0.025297858069972697
-12.30727,0.01999065531309212,0.02531798481221109
-12.30074,0.020004815414784317,0.025338125561588102
-12.29408,0.020018941528270183,0.02535828028399791
-12.28743,0.020033729388783676,0.025378449640774226
-12.28084,0.02004923183722147,0.025398634347021044
-12.27419,0.020065499193643557,0.025418835167600698
-12.26759,0.020081984419150434,0.02543905232000965
-12.26094,0.020098795937578455,0.025459286130944662
-12.25435,0.020115940682604423,0.025479536933708868
-12.24791,0.020133487762038483,0.025499805130365188
-12.24132,0.020151280685374477,0.02552009096705979
-12.23482,0.02016907903555569,0.025540394449326022
-12.22826,0.020186922059513612,0.025560715621353276
-12.22167,0.020204840114167795,0.025581054558596376
-12.21513,0.020222757530938888,0.0256014112604833
-12.20854,0.02024066247317092,0.025621785714065558
-12.20195,0.020258458105103197,0.02564217781048726
-12.1953,0.02027642522118866,0.02566258772118776
-12.18865,0.020294615376823737,0.025683015668783324
-12.18205,0.02031275592945506,0.02570346160417551
-12.17552,0.02033036495719864,0.025723924995924914
-12.16893,0.020347302329978573,0.025744405171893102
-12.16234,0.020363824501915116,0.02576490171733349
-12.15575,0.020380227888539756,0.025785414513476188
-12.14925,0.02039651665631386,0.025805943445368604
-12.14272,0.02041274382229577,0.02582648845183309
-12.13615,0.020429236708847033,0.02584704979856576
-12.12956,0.02044603425293602,0.025867627789781
-12.12297,0.020462996046200155,0.0258882225901821
-12.11629,0.020479727565439237,0.025908833969421407
-12.1096,0.020496569925514466,0.025929462037906897
-12.10295,0.020513947102535394,0.02595010733094926
-12.09642,0.020532063465486333,0.025970770587868227
-12.08989,0.02055069555847258,0.025991452323970522
-12.08336,0.02056941360048597,0.02601215262565899
-12.07677,0.020587873314057085,0.02603287123456152
-12.07021,0.020605799212681707,0.026053607616469472
-12.06361,0.020622972118518847,0.0260743610188047
-12.05699,0.02063966533814972,0.026095130961876843
-12.05046,0.020656335234290252,0.026115917422027343
-12.0439,0.020673502929124853,0.02613672089747929
-12.03734,0.0206910137409164,0.026157541731364933
-12.03078,0.020708539250637262,0.026178379937959132
-12.02419,0.02072585991820022,0.026199235312844238
-12.01756,0.020742743430518636,0.026220107418841537
-12.011,0.020759106278498668,0.02624099573493171
-12.00438,0.02077483052328353,0.02626189962290705
-11.99785,0.020790164100788096,0.026282818692202732
-11.99123,0.0208052839602884,0.026303752728590802
-11.98467,0.020820336840889592,0.02632470166560389
-11.9781,0.020835302196958373,0.02634566541572309
-11.97154,0.020850251548428872,0.02636664396253055
-11.96498,0.02086538465028451,0.02638763749023009
-11.95839,0.020881012197697082,0.026408646493253737
-11.95177,0.02089706596455798,0.026429671397369413
-11.94521,0.02091380027156947,0.02645071288362821
-11.93852,0.02093138360359001,0.026471771800946117
-11.93184,0.020950016623145898,0.026492849198597745
-11.92522,0.020969245339899054,0.026513945672791077
-11.91863,0.02098851590841924,0.026535061265421826
-11.91197,0.021007491019389753,0.02655619568054321
-11.90535,0.021026064312635727,0.026577348516828955
-11.89882,0.02104429259674816,0.026598519429370655
-11.89232,0.021062026903324406,0.026619707923796435
-11.88579,0.02107907568259901,0.026640913315003602
-11.87929,0.02109541288255558,0.026662134891456322
-11.8727,0.021111107472886508,0.02668337201003728
-11.8661,0.021126392826743567,0.02670462426195372
-11.85951,0.02114152238882454,0.026725891491438572
-11.85298,0.02115639053930476,0.02674717343671413
-11.84645,0.02117127340635865,0.02676847011294988
-11.83983,0.02118638092156105,0.026789781744724735
-11.83321,0.02120170468468474,0.02681110854786424
-11.82668,0.021217161301740922,0.026832450655759538
-11.82011,0.021232675043722216,0.02685380812551331
-11.81352,0.02124848621611502,0.02687518125411489
-11.80696,0.02126460898557486,0.026896570353642187
-11.80034,0.02128087001718114,0.026917975562316725
-11.79375,0.02129696880564866,0.02693939671750097
-11.78713,0.021312973505444435,0.02696083372553126
-11.78053,0.021329259033019726,0.026982286867269216
-11.77394,0.02134584659515058,0.027003756444336394
-11.76732,0.021362839893090985,0.02702524286289364
-11.76079,0.02138009261734379,0.02704674638246562
-11.75417,0.021397864944949902,0.027068267522150385
-11.74757,0.021415875563594134,0.02708980652071014
-11.74101,0.02143383244546456,0.027111363324460108
-11.73448,0.02145130252677937,0.027132937446205034
-11.72786,0.02146849355698657,0.02715452860726379
-11.7213,0.021485744482507358,0.027176136867601886
-11.71471,0.021503264852945507,0.027197762496214632
-11.70818,0.021520874188093623,0.027219405582574054
-11.70165,0.021538423454475934,0.027241066066626442
-11.69505,0.021555677660263544,0.027262743652825258
-11.68843,0.021572592745101798,0.02728443800248386
-11.68187,0.021588996865490224,0.027306148604707543
-11.67528,0.021605235761656117,0.02732787529382281
-11.66866,0.02162159464699071,0.02734961819024405
-11.66209,0.021638433569080788,0.027371377774068485
-11.65553,0.021655807744875077,0.027393154580136858
-11.64897,0.0216737217382943,0.02741494914871904
-11.64238,0.02169209614231542,0.02743676194021371
-11.63582,0.02171083370334233,0.02745859331738296
-11.6292,0.021729913072966678,0.027480443622433664
-11.62254,0.02174920459837179,0.027502313067500953
-11.61586,0.02176876671234474,0.027524201922733804
-11.60924,0.02178852784510167,0.027546110387657075
-11.60265,0.021808395695801643,0.027568038569030732
-11.59602,0.021828174200782896,0.027589986377051585
-11.58943,0.021847603867241924,0.027611953463368942
-11.5829,0.021866360754089095,0.027633939155271722
-11.57631,0.0218842861434188,0.02765594262078722
-11.56975,0.021901420529617528,0.02767796306939094
-11.56319,0.021918106035481826,0.027700000052217615
-11.55663,0.021934644236153714,0.0277220534215403
-11.5501,0.021951286120759878,0.027744123281521316
-11.54356,0.02196822940149109,0.02776620993356294
-11.53697,0.021985406026230395,0.027788313610543368
-11.53044,0.022002762463137756,0.027810434492779458
-11.52382,0.022020290414197737,0.02783257275172122
-11.51726,0.022038192753400354,0.02785472876138797
-11.51061,0.022056690791208033,0.02787690311785115
-11.50404,0.02207558894325291,0.027899096221310274
-11.49745,0.02209480929445956,0.02792130839352546
-11.49089,0.02211406178637521,0.027943539667115328
-11.4843,0.02213324272036882,0.027965789970510826
-11.47774,0.02215222931082143,0.027988059108973073
-11.47112,0.022170734460087924,0.028010346601460304
-11.46455,0.022189362682344303,0.028032652571104065
-11.45793,0.02220747254909451,0.028054976499084065
-11.45137,0.022225470675217008,0.028077318274163255
-11.44478,0.022243649936363245,0.02809967807746573
-11.43819,0.022262038044426436,0.02812205611741707
-11.4316,0.022280395143480573,0.028144452363459752
-11.425,0.02229858695124351,0.028166866650308955
-11.41844,0.02231667694069405,0.028189298875759473
-11.41182,0.022334467010213684,0.028211748740291233
-11.40526,0.022351883368678927,0.02823421587025974
-11.39867,0.02236864903903226,0.028256699614529885
-11.39211,0.022385168758510588,0.0282791997276278
-11.38554,0.022401730562909533,0.028301716251644835
-11.37907,0.022418433804919282,0.02832424932768261
-11.37254,0.02243495383851038,0.028346798772932627
-11.36604,0.02245125726153236,0.02836936437082471
-11.35945,0.022467482757083997,0.028391946042933654
-11.35286,0.02248398164859823,0.02841454406310663
-11.34621,0.022500773099369868,0.028437158723867144
-11.33968,0.022518045821031965,0.028459790506166562
-11.33312,0.022535826208318496,0.028482439918096195
-11.32655,0.02255419205260524,0.02850510754511955
-11.31999,0.02257290410034042,0.028527793733027426
-11.31334,0.022591867656126634,0.028550498733703234
-11.30678,0.022610773338275447,0.028573222489364006
-11.30022,0.022629829369370455,0.02859596514993765
-11.29366,0.022648957871314122,0.028618726788345934
-11.28709,0.022668335151967756,0.028641507653374136
-11.28053,0.022687844990835124,0.028664307877167852
-11.27394,0.022707396316933668,0.028687127501640167
-11.26738,0.02272719014497368,0.028709966769332962
-11.26085,0.022747178061533924,0.02873282587393875
-11.25426,0.02276725407608701,0.02875570490395645
-11.2477,0.02278706811441688,0.028778603597449673
-11.2411,0.022806656993746195,0.02880152172880545
-11.23451,0.02282639753708386,0.02882445945014684
-11.22798,0.022846450261518943,0.0288474170737194
-11.22139,0.02286672055309429,0.028870394816619956
-11.21483,0.022886977728783234,0.028893392666207995
-11.20824,0.022906982222414767,0.028916410369791704
-11.20161,0.022926696917848495,0.028939447637119392
-11.19499,0.02294571641160735,0.028962503773448292
-11.18843,0.02296385875373337,0.02898557790169085
-11.1819,0.02298133562769966,0.029008669355982678
-11.17537,0.022998678247895553,0.02903177800252042
-11.16881,0.023016182156905027,0.029054904002583256
-11.16228,0.02303352485290999,0.029078047194561914
-11.15572,0.023050631268181142,0.029101207342601642
-11.14919,0.02306799321685431,0.029124384702275016
-11.14259,0.0230847439691676,0.029147578661908348
-11.136,0.02310156257567124,0.029170789289814335
-11.12944,0.02311842349515287,0.02919401662834508
-11.12288,0.023135803030389618,0.029217261195695794
-11.11626,0.02315416219810107,0.029240523971900936
-11.1097,0.023173712114910774,0.029263806147772783
-11.1031,0.023193715301843065,0.029287108176128878
-11.09651,0.0232137730947587,0.0293104301120335
-11.08992,0.023233383298657765,0.02933377150791252
-11.08327,0.023252855477297232,0.029357132225272402
-11.07661,0.02327212696827926,0.02938051206386784
-11.07018,0.023291597720958127,0.02940391122315871
-11.06358,0.023311253791528545,0.029427329887907062
-11.05699,0.023331074274082306,0.029450768222982947
-11.05037,0.02335071334411425,0.02947422604696495
-11.04375,0.02336999229484163,0.029497702999313563
-11.03722,0.02338904274484393,0.029521198852049305
-11.03062,0.02340854413814795,0.02954471405607497
-11.02403,0.02342870726784108,0.029568249272714633
-11.01747,0.0234492512309407,0.029591804883275275
-11.01085,0.023469524620922173,0.029615380617151438
-11.00429,0.02348917724513487,0.029638975853204325
-10.99776,0.02350819732042969,0.029662589959358335
-10.99114,0.02352676105086981,0.029686222479212952
-10.9846,0.023545166022032146,0.029709873253651323
-10.9781,0.023563818136339967,0.029733542530297485
-10.97154,0.023582800085487854,0.029757230638954198
-10.96501,0.023601833991732244,0.02978093763118176
-10.95842,0.023620555463897356,0.029804663194949135
-10.95186,0.0236386867683244,0.029828406740126663
-10.94533,0.023656670096502276,0.02985216811834124
-10.93877,0.023674707672008487,0.029875947384266553
-10.93227,0.023692812117512646,0.029899744604833633
-10.92571,0.023710669006417006,0.029923559532019518
-10.91914,0.023727932081623923,0.029947391572452353
-10.91261,0.023744703844032492,0.029971240234864818
-10.90611,0.023761114971266536,0.029995105158224712
-10.89958,0.023777490166718394,0.03001898630702661
-10.89302,0.02379398755906078,0.030042883803459125
-10.88655,0.023810696049067652,0.03006679785826871
-10.87999,0.023827583747040634,0.030090728651043928
-10.87331,0.023844416495863177,0.030114676126759065
-10.86672,0.023861279724482175,0.030138640315542708
-10.86015,0.023878515547158096,0.03016262159045347
-10.85356,0.02389646193963548,0.03018662066206075
-10.84703,0.023915426387185874,0.030210638548045253
-10.84047,0.02393534106622331,0.030234676199064992
-10.83388,0.023954713470475578,0.03025873307283728
-10.82735,0.023975226154937808,0.030282810309267806
-10.82079,0.02399525123917466,0.0303069074211829
-10.8141,0.02401491621917729,0.030331024048395504
-10.80748,0.02403437590341129,0.030355159985242904
-10.80086,0.02405410111020042,0.03037931549769688
-10.79424,0.02407421759377316,0.03040349097704905
-10.78777,0.02409477461385968,0.030427686863528255
-10.7812,0.02411515394299892,0.030451902979817928
-10.77464,0.024134991822069653,0.030476138784490136
-10.76805,0.024154104121556632,0.030500393551523456
-10.76146,0.024172863331868324,0.03052466692827773
-10.7549,0.02419138772275746,0.030548958679970473
-10.74846,0.024210070418419116,0.03057326896457553
-10.74187,0.02422895321246367,0.030597597982529305
-10.73528,0.024248066147742973,0.030621945963987755
-10.72862,0.02426692974978056,0.030646312659146795
-10.72206,0.024285361635288143,0.030670697636812308
-10.71544,0.024303407455403797,0.030695100510889594
-10.70885,0.024321627743928775,0.030719521455449737
-10.70229,0.024340376497647476,0.03074396099942863
-10.69579,0.024359630164824193,0.030768419647798122
-10.68922,0.024378898571557804,0.03079289741482731
-10.68266,0.024398157189826658,0.030817394291183686
-10.67607,0.024417537398254863,0.030841910398450266
-10.66954,0.024437284058666995,0.030866446102703265
-10.66301,0.024457456942624592,0.03089100183061474
-10.65648,0.024478143023005928,0.030915578095395673
-10.64992,0.02449949466829712,0.030940175562170016
-10.64327,0.024521185258413226,0.030964794570266335
-10.63661,0.024542505032445264,0.030989434748876186
-10.62999,0.024562732557956705,0.031014095005360773
-10.6234,0.024581820916723614,0.031038774201023422
-10.61681,0.02460032817994787,0.031063471754783266
-10.61028,0.02461866768040202,0.031088187498501285
-10.60387,0.024636785746679823,0.031112921211277133
-10.59737,0.02465457048988466,0.03113767255973795
-10.59081,0.024672172277436667,0.031162441360466208
-10.58418,0.024690020223634094,0.031187227860019217
-10.57756,0.02470809995369982,0.031212032290202668
-10.57103,0.02472632635599512,0.031236854797333513
-10.56441,0.024744962453864903,0.03126169579149197
-10.55776,0.024764286190798356,0.03128655596031067
-10.5511,0.024784375195997344,0.03131143606863208
-10.54451,0.02480474191279915,0.03133633639466533
-10.53798,0.02482524631288442,0.03136125707615042
-10.53148,0.02484586695916616,0.03138619822893554
-10.52495,0.024866605525982795,0.0314111599713682
-10.51842,0.024887174924850573,0.03143614213429495
-10.51186,0.024907283596360043,0.03146114425654857
-10.50523,0.02492631306433735,0.03148616525932488
-10.49864,0.024945785373628626,0.03151120558550766
-10.49205,0.02496547139737823,0.031536265448392616
-10.48549,0.02498539567086899,0.03156134508669826
-10.47893,0.025005420961796334,0.031586444601456556
-10.47234,0.02502536503896289,0.03161156391101429
-10.46581,0.025045070619718782,0.03163670277736429
-10.45924,0.025064419831086614,0.031661860844124125
-10.45265,0.025083496864763005,0.031687037838683714
-10.44609,0.02510246501958141,0.031712233652632586
-10.43953,0.025121392833312554,0.03173744824564418
-10.43297,0.025140322207509225,0.031762681618860304
-10.42641,0.025159445744259296,0.03178793396689122
-10.41982,0.025178786912569865,0.0318132055073626
-10.41322,0.02519849408697307,0.03183849660585521
-10.40663,0.025218551401068545,0.03186380761296325
-10.40007,0.025239004394985273,0.03188913892440142
-10.39348,0.02525955606504268,0.03191449063840704
-10.38689,0.025280108903649325,0.03193986275659629
-10.3803,0.025300608407894443,0.0319652552256494
-10.3737,0.025320985379176535,0.03199066792260822
-10.36714,0.025340799148869973,0.032016100284745615
-10.36055,0.02536004655664351,0.03204155174569404
-10.35393,0.025378840210768507,0.032067021851261424
-10.34737,0.025397338011703234,0.032092510306082185
-10.34081,0.025415378012014784,0.03211801665237018
-10.33431,0.025432936241471006,0.032143540407976075
-10.32781,0.025450251876181162,0.03216908133075235
-10.32124,0.025467591395940955,0.03219463944455197
-10.31474,0.025484855777910424,0.03222021467386514
-10.30818,0.0255022196389772,0.03224580711857849
-10.30162,0.025519947928833345,0.03227141714313525
-10.29503,0.025538847416231674,0.03229704591829493
-10.28847,0.025558761968649975,0.032322694459589546
-10.28191,0.025579361695542834,0.03234836345220803
-10.27531,0.025600346982115458,0.032374053281265615
-10.26869,0.02562061699742721,0.03239976323192521
-10.26204,0.02564232395908482,0.032425494741128165
-10.25545,0.025664467150350347,0.03245124824472518
-10.24886,0.025686836033944078,0.03247702396885574
-10.24226,0.025709496209636508,0.032502822204819946
-10.2357,0.025732210036536775,0.03252864300587689
-10.22914,0.02575439210937059,0.032554485840719516
-10.22261,0.025775499528783788,0.03258034963472819
-10.21605,0.025795562972557504,0.03260623334348978
-10.20943,0.025815289025844495,0.03263213663002213
-10.2029,0.02583506231266036,0.03265805954163113
-10.19634,0.025855203594802263,0.03268400244587478
-10.18977,0.02587550461738701,0.03270996550293396
-10.18321,0.025895613152286324,0.032735948520341826
-10.17662,0.02591506944651331,0.032761950845420586
-10.17006,0.025933910389492228,0.03278797186328495
-10.16347,0.02595260917129184,0.032814011431769076
-10.15694,0.025971635250655333,0.03284006987779073
-10.15041,0.02599157996399172,0.03286614812043053
-10.14388,0.02601254271640661,0.032892247177741876
-10.13728,0.026034436401652285,0.032918367980195505
-10.13072,0.02605672356478102,0.03294451092174122
-10.12416,0.02607862384116627,0.03297067561550666
-10.11754,0.026099827752592952,0.0329968613646714
-10.11098,0.026120601722671277,0.03302306773977838
-10.10439,0.026141464220944606,0.03304929482935143
-10.09782,0.026162575572847145,0.033075542881838935
-10.09123,0.02618395352628024,0.03310181216427651
-10.0847,0.02620553330524022,0.03312810287854142
-10.07811,0.02622705162652649,0.033154414962720966
-10.07158,0.02624791577739671,0.03318074776312841
-10.06505,0.026268239498046134,0.03320710073934781
-10.05849,0.0262886037748849,0.033233473931499107
-10.05193,0.026309026941305623,0.03325986739891825
-10.0454,0.026330120588205205,0.03328628181211852
-10.0388,0.02635243917051738,0.03331271839557467
-10.03215,0.02637565923318639,0.033339178051182826
-10.02559,0.02639941354634963,0.033365661313263045
-10.01897,0.02642325352779208,0.03339216826702943
-10.01231,0.02644735578766553,0.03341869917518241
-10.00575,0.026471628856413493,0.033445254208606216
-9.99928,0.026495978031491233,0.0334718334430443
-9.99275,0.02652005375596227,0.033498436605455664
-9.98619,0.026543743427381288,0.033525063309783346
-9.97963,0.026566710250709006,0.03355171283276182
-9.97304,0.02658876891075229,0.033578384266655804
-9.96654,0.026609625806302366,0.03360507640976929
-9.95992,0.026629999597769658,0.03363178877850865
-9.95329,0.02665037262997627,0.03365852137255478
-9.94685,0.02667106249708986,0.03368527450887064
-9.94029,0.02669158955508609,0.033712048024157885
-9.93379,0.026711751602884623,0.033738841553888003
-9.92723,0.026731496648918256,0.0337656546810377
-9.92067,0.026750846136740117,0.03379248700963147
-9.91417,0.026770189407179318,0.03381933853393335
-9.90764,0.0267901525787179,0.03384620987384085
-9.90114,0.02681111555023328,0.03387310202875433
-9.89458,0.026832842692957083,0.033900015763255326
-9.88802,0.02685478550089287,0.03392695129302333
-9.88136,0.026876460341396326,0.03395390834961506
-9.87471,0.02689766445212409,0.03398088646275254
-9.86806,0.02691873213879929,0.034007885496026194
-9.86162,0.026940091971522678,0.03403490574128761
-9.85509,0.02696212658701232,0.034061947873712556
-9.84859,0.026984760310313487,0.03408901249244045
-9.84215,0.02700766306283709,0.034116099866118105
-9.83556,0.027030447721045087,0.0341432098770097
-9.82896,0.027052409128226533,0.03417034170187274
-9.82237,0.027073785026442407,0.0341974947547871
-9.81578,0.02709463729819364,0.034224668512571894
-9.80919,0.027115596409307333,0.03425186308208078
-9.80266,0.027137458105267916,0.03427907936551609
-9.79613,0.027160427748419938,0.034306318471270386
-9.78978,0.027184013040250084,0.03433358101510926
-9.78331,0.027207703742528875,0.034360867101957404
-9.77675,0.027231332766842045,0.03438817667053084
-9.77007,0.02725510854696429,0.0344155098675315
-9.76344,0.027278613850610343,0.03444286642209464
-9.75688,0.027301698970370433,0.034470245914521386
-9.75026,0.02732450780131945,0.034497648068503285
-9.74373,0.027347316501470088,0.03452507288354354
-9.73717,0.027369998703921202,0.034552520233572755
-9.73064,0.027391955730844752,0.03457998939344642
-9.72414,0.027412967191749255,0.03460747941719847
-9.71761,0.02743339833010236,0.03463498972493463
-9.71111,0.02745357780189472,0.03466252006501919
-9.70458,0.027473918994468924,0.03469007059873938
-9.69807,0.02749444441305359,0.034717641510777365
-9.69151,0.02751546942643957,0.03474523330071429
-9.68498,0.027536821451534757,0.0347728462951618
-9.67845,0.027558558155367445,0.03480048087924359
-9.67189,0.027580612864567762,0.03482813737096261
-9.6653,0.027603084710505647,0.034855816187022506
-9.65874,0.02762613243024018,0.03488351790375854
-9.65221,0.02764963143559256,0.034911242972486926
-9.64562,0.027673432704282488,0.0349389916950216
-9.63902,0.027697041105373427,0.034966763878934465
-9.63243,0.02772023393167598,0.03499455910867041
-9.62584,0.02774297420257578,0.0350223769312576
-9.61928,0.027765766211889774,0.03505021739889558
-9.61275,0.027789252237620545,0.03507808120563112
-9.60622,0.02781385114992219,0.03510596946393429
-9.59969,0.027837460574638394,0.03513388118476217
-9.59309,0.027862906415847332,0.035161818204507714
-9.58653,0.027888789299918552,0.035189780959818916
-9.57997,0.027914883671542396,0.03521776966262802
-9.57338,0.027941122855179967,0.03524578445774512
-9.56685,0.02796501806942752,0.03527382300081655
-9.56029,0.027994599077102,0.03530189097806429
-9.55373,0.028017790433457677,0.03532998199985116
-9.54717,0.028040976565639867,0.03535809606053668
-9.54063,0.028070553993955093,0.03538623955187209
-9.53407,0.02809373861952281,0.035414406081058156
-9.52751,0.028116918022762966,0.03544259564245631
-9.52098,0.028140104477008272,0.035470808243577776
-9.51445,0.028163288798560088,0.03549904388230389
-9.50786,0.028186455664321094,0.035527302540731234
-9.50127,0.028209623459924584,0.03555558422023412
-9.49474,0.02823280136837584,0.035583888930970774
-9.48821,0.02825597406703219,0.035612216667315205
-9.48167,0.028279145667656387,0.03564056742860845
-9.47514,0.028302317183458773,0.0356689412147849
-9.4687,0.028325501937906453,0.0356973380387135
-9.46214,0.028348663055268366,0.035725757877139344
-9.45558,0.028371822035076363,0.03575420072793896
-9.44899,0.028394969637493873,0.03578266657930354
-9.44246,0.028418130505955215,0.03581115544497407
-9.43596,0.0284412954182984,0.035839667329023744
-9.42943,0.028464448959494064,0.035868202219650036
-9.42278,0.028493959580799567,0.0358967664743161
-9.41612,0.028517084822817694,0.035925353707651805
-9.40947,0.02854020688718284,0.035953963916068886
-9.40291,0.0285697283849654,0.03598260349949044
-9.39638,0.028592873714991213,0.03601126608177786
-9.38985,0.028616013844256827,0.03603995165731446
-9.38332,0.028639154926794936,0.03606866022749742
-9.37682,0.028662300100110928,0.03609739179644649
-9.37032,0.028685440083334266,0.03612614635855564
-9.36385,0.028702209120843234,0.036154917543337876
-9.35735,0.028725348258180808,0.03618371172089192
-9.35078,0.02874209014037987,0.03621252249351202
-9.34413,0.028765194175551168,0.03624135622375539
-9.33751,0.028788302292528132,0.03627021291573287
-9.33092,0.028805034815038513,0.036299086193449195
-9.32436,0.028828151439044224,0.03632798244146445
-9.31786,0.02885127843431612,0.036356901670193335
-9.31126,0.0288680036882484,0.036385837477429774
-9.30473,0.028897495900376415,0.03641480263060993
-9.29817,0.028914228915305273,0.03644378437053591
-9.29164,0.028937338404213243,0.03647278907328068
-9.28514,0.028960455121200837,0.03650181674653042
-9.27867,0.028977201795562776,0.0365308610202709
-9.27214,0.029000305248918643,0.036559928250836364
-9.26564,0.029023415943116394,0.0365890184459256
-9.25914,0.029046524530867538,0.036618131603446014
-9.25261,0.029069621647764825,0.036647267711496734
-9.24608,0.029092719724077325,0.03667642677148058
-9.23952,0.02910943697681874,0.03670560240257357
-9.23283,0.029132494431958533,0.03673480094450072
-9.22624,0.029155573825138136,0.0367640224196913
-9.21965,0.029178651088031776,0.036793266826029056
-9.21312,0.02920173578077276,0.03682253417055687
-9.20665,0.02922483407601235,0.036851824467348845
-9.20009,0.029247911302382832,0.036881137695307493
-9.19356,0.02926461936793126,0.036910467484870736
-9.187,0.029287692661135557,0.03693982020169537
-9.18047,0.029304400475128226,0.036969189480330164
-9.17387,0.0293274583114878,0.03699858167034947
-9.16731,0.02934415645603477,0.03702799041252338
-9.16081,0.029367234572052533,0.03705742208686516
-9.15428,0.02938393266991077,0.03708687031292737
-9.14775,0.02940700052650763,0.037116341460911834
-9.14116,0.029423685663739887,0.03714582914808538
-9.13463,0.029440378931378304,0.037175333382190895
-9.12807,0.029463434691937487,0.03720486052615051
-9.12154,0.02948012771319671,0.037234404217252604
-9.11501,0.029503182851300255,0.037263970817198795
-9.10848,0.029519872559585065,0.0372935539610022
-9.10191,0.02954291835075673,0.03732316000474138
-9.09535,0.02956596108364881,0.03735278894494752
-9.08876,0.02958899838525397,0.037382440776618696
-9.08229,0.02961205913833363,0.037412115523274475
-9.07573,0.029635095543364586,0.03744181316011108
-9.06917,0.029664497501060514,0.03747154005312404
-9.06261,0.029687532453030338,0.03750128983532151
-9.05595,0.029710540851602667,0.03753106247969043
-9.04927,0.029739909585933304,0.037560864347000664
-9.04268,0.029762931453175052,0.03759068909043928
-9.03615,0.029785960986651587,0.03762053671728424
-9.02962,0.02980899148917114,0.037650407228947254
-9.02309,0.029838382377230386,0.037680306985827666
-9.01653,0.029855036687930617,0.037710223250919966
-9.0099,0.029878039408895222,0.03774016237304633
-9.00337,0.02990106149710551,0.03777012437163183
-8.99693,0.02992409777777544,0.037800109260493354
-8.99037,0.029940748238355314,0.03783011065420083
-8.98375,0.02996374496166446,0.037860134899004756
-8.97725,0.029986762352597434,0.037890182015210154
-8.97075,0.03000342063208381,0.03792024564414795
-8.96422,0.03002643074175769,0.03795033213764911
-8.95766,0.030043069719134338,0.037980435124153646
-8.95113,0.03006607593294117,0.038010560971353295
-8.9446,0.030089080052389843,0.03804070967716748
-8.93807,0.03010572041225316,0.038070874877421876
-8.93144,0.030128699006380957,0.03810106291075045
-8.92485,0.030151684138725238,0.0381312737837224
-8.91832,0.03016831939667513,0.03816150114607421
-8.91176,0.030191307121584826,0.03819175135070239
-8.90523,0.030207942153143312,0.03822201804494007
-8.89864,0.030230916405478692,0.03825230756756815
-8.89211,0.030253904643927833,0.038282619933040225
-8.88554,0.030276882100440917,0.038312955130571355
-8.87895,0.030299850041276933,0.03834331315022303
-8.87242,0.030322831995188915,0.03837369400647553
-8.86586,0.030345805328323025,0.03840409769070936
-8.85924,0.03036876042718653,0.038434524184250946
-8.85262,0.030391716476867135,0.038464973488493315
-8.84599,0.030414668231156773,0.03849544559915089
-8.8394,0.030443977634186502,0.03852594687347459
-8.83281,0.030466933599607456,0.03855647095846888
-8.82637,0.03048992025595638,0.038587017884899884
-8.81987,0.030512888661585687,0.038617587634077785
-8.81337,0.030535858054543136,0.038648180207431736
-8.80681,0.0305588122270611,0.03867879558973062
-8.80031,0.030581774395090053,0.03870943378857991
-8.79381,0.03060473755132513,0.03874009480540956
-8.78731,0.030621346907154387,0.03877077228643282
-8.78078,0.030644296558107773,0.03880147257151838
-8.77422,0.030667240597190122,0.03883219565548411
-8.76766,0.03069018254504213,0.03886294153625257
-8.76109,0.030713117138978053,0.03889371020605164
-8.7545,0.030736048299191968,0.03892450166188143
-8.74794,0.030758983970392822,0.03895531590827863
-8.74138,0.030781914489735093,0.03898615293967722
-8.73482,0.030804845982600044,0.039017012757492406
-8.72826,0.030834124425785158,0.03904790170868825
-8.7217,0.030857048381749484,0.03907881343836344
-8.71516,0.03087997773380707,0.03910974795236348
-8.70863,0.030902907216656755,0.03914070525083675
-8.70207,0.03092582491873982,0.03917168532157672
-8.69554,0.030955097793400797,0.039202694520209136
-8.68901,0.030978020742291352,0.03923372649682188
-8.68248,0.031007285511861844,0.03926478759282158
-8.67592,0.031030197350133768,0.039295871455706816
-8.66936,0.03105945346668044,0.03932698442976959
-8.66274,0.031088690498099557,0.039358126495487915
-8.6562,0.031117945696553163,0.03938929767150082
-8.64967,0.0311472004518336,0.0394204979573826
-8.64308,0.03117643610147588,0.03945172733359094
-8.63655,0.03120568551268029,0.039482985814351446
-8.6299,0.031234905455733306,0.03951427337016443
-8.62331,0.03125778876848135,0.039545583664008475
-8.61681,0.03128703715752253,0.039576923061434885
-8.61028,0.03131627617768504,0.03960829155307714
-8.60371,0.031345500512561957,0.03963968912382124
-8.59715,0.0313747274715666,0.03967111577673621
-8.59065,0.03139762243153705,0.03970256517985892
-8.58412,0.03142684803108438,0.039734043663404016
-8.57756,0.03145606728542276,0.03976555122145631
-8.57097,0.03147893521923607,0.039797081502697944
-8.56447,0.03150815986935837,0.03982864086346452
-8.55797,0.03153738492986117,0.039860229304607364
-8.55144,0.03156025956322796,0.03989184047570197
-8.54491,0.0315894697908833,0.03992348071192891
-8.53838,0.03161233999518128,0.03995514367370577
-8.53182,0.03164154148292572,0.03998683569231878
-8.52528,0.0316707417676134,0.04001855676615847
-8.51875,0.03169360517831456,0.040050300558795326
-8.51219,0.03172279896977083,0.04008207340061298
-8.50566,0.03175199383713475,0.04011387529228449
-8.4991,0.031781182301941845,0.04014570622783743
-8.49254,0.03181036810138261,0.040177566204620076
-8.48601,0.0318332169420773,0.040209448885270796
-8.47948,0.03186240453568205,0.040241360608983215
-8.47295,0.031891589476795754,0.04027330137311842
-8.46645,0.03192077554159381,0.04030527117839709
-8.45989,0.03194994834753146,0.04033727001198003
-8.45332,0.03197911621034332,0.04036929786893427
-8.44679,0.032001951203317454,0.04040134841599047
-8.44026,0.032031123178203495,0.04043342799057113
-8.43373,0.032053956813592084,0.04046553025435031
-8.42717,0.03208311386716248,0.0404976615303225
-8.42067,0.032105949953857175,0.04052981549798193
-8.41423,0.032128797734270506,0.040561992169056295
-8.40776,0.03215796806938516,0.04059419786567656
-8.40123,0.03218079084778895,0.04062642624070597
-8.39467,0.032203604684223626,0.04065867728520596
-8.38817,0.03222642718116984,0.040690951007444034
-8.38161,0.03224923689776791,0.04072324739506001
-8.37508,0.032278384491226254,0.040755572785954375
-8.36858,0.03230120054289388,0.040787920848182134
-8.36208,0.03232401760324828,0.04082029158319221
-8.35552,0.03235315095324295,0.0408526913072678
-8.34901,0.03237595826199612,0.04088511369397106
-8.34248,0.03240509353430489,0.04091756507169918
-8.33595,0.03242789488814521,0.040950039106547195
-8.32942,0.03245702211940057,0.04098254212397938
-8.32289,0.03247981907554496,0.0410150677941608
-8.31636,0.03250894437474166,0.04104762244544801
-8.30986,0.0325317408293867,0.04108019974859311
-8.3033,0.0325608541977424,0.041112806020930454
-8.2968,0.03258364932124383,0.04114543494424809
-8.29024,0.0326127546457364,0.041178092828314625
-8.28371,0.03263553841996143,0.041210773352029516
-8.27721,0.03266465574752773,0.04124348284896915
-8.27065,0.03268742510671972,0.04127621497073303
-8.26411,0.032710200116320066,0.041308969723417945
-8.25758,0.032732975404507945,0.04134174710731914
-8.25111,0.032755759573372574,0.04137454713092324
-8.24458,0.03277853077738128,0.041407369781686354
-8.23808,0.032794980064449225,0.041440208737714396
-8.23155,0.0328177444241393,0.04147307031365768
-8.22502,0.03284050979032879,0.041505954510962555
-8.21852,0.03286960611048619,0.04153886766060573
-8.21199,0.032898689743403736,0.04157180974947782
-8.20549,0.03292145541485082,0.04160477446006635
-8.19893,0.03295053011088892,0.041637768101390915
-8.19231,0.03297958505275872,0.04167079065326631
-8.18575,0.03300865445663599,0.04170384213061269
-8.17912,0.03303770478821055,0.041736922514350044
-8.17268,0.03306047011380668,0.04177002551911728
-8.16612,0.03308953190415193,0.04180315744178245
-8.1595,0.0331122536042289,0.0418363119422508
-8.15306,0.03314133560082962,0.041869495380460184
-8.14662,0.03316409529640448,0.04190270143454896
-8.14015,0.03318684590774371,0.04193593009543722
-8.1335,0.03320954900045817,0.04196918131514031
-8.12688,0.033232260149606264,0.042002455102163286
-8.12026,0.033254969235911834,0.042035751454456906
-8.11379,0.03328402993108814,0.04206907672326156
-8.10725,0.03330675353080165,0.04210242457190068
-8.10072,0.03332947745693755,0.04213579500071702
-8.09425,0.03335853090853411,0.04216919433884089
-8.08772,0.033387570593480714,0.04220262257292759
-8.08122,0.033410294947881294,0.04223607338766858
-8.07469,0.03343932664224991,0.042269553089982696
-8.06819,0.03346836588808186,0.042303061687869264
-8.06166,0.03349107645080378,0.04233659285264999
-8.0551,0.033520093453493736,0.042370152890343904
-8.04857,0.0335491180130048,0.042403741808955585
-8.04201,0.0335781328110107,0.04243735959872849
-8.03551,0.03360715623277826,0.04247100626789088
-8.02895,0.033642483266891364,0.042504688120477446
-8.02232,0.033671473188816956,0.04253839881936998
-8.0157,0.033700459801179625,0.04257213836084958
-8.0092,0.03372947550363389,0.04260590677447873
-8.00264,0.033758474246233655,0.0426397040432944
-7.99614,0.03379379769690364,0.04267353649160887
-7.98961,0.03382279809879767,0.04270739779680416
-7.98308,0.033851795888115294,0.04274128795628104
-7.97649,0.03387445848438093,0.042775200634418004
-7.96999,0.03389714369620085,0.04280913585429396
-7.96355,0.03391984130690931,0.04284309362833722
-7.95717,0.03394254829660711,0.04287707396553047
-7.9507,0.03397154867482489,0.042911083159676816
-7.94423,0.03399423277660693,0.04294511489451303
-7.93761,0.0340168756918292,0.04297916912840065
-7.93099,0.03403951960266112,0.04301324586277428
-7.92439,0.03406847908977214,0.04304735141322899
-7.91774,0.03409742082983652,0.043081485761592715
-7.91118,0.034126384705455794,0.04311564893046347
-7.90456,0.03415533145842066,0.04314984090271643
-7.89803,0.034184294303170694,0.0431840616940548
-7.89146,0.034219559232761244,0.04321831760699182
-7.88493,0.03424851961288222,0.043252602337001664
-7.87849,0.03427749617312321,0.04328691589987546
-7.87193,0.03431275453935844,0.04332126457782714
-7.86546,0.034341721404927535,0.04335564207939219
-7.85893,0.03437066805930565,0.04339004838393226
-7.85249,0.03439963705279235,0.0434244835142476
-7.84593,0.03442857425905345,0.043458947438534117
-7.83943,0.03445752043108195,0.0434934401653607
-7.83296,0.034480165652902954,0.04352795539422301
-7.82646,0.034509109985202804,0.04356249942423729
-7.81987,0.03453802671116402,0.04359707222736319
-7.81331,0.03456695118982232,0.04363167381179932
-7.80681,0.034595887731718664,0.04366630418963688
-7.80031,0.03462481864499936,0.04370096335483542
-7.79378,0.03464743569478611,0.04373564499396251
-7.78728,0.03467636476271155,0.04377035541905677
-7.78075,0.03470528084736662,0.04380509461671598
-7.77425,0.034734204740351604,0.0438398625951939
-7.76775,0.03475682023681664,0.04387465304610723
-7.76125,0.034785736210748736,0.04390947226952171
-7.75472,0.03482095049798196,0.04394432656418173
-7.74822,0.0348498640528614,0.04397920962937524
-7.74168,0.03487876213269622,0.04401412144920619
-7.735,0.03491393050258147,0.044049068294370254
-7.72838,0.034942806378133184,0.04408404387240055
-7.72179,0.0349779877628004,0.04411905448840173
-7.71526,0.03501318381924651,0.04415410015749754
-7.70876,0.03504838412649421,0.04418918088395887
-7.70219,0.035077258009563024,0.044224290340934086
-7.69569,0.035112452277232795,0.0442594348492617
-7.68919,0.03514134107356842,0.04429460810348357
-7.68266,0.035170216808727305,0.04432981009012026
-7.67619,0.03519910789706108,0.0443650408249763
-7.66966,0.03522798150892401,0.04440030029057499
-7.66313,0.03525684949571308,0.04443558848087985
-7.65672,0.035279446930587405,0.04447089912580326
-7.65022,0.03530832056868295,0.044506238501541694
-7.64375,0.035337196070728896,0.04454160660955423
-7.63722,0.03536605708603409,0.044577003435778806
-7.63072,0.03539492300495933,0.04461242898513874
-7.62419,0.03542377582121448,0.04464788324411352
-7.61766,0.035446329956515275,0.04468335991445997
-7.61113,0.035475180936916845,0.04471886529303638
-7.6046,0.0355040262982573,0.04475439937381244
-7.5981,0.03553287962951113,0.04478996216520207
-7.59157,0.035561722873181996,0.04482555365712453
-7.5851,0.03559057554700942,0.04486117385861129
-7.57857,0.035613116241002364,0.04489681645810755
-7.57204,0.03564195204789735,0.04493248775073941
-7.56554,0.035670789778232466,0.04496818773802531
-7.55904,0.03569333144343725,0.04500391012433762
-7.55254,0.035722167366099046,0.04503966120394691
-7.54601,0.035750990133144055,0.04507544096328032
-7.53951,0.035779820919588146,0.045111249410800774
-7.53294,0.03580863149165733,0.04514708652629298
-7.52644,0.03583745410059205,0.045182952321396797
-7.51994,0.03585998238016424,0.04521884050222022
-7.51347,0.03588881076568437,0.04525475736888821
-7.50691,0.03591761081051894,0.04529070289263129
-7.50038,0.035946418897346503,0.04532667708193472
-7.49385,0.03597522441187771,0.04536267993423936
-7.48738,0.036004039520513044,0.045398711458739964
-7.48088,0.03603284750891382,0.04543477164874769
-7.47435,0.036061645326054735,0.04547086049409863
-7.46785,0.03609044515491382,0.045506977996399293
-7.46132,0.036119237837793305,0.045543124148935195
-7.45479,0.03614802795158525,0.045579298949150374
-7.44829,0.036176820095250785,0.04561550239866947
-7.44179,0.03620561271621089,0.04565173449840688
-7.43532,0.036234410424041394,0.04568799525346808
-7.42882,0.0362631949034294,0.0457242846502082
-7.42232,0.036291979861285836,0.04576060268954271
-7.41579,0.036320754604270956,0.04579694936126436
-7.40917,0.036349500753075865,0.04583332463635189
-7.40254,0.03637824478184657,0.04586972851312067
-7.39607,0.036400737828330636,0.04590615474063041
-7.38963,0.03642952258496041,0.04594260961018575
-7.38313,0.03645829247343062,0.04597909310734469
-7.37657,0.036487044428778814,0.04601560521417658
-7.37007,0.03652209434122754,0.04605215222823844
-7.3636,0.03655086398019215,0.04608872786969883
-7.3571,0.03657962337154144,0.046125332128317924
-7.35051,0.03660206673374957,0.04616195868764043
-7.34383,0.03663077499310358,0.04619861381298505
-7.33739,0.03665954242076612,0.04623529756357428
-7.33095,0.036688304289651884,0.046272009933438614
-7.32442,0.03672332961938925,0.046308757186460346
-7.31795,0.03675208142785148,0.04634553304914132
-7.31145,0.036780819923444015,0.046382337507753044
-7.30492,0.036809551153805145,0.04641917055546198
-7.29839,0.0368382798278758,0.046456032189724904
-7.29186,0.03686700291509938,0.04649292240454452
-7.28536,0.036895734245074266,0.046529841208605066
-7.27885,0.036924460440331104,0.046566788596783204
-7.27239,0.036953194020242795,0.04660376457606114
-7.26589,0.03698191772520903,0.04664076913699401
-7.25935,0.03700434521810773,0.046677795983376416
-7.25285,0.037033061087801335,0.04671485140318108
-7.24629,0.03706176185160384,0.04675193538172921
-7.23979,0.03709047565871192,0.04678904793208651
-7.23326,0.037119176087525706,0.046826189040459695
-7.22676,0.037147884809233554,0.04686335871558268
-7.22026,0.037176590991626374,0.046900556954929125
-7.2137,0.03721155723224283,0.04693779001813789
-7.20711,0.037240234548864264,0.04697505161671691
-7.20061,0.037268932803865826,0.04701234177163111
-7.19411,0.037297625492690986,0.04704966047690405
-7.18761,0.03733259880012528,0.04708701401359057
-7.18111,0.037361289159326086,0.0471243960987554
-7.17455,0.03739623778869544,0.04716181299024981
-7.16802,0.03742491491569965,0.04719925841701203
-7.16148,0.03745358687413239,0.0472367323738851
-7.15498,0.03748226375737287,0.04727423486538938
-7.14851,0.03750467061048343,0.04731175962193508
-7.14201,0.03753334574685296,0.047349312911814156
-7.13554,0.03755574537752352,0.047386888459114956
-7.12901,0.03758440784638324,0.047424492527103373
-7.12251,0.037613075672947784,0.04746212512115423
-7.11598,0.037648007012606295,0.04749979250436648
-7.10942,0.03768293035209731,0.047537494669171926
-7.10292,0.0377115900007941,0.047575225351900875
-7.09639,0.037740236169844406,0.047612984538659676
-7.08989,0.037768890755495374,0.047650772238304835
-7.0833,0.0378037945515954,0.04768859470004797
-7.07668,0.03783868424117517,0.047726451909368896
-7.07018,0.037873605601140066,0.04776434389838951
-7.06371,0.03790225713834194,0.04780226439730379
-7.05718,0.03793716160998496,0.04784021965862861
-7.05064,0.037965789235876055,0.047878203405952786
-7.04421,0.03799444354992955,0.04791621566599119
-7.03777,0.038029363222418684,0.04795426270369099
-7.03133,0.03805800959300867,0.0479923382461859
-7.0247,0.03808660286954332,0.048030442240371535
-7.01805,0.03811518522348033,0.04806857467491332
-7.01155,0.038143808021496625,0.04810673559070923
-7.00508,0.03817870841084077,0.04814493126536703
-6.99858,0.038213594685598797,0.04818316168435878
-6.99217,0.03825477649357566,0.048221433143663776
-6.98564,0.03829592257874874,0.04825974560755804
-6.97893,0.03833074278864737,0.048298092749736024
-6.97231,0.038359316292323996,0.048336468323937655
-6.96578,0.038394181756802336,0.04837487862214698
-6.95934,0.03842279515000572,0.04841331739189317
-6.95287,0.0384576708361812,0.04845179089590119
-6.94655,0.03849258377202893,0.048490299171449966
-6.94017,0.03852747453581436,0.04852884219595095
-6.93364,0.03855605592347107,0.048567413660447006
-6.92696,0.038590863065014885,0.04860601979068896
-6.9204,0.03861942797887256,0.04864465434405258
-6.9139,0.03864800956790263,0.048683317337654755
-6.90736,0.03867657784541423,0.04872200875819268
-6.90086,0.038711418923630544,0.048760734878061714
-6.8943,0.03873997646211827,0.048799489414151284
-6.8878,0.03877481467316593,0.048838278647152955
-6.88136,0.0388096630291,0.048877102586808115
-6.87483,0.038838220557592486,0.048915954942715514
-6.86839,0.03887306609281626,0.04895484200290357
-6.86186,0.03890161528887809,0.04899375747061488
-6.85536,0.03893017313327932,0.04903270135493583
-6.84883,0.03895872031813475,0.049071673645216876
-6.84236,0.038987278275360644,0.04911067435182668
-6.83586,0.039015828595787706,0.04914970346756067
-6.82936,0.03905064082924951,0.0491887672543447
-6.82286,0.039079182831155725,0.04922785944153789
-6.81633,0.03910771716999663,0.04926698002190947
-6.8098,0.03913624899298918,0.049306128992956465
-6.80327,0.03917103856073607,0.04934531261201443
-6.79677,0.03919957326410377,0.04938452462465655
-6.79024,0.0392280972630446,0.049423765020188644
-6.78374,0.039256623933754224,0.04946303380087587
-6.77721,0.03928514291112178,0.04950233095945721
-6.77068,0.03931992123449114,0.04954166275529154
-6.76415,0.03934843188225932,0.04958102292029414
-6.75765,0.0393769512664675,0.04962041146363872
-6.75115,0.03940546815001364,0.04965982838283741
-6.74461,0.039440229251129166,0.04969927992169551
-6.73814,0.039468749089625464,0.049738759839390655
-6.73158,0.03950350184287928,0.049778274368843405
-6.72508,0.03953200513124404,0.04981781726018447
-6.71855,0.03956676026491835,0.04985739476569157
-6.71211,0.0395952778252585,0.049897000647810864
-6.70564,0.03963004064065846,0.04993664115138606
-6.69914,0.03966479514386849,0.04997631626853737
-6.69261,0.03969327984133317,0.05001601972946969
-6.68608,0.039734275357774795,0.05005576404459307
-6.67964,0.03976903726547335,0.05009554298073956
-6.67314,0.03981003713241463,0.05013536277587697
-6.66661,0.039844764715789606,0.050175217157310804
-6.66011,0.039885757607846725,0.05021511239078624
-6.65349,0.03992045680029131,0.05025504218260865
-6.6469,0.03996141466780776,0.050295012791046353
-6.6404,0.04000239691854658,0.050335024240922836
-6.6339,0.04004963144803588,0.05037508278452958
-6.62749,0.04009062824173671,0.050415182183727474
-6.62093,0.040131582630957834,0.05045532239653718
-6.6144,0.040166286694481856,0.050495497172647646
-6.6079,0.04020724782731876,0.05053571276872119
-6.60146,0.04024822514220644,0.05057596920137756
-6.59502,0.04028919887091696,0.050616266467043196
-6.58858,0.04032391206780563,0.05065659830477742
-6.58205,0.04036485366522841,0.050696970943410004
-6.57539,0.04039950178204849,0.0507373780894662
-6.56886,0.04044043335313508,0.050777826025998694
-6.56245,0.04047514525872024,0.05081830853378232
-6.55608,0.04050986540925054,0.05085882562107657
-6.54967,0.040544568289618166,0.05089937727020043
-6.54311,0.04057922890833341,0.050939963439318905
-6.53664,0.04062016350968945,0.05098059040243173
-6.53014,0.040648580247962814,0.051021245641265776
-6.52364,0.04068324863041822,0.05106193540789925
-6.51711,0.04071790548872211,0.05110265969081937
-6.51064,0.04075257324762389,0.05114341850052084
-6.50411,0.04078722400590434,0.051184211820434415
-6.49767,0.04082189720534128,0.0512250396730177
-6.49117,0.04085654736356886,0.05126590203481847
-6.48473,0.04089121451829662,0.05130679892326947
-6.47829,0.040932127800827875,0.05134773658451107
-6.47179,0.040966768581093466,0.05138870874563021
-6.46529,0.041001409335756876,0.0514297154070351
-6.45879,0.04103604705151333,0.051470756565699514
-6.45232,0.04107068726089042,0.051511832223709725
-6.44582,0.04111156664282279,0.05155294862067097
-6.43932,0.04114619497056914,0.05159409950554173
-6.43285,0.04118707298851459,0.051635291127604815
-6.42635,0.04122169496917877,0.05167651723125566
-6.41988,0.0412625691067359,0.05171778406866471
-6.41332,0.04129716455478833,0.051759085360731524
-6.40685,0.0413380317863244,0.05180042737967583
-6.40031,0.04137262959865088,0.051841803856089136
-6.39388,0.041413498399244734,0.051883221060554374
-6.38738,0.041448101341573375,0.051924672727644984
-6.38094,0.04148271849748343,0.051966158871588605
-6.37444,0.04152355702423274,0.05200768571334641
-6.36797,0.041558159243046386,0.0520492470170446
-6.36156,0.041599019819271235,0.05209084904105443
-6.35503,0.041633595426060654,0.052132485499995766
-6.34856,0.041668188317574864,0.052174156411587944
-6.34206,0.041709012775872446,0.05221586800740979
-6.33556,0.041743587670599325,0.05225761403748964
-6.32909,0.04178441391198166,0.052299400753607984
-6.32262,0.04182523658139999,0.05234122815220543
-6.31609,0.04185979315826157,0.05238308996678049
-6.30962,0.04190060895024678,0.05242499245698241
-6.30312,0.041941412464155794,0.05246693561054532
-6.29665,0.04197597681687453,0.052508913187900366
-6.29018,0.042016782173515496,0.05255093143048465
-6.28371,0.04205758396250397,0.05259299033474307
-6.27724,0.04209213873045863,0.05263508365324659
-6.27074,0.04213292492171048,0.0526772176178514
-6.2643,0.04216748514983312,0.05271938600260734
-6.25783,0.04220827022479553,0.05276159503195309
-6.25133,0.04224280665331693,0.05280383845767512
-6.24486,0.04227734883494719,0.05284611628553924
-6.23836,0.04231187622601174,0.052888428500346904
-6.23192,0.04234642117682969,0.05293077512009099
-6.22542,0.042380945557262684,0.052973156124213557
-6.21895,0.04241547271022787,0.05301557151507933
-6.21245,0.04244999106721073,0.05305802128432528
-6.20601,0.04248452402827009,0.05310050544656793
-6.19957,0.042519050993228454,0.0531430239954033
-6.19307,0.04255356033548751,0.05318557691364175
-6.18657,0.04258183013209163,0.05322815796175021
-6.1801,0.042616339556150004,0.053270773378948234
-6.17363,0.0426508489897678,0.05331342316567817
-6.16719,0.04267912857311839,0.053356101092102017
-6.16066,0.04271984700502702,0.05339881959666138
-6.15422,0.042754356299840035,0.05344157247065111
-6.14769,0.04278883601668581,0.05348435968450667
-6.14125,0.04282333631987576,0.053527181258405776
-6.13466,0.0428640265578338,0.053570043382717765
-6.12816,0.04289850582543845,0.053612939846483736
-6.12172,0.04293923060446717,0.05365587689480665
-6.11525,0.042979945955346405,0.05369885451869139
-6.10875,0.043026882031999655,0.05374187893887672
-6.10231,0.043067595910918445,0.05378494393275631
-6.09578,0.04311451511481892,0.053828055706089346
-6.08931,0.04315521570310979,0.053871208040271595
-6.08278,0.043189659791813446,0.05391439467839722
-6.07628,0.043230344604746916,0.05395762186162236
-6.06984,0.04326481225881502,0.054000883372799346
-6.06337,0.04330549620390111,0.05404418542781235
-6.05687,0.04333993969046366,0.05408752178663602
-6.05037,0.04337438017817143,0.054130892446284
-6.0439,0.043408823643100385,0.05417429740932536
-6.03743,0.043437037011427496,0.054217730446095846
-6.03102,0.04347149577329521,0.054261197801999735
-6.02455,0.043499701012702494,0.05430469322310885
-6.01805,0.04353412711173443,0.05434822293071601
-6.01161,0.043562339226447186,0.05439178071084752
-6.00514,0.04360299436747793,0.05443537900612328
-5.9987,0.043643657999028744,0.05447901782546504
-5.99223,0.04368430907872895,0.05452269715633434
-5.98576,0.04373118151739995,0.05456642321968291
-5.97917,0.043778016675655396,0.054610195978666794
-5.97258,0.043824847673871424,0.05465401542913864
-5.96611,0.04387170777460915,0.05469788159978938
-5.95961,0.04391233093985852,0.054741788254116804
-5.95314,0.043959186138464605,0.054785741624165545
-5.94667,0.04399980802695017,0.054829735476218305
-5.94026,0.0440466735304366,0.05487377605431958
-5.93385,0.044081083641593445,0.05491785090308936
-5.92738,0.044115469577893904,0.054961959997948166
-5.92094,0.044156089779718966,0.055006109573592143
-5.91448,0.044184250701478085,0.05505028717075449
-5.90801,0.04421862772797923,0.055094499005133316
-5.90151,0.04424054707630164,0.05513873261948378
-5.89494,0.0442686672374076,0.055182994214634525
-5.8885,0.04429682157209605,0.055227283824345844
-5.88213,0.044324997850818296,0.055271601470990014
-5.87566,0.04435936441242643,0.05531595334486727
-5.86916,0.04439371584220086,0.055360339430440365
-5.86266,0.04443428991503315,0.05540476595078419
-5.85619,0.0444686472826439,0.05544922668920434
-5.84966,0.044509202384904245,0.05549372784303184
-5.84309,0.04454974468388185,0.05553826939989749
-5.83662,0.0445903140736767,0.05558285138689896
-5.83016,0.044637101244744716,0.05562748002141003
-5.82362,0.044690083727721035,0.055672161499178995
-5.81715,0.044736862394259294,0.055716889616397695
-5.81065,0.04478984515391001,0.05576167057675424
-5.80415,0.04484282627155361,0.055806504379038266
-5.79771,0.044889601415864275,0.05585138481728507
-5.79118,0.04493634172019468,0.05589631185625359
-5.78474,0.044983108740130666,0.05594128552308522
-5.77824,0.04502985314982708,0.05598630579518597
-5.77177,0.04507038103232154,0.05603136645561995
-5.76537,0.04511714855685515,0.056076473744455915
-5.7589,0.04515145397266809,0.05612161519960217
-5.75246,0.04518576274272715,0.056166790824004165
-5.74602,0.045207636295986946,0.056211988182876454
-5.73955,0.04523571604828409,0.05625721348243248
-5.73311,0.04527001680775305,0.05630247294327062
-5.72664,0.04531052510128927,0.05634777277335841
-5.72017,0.04534481335605706,0.056393106752669404
-5.71367,0.04537908631464495,0.05643847486550309
-5.70711,0.04540712462906785,0.05648387087765121
-5.70064,0.045441404276924155,0.05652930103045273
-5.6942,0.045475687337666326,0.05657476532691165
-5.68773,0.04550996108934798,0.056620263758152434
-5.68129,0.04555667101316361,0.056665808760357116
-5.67482,0.04560336451814732,0.05671140031670275
-5.66835,0.045650056968127344,0.05675703842656547
-5.66173,0.04569048430958751,0.0568027168248615
-5.6552,0.045724719547130296,0.056848429319073204
-5.6487,0.04576517770905513,0.05689418213255362
-5.64244,0.045805707744014865,0.05693997533716756
-5.636,0.045846174805800874,0.05698580886955065
-5.62953,0.04589284461257546,0.057031688932881464
-5.62297,0.04593326963919151,0.05707760928240011
-5.61647,0.04597370703878963,0.05712356993006802
-5.61003,0.046007951011492666,0.057169564682883874
-5.60356,0.04604839414936007,0.05721559974002781
-5.59709,0.04608883079869323,0.05726167509460498
-5.59065,0.04613548744727806,0.05730779696704273
-5.58415,0.04617591034924439,0.05735395912361232
-5.57765,0.04621632675034452,0.05740016155740668
-5.57115,0.04625674264197717,0.057446404268347226
-5.56474,0.04630339348173224,0.05749269349138566
-5.55824,0.04634379911673669,0.05753902298091974
-5.55177,0.046384213774255105,0.05758539274639984
-5.54536,0.04642464401997354,0.05763180280342041
-5.53886,0.046465039179318005,0.057678253116497886
-5.5324,0.04650544656942158,0.057724743698289706
-5.52596,0.04653964859158793,0.057771268343438126
-5.51949,0.046580043119096505,0.057817833244045415
-5.51302,0.046620437157229064,0.05786443840005284
-5.50652,0.04666081813149447,0.05791108379841194
-5.50008,0.046701211791878854,0.05795776945139646
-5.49358,0.046741585787791015,0.05800449533977886
-5.48714,0.04678197549462841,0.05805126147927588
-5.4807,0.04682235874298547,0.058098067863022955
-5.4742,0.04686272228404633,0.05814491447174987
-5.46773,0.0469030919571688,0.05819180131159762
-5.46126,0.04693724964637036,0.058238722170176324
-5.45479,0.046977612639103716,0.05828568325321997
-5.44832,0.04701797215529664,0.05833268455726424
-5.44191,0.04705834451096841,0.05837972609473579
-5.43544,0.047104901508592076,0.058426814050713795
-5.42894,0.04714524066990067,0.058473942207377665
-5.42244,0.04719177721665004,0.058521116761707036
-5.416,0.04723833209119377,0.058568337732452944
-5.40956,0.04728488296215815,0.05861560511562397
-5.40309,0.04731901104297336,0.0586629064880277
-5.39665,0.047359351674185084,0.05871024806264114
-5.39018,0.04739347663493549,0.05875762362380966
-5.38368,0.047439990407221445,0.058805045559942704
-5.37721,0.047480310920945026,0.058852507678208245
-5.37077,0.047520637705794844,0.05890000998488585
-5.36433,0.047567159450195046,0.05894755867452927
-5.35796,0.04760750182012141,0.05899514756818522
-5.35155,0.04766022948004776,0.059042789051160824
-5.34511,0.04770673926419535,0.05909047690517838
-5.33849,0.04775318934990988,0.05913821107099285
-5.33189,0.047805841894455615,0.0591859977510729
-5.32539,0.047858519478521655,0.059233836970039505
-5.31905,0.04791744729225688,0.05928173497853115
-5.31276,0.047976386473093866,0.05932969178792019
-5.30635,0.048029079404169776,0.0593777011515671
-5.29988,0.04808794979602984,0.0594257692473706
-5.29323,0.04814055755299643,0.05947388981273255
-5.28688,0.04819325630306146,0.05952206293819963
-5.2805,0.04824594369473849,0.05957028861284726
-5.27409,0.04828622154202859,0.05961855442714721
-5.26766,0.04832648638070468,0.059666860367688083
-5.26115,0.048366724380035996,0.05971520640807155
-5.25472,0.0484007885529294,0.05976358637447206
-5.24828,0.04843484354354072,0.05981200025730322
-5.24187,0.04846271232237167,0.05986044187077865
-5.23549,0.04849678463314883,0.059908917418437985
-5.22905,0.048530831234203,0.059957426874174685
-5.22258,0.04855867259155512,0.060005964033179086
-5.21608,0.04859269678803414,0.06005453507830687
-5.20961,0.04862053016537074,0.060103133818329164
-5.20314,0.048654558760409,0.06015176644889329
-5.19667,0.048694778766324276,0.060200439161422266
-5.19023,0.04874119634116354,0.06024915815307518
-5.18379,0.04878761292744996,0.06029792342329298
-5.17732,0.04882782206081666,0.06034672876463942
-5.17085,0.04887421798498535,0.06039558036350004
-5.16444,0.04891443994688694,0.060444472046332784
-5.15797,0.048948445807317144,0.060493397597057554
-5.15151,0.04898864152704953,0.06054236320512687
-5.14507,0.04902884347328641,0.060591368877193505
-5.13863,0.04906904199202435,0.060640414609842014
-5.13219,0.04911542569070417,0.06068950658784713
-5.12575,0.04915561708518007,0.06073863861933398
-5.11928,0.04920198605588741,0.06078781688189567
-5.11281,0.049248348056187066,0.060837041368156715
-5.10631,0.049294698993070936,0.060886312067487895
-5.09984,0.049341056003896995,0.06093562898597037
-5.0934,0.0493936060880574,0.06098499831626748
-5.08699,0.04943997505635418,0.06103441387768758
-5.08049,0.049492499189860296,0.06108388182542286
-5.07408,0.04954504613034425,0.06113340218186025
-5.06764,0.04959758144958647,0.06118297493581266
-5.0612,0.04965011226563615,0.061232600082788906
-5.05473,0.049708813783319455,0.06128228379309073
-5.04826,0.049761325162414764,0.06133201987700868
-5.04186,0.04982004352211641,0.061381814541523354
-5.03542,0.0498787403193787,0.06143166776467421
-5.02898,0.04993743506054057,0.06148157954483415
-5.02254,0.04998993778665695,0.061531543690000155
-5.01607,0.0500424228269098,0.06158156018208672
-5.00963,0.050088730118213555,0.06163162284376858
-5.00322,0.05013504367862298,0.06168173168132152
-4.99681,0.0501813503201544,0.06173188668742171
-4.9904,0.050227656010580546,0.06178208786154688
-4.98399,0.05026777241234269,0.061832329014420324
-4.97752,0.050307861928781644,0.061882610118762726
-4.97109,0.050335595061971515,0.061932918818612424
-4.96465,0.05036332245199244,0.06198325510824004
-4.95821,0.05038486026306612,0.06203361279766187
-4.95174,0.050406389003301036,0.06208399187824139
-4.9453,0.05042792622757453,0.06213439235846907
-4.93886,0.05045564214604393,0.0621848204166344
-4.93245,0.05048336900726701,0.06223527606410317
-4.92604,0.05051109355549144,0.06228575929857432
-4.91957,0.05053879222382683,0.062336270093774605
-4.9131,0.050572673920822264,0.0623868146331614
-4.90654,0.050600339727981024,0.06243738670087414
-4.90004,0.050640384470931374,0.06248799867543265
-4.89357,0.050686620641857943,0.06253865674868778
-4.88713,0.05074522575916572,0.06258937328959206
-4.88066,0.0508038125343548,0.06264014827940469
-4.87425,0.05087477944981489,0.0626909940986827
-4.86775,0.05093952871452911,0.062741904529805
-4.86131,0.051010470356355975,0.06279288576473241
-4.85484,0.05108139848951754,0.06284393779039066
-4.8484,0.05115233090869352,0.06289506061107177
-4.84193,0.051217064440499366,0.06294624802748991
-4.83553,0.051275640592131425,0.06299749388267921
-4.82918,0.05133422916422025,0.06304879818906187
-4.82277,0.051386610316333604,0.06310015473882549
-4.81633,0.05143897953688821,0.06315156352047296
-4.80989,0.051485166237462104,0.06320301835149623
-4.80345,0.051537523810887394,0.06325452540236376
-4.79707,0.05158990087444178,0.06330608469298146
-4.79067,0.051636089265145395,0.06335769003469251
-4.78423,0.05168225676508599,0.06340934140621006
-4.7777,0.05172839177592156,0.06346103877549214
-4.7712,0.05177453333400468,0.06351278214909174
-4.76479,0.05182687571201609,0.06356457772740552
-4.75841,0.05187305127204992,0.06361641934403722
-4.752,0.05193156365035966,0.0636683193358233
-4.74556,0.05198388215175405,0.06372027150848901
-4.73915,0.05203620974336632,0.06377227587154614
-4.73268,0.05208233691407307,0.06382432622459867
-4.72627,0.052128478346815096,0.0638764225814914
-4.71983,0.05217460825976462,0.06392856493113908
-4.71343,0.05221457437946037,0.06398074710975156
-4.70699,0.052260693760913544,0.06403297527019518
-4.70058,0.05230064934596523,0.06408524324909486
-4.69417,0.05234060156825243,0.06413755104309968
-4.68776,0.05238672039420102,0.06418990481840912
-4.68135,0.052426665625379835,0.06424229840185626
-4.67494,0.05246043508836112,0.06429472561768473
-4.66847,0.05250034957978751,0.0643471926105324
-4.66203,0.05254027432224193,0.06439969939107139
-4.65559,0.05258636729128868,0.06445225212754016
-4.64916,0.05263862826482269,0.0645048569875369
-4.64275,0.05269089490113843,0.06455751397714755
-4.63634,0.05274315711093543,0.06461022309195742
-4.6299,0.05279540121000662,0.06466298431345868
-4.62343,0.05284146286490943,0.06471579145964183
-4.61702,0.05288754204885705,0.06476864454803388
-4.61058,0.052921264191431276,0.06482153122119647
-4.6042,0.05295500795491321,0.06487445150116407
-4.59776,0.052988727425450154,0.06492740536366964
-4.59139,0.05301629725223589,0.064980386658649
-4.58498,0.05304385344754419,0.06503339537290759
-4.57854,0.05307139660374538,0.06508643149342529
-4.57213,0.053105113375273294,0.06513950119340638
-4.56572,0.053132662455177324,0.06519259830558674
-4.55913,0.05316631219697107,0.06524572893068342
-4.55266,0.053199999198380574,0.0652988931055235
-4.54616,0.05324600962576014,0.06535210315396776
-4.53975,0.05330438205088541,0.06540537143800394
-4.53331,0.05337506874817758,0.06545871027150774
-4.5269,0.053445763204446675,0.06551211966265821
-4.52046,0.05351644080909529,0.06556559959462287
-4.51402,0.05358710940177694,0.06561915005798606
-4.50761,0.05365162036486172,0.0656727648955381
-4.50118,0.053709953437065736,0.06572643792940484
-4.49474,0.053762110055351316,0.06578016298273122
-4.4883,0.05381426522102416,0.06583394005449189
-4.48189,0.05387259122717625,0.0658877753155316
-4.47554,0.05392476705634648,0.06594166261525453
-4.46922,0.053976952417041764,0.06599560196361168
-4.46285,0.05402295163881891,0.06604958717448843
-4.45644,0.05406892945286785,0.06610361822608361
-4.44984,0.05411483702542054,0.06615769504863153
-4.44341,0.05416080271777578,0.06621181770022036
-4.437,0.05421293136588591,0.06626599234339715
-4.43062,0.05426506956395998,0.06632021898813117
-4.42421,0.054323354360788216,0.06637450378104064
-4.41777,0.0543816202576773,0.0664288467028299
-4.41136,0.054439895185139246,0.06648324776294877
-4.40495,0.054492004020654086,0.066537700795317
-4.39851,0.05453793356535728,0.0665921996202482
-4.39214,0.05459004858482689,0.06664675042362567
-4.38573,0.054635984142738424,0.06670134702601005
-4.37935,0.054688084024300206,0.06675599559131362
-4.37291,0.05473400054309318,0.06681068993661644
-4.36647,0.05477991318709518,0.0668654300580555
-4.36,0.05482580790720535,0.06692021593731164
-4.35362,0.05487173497094658,0.06697504760713115
-4.34718,0.05492379477011491,0.06702993120027732
-4.34078,0.05497586200202777,0.06708486672376879
-4.33437,0.05503408235448448,0.06713986033115553
-4.32796,0.05509229779029431,0.06719491201753261
-4.32152,0.055144336499275526,0.06725001560577816
-4.31511,0.05519638492314274,0.06730517110602553
-4.30873,0.05524844012137316,0.0673603785250525
-4.30229,0.0552943087498607,0.06741563167590266
-4.29588,0.05533403101552653,0.06747092441263153
-4.28944,0.05537989515760297,0.06752626287713558
-4.28304,0.05542576738427401,0.06758164707708508
-4.27669,0.055471657399896256,0.0676370770306815
-4.27034,0.055523699184023015,0.0676925588897049
-4.26384,0.05556952226925682,0.06774808643509554
-4.25737,0.05562151069659698,0.06780366583261366
-4.25096,0.055679671957708995,0.06785930325508777
-4.24455,0.05573782534601446,0.06791499869424196
-4.23808,0.05578980004045406,0.06797074597182598
-4.23167,0.05584794683489534,0.0680265512599344
-4.22527,0.055912243234818366,0.06808242070776675
-4.21886,0.05597653341652299,0.06813835430953409
-4.21251,0.05604084077155226,0.06819435208240403
-4.20613,0.056098975540037246,0.06825040785339562
-4.19975,0.056157108400013214,0.06830652162102661
-4.19334,0.056215225051011675,0.06836269336910843
-4.18691,0.05626717414654703,0.06841891692968848
-4.1805,0.05631912940050528,0.06847519230934564
-4.17409,0.056371080290636276,0.06853151950372768
-4.16768,0.05642917518590244,0.06858790465643687
-4.1613,0.0564811284685688,0.06864434162627789
-4.15492,0.05653307740897118,0.06870083040892008
-4.14851,0.05658500764035787,0.06875737098526045
-4.14214,0.05663695169305936,0.06881396336953449
-4.13573,0.05669502620048264,0.06887061369222049
-4.12938,0.05674696596621153,0.06892731581815588
-4.12297,0.05680503098655254,0.06898407587303935
-4.11656,0.0568692403451195,0.06904090000122078
-4.11012,0.05693342985933159,0.06909778818246212
-4.10371,0.05699762838037017,0.06915474042618718
-4.09734,0.05706183680900953,0.06921175674230291
-4.0909,0.05712601005822044,0.06926883709524857
-4.08452,0.05718405596457866,0.06932597535808886
-4.07814,0.057248244651094314,0.06938317767361551
-4.07179,0.05730628914898591,0.06944043789722791
-4.06542,0.057358176967278574,0.06949774987267843
-4.05907,0.05741006816516876,0.06955511360335198
-4.05269,0.057461940526989996,0.06961252907001914
-4.04631,0.05750766520088331,0.06966999012541775
-4.03984,0.057559497396730525,0.06972750287710952
-4.03343,0.05761134542573699,0.06978506734050627
-4.02708,0.05766321527347135,0.06984268353783361
-4.02065,0.05772119512890595,0.069900357579136
-4.01427,0.05777918650369641,0.06995808947551443
-4.00786,0.05784330910516364,0.07001588535863082
-4.00145,0.05790742631084757,0.07007374522310095
-3.99507,0.05796540259986341,0.07013166292759605
-3.98869,0.05802952095949225,0.07018964461461237
-3.98232,0.05809978153239876,0.0702476964263715
-3.97597,0.05816389762500314,0.07030581221798417
-3.96959,0.0582279996344781,0.07036399197580244
-3.96321,0.058292096278286055,0.07042223569447213
-3.9568,0.05835617286807032,0.07048054335354656
-3.95039,0.05842024703333753,0.07053891495102674
-3.94405,0.058478201115791946,0.07059734436681854
-3.93767,0.058542273600052826,0.07065583771893441
-3.93132,0.05860635545920541,0.07071439501716481
-3.92497,0.058664290652848686,0.07077301011485566
-3.91856,0.05872219448395573,0.07083168298026186
-3.91225,0.058780135772295815,0.07089041365123293
-3.90587,0.05883190416461465,0.07094919595490748
-3.89952,0.05888367711265475,0.07100802989542893
-3.89311,0.05892928504967826,0.07106690930823152
-3.88677,0.058974916816096144,0.07112583421713278
-3.88042,0.0590205379142974,0.07118480461106552
-3.87401,0.05906613449930667,0.07124382046596192
-3.86766,0.05911175101807035,0.07130288180174701
-3.86128,0.05916962636835866,0.07136200087686023
-3.85484,0.059227476084745156,0.0714211776661132
-3.8485,0.059285360587669804,0.07148041220427002
-3.84215,0.05934937129444762,0.07153971061713574
-3.83571,0.05940720621918043,0.07159906672938413
-3.8293,0.05947118560955898,0.07165848668548212
-3.82286,0.05953514473167349,0.07171797046476969
-3.81648,0.05961139907884072,0.0717775303628764
-3.8102,0.059687686938064616,0.07183716641329127
-3.80388,0.05975781320989549,0.07189687245403847
-3.79753,0.059834060731604764,0.07195665460680321
-3.79115,0.05989801821620301,0.07201650058157019
-3.78474,0.05996195538417065,0.07207641035763125
-3.77834,0.06001362354389503,0.07213637166639959
-3.77196,0.06006529542907878,0.0721963845116052
-3.76558,0.060123094854529706,0.07225645502038634
-3.75929,0.06017479408172825,0.07231657709293794
-3.75298,0.06022648103319753,0.07237675071700264
-3.74666,0.060272022747376315,0.0724369697469446
-3.74019,0.06031136952146248,0.07249722798830169
-3.73378,0.06035073719707036,0.07255752546196567
-3.72737,0.060396231884866175,0.07261786829454689
-3.72099,0.06044173786177698,0.07267825649774858
-3.71465,0.06049338893299423,0.07273869621666212
-3.70827,0.06055728150304984,0.07279919969239881
-3.70183,0.060627279604530036,0.0728597730309364
-3.69545,0.060697296115484356,0.0729204162506742
-3.68901,0.06076727949305597,0.07298112931809876
-3.68266,0.06084342786165605,0.07304191839859323
-3.67629,0.060919561765326306,0.07310278347771128
-3.66991,0.06099568228963325,0.07316372454167545
-3.66353,0.06107179940982536,0.07322474158750619
-3.65718,0.06114179205822038,0.07328582849073213
-3.65086,0.06120565809731403,0.07334697912433122
-3.64455,0.0612633960797965,0.07340818736066757
-3.63817,0.061314971122136255,0.07346944703683815
-3.63182,0.0613665512158481,0.07353075815748156
-3.62544,0.06141811773075673,0.07359212070945453
-3.6191,0.06148195395600166,0.07365354696246397
-3.61269,0.06154575322682114,0.07371503687917978
-3.60631,0.06161569071248019,0.0737765965982301
-3.59996,0.06168563470473319,0.07383822612612169
-3.59352,0.06175553289763853,0.0738999254166873
-3.58711,0.06181931304371106,0.07396168835229328
-3.58077,0.06188311672827131,0.0740235149564632
-3.57439,0.061946895676246984,0.07408540520407399
-3.56801,0.06201067227781764,0.07414735909320352
-3.56166,0.06208058243127526,0.07420938275740369
-3.55547,0.062150550075632534,0.07427147625370305
-3.54918,0.062220473575940065,0.07433363953841954
-3.5428,0.062290353998258594,0.07439587256852075
-3.53636,0.062360200732322575,0.07445817530993995
-3.52989,0.06243003208231995,0.07452054774772886
-3.52348,0.06250600739823878,0.07458299602584186
-3.51711,0.06258811469372137,0.07464552627584174
-3.51085,0.06267638836704081,0.074708144664488
-3.5045,0.06276461719942975,0.07477085114698566
-3.49815,0.0628467118851376,0.07483363958878665
-3.49187,0.06292270842337716,0.0748965038921403
-3.48555,0.06298643527318222,0.07495943178738493
-3.47923,0.06303790775998967,0.07502241101975615
-3.47289,0.0630832477691095,0.07508543545720797
-3.46654,0.06312857987472813,0.07514850509185211
-3.46022,0.06318004023806903,0.07521162605153318
-3.45387,0.06323760878189613,0.07527480444486732
-3.44753,0.06329517679477778,0.07533804027133094
-3.44124,0.06336500126494192,0.07540134578696024
-3.43477,0.06343474703296824,0.07546472091354817
-3.42833,0.06351062060726366,0.07552817177890057
-3.42195,0.06359875173003912,0.07559171064014097
-3.4156,0.06368077066013747,0.07565533138548855
-3.40926,0.06376890726346209,0.0757190401326238
-3.40291,0.06385702936424027,0.075782836866647
-3.39665,0.06394518535264905,0.07584672162183334
-3.39037,0.06402720614627631,0.0759106882630072
-3.38408,0.0640969745788217,0.07597472453741028
-3.37773,0.06416059571501137,0.07603882429819404
-3.37138,0.06421809291071288,0.07610298142142924
-3.3651,0.0642694938795694,0.07616718981045953
-3.35872,0.06432085090253746,0.07623144942180321
-3.35243,0.06437224218127262,0.07629576028969062
-3.34609,0.06442360494231489,0.07636012238522338
-3.33977,0.06448109242726821,0.07642454183354072
-3.33339,0.0645385494946832,0.07648901860426091
-3.32704,0.06460212863107577,0.07655355881903966
-3.32069,0.0646718221168058,0.0766181685926498
-3.31432,0.0647415012544846,0.07668284791076276
-3.308,0.0648173093078624,0.07674760290187264
-3.30162,0.06489308822899137,0.07681243353729544
-3.2953,0.06496888673145536,0.07687733983659886
-3.28896,0.06505078276406139,0.0769423278969204
-3.28267,0.06513269659101419,0.07700739773645691
-3.27632,0.06520846290438828,0.077072543207731
-3.26997,0.0652903345871781,0.07713777041571122
-3.26366,0.0653722197945149,0.07720307937432869
-3.25734,0.06544797986387209,0.07726846395846071
-3.25108,0.06552987064638659,0.07733393029839433
-3.24471,0.06560559627745025,0.07739947222944765
-3.23839,0.06568133741750018,0.07746508976711972
-3.23204,0.06576316934280765,0.07753078900180772
-3.22575,0.06583279808023036,0.07759655773072145
-3.21944,0.0659085249235719,0.07766240205198646
-3.21312,0.06597812596171124,0.077728315839401
-3.2068,0.06605383625752854,0.07779430520264585
-3.20055,0.0661173474943303,0.07786035794264316
-3.19423,0.06618693144660566,0.07792648013173759
-3.18791,0.06625040139261479,0.0779926656563459
-3.18163,0.0663138837266038,0.07805891452884996
-3.17531,0.06637734036159063,0.0781252267231673
-3.16896,0.06644078154938075,0.07819160222428667
-3.16267,0.06651035419190206,0.07825804716364795
-3.15633,0.06658600613451394,0.0783245676201723
-3.15001,0.066661663628692,0.07839116359982551
-3.14372,0.06673732817672336,0.07845783510965945
-3.13738,0.06681907068132632,0.07852458822725193
-3.13109,0.0668886136463205,0.07859141075346432
-3.12474,0.06695812434240238,0.07865830265606508
-3.11839,0.06702762637632224,0.07872526392599156
-3.11211,0.06710326491962976,0.07879230070014519
-3.10588,0.06717281160477125,0.07885940688665677
-3.09963,0.06724844850925184,0.07892658857535385
-3.09337,0.06732407777087326,0.07899384575902059
-3.08705,0.06739356695796656,0.0790611722976201
-3.08064,0.06746300733586245,0.0791285681419827
-3.0743,0.06753247618095645,0.07919603332096728
-3.06798,0.06760805467247838,0.07926357394422244
-3.06169,0.06768974360649845,0.07933119612177689
-3.05537,0.06777141536514851,0.07939889983689123
-3.04909,0.06785920401379865,0.07946669120644863
-3.0428,0.0679469780584782,0.07953457021544919
-3.03651,0.06803474787315415,0.07960253686008538
-3.03023,0.06811641014460261,0.07967058503282051
-3.02394,0.06819805830821941,0.0797387147191509
-3.01762,0.06827968920981071,0.07980692590225053
-3.01131,0.06835521382826225,0.07987521247584281
-3.00505,0.06843685580902518,0.07994358055686707
-2.99876,0.06851237691271186,0.08001202402488218
-2.99245,0.06858177944943321,0.08008053676134134
-2.98619,0.06865729916760349,0.08014912488300292
-2.97994,0.06872061456012077,0.08021777618595893
-2.97365,0.06878390667060205,0.08028649064695668
-2.96736,0.06885329304528956,0.0803552743598601
-2.96108,0.06891657919443094,0.08042412122486134
-2.95479,0.0689920593284529,0.08049304343596086
-2.9485,0.06906142879963749,0.08056203488209568
-2.94222,0.06913690147079748,0.08063110166688331
-2.9359,0.06920624865710072,0.08070023766486847
-2.92955,0.06928167433431906,0.0807694489541559
-2.92326,0.06935712424037906,0.08083873555936878
-2.91698,0.06943257259465561,0.08090809747896166
-2.91066,0.06950799352535757,0.08097753468512954
-2.90437,0.06958342501752687,0.08104704718884198
-2.89815,0.06966498211360435,0.08111664111568108
-2.89189,0.06975261058372167,0.08118632253663946
-2.88564,0.06983414044808202,0.08125608535352867
-2.87929,0.06991561757851711,0.08132592951367286
-2.87294,0.07000318360902776,0.08139586110557219
-2.86665,0.07008467484324386,0.08146587405482407
-2.8604,0.07016617796280142,0.08153596837330583
-2.85408,0.07024763911216224,0.08160614401868051
-2.84782,0.07032302685425837,0.08167639491793427
-2.84151,0.07039838528583559,0.08174672104179134
-2.83525,0.07046766085858164,0.08181711630696914
-2.82906,0.07054306311495567,0.08188758684053961
-2.8228,0.0706123302302486,0.08195812650740604
-2.81654,0.0706876850858654,0.08202874139490879
-2.81023,0.0707691094800214,0.08209943757303223
-2.80391,0.07085052256361273,0.0821702150304816
-2.79759,0.07093192605885373,0.08224107375726876
-2.79125,0.07101941173607085,0.08231201983600718
-2.78493,0.07111299460736507,0.08238305936389227
-2.77861,0.0712065668791833,0.08245419232992483
-2.77229,0.07130622892091452,0.08252542482429652
-2.76607,0.07140592984619791,0.0825967568858532
-2.75987,0.07150562921450365,0.08266818851262832
-2.75362,0.07159311244420338,0.08273970748892914
-2.74739,0.07168059804710636,0.08281131381712997
-2.7411,0.07174976559150703,0.08288298917880192
-2.73482,0.07181284222436643,0.08295472748345012
-2.72853,0.07187590904152355,0.08302652872127468
-2.72221,0.07193286114152671,0.0830983867771736
-2.71596,0.07199593698479066,0.08317030777527716
-2.7097,0.07206509500380587,0.08324229779777693
-2.70342,0.07213423502181067,0.08331435682628213
-2.69713,0.07220945911682355,0.08338649094529618
-2.69084,0.0722907683397608,0.08345870623995795
-2.68449,0.0723659484845703,0.08353099658081957
-2.67818,0.07244723520449672,0.08360336807485776
-2.67189,0.0725346153175294,0.08367582681546655
-2.66557,0.07262197106223572,0.08374837277789314
-2.65935,0.07270937045390324,0.08382100600615577
-2.65309,0.07279674367096452,0.08389372647411072
-2.64684,0.0728841116853698,0.08396653417615077
-2.64058,0.0729653815825535,0.08403942301458497
-2.63429,0.07304663051133667,0.08411239296847088
-2.62804,0.07312180045128852,0.08418543795840007
-2.62178,0.07319696247165244,0.08425855797687916
-2.61546,0.07327208953466,0.08433175298899205
-2.60918,0.07334722684648444,0.08440502300456793
-2.60289,0.0734223562011678,0.08447836801607587
-2.5966,0.0734974794813145,0.08455178801745226
-2.59035,0.07357870029139252,0.0846252891058073
-2.58403,0.07365988361335951,0.08469887124410967
-2.57777,0.0737350027153053,0.08477252836811958
-2.57152,0.07381620413189385,0.08484626655974721
-2.56523,0.07389129633871641,0.08492007971022433
-2.55895,0.07396030139780246,0.08499396173240893
-2.55269,0.07402322200372598,0.0850679065414383
-2.54643,0.07408614050788898,0.0851419141356316
-2.54015,0.07414904423539938,0.08521598450023338
-2.53392,0.07421196434847097,0.08529011765120406
-2.52763,0.07427485311813777,0.08536431355765221
-2.52138,0.07433775635827401,0.0854385722340384
-2.51503,0.07440668697240341,0.08551289970738941
-2.50871,0.07447562958488041,0.08558729599010895
-2.50243,0.07455066987425939,0.08566176717986393
-2.49611,0.07463176501683358,0.08573631933112935
-2.48979,0.07471285650688275,0.08581095244067356
-2.48351,0.07480004397272673,0.08588567260446228
-2.47725,0.07488723128765376,0.08596047982193503
-2.47096,0.07497439975306164,0.08603537407467877
-2.46471,0.07505549868933971,0.08611034929315416
-2.45848,0.07514267996669119,0.08618541155929262
-2.45219,0.07521766422591439,0.08626054867652835
-2.44591,0.0752926473777479,0.08633576064375953
-2.43965,0.07536155027182663,0.08641104138031878
-2.43333,0.07543042089810337,0.08648639085439078
-2.42708,0.07549932061750389,0.08656180909504231
-2.42082,0.07556820694154649,0.08663729608848432
-2.41454,0.07563708076482194,0.08671285182264729
-2.40822,0.07571200912646756,0.08678848235210176
-2.40193,0.07578086372428966,0.08686418160266902
-2.39562,0.07585578519455122,0.08693995564165277
-2.38933,0.07593071056477607,0.08701580447295311
-2.38307,0.07600564191261826,0.08709172810213266
-2.37679,0.07608056021372922,0.08716772651657591
-2.3705,0.07616154592015138,0.08724380578370436
-2.36421,0.07624252216268253,0.08731996589365532
-2.3579,0.07632348480457546,0.0873962068332594
-2.35164,0.07641054359236087,0.08747253469864626
-2.34538,0.07649151503217648,0.0875489434020691
-2.3391,0.07657247287400705,0.08762543293036115
-2.33281,0.07665341917908655,0.0877020032720019
-2.32652,0.0767343560286105,0.08777865441713703
-2.32021,0.0768152792251797,0.08785538635254488
-2.31395,0.0768901448868896,0.08793219302067405
-2.30772,0.07697109266195558,0.08800908050322277
-2.30147,0.07704595114573928,0.08808604271133089
-2.29521,0.07712687402132477,0.08816308570940641
-2.28893,0.07719562702549762,0.08824019732719027
-2.28267,0.07726438756616015,0.08831737757262811
-2.27635,0.07732703757795785,0.08839462033523492
-2.2701,0.07739578949875942,0.08847193171648247
-2.26378,0.07745842921533458,0.08854930560462537
-2.25746,0.07752106389853923,0.08862674199464107
-2.25121,0.07758979982294634,0.08870424698733347
-2.24495,0.07765245469497865,0.08878181450207573
-2.23866,0.07772116250545931,0.08885945059183376
-2.23238,0.07778986696756755,0.08893715525285507
-2.22606,0.07785247581885643,0.08901492238997125
-2.21974,0.07792115206627383,0.0890927580705892
-2.21343,0.07799589712930312,0.08917066836312054
-2.20717,0.07807066462267578,0.08924865329038761
-2.20088,0.07814541081502374,0.08932671283111694
-2.1946,0.07822622461781777,0.08940485305251493
-2.18828,0.0783070143864859,0.08948307393098989
-2.18199,0.07838174207409082,0.08956136940445465
-2.17571,0.0784625366405844,0.0896397455393841
-2.16948,0.07853728288450691,0.08971819628784723
-2.16316,0.0786119769577214,0.08979672159773497
-2.15688,0.07868668264809203,0.0898753214802435
-2.15059,0.0787492407784195,0.08995398378823827
-2.1443,0.07881179391564971,0.09003270851673689
-2.13802,0.07887434428560773,0.09011149566256817
-2.13176,0.0789247650441164,0.09019033309652895
-2.12544,0.0789812195631738,0.09026922685242475
-2.11916,0.07903161885688953,0.09034817087460917
-2.11287,0.0790820119280457,0.09042716515728506
-2.10655,0.07913845344280741,0.09050621574892397
-2.10027,0.07918884051926037,0.09058531659466647
-2.09395,0.0792452732830937,0.09066447374064258
-2.08763,0.07930170154105125,0.09074368718235719
-2.08128,0.07935810682935565,0.09082295689645987
-2.07494,0.07942058238520326,0.09090228895363206
-2.06862,0.07948306329646264,0.09098168335922842
-2.0623,0.07954553627935512,0.0910611401049225
-2.05599,0.07961407831235108,0.09114066526017821
-2.04967,0.07968260965398706,0.09122025881432073
-2.04338,0.07975721361075937,0.09129992683954974
-2.03709,0.07982574933644757,0.09137966326805363
-2.03075,0.07989425353405417,0.0914594680683442
-2.02443,0.07996275972380186,0.09153934124200395
-2.01814,0.08003127899981251,0.0916192828025211
-2.0118,0.08009976669074048,0.09169929271835052
-2.00551,0.08016827208227773,0.09177937100676561
-1.99919,0.08023675923737965,0.09185951764996694
-1.99291,0.08030526184101683,0.09193973266339024
-1.98659,0.08036767191911497,0.0920200099541356
-1.98024,0.0804300642053767,0.09210034950484824
-1.97398,0.0804864360044955,0.09218074529499862
-1.9677,0.08054278993277118,0.09226119730632978
-1.96135,0.08060516775047043,0.0923417115631919
-1.95506,0.0806615101541524,0.0924222820301461
-1.94878,0.080717850426571,0.09250290870465737
-1.9424,0.0807801979864774,0.09258359759449185
-1.93608,0.08084257211530027,0.09266434872619353
-1.92973,0.0809109834719189,0.09274516813661035
-1.92348,0.08098550568100212,0.0928260619369543
-1.91716,0.08105998502329005,0.09290703008441102
-1.91084,0.08114051566192476,0.09298807862987919
-1.90447,0.08122707625267815,0.09306921360376005
-1.89815,0.08131365628887478,0.09315043502547977
-1.89186,0.08140630177613963,0.09323174896007376
-1.88557,0.0814989427518631,0.09331315540344949
-1.87929,0.08158552265418718,0.09339464829453817
-1.873,0.08167208739434646,0.09347622761778603
-1.86668,0.08175863216158576,0.09355789335365722
-1.8604,0.08183913306129299,0.09363963945827071
-1.85414,0.08191357731385279,0.09372145987456959
-1.84789,0.08198196619695851,0.09380334854759721
-1.84163,0.08205034433306162,0.09388530546662321
-1.83534,0.08212475532557434,0.09396733666412464
-1.82903,0.08219309564188117,0.09404943606985636
-1.82277,0.08226751397725587,0.09413160976181756
-1.81645,0.08234794783190615,0.09421386375516662
-1.81017,0.08242839959154592,0.0942961980682029
-1.80388,0.08251489555015223,0.09437861874514211
-1.79756,0.0825953098271335,0.09446111970392353
-1.79121,0.08267570444966844,0.09454370092532995
-1.78496,0.0827561463859214,0.09462636245662429
-1.77867,0.0828365574832077,0.09470910426659472
-1.77242,0.08291093189536729,0.09479192031895015
-1.76616,0.08299134952152969,0.09487481665692128
-1.75993,0.08305966553331955,0.09495778117847778
-1.75368,0.08312796828460776,0.09504081387079001
-1.74745,0.08319022269387355,0.09512390868551415
-1.74114,0.08324031900947779,0.09520705346420873
-1.73476,0.08328432316301936,0.09529024211517378
-1.72844,0.08333440931507219,0.09537348072038124
-1.72212,0.08337843583082966,0.09545676321979756
-1.71593,0.08342858475570672,0.0955400957361693
-1.70967,0.08347869185620808,0.09562347822772625
-1.70335,0.08352875957911124,0.09570691065473107
-1.69704,0.08357883169615282,0.09579039302199009
-1.69069,0.08362887815274367,0.0958739253038786
-1.68437,0.08367893401985901,0.09595750750939118
-1.67806,0.08373504532320816,0.0960411456943762
-1.67171,0.08380323200123779,0.09612485193424414
-1.66539,0.08387142662964395,0.0962086262365294
-1.6591,0.08394568536876364,0.09629247466574214
-1.65276,0.08401991094634226,0.09637639718876302
-1.64641,0.08408807241471614,0.0964603877410921
-1.64012,0.08415626410166006,0.09654444635332834
-1.63377,0.08421836830849894,0.09662856693804024
-1.62746,0.08428653555424066,0.09671275555784432
-1.62114,0.0843486460283057,0.09679700615639354
-1.61491,0.08441080083628712,0.09688131877797511
-1.60863,0.08447292047264748,0.09696569338705217
-1.60231,0.08453501620035557,0.09705012996015976
-1.59596,0.08459709054521958,0.0971346284759448
-1.58962,0.08465311495078656,0.0972191828840647
-1.58324,0.0847151631766987,0.09730379920878363
-1.57686,0.08477115937269679,0.09738847139808239
-1.57051,0.08482716467761699,0.0974731994606538
-1.56422,0.08488320145577695,0.0975579834283507
-1.55791,0.0849452691356795,0.09764282933209825
-1.55165,0.08500735652357301,0.09772773719117535
-1.5453,0.08508148399553439,0.0978127190461421
-1.53905,0.0851556606959933,0.09789777494617301
-1.5327,0.08523581875486289,0.09798291087229426
-1.52635,0.0853220183805842,0.09806813286649076
-1.51994,0.08541422272199653,0.09815344693352776
-1.5136,0.08550041083656072,0.09823884705673631
-1.50719,0.08559260049058655,0.0983243392381194
-1.5009,0.08567880514636877,0.09840991749261133
-1.49458,0.08576498336864516,0.0984955817934014
-1.4883,0.08585117984653087,0.098581332159137
-1.48207,0.08593135394063699,0.09866716256741219
-1.47585,0.08600548127263079,0.09875306697106148
-1.46965,0.08607357398637659,0.09883903933587121
-1.46333,0.08612950926414494,0.09892506750449445
-1.45705,0.0861794171517503,0.09901114544911814
-1.45064,0.08622320940729175,0.09909726705461341
-1.44423,0.08626699819807361,0.0991834323175262
-1.43782,0.08631682223034552,0.09926964727270152
-1.4315,0.08638481960941453,0.09935593009384468
-1.42537,0.08645291783585742,0.09944228088168808
-1.41905,0.08652694247032533,0.09952870556236856
-1.41261,0.08659485629167847,0.09961519802557012
-1.40624,0.08666884423899603,0.09970176434538305
-1.39995,0.08673682807321363,0.09978839851724475
-1.39363,0.08679875272391274,0.09987509448240917
-1.38731,0.0868667121245885,0.09996185827563683
-1.38097,0.08693465198465238,0.10004868987700398
-1.37468,0.08700865662442811,0.10013559535167459
-1.36839,0.08708265540985564,0.10022257469380476
-1.36211,0.08715061239939986,0.10030962186119548
-1.35579,0.08721250598849689,0.1003967307908905
-1.34944,0.08728041593843376,0.10048390749928128
-1.34309,0.0873422796498526,0.100571145939733
-1.33672,0.08740413007116034,0.10065844609938646
-1.33046,0.08746603771890249,0.1007458080354047
-1.32414,0.08752790368995893,0.100833231705755
-1.31783,0.08758977334414529,0.10092071711453118
-1.31154,0.08765164944152427,0.1010082642681734
-1.30519,0.08770744733863452,0.10109586708812561
-1.29884,0.08776324373845186,0.10118352557330788
-1.29253,0.08782509435861818,0.10127124577792404
-1.28618,0.0878869144993047,0.10135902767112545
-1.27992,0.08796085466018118,0.10144688337328854
-1.27358,0.08803474355096055,0.10153481283320799
-1.26723,0.08811465292839811,0.10162282207098108
-1.26091,0.08820061062672462,0.10171091713532555
-1.25453,0.08828049282947438,0.10179909195079721
-1.24818,0.08836038281833096,0.10188734652476565
-1.24184,0.08844027504536509,0.10197568085987939
-1.23555,0.08852018945751632,0.10206409497829988
-1.22929,0.08858804481277145,0.1021525768205535
-1.22301,0.0886558863253837,0.10224112637322832
-1.21672,0.08871768378797186,0.10232973759229164
-1.21043,0.08877344074059298,0.10241840443683735
-1.20418,0.08882318664792921,0.10250712089620964
-1.19789,0.08886687352358208,0.10259588091141476
-1.19157,0.08890450489698774,0.1026846784265751
-1.18517,0.08894812218049518,0.10277351942807296
-1.17882,0.08899779624255282,0.10286240997266295
-1.1725,0.08905351199496292,0.10295135610161871
-1.16615,0.08911524008652535,0.10304036382771713
-1.15987,0.08918303431037171,0.10312943921705243
-1.15352,0.08925078004647505,0.1032185822207895
-1.1472,0.08931854058211604,0.10330779285412393
-1.14082,0.0893802311681727,0.10339706504715838
-1.13448,0.08944796679443692,0.10348640484450937
-1.12816,0.08950968194354136,0.10357580622610264
-1.12181,0.08957137492878096,0.10366526916980574
-1.11556,0.08962708879296873,0.10375478769603189
-1.1093,0.08968882429165309,0.10384436782683924
-1.10301,0.089744509062866,0.10393400351153172
-1.09673,0.08979416403143721,0.10402368871990379
-1.09029,0.08984372550949338,0.10411342335899397
-1.08385,0.08989328305373867,0.10420320742487908
-1.07759,0.0899429379724485,0.1042930410144113
-1.0713,0.08999860193296243,0.10438293013707015
-1.06499,0.09004822286018027,0.10447286874984682
-1.05861,0.09010382328767225,0.1045628628318953
-1.05223,0.0901654488370267,0.10465291840875414
-1.04591,0.09023313069517022,0.10474304153670018
-1.03957,0.09030681881008344,0.10483323822160868
-1.03325,0.09039859323526798,0.10492352655019233
-1.0269,0.09050841978268137,0.10501392457460505
-1.02058,0.09062427749093468,0.10510443832559078
-1.01424,0.09075216745497998,0.10519507983583606
-1.00783,0.09088603113764866,0.10528585507911982
-1.00148,0.09102594081294024,0.10537677010099641
-0.99519,0.0911538285183768,0.10546781287986966
-0.98885,0.09127565255499447,0.10555897735211682
-0.98262,0.09138548074032095,0.1056502515214124
-0.97649,0.09147126732469121,0.10574161134650004
-0.97035,0.09152692425090676,0.10583302669773885
-0.96413,0.09156445737106798,0.10592447945098443
-0.95793,0.09157188756509399,0.10601593950371246
-0.95171,0.0915672601364869,0.10610739479832489
-0.94545,0.09155658433600516,0.10619883928608305
-0.93916,0.09153385036737355,0.10629026090925657
-0.93285,0.09151110664902969,0.10638165965812058
-0.92647,0.09149434264028229,0.10647304151203976
-0.92,0.09148355169026709,0.1065644124445543
-0.91353,0.09148480429041946,0.10665578449922497
-0.90712,0.0915041522800718,0.10674717577100262
-0.90077,0.09153557850662855,0.10683859833849693
-0.89446,0.09159110785824323,0.10693007630481434
-0.88805,0.09165259138998261,0.10702161562381232
-0.8817,0.09172614828085773,0.1071132283692226
-0.87532,0.0917936619114499,0.10720490849781716
-0.86894,0.0918671867980067,0.10729666202045678
-0.8625,0.09192863480948316,0.10738847686072635
-0.85613,0.09199613826339936,0.10748035907402766
-0.84981,0.092063663009963,0.10757230868122163
-0.84349,0.09212516682608629,0.1076643196617938
-0.83717,0.09219268411333781,0.10775639802922565
-0.83086,0.09225418107316623,0.10784853776278723
-0.8246,0.092315705738723,0.10794073889056344
-0.81828,0.09237719008242358,0.10803300137228683
-0.81184,0.09243257826168244,0.10812531911148619
-0.80541,0.09249398793930086,0.10821769813006857
-0.79906,0.09255544021335367,0.10831013847058188
-0.79271,0.0926289178965864,0.10840265215804022
-0.78636,0.09270840899907587,0.10849524520627873
-0.78001,0.09278789380543696,0.1085879176090117
-0.77367,0.09287339120385298,0.10868067537842871
-0.76732,0.09295887877196392,0.10877351850512268
-0.76097,0.09303834421230653,0.10886644096697626
-0.75465,0.0931238334649378,0.10895944878738442
-0.74837,0.09320332790038992,0.10905253597191594
-0.74202,0.09328277427192305,0.10914570247256934
-0.73573,0.09335623297199767,0.10923894230123345
-0.72942,0.09343569098508046,0.10933226145765183
-0.72307,0.09350910490309616,0.10942565389776963
-0.71678,0.09358254609099825,0.10951911964841696
-0.71047,0.09364995903957496,0.10961265268178502
-0.70415,0.09372337386977847,0.10970625899977324
-0.69783,0.09379678003371007,0.10979993859332045
-0.69151,0.09387018333259792,0.10989369145997717
-0.6852,0.09394358688210606,0.1099875175999968
-0.67888,0.09402298794203243,0.1100814230105024
-0.67259,0.09410240372479371,0.11017540770660975
-0.66625,0.09418779484351757,0.11026947766370275
-0.65993,0.09426717692403802,0.11036362687233331
-0.65361,0.09435256687043826,0.11045786134078277
-0.64729,0.09443193911917486,0.11055217505136376
-0.64101,0.09451132641611004,0.11064656801869943
-0.63475,0.09458471202562058,0.1107410342415025
-0.6284,0.09464601694720001,0.11083556163916355
-0.62209,0.09469531840445766,0.11093013820779322
-0.6158,0.09473862132093858,0.1110247579492508
-0.60954,0.09476992008259863,0.1111194088593689
-0.60329,0.09479521040104967,0.11121408492930192
-0.59703,0.09482049570677052,0.11130878615445991
-0.59068,0.09484572458215203,0.11140351247849145
-0.58434,0.09487696330473795,0.11149826991084151
-0.57799,0.09491420480886993,0.11159306445471454
-0.57161,0.09495743331958983,0.11168790209715042
-0.5652,0.09500664518479814,0.11178278882113211
-0.55882,0.0950738970287166,0.11187774266703064
-0.55241,0.09514713265157632,0.11197276961865835
-0.54604,0.09522639097766718,0.1120678756982933
-0.53969,0.09531166494335563,0.11216306692197488
-0.5334,0.09540297533238297,0.11225834932609051
-0.52712,0.09549428176402906,0.11235372290628057
-0.52083,0.09557957172746849,0.11244918164649956
-0.51448,0.09565280661935195,0.11254471349173248
-0.50816,0.09572004557328728,0.11264031244562378
-0.50188,0.09578130126142433,0.11273597252529169
-0.49556,0.09583652259221576,0.11283168769642005
-0.48924,0.09587972695315582,0.11292744594164458
-0.48296,0.09592295540067439,0.11302324728543575
-0.47667,0.0959661744330864,0.11311909171839644
-0.47029,0.0960033279463719,0.1132149731746831
-0.46397,0.09604051829428727,0.11331089169149859
-0.45763,0.0960776935579428,0.11340684725378454
-0.45128,0.09611485696534773,0.11350283984929814
-0.4449,0.09615800523000358,0.113598875463335
-0.43855,0.09620717153619364,0.11369496011392348
-0.43221,0.09625633728692015,0.1137910938001061
-0.4258,0.09631146159696562,0.11388728248091178
-0.41942,0.09636660002659914,0.11398352617044696
-0.41307,0.0964217497087434,0.11407982487954646
-0.40675,0.09647691646063218,0.11417617862567123
-0.40038,0.09652604667094769,0.11427258137232922
-0.394,0.09657516402092166,0.11436903310627386
-0.38762,0.09662428045342163,0.11446553382700242
-0.38133,0.0966614470168165,0.11456207158458513
-0.37495,0.09669855240266959,0.11465864631752128
-0.36861,0.09672368195777833,0.11475524605036323
-0.36223,0.09674878499710722,0.11485187075663707
-0.35591,0.09677392029344818,0.1149485204681583
-0.3495,0.09679900111955679,0.11504519513094258
-0.34312,0.09682409859344404,0.1151418947616242
-0.33678,0.09684921600275014,0.11523861937971286
-0.33034,0.09688027155308743,0.11533537492384359
-0.32393,0.09691134326556024,0.11543216141016503
-0.31752,0.09694840806001558,0.1155289848313653
-0.31111,0.09697947482700432,0.11562583918983148
-0.3047,0.09701053924438079,0.11572272448322432
-0.29823,0.09704755892831343,0.11581964666646442
-0.29186,0.09708464046731967,0.11591660580174155
-0.28548,0.09712171299905382,0.11601360188006672
-0.27913,0.09716479522909903,0.11611064091072033
-0.27272,0.0972018433065554,0.1162077168600123
-0.26634,0.09723890711766578,0.11630482974366252
-0.25993,0.09726995051087363,0.11640197354088337
-0.25343,0.09729494283744525,0.11649914220109497
-0.24696,0.0973259475007905,0.1165963417366204
-0.24059,0.09735101347461445,0.11669356620829599
-0.23421,0.09738206944229254,0.11679082160653796
-0.2278,0.09740111468078787,0.11688809592065158
-0.22139,0.09741416100665545,0.11698538315133056
-0.21492,0.09742117775324353,0.1170826772694584
-0.20851,0.09742823129580784,0.11717997831179296
-0.2021,0.09742928763984653,0.11727728028074205
-0.19566,0.09743032838815532,0.11737458316114852
-0.18922,0.09744335609980545,0.11747189893998605
-0.18276,0.09745037446711792,0.117569221607533
-0.17629,0.0974633820797136,0.11766655715345704
-0.16982,0.09747039612340494,0.11776389958419968
-0.16328,0.09747137107621753,0.11786124286033353
-0.15672,0.09746634445148751,0.11795858098071171
-0.15022,0.0974553636639881,0.11805590799113302
-0.14378,0.09743842654387812,0.11815321793482249
-0.13734,0.09741550243600179,0.11825050482520646
-0.13091,0.09739258658194566,0.11834776867054092
-0.12444,0.09736964515514487,0.11844500944489242
-0.11794,0.0973526808571949,0.11854223312582853
-0.11147,0.09733573670178508,0.11863943973347758
-0.10487,0.09731871088476231,0.11873662918589138
-0.09822,0.09731962857829894,0.11883381942703582
-0.09157,0.09732653610768224,0.11893101644675737
-0.08498,0.09733946691068612,0.11902822626788724
-0.07842,0.09735241826178588,0.119125448911363
-0.07188,0.09736538109333669,0.11922268438865907
-0.06538,0.09737836488217409,0.11931993272030661
-0.05885,0.09739133213481845,0.11941719389020819
-0.05245,0.09740437887625761,0.11951446797775554
-0.04588,0.09741132877976914,0.11961174888585815
-0.03938,0.09741832446279512,0.11970903666065157
-0.03285,0.09742530121597825,0.11980633128324121
-0.02632,0.09743826192939514,0.11990363873719426
-0.0197,0.09744518202950665,0.1200009529823861
-0.01302,0.09746403810916629,0.1200982859548567
-0.00636,0.09748888874722467,0.12019564364875505
0.0002,0.09752577467078202,0.1202930380996974
0.00667,0.09755672742868894,0.12039046337445353
0.0132,0.09758165209080506,0.12048791344458466
0.01973,0.09760657777060178,0.12058538831152228
0.02626,0.09762551634654021,0.12068288198817294
0.03276,0.0976265142688084,0.12078037653346495
0.03932,0.09762747805694301,0.12087787191372812
0.04585,0.09762247603441737,0.12097536216313708
0.05235,0.097611506050248,0.12107284131331215
0.05891,0.09760050293781924,0.12117030933158911
0.06547,0.09758351718940389,0.12126776023534241
0.07213,0.09756646834453662,0.12136519396116689
0.07875,0.09755543199223002,0.1214626165219353
0.08531,0.09754443384247122,0.12156002795581014
0.0919,0.09754538087486457,0.12165744020760612
0.09846,0.09755233194436744,0.12175485928174867
0.10496,0.0975653019559269,0.12185229119713965
0.11162,0.09758415133670766,0.12194974183289073
0.11821,0.09759706372879387,0.12204720525236769
0.1248,0.09761595674109465,0.12214468743620123
0.13142,0.09763482694692921,0.12224218836121767
0.13802,0.09765371101982276,0.12233970804168073
0.14458,0.097672618444056,0.12243724650091826
0.15117,0.0976974835620119,0.12253480969625685
0.15767,0.09771044483998087,0.12263238572419347
0.16423,0.0977233681405531,0.1227299745468121
0.17079,0.09772432816439222,0.12282756420044345
0.17738,0.09771929313109866,0.12292514869046937
0.18394,0.09771427726176743,0.12302272803603867
0.19054,0.09770325538700331,0.12312029623078756
0.19713,0.09769224369460129,0.12321785328530327
0.20369,0.09768125165291044,0.12331539921922124
0.21028,0.0976821958359139,0.12341294596839941
0.21687,0.09767716500633299,0.12351048755823853
0.22343,0.09767215332196104,0.12360802400786847
0.23009,0.09766707761794349,0.12370555525296303
0.23677,0.09765601581535373,0.12380307530785424
0.24339,0.09764499218524962,0.1239005842106735
0.25001,0.09762799003213969,0.1239980759825055
0.25651,0.09761106641398119,0.12409555070219506
0.26308,0.09758812493706687,0.12419300235195409
0.26967,0.09756517034976749,0.1242904309182971
0.27632,0.09753023223660749,0.12438782441816326
0.28294,0.09750129125955745,0.12448518884867323
0.28957,0.097466368594366,0.1245825182277553
0.29622,0.09743741464610903,0.1246798185245569
0.3029,0.09742039440715168,0.12477710167282381
0.30955,0.09741534041152634,0.12487437963838129
0.31621,0.0974102837718757,0.1249716524190071
0.32286,0.09741120792338162,0.1250689259954942
0.32957,0.0974120924153044,0.12516620032784317
0.33623,0.09740703715889518,0.12526346947667524
0.34291,0.09740794348942979,0.12536073940360534
0.34953,0.09740291094962361,0.1254580041693188
0.35612,0.09739790035239031,0.12555526379614496
0.36266,0.09738694858920562,0.1256525123428846
0.36925,0.09737596432058815,0.12574974977668385
0.3759,0.09735300315548501,0.12584696412111157
0.38255,0.09732407235558614,0.12594414940654347
0.38927,0.09729509833861,0.12604130558943183
0.39592,0.0972661728125858,0.12613843271861924
0.40257,0.09723724991432306,0.12623553079674393
0.40922,0.09721429752198754,0.12633260579391992
0.41591,0.09718535511219507,0.12642965172057774
0.42256,0.09715046959737199,0.1265266626335877
0.42921,0.09710961432393492,0.12662363256279932
0.43593,0.09706872271790698,0.12672056147235453
0.44258,0.09702190809542138,0.12681744343918563
0.44923,0.09697509471945598,0.12691427846414735
0.45595,0.09693421458197359,0.12701107248095275
0.46257,0.09689339917669085,0.12710782555425615
0.46925,0.09685254787671736,0.12720453764782413
0.47597,0.09681167869544827,0.12730120874422357
0.48277,0.09677076440283318,0.1273978387984246
0.48955,0.09672986313462395,0.12749442782304232
0.49626,0.0966830435981549,0.12759096990015914
0.50297,0.09663622822291178,0.12768746503394685
0.50966,0.09657749233725119,0.1277839013034856
0.51634,0.09651877055910885,0.1278802787232866
0.52302,0.09644215448899922,0.12797657939906845
0.52971,0.09635956989361613,0.12807279736192312
0.53642,0.09626505126229626,0.1281689206782451
0.5432,0.09617049843943733,0.12826494931391585
0.54994,0.09607000974119428,0.12836087733263288
0.55669,0.09596356139645273,0.12845669877517116
0.56358,0.09586300279572245,0.12855241953141064
0.57051,0.09575646145177312,0.1286480336182527
0.57729,0.09566195165091072,0.12874355306751875
0.58406,0.09557342031787266,0.12883898385767822
0.5909,0.09547888787551441,0.12893431998729332
0.59776,0.09538435465294261,0.12902956145601444
0.60463,0.09528982380475784,0.12912470826623568
0.61146,0.09518935925090792,0.12921975448382417
0.61827,0.09508295546848124,0.12931469416994587
0.62511,0.09497058044223174,0.12940952135339467
0.632,0.09485818259247768,0.12950423601100097
0.63896,0.09474575586961426,0.1295988381143675
0.6458,0.09462744871808951,0.129693321782968
0.65266,0.09451509880380483,0.12978769297366663
0.65959,0.09439675877309886,0.12988194569682282
0.66655,0.09427841148733372,0.12997607994521948
0.67351,0.09415411106043671,0.13007008976532464
0.6805,0.09402384629830823,0.1301639691932428
0.68745,0.09388169616936533,0.13025770634358166
0.69438,0.09372764746779648,0.13035128931735962
0.70134,0.09356763783937708,0.13044471215408954
0.70827,0.09339574095286508,0.13053796296649683
0.71526,0.09321190269797447,0.13063102981287694
0.72224,0.09301617149644423,0.13072390080068655
0.72926,0.09281447560584581,0.13081656996528399
0.73631,0.09260681890990034,0.13090903134550058
0.74342,0.09238723244915838,0.13100127301203893
0.7505,0.09216768316604056,0.13109329500206018
0.75771,0.0919421180302171,0.13118509129944014
0.76485,0.09171661670014765,0.13127666196833304
0.77199,0.09149709294465479,0.13136801298632456
0.77922,0.09127157778007462,0.13145913836169773
0.78645,0.09105204277879146,0.13155004407502854
0.79356,0.09083855264019565,0.13164073617108057
0.80077,0.09061906596675164,0.13173120865302052
0.808,0.0903936350970354,0.13182145557708305
0.81535,0.09016220150391915,0.13191147094066644
0.82259,0.08993084863955686,0.1320012548240081
0.82988,0.08968758178298795,0.13209079531357443
0.83717,0.08943838267655425,0.13218008647712678
0.84444,0.08918921488294702,0.13226912834556953
0.85179,0.0889340741235941,0.1323579149464233
0.85908,0.0886670826612979,0.13244643442894102
0.86644,0.08839412054367969,0.13253468082214218
0.87379,0.08810333218909004,0.13262263630019308
0.88115,0.08779470612907452,0.1327102830254089
0.88863,0.08746818173296912,0.13279760309917504
0.89616,0.0871178537007686,0.13288457271831453
0.90361,0.08674974573466075,0.13297117410283066
0.91106,0.08636381361363031,0.1330573894281788
0.91853,0.08595410312676677,0.13314319491642435
0.92598,0.08551468491703307,0.13322856085983723
0.93358,0.08505142068744614,0.1333134634121478
0.9413,0.0845702876096034,0.13339788470503247
0.94899,0.08407136544375626,0.13348180694938705
0.95668,0.0835546379104824,0.13356521233945484
0.96431,0.08302609446476106,0.13364808905968004
0.97221,0.08248556296938299,0.1337304251222773
0.98015,0.08193911239822062,0.13381221460781945
0.98811,0.0813867599659252,0.13389345161487706
0.99602,0.08081664170701162,0.13397411837758874
1.00407,0.08023460997847132,0.13405420298222745
1.01216,0.07964667185905369,0.134133699522853
1.02019,0.07904692736697073,0.1342125961930486
1.0283,0.07843530605626242,0.13429088111568224
1.03645,0.07780588856567096,0.13436853649502484
1.04469,0.0771645980771137,0.13444555045817555
1.05293,0.07652337103700897,0.13452192306819452
1.06123,0.07587623834089935,0.13459764841989563
1.06959,0.07522914482172217,0.1346727265525249
1.07805,0.07458801542916242,0.13474716342991544
1.08653,0.07394694769977579,0.13482095911416275
1.09508,0.07331780630646506,0.13489412553168187
1.10365,0.07269466521551256,0.13496666868240642
1.11223,0.07207753392835646,0.13503859457656311
1.12086,0.07146044671790408,0.13510990325828906
1.12956,0.07083744861112089,0.13518058881636666
1.13823,0.07020859096034236,0.13525064539163711
1.14683,0.06956794567739148,0.13532006119641476
1.1555,0.06890950784729159,0.1353888184378315
1.16417,0.06822143168130172,0.13545688747796483
1.17296,0.06751555299504566,0.13552425051442182
1.18181,0.06678001467250314,0.13559087788723606
1.19063,0.06602080681564004,0.13565674592725827
1.19948,0.0652497880758525,0.13572184282364738
1.20836,0.06445507616242592,0.1357861448828713
1.21742,0.06364850278083742,0.1358496402440474
1.22649,0.06283607664564866,0.13591232305444512
1.23561,0.062029660348864236,0.135974199323564
1.24474,0.06122333505744525,0.1360352691428328
1.25398,0.060422999582318934,0.13609553850218678
1.26326,0.059634616559166236,0.13615501935372976
1.27263,0.05886411040716238,0.13621372957483321
1.282,0.05810557084026678,0.13627168113209617
1.29137,0.05735899288916531,0.13632888598674814
1.3008,0.056630296491333124,0.13638536202081408
1.31023,0.0559194973452863,0.1364411271315598
1.31956,0.05522068703602657,0.13649619330733967
1.32899,0.05452786351291669,0.13655056653545006
1.33849,0.053841034209442994,0.13660425281019203
1.34801,0.053160212643028795,0.13665725813893592
1.35753,0.05248541025265829,0.1367095885412719
1.36702,0.05182256780702815,0.13676125597712974
1.37651,0.051177605071273516,0.1368122783258334
1.386,0.05054459026083273,0.13686266753572215
1.39555,0.04992349975098948,0.13691243553116866
1.40507,0.04932029048689544,0.1369616001930038
1.4146,0.048723085987454055,0.13701016752641584
1.42418,0.04813780337626189,0.13705814945335557
1.43379,0.047564444118814136,0.13710555789682008
1.44337,0.04701489408157296,0.13715241666641445
1.45286,0.046471367579267044,0.13719873178560024
1.46242,0.04595160861013494,0.13724452702159295
1.47191,0.04544379656417135,0.13728981432166143
1.48137,0.04495384543352436,0.13733461154670576
1.49083,0.0444639492374623,0.1373789187512748
1.50029,0.04397411368032234,0.13742273599642107
1.50981,0.04348431967665364,0.13746606332377045
1.51933,0.04300643975906294,0.13750891264702342
1.52873,0.04252865109444805,0.13755128405772934
1.5381,0.042056854948075144,0.13759318354839095
1.54744,0.04159104714354489,0.13763461710693503
1.55678,0.04113715246512141,0.13767559664690093
1.56615,0.040689230705656575,0.13771612814125078
1.57558,0.0402472707162286,0.1377562175514277
1.58495,0.03981723430733856,0.13779587680136665
1.59431,0.03938725051610772,0.1378351059436893
1.60368,0.03896916417744255,0.1378739168754724
1.61296,0.038557076959142754,0.137912315596161
1.62224,0.038150962969194305,0.1379503080789971
1.63151,0.03774489536671887,0.13798789436997266
1.64076,0.03735073198996632,0.13802508637370664
1.64995,0.03696255233911817,0.13806189007387948
1.6591,0.03658034755755258,0.13809831144493523
1.66826,0.03619818689234533,0.13813435053141285
1.67744,0.03582198892716721,0.13817001329604556
1.68654,0.03544584862808319,0.13820529979603474
1.69566,0.0350756723315866,0.13824021599581535
1.70491,0.03471143264669503,0.13827476783214085
1.71406,0.03435909778421224,0.13830896720934918
1.72304,0.03401276359181436,0.1383428201283547
1.73204,0.03366646388418879,0.13837632662367513
1.74107,0.03332611512818009,0.13840949264590607
1.75011,0.032991726309576704,0.13844232415540714
1.75914,0.03265737707164126,0.13847482119176233
1.76811,0.03232899476598834,0.13850698972145858
1.77711,0.03200656590660831,0.13853883569838418
1.78593,0.03169012800840496,0.13857036511333448
1.79481,0.03137962956250087,0.1386015839054355
1.80366,0.03106917397649462,0.1386324921179293
1.81261,0.03075873347259517,0.13866308976601058
1.82158,0.030460157471531163,0.13869338871381645
1.8304,0.030161645555435337,0.1387233890256942
1.83916,0.029875012743600368,0.1387531025807011
1.84788,0.02958841555881263,0.13878252941403832
1.85664,0.029307762024834774,0.1388116754698083
1.86534,0.02902123304830316,0.1388405348725213
1.87413,0.028734716154736526,0.13886910763396443
1.88289,0.028442322554070934,0.1388973878778122
1.89156,0.028155892129103022,0.13892538156716297
1.90013,0.02787542230684815,0.13895309466213315
1.90874,0.02759497831660752,0.13898052718900622
1.9174,0.02730864100884863,0.1390076732545275
1.92607,0.02703415890084778,0.13903454471352097
1.93474,0.026759709138308278,0.1390611415987434
1.94334,0.026491214174573577,0.1390874698649358
1.95189,0.02622275306459951,0.13911352954551576
1.96043,0.025966151323747872,0.13913933250025334
1.96892,0.025715497595630767,0.13916488467712348
1.97746,0.025470772134426927,0.13919019200405752
1.98595,0.02523199550475285,0.1392152604302475
1.99446,0.024993240897624176,0.13924008997774867
2.00294,0.024766336559683987,0.13926469249641393
2.01143,0.024545368765482432,0.13928907392320802
2.01982,0.02433035028132003,0.13931324020735222
2.02818,0.02411630737980404,0.13933719232401276
2.03657,0.023895204325455194,0.13936092321347787
2.04494,0.02367049831492486,0.13938442927278333
2.05336,0.023443630674218317,0.1394077083399638
2.06157,0.02321185555659168,0.1394307555077397
2.06984,0.022976957663533044,0.13945356765340863
2.07814,0.02273986088377162,0.1394761425777284
2.08641,0.02250416034501539,0.1394984816773198
2.09471,0.02227280469576621,0.13952058929711508
2.10295,0.02204459162448456,0.1395424685792451
2.11122,0.02182119770102716,0.1395641243432985
2.11949,0.021601908654386846,0.13958556069416428
2.12776,0.021390123519169895,0.13960678513536787
2.136,0.021187362910331308,0.1396278066918152
2.14424,0.02098932455573427,0.13964863008577266
2.15227,0.02079293099880406,0.13966925696143717
2.16048,0.020596909021459164,0.1396896876909824
2.16862,0.020404441394165494,0.1397099258286987
2.17677,0.020219760478885816,0.13972997916092236
2.18483,0.020038531136314514,0.13974985113954375
2.19292,0.01985844988510638,0.1397695429126968
2.20097,0.019678931834581196,0.1397890550431551
2.209,0.01950130259915311,0.13980838942012297
2.21712,0.019324920091823298,0.13982754729043276
2.22514,0.019143522524553473,0.13984652363853575
2.2332,0.018960925013307418,0.13986531726493875
2.24129,0.01878027838804216,0.13988393012057046
2.24919,0.018603924549397632,0.13990236649763574
2.25716,0.01842944798479428,0.13992062827389026
2.26506,0.018251868292493426,0.13993871234614577
2.27302,0.018072047780343603,0.13995661647325822
2.28099,0.01788984472639664,0.13997433827310557
2.28896,0.017707700886819777,0.13999187780491382
2.29686,0.017528240988103412,0.1400092377521655
2.30482,0.01735209351120341,0.14002642142775376
2.31273,0.017183668645359175,0.14004343655424956
2.32063,0.017021925553968656,0.14006028981303092
2.32848,0.016866041189356785,0.140076987063182
2.33638,0.016714349566419533,0.1400935324975079
2.34425,0.016564979538282835,0.1401099284371862
2.35216,0.01641910321568793,0.14012617837637317
2.35997,0.016274360063022523,0.1401422834481463
2.36775,0.016130032058383665,0.1401582440672364
2.37553,0.015984682657930818,0.14017405921265658
2.38328,0.01583539263536411,0.1401897249437648
2.39107,0.01568421114326623,0.1402052393687472
2.39885,0.015531025174904857,0.14022060048352597
2.4066,0.015378694086490211,0.14023580914296108
2.41435,0.01522884542051865,0.14025086782908897
2.4221,0.015084303017709888,0.14026578184858154
2.42982,0.014948179210851158,0.14028055962001473
2.43755,0.014819340129698605,0.14029520842773868
2.44527,0.014697190897095827,0.1403097349620001
2.45299,0.014580205802779701,0.1403241443869486
2.46071,0.014466394632263789,0.14033843987612202
2.4684,0.014353483978069922,0.14035262233041373
2.47603,0.014237736305565232,0.14036668891275378
2.48366,0.014116862778137448,0.14038063449690116
2.49132,0.01399241733767936,0.14039445551138277
2.49895,0.013865646378562474,0.14040814963065962
2.50648,0.013736841983245233,0.1404217148208043
2.51402,0.013603160214354407,0.14043514620486194
2.52156,0.013465530827399617,0.1404484398352256
2.5291,0.013326968534713688,0.1404615947786034
2.53673,0.01318730100027789,0.14047460993025668
2.54436,0.013047505147847884,0.1404874851618786
2.55196,0.012909459998703288,0.14050022222375483
2.55958,0.012777232133563554,0.1405128269335987
2.56721,0.012656438942110321,0.14052531072610563
2.57469,0.01254562144699868,0.14053768357642737
2.5822,0.01244383331993866,0.14054995451437174
2.58974,0.012345751493293583,0.14056212724628184
2.59724,0.01225140147647139,0.14057420550353922
2.60475,0.012161014349736396,0.14058619324945243
2.61223,0.012068882679607398,0.14059808873945726
2.61977,0.011974072594881514,0.14060988929481685
2.62724,0.011874120405566254,0.14062158977376016
2.63472,0.011772162697899229,0.14063318817079035
2.64223,0.011668366264664947,0.14064468264682783
2.64955,0.011559361022094912,0.1406560679932689
2.65697,0.011445960241694125,0.14066733981469293
2.66435,0.01132731198212946,0.14067849286319214
2.67174,0.01120734016227227,0.14068952581562447
2.67918,0.01108611007841875,0.14070043741379012
2.68657,0.0109613182043429,0.14071122409545958
2.69401,0.010835848421909659,0.14072188518318543
2.70146,0.01071045417459208,0.14073242075252435
2.70891,0.010590554393710469,0.14074283629755693
2.71638,0.01047809505402749,0.14075313925915334
2.7238,0.010375213240520332,0.14076333921479706
2.73115,0.01028205310570174,0.14077344588570598
2.73848,0.010194531555001482,0.14078346491085014
2.74583,0.010110747587568041,0.14079340002784496
2.75322,0.010027101224434938,0.1408032513739518
2.7606,0.00994187124905549,0.14081301736595503
2.76796,0.009854443688060245,0.1408226958062583
2.77537,0.009767006423058652,0.14083228668482559
2.78273,0.009683395369687098,0.14084179382822198
2.79002,0.009604449567042634,0.1408512219016336
2.79726,0.009527246351266831,0.14086057264720758
2.80452,0.009447851543918851,0.14086984387378096
2.81181,0.009365250280684566,0.14087903237494076
2.81917,0.009280749652590086,0.1408881362510119
2.82646,0.009197604473436125,0.14089715685777485
2.83375,0.009117201670833488,0.14090609693761677
2.84099,0.00904187570264039,0.14091496156693228
2.84828,0.008971543691016805,0.1409237557401389
2.85554,0.0089058301692165,0.14093248407570466
2.86281,0.00884275361596511,0.14094114921022313
2.87007,0.008777369200151241,0.14094974883622782
2.8773,0.008707358695552975,0.140958278327608
2.88457,0.008634250784195522,0.14096673458661452
2.89177,0.008561443961357029,0.14097511791466674
2.899,0.008489800217751947,0.140983429474887
2.90614,0.008415883526661316,0.14099166699384427
2.91331,0.008340011087338258,0.14099982851622953
2.92055,0.008262372339426382,0.1410079122758208
2.92775,0.008183434648200623,0.1410159169732456
2.93489,0.008102470032844934,0.141023840581921
2.94218,0.008019277485883955,0.1410316808740894
2.94942,0.007937202774309503,0.14103943896714605
2.95665,0.007858424002300548,0.14104711815742627
2.96373,0.0077825155021099875,0.14105472131504848
2.9709,0.007706929727006507,0.14106224876245038
2.97807,0.007629896043120021,0.14106969905212968
2.98524,0.007553856305161316,0.14107707317804272
2.99245,0.007480051427242313,0.14108437337470772
2.99965,0.007408729994384204,0.14109160212596528
3.00679,0.007339826436805052,0.14109876184963527
3.01396,0.0072725051458083076,0.14110585412763169
3.0211,0.00720703274559007,0.1411128808092187
3.0283,0.007141980545244381,0.1411198423146724
3.03545,0.007076134462269202,0.14112673784966975
3.04262,0.007008692461972289,0.14113356581872175
3.04973,0.006940724370659049,0.1411403256956817
3.05687,0.006875600929548218,0.14114702032484736
3.06392,0.006813955020592285,0.14115365318405787
3.07097,0.006754651921816486,0.14116022661613367
3.07811,0.006697954986132187,0.14116674322695158
3.08528,0.006645387193192116,0.14117320714609352
3.09242,0.006598709316938922,0.14117962426345343
3.09953,0.006557271799367826,0.14118599981897148
3.10661,0.006520228181496147,0.14119233820692026
3.11375,0.006485698451413127,0.14119864194126414
3.12083,0.006451341523207709,0.14120491119435322
3.12791,0.006414794604982211,0.1412111437766035
3.13493,0.006374760013490693,0.1412173362002854
3.14192,0.006329202936193539,0.14122348294249443
3.14897,0.00627830239182131,0.14122957866023583
3.15599,0.006223139791851963,0.14123561909143093
3.16301,0.006165818973622139,0.141241602077476
3.17003,0.006107061965997935,0.1412475261825874
3.17705,0.0060459152865301145,0.14125338901710346
3.18407,0.005983479800856726,0.14125918929183262
3.19121,0.005922979018498,0.1412649289420174
3.19826,0.005866448000514139,0.14127061193733229
3.20531,0.005814126607599697,0.14127624248701703
3.21229,0.005764655142700492,0.14128182344132728
3.21934,0.005719322285100392,0.1412873589389585
3.22636,0.00567735952232838,0.1412928523495868
3.23338,0.005635532258934643,0.14129830380911712
3.24034,0.005590841597291423,0.14130371045409432
3.24736,0.005542142817188928,0.1413090682760817
3.25438,0.005490371063165174,0.1413143742025108
3.26137,0.0054359883287853124,0.14131962562237788
3.26833,0.005379737081602156,0.14132482066675126
3.27537,0.005321842537485424,0.14132995769282908
3.28233,0.0052632985547536966,0.14133503605109315
3.28932,0.00520480853777768,0.1413400557951576
3.29631,0.005151757407052257,0.14134502236431412
3.30336,0.005107154321308891,0.14134994420668515
3.31035,0.005072535633164689,0.14135483130621573
3.31734,0.005045006863166365,0.14135969075322938
3.32439,0.005022855999370096,0.14136452792570986
3.33141,0.0050065689791286595,0.14136934868708192
3.33836,0.004991161978548428,0.14137415391769165
3.34535,0.004971627273139211,0.14137893948988933
3.35234,0.004944774238384473,0.1413836980849605
3.35933,0.004911975506958064,0.14138842375761376
3.36632,0.00487457154596305,0.14139311190262954
3.37306,0.004826429518795518,0.14139775178127426
3.37987,0.004765424842375984,0.14140233053138254
3.38682,0.0046934477604316654,0.14140683718071712
3.39381,0.004620998007442108,0.1414112712562671
3.4008,0.004555069233040192,0.14141563927941622
3.40773,0.004496960589955257,0.14141994907023783
3.41472,0.004447362420691951,0.14142420913888878
3.42171,0.004407154189446588,0.1414284288757121
3.4287,0.004375851324598352,0.14143261718608427
3.43578,0.004347282617080899,0.14143677680387987
3.44276,0.004317713902813574,0.14144090672938364
3.44972,0.0042870758968823735,0.1414450058932912
3.45668,0.004259443533256194,0.14144907730085998
3.46352,0.004233834957971091,0.14145312297614662
3.47026,0.004205869906756766,0.14145714056257114
3.4771,0.004171123288914486,0.14146112327829574
3.48399,0.0041284253614646636,0.14146506317247243
3.49101,0.004081129105343304,0.14146895564693082
3.49797,0.004031375172732498,0.14147279824354114
3.50499,0.0039831029577727505,0.14147659244449437
3.51195,0.003940553151626224,0.1414803439721408
3.51884,0.0039051574128589426,0.141484059980083
3.52574,0.0038767194404866743,0.1414877474265035
3.53264,0.003851399624445618,0.14149140942956845
3.53957,0.003827653802416595,0.14149504756292144
3.54646,0.0038053894919440347,0.14149866330843286
3.55333,0.0037841757227017212,0.14150225771663086
3.56023,0.0037646232481905752,0.14150583244845977
3.56712,0.003745789833367421,0.14150938822337233
3.57405,0.0037279817638258272,0.14151292606676963
3.58095,0.0037120056605916803,0.14151644781019887
3.58784,0.0036959051388618476,0.14151995332963452
3.59471,0.003679853245477527,0.14152344267369177
3.60158,0.003662388985858115,0.14152691442961968
3.60844,0.003644267719617723,0.14153036794080448
3.61534,0.0036238933745562315,0.14153380095422327
3.62212,0.0035982757336255966,0.14153720822605723
3.62898,0.0035667143264298865,0.14154058381303655
3.63585,0.0035305957831747803,0.14154392315804656
3.64271,0.0034926456943853933,0.14154722442914555
3.64958,0.003453612787706029,0.14155048654393143
3.65645,0.003413775500584706,0.14155370869803358
3.66331,0.0033746762690479355,0.14155689162911145
3.67015,0.003336578321913098,0.1415600363388305
3.67702,0.0032988866903952085,0.14156314323355082
3.68385,0.0032608392199378246,0.14156621195700264
3.69078,0.003224621322937405,0.14156924433927948
3.69768,0.0031920345886073615,0.141572244011519
3.70451,0.003164246616678159,0.14157521577201798
3.71135,0.003141061993181563,0.1415781642245405
3.71818,0.003121687935116379,0.14158109317965015
3.72505,0.003105886213707371,0.14158400620934558
3.73189,0.0030915574581832058,0.14158690478696181
3.73878,0.0030780654334263847,0.1415897897492976
3.74568,0.003064355109702345,0.14159266087768116
3.75252,0.003051035887570227,0.14159551856354832
3.75932,0.0030373266377485197,0.14159836241683446
3.76616,0.0030222581218849577,0.14160119107793573
3.77296,0.0030050714895268433,0.1416040024290929
3.7798,0.0029856048333270616,0.1416067941903385
3.78661,0.002964073245188654,0.14160956429632116
3.79341,0.0029408097145018444,0.14161231101549052
3.80022,0.002916319991441728,0.14161503312167553
3.80699,0.002891011573968148,0.14161772979575069
3.81386,0.0028664780974080586,0.14162040181317762
3.82072,0.0028453962946457375,0.1416230526256282
3.82756,0.002828756958060855,0.14162568667516093
3.83437,0.0028157878134856527,0.14162830763233633
3.8412,0.0028044386966517665,0.14163091711721537
3.84798,0.0027938893863483534,0.1416335159291616
3.85478,0.002782022376344093,0.14163610275090244
3.86159,0.0027655852950986964,0.14163867301238803
3.86839,0.002743793004815731,0.1416412213580134
3.87517,0.0027182300123261426,0.14164374401745639
3.88197,0.0026914765288985464,0.1416462398002592
3.88872,0.0026631160772186556,0.14164870709901053
3.89543,0.0026327276990532303,0.14165114388614022
3.90227,0.0026011534759103243,0.1416535489759661
3.9091,0.002570017450138599,0.14165592280628966
3.91594,0.0025399676456484,0.14165826646374746
3.92277,0.0025108728722710756,0.1416605809033685
3.92958,0.0024848979902048172,0.14166286924463642
3.93642,0.0024632335274842043,0.14166513579840948
3.94322,0.002446029073851333,0.14166738502465906
3.94997,0.0024306057571865263,0.141669618704079
3.95677,0.002416400877377561,0.1416718380555686
3.96358,0.002404259080574822,0.14167404514223236
3.97032,0.0023938747015893776,0.14167624172102114
3.9771,0.002384135929447174,0.14167842843799244
3.98387,0.002372832757794145,0.14168060372874447
3.99068,0.0023612759810282538,0.1416827673393356
3.99748,0.002350020969985701,0.14168491957192295
4.00426,0.0023390241286242093,0.14168706068466203
4.01103,0.00232773935713757,0.14168919038922687
4.01781,0.002318029046205973,0.14169131026049311
4.02455,0.002312909849803064,0.14169342488953726
4.0313,0.002312523675675751,0.1416955390090095
4.03807,0.002315421550235479,0.14169765590338548
4.04478,0.0023197797005830656,0.141699777032879
4.05159,0.0023256162600534362,0.14170190387563453
4.05843,0.0023320794318354822,0.1417040370587032
4.06514,0.0023373587934397157,0.14170617539812938
4.07188,0.002339260285518847,0.14170831551569538
4.07863,0.0023362899903567364,0.1417104525400289
4.08537,0.0023288195492353753,0.14171258197098158
4.09209,0.002315095721361107,0.14171469755475888
4.09877,0.002293905272768536,0.14171679182509508
4.10548,0.0022642706138416764,0.1417188563378252
4.11217,0.0022276672229410988,0.1417208841238095
4.11888,0.002184923919861746,0.14172286904356254
4.12563,0.002136230973269592,0.1417248051474983
4.1324,0.0020843818368128596,0.14172668927906715
4.13917,0.002032878179127673,0.14172852178415074
4.14598,0.001985136063033088,0.14173030642434822
4.15276,0.0019430085626640915,0.14173204881385565
4.15953,0.0019079181951713277,0.14173375599019666
4.1663,0.0018820840903696655,0.1417354372096435
4.17308,0.0018665523516512715,0.14173710277419066
4.17982,0.0018607620170152347,0.14173876242559674
4.18663,0.0018627535628780124,0.14174042394583614
4.19344,0.0018711473036598333,0.14174209373672025
4.20021,0.0018845427215634877,0.1417437768002806
4.20702,0.0019009989334615794,0.14174547619736907
4.21373,0.001915614817647967,0.1417471900871536
4.22047,0.0019270765929423536,0.14174891531596417
4.22719,0.0019339359894634336,0.1417506472814073
4.23393,0.0019362602735996128,0.14175238144801114
4.24062,0.0019332049807650044,0.14175411243654082
4.24727,0.001922592637650816,0.14175583268990702
4.25395,0.0019048987011208182,0.14175753512616904
4.26067,0.0018796338952953649,0.1417592121749085
4.26738,0.0018492400404931358,0.14176085870707375
4.27422,0.0018158357797982976,0.1417624717120331
4.28093,0.001781324842386338,0.1417640500833546
4.2877,0.001749188941518132,0.14176559619615708
4.29445,0.0017209416236531297,0.14176711393861585
4.30119,0.0016977946823802633,0.14176860841149774
4.30794,0.0016792431481321734,0.1417700842102314
4.31468,0.0016648350028062079,0.1417715454778102
4.32143,0.0016566911015897642,0.1417729984788928
4.32823,0.001656544457785065,0.14177445121080692
4.33498,0.0016652432480355336,0.14177591251854246
4.34172,0.0016808624576518986,0.14177738932290887
4.34846,0.0017007407371156381,0.1417788858829854
4.35521,0.0017222870959796637,0.14178040386648041
4.36192,0.0017430249100537267,0.14178194246520245
4.36867,0.0017590812621291019,0.14178349699774784
4.37538,0.001770408125900971,0.14178506273419608
4.38209,0.0017770287549461773,0.14178663496871463
4.38878,0.0017792149712319955,0.14178820926687558
4.3954,0.0017749956898342632,0.1417897792227123
4.40202,0.0017620052787152868,0.14179133606549701
4.40871,0.001741453044709367,0.14179287223350193
4.41542,0.0017137745526335816,0.14179438060011026
4.42216,0.0016819471991273076,0.14179585701689942
4.42894,0.0016494171579949242,0.14179730078124034
4.43565,0.0016201612941339428,0.14179871516684117
4.44237,0.0015984536199619987,0.1418001077223059
4.44908,0.0015842731371972045,0.141801485974823
4.45583,0.001577790389355503,0.14180285762179354
4.46257,0.0015773273727904596,0.14180422868333842
4.46931,0.0015809702273945243,0.1418056032653382
4.47606,0.0015842779416329364,0.1418069810322818
4.4828,0.0015839137277826945,0.1418083583126307
4.48955,0.0015811386596200142,0.14180973269555236
4.49623,0.0015792001718903318,0.14181110501715785
4.50294,0.0015789180161373303,0.14181247693421792
4.50963,0.001578490512665715,0.14181384830136953
4.51631,0.0015787939349276722,0.14181521984914305
4.52296,0.0015805792171429895,0.14181659305976305
4.52965,0.0015821369343051548,0.14181796770572322
4.5363,0.0015795005865353714,0.14181933959252618
4.54307,0.0015712427432076409,0.14182070309922656
4.54994,0.0015625713418178399,0.1418220578123996
4.55672,0.0015567159657803673,0.1418234065475764
4.56331,0.0015531007435052823,0.14182475154507684
4.56996,0.001547442301157311,0.1418260907617645
4.57658,0.001538254768151896,0.14182742066812853
4.58333,0.0015277542847106276,0.1418287399517814
4.59001,0.0015149099488799425,0.14183004626879317
4.59672,0.001498356572600734,0.14183133590977784
4.60341,0.0014790957492580548,0.14183260616766494
4.61015,0.0014608776275336023,0.14183385808522767
4.61687,0.0014470922266074167,0.14183509609477915
4.62361,0.0014358532605090876,0.14183632274318064
4.63032,0.0014256452906750003,0.14183753906140037
4.63707,0.0014165055180761351,0.14183874611730274
4.64381,0.0014092601640791126,0.1418399458056953
4.6505,0.0014035632900583801,0.14184113967500506
4.65715,0.0013957934201715718,0.1418423256518034
4.66383,0.001384606255288636,0.14184350031923415
4.67058,0.0013702724713369424,0.14184466053077502
4.67729,0.0013540411274827664,0.1418458043884335
4.68397,0.0013359761345442655,0.14184693005892424
4.69066,0.0013165107979029667,0.14184803614192537
4.6974,0.0012983000708907389,0.14184912389172646
4.70412,0.0012834901516894383,0.1418501967095116
4.71083,0.0012720254071953705,0.14185125794045228
4.71754,0.001263222168573199,0.1418523102456718
4.72429,0.0012566551147303036,0.14185335586180634
4.73103,0.0012526762518690444,0.1418543973770437
4.73775,0.0012505615315003297,0.14185543665511868
4.74446,0.001249403412508115,0.14185647465302137
4.75117,0.0012481232922335582,0.14185751124875973
4.75789,0.0012463811024895164,0.1418585459798944
4.76457,0.001244363099350419,0.14185957857096274
4.77129,0.0012430541997824186,0.14186060973112796
4.77797,0.0012424056012747288,0.14186164012025831
4.78465,0.001242387658862215,0.14186267036941086
4.7913,0.0012417886698337483,0.1418636998975105
4.79805,0.0012384717587627055,0.14186472598637875
4.80482,0.0012325248221506093,0.14186574600641644
4.81148,0.001223615035886981,0.14186675699464435
4.81816,0.001213447662440663,0.14186775769311816
4.8249,0.0012022083336856622,0.1418687470303593
4.83159,0.0011915572047790665,0.1418697255945137
4.83827,0.0011826998212968744,0.14187069517893172
4.84495,0.0011736425648752509,0.1418716555841414
4.85158,0.0011629535850566954,0.14187260517836517
4.85829,0.0011488223378288327,0.14187354051905465
4.865,0.0011326324079551913,0.14187445954792802
4.87178,0.0011169662008553738,0.1418753627888061
4.87852,0.0011042965266485026,0.14187625323778888
4.88521,0.0010971093333348102,0.14187713637769458
4.89189,0.0010949071136806092,0.14187801719349347
4.8986,0.0010973841435652587,0.14187890036409087
4.90532,0.001103122444305744,0.14187978915117117
4.91203,0.0011107946047267255,0.14188068548859056
4.91875,0.0011186201139151638,0.1418815895293284
4.92546,0.0011247693307967607,0.14188249959748028
4.93214,0.001128525422219393,0.14188341329989188
4.93886,0.0011291129896070196,0.14188432746770796
4.94554,0.001126341095639352,0.14188523874181674
4.95222,0.0011192140446284874,0.14188614276707048
4.95888,0.0011071896388540577,0.14188703464570673
4.96553,0.0010907327207563943,0.14188790994560094
4.97221,0.0010717278645772793,0.1418887661188625
4.97887,0.001051485107308828,0.14188960192718267
4.98558,0.0010298123566043734,0.14189041594103244
4.99229,0.0010073575491054332,0.14189120737836428
4.99904,0.0009862019411177132,0.14189197753804683
5.00578,0.0009685805240768987,0.14189272995465882
5.01253,0.0009551865702697774,0.14189346885568555
5.01921,0.0009462203938873825,0.14189419866843278
5.02589,0.0009414196536076246,0.14189492355873703
5.03264,0.0009388826250572789,0.1418956457904091
5.03932,0.0009369992618755344,0.14189636601664246
5.046,0.000932605739874836,0.14189708172767881
5.05269,0.0009249624308860875,0.14189778967375313
5.0594,0.0009128017091994616,0.1418984853370965
5.06609,0.000898567294944947,0.14189916664439098
5.0728,0.0008851173135130353,0.1418998343801043
5.07951,0.0008746482403098292,0.14190049152476292
5.08617,0.0008686220181546589,0.14190114252155367
5.09285,0.0008657642469573047,0.1419017905389625
5.09956,0.0008664488394972876,0.14190243911900996
5.10628,0.0008700196591045682,0.1419030911483362
5.11296,0.0008758820540539046,0.14190374891847424
5.11977,0.0008839914602102289,0.14190441467622122
5.12648,0.00089454003758266,0.14190509086101957
5.13322,0.0009096007600988317,0.14190578198506237
5.13985,0.0009269667763531763,0.14190649035311947
5.1465,0.0009366600614908461,0.1419072082928857
5.15312,0.0009413703223267093,0.141907930821307
5.1598,0.0009410426480272609,0.1419086529001442
5.16652,0.0009368085040269473,0.14190937062337936
5.1732,0.0009276858714488635,0.14191007910248127
5.17985,0.0009143683941259344,0.14191077414218467
5.18654,0.0008980100088564378,0.14191145270203342
5.19319,0.0008821286364973017,0.1419121152589977
5.1999,0.0008671847940800095,0.14191276275030362
5.20656,0.0008523379614224195,0.14191339527329602
5.21327,0.0008361758578929802,0.1419140115127781
5.21999,0.0008205166164935243,0.14191461197124342
5.22673,0.0008069485100907521,0.14191519874025288
5.23341,0.0007954340882730256,0.14191577387342227
5.24013,0.0007863930377045383,0.14191633984379332
5.24678,0.0007794195772144807,0.14191689871926483
5.25349,0.0007739825526776534,0.14191745203636003
5.26021,0.000769273491243234,0.14191800052267356
5.26692,0.0007654428978679808,0.1419185450570603
5.2736,0.0007625227388833365,0.14191908654992463
5.28026,0.0007607303096128793,0.14191962612858872
5.28697,0.0007610849981029609,0.14192016594063528
5.29369,0.0007602863192436057,0.14192070483271924
5.30043,0.0007595601585929417,0.14192124287700347
5.30711,0.0007576955061411356,0.14192177893531752
5.3138,0.0007561322855906959,0.1419223133091155
5.32045,0.0007550591093463085,0.141922846488008
5.32707,0.0007553042564357294,0.14192337979067862
5.33379,0.0007555605285219056,0.1419239132283924
5.3405,0.0007557502996373238,0.14192444673425395
5.34718,0.0007557402082206577,0.141924980108761
5.3538,0.0007601855130250382,0.14192551780724025
5.36052,0.000764418673406837,0.14192605961729707
5.36723,0.0007702821564618197,0.14192660716964053
5.37392,0.0007779641814751468,0.1419271622827955
5.3806,0.0007866159928223757,0.14192772592615394
5.38725,0.0007950499528793734,0.14192829788222452
5.39394,0.0008031818785373478,0.14192887784903457
5.40062,0.0008114494225086561,0.141929465961808
5.40727,0.0008200957080495268,0.1419300625996463
5.41396,0.0008279245423365868,0.14193066694515996
5.42061,0.000831655841735591,0.14193127490038024
5.42729,0.000835962794391358,0.14193188704139922
5.43394,0.0008400900476215597,0.141932503188487
5.4406,0.0008428418024734975,0.14193312196577726
5.44722,0.0008445077745481853,0.14193374228783365
5.45387,0.0008458029097453027,0.14193436378386795
5.46052,0.0008480273044604879,0.14193498738275856
5.46721,0.0008517246603111302,0.14193561455791864
5.47383,0.0008556652300705314,0.1419362455524787
5.48048,0.0008605577490790632,0.14193688131804647
5.4872,0.0008647634488823283,0.1419375211682946
5.49385,0.0008686623785865261,0.14193816479636942
5.5005,0.0008722282744396819,0.141938811868856
5.50719,0.0008754202473807958,0.1419394620122836
5.51384,0.0008780102312929422,0.1419401146246192
5.52049,0.0008794107406080355,0.14194076851600715
5.52711,0.0008793961529349968,0.14194142227170978
5.53377,0.0008778824592016835,0.14194207439268308
5.54045,0.0008697108963707463,0.14194271822070356
5.54713,0.0008651710993709408,0.14194335738793615
5.55379,0.000859792707025373,0.14194399105576788
5.56044,0.0008538796520247638,0.141944618689142
5.56706,0.0008475476134107165,0.14194523986943378
5.57368,0.0008408284133654057,0.14194585420949088
5.58037,0.0008346446726769365,0.1419464622444849
5.58702,0.0008290487359544834,0.1419470645625655
5.59364,0.000824841838677753,0.14194766255274116
5.60033,0.0008242593395331859,0.14194825983912238
5.60698,0.0008232865065572456,0.14194885603172097
5.61366,0.0008227879394108034,0.14194945160485176
5.62035,0.0008225005949376758,0.14195004676937
5.62709,0.0008228347209045831,0.1419506421472118
5.63377,0.0008242564790996846,0.14195123882593827
5.6404,0.0008265142084313722,0.141951837641073
5.64705,0.0008290289258833555,0.14195243885002953
5.6537,0.0008317805593973031,0.14195304268973294
5.66035,0.000835367720400455,0.14195364999533
5.66701,0.0008366847267396398,0.14195425849707818
5.67366,0.0008369087861711163,0.1419548671020261
5.68031,0.0008359446722903255,0.1419554746216198
5.687,0.0008344975349956551,0.14195608057328815
5.69368,0.0008322989236396984,0.1419566842055527
5.70033,0.0008291785684599227,0.14195728459624873
5.70702,0.0008255985424888834,0.14195788128615783
5.71364,0.000822273507632144,0.141958474530186
5.72026,0.0008192465529689036,0.14195906462603283
5.72691,0.0008148293293121745,0.14195965018386822
5.73357,0.0008115627198374505,0.1419602323543287
5.74022,0.0008082184834764497,0.1419608110593934
5.74687,0.0008049408775602602,0.1419613863660913
5.75352,0.0008017213269001097,0.14196195833248657
5.76018,0.0007985454312499095,0.14196252700186718
5.76683,0.0007957193803486728,0.1419630927244629
5.77351,0.0007930378901012344,0.14196365564488372
5.78017,0.0007894986396353061,0.14196421490496203
5.78685,0.0007858699031647988,0.14196477041563726
5.7935,0.0007821375778272748,0.141965322073289
5.80019,0.0007784314667999562,0.14196586990380516
5.80684,0.0007749366240860956,0.14196641411879835
5.81352,0.000771274364288826,0.14196695455090103
5.82021,0.0007671704678047647,0.14196749075810966
5.82686,0.0007623072534347153,0.14196802198145053
5.83354,0.00075733452156513,0.14196854811145576
5.84019,0.0007524172950391943,0.1419690692032097
5.84682,0.0007485835591692619,0.14196958634057413
5.85347,0.0007450908440156614,0.1419700998646058
5.86012,0.000742103921662851,0.1419706102807172
5.86677,0.0007392644183473203,0.14197111773672558
5.87346,0.0007365751344964808,0.14197162238291358
5.88014,0.0007341489940420475,0.1419721244820308
5.88682,0.0007322860335204353,0.1419726245976554
5.89348,0.0007323348528334681,0.14197312464154893
5.90016,0.0007309948370005054,0.14197362322452323
5.90691,0.0007297555820398986,0.14197412044783256
5.91356,0.0007284937551384602,0.14197461628877783
5.92024,0.0007272060187436155,0.14197511072111027
5.92693,0.0007256497516995243,0.1419756034767109
5.93364,0.0007239260856188954,0.1419760943882169
5.94029,0.0007223847767506519,0.14197658363752355
5.94698,0.0007210655888845217,0.14197707144720448
5.95363,0.0007195330717302973,0.14197755760388472
5.96031,0.0007178534448071935,0.14197804196011535
5.96703,0.0007159225734816661,0.14197852426510457
5.97368,0.0007135938547507256,0.14197900412091832
5.98036,0.0007111758278981571,0.1419794814379094
5.98701,0.0007087666712512443,0.14197995622530488
5.99367,0.000706709734749387,0.1419804288353475
6.00032,0.0007051234771293831,0.14198089973832248
6.00697,0.0007048790543217582,0.1419813702764624
6.01363,0.0007035150345887543,0.14198183933019298
6.02034,0.0007021943003707975,0.1419823069424882
6.02696,0.0007012172858591735,0.14198277345734228
6.03365,0.0007003554687121964,0.14198323899005746
6.04039,0.0006995253538213735,0.14198370357202464
6.04707,0.0006982771317985497,0.1419841667854522
6.05376,0.0006965962434745381,0.14198462819769647
6.06044,0.0006925068921190589,0.14198508539990085
6.06706,0.0006896266497644427,0.14198553960148952
6.07375,0.0006864752084667837,0.14198599053136865
6.0804,0.0006830329539542621,0.1419864378982902
6.08708,0.0006794032694801692,0.14198688151526312
6.0938,0.000675883309537619,0.1419873214920759
6.10045,0.0006725918432589412,0.14198775805674607
6.1071,0.0006691130761365231,0.1419881910223703
6.11381,0.0006662572520421325,0.14198862101198326
6.1205,0.0006629606254555609,0.14198904758437514
6.12718,0.0006589000416790212,0.14198946997597248
6.13386,0.0006541535072185248,0.14198988750083352
6.14055,0.0006490873542852565,0.1419902998389739
6.14717,0.0006439785099766997,0.141990706948003
6.15385,0.0006389332670646203,0.14199110889161404
6.16051,0.0006332572103154161,0.1419915050385858
6.16713,0.0006282994874201862,0.14199189610759425
6.17381,0.0006236071488785144,0.1419922823641156
6.1805,0.0006193793572472721,0.14199266427233093
6.18721,0.0006161231536711909,0.14199304280425343
6.19392,0.000614083608967819,0.14199341917655092
6.20058,0.0006130216253077263,0.14199379436633555
6.20732,0.0006127231332274229,0.14199416913760715
6.21403,0.0006157565193280387,0.14199454682221124
6.22069,0.0006163949917335164,0.14199492502478522
6.2274,0.0006168688652267323,0.14199530358119689
6.23408,0.000617123794243534,0.14199568227246898
6.24074,0.0006172492027930564,0.1419960609686737
6.24742,0.0006172447581126955,0.1419964395403829
6.2541,0.000617015561068522,0.14199681776285308
6.26079,0.0006164320433234549,0.14199719528139795
6.26747,0.000615770712730565,0.14199757201858795
6.27415,0.0006160256324253916,0.14199794889068226
6.28084,0.0006157591364397927,0.14199832537589968
6.28749,0.0006158585781555885,0.1419987018405193
6.2942,0.0006162516386987262,0.14199907857825245
6.30092,0.0006165208668570522,0.1419994554649013
6.30763,0.0006166603837650845,0.14199983237113784
6.31432,0.0006166905056736372,0.14200020918754802
6.321,0.0006168446189360841,0.14200058603772986
6.32765,0.0006170534514840249,0.1420009629767578
6.33433,0.0006173485648514128,0.1420013400909634
6.34102,0.0006174450023318838,0.14200171718130541
6.34767,0.0006170490136804674,0.14200209375569883
6.35435,0.0006161518675271034,0.1420024693130369
6.36104,0.000614952493337991,0.1420028435507263
6.36769,0.0006137676522759023,0.1420032164836411
6.37437,0.0006125827972147312,0.14200358811181815
6.38103,0.0006110210157614482,0.14200395805792376
6.38765,0.0006091282856039951,0.14200432599135004
6.39433,0.0006070915349937568,0.14200469176816946
6.40095,0.0006051560217114271,0.14200505548915596
6.40761,0.0006034017863867939,0.1420054173360404
6.41432,0.0006016590283557003,0.14200577732037914
6.421,0.0005998446473326891,0.14200613537012785
6.42769,0.0005982231347265259,0.14200649167856585
6.43434,0.0005963946402067955,0.14200684603866381
6.44102,0.0005951908840664919,0.14200719907482315
6.44771,0.0005943756455705799,0.14200755117597233
6.45436,0.000593871445073158,0.1420079026531019
6.46101,0.0005935487003510765,0.14200825368728842
6.46767,0.0005931538982728542,0.14200860420688538
6.47435,0.0005928569033603274,0.14200895430973692
6.481,0.0005925687707671656,0.142009304004284
6.48766,0.0005923697293923938,0.14200965338002855
6.49434,0.0005923202626706709,0.1420100025865822
6.50105,0.0005921585839845265,0.14201035151139638
6.50777,0.0005919363613455975,0.1420107000943379
6.51442,0.000591881269617743,0.14201104850244758
6.5211,0.0005919211229116243,0.14201139683033387
6.52776,0.0005920673857222421,0.14201174518477452
6.53438,0.0005920008948288569,0.14201209335296808
6.54106,0.0005917243099409763,0.14201244112452638
6.54777,0.0005908636038579899,0.1420127879157673
6.55443,0.0005896119417880616,0.14201313333567278
6.56108,0.000588196563039073,0.14201347722013313
6.56776,0.000586985301862474,0.14201381977370484
6.57445,0.0005859754288734759,0.142014161197799
6.58113,0.000584974399135879,0.14201450150086595
6.58778,0.0005835967076006331,0.14201484030659764
6.59447,0.0005818508901260134,0.1420151772469337
6.60118,0.0005800103471458925,0.1420155122267982
6.60783,0.000578356958191369,0.14201584543365633
6.61455,0.0005764849309397386,0.142016176648978
6.62117,0.0005757377368070456,0.14201650699707546
6.62785,0.0005750909318440922,0.14201683657881944
6.63451,0.0005744672454734678,0.14201716541730883
6.64116,0.0005737891186118198,0.14201749345771014
6.64784,0.0005730734703202226,0.1420178206629409
6.65456,0.0005723749945579976,0.14201814705023943
6.66118,0.0005717488736295587,0.1420184726914393
6.66783,0.0005712059626662515,0.1420187976701895
6.67454,0.000570743380552075,0.14201912206691308
6.68117,0.0005702840757953174,0.14201944588439466
6.68785,0.0005696607105697127,0.14201976895904128
6.69453,0.0005682498908225683,0.14202009050340714
6.70122,0.0005662385862781551,0.14202040991664314
6.7079,0.0005634715392706281,0.14202072644338862
6.71458,0.0005600609832686255,0.1420210394401433
6.72124,0.0005563203876533443,0.14202134857646048
6.72789,0.0005525139201074374,0.14202165378684986
6.73454,0.0005487939496763578,0.1420219551578173
6.7412,0.0005450139969532252,0.14202225262901627
6.74785,0.0005413290822540107,0.14202254629586641
6.7545,0.0005378685542817296,0.14202283638276322
6.76118,0.0005339285126722174,0.14202312240985748
6.7679,0.0005317094084935222,0.14202340609854
6.77455,0.0005301859028806601,0.14202368814431765
6.7813,0.0005293603677384591,0.14202396924492594
6.78795,0.0005291756803696038,0.14202425004146507
6.79463,0.000529197732039696,0.14202453074072588
6.80125,0.0005292746425597534,0.14202481139710252
6.80794,0.0005294345266464224,0.14202509209406503
6.81465,0.0005296632687512713,0.1420253729005089
6.82133,0.0005297686919819261,0.14202565369269374
6.82802,0.0005294805277694462,0.14202593407744232
6.83467,0.0005286296416459401,0.14202621349198385
6.84132,0.0005271730027649848,0.14202649133018724
6.84801,0.0005250299527784669,0.1420267669060947
6.85466,0.0005224392454074795,0.14202703977199993
6.86131,0.0005195990339462266,0.14202730967802052
6.86793,0.0005164862635056258,0.14202757635194985
6.87462,0.0005131668046022136,0.14202783958720913
6.88124,0.0005095521978553627,0.14202809908817124
6.88792,0.0005058543357017085,0.14202835477206302
6.89458,0.0005021108852998734,0.14202860659327599
6.90126,0.000498336190508936,0.1420288545202164
6.90791,0.0004945933479658673,0.1420290985850888
6.9146,0.0004910860571501699,0.14202933902351142
6.92128,0.00048722611644333566,0.14202957548244172
6.92796,0.00048475843263525126,0.14202980935453216
6.93465,0.00048277883191620607,0.14203004112788897
6.94133,0.00048105494483305773,0.14203027105783322
6.94804,0.00047950033076563987,0.1420304993140769
6.9547,0.00047818129815762906,0.14203072613213769
6.9615,0.00047730688345102977,0.1420309519564584
6.96815,0.00047688910913515613,0.14203117724385741
6.97481,0.0004768328911716681,0.14203140235591422
6.98149,0.0004770091416789644,0.14203162752474824
6.98814,0.00047722839896606684,0.1420318527937181
6.99486,0.0004773097299714599,0.14203207802500792
7.00151,0.0004769179633344981,0.1420323027450402
7.00813,0.0004760757912175217,0.14203252650376125
7.01482,0.0004764670719511947,0.14203275053473435
7.02141,0.0004752206834235056,0.1420329731997667
7.02806,0.00047378766796125075,0.14203319431271397
7.03471,0.0004720392326210881,0.14203341355816484
7.04137,0.0004699324628855809,0.1420336305774216
7.04802,0.0004676565549680536,0.14203384520172668
7.05473,0.00046540360654412046,0.1420340574541357
7.06139,0.0004635784030899829,0.14203426776194283
7.06807,0.00046235257887686357,0.1420344767249517
7.07469,0.0004618038100243975,0.14203468502013872
7.08134,0.00046177989306080326,0.14203489317202161
7.08803,0.00046213715903546074,0.14203510156223695
7.09471,0.00046258618406055984,0.14203531028253777
7.10136,0.00046312424512334326,0.14203551942153847
7.10808,0.00046383687970659145,0.14203572915431004
7.11476,0.00046489362365511753,0.142035939824912
7.12147,0.00046751857243887017,0.14203615300121528
7.12813,0.00046860381838409183,0.14203636714383894
7.13478,0.00046974634526272666,0.14203658231005784
7.14146,0.0004709547399097993,0.14203679856540596
7.14812,0.000472091330738024,0.14203701583844522
7.15477,0.0004732221296741086,0.14203723412337763
7.16148,0.00047446456914788113,0.142037453531554
7.16817,0.0004761683343340903,0.14203767452466573
7.17485,0.0004782445959832649,0.1420378974752032
7.1815,0.0004805644966108077,0.14203812262638368
7.18819,0.0004828868741356792,0.1420383499811377
7.19487,0.00048520910185460413,0.1420385795393094
7.20155,0.0004874481481308988,0.14203881121733972
7.20821,0.0004896096071077897,0.1420390449380068
7.21486,0.0004915073049330628,0.14203928043754335
7.22148,0.0004931614879913804,0.14203951747201282
7.2281,0.000495013148305358,0.14203975623928725
7.23476,0.0004952199525179353,0.14203999509457796
7.24141,0.0004946389828521653,0.1420402332497188
7.24803,0.0004935452177035436,0.14204047019226476
7.25468,0.0004921592389564607,0.14204070563005508
7.26131,0.0004906388829197554,0.14204093942830537
7.26799,0.0004892243924352536,0.14204117169334965
7.27467,0.00048797615266974413,0.14204140259144726
7.28133,0.0004870804874295122,0.1420416324747657
7.28798,0.00048645692518526793,0.1420418616157878
7.29466,0.0004861254736419842,0.14204209030667725
7.30135,0.00048613494569944236,0.14204231888799493
7.308,0.0004864050481510075,0.14204254762070673
7.31465,0.0004868813278450627,0.14204277671099844
7.32133,0.0004875150951075249,0.1420430063160246
7.32793,0.0004882892552308355,0.14204323657645418
7.33458,0.0004895958317220321,0.14204346802478612
7.3412,0.0004902124136785501,0.14204369997060406
7.34785,0.0004905395705543508,0.1420439321249218
7.35448,0.000490580440632824,0.14204416420143148
7.3611,0.0004903150882627851,0.14204439589351842
7.36778,0.0004900752537237722,0.1420446272271839
7.37447,0.0004900358108576223,0.14204485840284303
7.38112,0.0004903086259452654,0.14204508973231708
7.38774,0.0004906586956486632,0.14204532129321049
7.39439,0.0004908884287602077,0.14204555296523974
7.40105,0.0004911096312436903,0.14204578473951182
7.4077,0.0004912534620526447,0.14204601653903454
7.41432,0.0004913229499487827,0.14204624828942883
7.42097,0.000491143447701009,0.142046479741372
7.42766,0.0004910581918771728,0.1420467109895643
7.43434,0.0004912190934323793,0.1420469422801568
7.44096,0.0004919497465415195,0.14204717418243445
7.44762,0.0004916127307575738,0.14204740562918222
7.45421,0.00049088676728417,0.14204763623135652
7.46083,0.0004899405453171358,0.14204786576836648
7.46748,0.0004890829121753418,0.14204809432923982
7.47414,0.0004883397664932281,0.14204832202848738
7.48076,0.0004877542530679801,0.14204854902330463
7.48738,0.0004874061475989106,0.14204877555149367
7.494,0.0004872468890440636,0.14204900180190985
7.50069,0.0004871762341653962,0.14204922786288438
7.50737,0.00048705688065038604,0.14204945368609784
7.51405,0.00048693181609012963,0.14204967926584774
7.52077,0.0004870441704020711,0.14204990483923577
7.52745,0.00048740537816142334,0.14205013065544964
7.53413,0.00048797249693357224,0.14205035692040888
7.54082,0.0004884166607988855,0.14205058351079664
7.54744,0.0004886177838514479,0.14205081018386115
7.55412,0.00048711993346139395,0.14205103524072746
7.56074,0.0004864031945790645,0.1420512594620401
7.5674,0.000485340274742319,0.14205148250207214
7.57399,0.0004840888976391443,0.14205170417226967
7.58064,0.00048268027973711545,0.142051924315105
7.58729,0.00048110296554188154,0.14205214276227576
7.59395,0.00047935990739156006,0.1420523593480615
7.6006,0.00047755135088716285,0.142052574006572
7.60722,0.00047550561211751367,0.14205278650097367
7.61388,0.0004734370493421613,0.14205299680851116
7.6205,0.00047133740688865065,0.14205320489766773
7.62718,0.00046954926296030385,0.14205341108042607
7.63386,0.00046788131831970037,0.1420536154769939
7.64052,0.00046621651498957023,0.1420538180901057
7.64717,0.0004643431016813774,0.14205401871153014
7.65382,0.0004624240990643824,0.1420542172956864
7.66051,0.0004606624389991143,0.1420544139996006
7.66716,0.00045917815101360074,0.1420546091009782
7.67378,0.0004580941698656608,0.1420548030000892
7.68047,0.0004577046483455316,0.1420549963911222
7.68712,0.00045727229463078775,0.1420551892315783
7.6938,0.00045621121659491484,0.14205538089278696
7.70048,0.00045439307710695004,0.14205557061731003
7.70717,0.00045206347251699845,0.1420557578940912
7.71379,0.0004497170826934015,0.14205594270624783
7.72044,0.0004475737569250617,0.14205612525651273
7.727,0.00044552500654794995,0.1420563056397186
7.73366,0.00044327616836781713,0.14205648365593743
7.74034,0.00044065901582263057,0.1420566589365085
7.74702,0.0004375134605960471,0.14205683095342275
7.75374,0.00043397382814340036,0.142056999312672
7.76039,0.00043033476186716873,0.14205716391433978
7.76707,0.0004271385466939724,0.14205732520171618
7.7737,0.00042459965338648354,0.1420574838320557
7.78038,0.0004226978715935929,0.14205764044216912
7.78706,0.0004210960264928528,0.14205779533238666
7.79372,0.00041962572843364806,0.1420579486342334
7.8004,0.00041821557017983856,0.14205810040750308
7.80708,0.00041689394852269983,0.14205825074112569
7.81383,0.00041552086029495935,0.14205839958374952
7.82051,0.0004142423788090743,0.14205854702949852
7.82719,0.0004134636001429417,0.14205869357846887
7.83385,0.0004124108147819522,0.14205883895663185
7.84053,0.000411321046207571,0.14205898312665835
7.84718,0.0004101028493550738,0.14205912596046763
7.8539,0.000408684730677595,0.14205926725825302
7.86058,0.00040691005060952825,0.1420594066630158
7.86723,0.0004048128811053803,0.14205954385261407
7.87392,0.0004024931128675541,0.14205967860451849
7.8806,0.00040019933746603375,0.14205981094433037
7.88725,0.0003980855368503744,0.1420599410523719
7.89394,0.00039612023446382425,0.14206006907721078
7.90059,0.00039414100215509607,0.14206019500447978
7.90727,0.00039200477374292254,0.1420603186776217
7.91396,0.0003897545244282962,0.1420604399826394
7.92067,0.00038743315573206935,0.14206055884806784
7.92735,0.0003851490297182788,0.14206067531149696
7.93401,0.0003829450260609327,0.14206078945302697
7.94069,0.000380784052211291,0.142060901315342
7.94731,0.00037850057084381843,0.14206101077623579
7.95399,0.0003758975530488535,0.14206111751627212
7.96068,0.00037289249965044227,0.14206122113305464
7.96733,0.0003696964956701336,0.1420613214359644
7.97401,0.00036658626395767426,0.1420614185108281
7.98064,0.0003637189759922585,0.14206151260013666
7.98729,0.00036102578736297723,0.14206160387841302
7.99394,0.0003584069747262678,0.14206169242004157
8.00063,0.0003558197600414041,0.14206177825630553
8.00734,0.0003533267353731346,0.1420618614818186
8.01405,0.00035103357142067326,0.14206194229644992
8.02077,0.0003490458621467762,0.14206202100529355
8.02742,0.0003474205730291021,0.1420620979710549
8.0341,0.00034614330470058934,0.14206217354180928
8.04082,0.0003453709590366052,0.1420622482221649
8.04747,0.0003443220765248621,0.14206232173587005
8.05415,0.0003431876622061654,0.14206239399744747
8.06084,0.00034179961792743583,0.14206246475290663
8.06752,0.00034009507527655013,0.14206253368612656
8.0742,0.0003381055177001851,0.14206260051210068
8.08089,0.0003357654786680012,0.14206266487998706
8.08757,0.0003331432640490028,0.14206272650798743
8.09422,0.00033024189509995384,0.14206278511690953
8.10088,0.00032718972439807026,0.14206284055559118
8.10756,0.00032400365471864487,0.14206289269055689
8.11415,0.0003206526448005036,0.14206294135673578
8.12083,0.000317304675785006,0.14206298655693192
8.12752,0.00031419344128822584,0.14206302852828787
8.1342,0.00031143021979186024,0.14206306761880957
8.14088,0.0003088981894178844,0.14206310405931236
8.14757,0.0003063918857202367,0.14206313787593092
8.15425,0.00030392569237380236,0.14206316910876854
8.16093,0.00030154243887918177,0.1420631978403893
8.16759,0.00029935594545142804,0.14206322426791476
8.17424,0.0002973805222135351,0.14206324860240804
8.18092,0.00029577291349661643,0.14206327121135437
8.18761,0.000294498714534358,0.1420632924285715
8.19429,0.00029346398806385555,0.14206331249352477
8.201,0.00029237525316249926,0.1420633313518766
8.20769,0.000291129822910431,0.14206334884729307
8.21437,0.0002898218221761193,0.14206336491719654
8.22108,0.000288602294204533,0.1420633796497307
8.2278,0.0002874197789825195,0.14206339308231625
8.23445,0.00028631723605933225,0.1420634052948251
8.2411,0.00028520633145524566,0.14206341627851996
8.24776,0.0002841381238366454,0.1420634260765056
8.25444,0.0002828135971960896,0.1420634344325025
8.26106,0.000281213070467232,0.14206344107004162
8.26781,0.00027939303696252686,0.14206344577021074
8.27446,0.00027768722900886026,0.14206344864708814
8.28114,0.0002764059715862594,0.1420634501248955
8.2878,0.000275651621377567,0.1420634507309011
8.29448,0.0002753073934719683,0.14206345087526676
8.30113,0.00027522248784253133,0.14206345081689248
8.30785,0.0002751174455231357,0.14206345053614286
8.31453,0.00027644195185965126,0.14206345146251254
8.32118,0.00027627159103890214,0.1420634521007121
8.3278,0.0002761097317230725,0.14206345245958832
8.33449,0.00027605597097152333,0.14206345264735734
8.34111,0.00027589708097242835,0.14206345255840513
8.34779,0.0002755415639444506,0.1420634519965905
8.35445,0.00027481600566348687,0.14206345059184924
8.3611,0.00027386002695465396,0.14206344811336985
8.36781,0.00027297509494158845,0.14206344463268492
8.37443,0.00027235225644416745,0.14206344041175545
8.38112,0.0002720454189431486,0.14206343576631664
8.3878,0.00027203739018060135,0.14206343099555357
8.39448,0.00027238230091869924,0.14206342645241407
8.40117,0.0002731513507164396,0.14206342256067753
8.40785,0.00027430447591133406,0.14206341970479566
8.4145,0.00027575923245796096,0.14206341818636103
8.42119,0.00027722245573277556,0.1420634180135279
8.42787,0.00027855742556071934,0.14206341905841896
8.43452,0.0002797045308221616,0.14206342113313086
8.44124,0.00028083731236866905,0.1420634242230746
8.44789,0.0002820525363409178,0.1420634284109745
8.45451,0.00028344412682362,0.1420634338731582
8.46114,0.0002850206366529003,0.14206344079418554
8.46782,0.00028669073536324093,0.14206344926811573
8.4745,0.0002882582889248744,0.14206345919241192
8.48115,0.0002896011288541503,0.14206347034193814
8.48781,0.0002908726318800592,0.14206348264576496
8.49452,0.0002923487733514276,0.1420634963086178
8.50117,0.0002942260869004709,0.14206351173119916
8.5078,0.0002964246160639034,0.14206352923508478
8.51445,0.00029861157002601663,0.14206354880873928
8.5211,0.0003005908314459546,0.142063570244095
8.52776,0.00030229963429760615,0.1420635932711007
8.53441,0.00030372392369076607,0.14206361760523548
8.54106,0.0003049462890968221,0.14206364304420024
8.54771,0.0003061144301654211,0.14206366953416225
8.55437,0.00030746446400161683,0.1420636972570383
8.56105,0.0003090049839215085,0.14206372640297102
8.5677,0.00031065054940764914,0.14206375707735017
8.57439,0.0003122106199375902,0.14206378919475224
8.58104,0.00031362005103927824,0.14206382260409964
8.58772,0.0003149752027289581,0.14206385725155185
8.59434,0.0003174334692430321,0.14206389424013702
8.601,0.0003196271861190536,0.14206393330499387
8.60759,0.0003222272931240279,0.1420639748527931
8.61418,0.00032517970807375516,0.14206401923585088
8.62083,0.00032840762991396974,0.14206406672939415
8.62746,0.00033150733300375503,0.14206411720556383
8.63411,0.0003345044398407629,0.14206417056180362
8.64079,0.0003372370303361828,0.14206422653326983
8.64745,0.0003397391340542829,0.14206428488983538
8.6541,0.0003420534907779362,0.14206434544374563
8.66075,0.00034426830527582687,0.14206440809508344
8.6674,0.0003464743281024259,0.14206447283544849
8.67403,0.0003486347569447419,0.14206453961922325
8.68068,0.0003506387936385948,0.1420646082896725
8.68733,0.00035229874964737653,0.14206467850310678
8.69398,0.0003534868981966942,0.1420647497877269
8.70064,0.0003542800897514441,0.142064821748217
8.70726,0.00035480896509213774,0.14206489412058837
8.71391,0.00035529796554370095,0.1420649668650221
8.72057,0.00035592622172360183,0.14206504012041507
8.72719,0.0003568015727097055,0.14206511413418957
8.73381,0.00035784162732298454,0.14206518907105736
8.74046,0.0003589128930319712,0.1420652649619027
8.74705,0.0003598108224724673,0.1420653416336847
8.75371,0.0003604528976874496,0.14206541883066892
8.76039,0.0003608592317029781,0.14206549631677143
8.76704,0.000361177447018576,0.14206557400421674
8.77367,0.0003615354426249258,0.14206565193276138
8.78035,0.0003619984941716703,0.14206573020716654
8.787,0.00036255519160671365,0.1420658089214212
8.79359,0.0003630267744211056,0.14206588799032308
8.80025,0.00036332505446738314,0.1420659672403066
8.8069,0.00036339322011249897,0.1420660464416324
8.81352,0.00036334786043387083,0.14206612548073533
8.82014,0.00036338494946807433,0.14206620443968956
8.82677,0.00036361215159863423,0.14206628350901504
8.83342,0.0003641743267819977,0.14206636302372502
8.84004,0.00036499498383218564,0.1420664432418788
8.84672,0.00036603963966911035,0.1420665243879621
8.85341,0.00036712961984413435,0.14206660650732353
8.86009,0.0003682168011691719,0.1420666895967738
8.86677,0.000369249865629992,0.1420667736025868
8.87349,0.0003689372738348651,0.14206685717917872
8.88014,0.0003690251794920417,0.14206694072656031
8.88676,0.0003686957980162871,0.14206702382778708
8.89342,0.0003680314417426946,0.14206710614795653
8.90001,0.0003669615216617629,0.14206718728101814
8.90663,0.00036553108434372693,0.14206726686689347
8.91328,0.0003637658129132402,0.14206734457080475
8.91991,0.000361657434270952,0.14206742004923828
8.92653,0.00035913765878716283,0.14206749289117182
8.93312,0.0003562889642093514,0.1420675627676461
8.93977,0.0003533865492495847,0.14206762962466288
8.9464,0.0003507027732872083,0.14206769368121966
8.95299,0.00034859809172620843,0.14206775551635453
8.95961,0.00034717738030478224,0.14206781581371164
8.96623,0.00034629289059987493,0.1420678751099032
8.97288,0.0003457318288846193,0.14206793372841373
8.97957,0.0003452304077799129,0.14206799172857404
8.98628,0.00034460122978425894,0.14206804898305006
8.99303,0.0003437621072618859,0.14206810528197003
8.99968,0.0003428694466720441,0.14206816057126037
9.00636,0.000342217796367453,0.1420682150923703
9.01305,0.00034183846850564993,0.14206826911764658
9.01964,0.00034162680175629215,0.1420683228142147
9.02629,0.0003412419299091212,0.14206837600935684
9.03297,0.00034042594912970587,0.14206842827202074
9.03966,0.0003390741165050365,0.14206847906599654
9.04631,0.00033724877490055036,0.14206852791810107
9.05296,0.0003351343244962211,0.14206857453923363
9.05962,0.000332988922174866,0.14206861889808442
9.0663,0.0003311072474131044,0.1420686612588037
9.07295,0.00032948662853573874,0.14206870188240694
9.07964,0.00032788033459773934,0.14206874078290982
9.08629,0.00032599344859827957,0.14206877768004583
9.093,0.0003237437015043516,0.1420688122110592
9.09965,0.0003211853178203058,0.14206884406684214
9.10634,0.0003184653647428977,0.14206887308628036
9.11302,0.00031571728601804337,0.14206889924124014
9.11964,0.00031306883302020084,0.1420689226308759
9.1263,0.00031063866946936093,0.1420689434739322
9.13295,0.0003084014490749594,0.14206896196334404
9.13963,0.00030620696032147355,0.1420689781415179
9.14625,0.00030391343907743674,0.14206899190971395
9.15294,0.0003016709849958929,0.1420690033191212
9.15962,0.0002995620168331888,0.1420690125028355
9.1663,0.00029764864858474084,0.14206901965684682
9.17296,0.00029568444810248524,0.14206902473029856
9.17961,0.00029373468008485305,0.1420690277372331
9.18632,0.0002919407087508756,0.14206902883393477
9.19298,0.0002906399860165221,0.14206902851357894
9.19963,0.00028985232496087137,0.14206902728883725
9.20631,0.0002893337383526275,0.14206902542922295
9.21297,0.0002886962289639164,0.14206902281578881
9.21968,0.00028772731534164276,0.14206901911683836
9.22646,0.0002863701432097554,0.14206901394461727
9.2332,0.00028479217370992174,0.1420690070782711
9.23982,0.00028311546699917323,0.14206899841849321
9.24651,0.00028165112471705635,0.1420689881781521
9.25316,0.0002803399136850151,0.14206897651032194
9.25978,0.0002790940943759768,0.14206896347997164
9.26643,0.00027755648848911286,0.14206894879575352
9.27309,0.00027554882880797773,0.1420689319876382
9.27974,0.00027310811683543373,0.14206891262218338
9.28642,0.00027052867134443,0.1420688905610944
9.29311,0.00026800604264940283,0.14206886586121253
9.29976,0.0002657074770062491,0.14206883874616183
9.30644,0.000263711932387245,0.1420688095194021
9.31309,0.0002620280588105506,0.1420687784925634
9.31975,0.00026046615151926214,0.14206874578725484
9.32643,0.0002587654929686515,0.1420687112651476
9.33314,0.00025677612635689284,0.14206867463759093
9.33986,0.0002544330964075777,0.14206863555056434
9.34654,0.0002518665430890122,0.14206859378086867
9.35323,0.0002493624494062131,0.14206854939098798
9.35988,0.00024710498484464973,0.14206850262711235
9.36656,0.00024530330110098116,0.1420684539454614
9.37324,0.00024379047998150313,0.14206840363490586
9.37993,0.00024233730060785268,0.14206835175473045
9.38661,0.00024080772123654485,0.1420682982289084
9.39333,0.0002392951850626645,0.14206824307455665
9.40007,0.00023802906741164398,0.14206818653775327
9.40675,0.00023715641328625537,0.14206812901225274
9.41344,0.00023670265582684765,0.14206807091697624
9.42009,0.00023654056783681013,0.14206801254315407
9.42674,0.0002364491376147791,0.1420679539618335
9.43343,0.0002362501327839356,0.14206789506551376
9.44017,0.00023578236495023396,0.14206783558514094
9.44685,0.00023504580863557348,0.14206777525221717
9.45351,0.00023415088758004424,0.14206771390835285
9.46022,0.0002331513848466679,0.14206765144867545
9.46687,0.00023207554683088742,0.1420675877971401
9.47353,0.0002308017405034034,0.1420675227558031
9.48021,0.00022944040555992703,0.14206745623679548
9.48686,0.00022817812089878054,0.14206738833950747
9.49351,0.00022734590267019114,0.14206731949401344
9.50017,0.00022691833261624233,0.1420672501046049
9.50682,0.00022670850602347898,0.14206718038939803
9.5135,0.00022641380404133193,0.14206711026357507
9.52019,0.0002260428466740442,0.14206703965052397
9.5269,0.00022565765091770262,0.1420669685364287
9.53355,0.00022548184167830022,0.1420668971305846
9.54021,0.00022553520391646622,0.14206682566180653
9.54686,0.00022586843965505333,0.14206675441034067
9.55351,0.00022607157141373227,0.14206668324609104
9.5602,0.00022596651735699324,0.1420666118605649
9.56691,0.00022528734158900915,0.1420665396800629
9.57362,0.00022425195154447512,0.14206646634837874
9.58028,0.00022302171103019336,0.14206639167020615
9.58696,0.00022198086605434723,0.14206631583536286
9.59364,0.00022108711273160158,0.1420662389909486
9.6003,0.00022029249885697547,0.14206616123569663
9.60695,0.00021948937549463502,0.14206608256146988
9.61363,0.0002187936967142711,0.14206600307577072
9.62031,0.00021820841417240797,0.14206592288862244
9.62694,0.00021778990923732494,0.1420658421671086
9.63365,0.00021753527929814056,0.1420657610752451
9.64033,0.00021748713630594278,0.14206567981909612
9.64702,0.0002176339032331342,0.14206559859397716
9.6537,0.00021796155140256385,0.14206551758076089
9.66035,0.00021842779298750732,0.1420654369176179
9.66704,0.00021906058779186909,0.14206535677155685
9.67372,0.0002197046518847555,0.14206527715383843
9.68043,0.00022032329946537887,0.14206519803872317
9.68709,0.00022080340243156777,0.14206511928797216
9.69377,0.00022133430674311545,0.142065040952428
9.70048,0.00022204889321594468,0.14206496321545004
9.70714,0.00022286227784480835,0.14206488617614196
9.71379,0.0002234439405221196,0.1420648096027731
9.72047,0.00022369507550109595,0.142064733164493
9.72713,0.00022373988550754176,0.14206465665533208
9.73381,0.00022379596771547478,0.14206458008660391
9.74043,0.00022390024383512144,0.1420645035060295
9.74708,0.0002241145416944495,0.14206442702406935
9.75374,0.00022437965581835614,0.14206435069156442
9.76039,0.00022470982834589922,0.14206427457318363
9.76704,0.0002249692653004275,0.1420641985985801
9.77376,0.00022529073189390646,0.14206412282990846
9.78041,0.00022584677578745425,0.14206404750125629
9.78706,0.0002267556978812325,0.1420639729658904
9.79372,0.0002280768514093975,0.14206389963606694
9.8004,0.0002294629328855205,0.14206382757637462
9.80702,0.0002306822824919688,0.1420637566203698
9.8137,0.00023159085510257037,0.1420636864573838
9.82033,0.00023216351343825255,0.14206361675104603
9.82698,0.0002324451812169877,0.14206354721078795
9.83357,0.00023254056030519695,0.14206347765022825
9.84019,0.0002323677789138187,0.1420634078008841
9.84682,0.00023200009603705925,0.14206333746825922
9.85344,0.0002312428642557001,0.14206326626279586
9.86009,0.00023035871485615263,0.14206319405725412
9.86677,0.00022938698303092323,0.1420631207644904
9.8734,0.0002286412108182915,0.14206304661038832
9.88008,0.0002282257857879245,0.14206297192500647
9.8867,0.00022832690175299654,0.1420628972251735
9.89339,0.00022890774457467005,0.14206282299074177
9.90007,0.00022968904645493472,0.14206274942178113
9.90675,0.00023033189946305847,0.142062676380231
9.91341,0.00023081668929563287,0.1420626037080026
9.92009,0.00023142286699101585,0.14206253152614493
9.92674,0.0002323647525692937,0.14206246017070376
9.93339,0.0002335323179538624,0.1420623898673668
9.94002,0.00023469145841608486,0.14206232060730303
9.9467,0.00023567258490328371,0.14206225221297095
9.95335,0.00023645052714928633,0.14206218448114366
9.95998,0.0002369774302253125,0.142062117160376
9.96663,0.000237377208556693,0.14206205012396506
9.97328,0.00023791237723981267,0.14206198350730911
9.97993,0.00023881153292657073,0.14206191767402282
9.98662,0.00024010259274008587,0.14206185301646596
9.99327,0.00024142182008452903,0.1420617895627465
9.99992,0.00024253513079305458,0.14206172710657552
