Temp./°C,ice mass/(mg/g),ice mass cumsum/(g/g)
-47.98151,-0.013498121713730488,-1.4395895714432696e-06
-47.96143,-0.013616274130065094,-3.002968432278758e-06
-47.94148,-0.013472476381657003,-4.428162082552908e-06
-47.92156,-0.013233576632726713,-5.620060345812162e-06
-47.90164,-0.013136480909609742,-6.720463914171111e-06
-47.88173,-0.013146087246828054,-7.836069909802308e-06
-47.8616,-0.013166490966143644,-8.977707727778682e-06
-47.84175,-0.012426827935535952,-9.38526229983546e-06
-47.82185,-0.012102742980103371,-9.474316416697339e-06
-47.80199,-0.011881574693406689,-9.347777025633701e-06
-47.78189,-0.01225486703175027,-9.60013987386767e-06
-47.76192,-0.012343817429201646,-9.947038866546744e-06
-47.74188,-0.012458819458135961,-1.041453350035646e-05
-47.72186,-0.012267663997092155,-1.0696459753965388e-05
-47.70189,-0.012126469539797216,-1.0842767324542605e-05
-47.68189,-0.011984453786072474,-1.0852636385495896e-05
-47.66187,-0.012187601307021779,-1.1071230079598814e-05
-47.64191,-0.01263413356418665,-1.1741920274554022e-05
-47.6217,-0.013283697543108059,-1.3067775144662692e-05
-47.6017,-0.013566976258890156,-1.4682472698034746e-05
-47.58164,-0.013620724122252724,-1.6356488301954065e-05
-47.56157,-0.013280721499446303,-1.7696069738492367e-05
-47.54172,-0.012882402148780486,-1.8642862097317672e-05
-47.52171,-0.012803014703260783,-1.9515819363054953e-05
-47.50172,-0.01280798276404725,-2.0399290582593932e-05
-47.48178,-0.012798279058482985,-2.12785927988527e-05
-47.46175,-0.012885948269847642,-2.2251109873586436e-05
-47.44183,-0.012782766121018247,-2.3125969795833214e-05
-47.42177,-0.012842167099629043,-2.4065774509586708e-05
-47.40183,-0.01238059589548427,-2.454952963318229e-05
-47.38194,-0.012144708064012457,-2.4802907410255944e-05
-47.36205,-0.012075142802050163,-2.4992227168410396e-05
-47.34197,-0.01235676060228377,-2.5468698590458424e-05
-47.32195,-0.012295699976744833,-2.5889630543386736e-05
-47.30196,-0.012206943746768456,-2.6227319449067166e-05
-47.282,-0.012272838730411021,-2.663640856232861e-05
-47.26193,-0.012365734616653253,-2.7143912769865693e-05
-47.24188,-0.01229087715537481,-2.758207232332086e-05
-47.22211,-0.011859278604491527,-2.7594099087953463e-05
-47.20206,-0.011766315434607271,-2.75186690045753e-05
-47.18216,-0.011560120254184793,-2.7242523390409756e-05
-47.16222,-0.011815210088096818,-2.7226950284565024e-05
-47.14215,-0.012054426269592087,-2.7456093072772884e-05
-47.12213,-0.012202553979363807,-2.7838852245076943e-05
-47.10207,-0.012231990957183437,-2.8256540056414894e-05
-47.08209,-0.012339406590248441,-2.8787119481962363e-05
-47.06209,-0.012153167221510733,-2.91369354064117e-05
-47.04201,-0.011835676730493665,-2.917474590077759e-05
-47.02234,-0.01096579467649963,-2.8348092586034292e-05
-47.00229,-0.01077375848481209,-2.733487706899295e-05
-46.98247,-0.010378155685152402,-2.5931493910267648e-05
-46.96251,-0.010710413286859814,-2.4865822002342942e-05
-46.94243,-0.011021943673458665,-2.4117149479015554e-05
-46.92238,-0.011615333706439255,-2.396732812927517e-05
-46.90222,-0.012210049480370765,-2.4417697451752947e-05
-46.8821,-0.012727122802880103,-2.5390605589156888e-05
-46.86202,-0.01275610941965702,-2.639795644844967e-05
-46.84189,-0.012402901795884139,-2.705756027135725e-05
-46.82208,-0.011526539309286637,-2.684620976527174e-05
-46.8022,-0.011184567854753247,-2.629830357985546e-05
-46.78227,-0.011136719230116209,-2.570796906835466e-05
-46.7623,-0.011048465776469433,-2.5034804374977024e-05
-46.74231,-0.010688481795018539,-2.400707886750572e-05
-46.72258,-0.010197052916748096,-2.2493304662333366e-05
-46.70252,-0.01007905580285528,-2.0866960913666816e-05
-46.68259,-0.009954095639757334,-1.912106151413272e-05
-46.66272,-0.009972874613488215,-1.739933328766427e-05
-46.64256,-0.010149531395580851,-1.5859695174533046e-05
-46.62265,-0.010193752859194527,-1.4369670531332857e-05
-46.60259,-0.010638474032880672,-1.3329778789969131e-05
-46.58244,-0.010839654525118233,-1.2496489801889345e-05
-46.56244,-0.010686230418447663,-1.1515172961759895e-05
-46.54239,-0.010696749220033662,-1.054977562943364e-05
-46.52245,-0.010716501676737648,-9.609511597440627e-06
-46.50224,-0.011154118532199393,-9.112283106554901e-06
-46.48224,-0.010929878049076441,-8.396197787863755e-06
-46.46228,-0.011281119086304681,-8.036727966177463e-06
-46.44225,-0.011412350731380024,-7.81387172118137e-06
-46.42198,-0.012007669335271398,-8.191749169195642e-06
-46.40222,-0.012090338636855037,-8.657630748829872e-06
-46.38196,-0.012440098908134252,-9.478679855332664e-06
-46.362,-0.011655189779608223,-9.520178645768761e-06
-46.34226,-0.01117723009818761,-9.089040298161637e-06
-46.32228,-0.010862554817645025,-8.348582307500969e-06
-46.30226,-0.01058186984822702,-7.332797896067285e-06
-46.28241,-0.010510972393405305,-6.251445903094818e-06
-46.26251,-0.010783834726527256,-5.4482905581583476e-06
-46.24229,-0.011319956888634854,-5.18663664441678e-06
-46.22226,-0.011404432257312552,-5.014805715782509e-06
-46.20224,-0.011350868693363233,-4.79475423496198e-06
-46.18225,-0.011308925476532419,-4.538094956405398e-06
-46.16222,-0.011685583572526368,-4.663432086766869e-06
-46.14208,-0.012103658696299974,-5.212195999304988e-06
-46.12201,-0.011934830189604607,-5.597469486551415e-06
-46.1021,-0.011574020267256796,-5.627244153842873e-06
-46.08221,-0.011100072351641612,-5.1883759664780514e-06
-46.06216,-0.010751541237761703,-4.406302512588225e-06
-46.04236,-0.010143186913374276,-3.021160277680377e-06
-46.02248,-0.010023220316727286,-1.521345864996043e-06
-46.00255,-0.010201713424675449,-2.0532336939740034e-07
-45.98245,-0.010655521270254903,6.515702775035365e-07
-45.96243,-0.01050006979320488,1.6586093572030554e-06
-45.94249,-0.010137644781691497,3.0227823306467763e-06
-45.92259,-0.00953157341841831,4.9877445187911995e-06
-45.90254,-0.009353327821378443,7.125650986429358e-06
-45.88271,-0.009131532599657752,9.480086957595066e-06
-45.86261,-0.009254282594930066,1.1706470329251907e-05
-45.84265,-0.009269886300421928,1.3911971132415006e-05
-45.82271,-0.009569270257640067,1.5812815100727816e-05
-45.80249,-0.009697999019426633,1.7579619187251773e-05
-45.78256,-0.009410809669947532,1.9628347304459798e-05
-45.76262,-0.009417444839859984,2.166517648088981e-05
-45.74255,-0.009593526726678526,2.3520643905263302e-05
-45.72252,-0.01013618759345062,2.4828179521737303e-05
-45.70244,-0.010498211358212422,2.5768416128573468e-05
-45.68227,-0.010668543894145368,2.653303479989528e-05
-45.66242,-0.010367010638160614,2.7593951284064903e-05
-45.64232,-0.010567697059756334,2.8448912282261604e-05
-45.62235,-0.010496312161771645,2.937001117394267e-05
-45.60228,-0.010748081851985046,3.0034081760212452e-05
-45.58229,-0.010538158489728885,3.090283180635939e-05
-45.56232,-0.010077282406848175,3.2227219957983856e-05
-45.54242,-0.009400130100580602,3.4223535644223875e-05
-45.52263,-0.008784686936140004,3.683008872889735e-05
-45.50264,-0.008817682513790078,3.9398414304867057e-05
-45.48271,-0.009171896992160629,4.160730519406324e-05
-45.46257,-0.009974535445802063,4.300830987898619e-05
-45.44246,-0.010634371231578042,4.37442384098564e-05
-45.42235,-0.011049533077605384,4.40597677423375e-05
-45.40218,-0.011541099360359375,4.387848775441404e-05
-45.38223,-0.011678087497916753,4.3555011483941564e-05
-45.362,-0.012127044265811897,4.27773327442468e-05
-45.34209,-0.011604238123496,4.251726375579345e-05
-45.32205,-0.011294347972279675,4.2561872697403506e-05
-45.30228,-0.010489056587191348,4.3406602767359765e-05
-45.28235,-0.010528992806109591,4.420620619607344e-05
-45.26245,-0.010552167469405462,4.497745181446534e-05
-45.24236,-0.010633629788792275,4.5662027543619306e-05
-45.22244,-0.01026749155877707,4.670756138009543e-05
-45.20253,-0.009749325325937695,4.826608570524101e-05
-45.1825,-0.009313971315634582,5.025477399216612e-05
-45.16271,-0.0090342412739019,5.251803968528301e-05
-45.14266,-0.009516737687323631,5.4293621939427906e-05
-45.12256,-0.009791489903636083,5.57892607467956e-05
-45.10249,-0.009708801071890477,5.73624044210854e-05
-45.08257,-0.00915222219703817,5.9486967426843204e-05
-45.06267,-0.008682567968060599,6.207603089939229e-05
-45.04268,-0.008688791886118508,6.465370675061081e-05
-45.02272,-0.00899465929489272,6.692035870465833e-05
-45.00264,-0.009493536734869785,6.868296254094889e-05
-44.98256,-0.009841015854009904,7.00929195292764e-05
-44.96249,-0.01008682886126042,7.125190015151535e-05
-44.9424,-0.01034252129624332,7.215002507608451e-05
-44.92236,-0.010351645556249303,7.303387252806188e-05
-44.90227,-0.010104482341210124,7.415972581034712e-05
-44.88242,-0.009647924842564649,7.573701620127005e-05
-44.8625,-0.009424841042824584,7.753226295610557e-05
-44.84247,-0.009587217266054547,7.915999336099987e-05
-44.82263,-0.009580968697764553,8.078886201888878e-05
-44.80252,-0.009846218890959354,8.214733484886028e-05
-44.78267,-0.00946418066960761,8.388273993870309e-05
-44.7626,-0.009650426932165683,8.542676460518278e-05
-44.74268,-0.009499590482124948,8.711651563928569e-05
-44.7226,-0.009602039203560737,8.869868819071502e-05
-44.70267,-0.00918804219988067,9.068975202530416e-05
-44.68277,-0.00875012625698316,9.311363317904818e-05
-44.66283,-0.008320360070744912,9.596217913502019e-05
-44.64296,-0.008182380201651861,9.894361628368251e-05
-44.62294,-0.008309795952318257,0.00010179253079813624
-44.60292,-0.008211085668391897,0.00010473505159776447
-44.58301,-0.007824841855562044,0.00010805873051234613
-44.56308,-0.007499078447573512,0.00011170308719026934
-44.54317,-0.007571628879369742,0.00011526981344692761
-44.52309,-0.008016166636006624,0.00011838690103616528
-44.50305,-0.00856663273432818,0.00012094843009034369
-44.483,-0.00879674542338253,0.0001232747554965605
-44.46288,-0.008888448137191656,0.00012550428033979461
-44.44295,-0.008569219606929293,0.00012804796523094463
-44.42291,-0.008642342850176708,0.0001305134459194632
-44.40299,-0.008774114254096715,0.00013284209380493115
-44.38286,-0.009234659121654122,0.00013470510906171137
-44.36275,-0.009369826601332535,0.00013642787473474346
-44.34277,-0.00913844098817629,0.00013837696483224774
-44.32279,-0.008856779417009311,0.000140602658151725
-44.3029,-0.008600351517366388,0.00014307973633003804
-44.28284,-0.008499829155640251,0.00014565227310534682
-44.26289,-0.00824873315410343,0.00014847086018539873
-44.24306,-0.00830910395186951,0.00015122405018134073
-44.22295,-0.008551858662516388,0.00015372942329966316
-44.20288,-0.008644612741693047,0.00015613698854572843
-44.18298,-0.008349934728417366,0.00015883420429592472
-44.16296,-0.008238336819794152,0.00016163797671299337
-44.14313,-0.008191154151590932,0.00016448391953928073
-44.12297,-0.008620000511062886,0.00016689596113378868
-44.10297,-0.008566873469537318,0.00016935609974065644
-44.08299,-0.008573596436696074,0.00017180449091139434
-44.06296,-0.008369073598543138,0.00017445237639687687
-44.04298,-0.008273708185727145,0.00017719060844239304
-44.02309,-0.008340923773933839,0.00017985662117810176
-44.00296,-0.008549616222808885,0.0001823089076699915
-43.98296,-0.008620333331876895,0.00018468546386833797
-43.96298,-0.008455703818334399,0.00018722164192743837
-43.94296,-0.008641484940047895,0.00018956702854156738
-43.92308,-0.008658068214023857,0.000191890843457738
-43.90279,-0.00904291837887886,0.00019382476665535375
-43.88301,-0.008821671378464322,0.00019597496762252937
-43.86292,-0.009303866395123202,0.00019763796488691396
-43.84279,-0.009418726754310585,0.00019918109046974667
-43.82282,-0.009560816554908917,0.0002005771394806184
-43.80277,-0.009479754494852107,0.0002020492556903181
-43.78275,-0.009246346975207527,0.0002037497914153485
-43.76283,-0.00926974303631154,0.0002054219594079649
-43.74277,-0.009391580555471018,0.00020696730200190172
-43.7227,-0.009261576361569908,0.00020863766233877328
-43.70284,-0.00886055494157319,0.0002107040888223226
-43.68291,-0.00862770622393595,0.00021299840202539097
-43.66296,-0.00844982138694771,0.00021546563811315278
-43.64301,-0.008260908839117549,0.00021811682754422696
-43.62312,-0.007942761990191177,0.00022108121545192172
-43.60327,-0.007763283051930401,0.0002242201420422429
-43.58325,-0.007662580875703883,0.00022745481039607092
-43.56334,-0.007502713589107888,0.00023084440316701395
-43.54346,-0.007390719392170106,0.00023434105402264275
-43.52341,-0.007402865657901,0.00023782060239814666
-43.50343,-0.007467853244711881,0.00024123021911387499
-43.48343,-0.007613633539483853,0.0002444891115163851
-43.46332,-0.00760669746275991,0.0002477499839840554
-43.44334,-0.007456896059596852,0.00025115572199555257
-43.42334,-0.00743523192445792,0.0002545781883366148
-43.40324,-0.007463600749366766,0.0002579673394185059
-43.38326,-0.007596647741389516,0.000261218515839687
-43.36318,-0.007914454402967949,0.0002641469473144375
-43.34309,-0.007899019571048762,0.00026708587674327484
-43.32309,-0.007894673245740022,0.00027002423034218034
-43.30315,-0.007725667108548869,0.0002731266786228107
-43.28302,-0.007728836663736157,0.0002762210233377766
-43.26317,-0.007708850160386171,0.0002793304604769188
-43.2431,-0.008116336902547271,0.0002820274902750002
-43.22298,-0.008086971471040007,0.00028474896099815
-43.20308,-0.007819577690292871,0.00028773293287694254
-43.1832,-0.007551790134341032,0.00029097980501597393
-43.16316,-0.007561321960387553,0.0002942122395422484
-43.14323,-0.0077183703913069595,0.0002972827370973974
-43.1232,-0.007969687059423924,0.0003000970189178206
-43.10317,-0.007998145450652356,0.0003028779459802704
-43.08321,-0.007927452505064499,0.00030572468154910426
-43.06319,-0.00786750991632258,0.0003086264700425219
-43.0432,-0.007789104653307235,0.00031160178077470666
-43.02319,-0.008063738139582485,0.00031429757504740276
-43.00311,-0.008422678010471094,0.0003166295399594968
-42.98297,-0.008851686256601638,0.00031852760195253343
-42.96295,-0.009041136405663848,0.000320231337576349
-42.94283,-0.009128674574239607,0.0003218426483789959
-42.92285,-0.008863196297886346,0.0003237145718436748
-42.90291,-0.008658907144730632,0.00032578592674862894
-42.88292,-0.008701705695046297,0.00032780962150537964
-42.86293,-0.008890336657511958,0.00032963982636467824
-42.84287,-0.009090399416470288,0.00033126510304986396
-42.82289,-0.009111054634828827,0.0003328648722126271
-42.80289,-0.008943201968373513,0.00033462764178412784
-42.78284,-0.008950362714482912,0.00033637839449418734
-42.76302,-0.0087466245198459,0.00033832806188418163
-42.74286,-0.00878020331963907,0.00034023928535412276
-42.72302,-0.008019934795761846,0.0003429059564938876
-42.70311,-0.0077405844953072735,0.0003458471506036677
-42.68323,-0.0073766254702005525,0.0003491474829254854
-42.66318,-0.007465433220750851,0.0003523541672620985
-42.64325,-0.007489686204781176,0.00035553177657363333
-42.6232,-0.007701583020376383,0.00035849265411971556
-42.60317,-0.008019157203568382,0.000361131127764391
-42.58313,-0.008399797946580499,0.00036338413229435593
-42.56299,-0.00853577613048419,0.00036549631999589614
-42.54303,-0.008182577763410012,0.0003679568932985274
-42.52319,-0.008126749000163322,0.00037046850068416204
-42.50317,-0.008399050789758172,0.0003727029910057127
-42.48303,-0.008568923654688752,0.0003747627803692886
-42.46312,-0.008302881639962612,0.00037708381587859375
-42.44319,-0.00765400135234858,0.0003800489358343762
-42.42323,-0.0070086647988177085,0.0003836545952504879
-42.40349,-0.0065748068002507215,0.00038768934639771713
-42.38344,-0.006736275086867406,0.0003915578258108222
-42.36351,-0.00685504885151067,0.0003953027459985094
-42.34351,-0.007287389692289623,0.0003986105335169431
-42.32336,-0.007099796699360636,0.00040210110562192075
-42.30339,-0.006714433645460063,0.0004059722580037743
-42.28363,-0.006344265921087931,0.0004102088247344425
-42.26344,-0.006560300697343089,0.0004142245510081682
-42.2435,-0.00672973145268376,0.0004180660753432206
-42.22344,-0.007276234680786899,0.0004213563125630473
-42.20329,-0.007922012468432993,0.0004239959792566575
-42.18321,-0.008138609888098086,0.00042641426731010657
-42.16298,-0.00816191253004418,0.00042880445504490136
-42.14325,-0.007588922436911978,0.00043176290129797194
-42.12314,-0.007929417721232655,0.0004343760750162375
-42.10313,-0.007768467190929957,0.0004371454372886248
-42.08315,-0.007960026622312561,0.00043971848453011993
-42.06329,-0.007712865552968282,0.00044253395499510096
-42.04315,-0.007739258567457384,0.0004453182617401911
-42.02327,-0.00738411326805212,0.0004484529785233643
-42.00331,-0.007220275329864493,0.00045174679042693337
-41.98334,-0.006939386982343491,0.000455316749155078
-41.96343,-0.006739125224665106,0.00045908223823574036
-41.94344,-0.0065547147393306944,0.0004630273988638489
-41.92354,-0.006540316062095363,0.00046698223311141766
-41.90358,-0.0065922531412768185,0.00047088040021357644
-41.88344,-0.006568611565176842,0.0004747974587579888
-41.86365,-0.006432814137635297,0.00047884561110914505
-41.84361,-0.006780430660249404,0.00048254141446713326
-41.82347,-0.007007033247059189,0.00048600587278998473
-41.80357,-0.007093482455771469,0.000489379172081826
-41.78355,-0.0069463909169404855,0.0004928948405974825
-41.76358,-0.006468365849117053,0.0004968838206609702
-41.74379,-0.005941444281480388,0.0005013950337898
-41.72385,-0.00598938209481405,0.0005058536043731073
-41.70387,-0.006146276472908206,0.0005101505733785322
-41.68375,-0.006562140265997883,0.0005140269564710747
-41.66376,-0.006498792262643357,0.0005179619841880011
-41.64372,-0.006304662141002736,0.0005220864349512184
-41.62376,-0.006048547650836699,0.0005264623056075661
-41.60382,-0.0058437811231744664,0.0005310382531933797
-41.58374,-0.006099806474276434,0.0005353534709608569
-41.56383,-0.006367386895662104,0.0005393964274576668
-41.54356,-0.0072527803345874475,0.0005425492675515078
-41.52351,-0.00771319675734931,0.0005452369980672787
-41.50331,-0.008032370727672485,0.0005476008454201399
-41.48329,-0.007717384011345653,0.000550274995098222
-41.46347,-0.00729059549293063,0.0005533712761198793
-41.44342,-0.007086947709553156,0.0005566665218310932
-41.4236,-0.006595174162743401,0.0005604488888735641
-41.40369,-0.00644795063183661,0.0005643738186057699
-41.38384,-0.006016609881238966,0.0005687254381160747
-41.36389,-0.005823042826489849,0.0005732659638720068
-41.34403,-0.0056619019773252914,0.0005779629832165541
-41.32399,-0.005830105293477868,0.0005824871323380974
-41.30397,-0.006001420367503306,0.0005868353044313026
-41.28397,-0.006053619794855593,0.0005911266200873267
-41.26395,-0.005990899845722411,0.0005954759987173829
-41.244,-0.006004106623573133,0.0005998075246530004
-41.22398,-0.006190743078456645,0.0006039477621243622
-41.20386,-0.00643833836132272,0.0006078357425616747
-41.1839,-0.006436940462670328,0.0006117204811911467
-41.16377,-0.006745795950521132,0.0006152917063442873
-41.14377,-0.00664232965998454,0.0006189617581518614
-41.12364,-0.006880545985912967,0.0006223889406265182
-41.10376,-0.006851640990818144,0.0006258404080232
-41.08362,-0.007164313452112565,0.0006289745536961365
-41.06365,-0.006765419718071068,0.0006325029669983265
-41.04376,-0.0063165531279793016,0.0006364756329596313
-41.02393,-0.005643381776749682,0.0006411168660622488
-41.00398,-0.005443037436572038,0.0006459538271670621
-40.98409,-0.005309531173429041,0.0006509196879139325
-40.96401,-0.005678813262007635,0.0006555116393779046
-40.94402,-0.0058752640074629945,0.0006599025262579051
-40.92387,-0.006661804443160782,0.0006635022419690479
-40.90382,-0.007084074509660812,0.0006666750714361369
-40.88355,-0.007756078824525622,0.0006691712563128559
-40.86359,-0.00774680374679453,0.0006716721158725959
-40.84341,-0.008145170760036173,0.0006737699839473365
-40.82343,-0.008120765402234803,0.0006758876594628607
-40.80338,-0.00822332085723402,0.0006778981756177496
-40.78342,-0.007729663176461113,0.0006803977588113777
-40.7636,-0.0072148781833434,0.000683407555597661
-40.7437,-0.006507726395876528,0.0006871199255653754
-40.72379,-0.0060731802513667625,0.000691262264281754
-40.70407,-0.00575697225599161,0.0006957162587751698
-40.68396,-0.005956987206306077,0.0006999656417734561
-40.66406,-0.0058259068684650365,0.0007043415361329164
-40.64406,-0.005868366134658166,0.0007086703926961088
-40.62405,-0.005941430786506859,0.0007129216073011071
-40.6041,-0.005940572508007723,0.0007171691124577161
-40.58397,-0.006080514942369825,0.0007212720883906775
-40.56413,-0.005943035352429929,0.0007255079941192258
-40.54396,-0.006202441942011712,0.0007294799065499391
-40.52393,-0.006314701172757875,0.0007333349921385442
-40.50391,-0.006751392055485635,0.0007367488228334318
-40.48372,-0.007045484183207922,0.0007398639796035385
-40.4637,-0.007195576965919062,0.0007428244844091829
-40.44374,-0.0072548378655446985,0.0007457211786527552
-40.42357,-0.007268833346537484,0.0007485993052574687
-40.40369,-0.006618348221857356,0.0007521233815950351
-40.38374,-0.006092050372638245,0.000756169214478992
-40.36401,-0.005454770643270312,0.0007608478141801921
-40.34401,-0.005668521170912072,0.0007653081208861625
-40.32404,-0.005774545221244253,0.0007696578670027045
-40.30396,-0.006098669581622986,0.0007736789416262732
-40.28401,-0.0061846162888107604,0.0007776095401284207
-40.26387,-0.006374809862749643,0.0007813453956415948
-40.24385,-0.006418469369152401,0.0007850330587578993
-40.22388,-0.006790008286319593,0.0007883446583258775
-40.20371,-0.007227592302679479,0.0007912141281218968
-40.18361,-0.007265836743805982,0.0007940408183426968
-40.1637,-0.006815981634106335,0.000797312853212945
-40.14377,-0.006285222562582111,0.000801111136703166
-40.12389,-0.005775011226644348,0.0008054151292869311
-40.10399,-0.005916665666504421,0.0008095729651913158
-40.08405,-0.006323125109403279,0.0008133198370814712
-40.06381,-0.006887691719305292,0.0008164976050945539
-40.04382,-0.006906089557634384,0.000819652469587678
-40.02383,-0.006958439411632471,0.0008227504809005662
-40.00383,-0.006648334208850073,0.0008261540952779799
-39.98383,-0.006388327282278256,0.0008298132167969615
-39.96401,-0.005815525907858969,0.0008340406632008895
-39.944,-0.005817742839797566,0.0008382613964091412
-39.92416,-0.005936719913032277,0.0008423586783789856
-39.90392,-0.006453057122156754,0.0008459351048580016
-39.88391,-0.006316062763728921,0.0008496440364786878
-39.864,-0.006315842421431085,0.0008533487131577449
-39.84389,-0.006547676147799502,0.0008568170599883868
-39.82385,-0.0065207933386032,0.000860307803963668
-39.80379,-0.006330214304739163,0.000863984641338583
-39.78403,-0.005705751683264959,0.0008682814927039808
-39.76404,-0.005733461688909751,0.0008725461611695344
-39.74402,-0.005569774864805683,0.0008769700424322555
-39.724,-0.005462736822765749,0.0008814964900412687
-39.70416,-0.005058112171219211,0.0008864231136648886
-39.68417,-0.00501465689512318,0.0008913887289611047
-39.6642,-0.005080656606221792,0.0008962838855622059
-39.64421,-0.005544694100302768,0.0009007105457016193
-39.62409,-0.006010325355830369,0.0009046671030097754
-39.60391,-0.0059803986039588175,0.0009086491109491914
-39.58398,-0.00573728427085129,0.0009128697881021603
-39.5641,-0.005564467504410708,0.0009172588449275907
-39.54395,-0.005829043877811773,0.000921378859675821
-39.52403,-0.006126472502022311,0.0009251970087308729
-39.50389,-0.006439267013936316,0.0009286979033603181
-39.48381,-0.006483438212892207,0.0009321501760564743
-39.46396,-0.006244579736736413,0.0009358368850482752
-39.4438,-0.006252418180734393,0.0009395113003534502
-39.42397,-0.005751566044211712,0.0009436821524648662
-39.40393,-0.005895503868806701,0.0009477046297881634
-39.384,-0.0058121633474176315,0.0009518060254795844
-39.36392,-0.00620059124049213,0.0009555145563608248
-39.34393,-0.005983038125663424,0.0009594362159628976
-39.32391,-0.0058543769437715614,0.0009634821112363538
-39.30411,-0.005609769966508153,0.0009677682152052022
-39.28395,-0.006009443150455359,0.0009716502091812591
-39.26393,-0.006176306788308433,0.0009753609208669516
-39.24387,-0.006207560668170259,0.0009790359577813287
-39.22383,-0.0058227611259403554,0.000983091377896224
-39.20398,-0.005517985098986265,0.0009874471814333146
-39.18393,-0.005519149677004725,0.0009917974074721695
-39.16391,-0.005535472475032493,0.0009961269034569487
-39.14404,-0.005863593667580115,0.0010001238901644017
-39.12392,-0.006454713369425449,0.0010035253431933868
-39.10379,-0.006803420489242015,0.0010065736762902915
-39.08374,-0.0066678041471925345,0.0010097532241957992
-39.06378,-0.006475609315511508,0.0010131205777779797
-39.04379,-0.006266359300325009,0.0010166927911092482
-39.02368,-0.0062736611076887345,0.001020253301172234
-39.00382,-0.006114658255092078,0.0010239684429096494
-38.98383,-0.006156859203883563,0.0010276370002004214
-38.96382,-0.005903606779596808,0.0010315544264333492
-38.94396,-0.00562104306766941,0.00103575005191378
-38.92409,-0.005582153491406607,0.0010399802036153655
-38.90404,-0.00592466993889304,0.0010438634576556795
-38.88397,-0.006124349349530462,0.0010475426510973898
-38.86394,-0.006223607568303665,0.001051118211845851
-38.84403,-0.005977893643965531,0.0010549351276505968
-38.82393,-0.0059696490490696525,0.0010587559102740627
-38.80402,-0.00567542163018231,0.001062866565914069
-38.78395,-0.005883526825199115,0.001066764746409784
-38.76399,-0.00586732562818663,0.0010706747726074684
-38.74384,-0.006094967021884206,0.0010743527830761428
-38.72397,-0.005704203843853906,0.0010784172156673706
-38.70398,-0.005415857597755732,0.0010827656423720328
-38.68416,-0.00515600349920117,0.0010873695920741169
-38.66422,-0.005191287635371616,0.0010919339154702055
-38.64417,-0.005189529649483192,0.0010964956447475414
-38.62437,-0.004437481255772876,0.0011018051001347269
-38.60439,-0.003809139613698974,0.0011077385572174417
-38.58473,-0.003174113543779879,0.0011143027378982889
-38.56464,-0.003758815419898698,0.0011202778690470598
-38.54456,-0.0044977429272719015,0.0011255097283635453
-38.52437,-0.00511415930196256,0.0011301208171160114
-38.50417,-0.005192811978602076,0.0011346489001487093
-38.48433,-0.004976822867569107,0.0011393886610042252
-38.46414,-0.005402212830466558,0.0011436986844060716
-38.44408,-0.005466717681633767,0.0011479398719501433
-38.42403,-0.00557956850472408,0.0011520638809740405
-38.40414,-0.005371646718440055,0.0011563915038032024
-38.38416,-0.00534050924392979,0.0011607459484686885
-38.36412,-0.0051217845780650445,0.0011653147978030998
-38.34427,-0.005027178927784426,0.0011699739557330174
-38.32433,-0.005276418924320557,0.0011743795689653398
-38.30415,-0.005494518942756542,0.0011785627535064798
-38.2842,-0.004829253486704697,0.0011834069020984894
-38.26436,-0.003955344493148159,0.0011891206724287979
-38.24466,-0.003227356180997353,0.0011955581611977812
-38.22458,-0.003445134330545924,0.0012017735627965157
-38.20465,-0.0036578559065476037,0.00120777195227929
-38.1846,-0.004141676742699416,0.0012132822195404726
-38.16452,-0.004390264981696711,0.0012185395961149645
-38.14446,-0.0050109279729790715,0.0012231720116088966
-38.12428,-0.0055061127890147,0.001227304933399466
-38.10405,-0.005771572028883055,0.0012311680838624872
-38.08414,-0.005692564112150023,0.0012351059669400324
-38.06401,-0.005678807636772802,0.001239053309596858
-38.04399,-0.0052770438750090794,0.0012433981331770292
-38.0242,-0.00496881523435918,0.0012480469295217665
-38.00426,-0.004905906781728663,0.001252754364418526
-37.98421,-0.004972571324600691,0.001257390855188167
-37.96431,-0.005015151977466316,0.0012619805040218993
-37.94428,-0.0052074943930859345,0.0012663735373325824
-37.92432,-0.005271280827167066,0.0012706985207815277
-37.90424,-0.00535492196911581,0.001274935588937736
-37.88428,-0.005036662220756521,0.0012794866577242115
-37.8644,-0.0044951061179227345,0.0012845750342115974
-37.8445,-0.0039553721005546535,0.0012901988963057633
-37.82475,-0.003416773684325201,0.0012963571265811173
-37.80473,-0.0030677937889708145,0.001302860079770432
-37.78488,-0.0025790397467188885,0.0013098475503232573
-37.76495,-0.0026578240198304602,0.0013167519935084672
-37.74489,-0.003321348894112672,0.0013229886569967435
-37.72472,-0.004265933952321825,0.0013282764710374558
-37.70442,-0.004961371401456557,0.001332864571569986
-37.68436,-0.005062647899419326,0.0013373471472602903
-37.66429,-0.005205230476385184,0.0013416828931127418
-37.64423,-0.005384553797052088,0.0013458350715916372
-37.62421,-0.0055344026601350125,0.0013498331635416298
-37.6042,-0.005301320881092371,0.0013540601027993333
-37.58435,-0.0046645693204556,0.0013589195782284275
-37.56448,-0.003975455310962367,0.0013644639522630995
-37.54462,-0.0034894832969245455,0.0013704900860698837
-37.52474,-0.003306041378765866,0.001376695449539746
-37.5047,-0.003399506588661803,0.0013828031207484446
-37.48476,-0.0033239171640362685,0.0013889821670109038
-37.46469,-0.003500545461093615,0.0013949803590056302
-37.44472,-0.003679855865943334,0.0014007950272902038
-37.42455,-0.004343545628717448,0.0014059417735598028
-37.40451,-0.004575233941469761,0.0014108526150824223
-37.3844,-0.0047318462097503105,0.0014156026226624164
-37.36452,-0.0043988463389456655,0.0014206814347259157
-37.34448,-0.004437815713794524,0.001425717067322777
-37.32452,-0.004284556520326109,0.0014309017595244616
-37.30451,-0.00413165778865738,0.0014362351477278208
-37.28459,-0.0036271978459558652,0.0014420688046726947
-37.26474,-0.003339516448873412,0.0014481859612259353
-37.24477,-0.003503633335967011,0.0014541348086327774
-37.22472,-0.003849562001682984,0.0014597335288503452
-37.20462,-0.004045890645001805,0.0014651317187862282
-37.18469,-0.003757387036316282,0.0014708142305349422
-37.16475,-0.0035013003023834717,0.0014767486482609876
-37.14485,-0.0033484569460524465,0.001482831734833834
-37.1248,-0.0033969828870266915,0.00148886210742034
-37.10484,-0.003291405001636951,0.0014949938813008659
-37.08493,-0.003153515704094401,0.0015012593751620453
-37.06494,-0.0033166617454814256,0.0015073575474293392
-37.04497,-0.0035676576624734477,0.0015132005523829115
-37.02481,-0.0038249048603319043,0.0015187821211234697
-37.0049,-0.003720429393854586,0.0015244640043141175
-36.98491,-0.0035660412320886238,0.001530296108433673
-36.96487,-0.003165326862276649,0.001536524756593784
-36.94505,-0.002812477634622152,0.0015431021084661403
-36.9251,-0.00304896279259255,0.001549438818285842
-36.90492,-0.003464136428852659,0.0015553561759078067
-36.88481,-0.003861614831648327,0.0015608718858800337
-36.86479,-0.00394540086387288,0.0015662996519291903
-36.84473,-0.0040924255451677246,0.0015715762333579578
-36.82472,-0.004037571184451511,0.001576903516424553
-36.80464,-0.0037543756454364373,0.0015825098371773769
-36.78484,-0.0031921799782212,0.0015886742265713474
-36.76506,-0.0030349663922359664,0.0015949917066046242
-36.74495,-0.0031551634826605048,0.0016011848347878422
-36.72501,-0.003201668702934953,0.0016073273224811255
-36.70503,-0.002910279500007276,0.0016137570620573022
-36.685,-0.0025552643692400407,0.001620537676378818
-36.66525,-0.0022901140847294975,0.001627579331274404
-36.64504,-0.0029166225383369347,0.0016339903230340506
-36.625,-0.003438367767969716,0.0016398754343116358
-36.60481,-0.004028938870434403,0.0016451658259903992
-36.5847,-0.004037531475044396,0.0016504434867939918
-36.56477,-0.0036463732262913273,0.0016561081879622268
-36.5448,-0.0034827073868240223,0.0016619324350460687
-36.5249,-0.0030849221896095806,0.0016681503565535742
-36.50491,-0.002865130806240475,0.0016745839515505637
-36.48517,-0.0025127614395112894,0.0016813658254293893
-36.46516,-0.002781821635828411,0.0016878745232366868
-36.44508,-0.0030049963380746627,0.001694155925406723
-36.42506,-0.003198480255654956,0.001700239730843419
-36.40511,-0.0030032380386390955,0.0017065146747966351
-36.3851,-0.0030388014195138055,0.0017127499476218865
-36.36514,-0.0030134481235034294,0.0017190064730749346
-36.34494,-0.0030698028960707805,0.0017252025208776525
-36.32517,-0.0027453297161585573,0.0017317189644106144
-36.30518,-0.002970022800894108,0.0017380066172200384
-36.28508,-0.003114809696028857,0.0017441453764348983
-36.26511,-0.0030630337388231313,0.0017503318200235533
-36.24515,-0.0028433847605037147,0.001756733824024162
-36.22527,-0.0025661317378089226,0.0017634090025277413
-36.20525,-0.0026104618274043045,0.0017700357603600075
-36.18526,-0.002784109098866763,0.0017764847853632122
-36.16522,-0.002932536314895606,0.0017827812945886243
-36.14514,-0.0032927718901638926,0.0017887134776845824
-36.1252,-0.0037939455760833485,0.001794140412571892
-36.10487,-0.00450317340505224,0.001798854008098342
-36.08479,-0.004441009088221582,0.0018036256834477564
-36.06485,-0.003960832632887491,0.0018088734667524745
-36.04498,-0.003494924426522089,0.0018145830987387269
-36.02512,-0.0031594914510312444,0.0018206241071509308
-36.00505,-0.0028957153914822647,0.0018269248161270515
-35.98531,-0.00211254800312955,0.0018340046518526053
-35.96547,-0.0019041386658617374,0.0018412888482829428
-35.94553,-0.0019142062703114938,0.001848558920504234
-35.92543,-0.002078412604561746,0.001855660715877026
-35.90555,-0.001851171194858587,0.0018629857059823038
-35.88564,-0.0015135965198097867,0.0018706442230792396
-35.86559,-0.0012050007663583968,0.0018786072763458134
-35.84573,-0.0010927337903797508,0.0018866785578081605
-35.82564,-0.0013670105382063244,0.0018944715029486593
-35.80554,-0.001534797899018455,0.0019020926021603816
-35.78557,-0.001939959424353596,0.0019093044961147499
-35.76546,-0.002256693716238595,0.0019161956001997518
-35.7453,-0.0024306524864980855,0.001922908686998569
-35.72542,-0.002311118745011715,0.0019297372786159013
-35.70535,-0.002436019075746021,0.0019364369242240102
-35.68538,-0.002421703665824983,0.0019431468513852735
-35.66536,-0.002493229812704055,0.0019497812155919332
-35.64531,-0.0022256994186593093,0.0019566790724087125
-35.62544,-0.0016875704011283066,0.0019641110401037304
-35.60553,-0.001588227075006492,0.0019716383310070724
-35.5856,-0.001724991244034355,0.001979024837612979
-35.56542,-0.0022330256286217185,0.001985899267171571
-35.54549,-0.002194187160544409,0.0019928085189896234
-35.52545,-0.002090479645704004,0.001999817453305032
-35.50555,-0.0017822838772796141,0.002007130574014645
-35.4856,-0.001779126322339817,0.0020144428399634603
-35.46556,-0.0018623916212228474,0.0020216678214633366
-35.44562,-0.0017567273917306024,0.002028994459749992
-35.42566,-0.0017623410982547886,0.0020363114768809833
-35.4057,-0.0016068675814840908,0.0020437799620229087
-35.38565,-0.001467535402201316,0.002051383767026365
-35.36572,-0.0011506951065669041,0.0020593004136239767
-35.34575,-0.0011255460383796257,0.002067238208637939
-35.32573,-0.0011354248936047938,0.002075162121231562
-35.3057,-0.0012787037205869802,0.002082938752408028
-35.28572,-0.001332491854225769,0.002090657599649586
-35.26563,-0.0015149877297298423,0.0020981899465004256
-35.24564,-0.0017034625776527947,0.002105529825612323
-35.22563,-0.0020788661624012356,0.0021124903082490685
-35.20554,-0.002218905952803662,0.0021193067524132585
-35.18556,-0.0018619784588504334,0.002126476137951494
-35.16565,-0.0015195141779099225,0.0021339840103292936
-35.14575,-0.001288864101635995,0.0021417185582214763
-35.12558,-0.001351771405893853,0.002149386200161808
-35.1057,-0.001184312470916073,0.0021572173322437003
-35.08568,-0.0012777314567095125,0.00216495106499328
-35.06563,-0.0014073737430465388,0.002172551174154026
-35.04561,-0.001626066144678218,0.0021799286144194314
-35.02551,-0.0017323712893081492,0.0021871957672959376
-35.00559,-0.0015164975485634554,0.0021946748308543985
-34.98564,-0.0015160983294636948,0.0022021503296051743
-34.96562,-0.0017011355746934145,0.002209436822293157
-34.94557,-0.001964851528293123,0.0022164556292581503
-34.92548,-0.0019032390568229135,0.0022235320770230245
-34.90558,-0.0013985193723376498,0.002231109292865444
-34.88571,-0.001116157868515711,0.0022389649233615105
-34.86578,-0.0010636708411535768,0.0022468690902037562
-34.84572,-0.0012894369245887265,0.002254543529794151
-34.82581,-0.001244591097593541,0.002262258870234202
-34.80579,-0.0015967955933315601,0.00226961805262927
-34.78575,-0.0015799272347270215,0.0022769901498377433
-34.76556,-0.0014713547347934381,0.0022844668536627605
-34.74582,-0.0009141391743843161,0.0022924968517916765
-34.72586,-0.00113984228639976,0.0023002972065517624
-34.70572,-0.0013029451544323241,0.002307930503023123
-34.68565,-0.0012486062701352442,0.0023156141914998027
-34.66577,-0.0007107274266235127,0.0023238318318175495
-34.64587,-0.00019828932588054955,0.002332557983216951
-34.62596,0.00010557734632225724,0.002341584075200228
-34.60603,3.813575100611347e-05,0.0023505387994875227
-34.58604,-0.000460797497130203,0.002358990660644259
-34.56595,-0.001192934754486843,0.0023667064471216684
-34.54573,-0.0018059762702822089,0.002373805244317272
-34.52567,-0.0018372805860077405,0.002380868806399679
-34.50568,-0.0017424980622630464,0.0023880232286790652
-34.48569,-0.0014203536797006886,0.0023954958748921844
-34.46562,-0.001215405390689927,0.002403169543312217
-34.44579,-0.0008780704346728368,0.002411176645004554
-34.4258,-0.0008571315233680317,0.002419200770778521
-34.40585,-0.0008688781922053351,0.0024272092406722183
-34.38582,-0.0008346152483052095,0.002435248058676494
-34.36578,-0.0005982968373830107,0.002443519281198095
-34.34599,-0.00018499555279063556,0.0024521999163453854
-34.32594,-5.685465598112885e-05,0.0024610047812923326
-34.30603,0.00025109634325490965,0.0024701137010761176
-34.2861,0.00022838008679010825,0.0024791960084282827
-34.26608,0.00041751918057197256,0.002488463552168438
-34.24606,0.00036158516687391815,0.0024976712610536747
-34.22621,0.0001252965910448596,0.0025066387981966644
-34.20598,-0.0005363134784001417,0.0025149408086245014
-34.1859,-0.0006274631528230887,0.002523147768552467
-34.16591,-0.0005939959392110889,0.0025313843050874326
-34.14594,-0.00018868910455465228,0.002540022261557877
-34.12599,0.00033100108275963333,0.002549176025018166
-34.10614,0.0006483859972838229,0.0025586433012980557
-34.08629,0.0006621893485523718,0.002568120510663027
-34.06616,5.1937870991929006e-05,0.0025769835742283035
-34.04617,-0.0005687811726729089,0.002585222039225033
-34.02593,-0.001308319458272423,0.00259271706518112
-34.00583,-0.001439547511284982,0.0026000769771191883
-33.98579,-0.0012062258583194394,0.0026076663321314805
-33.96578,-0.0007750043267082934,0.0026156830347061517
-33.94595,-0.0001969184896873373,0.0026242739675524152
-33.92596,-5.338817652935675e-05,0.002633004562249868
-33.90613,3.5594943221311367e-06,0.002641788252691508
-33.88609,-0.0002070839503599431,0.002650357430294788
-33.86603,-0.0001209516405267295,0.0026590088708193394
-33.84618,0.00028355313946226495,0.002668060967825473
-33.82622,0.00042948477086976667,0.0026772551398996677
-33.80632,0.0006018631361598333,0.0026866178410913204
-33.78627,0.00042264282515609475,0.0026957974608207303
-33.76633,0.000554449208107079,0.002705105037667801
-33.74628,0.0006970800259651305,0.002714551387840294
-33.72636,0.0009250668002116823,0.0027242218809870977
-33.70638,0.0009642910503898206,0.002733927750925332
-33.68631,0.0007533182748376276,0.0027434187942485737
-33.66637,0.0005887544851114079,0.0027527414336063925
-33.64621,0.00018448456697955977,0.0027616559446687907
-33.62627,0.00011762245730434452,0.0027704997570797913
-33.60619,-0.00041930103176998786,0.0027788027985520647
-33.58612,-0.0007233660094164976,0.0027867979303298593
-33.56595,-0.0009221059862585418,0.002794590470168191
-33.54599,-0.0005085969266328226,0.002802792687967221
-33.52609,-0.00017766432997091768,0.0028113220145009428
-33.50613,1.1099892804725027e-05,0.0028200362777616055
-33.48612,0.00017044179918902075,0.002828906052714074
-33.46622,0.0004981980821119182,0.002838099765478901
-33.44635,0.0007132077740346518,0.0028475046739635385
-33.42636,0.0007554738195334387,0.0028569480254826665
-33.4063,0.0007506784534464288,0.0028663827541157297
-33.38637,0.0008299621715375912,0.0028758929524630456
-33.36638,0.0005627063027194947,0.002885132077327225
-33.3463,0.00037291272780026627,0.0028941775847050296
-33.32622,0.00011245630332422787,0.0029029588135537792
-33.30632,0.0001731590186082046,0.0029117969409798777
-33.28618,2.5276539171501686e-05,0.0029204833620361374
-33.26625,0.0002803678133653222,0.0029294210711129295
-33.24626,0.00027812650294698014,0.0029383527320315894
-33.22636,0.0005135817980741061,0.002947516051241051
-33.20631,0.0003825914225554482,0.0029565445714282183
-33.18636,0.00011357468276700876,0.002965300276959061
-33.16623,-0.0001939816452748314,0.0029737446139483487
-33.14616,-0.0004104914986370437,0.0029819686360260307
-33.12631,-0.0003869252841854825,0.00299021244066833
-33.10613,-0.00023771271302694576,0.00299860164658913
-33.08632,0.0005271796048938404,0.0030077519682805485
-33.06656,0.001077472934217091,0.0030174488129541756
-33.0466,0.0013427582021855154,0.0030274071565132288
-33.02678,0.0013975878073823565,0.00303741655750054
-33.0067,0.0012741011380339037,0.0030472986783130008
-32.98668,0.0016811080763789283,0.0030575840196630324
-32.96678,0.0019635077294500388,0.003068147986673994
-32.94684,0.001859968525985657,0.0030786046387030626
-32.92673,0.0014347042260345337,0.003088632237370541
-32.90663,0.0011463612688796655,0.003098367706685159
-32.88664,0.0011543587136799832,0.0031081073985467955
-32.86661,0.0012050090722035536,0.003117893964100418
-32.8466,0.0011651878612247892,0.003127636935307654
-32.82657,0.0010106789923695879,0.0031372216245102707
-32.80655,0.0009389647839541678,0.0031467308290135617
-32.78656,0.0011194501354173045,0.003156416752779212
-32.76659,0.0012690493116045286,0.003166248513146842
-32.74667,0.0014748627571766473,0.003176282330531836
-32.72664,0.001396277961124125,0.00318623379877663
-32.70667,0.0014916294527015728,0.0031962768611909767
-32.68662,0.001335216596408155,0.0032061597481602704
-32.66667,0.001469649294316042,0.0032161733157573505
-32.64661,0.0013998289045360675,0.0032261133030066897
-32.62676,0.0015863792207963033,0.003236236100741147
-32.60666,0.0011579864080445389,0.0032459267457044952
-32.58666,0.0009716083678250265,0.0032554272631624545
-32.56648,0.0005182827103301135,0.0032644706915309404
-32.54656,0.0007278458357933502,0.0032737199440349284
-32.52651,0.0007717743832926051,0.0032830093764976576
-32.50664,0.0010970233291757497,0.003292620326738441
-32.4866,0.0012898094031575495,0.0033024203188139465
-32.46669,0.0017502022455391016,0.00331267697253819
-32.44693,0.002106514459670916,0.003323286222039063
-32.42694,0.002172982987481159,0.003333958205365037
-32.40703,0.0022235635058964953,0.003344677043178445
-32.38702,0.0022032198473924828,0.003355371804353709
-32.36704,0.002431642235516713,0.0033662912592676794
-32.34715,0.002676573081397321,0.003377451925894209
-32.32721,0.002673679509328539,0.003388605977204213
-32.30721,0.002477270545281956,0.0033995598943389288
-32.28716,0.0022774922976959264,0.0034103103054221187
-32.26711,0.002134727024045982,0.003420914225158023
-32.24713,0.002079217676321588,0.00343145891723715
-32.22705,0.0018852308885569115,0.0034418058973221606
-32.20702,0.001825976164176549,0.0034520899035112716
-32.187,0.0017841557558460638,0.003462328372703144
-32.16698,0.0019816670107842046,0.0034727606382807634
-32.14702,0.002276164344387411,0.0034834836931948773
-32.12711,0.002384733517793723,0.0034943116152859922
-32.10707,0.0021927827757850797,0.0035049438751907263
-32.08698,0.001946314345912253,0.003515325952653343
-32.06694,0.0017769412265709898,0.0035255349489883192
-32.04695,0.0016096832083452393,0.0035355729852895946
-32.02689,0.0014034531224374602,0.0035454010852108706
-32.00682,0.0014586287916661571,0.003555280655367308
-31.98688,0.001886268930839955,0.003565584173041661
-31.967,0.0022960878291063067,0.0035762938238076605
-31.94713,0.0024923157367524105,0.0035871960192142213
-31.92711,0.0021786817419736696,0.0035977808862666712
-31.90711,0.0022884196447584106,0.003608471800267501
-31.88706,0.0024143551241249638,0.0036192849562396187
-31.86729,0.002908661355224642,0.003630588750434243
-31.84723,0.002869270181527975,0.0036418494624863287
-31.82736,0.0031103205202841666,0.003653347551733429
-31.80736,0.002942920457934948,0.003664674558428451
-31.78737,0.002891586993171648,0.003675946551708532
-31.7673,0.002644384599804922,0.003686967657561834
-31.74728,0.00258998020880965,0.0036979306799193143
-31.7273,0.0026145523732324836,0.003708914600408686
-31.70731,0.0027875392050672578,0.003720067834537221
-31.68733,0.003101626219611437,0.0037315314850162175
-31.66745,0.0032563893615241007,0.003743146238089061
-31.64752,0.0030929365185071427,0.0037545938752248913
-31.62737,0.002681534601202699,0.003765626430495713
-31.60735,0.002309269077731727,0.0037762830529345483
-31.58724,0.0020035940303402646,0.0037866303271318867
-31.56711,0.0018208149610327616,0.0037967911490776334
-31.54714,0.0018355080274004363,0.0038069630060338614
-31.52704,0.001875625202434805,0.003817171312875007
-31.50711,0.0022964916265625765,0.0038277968347879927
-31.48718,0.0026038525347013724,0.003838726067920924
-31.46729,0.002953330047441635,0.0038500011338892842
-31.44733,0.003178839725811399,0.0038614980606605483
-31.42741,0.0033098390031522317,0.0038731223428407793
-31.40747,0.0033340051748829073,0.0038847671473119273
-31.38745,0.0032499228499951217,0.003896324220560614
-31.36751,0.0033247824121204477,0.0039079525128125295
-31.34746,0.0033808684576648817,0.003919633243042312
-31.32756,0.003664631876834791,0.003931594102781446
-31.3076,0.003662957031331255,0.003943549650422546
-31.2876,0.003822089248015864,0.003955660691357827
-31.26756,0.0038935275122819945,0.003967839529971214
-31.24765,0.003978775672695235,0.003980099988612425
-31.22757,0.0038711850715227396,0.003992249216064882
-31.20757,0.0035612943086236275,0.004004084920462594
-31.18759,0.0032932799657411993,0.004015648981535954
-31.16739,0.003119541654153568,0.004027035658760772
-31.14757,0.003705679827335986,0.0040390048617209165
-31.12763,0.0036730518767985085,0.0040509378160050215
-31.10773,0.003971421267012876,0.004063165523897981
-31.08754,0.0037251306874581482,0.004075143303139439
-31.06781,0.004143326668477337,0.004087535679882846
-31.04761,0.0038484114443723843,0.004099629505816995
-31.0277,0.004049886902730229,0.004111921197164851
-31.00758,0.003708927325087902,0.004123868303248871
-30.9876,0.003759127909142464,0.004135861997393938
-30.96759,0.0036730163002276044,0.004147765966581052
-30.94757,0.0037562113049992643,0.00415974951824355
-30.92766,0.0037762230608756366,0.004171749479793238
-30.90764,0.0036543147580228434,0.004183623923783223
-30.88757,0.003752532304437296,0.004195592973606644
-30.86762,0.004030326406383761,0.00420783621727989
-30.84779,0.00432307950410109,0.004220368625236053
-30.82779,0.004090956831889401,0.0042326653094279
-30.80779,0.0037709650421864542,0.00424463840236835
-30.78763,0.003619363828766545,0.004256456283211729
-30.7677,0.003994197621543964,0.0042686454073587515
-30.74785,0.004305569761736262,0.004281142321290608
-30.7278,0.004373043555521407,0.004293703111990966
-30.70787,0.004597256961214332,0.004306484530460919
-30.68796,0.004459041741700997,0.004319124151314912
-30.66808,0.0043213410282826135,0.004331622493105803
-30.64786,0.003883179360171586,0.004343679068897622
-30.62795,0.003910898385567711,0.004355759786164178
-30.60786,0.003695123296685654,0.0043676211378154955
-30.58783,0.0038719259819565213,0.0043796557081109576
-30.56783,0.004014126764326273,0.004391828899193835
-30.54796,0.004316177652426994,0.004404300573292455
-30.52795,0.004561883489480629,0.004417014375645277
-30.508,0.004650952767164391,0.004429813676148785
-30.4881,0.0045734100632357005,0.0044425318684585356
-30.46791,0.0045431951457360125,0.0044552162585880595
-30.44806,0.004786839527523894,0.004468140734847198
-30.42815,0.004807557676483534,0.004481082367764153
-30.40808,0.004527191559709361,0.004493740061803494
-30.38814,0.004303267214821295,0.004506170270795132
-30.368,0.004248364343168584,0.00451854200175201
-30.34816,0.00457463577499862,0.004531236454663678
-30.32823,0.004579108787592553,0.004543931825478139
-30.30808,0.0045370657700767765,0.004556581582134548
-30.28812,0.00480142345775536,0.004569492142162746
-30.2682,0.005133627392454423,0.0045827313566016905
-30.24825,0.005596638313529099,0.004596430031626883
-30.22833,0.005896968459590097,0.004610425490448238
-30.20842,0.005775584478254614,0.004624296021320689
-30.18839,0.0052064460308641385,0.0046375938617914825
-30.16817,0.00455887625167629,0.004650240566985206
-30.14809,0.0041542158023217535,0.004662479058995149
-30.12808,0.003919810317578301,0.00467447959995378
-30.10794,0.003886918463450358,0.004686443694746326
-30.08797,0.00416929921548673,0.00469868663108687
-30.06809,0.0047330395116159845,0.004711489777245453
-30.04822,0.005475996271731116,0.0047250323520493034
-30.02847,0.0060138483044165575,0.004739109261849621
-30.00859,0.005956267543712635,0.004753125065109494
-29.98851,0.005616176386410772,0.0047667972371712225
-29.96845,0.005479555839754228,0.004780329251816329
-29.94846,0.005510509042381472,0.004793888689911106
-29.92851,0.005474459072954563,0.004807408553018019
-29.90837,0.00526686772536063,0.004820717286338283
-29.88829,0.005322315776174182,0.004834077935592383
-29.86836,0.005415957367471482,0.004847528707721105
-29.84844,0.005167401259819487,0.004860727407377021
-29.82826,0.0047550665212743965,0.004873510237039378
-29.80811,0.00481366007783378,0.0048863481289530535
-29.78827,0.005322556556659739,0.004899691411975154
-29.7684,0.005539889863545825,0.00491324852212826
-29.7484,0.005381231114154771,0.004926643458712413
-29.7283,0.005116976561447894,0.004939770619653484
-29.70836,0.005166279120643336,0.00495294357616845
-29.68839,0.005413798629984434,0.004966360544416252
-29.66846,0.00581157542085501,0.004980171786364462
-29.64856,0.006139938395196756,0.00499430789209308
-29.62865,0.00636135257260624,0.005008661913572481
-29.60873,0.006231066332023696,0.005022882151152595
-29.58872,0.005889172698043359,0.0050367569919724095
-29.56856,0.005777156528444872,0.005050516303369868
-29.54862,0.006059408036861491,0.005064554371720416
-29.52872,0.0063508912037207555,0.005078880433340452
-29.5087,0.00655695148141509,0.005093409057555894
-29.48874,0.006747074690929622,0.005108124313512069
-29.46886,0.006857931700506996,0.0051229469427628484
-29.44884,0.006687793046429988,0.005137595940324127
-29.42886,0.006329950989309445,0.005151883607442729
-29.40872,0.006099116751006128,0.0051659369410943234
-29.3887,0.006269945503235816,0.005180157615115607
-29.36887,0.006651467036684706,0.0051947563385233
-29.34879,0.006540633798896701,0.00520924073875766
-29.32884,0.006680424318167733,0.00522386145116236
-29.30869,0.006439612936866579,0.005238237859945792
-29.2889,0.006597832299716793,0.005252769025156559
-29.26871,0.006292373965492565,0.005266991239805627
-29.24881,0.0066296788277001055,0.005281547290967307
-29.22887,0.0067586501485650645,0.005296228843549392
-29.20895,0.007226794107591625,0.005311375073255554
-29.18897,0.007246702723628396,0.005326537741660923
-29.1691,0.007215653183132063,0.005341665900579965
-29.14896,0.006355510909004472,0.005355930438095518
-29.12888,0.005698197339417593,0.005369534189056071
-29.10848,0.005159234659375214,0.005382595481393398
-29.08855,0.005680497771371229,0.005396174578427262
-29.06868,0.0059893531516182355,0.00541005907853175
-29.04869,0.006146107655727818,0.0054240968731766575
-29.02872,0.006301990819457355,0.00543828709407229
-29.00879,0.006583030019211189,0.005452754901826086
-28.98903,0.007162605658464885,0.00546779884734802
-28.96904,0.007595946457576318,0.005483272679777746
-28.94925,0.008078633149931994,0.005499225761747004
-28.92929,0.008227775380881807,0.005515324537363888
-28.9093,0.008340988187834771,0.005531533076439084
-28.8894,0.008153566140491479,0.005547550752467691
-28.86937,0.0076373774182524005,0.005563048790417303
-28.84915,0.007429333320521393,0.005578335322027644
-28.82913,0.007724792674341947,0.00559391386743972
-28.80934,0.007914631441153471,0.005609678824991395
-28.78923,0.00768244690952727,0.005625208148668442
-28.76907,0.007369076255436639,0.005640420650092773
-28.74912,0.00714717727072174,0.00565540781832144
-28.7291,0.007042677793202644,0.00567028704908191
-28.709,0.007003427859405975,0.005685123587394922
-28.68907,0.007114393938192175,0.005700067663600622
-28.66904,0.006944861544372522,0.005714838773194146
-28.64908,0.006951601434364094,0.00572961319523354
-28.62897,0.006829977776102759,0.005744262556391705
-28.60909,0.007085487736776754,0.005759164009080813
-28.58911,0.00719623905085857,0.005774172788634589
-28.56915,0.007568804036648189,0.0057895507117224285
-28.54924,0.00796772497430848,0.005805324139538105
-28.52934,0.008324021011757917,0.005821450449417757
-28.50945,0.008591480732143102,0.0058378408072779
-28.48949,0.00853156259364526,0.00585416783150741
-28.46957,0.008432811592138845,0.0058703926937222475
-28.44946,0.008156693181177496,0.005886338013808685
-28.42947,0.008259445011758886,0.005902382672466956
-28.4095,0.008193626923529049,0.005918358102759287
-28.38945,0.008247813596854005,0.005934384304973091
-28.36937,0.008137275332958252,0.005950296553431928
-28.34941,0.008295801538085188,0.0059663639230287955
-28.32936,0.008489302981323124,0.005982621383793319
-28.30953,0.008849865278804544,0.005999236014413086
-28.28958,0.0087246148320455,0.006015721994701904
-28.26956,0.008225262199686455,0.006031705218759803
-28.24944,0.007538027378518325,0.006046997798470754
-28.22923,0.0069938642169648695,0.006061742800323439
-28.2092,0.006886963309737294,0.006076377501396337
-28.18913,0.006896903215107938,0.0060910187410263255
-28.16916,0.00716689426835332,0.0061059265792361445
-28.14919,0.007420409636512574,0.006121084541814083
-28.12924,0.007738235883217734,0.0061365569425866255
-28.10933,0.008025268025713454,0.0061523129918676376
-28.0894,0.008350460942196656,0.006168390850421186
-28.06952,0.008645585080882935,0.006184760454614941
-28.04964,0.008669404403644181,0.006201150501091047
-28.0296,0.008588909615580492,0.006217456665434698
-28.00957,0.008761844859604361,0.00623393237988608
-27.98969,0.009063635625971556,0.006250706512448288
-27.96977,0.009292515683626315,0.006267706150932786
-27.94971,0.00940065261334258,0.0062848105434087755
-27.92986,0.009441716069202938,0.006301952633252333
-27.90987,0.009110602161177579,0.006318760234302275
-27.88977,0.008703386617932834,0.006335157238341725
-27.86969,0.00830899932417532,0.00635115647655415
-27.84963,0.008133875725154182,0.006366977215563887
-27.82958,0.008033924350073822,0.006382694629790546
-27.80957,0.008034431882585232,0.006398409182521696
-27.78951,0.00820015628747666,0.006414286088445885
-27.76961,0.008584508234898357,0.006430543988215193
-27.74973,0.008889747593482034,0.006447103772139877
-27.72974,0.008953899976843694,0.006463724346690721
-27.70982,0.008955221184286813,0.006480342887227838
-27.68976,0.008649027444458791,0.006496651870086986
-27.66975,0.008613081438940053,0.006512921548086002
-27.64966,0.008518016366729228,0.006529092797812065
-27.62976,0.008874735939026058,0.006545617419126357
-27.60973,0.0091003731653828,0.00656236432171362
-27.58987,0.00941813931812678,0.006579425648241631
-27.56989,0.009414117686693568,0.006596479603687036
-27.5499,0.009369708261240454,0.0066134858009764
-27.52998,0.009155703855899026,0.00663027465162217
-27.50987,0.009023755896179732,0.006646928199807643
-27.48987,0.009008252431107741,0.006663562899404366
-27.46999,0.009058191666029053,0.006680244203190109
-27.44986,0.008957798620194576,0.006696821762329735
-27.42996,0.009031897383774117,0.006713470086615063
-27.40993,0.008917518701586389,0.006730000690690861
-27.38991,0.008887303895230871,0.0067464977405901115
-27.36997,0.009020963272857388,0.0067631251176708445
-27.34998,0.00905165600072972,0.006779779853128353
-27.33011,0.009217733217139631,0.006796597341475359
-27.31006,0.00921872650119714,0.006813412487319214
-27.29015,0.00940378687271441,0.006830409369192924
-27.27023,0.009444329014445734,0.006847443469572722
-27.25017,0.009571868804489007,0.006864601777533256
-27.23021,0.009832322065139724,0.00688201721511284
-27.21033,0.00985024137610846,0.006899447255486841
-27.19022,0.009671394953113177,0.006916695117952338
-27.17011,0.009619820314329312,0.006933888075730184
-27.15015,0.00978125013787119,0.006951239145386189
-27.13016,0.009779661956492236,0.0069685853082019885
-27.11018,0.009646070489844626,0.0069857945630231524
-27.09007,0.009501534172518157,0.00700285595719287
-27.07018,0.009651004978399736,0.00702006351486517
-27.05028,0.009616424481470653,0.00703723318543572
-27.0302,0.00950057268169331,0.0070542836862646395
-27.01024,0.00954931713303027,0.007071379623517848
-26.99036,0.00959858172822719,0.0070885215244061335
-26.97038,0.009822120590736635,0.007105883657534531
-26.95039,0.010024698193430668,0.00712344506234878
-26.93057,0.010029099877445283,0.007141007576332823
-26.91054,0.009953364373431892,0.007158491048889642
-26.8904,0.010030334255927172,0.007176048179072065
-26.87065,0.010470793801376622,0.007194042485414639
-26.85056,0.010460678249291578,0.007212023370291379
-26.83064,0.010584717250681552,0.00723012500161903
-26.81055,0.010385701549665711,0.0072480243141557965
-26.7905,0.010519147064323156,0.007266053773338932
-26.77065,0.010703960747805647,0.007284264762769875
-26.75063,0.010535239082580928,0.007302303736576947
-26.73067,0.01058684456961642,0.007320391027517476
-26.71051,0.010430551462555051,0.007338318724403019
-26.69067,0.010600861333537891,0.007356413453998383
-26.67055,0.01028334334882956,0.007374187370271654
-26.65051,0.0103010763425183,0.0073919757311961595
-26.63048,0.010537974249716957,0.007409997703784383
-26.6106,0.010881498018958416,0.0074283599257522126
-26.59076,0.011003429294630648,0.0074468408087746485
-26.57056,0.010802920858434314,0.0074651178894643115
-26.55068,0.010951080900267151,0.007483539859966125
-26.53073,0.010857742862151845,0.007501865218715796
-26.5107,0.010946091868688666,0.00752027564858918
-26.49071,0.010935935932446747,0.007538672648812259
-26.47078,0.010838252204031375,0.007556968697141039
-26.45067,0.010742876242699964,0.007575166090253162
-26.4306,0.010804591773027686,0.007593421923808121
-26.41071,0.010884962347770833,0.007611754866695649
-26.39066,0.010807501791474113,0.0076300070780986225
-26.37064,0.010702710151863996,0.007648151230395384
-26.35066,0.010644760667589681,0.007666234169887485
-26.33064,0.010681992802509296,0.0076843510768155555
-26.3107,0.010840482376725672,0.007702623215515721
-26.29068,0.01112093726958804,0.0077211725471714055
-26.27074,0.011525415735526375,0.007740123102242293
-26.25098,0.011776314459050315,0.007759321314735693
-26.23091,0.011548456412753535,0.0077782884079334695
-26.21088,0.011606389410934533,0.007797310177010117
-26.19087,0.01176839130350523,0.007816490693610673
-26.17102,0.0121569313715635,0.00783605650825546
-26.151,0.012017334597361849,0.007855479473813926
-26.13103,0.011650596536036138,0.007874532453796235
-26.11084,0.010954647192784267,0.007892886223239647
-26.09078,0.010569628751316817,0.007910851723321876
-26.07063,0.010479201324048457,0.00792872354028547
-26.05068,0.010690685788712994,0.00794680360105647
-26.03078,0.010945776203080165,0.007965135516357002
-26.0107,0.011043610875465475,0.00798356201953444
-25.99085,0.011291533996664712,0.008002233216074012
-25.97089,0.011146552360186706,0.00802075619508205
-25.95091,0.011211440648634293,0.00803934082648304
-25.93091,0.011259741655910985,0.00805797052299745
-25.91107,0.011784471613169567,0.008077121725800237
-25.89111,0.01219634905007588,0.00809668157557405
-25.87134,0.01264400481815118,0.008116685864886728
-25.85133,0.012828342058194383,0.008136871260287027
-25.83141,0.013013235283754936,0.008157238325211678
-25.81154,0.013082263631878914,0.008177671199514123
-25.79138,0.012938921244435965,0.008197957494199498
-25.77148,0.013073558784883433,0.008218375208127742
-25.75145,0.012879284521735207,0.00823859542206508
-25.7314,0.012714555959658069,0.008258647681719683
-25.71132,0.012321989385190728,0.00827830414841441
-25.69119,0.012054156115231723,0.008297689553445774
-25.67119,0.011961010158293501,0.008316978594237622
-25.65115,0.011870079373292312,0.008336173484621325
-25.63109,0.01195229165956825,0.008355447367676459
-25.6111,0.011955936149184972,0.008374721681659262
-25.5912,0.011895384293918324,0.008393932237608039
-25.57106,0.011679891475316282,0.008412924079805185
-25.55112,0.011777723002587935,0.008432010547352665
-25.53113,0.011875600908457155,0.00845119168461938
-25.51114,0.01196602359652878,0.008470460037728849
-25.49117,0.012046640978992745,0.008489805804052602
-25.47112,0.011911955063087724,0.008509013676286512
-25.45125,0.012041070880975254,0.008528347469521955
-25.43109,0.012118557207848515,0.008547755536253374
-25.41129,0.012562512367780328,0.00856760437065775
-25.39137,0.012528904271438613,0.008587416402804665
-25.37128,0.012553698699309588,0.008607250025234053
-25.3513,0.01261632540002596,0.00862714307887643
-25.33139,0.012514317959831068,0.008646930935573555
-25.31134,0.012420609429017081,0.008666621886263779
-25.29126,0.012386866914496966,0.008686275896309915
-25.27142,0.012681961928374102,0.008706221820489518
-25.2514,0.012926595183261051,0.008726409186433859
-25.23154,0.013344770351622001,0.008747011547978498
-25.21162,0.013591731096140017,0.008767857688045142
-25.1917,0.014019549159311914,0.00878912846527168
-25.17189,0.014219496025273611,0.008810596017044378
-25.15201,0.013998088565115512,0.008831838985723832
-25.13185,0.013575697186022005,0.008852656370237973
-25.11179,0.013396734179286288,0.00887329160688823
-25.0918,0.013288453765396627,0.008893815384205287
-25.07172,0.013107954773954808,0.00891415547901001
-25.05159,0.013061988326865549,0.008934446421887586
-25.03153,0.013315621347989583,0.00895498781823778
-25.01164,0.013645127542344756,0.00897585555371948
-24.99168,0.013725168587306089,0.008996800159897933
-24.97159,0.013682863898354996,0.009017699283829866
-24.95169,0.013721885980311403,0.009038634266057168
-24.93175,0.013780860142601058,0.009059625057347021
-24.91171,0.013961514050341194,0.00908079333221209
-24.89183,0.01430400216062742,0.00910230093662961
-24.87192,0.014540401339258258,0.009124041781009033
-24.85205,0.014528827202528093,0.009145767895948023
-24.83205,0.014335583068137531,0.009167297604268616
-24.81194,0.014347004420383157,0.00918883556559852
-24.79213,0.014685221920750495,0.009210708596940353
-24.7722,0.014742206554525654,0.009232635458908291
-24.75218,0.014626388456121079,0.00925444334421807
-24.73212,0.014493706201533892,0.009276115387422222
-24.71208,0.014520870870117396,0.009297811438052975
-24.69219,0.014683813110805497,0.009319667284721493
-24.67214,0.014762042103589524,0.009341598205099761
-24.65218,0.015005853915249353,0.009363769789143597
-24.63226,0.015114582557092688,0.009386046957569638
-24.61227,0.01503755080796878,0.009408243946751563
-24.59222,0.014933791043123309,0.00943033402609385
-24.57222,0.014698869585652787,0.00945218603843633
-24.55226,0.014538456115623627,0.009473874495645383
-24.53209,0.014412680057099411,0.009495434022882226
-24.51216,0.014844997641543466,0.009517422730567826
-24.49225,0.01516525096841267,0.009539728557020434
-24.47234,0.015471727434276501,0.009562337726664165
-24.45232,0.015112468241226923,0.009584584498051494
-24.43231,0.014811945672110098,0.009606527609742704
-24.41206,0.01457562610968724,0.00962823125062788
-24.39223,0.015095684389597108,0.009650451826808295
-24.37228,0.015252953952203066,0.009672826543146782
-24.3524,0.015367075279778696,0.00969531225717598
-24.33231,0.015120311626421794,0.009717548071748449
-24.3123,0.01512629430268383,0.009739786739605981
-24.29242,0.015249269709962092,0.00976214526307524
-24.2724,0.015411455145197619,0.009784662844515799
-24.25249,0.015682420759765878,0.009807448272413002
-24.23251,0.015652927534131243,0.009830201084736787
-24.21254,0.015547099605526174,0.009852844948701511
-24.19244,0.015398510824495377,0.009875337096454702
-24.1725,0.01552198890133555,0.009897949606324914
-24.15254,0.015523330834312439,0.009920560342170178
-24.13254,0.015533029040564875,0.00994317765899687
-24.11246,0.015331374082946153,0.009965590199839421
-24.09253,0.015336115392297208,0.009988004371765268
-24.0724,0.015395711439134147,0.010010475018101954
-24.05254,0.015830395302490485,0.010033377245056947
-24.03261,0.016087489433892283,0.01005653345972793
-24.01265,0.016214284362748643,0.010079813362281139
-23.99272,0.01621611052146975,0.010103091987110978
-23.97267,0.016037920333221052,0.010126189311555919
-23.95271,0.016326549601226197,0.010149572162027382
-23.93268,0.016675302045145078,0.01017330065855234
-23.9129,0.017215485405022973,0.010197566249072847
-23.8929,0.017056177010800023,0.010221669429227948
-23.87285,0.016783562767247812,0.010245496891288808
-23.85275,0.016451447863443575,0.010268989132721815
-23.83273,0.01625212343535976,0.010292278950303567
-23.81274,0.016062588349111357,0.01031537613652541
-23.79257,0.01602934223105234,0.010338436970324978
-23.77266,0.016133717701376733,0.010361599090868576
-23.75276,0.016219844219318266,0.01038484425108332
-23.73259,0.016278757459960908,0.010408145222041672
-23.71285,0.016426601490407835,0.0104315909627061
-23.69281,0.016151536761313583,0.010454758546800145
-23.67268,0.016035556434325946,0.01047780705436629
-23.65277,0.016170036162144266,0.010500986960459115
-23.63275,0.016343244088026405,0.010524336987664265
-23.61289,0.016761907070441343,0.01054810260226651
-23.59287,0.01671386443936009,0.010571817089930085
-23.57297,0.01664475612861709,0.010595459393697939
-23.55283,0.01634296808947156,0.010618796820161728
-23.53285,0.016378463059929686,0.010642166663537279
-23.51288,0.01655694556929378,0.010665711913233431
-23.49291,0.01690919554930229,0.010689606337968095
-23.47307,0.01745665142018914,0.010714045152938015
-23.45314,0.017829274541979884,0.010738853521052156
-23.43333,0.018085274597243704,0.010763914827913479
-23.41333,0.017894807648444526,0.010788782595993942
-23.39325,0.01754459295923047,0.010813297073853855
-23.37322,0.01710691743069937,0.010837370804994391
-23.35301,0.016651735682922508,0.010860986273333414
-23.33295,0.016511124369401838,0.010884458059818677
-23.31291,0.016352166933420058,0.010907767820807993
-23.29285,0.016316474508877056,0.010931038821326176
-23.27283,0.016384057441258152,0.010954374340437575
-23.2529,0.016538445891325068,0.01097786119043547
-23.23297,0.016809255666392693,0.011001615793877215
-23.21303,0.017086296032276606,0.011025644381971138
-23.19318,0.017466522196928812,0.011050050147269418
-23.17326,0.017735318705151527,0.011074721657046545
-23.15338,0.018006932895137096,0.011099661732662844
-23.13341,0.018122846407883475,0.011124714669155033
-23.11345,0.018100755430592978,0.011149742463875675
-23.09348,0.017970538740223963,0.011174636991729539
-23.07341,0.01784590344359825,0.011199403829231408
-23.05344,0.017868442179183344,0.011224190157754471
-23.03345,0.017839920550916162,0.011248944916942526
-23.0134,0.017926966881950966,0.011273783672326586
-22.99345,0.0182116397377877,0.01129890405775444
-22.97359,0.01840211707379476,0.011324211884406287
-22.95361,0.01855514391393223,0.01134966969570322
-22.93358,0.018546480305977917,0.01137511579938304
-22.91371,0.018474996911586293,0.011400487386602187
-22.89359,0.01828012403390006,0.01142566105392129
-22.87358,0.018273649111260046,0.0114508252071988
-22.85364,0.01840603142888316,0.011476118709139286
-22.83359,0.018611807019796346,0.011501614947573017
-22.81377,0.018831692116507495,0.011527328047144774
-22.79373,0.018664969180705142,0.011552871387727008
-22.77368,0.018701610129968602,0.011578448333823477
-22.75374,0.0188034872805873,0.011604124129497864
-22.73384,0.018959401323454587,0.011629952815267084
-22.71385,0.01882828105796958,0.011655647352606135
-22.69383,0.018763760384368056,0.011681274340515017
-22.67375,0.018788690585210124,0.011706923227474068
-22.65392,0.019063456930624507,0.011732843865883044
-22.63391,0.019076939091367987,0.011758774961938924
-22.61394,0.019164504833779527,0.011784790602838545
-22.59399,0.019010875481734555,0.011810649595896386
-22.57398,0.019030482723606666,0.01183652517531519
-22.55394,0.01915038835473768,0.011862517638897615
-22.53412,0.0193223905207834,0.011888679097562284
-22.51408,0.019119284964948177,0.011914634431618219
-22.49399,0.019077673908156522,0.011940545133786434
-22.47401,0.01926885620224213,0.011966644005203236
-22.45416,0.019588924285105308,0.01199305994062119
-22.43427,0.019730289280611518,0.012019614235758685
-22.41423,0.0196068472327829,0.01204604207582631
-22.39427,0.019724039906250778,0.012072584101516813
-22.37427,0.01978695017236884,0.012099186029241142
-22.35442,0.019901884186728197,0.012125899892869631
-22.33426,0.019619648911153746,0.012152328505877802
-22.31424,0.019706973486817998,0.012178841437644396
-22.29428,0.019733550350212643,0.01220537794521825
-22.27429,0.01997669464333401,0.012232154595445027
-22.25429,0.02011088753697081,0.012259062437529299
-22.23439,0.020333213968616325,0.012286189612126255
-22.21443,0.020371107319457772,0.012313351683792393
-22.1945,0.020369334054957382,0.012340508988877362
-22.17445,0.020283660714923765,0.012367577621404745
-22.15442,0.020301370324022173,0.01239466096670199
-22.13451,0.020328920356703833,0.012421768873466178
-22.11443,0.020271240204973038,0.01244881610267645
-22.09447,0.02051002506294299,0.012476099127608234
-22.07452,0.02083905458120741,0.01250370819469692
-22.05467,0.021403708166905254,0.01253187893507597
-22.03478,0.02164751844388329,0.01256029050426127
-22.01489,0.02172016423513221,0.012588771738945107
-21.99481,0.021280273581947763,0.01261681009271083
-21.97484,0.021045325404841865,0.012644610515677586
-21.95467,0.020645097611812883,0.012672007717693206
-21.93474,0.020836316269302806,0.012699593160459429
-21.91466,0.020939947078611246,0.012727279248529474
-21.89484,0.021069960425738377,0.012755092380831331
-21.87479,0.02093842306856267,0.012782770994390328
-21.85466,0.020741436070297395,0.012810249636080663
-21.83485,0.020744702668059892,0.012837728579356613
-21.81462,0.020639527335914197,0.012865099358969399
-21.79477,0.021178121833968302,0.012893005768081599
-21.77493,0.0213961917498892,0.012921127283858023
-21.75497,0.021560389771623105,0.012949410028588428
-21.73496,0.021533598944237654,0.012977663011690592
-21.71497,0.0216106213062815,0.013005990048691726
-21.69499,0.02184008582307731,0.013034543583500662
-21.67508,0.022041814538908078,0.013063295885547726
-21.65512,0.022104883624917426,0.013092108293471096
-21.63512,0.02227156758337639,0.013121084420995894
-21.61519,0.02251156406918313,0.013150297585871058
-21.59531,0.022610028142364628,0.013179606259739417
-21.57527,0.02236318290216604,0.013208665125203266
-21.55522,0.021918884115936652,0.013237276729311707
-21.53514,0.021736695386706226,0.013265703181563593
-21.515,0.021965166509258807,0.013294355139526261
-21.49524,0.02259313484529971,0.013323632123480747
-21.47527,0.022833877095899884,0.013353146896399349
-21.45532,0.023190738560993223,0.01338301557980936
-21.43544,0.023322208442745625,0.013413012787310642
-21.41556,0.023316012096791277,0.0134430008538287
-21.39552,0.023147025103570255,0.013472816980686317
-21.37546,0.022926513114740962,0.013502409642906195
-21.3555,0.02287755180620322,0.013531950398065243
-21.33539,0.022755735396016063,0.013561366383629352
-21.3154,0.022972991360322704,0.013590996680008174
-21.29538,0.02299063264714116,0.013620641671966728
-21.27548,0.023057809898676687,0.01365035090348547
-21.2554,0.022881249182865313,0.013679880627469042
-21.23541,0.022846378270763645,0.013709372540018729
-21.21547,0.022792539358278883,0.013738807677139192
-21.1954,0.022801871938894172,0.013768249204067676
-21.17545,0.02308959742339282,0.013797975521698692
-21.15553,0.02353503782434939,0.013828144347804059
-21.13568,0.02390829455972983,0.013858683503842553
-21.11578,0.024072028457339963,0.013889383465275509
-21.09573,0.023859618191435745,0.013919868080568552
-21.07581,0.023559100319537462,0.013950049250642582
-21.05559,0.02323135414309359,0.013979899731334334
-21.03551,0.023396231697835383,0.014009912155469966
-21.01563,0.02360018332547886,0.014040125609594065
-20.99562,0.023557211540363655,0.014070293164079888
-20.97557,0.023377814579782743,0.014100278392638799
-20.95554,0.023220701420282527,0.014130103581350606
-20.9355,0.02342518406174975,0.014160130326599144
-20.91559,0.023765399174702176,0.01419049436933201
-20.89575,0.02410182637834558,0.01422119192671885
-20.87575,0.024270706936413432,0.014252055444235946
-20.85591,0.02437271568716668,0.014283018060217752
-20.83594,0.024152289480713386,0.01431375733352703
-20.81584,0.023965743674863718,0.014344307138399825
-20.79585,0.023936188253074243,0.014374824472541627
-20.77583,0.024086869838112576,0.014405489572414205
-20.75586,0.0243433051502867,0.014436408195686116
-20.73593,0.024683931690381012,0.014467664536959678
-20.71596,0.02475225744986608,0.014498986294346055
-20.69611,0.024849865269995827,0.014530402757749009
-20.676,0.024767222471132187,0.014561733663143272
-20.65614,0.025023517501979446,0.014593317963460573
-20.63622,0.025172020264578723,0.014625047864206308
-20.61621,0.025379140050155038,0.01465698197851114
-20.59633,0.025717027813118333,0.014689251082727377
-20.57634,0.025809331803179833,0.014721609588078976
-20.55647,0.025933967620079997,0.014754089834197499
-20.53636,0.025804792223312136,0.014786437997646238
-20.51643,0.026063937501132266,0.01481904241023586
-20.49651,0.026292765953259675,0.01485187275681758
-20.47658,0.02647350315534235,0.014884880946706942
-20.45659,0.026337673548661393,0.014917750410890001
-20.43654,0.026137854937654425,0.014950417158163889
-20.41652,0.02593710997433273,0.014982880264965224
-20.39653,0.025657002770222613,0.015015060371837691
-20.3764,0.025621239644008826,0.0150472018162449
-20.35635,0.025948942932700912,0.015079668070152243
-20.33661,0.026425140574078118,0.015112607646143405
-20.31657,0.026503775764746867,0.015145622966325782
-20.2966,0.026528708940040294,0.01517866033366406
-20.27666,0.026212122958668347,0.015211378231770043
-20.25656,0.026083216441690385,0.015243964332419216
-20.23645,0.02611176198785732,0.015276576088250865
-20.21664,0.026326158866672156,0.015309399368203733
-20.19658,0.02614974372429415,0.015342043347634053
-20.17662,0.025980573649715448,0.015374515278215222
-20.15657,0.025836590160987036,0.015406840342711461
-20.13658,0.02616283497741008,0.015439488773832213
-20.11684,0.026837159008921904,0.015472808665587671
-20.09692,0.027322614399502173,0.015506611140584013
-20.07719,0.027522265413833586,0.01554061040593377
-20.05718,0.02732972949751657,0.015574414260504653
-20.03706,0.027431142587847533,0.0156083166484117
-20.01727,0.02788700990423512,0.01564267204299469
-19.99733,0.028287803201267534,0.015677425363152735
-19.97739,0.028505454344185225,0.015712393467834845
-19.95744,0.028307611338274263,0.015747160863450505
-19.93729,0.027855857643311027,0.015781473629539546
-19.91722,0.027508906204202332,0.015815436573821857
-19.89713,0.027036765981579638,0.01584892450753881
-19.87698,0.026673687077564297,0.015882046489865718
-19.85686,0.02629969104103058,0.01591479160641182
-19.83681,0.02614766227630877,0.015947381829352947
-19.81671,0.026225018032685447,0.01598004654160994
-19.79686,0.026718756289838667,0.016013202140314257
-19.77696,0.027082412091383613,0.016046718541396523
-19.75708,0.02776273870650254,0.01608091241784221
-19.73718,0.028350062504309652,0.016115690766844146
-19.71758,0.02895037222756368,0.016151066591596007
-19.69762,0.028878067051853633,0.01618636725886536
-19.67767,0.02883979389959296,0.01622162680230777
-19.65768,0.0285074740134472,0.016256551174129205
-19.63765,0.028412629843547053,0.016291377848989798
-19.61752,0.028507710632294094,0.01632629674757252
-19.59766,0.028777375970427066,0.016361482470026573
-19.57774,0.028787889019782825,0.01639667586192637
-19.55766,0.028714014111902213,0.01643179252782348
-19.53769,0.02884215799306055,0.0164670344934975
-19.51775,0.02897366286021013,0.016502405122628863
-19.49783,0.029074653930478978,0.01653787390357595
-19.47775,0.02905476815354355,0.016573319952022835
-19.45787,0.029179565289078013,0.016608887962659042
-19.43793,0.029087195521504974,0.01664436076645781
-19.41789,0.02927463871736643,0.016680018172132074
-19.39789,0.02923191727380565,0.016715630018263806
-19.37814,0.029241226622568218,0.016751248350044178
-19.35785,0.028800091379245735,0.016786422695211786
-19.33797,0.02924627645236905,0.016822040396991284
-19.31802,0.029604398040860323,0.01685801338925292
-19.29829,0.03052183986590252,0.016894901004993062
-19.2784,0.03080682223463681,0.0169320707773276
-19.25861,0.031030246290788193,0.016969461154318466
-19.23845,0.030697536226587017,0.017006515983308115
-19.21848,0.030561789225865273,0.017043432238510847
-19.19835,0.030023586834078155,0.017079807457148835
-19.17825,0.029654145292408396,0.01711581040274681
-19.15808,0.029435352804045516,0.017151591721746448
-19.13802,0.02953404252000945,0.01718746890324844
-19.11812,0.029813940408499533,0.017223623164945086
-19.0981,0.029861536915470045,0.017259822200198498
-19.07822,0.030073789084280038,0.017296230673119983
-19.0582,0.030131394143312087,0.017332693930297273
-19.03838,0.030472903085571094,0.017369495887205863
-19.01843,0.03053695793350275,0.017406359083979205
-18.99854,0.030871838020890757,0.017443554350075507
-18.97856,0.031146556851784774,0.017481021520578937
-18.9588,0.031453972284550935,0.01751879330469525
-18.9388,0.03134388711757173,0.017556452190302087
-18.91878,0.031170374303587878,0.01759393474977469
-18.89877,0.03110173702207957,0.01763134586023882
-18.87871,0.031176135496299492,0.017668828555905097
-18.85883,0.03133696705704309,0.017706469280334456
-18.83878,0.031356206573590825,0.01774412643366621
-18.81876,0.03150061540245662,0.017781925187847072
-18.79889,0.03171878698071369,0.017819939314511125
-18.77884,0.03195964242361722,0.017858191489202514
-18.75897,0.03244960719820767,0.01789693083168826
-18.73912,0.03266768686121939,0.017935885458949793
-18.71919,0.0326720774776505,0.017974841678833856
-18.69916,0.03250771397329055,0.018013630733082927
-18.67914,0.03243199345310836,0.01805234126626319
-18.6592,0.03267622684777845,0.018091293237499244
-18.63919,0.03292365043064803,0.018130489834407147
-18.61935,0.03312302818046236,0.01816988302101501
-18.59927,0.032988799821264715,0.018209139179842765
-18.57929,0.033019258331401506,0.018248423003992976
-18.55934,0.03318841944257032,0.01828787319867151
-18.53938,0.033443623313387905,0.018327575807173844
-18.51952,0.033748468484414866,0.01836758047701066
-18.49951,0.03381047846972265,0.018407644366308203
-18.47961,0.03390936972738004,0.01844780436305916
-18.45969,0.03371741486267607,0.018487769621157234
-18.43962,0.033527288256145316,0.018527541962192196
-18.41953,0.033645906979467476,0.018567430131523056
-18.39958,0.03396360940767787,0.018607633221102222
-18.37978,0.0341299522021777,0.018647999880040008
-18.35968,0.03392388010203497,0.018688157679092446
-18.33963,0.03379942050374562,0.01872818823437993
-18.31973,0.03379084017347074,0.018768207433902916
-18.29968,0.03401738329428821,0.018808450394477635
-18.27976,0.03443777543897519,0.018849110972825094
-18.2599,0.03458066760298269,0.018889911673070043
-18.23991,0.0344831855801637,0.01893061211542375
-18.21983,0.03439349530182391,0.01897122008808341
-18.19988,0.03448747211099666,0.019011919265813512
-18.17989,0.03465128048547685,0.019052779479181388
-18.1599,0.034890139029233797,0.019093875779398216
-18.13997,0.03507882211488519,0.019135157995098868
-18.12007,0.03514808040185263,0.01917650670404543
-18.10007,0.03512101972380757,0.01921782558322716
-18.08008,0.035113942294778204,0.01925913461744046
-18.06014,0.0351458352882321,0.01930047278068191
-18.04016,0.0352266358142988,0.019341888979491132
-18.0202,0.03549622754245355,0.01938357200711929
-18.00029,0.03566407675838375,0.019425420124618332
-17.98035,0.03589442538843071,0.019467495830915203
-17.96031,0.035843718134003714,0.01950951806610417
-17.94046,0.03567633930166682,0.01955137016923815
-17.92027,0.03526467654108797,0.019592807840258856
-17.90015,0.03525322380438822,0.01963423129376705
-17.88023,0.035444809910523144,0.019675843579722727
-17.8602,0.03553924246627293,0.019717547540064655
-17.84027,0.0358938471041846,0.019759603352939022
-17.82028,0.036178080023544945,0.019801940644637226
-17.80058,0.03656454627219012,0.019844661664083937
-17.78056,0.03655121114392227,0.019887366594848827
-17.76061,0.03657471890958838,0.019930092284366974
-17.74072,0.03664606743369448,0.019972886577428333
-17.72072,0.03678199374433028,0.020015814047330226
-17.70088,0.037144511771208796,0.020059101294822492
-17.68094,0.037238726264518844,0.0201024800123855
-17.66106,0.03737306052140808,0.020145990323802043
-17.64107,0.03731966165118473,0.02018944449146864
-17.62111,0.037590579521234686,0.020233166834645884
-17.60118,0.03805782041789597,0.020277353678876696
-17.58136,0.03840674854510803,0.020321886717889568
-17.5614,0.03824067503746208,0.02036625094408892
-17.54123,0.037909251526327986,0.020410280998043102
-17.52115,0.03760786627575648,0.02045400692351995
-17.50115,0.03749486249646501,0.020497617106990638
-17.48096,0.037379395097616376,0.020541109076424358
-17.46111,0.03738638498275042,0.020584605307001538
-17.44104,0.037179085353503935,0.020627891499311275
-17.42099,0.03723057705868087,0.02067122644670115
-17.40109,0.037450261505542835,0.020714778350356663
-17.3811,0.037699146017135275,0.0207585764069007
-17.36121,0.03795977996897079,0.02080263237172983
-17.34123,0.03789870206073715,0.02084662452954665
-17.32121,0.037939799185395764,0.020890655054423068
-17.30125,0.038054180373188,0.020934797234395532
-17.28139,0.03835599128356428,0.020979238505123496
-17.26146,0.03851629712360158,0.021023837359092277
-17.24161,0.03901377017556304,0.021068930968455947
-17.22177,0.03953766518742428,0.021114545756665958
-17.20213,0.040150523642628284,0.02116077069798911
-17.18218,0.040318965658134184,0.021207161361751763
-17.16223,0.040391330465181244,0.021253621671750697
-17.14232,0.03984531780106096,0.021299533253479958
-17.12215,0.03921891794891835,0.021344815708017918
-17.10182,0.03887930461801935,0.021389755815074265
-17.08202,0.03916737187479042,0.021434981282187245
-17.062,0.039123444163173524,0.021480160104628103
-17.04201,0.03916751785617501,0.021525380286272832
-17.0219,0.039085844503149406,0.02157051607522319
-17.00203,0.03947290021929334,0.021616036213262697
-16.98216,0.0398940655424438,0.02166197481099191
-16.9623,0.040290118978158006,0.021708306758003205
-16.94246,0.04049815730860951,0.021754844041155946
-16.9225,0.04076455031444869,0.02180164501028081
-16.9026,0.041241169741412016,0.021848919895711284
-16.88283,0.041734540512902374,0.021896685456095383
-16.86293,0.0419097812537656,0.02194462355607864
-16.843,0.041837573528379385,0.02199248674673176
-16.82295,0.04156613011000362,0.022040075787541788
-16.8029,0.04132490835651836,0.02208742090117428
-16.78282,0.04101094505333084,0.02213444934562853
-16.76271,0.04057625614204707,0.022181040394848008
-16.74257,0.04016469269152014,0.022227217173847628
-16.72246,0.03979188646897897,0.022273018442307627
-16.70244,0.03963104477623637,0.02231865617009956
-16.68233,0.039636608819851246,0.02236429675961749
-16.66246,0.040105550680819946,0.02241040360123551
-16.64259,0.04053591677606302,0.022456938120170484
-16.62279,0.041147435775923995,0.022504081473674616
-16.60289,0.041550074600357235,0.022551624777744306
-16.58318,0.041996395331570915,0.022599611724390994
-16.56325,0.042078524695352774,0.022647678112661575
-16.54335,0.04236717184559458,0.02269603046276434
-16.52336,0.04267113412111814,0.022744684086494143
-16.50359,0.043078915382264396,0.02279374281435422
-16.48363,0.04306668534129354,0.022842786626924648
-16.46361,0.04274043494597796,0.02289150150196647
-16.44353,0.04263727632594135,0.022940110529376084
-16.42348,0.04248473845898358,0.02298856433232881
-16.4037,0.0428348958836661,0.023037365619980554
-16.38347,0.04298739966457428,0.023086316718210383
-16.36391,0.04397205556159651,0.023136249812039267
-16.34398,0.044425145377233646,0.02318663331873044
-16.32423,0.04519657221902548,0.023237785584845787
-16.3044,0.04528742907458072,0.023289026037561222
-16.28447,0.0451747779399424,0.02334015116510687
-16.26445,0.04471741249912813,0.02339081624988123
-16.24437,0.04423073858744858,0.02344099198154929
-16.2242,0.04409742545507544,0.02349103171761067
-16.20424,0.044453085825907956,0.023541424442499587
-16.18443,0.04477443110123475,0.023592135849190538
-16.16454,0.04497379412432888,0.02364304395261291
-16.14446,0.04516585515632224,0.023694141442769174
-16.12468,0.04567079811011613,0.02374574121672186
-16.10478,0.046139370932857734,0.023797806899639364
-16.08492,0.046507539411083244,0.023850238090029355
-16.06502,0.04675285476253216,0.02390291193384481
-16.04497,0.04686688013878185,0.023955697135017193
-16.02519,0.04694216936103228,0.02400855497106497
-16.00508,0.04667588062785304,0.02406114384948187
-15.98503,0.04658127411641333,0.024113635456285462
-15.9651,0.04640507321218846,0.024165948203687154
-15.94502,0.04624761885020886,0.02421810083216093
-15.92497,0.04616897470022083,0.024270172154298806
-15.90505,0.046228493007571286,0.024322300339616063
-15.885,0.04642705802041836,0.024374624429698642
-15.86513,0.04679543022605099,0.024427314241124362
-15.84526,0.04687140240045466,0.024480077374819404
-15.82524,0.04688428286496207,0.024532850733028917
-15.80525,0.04695527230822044,0.0245856924270975
-15.78536,0.04721798840146464,0.024638794189299904
-15.76537,0.04738185274445802,0.02469205716418472
-15.74547,0.04749300828692827,0.02474542864810264
-15.72542,0.047363705108188124,0.024798668176312356
-15.7054,0.04731041650346346,0.02485185176574751
-15.68541,0.04729135826582835,0.024905013649131093
-15.6653,0.047225142565353824,0.024958106664392084
-15.64537,0.04748775802749389,0.025011459652007066
-15.62529,0.04773571050505465,0.025065057942996162
-15.60552,0.04840132081931213,0.025119319210513254
-15.58559,0.04867405881014,0.02517385057577505
-15.56581,0.048922065609322093,0.025228627315477432
-15.54579,0.048641249675585856,0.025283120596742287
-15.5258,0.04856724805219497,0.02533753723622266
-15.50578,0.04857431203701015,0.025391958299098065
-15.48598,0.048788107270271455,0.025446590527714242
-15.46599,0.04881670692806163,0.025501248718685268
-15.44591,0.048896709326591944,0.02555598427156286
-15.42598,0.048897586354985735,0.025610718068834477
-15.40596,0.04882505072650584,0.025665376694655042
-15.38588,0.048695808621926504,0.02571990344074655
-15.36592,0.048527974444247494,0.025774259721499614
-15.3459,0.0484239068227251,0.025828509301667257
-15.32585,0.04856139437774139,0.02588289373600303
-15.30599,0.04884683507935444,0.025937560987306228
-15.286,0.04904890391759342,0.025992427678705084
-15.26604,0.04938927578449618,0.02604763211554763
-15.24614,0.049638277221125175,0.02610308293108989
-15.22618,0.049829422218860095,0.026158722267094307
-15.20619,0.049962669540585584,0.026214492225460257
-15.18626,0.0502671142976023,0.026270564007303435
-15.16637,0.050670067649392615,0.026327036123981323
-15.14656,0.051066852504570014,0.026383902411576052
-15.12666,0.051084840515008195,0.026440784070080776
-15.10667,0.050980431088590523,0.026497558698905018
-15.08666,0.05098176442791426,0.02655433204084851
-15.06676,0.051158910323889285,0.026611279914403006
-15.04683,0.051347732603122344,0.02666841399552636
-15.02684,0.05128584215914624,0.026725483569712914
-15.00685,0.05114914613648354,0.026782413832323868
-14.98674,0.05093052564230856,0.02683912285439725
-14.96678,0.05096869439329456,0.026895867432907106
-14.94676,0.05095215199435583,0.026952592854928736
-14.92677,0.05121407434190715,0.027009577587502522
-14.90685,0.051492142316806114,0.027066837780350655
-14.88701,0.05183805172712187,0.02712444127944658
-14.86705,0.05196531669557741,0.027182169435868427
-14.84712,0.052088009081785354,0.027240017679317434
-14.82716,0.05211567597717877,0.02729789098388383
-14.80721,0.052356543907003866,0.027356002551983397
-14.78731,0.05264088554676482,0.027414395860502365
-14.76744,0.05284919090670775,0.02747299487543401
-14.74745,0.05292644378798172,0.027531668539842086
-14.72752,0.05296640690848497,0.027590379567586143
-14.70757,0.05315493581610179,0.027649276524484578
-14.68764,0.05333305993655133,0.027708349007572804
-14.6678,0.05356429106249462,0.027767650128806345
-14.64772,0.053666424887431584,0.027827050781079787
-14.62785,0.054283046856535726,0.027887065462847922
-14.60799,0.054887701278294676,0.02794768220792953
-14.58827,0.05544423366158784,0.028008852901446418
-14.56834,0.05553629087288091,0.028070113059780088
-14.54829,0.0555443206358271,0.02813137865106238
-14.52843,0.05541248623502272,0.028192509820510917
-14.50832,0.05475756521674092,0.02825298347131196
-14.48814,0.05403943176101118,0.028312736388851144
-14.46782,0.053635339578108766,0.028372082609123852
-14.44786,0.05384979128038723,0.028431640692926596
-14.42796,0.054113888572206024,0.028491460289428606
-14.40791,0.05423007961877486,0.028551393486657892
-14.38802,0.054268658388322004,0.02861136268034316
-14.36803,0.05439594134058288,0.0286714565711594
-14.34813,0.05478190671226445,0.028731933846423058
-14.32835,0.05543280327735627,0.028793059443539794
-14.30849,0.05585702985460241,0.028854606689897335
-14.28874,0.05646263002847166,0.028916756964852068
-14.26875,0.056722871224787114,0.02897916489975508
-14.24907,0.057463381877052855,0.029042310778627026
-14.22905,0.057560738293447204,0.029105551433171447
-14.20931,0.057786361271737925,0.029169015143176796
-14.18904,0.057309112520813124,0.029231999014532193
-14.16911,0.05730406595859178,0.029294975265283373
-14.14903,0.05670790094097573,0.029357352771306265
-14.12892,0.05633771400131357,0.02941935751028363
-14.10866,0.05583760446803097,0.029480859553973563
-14.08873,0.05577396036689517,0.029542295383180154
-14.06859,0.05577802779526007,0.029603732701157657
-14.04869,0.056265154378747635,0.02966565457846987
-14.02885,0.05671871436392755,0.029728027452043445
-14.00902,0.05728434445946247,0.029790963393325647
-13.98918,0.05783625016216755,0.029854448678386998
-13.96941,0.0583432627935167,0.0299184384181054
-13.94957,0.058666496634109375,0.029982748831536888
-13.9297,0.058727416760004016,0.030047117604559925
-13.90974,0.05871796758909797,0.030111474364864874
-13.88973,0.05875631670807264,0.030175866909474502
-13.86983,0.05900889778567937,0.03024050947602983
-13.84987,0.05928329772907125,0.030305423881693983
-13.83,0.059597854079742156,0.030370650287678318
-13.81014,0.059699966321535236,0.03043597625120387
-13.79015,0.059805390293157006,0.030501405079269767
-13.77019,0.060146655325709994,0.030567172615137726
-13.75035,0.06056118161119095,0.030633352126147356
-13.73045,0.0608143310332253,0.030699782233736834
-13.7105,0.06101196128486798,0.03076640741747411
-13.6906,0.061176198435843675,0.030833194287312987
-13.67076,0.06131196278919594,0.030900114373935833
-13.65074,0.06151429615046028,0.030967234239490965
-13.63084,0.06171022567548557,0.03103454748620622
-13.61104,0.06183544147525906,0.031101983405548556
-13.59096,0.06177597793065681,0.03116935730703102
-13.57109,0.0619401274269706,0.031236892813612745
-13.55113,0.06204077954797664,0.03130452642494724
-13.53117,0.0622877735184532,0.03137240448377859
-13.51131,0.062435280555030594,0.03144042750835017
-13.49123,0.062391087951859235,0.03150840379049324
-13.47121,0.06245118257274037,0.031576437620898526
-13.45119,0.062482698035526016,0.031644500421304095
-13.43126,0.06257388795038021,0.03171265187090104
-13.41121,0.06257081528048782,0.031780797702873134
-13.39122,0.06256272625427305,0.03184893290431891
-13.37126,0.062405309015859126,0.031916908149196434
-13.35124,0.062405908449230205,0.03198488145251231
-13.33122,0.0625028370414116,0.03205294914431812
-13.31142,0.06272224417871386,0.03212123371340444
-13.2914,0.06272516282141298,0.03218951866280803
-13.2715,0.06295726716289866,0.03225803318421298
-13.2516,0.06316488035117138,0.03232675278734897
-13.23174,0.06362498227553393,0.032395929963530044
-13.21187,0.06385914661009424,0.032465338775622105
-13.192,0.06401111079680205,0.03253489702435668
-13.17192,0.06409041492605037,0.03260453204167321
-13.15205,0.06445075205475012,0.032674524870337895
-13.13219,0.0645040230733697,0.0327445684455407
-13.11214,0.06461518508845433,0.03281472065113647
-13.09215,0.0647538049460731,0.03288500894838577
-13.07231,0.06494745020259036,0.032955488369891775
-13.05229,0.06497473910631846,0.03302599255259608
-13.03224,0.06520334658858692,0.033096722814699296
-13.01241,0.06553076292173987,0.033167777975187655
-12.9926,0.06575273445713295,0.03323905259097499
-12.97258,0.06587941342260545,0.03331045136154474
-12.95268,0.06595258811475066,0.03338192078853975
-12.93279,0.06609490544590466,0.033453530015892276
-12.9128,0.06628537713459381,0.03352532719464389
-12.89296,0.06655246927421968,0.03359738895240269
-12.87294,0.06671884256167056,0.03366961456365643
-12.85304,0.06700406088488432,0.03374212287933562
-12.83318,0.06730295750898539,0.03381492758028301
-12.81325,0.06773772229092556,0.033888164532603404
-12.79341,0.06825138051589866,0.033961912634365106
-12.77364,0.06839325197043357,0.034035800102580636
-12.75365,0.06829559690233837,0.03410958740242752
-12.73363,0.0682750937177386,0.03418335168541512
-12.71373,0.06869889257949344,0.03425753725945466
-12.69386,0.06920895060949793,0.03433223038582831
-12.67406,0.06938476043970962,0.03440709682010756
-12.65404,0.06893827268593151,0.03448151425644168
-12.63387,0.06851379903204328,0.03455550470358552
-12.61388,0.06831949415840113,0.034629298338657674
-12.59389,0.06823522697700059,0.03470300520022068
-12.57378,0.06828353612715783,0.034776757860512326
-12.55382,0.06874935263995116,0.03485097383397161
-12.53404,0.06932371992444737,0.03492576167967125
-12.5143,0.07002837450429648,0.03500125168741266
-12.49443,0.07053967111868319,0.03507725049472142
-12.47481,0.07126107400599337,0.03515396821903253
-12.45494,0.071800852307699,0.03523122322630946
-12.43526,0.07245488237001287,0.035309129776989676
-12.41539,0.07268080499616418,0.03538725975667102
-12.39546,0.07277943962988198,0.03546548587575331
-12.37547,0.07274880885024862,0.03554367886722041
-12.35542,0.0726003951346935,0.03562172094653857
-12.3354,0.07250023663326137,0.03569966037101871
-12.31535,0.07231428314287927,0.035777411345307424
-12.2953,0.07237107576415626,0.03585521661638218
-12.27535,0.072330783906385,0.03593297910471963
-12.25539,0.07252795533212204,0.036010936274053176
-12.2354,0.07276101335753843,0.036089124010615876
-12.21568,0.07343265131176031,0.036167980906216105
-12.19576,0.07390945880890415,0.03624731212308323
-12.17604,0.07454095547090446,0.03632727235938735
-12.15617,0.07468606253228297,0.03640737522026147
-12.13628,0.07472643920733103,0.03648751597535597
-12.11629,0.07476643671998559,0.03656769424229348
-12.0963,0.07482344821696015,0.036647927035915094
-12.07649,0.07497705506095963,0.036728310959732356
-12.05635,0.0750487698434285,0.03680876410913995
-12.03648,0.07543066648635825,0.036889596677808695
-12.01662,0.07552141835661745,0.036970517522218416
-11.99657,0.07555546121812215,0.037051469926515194
-11.97661,0.07556894811711502,0.03713243333923427
-11.95668,0.0757590690090557,0.03721358439643242
-11.93672,0.076066508271827,0.037295040416117614
-11.91692,0.07649054207774997,0.037376918000140855
-11.89699,0.07655716289468355,0.03745885973111017
-11.87712,0.07678713785181365,0.03754102896643107
-11.8571,0.07697198000453886,0.037623380568101696
-11.83733,0.07734101272715953,0.03770609873760376
-11.8174,0.07752179772123315,0.03778899522161108
-11.79744,0.07770547386992287,0.037872072910918014
-11.7777,0.07792934734208902,0.037955372012527744
-11.75765,0.07783913218032863,0.038038578426201466
-11.73775,0.07813533951095654,0.038122078581296064
-11.71776,0.07830704475291031,0.03820574797295857
-11.69801,0.078924674769162,0.03829003253641707
-11.67806,0.07918529806278404,0.038374575257779785
-11.65825,0.07947760848922349,0.038459407830618346
-11.63826,0.07937522401157657,0.0385441355536728
-11.61824,0.07945315118049806,0.03862893873823634
-11.59828,0.07967316122408638,0.038713959470421895
-11.57832,0.07991411116654178,0.0387992186909695
-11.55846,0.07998650092493512,0.038884547844518134
-11.53838,0.07981299074060516,0.03896970102320453
-11.51836,0.07977789945866456,0.039054816649163666
-11.49843,0.08001848146467229,0.03914017040010227
-11.4785,0.0803984483791514,0.03922590166176558
-11.45876,0.0808074866296708,0.0393120395138643
-11.43886,0.08091370289645797,0.0393982811288958
-11.41896,0.08112633766646565,0.039484732926196746
-11.39909,0.08144668256187236,0.0395715026179131
-11.3792,0.08189741885197314,0.03965872059547902
-11.35939,0.08235576130454758,0.03974639446905061
-11.33943,0.08252966602356111,0.039834239795795486
-11.31953,0.08256884864618298,0.03992212185681984
-11.29948,0.08238800200003805,0.040009820617769205
-11.27953,0.08240395856227663,0.040097532886631704
-11.25954,0.08253754059478091,0.040185376288134594
-11.23961,0.08303543490383798,0.040273715137749626
-11.21977,0.08342780190725017,0.04036244391254027
-11.19997,0.08354291080454339,0.04045128535679641
-11.17998,0.08342689087168274,0.04054000833504905
-11.15996,0.08361620371981641,0.040628918179734144
-11.14021,0.08403956453830967,0.040718248950240905
-11.12032,0.08429316299694298,0.040807830879541686
-11.10042,0.08467326583098844,0.04089779047244503
-11.08055,0.08496073672036727,0.04098803509900454
-11.06081,0.08550269474874216,0.0410788192522633
-11.04082,0.08595259846724837,0.04117005086896068
-11.02113,0.08651466247161647,0.04126184212192038
-11.00124,0.08677248596891544,0.041353888763645284
-10.98128,0.08707154741149305,0.04144623203017413
-10.96147,0.08716487075686953,0.0415386661900765
-10.94145,0.08725106487079297,0.0416311841067646
-10.92143,0.08737671612703127,0.04172382523820835
-10.9016,0.08762149925441333,0.04181670872448886
-10.88149,0.08755670040300205,0.04190952497357095
-10.86165,0.08771587789537066,0.04200249797310549
-10.84163,0.0874165664798409,0.04209516922802102
-10.8217,0.08751246276463712,0.042187933950329624
-10.80165,0.08764507134296814,0.04228082884849864
-10.78191,0.0881533760931659,0.042374229631517615
-10.76201,0.08834317081712693,0.04246781778398288
-10.74208,0.0888361062733699,0.04256189644628398
-10.72224,0.08942998884425396,0.04265656656982661
-10.70262,0.09014719816349294,0.04275195149065589
-10.68269,0.09067953372681233,0.042847866323866904
-10.66286,0.09141483717894171,0.04294451404201541
-10.64323,0.09184444318645493,0.04304158895616291
-10.62334,0.09201707006340441,0.04313883407797831
-10.60332,0.09190727647214585,0.043235966982810035
-10.58345,0.0919736047428779,0.04333316379909856
-10.56343,0.09207895924897463,0.043430463548133826
-10.54363,0.09261844256465901,0.04352830036797807
-10.52373,0.09297940030017184,0.04362649573002484
-10.50386,0.09349022747116996,0.04372519950566816
-10.48399,0.09370405557658322,0.04382411469665026
-10.4641,0.09398763307989781,0.04392331105241189
-10.44411,0.09409756830948716,0.044022614927667576
-10.4243,0.09431442361758721,0.04412213325017937
-10.40425,0.09432583674410755,0.04422166056941449
-10.38432,0.09468015408857565,0.04432153979497987
-10.36452,0.09491071978337046,0.04442164718098494
-10.34465,0.0949479178006304,0.04452178935788868
-10.32466,0.09491342125953202,0.04462189462737344
-10.30464,0.09492646382630537,0.04472201052821732
-10.28481,0.09510683921195713,0.04482230440126481
-10.26482,0.0953630146356127,0.04492285204128343
-10.24489,0.09581388938723094,0.04502384815068458
-10.22514,0.09626745696210655,0.04512529542991557
-10.20516,0.09648062479108838,0.045226953471317624
-10.18529,0.09679036283363193,0.04532891885007202
-10.16539,0.09673138899956774,0.04543082285396807
-10.14549,0.09680305821054788,0.04553279612685193
-10.12541,0.096907444003811,0.04563487137931266
-10.10567,0.09744758510806326,0.04573748438029475
-10.08577,0.09784473447363984,0.0458404921328202
-10.06596,0.09834453486559068,0.04594399729210387
-10.04613,0.09871657190598873,0.046047872094835164
-10.02629,0.09927707082685037,0.046152305003312764
-10.00652,0.09999002101945313,0.04625744847223299
-9.98677,0.1004424518898561,0.04636304198381449
-9.967,0.1006421341579805,0.04646883278949292
-9.94698,0.1007031486169852,0.046574682212875224
-9.92714,0.10124175445048468,0.046681067852881765
-9.90733,0.10175302756557038,0.04678796237870908
-9.8875,0.10215673368098359,0.04689525822339907
-9.86754,0.10203057071615629,0.047002425513802494
-9.84752,0.10176300129801567,0.04710932284202205
-9.82744,0.10148663611165823,0.047215941410850115
-9.80739,0.10147075039109145,0.0473225417016742
-9.7874,0.10150888691787804,0.0474291777397784
-9.76741,0.10174475257419838,0.0475360472550891
-9.74745,0.10208341976087455,0.047643253051049356
-9.72768,0.1026540390751458,0.04775102708764595
-9.70778,0.10312917909422868,0.047859273881536483
-9.68803,0.10364418976534046,0.0479680333097322
-9.66817,0.10385437049537538,0.04807700053899199
-9.6483,0.10389314771986674,0.04818600416622626
-9.62837,0.10392167158578923,0.04829503393664049
-9.60835,0.10396760291860707,0.048404107255159555
-9.58855,0.1041792024218892,0.048513389798885906
-9.56853,0.1042667087825397,0.04862275746732657
-9.5486,0.10451045209956508,0.04873236650155523
-9.52876,0.10481733764204748,0.04884228004790667
-9.50877,0.1050883189887846,0.04895246219743541
-9.489,0.10557412086470704,0.04906312777956816
-9.46907,0.10581233505665422,0.049174029201506396
-9.44923,0.10634348870079725,0.04928545940679982
-9.4294,0.10656322700594388,0.04939710698125746
-9.40956,0.10681819215064345,0.049509007152130746
-9.38954,0.10678120808553705,0.04962086796438057
-9.36971,0.10691575830623863,0.04973286096005211
-9.34966,0.10694456744194186,0.049844880390773054
-9.32976,0.10733036963667215,0.04995728325588677
-9.30983,0.10759385691490723,0.05006994724015937
-9.28999,0.10789421201603099,0.05018290921548763
-9.27,0.10805959826355023,0.05029603420831193
-9.25011,0.10841383320568808,0.050409511071763426
-9.23021,0.10880061084175136,0.05052337234894939
-9.21037,0.10927578280019272,0.05063770643715866
-9.19057,0.10969069282897259,0.050752453076693876
-9.1707,0.10998635158254916,0.050867493014502815
-9.15077,0.11021638823579025,0.050982760627077246
-9.13081,0.11036274569296724,0.051098172234908444
-9.11089,0.11041153476380229,0.05121363027184263
-9.09093,0.11039443455166248,0.051329068847921225
-9.07088,0.11032373033910474,0.051444434356657145
-9.05098,0.1106499609506899,0.051560123739094854
-9.03105,0.11100677080258842,0.05167616757416207
-9.01137,0.11170646255497049,0.05179290875358362
-8.99141,0.11214948430028258,0.05191009059798628
-8.97176,0.11274924401110256,0.052027869857315626
-8.95189,0.112959701467831,0.05214585722213091
-8.93196,0.11313678558242812,0.05226401931769482
-8.91213,0.11326240754404723,0.05238230468623342
-8.89211,0.11350775037043717,0.052500833042532016
-8.87233,0.11416826688504282,0.0526200195696974
-8.85252,0.11472608491553288,0.05273976156892947
-8.83269,0.11521648160506882,0.05285999161893276
-8.81282,0.11566188194284777,0.05298066472268363
-8.79302,0.11613572363374446,0.053101809324815064
-8.77327,0.11660901761914491,0.05322342488017785
-8.75334,0.11693122490455161,0.05334536029637918
-8.73351,0.11717411130546729,0.053467536256885176
-8.71364,0.11734665898501424,0.05358988242230565
-8.69368,0.11754551503699248,0.05371242509855864
-8.67387,0.11783979381181134,0.05383525971449675
-8.65395,0.11789547926062809,0.05395814767362603
-8.63399,0.11806669352615774,0.0540812045041016
-8.61406,0.1182904137216152,0.05420448271369065
-8.59419,0.11875776881173981,0.05432822594019121
-8.57433,0.11933771297551111,0.05445254677379473
-8.55455,0.11975160270102866,0.05457727916367002
-8.53474,0.12013583182109541,0.05470239344890112
-8.51476,0.12068359187449633,0.05482805315513921
-8.49513,0.1215261635286867,0.05495455310717547
-8.47545,0.12194896095466429,0.0550814735297548
-8.45549,0.12201058738968765,0.055208453242710294
-8.43559,0.12207149062860385,0.05533549152573432
-8.41557,0.12217628917360941,0.05546263227064551
-8.39577,0.12276215276225655,0.05559035655103367
-8.37584,0.12295073125746142,0.05571826707796464
-8.35603,0.12311375653440013,0.05584633830321763
-8.33586,0.12297783932587014,0.05597427127235702
-8.31606,0.12333772812273018,0.05610256180520614
-8.29619,0.12351258463652609,0.05623102486776721
-8.27629,0.12394762460979587,0.056359920643198336
-8.25642,0.12428644004346201,0.056489152908771344
-8.23668,0.12475540710530988,0.056618851821438484
-8.21678,0.12497291321465995,0.05674876591537337
-8.19692,0.12518933322801046,0.05687889410663872
-8.17696,0.12522840362602086,0.05700905904286369
-8.15706,0.1255150351969333,0.057139508288081016
-8.13719,0.1258934153051628,0.057270333592631964
-8.11736,0.1263998500022133,0.05740166301325645
-8.09749,0.12684907188930952,0.05753343933649438
-8.07765,0.12719885156203625,0.057665563121930025
-8.05782,0.12738597487358452,0.057797871714299696
-8.03789,0.12752981906899394,0.05793032183174537
-8.01799,0.12779857705731507,0.05806303838985803
-7.99812,0.12839570089103935,0.058196349756278354
-7.97838,0.12911895591433922,0.05833038206746972
-7.9587,0.12992018728393037,0.0584652133026065
-7.93886,0.1304154282368475,0.05860053746644745
-7.91917,0.13110156368297005,0.05873654545944122
-7.89931,0.13177871743085903,0.05887322829472588
-7.87972,0.13274620830954972,0.05901087631954206
-7.85997,0.13299561659809547,0.05914877144648523
-7.84001,0.13304973503604728,0.059286718379170815
-7.81993,0.13271517180930129,0.05942432843253063
-7.8001,0.13261102873967678,0.05956183203612161
-7.77989,0.13230412770978286,0.05969902641959467
-7.76,0.1327241565168541,0.05983663852459633
-7.74007,0.13333271576058547,0.05997485688092691
-7.72044,0.1343362541690812,0.06011407647883915
-7.70073,0.13494485829421182,0.06025390238202309
-7.68089,0.13541031883698396,0.06039419144315431
-7.66118,0.13572795319680056,0.060534795841260966
-7.64128,0.13603035031946312,0.06067570033330731
-7.62135,0.13645025694769491,0.06081702242851007
-7.60161,0.13686138856509014,0.06095875335912201
-7.58168,0.13710967255581422,0.061100730271732795
-7.56181,0.13737804649624508,0.06124297325909005
-7.54189,0.1375773230175614,0.06138541322280071
-7.52199,0.1378198494111159,0.061528093414161704
-7.50206,0.13803962296153682,0.06167099108004301
-7.4821,0.13828505985212125,0.06181413188349978
-7.46227,0.13858877308413836,0.061957574106052786
-7.4424,0.13888692947074197,0.06210131219022596
-7.42253,0.13927075720063797,0.062245431808098155
-7.4027,0.13973995778021195,0.0623900183346167
-7.38286,0.14028833398239604,0.06253515094579644
-7.36311,0.1407277684256254,0.06268072070367227
-7.34325,0.1409406430973466,0.06282650104546174
-7.32332,0.14103118985175145,0.06297236964160309
-7.30342,0.14126037074611542,0.06311846512799034
-7.28355,0.14152390814184376,0.06326482186287614
-7.26375,0.14181594629604832,0.06341146835012296
-7.24382,0.14215874097990627,0.06355845534258674
-7.22398,0.1429101714671935,0.06370619147985018
-7.20433,0.14385182177089703,0.0638548669888825
-7.18465,0.14476334248810882,0.06400445173980285
-7.16493,0.14528079709497202,0.06415455166587074
-7.14525,0.1456990060527862,0.06430506752350824
-7.12529,0.1459604338637164,0.06445584252284975
-7.10564,0.14644941926266336,0.06460710423265781
-7.08568,0.14672302592302242,0.0647586372644772
-7.06581,0.14721328184762295,0.06491065827133122
-7.04607,0.14756049356834194,0.065063024214112
-7.02608,0.1477551449471089,0.06521558252480261
-7.00615,0.1479547744176029,0.06536833818424054
-6.98622,0.1481791101880453,0.06552131589945469
-6.96629,0.14843845050324456,0.06567455067571835
-6.94655,0.14881475805200525,0.06582815948735427
-6.92659,0.14898259060440008,0.06598193385272419
-6.90685,0.14944868016832383,0.06613617203692278
-6.88695,0.14996448695760278,0.06629092375254794
-6.86723,0.1507455477299074,0.06644645426031576
-6.84761,0.15128704558541678,0.06660252400136021
-6.82768,0.1515089641656496,0.06675881338678394
-6.80788,0.15199275001496904,0.06691558428891058
-6.78798,0.15238356224558877,0.06707274373151162
-6.76833,0.15292774777885393,0.06723044509692583
-6.74831,0.15308709878119653,0.06738830353903737
-6.7285,0.15367211342593234,0.0675467447291892
-6.7087,0.15412253372531512,0.06770563407408464
-6.68895,0.15494192585766514,0.06786534054793031
-6.66908,0.15561972299882298,0.06802572255247255
-6.64952,0.15644820607930268,0.06818693078463152
-6.62972,0.15680950264527316,0.06834849805065643
-6.60991,0.15736306622712531,0.06851061661794687
-6.59016,0.1577299769568305,0.06867309983634677
-6.57042,0.15821641106970255,0.06883606723028025
-6.55052,0.15868798315750576,0.06899950393315549
-6.53081,0.15931192257181087,0.06916356231927792
-6.51103,0.15977480207957437,0.06932808132714355
-6.49117,0.16030069058630336,0.06949312396382964
-6.47139,0.16068060351591631,0.06965854425710377
-6.45161,0.16093168176009703,0.06982421337299036
-6.43163,0.16080756848176303,0.06998975611411012
-6.4117,0.16070633476225288,0.07015519536238111
-6.39159,0.1605639370823712,0.07032048994865837
-6.37166,0.16088824831162912,0.07048610658847171
-6.35179,0.16121666093356185,0.07065204938589287
-6.33193,0.16170478836247626,0.07081847805676766
-6.31206,0.16233314239173172,0.07098553282808046
-6.29231,0.16320973281827814,0.07115346194085838
-6.27266,0.16387458105425362,0.0713220536568788
-6.25292,0.16421060766617623,0.07149097915228211
-6.23293,0.16444796692455058,0.07166013975227202
-6.21318,0.16485170880030112,0.0718297018479953
-6.19347,0.16525329369947409,0.0719996632844797
-6.17351,0.16565448624900572,0.0721700236619485
-6.15376,0.16622647994208228,0.07234095378907965
-6.13399,0.1666150850488657,0.07251227027733932
-6.11418,0.16692238206381022,0.07268389181804043
-6.09428,0.16729082277698876,0.07285587955266781
-6.07442,0.16791526015766767,0.07302848947989228
-6.05473,0.1687930491345584,0.07320197495751724
-6.03499,0.16943101293681748,0.07337609615944773
-6.01521,0.16988749080190713,0.07355067159915273
-5.99538,0.17015327717522077,0.0737255105842261
-5.97548,0.17059960788780473,0.07390079365745077
-5.95573,0.17117451346731674,0.07407664939923514
-5.93605,0.17160979192621406,0.07425293818541136
-5.91615,0.17204110957747637,0.07442965604878299
-5.89635,0.17243045599462928,0.0746067610220368
-5.87666,0.17276949698650182,0.07478420280398212
-5.85664,0.17290675054590185,0.07496177959727975
-5.83684,0.17340595048591964,0.07513985335607995
-5.817,0.17383323325557898,0.07531835216262701
-5.79726,0.1746299055502711,0.07549764541034967
-5.77745,0.17522135289350668,0.07567752787274862
-5.75783,0.17577839867956918,0.07585796515504321
-5.73793,0.17636815894905594,0.076038989963451
-5.71819,0.17756204538019585,0.07622120642994602
-5.69878,0.17884007653453804,0.0764046987104795
-5.67912,0.17953665296925136,0.0765888853430319
-5.65932,0.17972365207880245,0.07677325674650243
-5.63939,0.1798050197751045,0.07695770728603046
-5.61952,0.18005708055409006,0.0771424076573082
-5.59978,0.18035269173821755,0.07732740141557194
-5.57976,0.1805164149067099,0.07751255666459657
-5.55989,0.18095152218634428,0.07769814479395976
-5.54015,0.18156653437335285,0.07788434571338942
-5.5204,0.18222279122753,0.07807120066792407
-5.50069,0.18282298499445068,0.07825865359643244
-5.48091,0.18326854336630616,0.07844654986198925
-5.4612,0.1838497498863428,0.07863502511564656
-5.44145,0.18457586761451286,0.07882422426803325
-5.42174,0.1856216635767932,0.079014466999334
-5.40215,0.18655411708300493,0.07920563997156538
-5.38252,0.18715872397827246,0.0793974153375332
-5.36263,0.18751183367814642,0.07958954159252686
-5.34285,0.18812563609517868,0.07978227943342005
-5.32317,0.18874535681498156,0.07997563478234904
-5.30339,0.18921549288295966,0.08016945805219833
-5.28352,0.18953738131626052,0.0803636009931905
-5.26366,0.18976021829582082,0.08055796455487522
-5.24385,0.19020107413609685,0.08075276675837055
-5.22395,0.19057092053584604,0.08094793659209988
-5.20427,0.1911026365054764,0.08114363593321514
-5.18437,0.19142663228517595,0.08133965705531786
-5.16463,0.19223254046942,0.08153648187650649
-5.14488,0.1930841432544016,0.08173415609174996
-5.12532,0.19406058818402916,0.08193280454980838
-5.10558,0.19494605780984053,0.08213233627043143
-5.08595,0.19580210087497926,0.08233272183116863
-5.06642,0.19666347412825372,0.08253396656599857
-5.04656,0.1972922036554242,0.08273583782158761
-5.02699,0.1981453059073476,0.08293855998036852
-5.00719,0.19848133993894837,0.08314161596763946
-4.98747,0.19898870902037769,0.08334517712161625
-4.96755,0.1991067089630264,0.08354885406762706
-4.94777,0.19954247188850002,0.08375296457368323
-4.92784,0.19983227121278418,0.08395736267221192
-4.9081,0.20045067552952384,0.08416237697477594
-4.88829,0.20092269562533974,0.08436786109566331
-4.86858,0.20162916838476969,0.08457404949130908
-4.8488,0.20235701358037964,0.08478096353265939
-4.82921,0.2033223454947479,0.08498884071297697
-4.80949,0.2040852971879431,0.08519747864869598
-4.78987,0.20497798318987256,0.08540700707788143
-4.7701,0.205654621207194,0.0856172099485945
-4.75057,0.20643990965201606,0.08582819591932632
-4.73073,0.20679961371747643,0.08603953939682278
-4.71101,0.20739899062921902,0.08625148005829598
-4.69115,0.20793564154197283,0.086463955174117
-4.67156,0.20870636313015284,0.08667719882392601
-4.65175,0.2092708415323547,0.08689100475845295
-4.632,0.20994581053050002,0.08710548347080647
-4.61232,0.21054681344335932,0.08732056099771571
-4.59255,0.2111428682493469,0.08753623238898639
-4.57283,0.2119008642267495,0.08775265958798967
-4.55312,0.21269494048131987,0.08796987867597626
-4.53346,0.21350937888123586,0.08818791001728535
-4.51372,0.21414473374478402,0.08840657452660415
-4.494,0.21474673602552113,0.08862583885262736
-4.47429,0.21533306326016624,0.08884568732127995
-4.45454,0.21609253953922442,0.08906629308105428
-4.43483,0.21680920756519428,0.08928761332558105
-4.41521,0.21753757747057142,0.08950965976014001
-4.39537,0.2181244521789676,0.08973229088351262
-4.37581,0.2189917414314837,0.08995578711941074
-4.35603,0.21980504372092594,0.09018009447485632
-4.33641,0.220842065975429,0.0904054366753294
-4.31682,0.22167699542913016,0.09063161162959632
-4.2971,0.2223729885801642,0.09085848039807796
-4.27745,0.22313066199314907,0.09108610466381524
-4.25771,0.22375712252978022,0.09131435321187173
-4.23808,0.2244979820343891,0.09154334044519888
-4.21825,0.22525274630815506,0.09177308026318998
-4.19865,0.22637741055969093,0.0920039425734217
-4.17912,0.22738938547772347,0.09223581468932412
-4.15944,0.22840463328763005,0.0924686998799261
-4.13982,0.22918656823826752,0.0927023648348309
-4.12019,0.22993079939341252,0.0929367718505974
-4.10039,0.23038933166529435,0.09317163522389245
-4.0808,0.23110826899027173,0.09340721536673281
-4.06093,0.2318068914091253,0.09364349195646943
-4.04146,0.23287110933032878,0.09388083060125368
-4.02184,0.23355356289049078,0.09411884953288005
-4.00206,0.2343087342117019,0.0943576214649758
-3.9825,0.23517206244741243,0.09459725456169131
-3.96281,0.23601697680354966,0.09483773040591313
-3.94313,0.23694298508627706,0.095079130092521
-3.92342,0.2377576472829852,0.095321342275188
-3.90376,0.23830241618260806,0.095564097062762
-3.88405,0.23875958676779518,0.09580730685609179
-3.86409,0.23938036886022226,0.09605113525989951
-3.84459,0.24052122622147767,0.09629610236379665
-3.82503,0.2416963074427212,0.09654224239050435
-3.80547,0.24283176359502875,0.09678951571559988
-3.78609,0.24388019305615205,0.09703783531837781
-3.76631,0.24476412211997664,0.09728703668722055
-3.74687,0.24626978078207354,0.09753774156245269
-3.72737,0.24759500500258566,0.09778976950849601
-3.70799,0.24920546673930172,0.09804340576705757
-3.68843,0.25040074158017944,0.09829823514655758
-3.66905,0.25149838375123057,0.09855416002028565
-3.64937,0.2520060227743734,0.098810590376876
-3.62965,0.25255693432990295,0.09906756948832975
-3.60985,0.2532536966600585,0.09932524320371394
-3.59023,0.25423257722795517,0.09958389364721884
-3.57069,0.25527508594860415,0.09984358444999525
-3.55098,0.25619831560897427,0.10010419632862566
-3.53151,0.25734428444694374,0.10036595202998554
-3.51192,0.2582644247808085,0.10062862572268495
-3.49236,0.25935280569593566,0.10089238564882672
-3.47273,0.26040581318316,0.10115719643357116
-3.4532,0.261598894246245,0.10142319815406545
-3.4337,0.26276542576489054,0.10169036426228088
-3.41405,0.2639332324985736,0.10195869602968226
-3.39461,0.2650787111670317,0.10222817113498302
-3.37505,0.26591669170609494,0.1024984820771827
-3.35533,0.26685277419073017,0.10276972695419641
-3.33574,0.26789580157337195,0.10304201271535655
-3.3163,0.2688522947123505,0.10331525283142748
-3.29659,0.2694946960334758,0.103589133203363
-3.27687,0.27022064100657045,0.10386373737516712
-3.25722,0.2709245896204666,0.10413904335315809
-3.23756,0.27185978985548637,0.10441528238930606
-3.21782,0.27264079257661544,0.10469230028441498
-3.19829,0.27355699560739966,0.10497023224552698
-3.17848,0.27422540697585146,0.10524883047349927
-3.15898,0.2751144687152496,0.10552831562832378
-3.13924,0.27599267679556716,0.10580867685002861
-3.11964,0.2770623815084157,0.10609010563993497
-3.10024,0.2780238556933127,0.10637249377392737
-3.08037,0.2788070957315295,0.10665566300491722
-3.06087,0.27994355735984605,0.10693996656581303
-3.04134,0.28070126717510574,0.10722502570456627
-3.02165,0.2814537270836109,0.10751083516729214
-3.00194,0.28213359313274095,0.10779732236019254
-2.98238,0.2830697448086111,0.10808474357384507
-2.96269,0.2841500366970485,0.10837324294535707
-2.94316,0.28551194434728283,0.1086631020957202
-2.92369,0.2865819630925712,0.10895402913837933
-2.9041,0.2875351000783505,0.10924590718875996
-2.88435,0.288375933246002,0.10953862393909056
-2.86482,0.28936523206494785,0.10983232786195699
-2.8452,0.29025620870494834,0.11012692063323284
-2.82561,0.2911598937801091,0.11042241496284122
-2.80599,0.29200660164015557,0.11071875387333897
-2.78633,0.2929120431460427,0.11101599609786014
-2.76674,0.29380232593318295,0.11131412648031329
-2.74706,0.29464848281204253,0.11161310089285327
-2.72743,0.29524162777870133,0.11191266632562283
-2.70775,0.295664051765777,0.11221265205684851
-2.68782,0.29605438141081103,0.1125130259857113
-2.66817,0.29694841509291103,0.11281429182484365
-2.64851,0.29790241670605183,0.11311650954252124
-2.62895,0.29899980000402,0.11341982252389397
-2.6093,0.2998330717795913,0.11372396665551245
-2.58968,0.3006789761411621,0.11402895457143974
-2.57002,0.3013553628393148,0.11433461675350622
-2.55037,0.30196200530598644,0.11464088345839031
-2.53059,0.30246791212215307,0.11494765394739447
-2.51088,0.3032527238224282,0.11525520712801089
-2.49123,0.3041008207428403,0.11556360628778076
-2.47163,0.30513295686838193,0.11587303546794406
-2.45192,0.30613410654029005,0.11618346367957116
-2.43242,0.3071801570239961,0.11649493583001229
-2.41283,0.3079482919341178,0.11680717400178016
-2.39308,0.3088324154545236,0.1171202941796093
-2.37352,0.3097626552084129,0.11743434248569708
-2.35399,0.3105422621494027,0.11774916828869174
-2.33418,0.3112380442514412,0.11806468775652025
-2.31456,0.31202510968050046,0.1183809921784628
-2.29494,0.3127826708354761,0.11869805205086606
-2.27519,0.31366573986117435,0.11901599287858407
-2.2556,0.3146131284537707,0.11933487898628235
-2.23604,0.31527896436811675,0.11965442882273909
-2.21623,0.31584560244341875,0.11997454318375372
-2.1964,0.316585533071242,0.12029539536194805
-2.17687,0.3175376710223697,0.12061719757363414
-2.15721,0.3181139602500444,0.12093957396708255
-2.13744,0.3185156691927564,0.12126234995956693
-2.11751,0.3187651893536293,0.1215853733584804
-2.09786,0.31946273060406233,0.12190909219332274
-2.07805,0.320169592675522,0.12223351578109096
-2.05843,0.3211442603984957,0.1225589119333322
-2.03871,0.32166845720853815,0.12288483017697757
-2.01903,0.32211233983969473,0.12321119019957626
-1.99904,0.32237915504583575,0.12353781492574084
-1.97929,0.32298421199010324,0.12386504260447807
-1.95955,0.32342524480385965,0.12419270921255404
-1.93974,0.32400269349896793,0.12452095116453653
-1.91994,0.3244518759795963,0.1248496401951091
-1.90025,0.32493797632369975,0.12517881322578947
-1.88039,0.32518446155795017,0.1255082306374004
-1.86052,0.3257484878803736,0.12583820997137796
-1.84074,0.32634353110691805,0.12616878224772518
-1.82109,0.32692220534965644,0.1264999311016507
-1.80122,0.32713517266721026,0.1268312908207999
-1.78133,0.3275082662694609,0.12716302153153072
-1.76149,0.3280623515601066,0.1274953042275254
-1.74187,0.3286220726765164,0.12782814455125846
-1.722,0.32877183513950886,0.12816113253784153
-1.70201,0.3288988681198995,0.12849424545512944
-1.68214,0.32904043565701413,0.12882749784158506
-1.66231,0.3293322053380246,0.12916103990106503
-1.64235,0.3296822126968873,0.12949492986831648
-1.62257,0.33005836163022284,0.1298291938904467
-1.60268,0.33033743952495076,0.1301637348940341
-1.58275,0.33055918271770224,0.13049849554390672
-1.56297,0.3305825320128148,0.13083327745086967
-1.54292,0.33041290379231175,0.1311678876306795
-1.52287,0.33054073728116834,0.13150262354567063
-1.50307,0.3308064510519789,0.13183762308353725
-1.48314,0.33126364148305504,0.1321730777180266
-1.46324,0.3320423724645136,0.13250930899112132
-1.44359,0.3328940220693846,0.13284638982883387
-1.42387,0.3333321731542277,0.13318390673135613
-1.40389,0.33305033098402786,0.13352113969901036
-1.38384,0.3323392980152739,0.13385765953972587
-1.36348,0.33143960072850764,0.13419327758143587
-1.34328,0.3311360695590071,0.13452858999520964
-1.32304,0.3307253913838224,0.13486348963359082
-1.30293,0.3303191606764306,0.13519798094817848
-1.28252,0.32925469590512607,0.13553140569745625
-1.26225,0.3280897201245249,0.13586366337481606
-1.24178,0.32687126916297,0.13619470050033083
-1.22133,0.3262097128142616,0.13652507396978783
-1.20125,0.32581608378253646,0.13685505172106888
-1.18095,0.3252592480053471,0.13718447054214972
-1.16075,0.3247307082875144,0.13751335873239792
-1.14055,0.3239622205108516,0.1378414763443792
-1.12029,0.3231461347744986,0.13816877577915287
-1.09996,0.32225257286766473,0.13849517955930357
-1.07964,0.3213545702656705,0.13882068324503208
-1.05934,0.3204589474229727,0.13914528921725944
-1.03896,0.31950070483904897,0.13946893485473785
-1.0186,0.31867927003139296,0.13979175696640636
-0.99828,0.31783377517411937,0.14011373149390888
-0.97804,0.3169382879352825,0.1404348084476188
-0.9576,0.31602405885019275,0.1407549690809959
-0.93727,0.3153464636500405,0.14107445003147795
-0.91713,0.31478323958250864,0.1413933656758663
-0.89687,0.3141175509624154,0.1417116135470435
-0.87666,0.31334299099070645,0.14202908477560514
-0.85634,0.31246924787531405,0.14234568017611454
-0.83601,0.3117421063892205,0.1426615463505604
-0.81584,0.31111339595249987,0.14297678173484624
-0.79555,0.31047624000627067,0.14329137788090945
-0.77531,0.30985668094760627,0.14360535238757913
-0.75511,0.3092532478040015,0.14391872138244458
-0.73485,0.3087376194019268,0.14423157266928316
-0.71474,0.3081900980127233,0.1445438743596773
-0.69457,0.3077879223732436,0.14485577179841067
-0.67436,0.3074990440501933,0.14516737828236279
-0.6545,0.3075633858329324,0.14547904704145126
-0.63426,0.30738758418605944,0.14579053792287186
-0.61424,0.3075089530145627,0.14610214810348773
-0.59419,0.3073108030106085,0.1464135580642874
-0.57408,0.30715375969668424,0.14672480891099762
-0.55391,0.3064014096848939,0.14703530533596051
-0.53359,0.30531091512556796,0.14734470919131845
-0.51289,0.30372636608421166,0.1476525264132784
-0.49245,0.3021474276535784,0.14795876261987287
-0.47151,0.3000923417377007,0.1482629416511949
-0.45064,0.2979884523103343,0.14856501470620057
-0.42961,0.29517085245703895,0.14886426807093592
-0.40825,0.2915980374023384,0.14915994652225686
-0.38652,0.28741688069107973,0.14945144170954452
-0.36458,0.28241864471480915,0.14973793654875184
-0.34233,0.27608834628110646,0.15001809897005616
-0.31938,0.2680032513887081,0.15029017415953677
-0.29573,0.2584167082658954,0.1505526606515464
-0.27187,0.2475322836996402,0.15080426055995935
-0.24739,0.23529380673898748,0.15104361981710465
-0.22231,0.22283263350045626,0.15127051571198627
-0.19719,0.21123618514919762,0.15148581296927674
-0.1725,0.200976263028061,0.1516908481271216
-0.14806,0.19055226573216189,0.15188545711759102
-0.12349,0.17831697479636624,0.1520678286444841
-0.09813,0.1636496118868531,0.15223553061628814
-0.07225,0.1478511915666487,0.15238743196304977
-0.04625,0.1324802347249609,0.15252396014601627
-0.02037,0.11842904570774986,0.1526464349369486
0.00499,0.10585423501278092,0.15275633272835418
0.02998,0.09459083502892719,0.15285496494124992
0.05449,0.08486547966307578,0.15294386963334983
0.07811,0.07618437282565449,0.15302409107673223
0.10152,0.06799828162361114,0.15309612429314562
0.12471,0.06049020567667742,0.15316064730419937
0.14751,0.05388586850071339,0.1532185638593411
0.16984,0.0480744906974392,0.15327066693063396
0.19212,0.04294758957596057,0.15331764099672235
0.21406,0.038236427813536096,0.15335990180630468
0.23573,0.033932035836208164,0.1533978561367036
0.25752,0.030136993353264394,0.15343201333502468
0.27882,0.027173099496266517,0.15346320456299842
0.29991,0.024249756963615237,0.1534914703779202
0.32103,0.021321239453746626,0.15351680560468764
0.34218,0.018588109522229196,0.1535394056307552
0.36311,0.016372543696099775,0.15355978802643233
0.3838,0.0148590703731593,0.15357865489091818
0.40446,0.013324786173510753,0.1535959854147114
0.42491,0.012014082526987569,0.15361200318428245
0.44566,0.010569958717144461,0.15362657477250746
0.46593,0.009758317751926458,0.15364033267494823
0.48637,0.008863515721465749,0.15365319372685718
0.5067,0.008239044227101531,0.15366542826214413
0.5269,0.007193969424065848,0.15367661568137017
0.54738,0.005937897227789241,0.1536865449807022
0.56782,0.004980986402665546,0.15369551532312167
0.58812,0.004289200026645096,0.15370379183719385
0.60829,0.003808550240259058,0.15371158566336524
0.62862,0.0030963396510895625,0.15371866523741837
0.64876,0.0025498601758389755,0.15372519629582096
0.66908,0.001903515131756368,0.1537310789690938
0.68907,0.0018136436357586883,0.15373686973962838
0.7093,0.001598642811783526,0.15374244347268884
0.7292,0.0018558468246223634,0.1537482723819382
0.74925,0.0016785751091557125,0.15375392198848897
0.76918,0.0014374397745180797,0.1537593284322967
0.78938,0.0009777831390492585,0.15376427318592115
0.80949,0.000636238542909882,0.15376887436423076
0.82945,0.00032064890871540467,0.15377315792650192
0.84972,5.000943836447992e-05,0.1537771688157819
0.86967,9.971272279635788e-05,0.15378122738335753
0.88957,0.00017883405669951875,0.1537853630490976
0.90965,0.0002746486130483834,0.15378959250234303
0.92949,0.00040971800202188553,0.15379395500445125
0.94948,0.00023363616518192829,0.15379813940106096
0.96953,0.00026236588879048205,0.1538023505028297
0.98955,0.00024011716260126967,0.1538065373326306
1.00948,0.00030452881926612844,0.15381078655364763
1.02959,0.00030526152442735373,0.15381503448306805
1.04951,0.0002789483647601129,0.15381925408029112
1.06953,3.049933977780919e-06,0.15382319575815975
1.08974,-0.0002450977941749278,0.15382688726328222
1.10973,-0.00016525765522432898,0.15383065658951897
1.12971,-0.00010177108278023362,0.15383448738412642
1.14961,-0.00015155176069059652,0.15383826638239392
1.16972,-0.00045988277405679566,0.15384173502941012
1.1898,-0.00038511774044919716,0.15384527642253798
1.20967,-5.18733353935179e-05,0.15384914904686947
1.22951,0.00027330499780873867,0.15385334483763774
1.24956,0.00045264975552605763,0.1538577179567039
1.26948,0.0005293304916843197,0.15386216574379877
1.28938,0.0003364351772319801,0.15386641862393186
1.30952,-1.97081368726624e-05,0.15387031334382203
1.32967,-0.00036172839086025444,0.1538738640268656
1.34972,-0.0005270176351300921,0.1538772474070868
1.36983,-0.0006951853540302342,0.1538804606051271
1.38979,-0.0008080525952897118,0.15388355892568806
1.40993,-0.0008806620016858091,0.1538865826228041
1.42989,-0.0006426412059689329,0.1538898423316241
1.44969,-0.00030879535406473055,0.15389343388165527
1.46974,-0.00017339621545511892,0.153897158820691
1.48958,-0.00016456426537472943,0.1539008905872011
1.50963,-0.00043915370422577444,0.15390434575528142
1.52968,-0.0005393611500137425,0.1539076987074981
1.54961,-0.0004840329529139988,0.15391110498296548
1.56959,-0.0003203861441059723,0.1539146728996563
1.58949,-0.00018921163648646247,0.1539183699877682
1.60942,-0.00019339793831371112,0.15392206088633487
1.62956,-0.00030715470478726324,0.15392563602040196
1.64946,-0.00034125667867672497,0.15392917505111103
1.66957,-0.0004064146344861461,0.15393264691799668
1.68959,-0.00025007800733893695,0.15393627311837663
1.70946,-9.70494390552529e-05,0.1539400503483615
1.72954,-0.00017535979405626376,0.15394374726455437
1.74953,-0.00022324078657712427,0.15394739429904522
1.76961,-0.00042697733218041684,0.15395083559469278
1.7896,-0.00046650436453566946,0.1539542353637337
1.80965,-0.0007349351361464548,0.1539573647015606
1.82973,-0.0010121761726190905,0.1539602147977601
1.84993,-0.0012299852720335444,0.15396284508197386
1.86995,-0.0012025835862744764,0.1539655007698536
1.88991,-0.0011842758344006387,0.15396817276946154
1.91002,-0.0011229570687519622,0.1539709040888029
1.92989,-0.001060519577710533,0.15397369585288279
1.94987,-0.0011322887425104739,0.15397641385298952
1.96995,-0.0009950069063231414,0.1539792671383116
1.98982,-0.0006906114414284438,0.1539824228280297
2.00969,-0.00047595539538932286,0.15398579118328354
2.02968,-0.0005138574651462887,0.1539891196436714
2.04967,-0.0007636586071056656,0.15399219631068356
2.06972,-0.0010488533322066083,0.15399498578987916
2.08983,-0.0010812105342127335,0.15399774091792667
2.10982,-0.000977019630977747,0.15400059824633247
2.12984,-0.0009036891281243209,0.15400352691454908
2.14986,-0.0009009692636487608,0.15400645631250012
2.16988,-0.0008220677339298392,0.1540094626224125
2.18983,-0.0007382258853126113,0.154012550786815
2.20973,-0.0006680080248228906,0.15401570718345461
2.22978,-0.0008750792192519115,0.1540186545203055
2.24974,-0.001068854279463792,0.15402140609617795
2.26988,-0.0012579768534261844,0.15402396655989023
2.28984,-0.0013236944431597197,0.15402645932121328
2.30986,-0.0013823855965668977,0.15402889140573425
2.33,-0.001457769497345013,0.15403124611845437
2.34987,-0.0011836524483606543,0.15403387296720528
2.36989,-0.0011216589921763612,0.1540365598254395
2.38975,-0.0007871404705118747,0.15403957922251924
2.4098,-0.0008036868423297455,0.1540425800896669
2.4297,-0.0006158209276359325,0.15404576684322696
2.44975,-0.000783072329415917,0.15404878436293928
2.46971,-0.000688344493430245,0.15405189463069582
2.48979,-0.0008476949948942466,0.15405484356592078
2.50969,-0.0006980337226493678,0.15405794018513214
2.52983,-0.0008470906377063148,0.1540608857651176
2.54964,-0.0008562637824189041,0.15406382019786916
2.56984,-0.0010917932031926634,0.1540665171186109
2.58986,-0.0009213228995938069,0.15406938253180133
2.60976,-0.0008333034101448947,0.1540723339899604
2.62981,-0.0008628248168137906,0.15407525394927046
2.64983,-0.0010235527238436984,0.15407801120448011
2.66981,-0.0011836057294237188,0.1540806064319688
2.6899,-0.0011688514774496508,0.15408321443700634
2.70976,-0.0010184164869524637,0.15408597090619314
2.72978,-0.0009332740940710916,0.15408881054379017
2.74977,-0.0009209575306517788,0.1540916605252116
2.76967,-0.0010611559583909842,0.15409436833808862
2.78984,-0.0012107079523053137,0.15409692462319358
2.80983,-0.0010903596322709207,0.15409959928553355
2.82973,-0.0010939819558165478,0.1541022683570815
2.84978,-0.0011397342864900395,0.15410488970493566
2.86983,-0.001125496032574489,0.15410752332023236
2.88972,-0.0009659886689303727,0.15411031447629758
2.90971,-0.0009696944085643807,0.15411309995828468
2.92973,-0.0008926327788733643,0.15411596053342547
2.94975,-0.0008453534787294972,0.15411886641993988
2.96965,-0.0007973105752653592,0.1541218183847202
2.98964,-0.0009197076914842355,0.15412464598623787
3.00978,-0.0010993232362507758,0.15412729200319242
3.02968,-0.0011202821178410633,0.15412991509826618
3.04979,-0.001236814477236862,0.15413241969374533
3.06975,-0.0011467480941836224,0.1541350123923344
3.0898,-0.0010993371066547698,0.1541376505371378
3.10973,-0.0008664850259734601,0.15414051957252137
3.12965,-0.0007871349590164419,0.15414346599724157
3.14964,-0.0007888143519243092,0.15414640878079447
3.16969,-0.0009529170235844719,0.15414918549908718
3.18968,-0.0011588136906150262,0.15415175436002912
3.20979,-0.001414938022236221,0.1541540651337862
3.22987,-0.001531941123575279,0.15415625694281504
3.24986,-0.0014354605032049184,0.15415854327341633
3.26988,-0.001442761686301893,0.15416082034365314
3.28981,-0.0011771125836386423,0.15416336110638426
3.30995,-0.0011078740504008218,0.1541659691468508
3.32964,-0.000859430384021492,0.1541688236808616
3.34981,-0.001061549430980094,0.15417147413544036
3.36977,-0.00094606104232896,0.15417423812328973
3.38969,-0.0009940743532686404,0.1541769521441488
3.40971,-0.000925182126788683,0.15417973310185024
3.4297,-0.000862214020625632,0.1541825750734883
3.44966,-0.000784494961718998,0.15418549281122831
3.46968,-0.0007798438397765086,0.15418841324632976
3.48961,-0.0009281647910240812,0.15419118340927324
3.50969,-0.0012870391190553273,0.15419359274386785
3.52983,-0.0015397001549058416,0.15419574746260878
3.54985,-0.001632429135601098,0.15419780750077283
3.56993,-0.0015856593989354555,0.15419991235627975
3.58995,-0.0013598181884022364,0.1542022411024816
3.60985,-0.0012868918451903364,0.154204640827721
3.62984,-0.0013749711389136343,0.15420695052489436
3.65001,-0.0015593141454604451,0.1542090739268269
3.66991,-0.0016407392811176368,0.15421111395792783
3.69002,-0.0019034350758378362,0.1542128893434132
3.71004,-0.0020143543969397197,0.1542145518622926
3.73012,-0.0020577869431255775,0.15421616900054955
3.75008,-0.0018018565375987916,0.1542180401243307
3.76994,-0.001716736863514329,0.1542199944256508
3.78996,-0.001716824396760784,0.15422194669429806
3.81007,-0.001823208190412667,0.1542237906325614
3.82997,-0.0017802092351262048,0.15422567562836154
3.85008,-0.0019071126609435081,0.15422743177521991
3.8701,-0.0017509804398336186,0.15422934211130424
3.89006,-0.0016687326788389588,0.1542313327540099
3.91002,-0.0016083123151075965,0.1542333818764723
3.93007,-0.0017642728976511699,0.15423527309630006
3.95015,-0.0019783819552283825,0.1542369482648948
3.9702,-0.0021458261942482147,0.15423845404826916
3.99022,-0.0022060672408502303,0.15423989765080778
4.01027,-0.0019901831411532475,0.1542415551975332
4.0302,-0.0018080561745446354,0.1542433929344723
4.05006,-0.0017274933597625573,0.1542453092995335
4.07024,-0.0018914334592006923,0.1542470597833379
4.0901,-0.001752392391765624,0.15424894737457578
4.11009,-0.0018351197144343024,0.15425075030254762
4.13008,-0.0016223073782461784,0.15425276410744268
4.1501,-0.0016315792377527333,0.1542547667049421
4.16994,-0.001553126038996697,0.1542568458245519
4.19011,-0.0017723422931491728,0.15425870379016832
4.2101,-0.001695149613684085,0.1542606370151711
4.23015,-0.001805678490421517,0.15426245777723052
4.25014,-0.0014919745235384028,0.15426459031102238
4.2701,-0.0014397526747333771,0.1542667731356072
4.2899,-0.0012386667448542532,0.15426915511905798
4.3101,-0.0014330001693923736,0.15427134083388616
4.32991,-0.0013109306583898859,0.15427364669199423
4.35002,-0.0018051664420407488,0.15427545638212736
4.3701,-0.0021297786861480877,0.15427693952900384
4.39033,-0.002589395246275656,0.15427796112560205
4.41042,-0.0025597357280585666,0.15427901045155218
4.43037,-0.0024545905461846825,0.15428016299606206
4.45033,-0.002285866410947767,0.15428148233839425
4.47032,-0.002152474591005486,0.15428293314611286
4.49022,-0.002172567275105374,0.15428436193717232
4.51024,-0.002436917148693136,0.15428552445232915
4.53038,-0.0026679481733461676,0.15428645400838423
4.55043,-0.0026790290924880197,0.15428737055790115
4.57036,-0.0025195493486697986,0.1542884446646384
4.59041,-0.0024314782708769697,0.15428960491788418
4.61034,-0.0023261126641903997,0.15429086861525815
4.63036,-0.0024044658372997384,0.15429205203657903
4.65028,-0.002435609518293097,0.15429320239399716
4.67036,-0.0027406497348742296,0.15429404578808478
4.69041,-0.0028605924852097265,0.1542947673174728
4.71056,-0.003001929246016717,0.15429534558654553
4.73048,-0.002618716366911015,0.15429630515036308
4.75044,-0.002425646083618974,0.15429745586599833
4.77022,-0.0021687923814141096,0.15429886152121342
4.79033,-0.0023077043301761558,0.15430012634386733
4.81023,-0.0022784314876442596,0.15430141852372917
4.83025,-0.002234937755450946,0.15430275227966303
4.85026,-0.0019448955477348322,0.15430437416087708
4.87004,-0.0017010094679524032,0.15430623801662915
4.89006,-0.0016505589942408926,0.15430815040675236
4.91011,-0.0015202400798790974,0.1543101911995738
4.92998,-0.0014716365000130252,0.1543122786840783
4.95003,-0.0016773306191785382,0.15431415855928565
4.97011,-0.0020495772539492825,0.15431566427256846
4.99022,-0.0022989060509689754,0.1543169187416538
5.01036,-0.0023697704994108644,0.15431810043078084
5.03026,-0.002191678693883718,0.1543194583017703
5.05034,-0.002305859560747293,0.1543207000786835
5.07033,-0.0023457115858108515,0.15432190009277058
5.09038,-0.0025163864000132263,0.15432292752050084
5.11043,-0.0025527222277674237,0.15432391670137885
5.13045,-0.0025529906335402747,0.1543249037039725
5.15044,-0.0026888487331794973,0.15432575293973191
5.17052,-0.002882577213256314,0.15432640653691113
5.19066,-0.0030023564381565144,0.1543269384440304
5.21068,-0.0028660566129164733,0.1543276047431634
5.23057,-0.0026950054689446738,0.15432844018885453
5.25059,-0.002793619472560357,0.1543291751137589
5.27061,-0.0029686511134519723,0.15432973310075412
5.29079,-0.003271395717875429,0.15432998643406368
5.31068,-0.0032311800140778016,0.1543302780805417
5.33076,-0.0033620842373341376,0.15433043691682574
5.35069,-0.0031374245649209054,0.15433081851043914
5.37071,-0.00306991760926486,0.15433126570730987
5.39055,-0.0027134248121225796,0.15433206749752088
5.41057,-0.002517204819962356,0.15433306360504867
5.4304,-0.0021566216829902304,0.15433441839747966
5.45033,-0.0021189318835698953,0.15433580897991597
5.47023,-0.00214586137903965,0.15433717073419106
5.49028,-0.0023409573796390926,0.15433833549121317
5.51033,-0.0021937938578541613,0.15433964551101712
5.53029,-0.001934506646139224,0.15434121291965855
5.55009,-0.0016825037280439865,0.15434303043664524
5.57014,-0.0016853047046974808,0.15434484325344527
5.59013,-0.0016478396137593787,0.1543466916378702
5.61006,-0.0017417191186867027,0.1543484442470649
5.63014,-0.001963771409867224,0.15434997290567304
5.65022,-0.002175986011455962,0.15435128745189572
5.67033,-0.0024091064313243407,0.1543523669798115
5.69041,-0.0023877436768994747,0.15435346597372038
5.71043,-0.002362016197032021,0.15435458880008507
5.73039,-0.0024544277159832084,0.15435561732164077
5.7505,-0.0027260387318131874,0.15435637233633495
5.77064,-0.002910272712607168,0.15435694122110152
5.7906,-0.002844694574901725,0.15435757379223852
5.81062,-0.00274487963969975,0.15435830428582695
5.83052,-0.0025822803484397165,0.15435919548917115
5.85051,-0.0027805884814182855,0.15435988649351998
5.87053,-0.0029181340612001007,0.15436043806132263
5.89067,-0.003069020587055326,0.1543608368497037
5.9106,-0.0028915612380892093,0.15436141120930624
5.93056,-0.003107963174648623,0.15436176727873943
5.95055,-0.0034366131665549845,0.15436179280984375
5.97078,-0.003768990933249299,0.15436148407049344
5.99077,-0.0035004533981216105,0.15436144198135293
6.0106,-0.0030865496321394155,0.15436181191238774
6.03053,-0.0027958583996057548,0.15436247064954436
6.05046,-0.0025744028919563702,0.1543633489575988
6.07036,-0.0025176956336981334,0.15436428208940658
6.09026,-0.002441896557703632,0.15436528913728478
6.11034,-0.0025212882813731613,0.15436621490731234
6.13026,-0.0024873060919376037,0.15436717277712256
6.15031,-0.0025821054220169634,0.15436803396308466
6.17024,-0.002651077059134278,0.1543688242958024
6.19032,-0.002856869891046343,0.15436940695157275
6.21037,-0.0028675481831575735,0.15436997704604002
6.23036,-0.002723365442275423,0.1543706894419404
6.25029,-0.002473061852390906,0.15437165026182292
6.27022,-0.0023833102397514236,0.15437269895420816
6.29024,-0.002448453043647398,0.15437368062338014
6.31032,-0.0025407488797804896,0.1543745681156099
6.33031,-0.002619614441722103,0.1543753748634675
6.3503,-0.002708621814162804,0.15437609072564118
6.37041,-0.0027381043661401355,0.15437677522506169
6.39033,-0.002608928909663425,0.15437758702401758
6.41026,-0.0025173694603969087,0.1543784885067985
6.43022,-0.002471288278771687,0.1543794341950369
6.45015,-0.0024976101670657917,0.15438035168675426
6.4702,-0.002577590250571613,0.15438118732187217
6.49019,-0.0026050669348386497,0.15438199360547675
6.51024,-0.0027227184971065454,0.15438268036199923
6.53023,-0.0029840246036799485,0.15438310393857976
6.5504,-0.0031938348951969465,0.15438331582797354
6.57048,-0.003154268669803575,0.15438356540897544
6.59032,-0.002971016208066068,0.1543839963730533
6.61031,-0.002850259473843413,0.154384546222014
6.63032,-0.0026632865176315222,0.15438528117218062
6.65019,-0.0025706077144471012,0.15438610693264956
6.67021,-0.0025942621659249673,0.1543869071677081
6.69023,-0.0027545608753309896,0.15438754523359322
6.71022,-0.002774809466528526,0.15438816118150664
6.7303,-0.002877808963594931,0.15438867225927116
6.75017,-0.0027824011107214336,0.15438927687884732
6.77034,-0.002944532074061704,0.15438971749603503
6.79027,-0.00284169221278782,0.15439025908685178
6.81026,-0.0029044504890235467,0.15439073605247794
6.83031,-0.0027325060645863623,0.15439138309493458
6.85017,-0.002588653305757202,0.15439217212675715
6.87013,-0.0025802372729477746,0.15439296770975744
6.89021,-0.0025688587250944804,0.15439377280460326
6.91014,-0.002535852822898357,0.15439460904206245
6.9301,-0.002526619309289621,0.15439545264965185
6.95018,-0.0028010889830117304,0.1543960199223418
6.9702,-0.003152697955135784,0.15439623372249203
6.99046,-0.0035438846620542636,0.15439605446820276
7.01042,-0.003510716591270253,0.154395906520565
7.03044,-0.003494835043080498,0.15439577259238266
7.05046,-0.003310926584171835,0.1543958207110565
7.07033,-0.0031797862607750656,0.1543959981118412
7.09029,-0.0031881746220037066,0.15439616526479816
7.11034,-0.0032229836754449383,0.1543962957479852
7.13032,-0.003105176225266746,0.15439654217974608
7.15025,-0.0029629049508503374,0.15439692902535607
7.17012,-0.0029174540176096254,0.15439735946611505
7.19023,-0.003129389744573602,0.15439757611122856
7.21028,-0.00309754431254724,0.15439782274349995
7.23018,-0.0030541562891815113,0.15439811090889038
7.25011,-0.002831182401323571,0.1543986201931722
7.27016,-0.0027116576161020185,0.15439924714542583
7.28999,-0.00258350218548761,0.1544000004009999
7.31007,-0.0027158747263813627,0.1544006194276173
7.33009,-0.0027407299909412426,0.15440121174419028
7.35002,-0.002827358818104518,0.15440171557936253
7.3701,-0.002916026691268527,0.1544021288917064
7.39012,-0.0029809728495360146,0.15440247540456914
7.41017,-0.003060535586598219,0.15440274050128525
7.43019,-0.003115696828529511,0.1544029485844073
7.45018,-0.0030403561113993074,0.15440323015695015
7.4702,-0.003015024698448612,0.15440353520952257
7.4901,-0.0029140343652505154,0.15440393940380936
7.51012,-0.002951131019362486,0.15440430465102495
7.5301,-0.0028293010146314217,0.15440478987907066
7.55006,-0.002445295849964936,0.15440565726396777
7.56996,-0.0020867042836812794,0.15440688139373548
7.58971,-0.0018626990326366063,0.15440832768537638
7.60994,-0.0020444670528966084,0.15440959035701712
7.62987,-0.0019794128070680264,0.15441091623708064
7.64986,-0.002172996525887257,0.1544120466869489
7.66994,-0.002292729209442945,0.15441305555644055
7.68993,-0.002635267613632062,0.15441372004201448
7.71004,-0.0029437802578907045,0.1544140741676514
7.73015,-0.0030593374669618738,0.15441431088927027
7.75008,-0.0029163271096430193,0.15441468877830494
7.77003,-0.0028990074233757874,0.15441508214418637
7.79005,-0.002726640464258244,0.15441564603335167
7.81004,-0.0026149692788695403,0.1544163197510697
7.82988,-0.0024905106214333193,0.15441711608810177
7.84996,-0.002580688380678755,0.154417820404012
7.87001,-0.0024725654789791844,0.15441863100050351
7.88991,-0.002492302625149247,0.15441942002081183
7.90993,-0.0026317009806205273,0.15442006780196163
7.9301,-0.00284229578048641,0.1544205031451881
7.95012,-0.002922179122270378,0.1544208567652286
7.97014,-0.00293172018087391,0.15442119900484416
7.99016,-0.003014587813824869,0.1544214565379381
8.01021,-0.0030699153035004126,0.15442165690457313
8.03032,-0.0031458331795258085,0.15442177951372602
8.05022,-0.00321790472974401,0.154421828216101
8.07036,-0.0033377925177916455,0.15442175519148102
8.09047,-0.003252641811522064,0.15442176547939648
8.11021,-0.003006933647801477,0.1544220196446358
8.13023,-0.00316628133834817,0.15442211262663078
8.15016,-0.003251580046072289,0.15442211847650367
8.17033,-0.0034696144337696194,0.15442190445461346
8.19023,-0.0032229647755705583,0.1544219352504693
8.21016,-0.0031078005603079727,0.15442207937854596
8.23009,-0.002961962380665726,0.15442236751327956
8.25011,-0.0029902169231111847,0.15442262556076244
8.27003,-0.002985859670676032,0.15442288613510305
8.29008,-0.0030259977818331315,0.15442310473901893
8.31004,-0.002922060703125961,0.15442342544982715
8.33006,-0.0029019256104376406,0.1544237644649121
8.35005,-0.0028494765616513982,0.1544241540992528
8.37007,-0.002999949606872338,0.1544243914306774
8.39009,-0.0029148476474564196,0.154424712034663
8.41014,-0.0027233459714162164,0.15442522231084962
8.42989,-0.0025072368609067737,0.15442594687262673
8.44997,-0.0026864980580751045,0.15442649034412473
8.47005,-0.0029893080674773882,0.15442672917700453
8.49004,-0.003276757766525442,0.15442667873369006
8.51024,-0.0034185953391664197,0.15442648462295291
8.53014,-0.0031505155958325404,0.15442655676804445
8.55012,-0.0029015367630753812,0.15442687606706618
8.57002,-0.002503231570291676,0.15442759184830038
8.58992,-0.002215488771447137,0.15442859354981928
8.60982,-0.0021139355246590037,0.15442969498253675
8.62978,-0.002218360382312586,0.15443069016772673
8.64986,-0.0026638894216936414,0.154431237999502
8.67,-0.003216329393229467,0.15443123156631558
8.69026,-0.003821562091158754,0.15443061807374414
8.7104,-0.004093147610047498,0.1544297311716096
8.73051,-0.004250468796929094,0.154428685125257
8.7505,-0.004129745724391859,0.15442775798157993
8.77055,-0.0038882586666433377,0.1544270705039493
8.79036,-0.003452989053005759,0.15442681647970918
8.81023,-0.0031669290761450137,0.15442684669860438
8.83015,-0.002923657941619833,0.1544271183713563
8.84999,-0.0026984984419329053,0.15442761338823002
8.86989,-0.002537564737539646,0.15442826752281463
8.88982,-0.0023248272517901528,0.15442913257881616
8.90974,-0.0022603503975578095,0.15443006029624523
8.9297,-0.0022850368021680935,0.15443096151158972
8.94975,-0.002383397725887125,0.1544317625491847
8.9698,-0.002377082919148459,0.15443256808522657
8.98976,-0.0024065818617557003,0.15443334230803807
9.00981,-0.002474058445382409,0.15443404723883578
9.02989,-0.0025562899173650496,0.15443466812266182
9.04991,-0.002692134254899917,0.15443515134818475
9.06996,-0.0028790541957025464,0.15443544583973126
9.09013,-0.0030970940857835186,0.15443552047568354
9.11009,-0.0033279474490279727,0.15443536244676564
9.13026,-0.003652964269010449,0.15443487758625563
9.15044,-0.0038943781797441644,0.1544341494973526
9.17039,-0.004147169121413648,0.1544331668075673
9.19063,-0.004379766963178289,0.15443194970532675
9.21065,-0.004151565440671208,0.15443095899435447
9.23054,-0.003847676948797678,0.15443027036437854
9.25044,-0.0035524217402420105,0.15442987518239676
9.27037,-0.0034074564923665517,0.1544296231583768
9.2903,-0.003278699851035179,0.15442949808417045
9.31013,-0.0031605754512306202,0.15442948932975517
9.33006,-0.0031902039359370843,0.15442944914094173
9.35008,-0.003061241267579991,0.15442953610775842
9.37004,-0.0030017402419812685,0.1544296807700764
9.38988,-0.002880302675021373,0.15442994506700108
9.41008,-0.003207239464739286,0.15442988061831678
9.42998,-0.003301705340270445,0.1544297199006587
9.45021,-0.00360869224759599,0.1544292503876732
9.47014,-0.003631254552982524,0.15442875650967472
9.49025,-0.0037904740617038233,0.15442810160676979
9.51039,-0.0037279481635671776,0.15442750742430228
9.5302,-0.003460795450200372,0.15442717859530664
9.55022,-0.0034210589465559324,0.1544268877003637
9.57011,-0.00313581120625733,0.15442688025343193
9.59007,-0.0030212102271281864,0.1544269856069853
9.60985,-0.002831938781336665,0.15442727843507567
9.62996,-0.00299132786894351,0.1544274100718858
9.64998,-0.0029460360113432284,0.15442758520038233
9.66997,-0.002953996396196297,0.15442775056929942
9.6899,-0.00299118483681539,0.15442787695207608
9.71004,-0.0031911022343800183,0.15442780161657227
9.73018,-0.003324936741972645,0.15442759064613698
9.75014,-0.003331021846327472,0.1544273717937436
9.77022,-0.003418921079353824,0.15442706324364416
9.79021,-0.0033715167836825795,0.15442680030137693
9.81029,-0.003361937554842817,0.15442654514077683
9.83012,-0.003339625648235799,0.1544263104992845
9.8502,-0.003518616796114164,0.15442589506999072
9.87028,-0.0036240612076278277,0.15442537240008727
9.89024,-0.0037414748114017278,0.15442473052289918
9.91032,-0.0038513415380003945,0.15442397698369487
9.93037,-0.0037695206336614048,0.15442330347107464
9.95024,-0.0037577423802790566,0.15442263994592628
9.97023,-0.003707843109471956,0.15442202452766035
9.99031,-0.0037195631148488084,0.1544213955959121
