Temp./°C,ice mass/(mg/g),ice mass cumsum/(g/g)
-46.98247,-0.010378155685152402,0.003998298915906875
-46.96251,-0.010710413286859814,0.003987588502620014
-46.94243,-0.011021943673458665,0.0039765665589465565
-46.92238,-0.011615333706439255,0.003964951225240117
-46.90222,-0.012210049480370765,0.003952741175759746
-46.8821,-0.012727122802880103,0.003940014052956866
-46.86202,-0.01275610941965702,0.003927257943537209
-46.84189,-0.012402901795884139,0.003914855041741325
-46.82208,-0.011526539309286637,0.003903328502432038
-46.8022,-0.011184567854753247,0.003892143934577285
-46.78227,-0.011136719230116209,0.0038810072153471686
-46.7623,-0.011048465776469433,0.0038699587495706995
-46.74231,-0.010688481795018539,0.0038592702677756807
-46.72258,-0.010197052916748096,0.0038490732148589325
-46.70252,-0.01007905580285528,0.0038389941590560774
-46.68259,-0.009954095639757334,0.00382904006341632
-46.66272,-0.009972874613488215,0.0038190671888028316
-46.64256,-0.010149531395580851,0.003808917657407251
-46.62265,-0.010193752859194527,0.0037987239045480566
-46.60259,-0.010638474032880672,0.0037880854305151757
-46.58244,-0.010839654525118233,0.0037772457759900576
-46.56244,-0.010686230418447663,0.0037665595455716096
-46.54239,-0.010696749220033662,0.0037558627963515763
-46.52245,-0.010716501676737648,0.0037451462946748388
-46.50224,-0.011154118532199393,0.0037339921761426393
-46.48224,-0.010929878049076441,0.003723062298093563
-46.46228,-0.011281119086304681,0.003711781179007258
-46.44225,-0.011412350731380024,0.003700368828275878
-46.42198,-0.012007669335271398,0.0036883611589406066
-46.40222,-0.012090338636855037,0.0036762708203037517
-46.38196,-0.012440098908134252,0.003663830721395617
-46.362,-0.011655189779608223,0.003652175531616009
-46.34226,-0.01117723009818761,0.0036409983015178215
-46.32228,-0.010862554817645025,0.0036301357467001766
-46.30226,-0.01058186984822702,0.0036195538768519493
-46.28241,-0.010510972393405305,0.003609042904458544
-46.26251,-0.010783834726527256,0.003598259069732017
-46.24229,-0.011319956888634854,0.003586939112843382
-46.22226,-0.011404432257312552,0.0035755346805860693
-46.20224,-0.011350868693363233,0.003564183811892706
-46.18225,-0.011308925476532419,0.0035528748864161737
-46.16222,-0.011685583572526368,0.0035411893028436474
-46.14208,-0.012103658696299974,0.0035290856441473474
-46.12201,-0.011934830189604607,0.003517150813957743
-46.1021,-0.011574020267256796,0.003505576793690486
-46.08221,-0.011100072351641612,0.0034944767213388444
-46.06216,-0.010751541237761703,0.0034837251801010825
-46.04236,-0.010143186913374276,0.0034735819931877086
-46.02248,-0.010023220316727286,0.003463558772870981
-46.00255,-0.010201713424675449,0.0034533570594463057
-45.98245,-0.010655521270254903,0.003442701538176051
-45.96243,-0.01050006979320488,0.003432201468382846
-45.94249,-0.010137644781691497,0.0034220638236011547
-45.92259,-0.00953157341841831,0.0034125322501827363
-45.90254,-0.009353327821378443,0.0034031789223613576
-45.88271,-0.009131532599657752,0.0033940473897617
-45.86261,-0.009254282594930066,0.00338479310716677
-45.84265,-0.009269886300421928,0.003375523220866348
-45.82271,-0.009569270257640067,0.0033659539506087077
-45.80249,-0.009697999019426633,0.003356255951589281
-45.78256,-0.009410809669947532,0.0033468451419193337
-45.76262,-0.009417444839859984,0.0033374276970794736
-45.74255,-0.009593526726678526,0.0033278341703527952
-45.72252,-0.01013618759345062,0.003317697982759345
-45.70244,-0.010498211358212422,0.0033071997714011325
-45.68227,-0.010668543894145368,0.003296531227506987
-45.66242,-0.010367010638160614,0.003286164216868826
-45.64232,-0.010567697059756334,0.00327559651980907
-45.62235,-0.010496312161771645,0.0032651002076472986
-45.60228,-0.010748081851985046,0.0032543521257953133
-45.58229,-0.010538158489728885,0.0032438139673055845
-45.56232,-0.010077282406848175,0.0032337366848987363
-45.54242,-0.009400130100580602,0.0032243365547981557
-45.52263,-0.008784686936140004,0.003215551867862016
-45.50264,-0.008817682513790078,0.0032067341853482256
-45.48271,-0.009171896992160629,0.003197562288356065
-45.46257,-0.009974535445802063,0.003187587752910263
-45.44246,-0.010634371231578042,0.003176953381678685
-45.42235,-0.011049533077605384,0.0031659038486010795
-45.40218,-0.011541099360359375,0.00315436274924072
-45.38223,-0.011678087497916753,0.0031426846617428035
-45.362,-0.012127044265811897,0.0031305576174769914
-45.34209,-0.011604238123496,0.0031189533793534955
-45.32205,-0.011294347972279675,0.003107659031381216
-45.30228,-0.010489056587191348,0.0030971699747940245
-45.28235,-0.010528992806109591,0.003086640981987915
-45.26245,-0.010552167469405462,0.0030760888145185093
-45.24236,-0.010633629788792275,0.003065455184729717
-45.22244,-0.01026749155877707,0.00305518769317094
-45.20253,-0.009749325325937695,0.0030454383678450024
-45.1825,-0.009313971315634582,0.003036124396529368
-45.16271,-0.0090342412739019,0.003027090155255466
-45.14266,-0.009516737687323631,0.0030175734175681423
-45.12256,-0.009791489903636083,0.003007781927664506
-45.10249,-0.009708801071890477,0.0029980731265926157
-45.08257,-0.00915222219703817,0.0029889209043955775
-45.06267,-0.008682567968060599,0.0029802383364275166
-45.04268,-0.008688791886118508,0.0029715495445413985
-45.02272,-0.00899465929489272,0.0029625548852465055
-45.00264,-0.009493536734869785,0.002953061348511636
-44.98256,-0.009841015854009904,0.002943220332657626
-44.96249,-0.01008682886126042,0.002933133503796366
-44.9424,-0.01034252129624332,0.0029227909825001223
-44.92236,-0.010351645556249303,0.002912439336943873
-44.90227,-0.010104482341210124,0.002902334854602663
-44.88242,-0.009647924842564649,0.002892686929760098
-44.8625,-0.009424841042824584,0.0028832620887172733
-44.84247,-0.009587217266054547,0.002873674871451219
-44.82263,-0.009580968697764553,0.0028640939027534543
-44.80252,-0.009846218890959354,0.002854247683862495
-44.78267,-0.00946418066960761,0.0028447835031928876
-44.7626,-0.009650426932165683,0.002835133076260722
-44.74268,-0.009499590482124948,0.0028256334857785967
-44.7226,-0.009602039203560737,0.0028160314465750357
-44.70267,-0.00918804219988067,0.0028068434043751556
-44.68277,-0.00875012625698316,0.0027980932781181724
-44.66283,-0.008320360070744912,0.0027897729180474274
-44.64296,-0.008182380201651861,0.0027815905378457753
-44.62294,-0.008309795952318257,0.002773280741893457
-44.60292,-0.008211085668391897,0.0027650696562250654
-44.58301,-0.007824841855562044,0.002757244814369503
-44.56308,-0.007499078447573512,0.00274974573592193
-44.54317,-0.007571628879369742,0.00274217410704256
-44.52309,-0.008016166636006624,0.002734157940406554
-44.50305,-0.00856663273432818,0.0027255913076722257
-44.483,-0.00879674542338253,0.0027167945622488428
-44.46288,-0.008888448137191656,0.002707906114111651
-44.44295,-0.008569219606929293,0.002699336894504722
-44.42291,-0.008642342850176708,0.0026906945516545454
-44.40299,-0.008774114254096715,0.0026819204374004483
-44.38286,-0.009234659121654122,0.0026726857782787944
-44.36275,-0.009369826601332535,0.002663315951677462
-44.34277,-0.00913844098817629,0.0026541775106892858
-44.32279,-0.008856779417009311,0.0026453207312722763
-44.3029,-0.008600351517366388,0.00263672037975491
-44.28284,-0.008499829155640251,0.00262822055059927
-44.26289,-0.00824873315410343,0.0026199718174451663
-44.24306,-0.00830910395186951,0.002611662713493297
-44.22295,-0.008551858662516388,0.0026031108548307804
-44.20288,-0.008644612741693047,0.0025944662420890876
-44.18298,-0.008349934728417366,0.00258611630736067
-44.16296,-0.008238336819794152,0.002577877970540876
-44.14313,-0.008191154151590932,0.002569686816389285
-44.12297,-0.008620000511062886,0.002561066815878222
-44.10297,-0.008566873469537318,0.0025524999424086847
-44.08299,-0.008573596436696074,0.002543926345971989
-44.06296,-0.008369073598543138,0.0025355572723734458
-44.04298,-0.008273708185727145,0.0025272835641877186
-44.02309,-0.008340923773933839,0.002518942640413785
-44.00296,-0.008549616222808885,0.002510393024190976
-43.98296,-0.008620333331876895,0.0025017726908590993
-43.96298,-0.008455703818334399,0.002493316987040765
-43.94296,-0.008641484940047895,0.002484675502100717
-43.92308,-0.008658068214023857,0.002476017433886693
-43.90279,-0.00904291837887886,0.002466974515507814
-43.88301,-0.008821671378464322,0.0024581528441293497
-43.86292,-0.009303866395123202,0.0024488489777342265
-43.84279,-0.009418726754310585,0.002439430250979916
-43.82282,-0.009560816554908917,0.002429869434425007
-43.80277,-0.009479754494852107,0.002420389679930155
-43.78275,-0.009246346975207527,0.0024111433329549476
-43.76283,-0.00926974303631154,0.0024018735899186358
-43.74277,-0.009391580555471018,0.002392482009363165
-43.7227,-0.009261576361569908,0.0023832204330015948
-43.70284,-0.00886055494157319,0.0023743598780600218
-43.68291,-0.00862770622393595,0.002365732171836086
-43.66296,-0.00844982138694771,0.002357282350449138
-43.64301,-0.008260908839117549,0.002349021441610021
-43.62312,-0.007942761990191177,0.002341078679619829
-43.60327,-0.007763283051930401,0.002333315396567899
-43.58325,-0.007662580875703883,0.0023256528156921953
-43.56334,-0.007502713589107888,0.002318150102103087
-43.54346,-0.007390719392170106,0.002310759382710917
-43.52341,-0.007402865657901,0.002303356517053016
-43.50343,-0.007467853244711881,0.002295888663808304
-43.48343,-0.007613633539483853,0.0022882750302688206
-43.46332,-0.00760669746275991,0.00228066833280606
-43.44334,-0.007456896059596852,0.0022732114367464635
-43.42334,-0.00743523192445792,0.0022657762048220054
-43.40324,-0.007463600749366766,0.002258312604072639
-43.38326,-0.007596647741389516,0.0022507159563312494
-43.36318,-0.007914454402967949,0.0022428015019282815
-43.34309,-0.007899019571048762,0.0022349024823572327
-43.32309,-0.007894673245740022,0.0022270078091114927
-43.30315,-0.007725667108548869,0.0022192821420029436
-43.28302,-0.007728836663736157,0.0022115533053392077
-43.26317,-0.007708850160386171,0.0022038444551788217
-43.2431,-0.008116336902547271,0.0021957281182762743
-43.22298,-0.008086971471040007,0.0021876411468052344
-43.20308,-0.007819577690292871,0.002179821569114941
-43.1832,-0.007551790134341032,0.0021722697789806
-43.16316,-0.007561321960387553,0.002164708457020213
-43.14323,-0.0077183703913069595,0.0021569900866289056
-43.1232,-0.007969687059423924,0.002149020399569482
-43.10317,-0.007998145450652356,0.0021410222541188295
-43.08321,-0.007927452505064499,0.0021330948016137653
-43.06319,-0.00786750991632258,0.0021252272916974426
-43.0432,-0.007789104653307235,0.0021174381870441355
-43.02319,-0.008063738139582485,0.0021093744489045527
-43.00311,-0.008422678010471094,0.0021009517708940814
-42.98297,-0.008851686256601638,0.0020921000846374797
-42.96295,-0.009041136405663848,0.002083058948231816
-42.94283,-0.009128674574239607,0.0020739302736575765
-42.92285,-0.008863196297886346,0.00206506707735969
-42.90291,-0.008658907144730632,0.0020564081702149593
-42.88292,-0.008701705695046297,0.002047706464519913
-42.86293,-0.008890336657511958,0.002038816127862401
-42.84287,-0.009090399416470288,0.0020297257284459308
-42.82289,-0.009111054634828827,0.002020614673811102
-42.80289,-0.008943201968373513,0.0020116714718427285
-42.78284,-0.008950362714482912,0.0020027211091282453
-42.76302,-0.0087466245198459,0.0019939744846083993
-42.74286,-0.00878020331963907,0.00198519428128876
-42.72302,-0.008019934795761846,0.0019771743464929983
-42.70311,-0.0077405844953072735,0.001969433761997691
-42.68323,-0.0073766254702005525,0.001962057136527491
-42.66318,-0.007465433220750851,0.00195459170330674
-42.64325,-0.007489686204781176,0.0019471020171019592
-42.6232,-0.007701583020376383,0.0019394004340815827
-42.60317,-0.008019157203568382,0.0019313812768780142
-42.58313,-0.008399797946580499,0.0019229814789314338
-42.56299,-0.00853577613048419,0.0019144457028009497
-42.54303,-0.008182577763410012,0.0019062631250375394
-42.52319,-0.008126749000163322,0.001898136376037376
-42.50317,-0.008399050789758172,0.0018897373252476177
-42.48303,-0.008568923654688752,0.0018811684015929294
-42.46312,-0.008302881639962612,0.001872865519952967
-42.44319,-0.00765400135234858,0.0018652115186006185
-42.42323,-0.0070086647988177085,0.0018582028538018007
-42.40349,-0.0065748068002507215,0.00185162804700155
-42.38344,-0.006736275086867406,0.0018448917719146823
-42.36351,-0.00685504885151067,0.0018380367230631718
-42.34351,-0.007287389692289623,0.0018307493333708821
-42.32336,-0.007099796699360636,0.0018236495366715216
-42.30339,-0.006714433645460063,0.0018169351030260612
-42.28363,-0.006344265921087931,0.0018105908371049738
-42.26344,-0.006560300697343089,0.0018040305364076309
-42.2435,-0.00672973145268376,0.0017973008049549468
-42.22344,-0.007276234680786899,0.0017900245702741602
-42.20329,-0.007922012468432993,0.0017821025578057272
-42.18321,-0.008138609888098086,0.0017739639479176289
-42.16298,-0.00816191253004418,0.0017658020353875847
-42.14325,-0.007588922436911978,0.001758213112950673
-42.12314,-0.007929417721232655,0.00175028369522944
-42.10313,-0.007768467190929957,0.0017425152280385104
-42.08315,-0.007960026622312561,0.0017345552014161976
-42.06329,-0.007712865552968282,0.0017268423358632297
-42.04315,-0.007739258567457384,0.0017191030772957727
-42.02327,-0.00738411326805212,0.0017117189640277202
-42.00331,-0.007220275329864493,0.0017044986886978557
-41.98334,-0.006939386982343491,0.0016975593017155123
-41.96343,-0.006739125224665106,0.001690820176490847
-41.94344,-0.0065547147393306944,0.0016842654617515163
-41.92354,-0.006540316062095363,0.0016777251456894212
-41.90358,-0.0065922531412768185,0.0016711328925481444
-41.88344,-0.006568611565176842,0.0016645642809829677
-41.86365,-0.006432814137635297,0.0016581314668453321
-41.84361,-0.006780430660249404,0.0016513510361850828
-41.82347,-0.007007033247059189,0.0016443440029380238
-41.80357,-0.007093482455771469,0.0016372505204822522
-41.78355,-0.0069463909169404855,0.001630304129565312
-41.76358,-0.006468365849117053,0.001623835763716195
-41.74379,-0.005941444281480388,0.0016178943194347143
-41.72385,-0.00598938209481405,0.0016119049373399005
-41.70387,-0.006146276472908206,0.0016057586608669919
-41.68375,-0.006562140265997883,0.0015991965206009944
-41.66376,-0.006498792262643357,0.0015926977283383511
-41.64372,-0.006304662141002736,0.0015863930661973486
-41.62376,-0.006048547650836699,0.0015803445185465122
-41.60382,-0.0058437811231744664,0.0015745007374233376
-41.58374,-0.006099806474276434,0.001568400930949061
-41.56383,-0.006367386895662104,0.0015620335440533987
-41.54356,-0.0072527803345874475,0.0015547807637188112
-41.52351,-0.00771319675734931,0.0015470675669614618
-41.50331,-0.008032370727672485,0.0015390351962337894
-41.48329,-0.007717384011345653,0.0015313178122224437
-41.46347,-0.00729059549293063,0.0015240272167295127
-41.44342,-0.007086947709553156,0.0015169402690199596
-41.4236,-0.006595174162743401,0.0015103450948572164
-41.40369,-0.00644795063183661,0.00150389714422538
-41.38384,-0.006016609881238966,0.0014978805343441406
-41.36389,-0.005823042826489849,0.001492057491517651
-41.34403,-0.0056619019773252914,0.0014863955895403256
-41.32399,-0.005830105293477868,0.001480565484246848
-41.30397,-0.006001420367503306,0.0014745640638793443
-41.28397,-0.006053619794855593,0.001468510444084489
-41.26395,-0.005990899845722411,0.0014625195442387663
-41.244,-0.006004106623573133,0.0014565154376151935
-41.22398,-0.006190743078456645,0.0014503246945367365
-41.20386,-0.00643833836132272,0.001443886356175414
-41.1839,-0.006436940462670328,0.0014374494157127437
-41.16377,-0.006745795950521132,0.0014307036197622226
-41.14377,-0.00664232965998454,0.0014240612901022381
-41.12364,-0.006880545985912967,0.001417180744116325
-41.10376,-0.006851640990818144,0.001410329103125507
-41.08362,-0.007164313452112565,0.001403164789673394
-41.06365,-0.006765419718071068,0.0013963993699553229
-41.04376,-0.0063165531279793016,0.0013900828168273436
-41.02393,-0.005643381776749682,0.0013844394350505935
-41.00398,-0.005443037436572038,0.0013789963976140215
-40.98409,-0.005309531173429041,0.0013736868664405923
-40.96401,-0.005678813262007635,0.0013680080531785848
-40.94402,-0.0058752640074629945,0.0013621327891711215
-40.92387,-0.006661804443160782,0.0013554709847279607
-40.90382,-0.007084074509660812,0.0013483869102183
-40.88355,-0.007756078824525622,0.0013406308313937743
-40.86359,-0.00774680374679453,0.0013328840276469796
-40.84341,-0.008145170760036173,0.0013247388568869436
-40.82343,-0.008120765402234803,0.0013166180914847086
-40.80338,-0.00822332085723402,0.0013083947706274746
-40.78342,-0.007729663176461113,0.0013006651074510133
-40.7636,-0.0072148781833434,0.0012934502292676702
-40.7437,-0.006507726395876528,0.0012869425028717938
-40.72379,-0.0060731802513667625,0.001280869322620427
-40.70407,-0.00575697225599161,0.001275112350364435
-40.68396,-0.005956987206306077,0.0012691553631581295
-40.66406,-0.0058259068684650365,0.0012633294562896646
-40.64406,-0.005868366134658166,0.0012574610901550064
-40.62405,-0.005941430786506859,0.0012515196593684995
-40.6041,-0.005940572508007723,0.001245579086860492
-40.58397,-0.006080514942369825,0.0012394985719181221
-40.56413,-0.005943035352429929,0.001233555536565692
-40.54396,-0.006202441942011712,0.00122735309462368
-40.52393,-0.006314701172757875,0.0012210383934509223
-40.50391,-0.006751392055485635,0.0012142870013954364
-40.48372,-0.007045484183207922,0.0012072415172122283
-40.4637,-0.007195576965919062,0.0012000459402463095
-40.44374,-0.0072548378655446985,0.0011927911023807648
-40.42357,-0.007268833346537484,0.0011855222690342277
-40.40369,-0.006618348221857356,0.0011789039208123702
-40.38374,-0.006092050372638245,0.0011728118704397322
-40.36401,-0.005454770643270312,0.0011673570997964618
-40.34401,-0.005668521170912072,0.0011616885786255495
-40.32404,-0.005774545221244253,0.001155914033404305
-40.30396,-0.006098669581622986,0.0011498153638226818
-40.28401,-0.0061846162888107604,0.0011436307475338713
-40.26387,-0.006374809862749643,0.0011372559376711215
-40.24385,-0.006418469369152401,0.0011308374683019688
-40.22388,-0.006790008286319593,0.0011240474600156493
-40.20371,-0.007227592302679479,0.0011168198677129694
-40.18361,-0.007265836743805982,0.0011095540309691634
-40.1637,-0.006815981634106335,0.0011027380493350571
-40.14377,-0.006285222562582111,0.0010964528267724746
-40.12389,-0.005775011226644348,0.0010906778155458305
-40.10399,-0.005916665666504421,0.0010847611498793256
-40.08405,-0.006323125109403279,0.0010784380247699224
-40.06381,-0.006887691719305292,0.0010715503330506171
-40.04382,-0.006906089557634384,0.0010646442434929827
-40.02383,-0.006958439411632471,0.0010576858040813502
-40.00383,-0.006648334208850073,0.0010510374698725002
-39.98383,-0.006388327282278256,0.0010446491425902217
-39.96401,-0.005815525907858969,0.0010388336166823626
-39.944,-0.005817742839797566,0.0010330158738425647
-39.92416,-0.005936719913032277,0.0010270791539295325
-39.90392,-0.006453057122156754,0.0010206260968073757
-39.88391,-0.006316062763728921,0.0010143100340436464
-39.864,-0.006315842421431085,0.0010079941916222154
-39.84389,-0.006547676147799502,0.0010014465154744162
-39.82385,-0.0065207933386032,0.0009949257221358128
-39.80379,-0.006330214304739163,0.0009885955078310737
-39.78403,-0.005705751683264959,0.0009828897561478091
-39.76404,-0.005733461688909751,0.0009771562944588994
-39.74402,-0.005569774864805683,0.0009715865195940939
-39.724,-0.005462736822765749,0.0009661237827713284
-39.70416,-0.005058112171219211,0.000961065670600109
-39.68417,-0.00501465689512318,0.0009560510137049854
-39.6642,-0.005080656606221792,0.000950970357098764
-39.64421,-0.005544694100302768,0.000945425662998461
-39.62409,-0.006010325355830369,0.0009394153376426307
-39.60391,-0.0059803986039588175,0.0009334349390386718
-39.58398,-0.00573728427085129,0.0009276976547678206
-39.5641,-0.005564467504410708,0.0009221331872634095
-39.54395,-0.005829043877811773,0.0009163041433855978
-39.52403,-0.006126472502022311,0.0009101776708835756
-39.50389,-0.006439267013936316,0.0009037384038696394
-39.48381,-0.006483438212892207,0.0008972549656567474
-39.46396,-0.006244579736736413,0.0008910103859200106
-39.4438,-0.006252418180734393,0.0008847579677392762
-39.42397,-0.005751566044211712,0.0008790064016950647
-39.40393,-0.005895503868806701,0.0008731108978262576
-39.384,-0.0058121633474176315,0.0008672987344788404
-39.36392,-0.00620059124049213,0.0008610981432383481
-39.34393,-0.005983038125663424,0.0008551151051126842
-39.32391,-0.0058543769437715614,0.0008492607281689129
-39.30411,-0.005609769966508153,0.0008436509582024046
-39.28395,-0.006009443150455359,0.0008376415150519495
-39.26393,-0.006176306788308433,0.0008314652082636411
-39.24387,-0.006207560668170259,0.0008252576475954706
-39.22383,-0.0058227611259403554,0.0008194348864695306
-39.20398,-0.005517985098986265,0.0008139169013705442
-39.18393,-0.005519149677004725,0.0008083977516935396
-39.16391,-0.005535472475032493,0.0008028622792185074
-39.14404,-0.005863593667580115,0.0007969986855509269
-39.12392,-0.006454713369425449,0.0007905439721815014
-39.10379,-0.006803420489242015,0.0007837405516922594
-39.08374,-0.0066678041471925345,0.0007770727475450668
-39.06378,-0.006475609315511508,0.0007705971382295554
-39.04379,-0.006266359300325009,0.0007643307789292303
-39.02368,-0.0062736611076887345,0.0007580571178215415
-39.00382,-0.006114658255092078,0.0007519424595664494
-38.98383,-0.006156859203883563,0.0007457856003625662
-38.96382,-0.005903606779596808,0.0007398819935829693
-38.94396,-0.00562104306766941,0.0007342609505152997
-38.92409,-0.005582153491406607,0.000728678797023893
-38.90404,-0.00592466993889304,0.000722754127085
-38.88397,-0.006124349349530462,0.0007166297777354697
-38.86394,-0.006223607568303665,0.0007104061701671662
-38.84403,-0.005977893643965531,0.0007044282765232002
-38.82393,-0.0059696490490696525,0.0006984586274741307
-38.80402,-0.00567542163018231,0.0006927832058439484
-38.78395,-0.005883526825199115,0.0006868996790187491
-38.76399,-0.00586732562818663,0.0006810323533905627
-38.74384,-0.006094967021884206,0.0006749373863686784
-38.72397,-0.005704203843853906,0.0006692331825248242
-38.70398,-0.005415857597755732,0.0006638173249270685
-38.68416,-0.00515600349920117,0.0006586613214278675
-38.66422,-0.005191287635371616,0.0006534700337924959
-38.64417,-0.005189529649483192,0.0006482805041430127
-38.62437,-0.004437481255772876,0.0006438430228872401
-38.60439,-0.003809139613698974,0.000640033883273541
-38.58473,-0.003174113543779879,0.0006368597697297617
-38.56464,-0.003758815419898698,0.0006331009543098631
-38.54456,-0.0044977429272719015,0.0006286032113825908
-38.52437,-0.00511415930196256,0.0006234890520806285
-38.50417,-0.005192811978602076,0.0006182962401020263
-38.48433,-0.004976822867569107,0.0006133194172344568
-38.46414,-0.005402212830466558,0.0006079172044039902
-38.44408,-0.005466717681633767,0.0006024504867223565
-38.42403,-0.00557956850472408,0.0005968709182176323
-38.40414,-0.005371646718440055,0.0005914992714991922
-38.38416,-0.00534050924392979,0.0005861587622552626
-38.36412,-0.0051217845780650445,0.0005810369776771975
-38.34427,-0.005027178927784426,0.0005760097987494131
-38.32433,-0.005276418924320557,0.0005707333798250927
-38.30415,-0.005494518942756542,0.0005652388608823364
-38.2842,-0.004829253486704697,0.000560409607395632
-38.26436,-0.003955344493148159,0.0005564542629024837
-38.24466,-0.003227356180997353,0.0005532269067214865
-38.22458,-0.003445134330545924,0.0005497817723909403
-38.20465,-0.0036578559065476037,0.0005461239164843931
-38.1846,-0.004141676742699416,0.0005419822397416934
-38.16452,-0.004390264981696711,0.0005375919747599967
-38.14446,-0.0050109279729790715,0.0005325810467870177
-38.12428,-0.0055061127890147,0.0005270749339980033
-38.10405,-0.005771572028883055,0.0005213033619691199
-38.08414,-0.005692564112150023,0.0005156107978569698
-38.06401,-0.005678807636772802,0.0005099319902201974
-38.04399,-0.0052770438750090794,0.0005046549463451882
-38.0242,-0.00496881523435918,0.0004996861311108293
-38.00426,-0.004905906781728663,0.0004947802243291007
-37.98421,-0.004972571324600691,0.0004898076530045
-37.96431,-0.005015151977466316,0.0004847925010270336
-37.94428,-0.0052074943930859345,0.00047958500663394755
-37.92432,-0.005271280827167066,0.0004743137258067811
-37.90424,-0.00535492196911581,0.00046895880383766506
-37.88428,-0.005036662220756521,0.0004639221416169086
-37.8644,-0.0044951061179227345,0.0004594270354989858
-37.8445,-0.0039553721005546535,0.00045547166339843107
-37.82475,-0.003416773684325201,0.0004520548897141057
-37.80473,-0.0030677937889708145,0.0004489870959251351
-37.78488,-0.0025790397467188885,0.00044640805617841665
-37.76495,-0.0026578240198304602,0.0004437502321585863
-37.74489,-0.003321348894112672,0.00044042888326447337
-37.72472,-0.004265933952321825,0.0004361629493121514
-37.70442,-0.004961371401456557,0.000431201577910695
-37.68436,-0.005062647899419326,0.00042613893001127584
-37.66429,-0.005205230476385184,0.0004209336995348906
-37.64423,-0.005384553797052088,0.00041554914573783876
-37.62421,-0.0055344026601350125,0.00041001474307770375
-37.6042,-0.005301320881092371,0.0004047134221966111
-37.58435,-0.0046645693204556,0.0004000488528761556
-37.56448,-0.003975455310962367,0.00039607339756519326
-37.54462,-0.0034894832969245455,0.0003925839142682689
-37.52474,-0.003306041378765866,0.0003892778728895028
-37.5047,-0.003399506588661803,0.0003858783663008413
-37.48476,-0.0033239171640362685,0.0003825544491368048
-37.46469,-0.003500545461093615,0.0003790539036757114
-37.44472,-0.003679855865943334,0.0003753740478097678
-37.42455,-0.004343545628717448,0.0003710305021810507
-37.40451,-0.004575233941469761,0.00036645526823958106
-37.3844,-0.0047318462097503105,0.0003617234220298308
-37.36452,-0.0043988463389456655,0.00035732457569088473
-37.34448,-0.004437815713794524,0.00035288675997709055
-37.32452,-0.004284556520326109,0.0003486022034567644
-37.30451,-0.00413165778865738,0.000344470545668107
-37.28459,-0.0036271978459558652,0.00034084334782215125
-37.26474,-0.003339516448873412,0.0003375038313732778
-37.24477,-0.003503633335967011,0.0003340001980373106
-37.22472,-0.003849562001682984,0.00033015063603562735
-37.20462,-0.004045890645001805,0.00032610474539062576
-37.18469,-0.003757387036316282,0.0003223473583543095
-37.16475,-0.0035013003023834717,0.0003188460580519259
-37.14485,-0.0033484569460524465,0.0003154976011058735
-37.1248,-0.0033969828870266915,0.0003121006182188468
-37.10484,-0.003291405001636951,0.0003088092132172097
-37.08493,-0.003153515704094401,0.00030565569751311557
-37.06494,-0.0033166617454814256,0.0003023390357676341
-37.04497,-0.0035676576624734477,0.00029877137810516066
-37.02481,-0.0038249048603319043,0.0002949464732448291
-37.0049,-0.003720429393854586,0.0002912260438509744
-36.98491,-0.0035660412320886238,0.0002876600026188859
-36.96487,-0.003165326862276649,0.00028449467575660924
-36.94505,-0.002812477634622152,0.00028168219812198724
-36.9251,-0.00304896279259255,0.0002786332353293948
-36.90492,-0.003464136428852659,0.00027516909890054186
-36.88481,-0.003861614831648327,0.0002713074840688936
-36.86479,-0.00394540086387288,0.0002673620832050207
-36.84473,-0.0040924255451677246,0.0002632696576598528
-36.82472,-0.004037571184451511,0.00025923208647540136
-36.80464,-0.0037543756454364373,0.00025547771082996525
-36.78484,-0.0031921799782212,0.00025228553085174417
-36.76506,-0.0030349663922359664,0.0002492505644595081
-36.74495,-0.0031551634826605048,0.00024609540097684764
-36.72501,-0.003201668702934953,0.00024289373227391262
-36.70503,-0.002910279500007276,0.00023998345277390564
-36.685,-0.0025552643692400407,0.0002374281884046656
-36.66525,-0.0022901140847294975,0.00023513807431993624
-36.64504,-0.0029166225383369347,0.00023222145178159945
-36.625,-0.003438367767969716,0.00022878308401362915
-36.60481,-0.004028938870434403,0.00022475414514319496
-36.5847,-0.004037531475044396,0.00022071661366815072
-36.56477,-0.0036463732262913273,0.00021707024044185933
-36.5448,-0.0034827073868240223,0.00021358753305503533
-36.5249,-0.0030849221896095806,0.00021050261086542595
-36.50491,-0.002865130806240475,0.0002076374800591852
-36.48517,-0.0025127614395112894,0.00020512471861967385
-36.46516,-0.002781821635828411,0.0002023428969838456
-36.44508,-0.0030049963380746627,0.00019933790064577102
-36.42506,-0.003198480255654956,0.00019613942039011607
-36.40511,-0.0030032380386390955,0.0001931361823514768
-36.3851,-0.0030388014195138055,0.00019009738093196324
-36.36514,-0.0030134481235034294,0.0001870839328084596
-36.34494,-0.0030698028960707805,0.0001840141299123887
-36.32517,-0.0027453297161585573,0.0001812688001962305
-36.30518,-0.002970022800894108,0.00017829877739533638
-36.28508,-0.003114809696028857,0.0001751839676993076
-36.26511,-0.0030630337388231313,0.00017212093396048404
-36.24515,-0.0028433847605037147,0.00016927754919998043
-36.22527,-0.0025661317378089226,0.0001667114174621711
-36.20525,-0.0026104618274043045,0.00016410095563476742
-36.18526,-0.002784109098866763,0.0001613168465359003
-36.16522,-0.002932536314895606,0.00015838431022100483
-36.14514,-0.0032927718901638926,0.00015509153833084084
-36.1252,-0.0037939455760833485,0.00015129759275475793
-36.10487,-0.00450317340505224,0.00014679441934970557
-36.08479,-0.004441009088221582,0.00014235341026148365
-36.06485,-0.003960832632887491,0.0001383925776285962
-36.04498,-0.003494924426522089,0.00013489765320207417
-36.02512,-0.0031594914510312444,0.00013173816175104328
-36.00505,-0.0028957153914822647,0.00012884244635956096
-35.98531,-0.00211254800312955,0.00012672989835643168
-35.96547,-0.0019041386658617374,0.00012482575969056985
-35.94553,-0.0019142062703114938,0.00012291155342025826
-35.92543,-0.002078412604561746,0.00012083314081569665
-35.90555,-0.001851171194858587,0.00011898196962083826
-35.88564,-0.0015135965198097867,0.00011746837310102828
-35.86559,-0.0012050007663583968,0.00011626337233467017
-35.84573,-0.0010927337903797508,0.0001151706385442903
-35.82564,-0.0013670105382063244,0.00011380362800608376
-35.80554,-0.001534797899018455,0.00011226883010706555
-35.78557,-0.001939959424353596,0.00011032887068271194
-35.76546,-0.002256693716238595,0.00010807217696647345
-35.7453,-0.0024306524864980855,0.00010564152447997514
-35.72542,-0.002311118745011715,0.00010333040573496342
-35.70535,-0.002436019075746021,0.00010089438665921747
-35.68538,-0.002421703665824983,9.847268299339237e-05
-35.66536,-0.002493229812704055,9.597945318068866e-05
-35.64531,-0.0022256994186593093,9.37537537620296e-05
-35.62544,-0.0016875704011283066,9.206618336090114e-05
-35.60553,-0.001588227075006492,9.047795628589449e-05
-35.5856,-0.001724991244034355,8.875296504186076e-05
-35.56542,-0.0022330256286217185,8.651993941323835e-05
-35.54549,-0.002194187160544409,8.432575225269471e-05
-35.52545,-0.002090479645704004,8.223527260699075e-05
-35.50555,-0.0017822838772796141,8.04529887297109e-05
-35.4856,-0.001779126322339817,7.867386240737167e-05
-35.46556,-0.0018623916212228474,7.681147078614833e-05
-35.44562,-0.0017567273917306024,7.505474339441782e-05
-35.42566,-0.0017623410982547886,7.329240229616337e-05
-35.4057,-0.0016068675814840908,7.168553471467894e-05
-35.38565,-0.001467535402201316,7.021799931247741e-05
-35.36572,-0.0011506951065669041,6.906730420591038e-05
-35.34575,-0.0011255460383796257,6.794175816753154e-05
-35.32573,-0.0011354248936047938,6.680633327392667e-05
-35.3057,-0.0012787037205869802,6.552762955333927e-05
-35.28572,-0.001332491854225769,6.41951376991138e-05
-35.26563,-0.0015149877297298423,6.268014996938399e-05
-35.24564,-0.0017034625776527947,6.097668739173112e-05
-35.22563,-0.0020788661624012356,5.8897821229329794e-05
-35.20554,-0.002218905952803662,5.6678915276526555e-05
-35.18556,-0.0018619784588504334,5.481693681767645e-05
-35.16565,-0.0015195141779099225,5.329742263976596e-05
-35.14575,-0.001288864101635995,5.20085585381299e-05
-35.12558,-0.001351771405893853,5.0656787132235745e-05
-35.1057,-0.001184312470916073,4.9472474661319855e-05
-35.08568,-0.0012777314567095125,4.819474320461037e-05
-35.06563,-0.0014073737430465388,4.67873694615633e-05
-35.04561,-0.001626066144678218,4.5161303316885656e-05
-35.02551,-0.0017323712893081492,4.342893202757738e-05
-35.00559,-0.0015164975485634554,4.191243447901425e-05
-34.98564,-0.0015160983294636948,4.039633614954987e-05
-34.96562,-0.0017011355746934145,3.869520057485712e-05
-34.94557,-0.001964851528293123,3.67303490465638e-05
-34.92548,-0.0019032390568229135,3.48271099897407e-05
-34.90558,-0.0013985193723376498,3.342859061740335e-05
-34.88571,-0.001116157868515711,3.231243274888756e-05
-34.86578,-0.0010636708411535768,3.1248761907734166e-05
-34.84572,-0.0012894369245887265,2.995932498314497e-05
-34.82581,-0.001244591097593541,2.871473388555215e-05
-34.80579,-0.0015967955933315601,2.7117938292220076e-05
-34.78575,-0.0015799272347270215,2.5538011057492892e-05
-34.76556,-0.0014713547347934381,2.4066656322699852e-05
-34.74582,-0.0009141391743843161,2.3152517148315732e-05
-34.72586,-0.00113984228639976,2.2012674861915556e-05
-34.70572,-0.0013029451544323241,2.0709729707482638e-05
-34.68565,-0.0012486062701352442,1.946112343734728e-05
-34.66577,-0.0007107274266235127,1.8750396010723883e-05
-34.64587,-0.00019828932588054955,1.8552106684843056e-05
-34.62596,0.00010557734632225724,1.865768403116596e-05
-34.60603,3.813575100611347e-05,1.869581978217183e-05
-34.58604,-0.000460797497130203,1.8235022285041994e-05
-34.56595,-0.001192934754486843,1.704208753055495e-05
-34.54573,-0.0018059762702822089,1.5236111260272765e-05
-34.52567,-0.0018372805860077405,1.339883067426502e-05
-34.50568,-0.0017424980622630464,1.1656332612001823e-05
-34.48569,-0.0014203536797006886,1.0235978932301472e-05
-34.46562,-0.001215405390689927,9.020573541611114e-06
-34.44579,-0.0008780704346728368,8.142503106938967e-06
-34.4258,-0.0008571315233680317,7.285371583570441e-06
-34.40585,-0.0008688781922053351,6.4164933913646305e-06
-34.38582,-0.0008346152483052095,5.581878143060166e-06
-34.36578,-0.0005982968373830107,4.983581305676409e-06
-34.34599,-0.00018499555279063556,4.798585752886601e-06
-34.32594,-5.685465598112885e-05,4.741731096905184e-06
-34.30603,0.00025109634325490965,4.992827440159463e-06
-34.2861,0.00022838008679010825,5.221207526950183e-06
-34.26608,0.00041751918057197256,5.6387267075219336e-06
-34.24606,0.00036158516687391815,6.000311874396029e-06
-34.22621,0.0001252965910448596,6.125608465440413e-06
-34.20598,-0.0005363134784001417,5.589294987040291e-06
-34.1859,-0.0006274631528230887,4.961831834217334e-06
-34.16591,-0.0005939959392110889,4.367835895005903e-06
-34.14594,-0.00018868910455465228,4.17914679045131e-06
-34.12599,0.00033100108275963333,4.510147873211176e-06
-34.10614,0.0006483859972838229,5.158533870495453e-06
-34.08629,0.0006621893485523718,5.82072321904728e-06
-34.06616,5.1937870991929006e-05,5.87266109003913e-06
-34.04617,-0.0005687811726729089,5.303879917366305e-06
-34.02593,-0.001308319458272423,3.995560459093758e-06
-34.00583,-0.001439547511284982,2.5560129478094037e-06
-33.98579,-0.0012062258583194394,1.3497870894902536e-06
-33.96578,-0.0007750043267082934,5.747827627822569e-07
-33.94595,-0.0001969184896873373,3.7786427309425413e-07
-33.92596,-5.338817652935675e-05,3.2447609656441334e-07
-33.90613,3.5594943221311367e-06,3.2803559088696865e-07
-33.88609,-0.0002070839503599431,1.20951640526952e-07
-33.86603,-0.0001209516405267295,0.0
-33.84618,0.00028355313946226495,2.8355313946154537e-07
-33.82622,0.00042948477086976667,7.130379103322676e-07
-33.80632,0.0006018631361598333,1.3149010464914151e-06
-33.78627,0.00042264282515609475,1.7375438716472902e-06
-33.76633,0.000554449208107079,2.291993079754466e-06
-33.74628,0.0006970800259651305,2.9890731057203787e-06
-33.72636,0.0009250668002116823,3.914139905932153e-06
-33.70638,0.0009642910503898206,4.878430956321671e-06
-33.68631,0.0007533182748376276,5.631749231159618e-06
-33.66637,0.0005887544851114079,6.220503716271308e-06
-33.64621,0.00018448456697955977,6.404988283251027e-06
-33.62627,0.00011762245730434452,6.522610740555476e-06
-33.60619,-0.00041930103176998786,6.103309708785018e-06
-33.58612,-0.0007233660094164976,5.37994369936845e-06
-33.56595,-0.0009221059862585418,4.457837713110063e-06
-33.54599,-0.0005085969266328226,3.949240786477182e-06
-33.52609,-0.00017766432997091768,3.7715764565062967e-06
-33.50613,1.1099892804725027e-05,3.7826763493106763e-06
-33.48612,0.00017044179918902075,3.9531181484997804e-06
-33.46622,0.0004981980821119182,4.451316230611943e-06
-33.44635,0.0007132077740346518,5.164524004646308e-06
-33.42636,0.0007554738195334387,5.919997824180116e-06
-33.4063,0.0007506784534464288,6.6706762776262e-06
-33.38637,0.0008299621715375912,7.5006384491638906e-06
-33.36638,0.0005627063027194947,8.063344751884152e-06
-33.3463,0.00037291272780026627,8.436257479683962e-06
-33.32622,0.00011245630332422787,8.548713783008977e-06
-33.30632,0.0001731590186082046,8.721872801617167e-06
-33.28618,2.5276539171501686e-05,8.747149340788789e-06
-33.26625,0.0002803678133653222,9.027517154153696e-06
-33.24626,0.00027812650294698014,9.30564365710096e-06
-33.22636,0.0005135817980741061,9.819225455174815e-06
-33.20631,0.0003825914225554482,1.0201816877730002e-05
-33.18636,0.00011357468276700876,1.0315391560497024e-05
-33.16623,-0.0001939816452748314,1.0121409915222514e-05
-33.14616,-0.0004104914986370437,9.710918416585418e-06
-33.12631,-0.0003869252841854825,9.32399313240042e-06
-33.10613,-0.00023771271302694576,9.086280419372782e-06
-33.08632,0.0005271796048938404,9.613460024267273e-06
-33.06656,0.001077472934217091,1.0690932958483737e-05
-33.0466,0.0013427582021855154,1.2033691160669331e-05
-33.02678,0.0013975878073823565,1.3431278968052164e-05
-33.0067,0.0012741011380339037,1.470538010608577e-05
-32.98668,0.0016811080763789283,1.6386488182465117e-05
-32.96678,0.0019635077294500388,1.8349995911914538e-05
-32.94684,0.001859968525985657,2.02099644379004e-05
-32.92673,0.0014347042260345337,2.1644668663935336e-05
-32.90663,0.0011463612688796655,2.2791029932814344e-05
-32.88664,0.0011543587136799832,2.3945388646495237e-05
-32.86661,0.0012050090722035536,2.5150397718698078e-05
-32.8466,0.0011651878612247892,2.631558557992294e-05
-32.82657,0.0010106789923695879,2.7326264572292286e-05
-32.80655,0.0009389647839541678,2.826522935624621e-05
-32.78656,0.0011194501354173045,2.938467949166381e-05
-32.76659,0.0012690493116045286,3.065372880326801e-05
-32.74667,0.0014748627571766473,3.212859156044492e-05
-32.72664,0.001396277961124125,3.3524869521569384e-05
-32.70667,0.0014916294527015728,3.5016498974271316e-05
-32.68662,0.001335216596408155,3.635171557067867e-05
-32.66667,0.001469649294316042,3.782136486499537e-05
-32.64661,0.0013998289045360675,3.9221193769531544e-05
-32.62676,0.0015863792207963033,4.0807572990327404e-05
-32.60666,0.0011579864080445389,4.196555939837195e-05
-32.58666,0.0009716083678250265,4.293716776619747e-05
-32.56648,0.0005182827103301135,4.3455450476527144e-05
-32.54656,0.0007278458357933502,4.4183296312320756e-05
-32.52651,0.0007717743832926051,4.4955070695613594e-05
-32.50664,0.0010970233291757497,4.6052094024788374e-05
-32.4866,0.0012898094031575495,4.734190342794639e-05
-32.46669,0.0017502022455391016,4.90921056734853e-05
-32.44693,0.002106514459670916,5.1198620133156326e-05
-32.42694,0.002172982987481159,5.337160312063761e-05
-32.40703,0.0022235635058964953,5.559516662653405e-05
-32.38702,0.0022032198473924828,5.7798386473926176e-05
-32.36704,0.002431642235516713,6.0230028709443335e-05
-32.34715,0.002676573081397321,6.290660179083998e-05
-32.32721,0.002673679509328539,6.55802813001689e-05
-32.30721,0.002477270545281956,6.805755184545025e-05
-32.28716,0.0022774922976959264,7.03350441431461e-05
-32.26711,0.002134727024045982,7.246977116719296e-05
-32.24713,0.002079217676321588,7.454898884351382e-05
-32.22705,0.0018852308885569115,7.64342197320713e-05
-32.20702,0.001825976164176549,7.826019589624728e-05
-32.187,0.0017841557558460638,8.004435165209333e-05
-32.16698,0.0019816670107842046,8.202601866287747e-05
-32.14702,0.002276164344387411,8.430218300726523e-05
-32.12711,0.002384733517793723,8.668691652505885e-05
-32.10707,0.0021927827757850797,8.887969930084384e-05
-32.08698,0.001946314345912253,9.082601364675605e-05
-32.06694,0.0017769412265709898,9.260295487332777e-05
-32.04695,0.0016096832083452393,9.421263808167234e-05
-32.02689,0.0014034531224374602,9.561609120410999e-05
-32.00682,0.0014586287916661571,9.707471999577649e-05
-31.98688,0.001886268930839955,9.896098892661631e-05
-31.967,0.0022960878291063067,0.00010125707675572287
-31.94713,0.0024923157367524105,0.00010374939249247535
-31.92711,0.0021786817419736696,0.00010592807423444924
-31.90711,0.0022884196447584106,0.00010821649387920788
-31.88706,0.0024143551241249638,0.00011063084900333293
-31.86729,0.002908661355224642,0.00011353951035855724
-31.84723,0.002869270181527975,0.00011640878054008539
-31.82736,0.0031103205202841666,0.0001195191010603695
-31.80736,0.002942920457934948,0.0001224620215183039
-31.78737,0.002891586993171648,0.00012535360851147594
-31.7673,0.002644384599804922,0.00012799799311128107
-31.74728,0.00258998020880965,0.00013058797332009047
-31.7273,0.0026145523732324836,0.00013320252569332287
-31.70731,0.0027875392050672578,0.00013599006489839038
-31.68733,0.003101626219611437,0.0001390916911180014
-31.66745,0.0032563893615241007,0.00014234808047952586
-31.64752,0.0030929365185071427,0.00014544101699803325
-31.62737,0.002681534601202699,0.000148122551599236
-31.60735,0.002309269077731727,0.00015043182067696727
-31.58724,0.0020035940303402646,0.0001524354147073078
-31.56711,0.0018208149610327616,0.00015425622966834052
-31.54714,0.0018355080274004363,0.000156091737695741
-31.52704,0.001875625202434805,0.00015796736289817566
-31.50711,0.0022964916265625765,0.0001602638545247382
-31.48718,0.0026038525347013724,0.00016286770705943934
-31.46729,0.002953330047441635,0.00016582103710688096
-31.44733,0.003178839725811399,0.00016899987683269193
-31.42741,0.0033098390031522317,0.000172309715835844
-31.40747,0.0033340051748829073,0.00017564372101072688
-31.38745,0.0032499228499951217,0.00017889364386072196
-31.36751,0.0033247824121204477,0.0001822184262728426
-31.34746,0.0033808684576648817,0.0001855992947305072
-31.32756,0.003664631876834791,0.00018926392660734235
-31.3076,0.003662957031331255,0.0001929268836386739
-31.2876,0.003822089248015864,0.00019674897288668967
-31.26756,0.0038935275122819945,0.00020064250039897183
-31.24765,0.003978775672695235,0.00020462127607166715
-31.22757,0.0038711850715227396,0.00020849246114318983
-31.20757,0.0035612943086236275,0.00021205375545181376
-31.18759,0.0032932799657411993,0.0002153470354175546
-31.16739,0.003119541654153568,0.0002184665770717082
-31.14757,0.003705679827335986,0.00022217225689904379
-31.12763,0.0036730518767985085,0.00022584530877584226
-31.10773,0.003971421267012876,0.00022981673004285504
-31.08754,0.0037251306874581482,0.00023354186073031285
-31.06781,0.004143326668477337,0.00023768518739879013
-31.04761,0.0038484114443723843,0.0002415335988431625
-31.0277,0.004049886902730229,0.0002455834857458929
-31.00758,0.003708927325087902,0.00024929241307098055
-30.9876,0.003759127909142464,0.0002530515409801229
-30.96759,0.0036730163002276044,0.0002567245572803506
-30.94757,0.0037562113049992643,0.0002604807685853499
-30.92766,0.0037762230608756366,0.0002642569916462257
-30.90764,0.0036543147580228434,0.00026791130640424834
-30.88757,0.003752532304437296,0.00027166383870868595
-30.86762,0.004030326406383761,0.00027569416511506956
-30.84779,0.00432307950410109,0.00028001724461917043
-30.82779,0.004090956831889401,0.0002841082014510602
-30.80779,0.0037709650421864542,0.0002878791664932467
-30.78763,0.003619363828766545,0.00029149853032201314
-30.7677,0.003994197621543964,0.0002954927279435575
-30.74785,0.004305569761736262,0.00029979829770529357
-30.7278,0.004373043555521407,0.0003041713412608154
-30.70787,0.004597256961214332,0.0003087685982220297
-30.68796,0.004459041741700997,0.000313227639963731
-30.66808,0.0043213410282826135,0.0003175489809920133
-30.64786,0.003883179360171586,0.00032143216035218506
-30.62795,0.003910898385567711,0.0003253430587377526
-30.60786,0.003695123296685654,0.0003290381820344381
-30.58783,0.0038719259819565213,0.00033291010801639494
-30.56783,0.004014126764326273,0.0003369242347807215
-30.54796,0.004316177652426994,0.00034124041243314843
-30.52795,0.004561883489480629,0.00034580229592262894
-30.508,0.004650952767164391,0.0003504532486897937
-30.4881,0.0045734100632357005,0.00035502665875302916
-30.46791,0.0045431951457360125,0.0003595698538987652
-30.44806,0.004786839527523894,0.00036435669342628875
-30.42815,0.004807557676483534,0.0003691642511027722
-30.40808,0.004527191559709361,0.00037369144266248197
-30.38814,0.004303267214821295,0.00037799470987730276
-30.368,0.004248364343168584,0.00038224307422047134
-30.34816,0.00457463577499862,0.0003868177099954702
-30.32823,0.004579108787592553,0.00039139681878306264
-30.30808,0.0045370657700767765,0.0003959338845531393
-30.28812,0.00480142345775536,0.0004007353080108947
-30.2682,0.005133627392454423,0.00040586893540334873
-30.24825,0.005596638313529099,0.000411465573716878
-30.22833,0.005896968459590097,0.00041736254217646833
-30.20842,0.005775584478254614,0.0004231381266547227
-30.18839,0.0052064460308641385,0.0004283445726855871
-30.16817,0.00455887625167629,0.00043290344893726334
-30.14809,0.0041542158023217535,0.0004370576647395848
-30.12808,0.003919810317578301,0.00044097747505716326
-30.10794,0.003886918463450358,0.00044486439352061334
-30.08797,0.00416929921548673,0.0004490336927361
-30.06809,0.0047330395116159845,0.000453766732247716
-30.04822,0.005475996271731116,0.0004592427285194469
-30.02847,0.0060138483044165575,0.0004652565768238637
-30.00859,0.005956267543712635,0.00047121284436757666
-29.98851,0.005616176386410772,0.0004768290207539873
-29.96845,0.005479555839754228,0.00048230857659374137
-29.94846,0.005510509042381472,0.00048781908563612277
-29.92851,0.005474459072954563,0.0004932935447090774
-29.90837,0.00526686772536063,0.000498560412434438
-29.88829,0.005322315776174182,0.0005038827282106122
-29.86836,0.005415957367471482,0.0005092986855780839
-29.84844,0.005167401259819487,0.0005144660868379031
-29.82826,0.0047550665212743965,0.0005192211533591776
-29.80811,0.00481366007783378,0.0005240348134370114
-29.78827,0.005322556556659739,0.0005293573699936714
-29.7684,0.005539889863545825,0.0005348972598572168
-29.7484,0.005381231114154771,0.000540278490971372
-29.7283,0.005116976561447894,0.0005453954675328195
-29.70836,0.005166279120643336,0.0005505617466534632
-29.68839,0.005413798629984434,0.0005559755452834475
-29.66846,0.00581157542085501,0.0005617871207043022
-29.64856,0.006139938395196756,0.0005679270590994989
-29.62865,0.00636135257260624,0.0005742884116721053
-29.60873,0.006231066332023696,0.0005805194780041287
-29.58872,0.005889172698043359,0.0005864086507021723
-29.56856,0.005777156528444872,0.0005921858072306173
-29.54862,0.006059408036861491,0.000598245215267479
-29.52872,0.0063508912037207555,0.0006045961064711997
-29.5087,0.00655695148141509,0.0006111530579526151
-29.48874,0.006747074690929622,0.0006179001326435448
-29.46886,0.006857931700506996,0.0006247580643440518
-29.44884,0.006687793046429988,0.000631445857390482
-29.42886,0.006329950989309445,0.0006377758083797916
-29.40872,0.006099116751006128,0.0006438749251307975
-29.3887,0.006269945503235816,0.0006501448706340333
-29.36887,0.006651467036684706,0.0006567963376707181
-29.34879,0.006540633798896701,0.0006633369714696149
-29.32884,0.006680424318167733,0.0006700173957877825
-29.30869,0.006439612936866579,0.0006764570087246491
-29.2889,0.006597832299716793,0.0006830548410243658
-29.26871,0.006292373965492565,0.0006893472149898587
-29.24881,0.0066296788277001055,0.0006959768938175587
-29.22887,0.0067586501485650645,0.0007027355439661238
-29.20895,0.007226794107591625,0.000709962338073715
-29.18897,0.007246702723628396,0.0007172090407973437
-29.1691,0.007215653183132063,0.0007244246939804755
-29.14896,0.006355510909004472,0.0007307802048894803
-29.12888,0.005698197339417593,0.0007364784022288978
-29.10848,0.005159234659375214,0.0007416376368882729
-29.08855,0.005680497771371229,0.0007473181346596444
-29.06868,0.0059893531516182355,0.0007533074878112622
-29.04869,0.006146107655727818,0.0007594535954669902
-29.02872,0.006301990819457355,0.0007657555862864472
-29.00879,0.006583030019211189,0.0007723386163056584
-28.98903,0.007162605658464885,0.0007795012219641234
-28.96904,0.007595946457576318,0.0007870971684216994
-28.94925,0.008078633149931994,0.0007951758015716311
-28.92929,0.008227775380881807,0.000803403576952513
-28.9093,0.008340988187834771,0.0008117445651403478
-28.8894,0.008153566140491479,0.0008198981312808394
-28.86937,0.0076373774182524005,0.0008275355086990919
-28.84915,0.007429333320521393,0.0008349648420196134
-28.82913,0.007724792674341947,0.0008426896346939551
-28.80934,0.007914631441153471,0.0008506042661351088
-28.78923,0.00768244690952727,0.0008582867130446357
-28.76907,0.007369076255436639,0.0008656557893000727
-28.74912,0.00714717727072174,0.0008728029665707945
-28.7291,0.007042677793202644,0.0008798456443639972
-28.709,0.007003427859405975,0.0008868490722234029
-28.68907,0.007114393938192175,0.0008939634661615952
-28.66904,0.006944861544372522,0.000900908327705968
-28.64908,0.006951601434364094,0.000907859929140332
-28.62897,0.006829977776102759,0.000914689906916435
-28.60909,0.007085487736776754,0.0009217753946532117
-28.58911,0.00719623905085857,0.0009289716337040703
-28.56915,0.007568804036648189,0.0009365404377407187
-28.54924,0.00796772497430848,0.0009445081627150269
-28.52934,0.008324021011757917,0.0009528321837267853
-28.50945,0.008591480732143102,0.0009614236644589283
-28.48949,0.00853156259364526,0.0009699552270525731
-28.46957,0.008432811592138845,0.0009783880386447122
-28.44946,0.008156693181177496,0.0009865447318258896
-28.42947,0.008259445011758886,0.0009948041768376484
-28.4095,0.008193626923529049,0.0010029978037611772
-28.38945,0.008247813596854005,0.0010112456173580315
-28.36937,0.008137275332958252,0.0010193828926909898
-28.34941,0.008295801538085188,0.001027678694229075
-28.32936,0.008489302981323124,0.0010361679972103982
-28.30953,0.008849865278804544,0.001045017862489203
-28.28958,0.0087246148320455,0.0010537424773212484
-28.26956,0.008225262199686455,0.001061967739520935
-28.24944,0.007538027378518325,0.0010695057668994533
-28.22923,0.0069938642169648695,0.0010764996311164177
-28.2092,0.006886963309737294,0.0010833865944261554
-28.18913,0.006896903215107938,0.0010902834976412633
-28.16916,0.00716689426835332,0.0010974503919096166
-28.14919,0.007420409636512574,0.001104870801546129
-28.12924,0.007738235883217734,0.0011126090374293466
-28.10933,0.008025268025713454,0.0011206343054550602
-28.0894,0.008350460942196656,0.0011289847663972568
-28.06952,0.008645585080882935,0.0011376303514781397
-28.04964,0.008669404403644181,0.0011462997558817837
-28.0296,0.008588909615580492,0.0011548886654973644
-28.00957,0.008761844859604361,0.001163650510356969
-27.98969,0.009063635625971556,0.0011727141459829406
-27.96977,0.009292515683626315,0.0011820066616665668
-27.94971,0.00940065261334258,0.0011914073142799096
-27.92986,0.009441716069202938,0.0012008490303491125
-27.90987,0.009110602161177579,0.0012099596325102898
-27.88977,0.008703386617932834,0.001218663019128223
-27.86969,0.00830899932417532,0.0012269720184523982
-27.84963,0.008133875725154182,0.0012351058941775521
-27.82958,0.008033924350073822,0.0012431398185276262
-27.80957,0.008034431882585232,0.0012511742504102115
-27.78951,0.00820015628747666,0.0012593744066976883
-27.76961,0.008584508234898357,0.0012679589149325867
-27.74973,0.008889747593482034,0.0012768486625260689
-27.72974,0.008953899976843694,0.0012858025625029127
-27.70982,0.008955221184286813,0.0012947577836871994
-27.68976,0.008649027444458791,0.001303406811131658
-27.66975,0.008613081438940053,0.001312019892570598
-27.64966,0.008518016366729228,0.0013205379089373274
-27.62976,0.008874735939026058,0.0013294126448763536
-27.60973,0.0091003731653828,0.0013385130180417364
-27.58987,0.00941813931812678,0.0013479311573598631
-27.56989,0.009414117686693568,0.001357345275046557
-27.5499,0.009369708261240454,0.0013667149833077974
-27.52998,0.009155703855899026,0.0013758706871636966
-27.50987,0.009023755896179732,0.0013848944430598763
-27.48987,0.009008252431107741,0.001393902695490984
-27.46999,0.009058191666029053,0.0014029608871570128
-27.44986,0.008957798620194576,0.0014119186857772074
-27.42996,0.009031897383774117,0.0014209505831609816
-27.40993,0.008917518701586389,0.0014298681018625682
-27.38991,0.008887303895230871,0.0014387554057577988
-27.36997,0.009020963272857388,0.0014477763690306563
-27.34998,0.00905165600072972,0.001456828025031386
-27.33011,0.009217733217139631,0.0014660457582485256
-27.31006,0.00921872650119714,0.0014752644847497226
-27.29015,0.00940378687271441,0.001484668271622437
-27.27023,0.009444329014445734,0.0014941126006368828
-27.25017,0.009571868804489007,0.001503684469441372
-27.23021,0.009832322065139724,0.0015135167915065117
-27.21033,0.00985024137610846,0.00152336703288262
-27.19022,0.009671394953113177,0.0015330384278357334
-27.17011,0.009619820314329312,0.0015426582481500627
-27.15015,0.00978125013787119,0.0015524394982879336
-27.13016,0.009779661956492236,0.001562219160244426
-27.11018,0.009646070489844626,0.0015718652307342706
-27.09007,0.009501534172518157,0.0015813667649067888
-27.07018,0.009651004978399736,0.0015910177698851883
-27.05028,0.009616424481470653,0.0016006341943666591
-27.0302,0.00950057268169331,0.0016101347670483524
-27.01024,0.00954931713303027,0.0016196840841813825
-26.99036,0.00959858172822719,0.0016292826659096101
-26.97038,0.009822120590736635,0.0016391047865003468
-26.95039,0.010024698193430668,0.0016491294846937773
-26.93057,0.010029099877445283,0.0016591585845712226
-26.91054,0.009953364373431892,0.0016691119489446542
-26.8904,0.010030334255927172,0.0016791422832005817
-26.87065,0.010470793801376622,0.0016896130770019586
-26.85056,0.010460678249291578,0.0017000737552512503
-26.83064,0.010584717250681552,0.001710658472501932
-26.81055,0.010385701549665711,0.0017210441740515975
-26.7905,0.010519147064323156,0.001731563321115921
-26.77065,0.010703960747805647,0.0017422672818637264
-26.75063,0.010535239082580928,0.0017528025209463073
-26.73067,0.01058684456961642,0.0017633893655159237
-26.71051,0.010430551462555051,0.001773819916978479
-26.69067,0.010600861333537891,0.001784420778312017
-26.67055,0.01028334334882956,0.0017947041216608466
-26.65051,0.0103010763425183,0.0018050051980033647
-26.63048,0.010537974249716957,0.0018155431722530818
-26.6106,0.010881498018958416,0.0018264246702720402
-26.59076,0.011003429294630648,0.0018374280995666708
-26.57056,0.010802920858434314,0.0018482310204251053
-26.55068,0.010951080900267151,0.0018591821013253726
-26.53073,0.010857742862151845,0.0018700398441875246
-26.5107,0.010946091868688666,0.0018809859360562134
-26.49071,0.010935935932446747,0.00189192187198866
-26.47078,0.010838252204031375,0.0019027601241926916
-26.45067,0.010742876242699964,0.0019135030004353913
-26.4306,0.010804591773027686,0.0019243075922084191
-26.41071,0.010884962347770833,0.0019351925545561897
-26.39066,0.010807501791474113,0.0019460000563476638
-26.37064,0.010702710151863996,0.0019567027664995277
-26.35066,0.010644760667589681,0.001967347527167117
-26.33064,0.010681992802509296,0.001978029519969627
-26.3107,0.010840482376725672,0.0019888700023463525
-26.29068,0.01112093726958804,0.0019999909396159407
-26.27074,0.011525415735526375,0.002011516355351467
-26.25098,0.011776314459050315,0.0020232926698105173
-26.23091,0.011548456412753535,0.002034841126223271
-26.21088,0.011606389410934533,0.0020464475156342053
-26.19087,0.01176839130350523,0.0020582159069377107
-26.17102,0.0121569313715635,0.002070372838309274
-26.151,0.012017334597361849,0.002082390172906636
-26.13103,0.011650596536036138,0.002094040769442672
-26.11084,0.010954647192784267,0.0021049954166354563
-26.09078,0.010569628751316817,0.002115565045386773
-26.07063,0.010479201324048457,0.0021260442467108216
-26.05068,0.010690685788712994,0.0021367349324995346
-26.03078,0.010945776203080165,0.0021476807087026147
-26.0107,0.011043610875465475,0.00215872431957808
-25.99085,0.011291533996664712,0.0021700158535747447
-25.97089,0.011146552360186706,0.0021811624059349314
-25.95091,0.011211440648634293,0.002192373846583566
-25.93091,0.011259741655910985,0.002203633588239477
-25.91107,0.011784471613169567,0.0022154180598526465
-25.89111,0.01219634905007588,0.0022276144089027226
-25.87134,0.01264400481815118,0.0022402584137208737
-25.85133,0.012828342058194383,0.0022530867557790674
-25.83141,0.013013235283754936,0.0022660999910628227
-25.81154,0.013082263631878914,0.0022791822546947013
-25.79138,0.012938921244435965,0.0022921211759391372
-25.77148,0.013073558784883433,0.0023051947347240208
-25.75145,0.012879284521735207,0.002318074019245756
-25.7314,0.012714555959658069,0.002330788575205414
-25.71132,0.012321989385190728,0.0023431105645906045
-25.69119,0.012054156115231723,0.002355164720705836
-25.67119,0.011961010158293501,0.0023671257308641295
-25.65115,0.011870079373292312,0.0023789958102374215
-25.63109,0.01195229165956825,0.00239094810189699
-25.6111,0.011955936149184972,0.0024029040380461747
-25.5912,0.011895384293918324,0.002414799422340093
-25.57106,0.011679891475316282,0.0024264793138154095
-25.55112,0.011777723002587935,0.0024382570368179975
-25.53113,0.011875600908457155,0.002450132637726455
-25.51114,0.01196602359652878,0.0024620986613229836
-25.49117,0.012046640978992745,0.002474145302301976
-25.47112,0.011911955063087724,0.002486057257365064
-25.45125,0.012041070880975254,0.002498098328246039
-25.43109,0.012118557207848515,0.0025102168854538877
-25.41129,0.012562512367780328,0.002522779397821668
-25.39137,0.012528904271438613,0.0025353083020931066
-25.37128,0.012553698699309588,0.002547862000792416
-25.3513,0.01261632540002596,0.0025604783261924426
-25.33139,0.012514317959831068,0.0025729926441522737
-25.31134,0.012420609429017081,0.0025854132535812905
-25.29126,0.012386866914496966,0.0025978001204957873
-25.27142,0.012681961928374102,0.002610482082424161
-25.2514,0.012926595183261051,0.0026234086776074222
-25.23154,0.013344770351622001,0.0026367534479590444
-25.21162,0.013591731096140017,0.002650345179055185
-25.1917,0.014019549159311914,0.0026643647282144963
-25.17189,0.014219496025273611,0.00267858422423977
-25.15201,0.013998088565115512,0.002692582312804885
-25.13185,0.013575697186022005,0.002706158009990907
-25.11179,0.013396734179286288,0.0027195547441701932
-25.0918,0.013288453765396627,0.0027328431979355902
-25.07172,0.013107954773954808,0.0027459511527095446
-25.05159,0.013061988326865549,0.0027590131410364102
-25.03153,0.013315621347989583,0.0027723287623843997
-25.01164,0.013645127542344756,0.002785973889926745
-24.99168,0.013725168587306089,0.002799699058514051
-24.97159,0.013682863898354996,0.0028133819224124062
-24.95169,0.013721885980311403,0.0028271038083927174
-24.93175,0.013780860142601058,0.0028408846685353184
-24.91171,0.013961514050341194,0.0028548461825856596
-24.89183,0.01430400216062742,0.002869150184746287
-24.87192,0.014540401339258258,0.002883690586085545
-24.85205,0.014528827202528093,0.0028982194132880735
-24.83205,0.014335583068137531,0.002912554996356211
-24.81194,0.014347004420383157,0.002926902000776594
-24.79213,0.014685221920750495,0.002941587222697345
-24.7722,0.014742206554525654,0.0029563294292518703
-24.75218,0.014626388456121079,0.0029709558177079915
-24.73212,0.014493706201533892,0.0029854495239095254
-24.71208,0.014520870870117396,0.0029999703947796424
-24.69219,0.014683813110805497,0.003014654207890448
-24.67214,0.014762042103589524,0.0030294162499940377
-24.65218,0.015005853915249353,0.0030444221039092867
-24.63226,0.015114582557092688,0.0030595366864663797
-24.61227,0.01503755080796878,0.0030745742372743482
-24.59222,0.014933791043123309,0.0030895080283174716
-24.57222,0.014698869585652787,0.0031042068979031242
-24.55226,0.014538456115623627,0.003118745354018748
-24.53209,0.014412680057099411,0.0031331580340758476
-24.51216,0.014844997641543466,0.0031480030317173908
-24.49225,0.01516525096841267,0.0031631682826858036
-24.47234,0.015471727434276501,0.00317864001012008
-24.45232,0.015112468241226923,0.003193752478361307
-24.43231,0.014811945672110098,0.003208564424033417
-24.41206,0.01457562610968724,0.0032231400501431043
-24.39223,0.015095684389597108,0.0032382357345327015
-24.37228,0.015252953952203066,0.003253488688484904
-24.3524,0.015367075279778696,0.003268855763764683
-24.33231,0.015120311626421794,0.003283976075391105
-24.3123,0.01512629430268383,0.0032991023696937885
-24.29242,0.015249269709962092,0.003314351639403751
-24.2724,0.015411455145197619,0.0033297630945489484
-24.25249,0.015682420759765878,0.0033454455153087144
-24.23251,0.015652927534131243,0.0033610984428428456
-24.21254,0.015547099605526174,0.003376645542448372
-24.19244,0.015398510824495377,0.0033920440532728673
-24.1725,0.01552198890133555,0.003407566042174203
-24.15254,0.015523330834312439,0.0034230893730085154
-24.13254,0.015533029040564875,0.0034386224020490803
-24.11246,0.015331374082946153,0.0034539537761320263
-24.09253,0.015336115392297208,0.0034692898915243235
-24.0724,0.015395711439134147,0.0034846856029634573
-24.05254,0.015830395302490485,0.0035005159982659483
-24.03261,0.016087489433892283,0.0035166034876998402
-24.01265,0.016214284362748643,0.003532817772062589
-23.99272,0.01621611052146975,0.003549033882584059
-23.97267,0.016037920333221052,0.00356507180291728
-23.95271,0.016326549601226197,0.003581398352518506
-23.93268,0.016675302045145078,0.003598073654563651
-23.9129,0.017215485405022973,0.003615289139968674
-23.8929,0.017056177010800023,0.003632345316979474
-23.87285,0.016783562767247812,0.003649128879746722
-23.85275,0.016451447863443575,0.0036655803276101654
-23.83273,0.01625212343535976,0.003681832451045525
-23.81274,0.016062588349111357,0.0036978950393946365
-23.79257,0.01602934223105234,0.003713924381625689
-23.77266,0.016133717701376733,0.0037300580993270653
-23.75276,0.016219844219318266,0.003746277943546384
-23.73259,0.016278757459960908,0.003762556701006345
-23.71285,0.016426601490407835,0.0037789833024967526
-23.69281,0.016151536761313583,0.003795134839258066
-23.67268,0.016035556434325946,0.003811170395692392
-23.65277,0.016170036162144266,0.0038273404318545363
-23.63275,0.016343244088026405,0.003843683675942563
-23.61289,0.016761907070441343,0.003860445583013004
-23.59287,0.01671386443936009,0.003877159447452364
-23.57297,0.01664475612861709,0.0038938042035809813
-23.55283,0.01634296808947156,0.003910147171670453
-23.53285,0.016378463059929686,0.003926525634730382
-23.51288,0.01655694556929378,0.003943082580299676
-23.49291,0.01690919554930229,0.003959991775848978
-23.47307,0.01745665142018914,0.003977448427269168
-23.45314,0.017829274541979884,0.003995277701811148
-23.43333,0.018085274597243704,0.004013362976408391
-23.41333,0.017894807648444526,0.004031257784056836
-23.39325,0.01754459295923047,0.004048802377016067
-23.37322,0.01710691743069937,0.004065909294446766
-23.35301,0.016651735682922508,0.004082561030129688
-23.33295,0.016511124369401838,0.00409907215449909
-23.31291,0.016352166933420058,0.00411542432143251
-23.29285,0.016316474508877056,0.0041317407959413875
-23.27283,0.016384057441258152,0.004148124853382645
-23.2529,0.016538445891325068,0.00416466329927397
-23.23297,0.016809255666392693,0.004181472554940363
-23.21303,0.017086296032276606,0.004198558850972639
-23.19318,0.017466522196928812,0.004216025373169568
-23.17326,0.017735318705151527,0.00423376069187472
-23.15338,0.018006932895137096,0.004251767624769857
-23.13341,0.018122846407883475,0.00426989047117774
-23.11345,0.018100755430592978,0.004287991226608333
-23.09348,0.017970538740223963,0.004305961765348558
-23.07341,0.01784590344359825,0.004323807668792156
-23.05344,0.017868442179183344,0.004341676110971339
-23.03345,0.017839920550916162,0.004359516031522255
-23.0134,0.017926966881950966,0.004377442998404206
-22.99345,0.0182116397377877,0.004395654638141994
-22.97359,0.01840211707379476,0.004414056755215789
-22.95361,0.01855514391393223,0.004432611899129721
-22.93358,0.018546480305977917,0.004451158379435698
-22.91371,0.018474996911586293,0.004469633376347285
-22.89359,0.01828012403390006,0.004487913500381185
-22.87358,0.018273649111260046,0.004506187149492445
-22.85364,0.01840603142888316,0.004524593180921329
-22.83359,0.018611807019796346,0.004543204987941125
-22.81377,0.018831692116507495,0.004562036680057632
-22.79373,0.018664969180705142,0.004580701649238337
-22.77368,0.018701610129968602,0.004599403259368306
-22.75374,0.0188034872805873,0.0046182067466488935
-22.73384,0.018959401323454587,0.004637166147972348
-22.71385,0.01882828105796958,0.0046559944290303175
-22.69383,0.018763760384368056,0.0046747581894146855
-22.67375,0.018788690585210124,0.004693546879999896
-22.65392,0.019063456930624507,0.004712610336930521
-22.63391,0.019076939091367987,0.0047316872760218886
-22.61394,0.019164504833779527,0.004750851780855668
-22.59399,0.019010875481734555,0.0047698626563374025
-22.57398,0.019030482723606666,0.004788893139061009
-22.55394,0.01915038835473768,0.004808043527415747
-22.53412,0.0193223905207834,0.00482736591793653
-22.51408,0.019119284964948177,0.004846485202901478
-22.49399,0.019077673908156522,0.004865562876809635
-22.47401,0.01926885620224213,0.004884831733011877
-22.45416,0.019588924285105308,0.004904420657296982
-22.43427,0.019730289280611518,0.004924150946577594
-22.41423,0.0196068472327829,0.004943757793810377
-22.39427,0.019724039906250778,0.0049634818337166275
-22.37427,0.01978695017236884,0.004983268783888996
-22.35442,0.019901884186728197,0.0050031706680757244
-22.33426,0.019619648911153746,0.005022790316986879
-22.31424,0.019706973486817998,0.005042497290473696
-22.29428,0.019733550350212643,0.00506223084082391
-22.27429,0.01997669464333401,0.0050822075354672435
-22.25429,0.02011088753697081,0.005102318423004214
-22.23439,0.020333213968616325,0.00512265163697283
-22.21443,0.020371107319457772,0.005143022744292288
-22.1945,0.020369334054957382,0.0051633920783472455
-22.17445,0.020283660714923765,0.0051836757390621695
-22.15442,0.020301370324022173,0.005203977109386191
-22.13451,0.020328920356703833,0.005224306029742895
-22.11443,0.020271240204973038,0.005244577269947868
-22.09447,0.02051002506294299,0.005265087295010811
-22.07452,0.02083905458120741,0.005285926349592018
-22.05467,0.021403708166905254,0.005307330057758923
-22.03478,0.02164751844388329,0.005328977576202807
-22.01489,0.02172016423513221,0.005350697740437939
-21.99481,0.021280273581947763,0.005371978014019887
-21.97484,0.021045325404841865,0.005393023339424729
-21.95467,0.020645097611812883,0.0054136684370365415
-21.93474,0.020836316269302806,0.0054345047533058445
-21.91466,0.020939947078611246,0.0054554447003844556
-21.89484,0.021069960425738377,0.005476514660810194
-21.87479,0.02093842306856267,0.0054974530838787575
-21.85466,0.020741436070297395,0.005518194519949054
-21.83485,0.020744702668059892,0.005538939222617114
-21.81462,0.020639527335914197,0.005559578749953028
-21.79477,0.021178121833968302,0.005580756871786997
-21.77493,0.0213961917498892,0.005602153063536886
-21.75497,0.021560389771623105,0.005623713453308509
-21.73496,0.021533598944237654,0.005645247052252746
-21.71497,0.0216106213062815,0.005666857673559028
-21.69499,0.02184008582307731,0.005688697759382105
-21.67508,0.022041814538908078,0.005710739573921013
-21.65512,0.022104883624917426,0.005732844457545931
-21.63512,0.02227156758337639,0.005755116025129308
-21.61519,0.02251156406918313,0.005777627589198491
-21.59531,0.022610028142364628,0.005800237617340855
-21.57527,0.02236318290216604,0.005822600800243021
-21.55522,0.021918884115936652,0.005844519684358958
-21.53514,0.021736695386706226,0.005866256379745664
-21.515,0.021965166509258807,0.005888221546254922
-21.49524,0.02259313484529971,0.005910814681100222
-21.47527,0.022833877095899884,0.005933648558196122
-21.45532,0.023190738560993223,0.005956839296757116
-21.43544,0.023322208442745625,0.005980161505199861
-21.41556,0.023316012096791277,0.006003477517296652
-21.39552,0.023147025103570255,0.006026624542400222
-21.37546,0.022926513114740962,0.0060495510555149635
-21.3555,0.02287755180620322,0.006072428607321167
-21.33539,0.022755735396016063,0.006095184342717183
-21.3154,0.022972991360322704,0.006118157334077505
-21.29538,0.02299063264714116,0.006141147966724646
-21.27548,0.023057809898676687,0.006164205776623323
-21.2554,0.022881249182865313,0.006187087025806188
-21.23541,0.022846378270763645,0.0062099334040769515
-21.21547,0.022792539358278883,0.006232725943435231
-21.1954,0.022801871938894172,0.006255527815374124
-21.17545,0.02308959742339282,0.006278617412797518
-21.15553,0.02353503782434939,0.006302152450621866
-21.13568,0.02390829455972983,0.006326060745181597
-21.11578,0.024072028457339963,0.006350132773638937
-21.09573,0.023859618191435745,0.006373992391830372
-21.07581,0.023559100319537462,0.006397551492149911
-21.05559,0.02323135414309359,0.0064207828462930034
-21.03551,0.023396231697835383,0.006444179077990839
-21.01563,0.02360018332547886,0.006467779261316317
-20.99562,0.023557211540363655,0.006491336472856681
-20.97557,0.023377814579782743,0.006514714287436465
-20.95554,0.023220701420282527,0.006537934988856747
-20.9355,0.02342518406174975,0.006561360172918497
-20.91559,0.023765399174702176,0.006585125572093199
-20.89575,0.02410182637834558,0.0066092273984715445
-20.87575,0.024270706936413432,0.006633498105407958
-20.85591,0.02437271568716668,0.006657870821095125
-20.83594,0.024152289480713386,0.006682023110575839
-20.81584,0.023965743674863718,0.006705988854250703
-20.79585,0.023936188253074243,0.006729925042503776
-20.77583,0.024086869838112576,0.006754011912341889
-20.75586,0.0243433051502867,0.006778355217492176
-20.73593,0.024683931690381012,0.006803039149182557
-20.71596,0.02475225744986608,0.006827791406632424
-20.69611,0.024849865269995827,0.006852641271902419
-20.676,0.024767222471132187,0.006877408494373551
-20.65614,0.025023517501979446,0.006902432011875531
-20.63622,0.025172020264578723,0.0069276040321401096
-20.61621,0.025379140050155038,0.006952983172190265
-20.59633,0.025717027813118333,0.006978700200003383
-20.57634,0.025809331803179833,0.007004509531806563
-20.55647,0.025933967620079997,0.007030443499426643
-20.53636,0.025804792223312136,0.007056248291649955
-20.51643,0.026063937501132266,0.007082312229151087
-20.49651,0.026292765953259675,0.007108604995104347
-20.47658,0.02647350315534235,0.00713507849825969
-20.45659,0.026337673548661393,0.007161416171808351
-20.43654,0.026137854937654425,0.007187554026746005
-20.41652,0.02593710997433273,0.007213491136720338
-20.39653,0.025657002770222613,0.0072391481394905605
-20.3764,0.025621239644008826,0.007264769379134569
-20.35635,0.025948942932700912,0.00729071832206727
-20.33661,0.026425140574078118,0.007317143462641349
-20.31657,0.026503775764746867,0.007343647238406095
-20.2966,0.026528708940040294,0.007370175947346136
-20.27666,0.026212122958668347,0.007396388070304804
-20.25656,0.026083216441690385,0.0074224712867464945
-20.23645,0.02611176198785732,0.0074485830487343516
-20.21664,0.026326158866672156,0.007474909207601024
-20.19658,0.02614974372429415,0.0075010589513253186
-20.17662,0.025980573649715448,0.007527039524975034
-20.15657,0.025836590160987036,0.0075528761151360205
-20.13658,0.02616283497741008,0.007579038950113431
-20.11684,0.026837159008921904,0.007605876109122353
-20.09692,0.027322614399502173,0.007633198723521856
-20.07719,0.027522265413833586,0.007660720988935689
-20.05718,0.02732972949751657,0.007688050718433205
-20.03706,0.027431142587847533,0.007715481861021053
-20.01727,0.02788700990423512,0.007743368870925288
-19.99733,0.028287803201267534,0.007771656674126555
-19.97739,0.028505454344185225,0.00780016212847074
-19.95744,0.028307611338274263,0.007828469739809015
-19.93729,0.027855857643311027,0.007856325597452326
-19.91722,0.027508906204202332,0.007883834503656529
-19.89713,0.027036765981579638,0.007910871269638109
-19.87698,0.026673687077564297,0.007937544956715673
-19.85686,0.02629969104103058,0.007963844647756704
-19.83681,0.02614766227630877,0.007989992310033011
-19.81671,0.026225018032685447,0.008016217328065699
-19.79686,0.026718756289838667,0.008042936084355537
-19.77696,0.027082412091383613,0.00807001849644692
-19.75708,0.02776273870650254,0.008097781235153421
-19.73718,0.028350062504309652,0.00812613129765773
-19.71758,0.02895037222756368,0.008155081669885295
-19.69762,0.028878067051853633,0.008183959736937148
-19.67767,0.02883979389959296,0.008212799530836742
-19.65768,0.0285074740134472,0.00824130700485019
-19.63765,0.028412629843547053,0.008269719634693737
-19.61752,0.028507710632294094,0.00829822734532603
-19.59766,0.028777375970427066,0.008327004721296456
-19.57774,0.028787889019782825,0.00835579261031624
-19.55766,0.028714014111902213,0.008384506624428141
-19.53769,0.02884215799306055,0.008413348782421202
-19.51775,0.02897366286021013,0.008442322445281411
-19.49783,0.029074653930478978,0.00847139709921189
-19.47775,0.02905476815354355,0.008500451867365436
-19.45787,0.029179565289078013,0.008529631432654512
-19.43793,0.029087195521504974,0.008558718628176018
-19.41789,0.02927463871736643,0.008587993266893384
-19.39789,0.02923191727380565,0.00861722518416719
-19.37814,0.029241226622568218,0.008646466410789758
-19.35785,0.028800091379245735,0.008675266502169003
-19.33797,0.02924627645236905,0.008704512778621373
-19.31802,0.029604398040860323,0.008734117176662233
-19.29829,0.03052183986590252,0.008764639016528136
-19.2784,0.03080682223463681,0.008795445838762773
-19.25861,0.031030246290788193,0.008826476085053561
-19.23845,0.030697536226587017,0.008857173621280148
-19.21848,0.030561789225865273,0.008887735410506014
-19.19835,0.030023586834078155,0.00891775899734009
-19.17825,0.029654145292408396,0.0089474131426325
-19.15808,0.029435352804045516,0.008976848495436545
-19.13802,0.02953404252000945,0.009006382537956555
-19.11812,0.029813940408499533,0.009036196478365056
-19.0981,0.029861536915470045,0.009066058015280525
-19.07822,0.030073789084280038,0.009096131804364804
-19.0582,0.030131394143312087,0.009126263198508115
-19.03838,0.030472903085571094,0.009156736101593687
-19.01843,0.03053695793350275,0.009187273059527191
-18.99854,0.030871838020890757,0.009218144897548082
-18.97856,0.031146556851784774,0.009249291454399865
-18.9588,0.031453972284550935,0.009280745426684417
-18.9388,0.03134388711757173,0.009312089313801987
-18.91878,0.031170374303587878,0.009343259688105576
-18.89877,0.03110173702207957,0.009374361425127656
-18.87871,0.031176135496299492,0.009405537560623956
-18.85883,0.03133696705704309,0.009436874527680997
-18.83878,0.031356206573590825,0.009468230734254589
-18.81876,0.03150061540245662,0.009499731349657045
-18.79889,0.03171878698071369,0.00953145013663776
-18.77884,0.03195964242361722,0.009563409779061376
-18.75897,0.03244960719820767,0.009595859386259585
-18.73912,0.03266768686121939,0.009628527073120802
-18.71919,0.0326720774776505,0.009661199150598454
-18.69916,0.03250771397329055,0.009693706864571744
-18.67914,0.03243199345310836,0.009726138858024853
-18.6592,0.03267622684777845,0.00975881508487263
-18.63919,0.03292365043064803,0.00979173873530328
-18.61935,0.03312302818046236,0.009824861763483742
-18.59927,0.032988799821264715,0.009857850563305006
-18.57929,0.033019258331401506,0.009890869821636408
-18.55934,0.03318841944257032,0.009924058241078977
-18.53938,0.033443623313387905,0.009957501864392366
-18.51952,0.033748468484414866,0.00999125033287678
-18.49951,0.03381047846972265,0.010025060811346503
-18.47961,0.03390936972738004,0.010058970181073882
-18.45969,0.03371741486267607,0.010092687595936558
-18.43962,0.033527288256145316,0.010126214884192703
-18.41953,0.033645906979467476,0.010159860791172173
-18.39958,0.03396360940767787,0.01019382440057985
-18.37978,0.0341299522021777,0.010227954352782027
-18.35968,0.03392388010203497,0.010261878232884061
-18.33963,0.03379942050374562,0.010295677653387809
-18.31973,0.03379084017347074,0.01032946849356128
-18.29968,0.03401738329428821,0.010363485876855568
-18.27976,0.03443777543897519,0.010397923652294541
-18.2599,0.03458066760298269,0.010432504319897524
-18.23991,0.0344831855801637,0.010466987505477688
-18.21983,0.03439349530182391,0.010501381000779512
-18.19988,0.03448747211099666,0.01053586847289051
-18.17989,0.03465128048547685,0.010570519753375987
-18.1599,0.034890139029233797,0.01060540989240522
-18.13997,0.03507882211488519,0.010640488714520106
-18.12007,0.03514808040185263,0.010675636794921959
-18.10007,0.03512101972380757,0.010710757814645765
-18.08008,0.035113942294778204,0.010745871756940544
-18.06014,0.0351458352882321,0.010781017592228777
-18.04016,0.0352266358142988,0.010816244228043075
-18.0202,0.03549622754245355,0.01085174045558553
-18.00029,0.03566407675838375,0.010887404532343912
-17.98035,0.03589442538843071,0.010923298957732343
-17.96031,0.035843718134003714,0.010959142675866347
-17.94046,0.03567633930166682,0.010994819015168014
-17.92027,0.03526467654108797,0.011030083691709103
-17.90015,0.03525322380438822,0.01106533691551349
-17.88023,0.035444809910523144,0.011100781725424013
-17.8602,0.03553924246627293,0.011136320967890287
-17.84027,0.0358938471041846,0.011172214814994471
-17.82028,0.036178080023544945,0.011208392895018016
-17.80058,0.03656454627219012,0.011244957441290206
-17.78056,0.03655121114392227,0.011281508652434128
-17.76061,0.03657471890958838,0.011318083371343718
-17.74072,0.03664606743369448,0.011354729438777411
-17.72072,0.03678199374433028,0.01139151143252174
-17.70088,0.037144511771208796,0.01142865594429295
-17.68094,0.037238726264518844,0.01146589467055747
-17.66106,0.03737306052140808,0.011503267731078877
-17.64107,0.03731966165118473,0.011540587392730062
-17.62111,0.037590579521234686,0.011578177972251295
-17.60118,0.03805782041789597,0.011616235792669193
-17.58136,0.03840674854510803,0.011654642541214299
-17.5614,0.03824067503746208,0.011692883216251762
-17.54123,0.037909251526327986,0.011730792467778091
-17.52115,0.03760786627575648,0.011768400334053845
-17.50115,0.03749486249646501,0.011805895196550311
-17.48096,0.037379395097616376,0.01184327459164793
-17.46111,0.03738638498275042,0.011880660976630677
-17.44104,0.037179085353503935,0.01191784006198418
-17.42099,0.03723057705868087,0.011955070639042862
-17.40109,0.037450261505542835,0.011992520900548406
-17.3811,0.037699146017135275,0.01203022004656554
-17.36121,0.03795977996897079,0.012068179826534513
-17.34123,0.03789870206073715,0.01210607852859525
-17.32121,0.037939799185395764,0.012144018327780646
-17.30125,0.038054180373188,0.01218207250815383
-17.28139,0.03835599128356428,0.012220428499437396
-17.26146,0.03851629712360158,0.012258944796560999
-17.24161,0.03901377017556304,0.012297958566736562
-17.22177,0.03953766518742428,0.012337496231923987
-17.20213,0.040150523642628284,0.012377646755566615
-17.18218,0.040318965658134184,0.01241796572122475
-17.16223,0.040391330465181244,0.01245835705168993
-17.14232,0.03984531780106096,0.012498202369490993
-17.12215,0.03921891794891835,0.012537421287439909
-17.10182,0.03887930461801935,0.012576300592057929
-17.08202,0.03916737187479042,0.01261546796393272
-17.062,0.039123444163173524,0.012654591408095894
-17.04201,0.03916751785617501,0.012693758925952068
-17.0219,0.039085844503149406,0.012732844770455217
-17.00203,0.03947290021929334,0.01277231767067451
-16.98216,0.0398940655424438,0.012812211736216956
-16.9623,0.040290118978158006,0.012852501855195111
-16.94246,0.04049815730860951,0.012893000012503722
-16.9225,0.04076455031444869,0.012933764562818171
-16.9026,0.041241169741412016,0.012975005732559584
-16.88283,0.041734540512902374,0.013016740273072487
-16.86293,0.0419097812537656,0.013058650054326253
-16.843,0.041837573528379385,0.01310048762785463
-16.82295,0.04156613011000362,0.013142053757964636
-16.8029,0.04132490835651836,0.013183378666321154
-16.78282,0.04101094505333084,0.013224389611374485
-16.76271,0.04057625614204707,0.013264965867516534
-16.74257,0.04016469269152014,0.013305130560208055
-16.72246,0.03979188646897897,0.013344922446677034
-16.70244,0.03963104477623637,0.01338455349145327
-16.68233,0.039636608819851246,0.013424190100273122
-16.66246,0.040105550680819946,0.013464295650953941
-16.64259,0.04053591677606302,0.013504831567730004
-16.62279,0.041147435775923995,0.013545979003505928
-16.60289,0.041550074600357235,0.013587529078106286
-16.58318,0.041996395331570915,0.013629525473437858
-16.56325,0.042078524695352774,0.013671603998133209
-16.54335,0.04236717184559458,0.013713971169978804
-16.52336,0.04267113412111814,0.013756642304099922
-16.50359,0.043078915382264396,0.013799721219482187
-16.48363,0.04306668534129354,0.013842787904823479
-16.46361,0.04274043494597796,0.013885528339769457
-16.44353,0.04263727632594135,0.0139281656160954
-16.42348,0.04248473845898358,0.01397065035455438
-16.4037,0.0428348958836661,0.014013485250438048
-16.38347,0.04298739966457428,0.014056472650102621
-16.36391,0.04397205556159651,0.014100444705664218
-16.34398,0.044425145377233646,0.014144869851041453
-16.32423,0.04519657221902548,0.014190066423260476
-16.3044,0.04528742907458072,0.014235353852335056
-16.28447,0.0451747779399424,0.014280528630275
-16.26445,0.04471741249912813,0.014325246042774128
-16.24437,0.04423073858744858,0.014369476781361575
-16.2242,0.04409742545507544,0.014413574206816653
-16.20424,0.044453085825907956,0.014458027292642558
-16.18443,0.04477443110123475,0.014502801723743793
-16.16454,0.04497379412432888,0.014547775517868122
-16.14446,0.04516585515632224,0.014592941373024446
-16.12468,0.04567079811011613,0.01463861217113456
-16.10478,0.046139370932857734,0.014684751542067418
-16.08492,0.046507539411083244,0.014731259081478501
-16.06502,0.04675285476253216,0.014778011936241033
-16.04497,0.04686688013878185,0.014824878816379814
-16.02519,0.04694216936103228,0.014871820985740847
-16.00508,0.04667588062785304,0.014918496866368699
-15.98503,0.04658127411641333,0.014965078140485113
-15.9651,0.04640507321218846,0.015011483213697302
-15.94502,0.04624761885020886,0.015057730832547512
-15.92497,0.04616897470022083,0.015103899807247731
-15.90505,0.046228493007571286,0.015150128300255302
-15.885,0.04642705802041836,0.015196555358275722
-15.86513,0.04679543022605099,0.015243350788501774
-15.84526,0.04687140240045466,0.01529022219090223
-15.82524,0.04688428286496207,0.015337106473767192
-15.80525,0.04695527230822044,0.01538406174607541
-15.78536,0.04721798840146464,0.015431279734476878
-15.76537,0.04738185274445802,0.015478661587221335
-15.74547,0.04749300828692827,0.015526154595508265
-15.72542,0.047363705108188124,0.01557351830061645
-15.7054,0.04731041650346346,0.015620828717119915
-15.68541,0.04729135826582835,0.015668120075385743
-15.6653,0.047225142565353824,0.015715345217951097
-15.64537,0.04748775802749389,0.01576283297597859
-15.62529,0.04773571050505465,0.015810568686483648
-15.60552,0.04840132081931213,0.01585897000730296
-15.58559,0.04867405881014,0.0159076440661131
-15.56581,0.048922065609322093,0.015956566131722423
-15.54579,0.048641249675585856,0.016005207381398007
-15.5258,0.04856724805219497,0.0160537746294502
-15.50578,0.04857431203701015,0.01610234894148721
-15.48598,0.048788107270271455,0.016151137048757484
-15.46599,0.04881670692806163,0.016199953755685545
-15.44591,0.048896709326591944,0.016248850465012135
-15.42598,0.048897586354985735,0.01629774805136712
-15.40596,0.04882505072650584,0.01634657310209363
-15.38588,0.048695808621926504,0.016395268910715553
-15.36592,0.048527974444247494,0.016443796885159803
-15.3459,0.0484239068227251,0.016492220791982527
-15.32585,0.04856139437774139,0.016540782186360268
-15.30599,0.04884683507935444,0.016589629021439622
-15.286,0.04904890391759342,0.016638677925357215
-15.26604,0.04938927578449618,0.016688067201141712
-15.24614,0.049638277221125175,0.016737705478362837
-15.22618,0.049829422218860095,0.016787534900581696
-15.20619,0.049962669540585584,0.016837497570122283
-15.18626,0.0502671142976023,0.016887764684419885
-15.16637,0.050670067649392615,0.016938434752069277
-15.14656,0.051066852504570014,0.016989501604573846
-15.12666,0.051084840515008195,0.017040586445088855
-15.10667,0.050980431088590523,0.017091566876177446
-15.08666,0.05098176442791426,0.01714254864060536
-15.06676,0.051158910323889285,0.01719370755092925
-15.04683,0.051347732603122344,0.017245055283532373
-15.02684,0.05128584215914624,0.01729634112569152
-15.00685,0.05114914613648354,0.017347490271828
-14.98674,0.05093052564230856,0.017398420797470313
-14.96678,0.05096869439329456,0.017449389491863605
-14.94676,0.05095215199435583,0.017500341643857963
-14.92677,0.05121407434190715,0.017551555718199868
-14.90685,0.051492142316806114,0.017603047860516675
-14.88701,0.05183805172712187,0.017654885912243796
-14.86705,0.05196531669557741,0.017706851228939374
-14.84712,0.052088009081785354,0.01775893923802116
-14.82716,0.05211567597717877,0.01781105491399834
-14.80721,0.052356543907003866,0.017863411457905345
-14.78731,0.05264088554676482,0.01791605234345211
-14.76744,0.05284919090670775,0.017968901534358817
-14.74745,0.05292644378798172,0.018021827978146797
-14.72752,0.05296640690848497,0.01807479438505528
-14.70757,0.05315493581610179,0.018127949320871382
-14.68764,0.05333305993655133,0.018181282380807937
-14.6678,0.05356429106249462,0.01823484667187043
-14.64772,0.053666424887431584,0.01828851309675786
-14.62785,0.054283046856535726,0.0183427961436144
-14.60799,0.054887701278294676,0.018397683844892692
-14.58827,0.05544423366158784,0.01845312807855428
-14.56834,0.05553629087288091,0.018508664369427164
-14.54829,0.0555443206358271,0.018564208690062988
-14.52843,0.05541248623502272,0.01861962117629801
-14.50832,0.05475756521674092,0.018674378741514754
-14.48814,0.05403943176101118,0.018728418173275762
-14.46782,0.053635339578108766,0.018782053512853874
-14.44786,0.05384979128038723,0.01883590330413426
-14.42796,0.054113888572206024,0.018890017192706464
-14.40791,0.05423007961877486,0.01894424727232524
-14.38802,0.054268658388322004,0.018998515930713562
-14.36803,0.05439594134058288,0.019052911872054143
-14.34813,0.05478190671226445,0.019107693778766408
-14.32835,0.05543280327735627,0.019163126582043763
-14.30849,0.05585702985460241,0.019218983611898367
-14.28874,0.05646263002847166,0.019275446241926838
-14.26875,0.056722871224787114,0.019332169113151627
-14.24907,0.057463381877052855,0.019389632495028678
-14.22905,0.057560738293447204,0.019447193233322124
-14.20931,0.057786361271737925,0.019504979594593862
-14.18904,0.057309112520813124,0.019562288707114676
-14.16911,0.05730406595859178,0.019619592773073267
-14.14903,0.05670790094097573,0.01967630067401424
-14.12892,0.05633771400131357,0.019732638388015557
-14.10866,0.05583760446803097,0.019788475992483588
-14.08873,0.05577396036689517,0.019844249952850484
-14.06859,0.05577802779526007,0.019900027980645742
-14.04869,0.056265154378747635,0.01995629313502449
-14.02885,0.05671871436392755,0.020013011849388418
-14.00902,0.05728434445946247,0.020070296193847877
-13.98918,0.05783625016216755,0.020128132444010047
-13.96941,0.0583432627935167,0.020186475706803562
-13.94957,0.058666496634109375,0.020245142203437674
-13.9297,0.058727416760004016,0.020303869620197677
-13.90974,0.05871796758909797,0.020362587587786776
-13.88973,0.05875631670807264,0.02042134390449485
-13.86983,0.05900889778567937,0.02048035280228053
-13.84987,0.05928329772907125,0.020539636100009598
-13.83,0.059597854079742156,0.02059923395408934
-13.81014,0.059699966321535236,0.020658933920410873
-13.79015,0.059805390293157006,0.020718739310704032
-13.77019,0.060146655325709994,0.020778885966029743
-13.75035,0.06056118161119095,0.020839447147640935
-13.73045,0.0608143310332253,0.02090026147867416
-13.7105,0.06101196128486798,0.020961273439959027
-13.6906,0.061176198435843675,0.02102244963839487
-13.67076,0.06131196278919594,0.02108376160118407
-13.65074,0.06151429615046028,0.021145275897334528
-13.63084,0.06171022567548557,0.021206986123010016
-13.61104,0.06183544147525906,0.021268821564485275
-13.59096,0.06177597793065681,0.021330597542415935
-13.57109,0.0619401274269706,0.021392537669842907
-13.55113,0.06204077954797664,0.021454578449390884
-13.53117,0.0622877735184532,0.021516866222909336
-13.51131,0.062435280555030594,0.02157930150346437
-13.49123,0.062391087951859235,0.02164169259141623
-13.47121,0.06245118257274037,0.02170414377398897
-13.45119,0.062482698035526016,0.021766626472024497
-13.43126,0.06257388795038021,0.021829200359974873
-13.41121,0.06257081528048782,0.021891771175255363
-13.39122,0.06256272625427305,0.021954333901509637
-13.37126,0.062405309015859126,0.022016739210525493
-13.35124,0.062405908449230205,0.022079145118974724
-13.33122,0.0625028370414116,0.022141647956016135
-13.31142,0.06272224417871386,0.022204370200194848
-13.2914,0.06272516282141298,0.02226709536301626
-13.2715,0.06295726716289866,0.02233005263017916
-13.2516,0.06316488035117138,0.02239321751053033
-13.23174,0.06362498227553393,0.022456842492805863
-13.21187,0.06385914661009424,0.02252070163941596
-13.192,0.06401111079680205,0.02258471275021276
-13.17192,0.06409041492605037,0.02264880316513881
-13.15205,0.06445075205475012,0.02271325391719356
-13.13219,0.0645040230733697,0.022777757940266926
-13.11214,0.06461518508845433,0.02284237312535538
-13.09215,0.0647538049460731,0.022907126930301454
-13.07231,0.06494745020259036,0.022972074380504044
-13.05229,0.06497473910631846,0.023037049119610364
-13.03224,0.06520334658858692,0.023102252466198948
-13.01241,0.06553076292173987,0.02316778322912069
-12.9926,0.06575273445713295,0.023233535963577818
-12.97258,0.06587941342260545,0.023299415377000428
-12.95268,0.06595258811475066,0.023365367965115177
-12.93279,0.06609490544590466,0.02343146287056108
-12.9128,0.06628537713459381,0.023497748247695675
-12.89296,0.06655246927421968,0.023564300716969896
-12.87294,0.06671884256167056,0.023631019559531567
-12.85304,0.06700406088488432,0.02369802362041645
-12.83318,0.06730295750898539,0.023765326577925436
-12.81325,0.06773772229092556,0.02383306430021636
-12.79341,0.06825138051589866,0.02390131568073226
-12.77364,0.06839325197043357,0.023969708932702696
-12.75365,0.06829559690233837,0.024038004529605035
-12.73363,0.0682750937177386,0.02410627962332277
-12.71373,0.06869889257949344,0.024174978515902265
-12.69386,0.06920895060949793,0.02424418746651176
-12.67406,0.06938476043970962,0.024313572226951474
-12.65404,0.06893827268593151,0.024382510499637404
-12.63387,0.06851379903204328,0.024451024298669445
-12.61388,0.06831949415840113,0.024519343792827848
-12.59389,0.06823522697700059,0.02458757901980485
-12.57378,0.06828353612715783,0.02465586255593201
-12.55382,0.06874935263995116,0.024724611908571958
-12.53404,0.06932371992444737,0.024793935628496407
-12.5143,0.07002837450429648,0.024863964003000703
-12.49443,0.07053967111868319,0.02493450367411939
-12.47481,0.07126107400599337,0.02500576474812538
-12.45494,0.071800852307699,0.02507756560043308
-12.43526,0.07245488237001287,0.025150020482803095
-12.41539,0.07268080499616418,0.025222701287799257
-12.39546,0.07277943962988198,0.02529548072742914
-12.37547,0.07274880885024862,0.02536822953627939
-12.35542,0.0726003951346935,0.025440829931414083
-12.3354,0.07250023663326137,0.025513330168047344
-12.31535,0.07231428314287927,0.025585644451190225
-12.2953,0.07237107576415626,0.02565801552695438
-12.27535,0.072330783906385,0.025730346310860765
-12.25539,0.07252795533212204,0.025802874266192887
-12.2354,0.07276101335753843,0.025875635279550425
-12.21568,0.07343265131176031,0.025949067930862185
-12.19576,0.07390945880890415,0.02602297738967109
-12.17604,0.07454095547090446,0.02609751834514199
-12.15617,0.07468606253228297,0.026172204407674277
-12.13628,0.07472643920733103,0.026246930846881608
-12.11629,0.07476643671998559,0.026321697283601595
-12.0963,0.07482344821696015,0.026396520731818557
-12.07649,0.07497705506095963,0.026471497786879513
-12.05635,0.0750487698434285,0.026546546556722943
-12.03648,0.07543066648635825,0.0266219772232093
-12.01662,0.07552141835661745,0.02669749864156592
-11.99657,0.07555546121812215,0.026773054102784043
-11.97661,0.07556894811711502,0.026848623050901157
-11.95668,0.0757590690090557,0.026924382119910214
-11.93672,0.076066508271827,0.02700044862818204
-11.91692,0.07649054207774997,0.02707693917025979
-11.89699,0.07655716289468355,0.027153496333154472
-11.87712,0.07678713785181365,0.027230283471006287
-11.8571,0.07697198000453886,0.027307255451010825
-11.83733,0.07734101272715953,0.027384596463737986
-11.8174,0.07752179772123315,0.02746211826145922
-11.79744,0.07770547386992287,0.02753982373532914
-11.7777,0.07792934734208902,0.02761775308267123
-11.75765,0.07783913218032863,0.027695592214851558
-11.73775,0.07813533951095654,0.027773727554362516
-11.71776,0.07830704475291031,0.02785203459911543
-11.69801,0.078924674769162,0.02793095927388459
-11.67806,0.07918529806278404,0.028010144571947372
-11.65825,0.07947760848922349,0.028089622180436598
-11.63826,0.07937522401157657,0.028168997404448174
-11.61824,0.07945315118049806,0.028248450555628673
-11.59828,0.07967316122408638,0.028328123716852758
-11.57832,0.07991411116654178,0.0284080378280193
-11.55846,0.07998650092493512,0.028488024328944237
-11.53838,0.07981299074060516,0.028567837319684843
-11.51836,0.07977789945866456,0.028647615219143507
-11.49843,0.08001848146467229,0.02872763370060818
-11.4785,0.0803984483791514,0.028808032148987334
-11.45876,0.0808074866296708,0.028888839635617003
-11.43886,0.08091370289645797,0.02896975333851346
-11.41896,0.08112633766646565,0.029050879676179926
-11.39909,0.08144668256187236,0.029132326358741797
-11.3792,0.08189741885197314,0.02921422377759377
-11.35939,0.08235576130454758,0.029296579538898318
-11.33943,0.08252966602356111,0.02937910920492188
-11.31953,0.08256884864618298,0.02946167805356806
-11.29948,0.08238800200003805,0.0295440660555681
-11.27953,0.08240395856227663,0.029626470014130376
-11.25954,0.08253754059478091,0.029709007554725157
-11.23961,0.08303543490383798,0.029792042989628998
-11.21977,0.08342780190725017,0.029875470791536244
-11.19997,0.08354291080454339,0.02995901370234079
-11.17998,0.08342689087168274,0.03004244059321247
-11.15996,0.08361620371981641,0.030126056796932286
-11.14021,0.08403956453830967,0.030210096361470595
-11.12032,0.08429316299694298,0.030294389524467537
-11.10042,0.08467326583098844,0.030379062790298526
-11.08055,0.08496073672036727,0.030464023527018897
-11.06081,0.08550269474874216,0.03054952622176764
-11.04082,0.08595259846724837,0.030635478820234888
-11.02113,0.08651466247161647,0.030721993482706506
-11.00124,0.08677248596891544,0.03080876596867542
-10.98128,0.08707154741149305,0.030895837516086915
-10.96147,0.08716487075686953,0.030983002386843785
-10.94145,0.08725106487079297,0.031070253451714575
-10.92143,0.08737671612703127,0.031157630167841607
-10.9016,0.08762149925441333,0.031245251667096022
-10.88149,0.08755670040300205,0.03133280836749903
-10.86165,0.08771587789537066,0.0314205242453944
-10.84163,0.0874165664798409,0.03150794081187424
-10.8217,0.08751246276463712,0.03159545327463888
-10.80165,0.08764507134296814,0.03168309834598184
-10.78191,0.0881533760931659,0.03177125172207501
-10.76201,0.08834317081712693,0.03185959489289213
-10.74208,0.0888361062733699,0.03194843099916551
-10.72224,0.08942998884425396,0.03203786098800976
-10.70262,0.09014719816349294,0.03212800818617325
-10.68269,0.09067953372681233,0.032218687719900066
-10.66286,0.09141483717894171,0.03231010255707901
-10.64323,0.09184444318645493,0.03240194700026546
-10.62334,0.09201707006340441,0.03249396407032887
-10.60332,0.09190727647214585,0.032585871346801014
-10.58345,0.0919736047428779,0.0326778449515439
-10.56343,0.09207895924897463,0.03276992391079287
-10.54363,0.09261844256465901,0.03286254235335753
-10.52373,0.09297940030017184,0.03295552175365771
-10.50386,0.09349022747116996,0.033049011981128876
-10.48399,0.09370405557658322,0.03314271603670546
-10.4641,0.09398763307989781,0.03323670366978536
-10.44411,0.09409756830948716,0.03333080123809484
-10.4243,0.09431442361758721,0.033425115661712426
-10.40425,0.09432583674410755,0.03351944149845654
-10.38432,0.09468015408857565,0.03361412165254511
-10.36452,0.09491071978337046,0.03370903237232848
-10.34465,0.0949479178006304,0.03380398029012911
-10.32466,0.09491342125953202,0.03389889371138864
-10.30464,0.09492646382630537,0.03399382017521495
-10.28481,0.09510683921195713,0.03408892701442691
-10.26482,0.0953630146356127,0.03418429002906252
-10.24489,0.09581388938723094,0.034280103918449746
-10.22514,0.09626745696210655,0.03437637137541186
-10.20516,0.09648062479108838,0.03447285200020295
-10.18529,0.09679036283363193,0.03456964236303657
-10.16539,0.09673138899956774,0.03466637375203614
-10.14549,0.09680305821054788,0.03476317681024669
-10.12541,0.096907444003811,0.0348600842542505
-10.10567,0.09744758510806326,0.03495753183935856
-10.08577,0.09784473447363984,0.0350553765738322
-10.06596,0.09834453486559068,0.03515372110869779
-10.04613,0.09871657190598873,0.03525243768060378
-10.02629,0.09927707082685037,0.03535171475143063
-10.00652,0.09999002101945313,0.035451704772450084
-9.98677,0.1004424518898561,0.03555214722433994
-9.967,0.1006421341579805,0.03565278935849792
-9.94698,0.1007031486169852,0.03575349250711491
-9.92714,0.10124175445048468,0.035854734261565394
-9.90733,0.10175302756557038,0.035956487289130964
-9.8875,0.10215673368098359,0.03605864402281195
-9.86754,0.10203057071615629,0.036160674593528105
-9.84752,0.10176300129801567,0.03626243759482613
-9.82744,0.10148663611165823,0.03636392423093778
-9.80739,0.10147075039109145,0.03646539498132888
-9.7874,0.10150888691787804,0.03656690386824676
-9.76741,0.10174475257419838,0.036668648620820955
-9.74745,0.10208341976087455,0.03677073204058183
-9.72768,0.1026540390751458,0.036873386079656977
-9.70778,0.10312917909422868,0.03697651525875121
-9.68803,0.10364418976534046,0.037080159448516545
-9.66817,0.10385437049537538,0.03718401381901192
-9.6483,0.10389314771986674,0.03728790696673179
-9.62837,0.10392167158578923,0.037391828638317574
-9.60835,0.10396760291860707,0.03749579624123619
-9.58855,0.1041792024218892,0.037599975443658076
-9.56853,0.1042667087825397,0.037704242152440615
-9.5486,0.10451045209956508,0.03780875260454018
-9.52876,0.10481733764204748,0.03791356994218223
-9.50877,0.1050883189887846,0.03801865826117101
-9.489,0.10557412086470704,0.03812423238203572
-9.46907,0.10581233505665422,0.038230044717092376
-9.44923,0.10634348870079725,0.03833638820579317
-9.4294,0.10656322700594388,0.03844295143279911
-9.40956,0.10681819215064345,0.038549769624949756
-9.38954,0.10678120808553705,0.03865655083303529
-9.36971,0.10691575830623863,0.03876346659134153
-9.34966,0.10694456744194186,0.03887041115878347
-9.32976,0.10733036963667215,0.03897774152842014
-9.30983,0.10759385691490723,0.03908533538533505
-9.28999,0.10789421201603099,0.03919322959735108
-9.27,0.10805959826355023,0.03930128919561463
-9.25011,0.10841383320568808,0.03940970302882032
-9.23021,0.10880061084175136,0.03951850363966207
-9.21037,0.10927578280019272,0.03962777942246226
-9.19057,0.10969069282897259,0.03973747011529123
-9.1707,0.10998635158254916,0.03984745646687378
-9.15077,0.11021638823579025,0.03995767285510957
-9.13081,0.11036274569296724,0.04006803560080254
-9.11089,0.11041153476380229,0.04017844713556634
-9.09093,0.11039443455166248,0.04028884157011801
-9.07088,0.11032373033910474,0.04039916530045711
-9.05098,0.1106499609506899,0.0405098152614078
-9.03105,0.11100677080258842,0.040620822032210395
-9.01137,0.11170646255497049,0.040732528494765365
-8.99141,0.11214948430028258,0.040844677979065644
-8.97176,0.11274924401110256,0.04095742722307675
-8.95189,0.112959701467831,0.04107038692454458
-8.93196,0.11313678558242812,0.041183523710127005
-8.91213,0.11326240754404723,0.041296786117671055
-8.89211,0.11350775037043717,0.041410293868041494
-8.87233,0.11416826688504282,0.04152446213492654
-8.85252,0.11472608491553288,0.04163918821984207
-8.83269,0.11521648160506882,0.04175440470144714
-8.81282,0.11566188194284777,0.04187006658338999
-8.79302,0.11613572363374446,0.04198620230702373
-8.77327,0.11660901761914491,0.04210281132464288
-8.75334,0.11693122490455161,0.04221974254954743
-8.73351,0.11717411130546729,0.0423369166608529
-8.71364,0.11734665898501424,0.04245426331983791
-8.69368,0.11754551503699248,0.04257180883487491
-8.67387,0.11783979381181134,0.04268964862868672
-8.65395,0.11789547926062809,0.04280754410794734
-8.63399,0.11806669352615774,0.0429256108014735
-8.61406,0.1182904137216152,0.04304390121519512
-8.59419,0.11875776881173981,0.04316265898400686
-8.57433,0.11933771297551111,0.04328199669698237
-8.55455,0.11975160270102866,0.0434017482996834
-8.53474,0.12013583182109541,0.04352188413150449
-8.51476,0.12068359187449633,0.04364256772337899
-8.49513,0.1215261635286867,0.043764093886907676
-8.47545,0.12194896095466429,0.043886042847862336
-8.45549,0.12201058738968765,0.04400805343525203
-8.43559,0.12207149062860385,0.04413012492588063
-8.41557,0.12217628917360941,0.04425230121505424
-8.39577,0.12276215276225655,0.0443750633678165
-8.37584,0.12295073125746142,0.04449801409907396
-8.35603,0.12311375653440013,0.04462112785560836
-8.33586,0.12297783932587014,0.04474410569493423
-8.31606,0.12333772812273018,0.04486744342305696
-8.29619,0.12351258463652609,0.04499095600769348
-8.27629,0.12394762460979587,0.045114903632303284
-8.25642,0.12428644004346201,0.045239190072346745
-8.23668,0.12475540710530988,0.04536394547945206
-8.21678,0.12497291321465995,0.04548891839266672
-8.19692,0.12518933322801046,0.04561410772589473
-8.17696,0.12522840362602086,0.04573933612952075
-8.15706,0.1255150351969333,0.045864851164717675
-8.13719,0.1258934153051628,0.04599074458002284
-8.11736,0.1263998500022133,0.046117144430025056
-8.09749,0.12684907188930952,0.04624399350191437
-8.07765,0.12719885156203625,0.046371192353476406
-8.05782,0.12738597487358452,0.046498578328349985
-8.03789,0.12752981906899394,0.046626108147418986
-8.01799,0.12779857705731507,0.046753906724476296
-7.99812,0.12839570089103935,0.04688230242536734
-7.97838,0.12911895591433922,0.04701142138128167
-7.9587,0.12992018728393037,0.0471413415685656
-7.93886,0.1304154282368475,0.047271756996802444
-7.91917,0.13110156368297005,0.047402858560485414
-7.89931,0.13177871743085903,0.04753463727791628
-7.87972,0.13274620830954972,0.047667383486225824
-7.85997,0.13299561659809547,0.04780037910282392
-7.84001,0.13304973503604728,0.04793342883785996
-7.81993,0.13271517180930129,0.048066144009669264
-7.8001,0.13261102873967678,0.04819875503840894
-7.77989,0.13230412770978286,0.04833105916611872
-7.76,0.1327241565168541,0.048463783322635574
-7.74007,0.13333271576058547,0.04859711603839616
-7.72044,0.1343362541690812,0.04873145229256524
-7.70073,0.13494485829421182,0.04886639715085945
-7.68089,0.13541031883698396,0.04900180746969643
-7.66118,0.13572795319680056,0.04913753542289323
-7.64128,0.13603035031946312,0.049273565773212694
-7.62135,0.13645025694769491,0.049410016030160396
-7.60161,0.13686138856509014,0.04954687741872548
-7.58168,0.13710967255581422,0.049683987091281294
-7.56181,0.13737804649624508,0.04982136513777754
-7.54189,0.1375773230175614,0.0499589424607951
-7.52199,0.1378198494111159,0.05009676231020622
-7.50206,0.13803962296153682,0.050234801933167754
-7.4821,0.13828505985212125,0.05037308699301988
-7.46227,0.13858877308413836,0.05051167576610401
-7.4424,0.13888692947074197,0.050650562695574754
-7.42253,0.13927075720063797,0.05078983345277539
-7.4027,0.13973995778021195,0.05092957341055561
-7.38286,0.14028833398239604,0.051069861744538
-7.36311,0.1407277684256254,0.05121058951296363
-7.34325,0.1409406430973466,0.051351530156060976
-7.32332,0.14103118985175145,0.05149256134591273
-7.30342,0.14126037074611542,0.05163382171665885
-7.28355,0.14152390814184376,0.051775345624800684
-7.26375,0.14181594629604832,0.051917161571096736
-7.24382,0.14215874097990627,0.05205932031207664
-7.22398,0.1429101714671935,0.05220223048354384
-7.20433,0.14385182177089703,0.052346082305314734
-7.18465,0.14476334248810882,0.05249084564780284
-7.16493,0.14528079709497202,0.05263612644489781
-7.14525,0.1456990060527862,0.0527818254509506
-7.12529,0.1459604338637164,0.05292778588481431
-7.10564,0.14644941926266336,0.053074235304076976
-7.08568,0.14672302592302242,0.053220958330000005
-7.06581,0.14721328184762295,0.05336817161184762
-7.04607,0.14756049356834194,0.053515732105415964
-7.02608,0.1477551449471089,0.05366348725036308
-7.00615,0.1479547744176029,0.053811442024780685
-6.98622,0.1481791101880453,0.05395962113496873
-6.96629,0.14843845050324456,0.05410805958547197
-6.94655,0.14881475805200525,0.05425687434352398
-6.92659,0.14898259060440008,0.054405856934128374
-6.90685,0.14944868016832383,0.0545553056142967
-6.88695,0.14996448695760278,0.054705270101254304
-6.86723,0.1507455477299074,0.05485601564898421
-6.84761,0.15128704558541678,0.055007302694569625
-6.82768,0.1515089641656496,0.05515881165873528
-6.80788,0.15199275001496904,0.05531080440875025
-6.78798,0.15238356224558877,0.055463187970995836
-6.76833,0.15292774777885393,0.055616115718774686
-6.74831,0.15308709878119653,0.05576920281755589
-6.7285,0.15367211342593234,0.055922874930981824
-6.7087,0.15412253372531512,0.05607699746470714
-6.68895,0.15494192585766514,0.0562319393905648
-6.66908,0.15561972299882298,0.05638755911356362
-6.64952,0.15644820607930268,0.056544007319642924
-6.62972,0.15680950264527316,0.0567008168222882
-6.60991,0.15736306622712531,0.056858179888515326
-6.59016,0.1577299769568305,0.057015909865472156
-6.57042,0.15821641106970255,0.05717412627654186
-6.55052,0.15868798315750576,0.05733281425969936
-6.53081,0.15931192257181087,0.057492126182271175
-6.51103,0.15977480207957437,0.057651900984350746
-6.49117,0.16030069058630336,0.05781220167493705
-6.47139,0.16068060351591631,0.057972882278452965
-6.45161,0.16093168176009703,0.05813381396021306
-6.43163,0.16080756848176303,0.05829462152869483
-6.4117,0.16070633476225288,0.05845532786345708
-6.39159,0.1605639370823712,0.05861589180053945
-6.37166,0.16088824831162912,0.058776780048851084
-6.35179,0.16121666093356185,0.05893799670978464
-6.33193,0.16170478836247626,0.05909970149814712
-6.31206,0.16233314239173172,0.05926203464053885
-6.29231,0.16320973281827814,0.05942524437335713
-6.27266,0.16387458105425362,0.05958911895441139
-6.25292,0.16421060766617623,0.05975332956207756
-6.23293,0.16444796692455058,0.05991777752900211
-6.21318,0.16485170880030112,0.06008262923780241
-6.19347,0.16525329369947409,0.06024788253150188
-6.17351,0.16565448624900572,0.06041353701775089
-6.15376,0.16622647994208228,0.060579763497692965
-6.13399,0.1666150850488657,0.06074637858274184
-6.11418,0.16692238206381022,0.06091330096480564
-6.09428,0.16729082277698876,0.061080591787582635
-6.07442,0.16791526015766767,0.061248507047740305
-6.05473,0.1687930491345584,0.06141730009687486
-6.03499,0.16943101293681748,0.06158673110981168
-6.01521,0.16988749080190713,0.061756618600613586
-5.99538,0.17015327717522077,0.06192677187778881
-5.97548,0.17059960788780473,0.06209737148567661
-5.95573,0.17117451346731674,0.06226854599914393
-5.93605,0.17160979192621406,0.062440155791070144
-5.91615,0.17204110957747637,0.06261219690064762
-5.89635,0.17243045599462928,0.06278462735664225
-5.87666,0.17276949698650182,0.06295739685362875
-5.85664,0.17290675054590185,0.06313030360417465
-5.83684,0.17340595048591964,0.06330370955466058
-5.817,0.17383323325557898,0.06347754278791616
-5.79726,0.1746299055502711,0.06365217269346642
-5.77745,0.17522135289350668,0.06382739404635993
-5.75783,0.17577839867956918,0.0640031724450395
-5.73793,0.17636815894905594,0.06417954060398855
-5.71819,0.17756204538019585,0.06435710264936875
-5.69878,0.17884007653453804,0.0645359427259033
-5.67912,0.17953665296925136,0.06471547937887255
-5.65932,0.17972365207880245,0.06489520303095135
-5.63939,0.1798050197751045,0.06507500805072645
-5.61952,0.18005708055409006,0.06525506513128054
-5.59978,0.18035269173821755,0.06543541782301876
-5.57976,0.1805164149067099,0.06561593423792547
-5.55989,0.18095152218634428,0.06579688576011182
-5.54015,0.18156653437335285,0.06597845229448517
-5.5204,0.18222279122753,0.0661606750857127
-5.50069,0.18282298499445068,0.06634349807070715
-5.48091,0.18326854336630616,0.06652676661407345
-5.4612,0.1838497498863428,0.0667106163639598
-5.44145,0.18457586761451286,0.06689519223157431
-5.42174,0.1856216635767932,0.06708081389515111
-5.40215,0.18655411708300493,0.06726736801223411
-5.38252,0.18715872397827246,0.06745452673621238
-5.36263,0.18751183367814642,0.06764203856989053
-5.34285,0.18812563609517868,0.0678301642059857
-5.32317,0.18874535681498156,0.06801890956280068
-5.30339,0.18921549288295966,0.06820812505568365
-5.28352,0.18953738131626052,0.0683976624369999
-5.26366,0.18976021829582082,0.06858742265529572
-5.24385,0.19020107413609685,0.06877762372943182
-5.22395,0.19057092053584604,0.06896819464996766
-5.20427,0.1911026365054764,0.06915929728647315
-5.18437,0.19142663228517595,0.06935072391875831
-5.16463,0.19223254046942,0.06954295645922773
-5.14488,0.1930841432544016,0.06973604060248213
-5.12532,0.19406058818402916,0.06993010119066616
-5.10558,0.19494605780984053,0.070125047248476
-5.08595,0.19580210087497926,0.07032084934935098
-5.06642,0.19666347412825372,0.07051751282347925
-5.04656,0.1972922036554242,0.07071480502713466
-5.02699,0.1981453059073476,0.07091295033304201
-5.00719,0.19848133993894837,0.07111143167298097
-4.98747,0.19898870902037769,0.07131042038200135
-4.96755,0.1991067089630264,0.07150952709096438
-4.94777,0.19954247188850002,0.07170906956285289
-4.92784,0.19983227121278418,0.07190890183406566
-4.9081,0.20045067552952384,0.07210935250959519
-4.88829,0.20092269562533974,0.07231027520522053
-4.86858,0.20162916838476969,0.0725119043736053
-4.8488,0.20235701358037964,0.07271426138718567
-4.82921,0.2033223454947479,0.07291758373268044
-4.80949,0.2040852971879431,0.07312166902986839
-4.78987,0.20497798318987256,0.07332664701305826
-4.7701,0.205654621207194,0.07353230163426544
-4.75057,0.20643990965201606,0.07373874154391746
-4.73073,0.20679961371747643,0.07394554115763494
-4.71101,0.20739899062921902,0.07415294014826415
-4.69115,0.20793564154197283,0.07436087578980614
-4.67156,0.20870636313015284,0.07456958215293628
-4.65175,0.2092708415323547,0.07477885299446864
-4.632,0.20994581053050002,0.07498879880499915
-4.61232,0.21054681344335932,0.0751993456184425
-4.59255,0.2111428682493469,0.07541048848669185
-4.57283,0.2119008642267495,0.0756223893509186
-4.55312,0.21269494048131987,0.07583508429139992
-4.53346,0.21350937888123586,0.07604859367028116
-4.51372,0.21414473374478402,0.07626273840402595
-4.494,0.21474673602552113,0.07647748514005147
-4.47429,0.21533306326016624,0.07669281820331163
-4.45454,0.21609253953922442,0.07690891074285085
-4.43483,0.21680920756519428,0.07712571995041603
-4.41521,0.21753757747057142,0.0773432575278866
-4.39537,0.2181244521789676,0.07756138198006557
-4.37581,0.2189917414314837,0.07778037372149706
-4.35603,0.21980504372092594,0.07800017876521798
-4.33641,0.220842065975429,0.07822102083119341
-4.31682,0.22167699542913016,0.07844269782662254
-4.2971,0.2223729885801642,0.0786650708152027
-4.27745,0.22313066199314907,0.07888820147719586
-4.25771,0.22375712252978022,0.07911195859972563
-4.23808,0.2244979820343891,0.07933645658176003
-4.21825,0.22525274630815506,0.07956170932806818
-4.19865,0.22637741055969093,0.07978808673862788
-4.17912,0.22738938547772347,0.0800154761241056
-4.15944,0.22840463328763005,0.08024388075739322
-4.13982,0.22918656823826752,0.08047306732563149
-4.12019,0.22993079939341252,0.0807029981250249
-4.10039,0.23038933166529435,0.0809333874566902
-4.0808,0.23110826899027173,0.08116449572568046
-4.06093,0.2318068914091253,0.08139630261708958
-4.04146,0.23287110933032878,0.08162917372641991
-4.02184,0.23355356289049078,0.0818627272893104
-4.00206,0.2343087342117019,0.08209703602352211
-3.9825,0.23517206244741243,0.08233220808596954
-3.96281,0.23601697680354966,0.08256822506277309
-3.94313,0.23694298508627706,0.08280516804785937
-3.92342,0.2377576472829852,0.08304292569514235
-3.90376,0.23830241618260806,0.08328122811132496
-3.88405,0.23875958676779518,0.08351998769809275
-3.86409,0.23938036886022226,0.08375936806695299
-3.84459,0.24052122622147767,0.08399988929317445
-3.82503,0.2416963074427212,0.08424158560061717
-3.80547,0.24283176359502875,0.08448441736421221
-3.78609,0.24388019305615205,0.08472829755726836
-3.76631,0.24476412211997664,0.08497306167938834
-3.74687,0.24626978078207354,0.08521933146017041
-3.72737,0.24759500500258566,0.085466926465173
-3.70799,0.24920546673930172,0.0857161319319123
-3.68843,0.25040074158017944,0.08596653267349247
-3.66905,0.25149838375123057,0.0862180310572437
-3.64937,0.2520060227743734,0.08647003708001806
-3.62965,0.25255693432990295,0.08672259401434797
-3.60985,0.2532536966600585,0.08697584771100803
-3.59023,0.25423257722795517,0.08723008028823598
-3.57069,0.25527508594860415,0.08748535537418459
-3.55098,0.25619831560897427,0.08774155368979356
-3.53151,0.25734428444694374,0.0879988979742405
-3.51192,0.2582644247808085,0.0882571623990213
-3.49236,0.25935280569593566,0.08851651520471725
-3.47273,0.26040581318316,0.0887769210179004
-3.4532,0.261598894246245,0.08903851991214665
-3.4337,0.26276542576489054,0.08930128533791154
-3.41405,0.2639332324985736,0.08956521857041012
-3.39461,0.2650787111670317,0.08983029728157715
-3.37505,0.26591669170609494,0.09009621397328325
-3.35533,0.26685277419073017,0.09036306674747398
-3.33574,0.26789580157337195,0.09063096254904734
-3.3163,0.2688522947123505,0.0908998148437597
-3.29659,0.2694946960334758,0.09116930953979317
-3.27687,0.27022064100657045,0.09143953018079974
-3.25722,0.2709245896204666,0.09171045477042021
-3.23756,0.27185978985548637,0.0919823145602757
-3.21782,0.27264079257661544,0.0922549553528523
-3.19829,0.27355699560739966,0.0925285123484597
-3.17848,0.27422540697585146,0.09280273775543554
-3.15898,0.2751144687152496,0.09307785222415078
-3.13924,0.27599267679556716,0.09335384490094635
-3.11964,0.2770623815084157,0.09363090728245477
-3.10024,0.2780238556933127,0.09390893113814808
-3.08037,0.2788070957315295,0.09418773823387959
-3.06087,0.27994355735984605,0.09446768179123943
-3.04134,0.28070126717510574,0.09474838305841454
-3.02165,0.2814537270836109,0.09502983678549816
-3.00194,0.28213359313274095,0.0953119703786309
-2.98238,0.2830697448086111,0.09559504012343951
-2.96269,0.2841500366970485,0.09587919016013656
-2.94316,0.28551194434728283,0.09616470210448383
-2.92369,0.2865819630925712,0.0964512840675764
-2.9041,0.2875351000783505,0.09673881916765474
-2.88435,0.288375933246002,0.09702719510090074
-2.86482,0.28936523206494785,0.09731656033296571
-2.8452,0.29025620870494834,0.09760681654167065
-2.82561,0.2911598937801091,0.09789797643545076
-2.80599,0.29200660164015557,0.09818998303709091
-2.78633,0.2929120431460427,0.09848289508023696
-2.76674,0.29380232593318295,0.09877669740617014
-2.74706,0.29464848281204253,0.09907134588898217
-2.72743,0.29524162777870133,0.09936658751676088
-2.70775,0.295664051765777,0.09966225156852666
-2.68782,0.29605438141081103,0.09995830594993747
-2.66817,0.29694841509291103,0.10025525436503038
-2.64851,0.29790241670605183,0.10055315678173644
-2.62895,0.29899980000402,0.10085215658174047
-2.6093,0.2998330717795913,0.10115198965352006
-2.58968,0.3006789761411621,0.10145266862966121
-2.57002,0.3013553628393148,0.10175402399250053
-2.55037,0.30196200530598644,0.1020559859978065
-2.53059,0.30246791212215307,0.10235845390992866
-2.51088,0.3032527238224282,0.10266170663375108
-2.49123,0.3041008207428403,0.10296580745449394
-2.47163,0.30513295686838193,0.10327094041136231
-2.45192,0.30613410654029005,0.1035770745179026
-2.43242,0.3071801570239961,0.10388425467492658
-2.41283,0.3079482919341178,0.10419220296686071
-2.39308,0.3088324154545236,0.10450103538231523
-2.37352,0.3097626552084129,0.10481079803752365
-2.35399,0.3105422621494027,0.10512134029967304
-2.33418,0.3112380442514412,0.10543257834392449
-2.31456,0.31202510968050046,0.105744603453605
-2.29494,0.3127826708354761,0.10605738612444046
-2.27519,0.31366573986117435,0.10637105186430164
-2.2556,0.3146131284537707,0.10668566499275542
-2.23604,0.31527896436811675,0.10700094395712353
-2.21623,0.31584560244341875,0.10731678955956694
-2.1964,0.316585533071242,0.10763337509263819
-2.17687,0.3175376710223697,0.10795091276366056
-2.15721,0.3181139602500444,0.1082690267239106
-2.13744,0.3185156691927564,0.10858754239310336
-2.11751,0.3187651893536293,0.108906307582457
-2.09786,0.31946273060406233,0.10922577031306105
-2.07805,0.320169592675522,0.10954593990573658
-2.05843,0.3211442603984957,0.10986708416613508
-2.03871,0.32166845720853815,0.11018875262334361
-2.01903,0.32211233983969473,0.1105108649631833
-1.99904,0.32237915504583575,0.11083324411822915
-1.97929,0.32298421199010324,0.11115622833021924
-1.95955,0.32342524480385965,0.1114796535750231
-1.93974,0.32400269349896793,0.11180365626852207
-1.91994,0.3244518759795963,0.11212810814450166
-1.90025,0.32493797632369975,0.11245304612082535
-1.88039,0.32518446155795017,0.11277823058238332
-1.86052,0.3257484878803736,0.11310397907026369
-1.84074,0.32634353110691805,0.11343032260137059
-1.82109,0.32692220534965644,0.11375724480672025
-1.80122,0.32713517266721026,0.11408437997938747
-1.78133,0.3275082662694609,0.11441188824565693
-1.76149,0.3280623515601066,0.11473995059721703
-1.74187,0.3286220726765164,0.11506857266989355
-1.722,0.32877183513950886,0.11539734450503306
-1.70201,0.3288988681198995,0.11572624337315295
-1.68214,0.32904043565701413,0.11605528380880997
-1.66231,0.3293322053380246,0.11638461601414798
-1.64235,0.3296822126968873,0.11671429822684487
-1.62257,0.33005836163022284,0.11704435658847509
-1.60268,0.33033743952495076,0.11737469402800005
-1.58275,0.33055918271770224,0.11770525321071774
-1.56297,0.3305825320128148,0.11803583574273056
-1.54292,0.33041290379231175,0.11836624864652287
-1.52287,0.33054073728116834,0.11869678938380404
-1.50307,0.3308064510519789,0.11902759583485602
-1.48314,0.33126364148305504,0.11935885947633909
-1.46324,0.3320423724645136,0.1196909018488036
-1.44359,0.3328940220693846,0.12002379587087299
-1.42387,0.3333321731542277,0.12035712804402722
-1.40389,0.33305033098402786,0.12069017837501124
-1.38384,0.3323392980152739,0.1210225176730265
-1.36348,0.33143960072850764,0.121353957273755
-1.34328,0.3311360695590071,0.12168509334331401
-1.32304,0.3307253913838224,0.12201581873469784
-1.30293,0.3303191606764306,0.12234613789537427
-1.28252,0.32925469590512607,0.12267539259127938
-1.26225,0.3280897201245249,0.12300348231140391
-1.24178,0.32687126916297,0.12333035358056688
-1.22133,0.3262097128142616,0.12365656329338114
-1.20125,0.32581608378253646,0.12398237937716368
-1.18095,0.3252592480053471,0.12430763862516903
-1.16075,0.3247307082875144,0.12463236933345655
-1.14055,0.3239622205108516,0.12495633155396739
-1.12029,0.3231461347744986,0.1252794776887419
-1.09996,0.32225257286766473,0.12560173026160956
-1.07964,0.3213545702656705,0.12592308483187525
-1.05934,0.3204589474229727,0.12624354377929822
-1.03896,0.31950070483904897,0.12656304448413727
-1.0186,0.31867927003139296,0.12688172375416867
-0.99828,0.31783377517411937,0.12719955752934278
-0.97804,0.3169382879352825,0.12751649581727806
-0.9576,0.31602405885019275,0.12783251987612826
-0.93727,0.3153464636500405,0.12814786633977832
-0.91713,0.31478323958250864,0.12846264957936082
-0.89687,0.3141175509624154,0.12877676713032324
-0.87666,0.31334299099070645,0.12909011012131394
-0.85634,0.31246924787531405,0.12940257936918925
-0.83601,0.3117421063892205,0.12971432147557846
-0.81584,0.31111339595249987,0.13002543487153098
-0.79555,0.31047624000627067,0.13033591111153725
-0.77531,0.30985668094760627,0.13064576779248485
-0.75511,0.3092532478040015,0.13095502104028886
-0.73485,0.3087376194019268,0.13126375865969078
-0.71474,0.3081900980127233,0.1315719487577035
-0.69457,0.3077879223732436,0.13187973668007674
-0.67436,0.3074990440501933,0.13218723572412694
-0.6545,0.3075633858329324,0.13249479910995987
-0.63426,0.30738758418605944,0.13280218669414592
-0.61424,0.3075089530145627,0.1331096956471605
-0.59419,0.3073108030106085,0.1334170064501711
-0.57408,0.30715375969668424,0.1337241602098678
-0.55391,0.3064014096848939,0.13403056161955268
-0.53359,0.30531091512556796,0.13433587253467827
-0.51289,0.30372636608421166,0.1346395989007625
-0.49245,0.3021474276535784,0.13494174632841607
-0.47151,0.3000923417377007,0.13524183867015377
-0.45064,0.2979884523103343,0.1355398271224641
-0.42961,0.29517085245703895,0.13583499797492113
-0.40825,0.2915980374023384,0.13612659601232346
-0.38652,0.28741688069107973,0.13641401289301452
-0.36458,0.28241864471480915,0.13669643153772934
-0.34233,0.27608834628110646,0.13697251988401044
-0.31938,0.2680032513887081,0.13724052313539914
-0.29573,0.2584167082658954,0.13749893984366504
-0.27187,0.2475322836996402,0.13774647212736466
-0.24739,0.23529380673898748,0.13798176593410363
-0.22231,0.22283263350045626,0.1382045985676041
-0.19719,0.21123618514919762,0.1384158347527533
-0.1725,0.200976263028061,0.13861681101578135
-0.14806,0.19055226573216189,0.1388073632815135
-0.12349,0.17831697479636624,0.13898568025630986
-0.09813,0.1636496118868531,0.1391493298681967
-0.07225,0.1478511915666487,0.13929718105976335
-0.04625,0.1324802347249609,0.13942966129448833
-0.02037,0.11842904570774986,0.13954809034019608
0.00499,0.10585423501278092,0.13965394457520885
0.02998,0.09459083502892719,0.13974853541023777
0.05449,0.08486547966307578,0.13983340088990084
0.07811,0.07618437282565449,0.1399095852627265
0.10152,0.06799828162361114,0.1399775835443501
0.12471,0.06049020567667742,0.14003807375002678
0.14751,0.05388586850071339,0.1400919596185275
0.16984,0.0480744906974392,0.14014003410922493
0.19212,0.04294758957596057,0.1401829816988009
0.21406,0.038236427813536096,0.14022121812661442
0.23573,0.033932035836208164,0.14025515016245063
0.25752,0.030136993353264394,0.1402852871558039
0.27882,0.027173099496266517,0.14031246025530017
0.29991,0.024249756963615237,0.14033671001226378
0.32103,0.021321239453746626,0.14035803125171753
0.34218,0.018588109522229196,0.14037661936123977
0.36311,0.016372543696099775,0.14039299190493587
0.3838,0.0148590703731593,0.140407850975309
0.40446,0.013324786173510753,0.14042117576148253
0.42491,0.012014082526987569,0.1404331898440095
0.44566,0.010569958717144461,0.14044375980272666
0.46593,0.009758317751926458,0.1404535181204786
0.48637,0.008863515721465749,0.14046238163620003
0.5067,0.008239044227101531,0.14047062068042715
0.5269,0.007193969424065848,0.1404778146498512
0.54738,0.005937897227789241,0.140483752547079
0.56782,0.004980986402665546,0.14048873353348168
0.58812,0.004289200026645096,0.14049302273350833
0.60829,0.003808550240259058,0.1404968312837486
0.62862,0.0030963396510895625,0.14049992762339966
0.64876,0.0025498601758389755,0.1405024774835755
0.66908,0.001903515131756368,0.14050438099870724
0.68907,0.0018136436357586883,0.14050619464234299
0.7093,0.001598642811783526,0.14050779328515478
0.7292,0.0018558468246223634,0.14050964913197939
0.74925,0.0016785751091557125,0.14051132770708857
0.76918,0.0014374397745180797,0.1405127651468631
0.78938,0.0009777831390492585,0.14051374293000213
0.80949,0.000636238542909882,0.14051437916854503
0.82945,0.00032064890871540467,0.14051469981745374
0.84972,5.000943836447992e-05,0.1405147498268921
0.86967,9.971272279635788e-05,0.1405148495396149
0.88957,0.00017883405669951875,0.14051502837367158
0.90965,0.0002746486130483834,0.14051530302228463
0.92949,0.00040971800202188553,0.14051571274028668
0.94948,0.00023363616518192829,0.14051594637645184
0.96953,0.00026236588879048205,0.14051620874234064
0.98955,0.00024011716260126967,0.14051644885950326
1.00948,0.00030452881926612844,0.14051675338832254
1.02959,0.00030526152442735373,0.14051705864984695
1.04951,0.0002789483647601129,0.1405173375982117
1.06953,3.049933977780919e-06,0.1405173406481457
1.08974,-0.0002450977941749278,0.14051709555035152
1.10973,-0.00016525765522432898,0.1405169302926963
1.12971,-0.00010177108278023362,0.14051682852161354
1.14961,-0.00015155176069059652,0.14051667696985284
1.16972,-0.00045988277405679566,0.14051621708707876
1.1898,-0.00038511774044919716,0.1405158319693383
1.20967,-5.18733353935179e-05,0.14051578009600293
1.22951,0.00027330499780873867,0.14051605340100073
1.24956,0.00045264975552605763,0.14051650605075625
1.26948,0.0005293304916843197,0.14051703538124793
1.28938,0.0003364351772319801,0.14051737181642518
1.30952,-1.97081368726624e-05,0.1405173521082883
1.32967,-0.00036172839086025444,0.14051699037989746
1.34972,-0.0005270176351300921,0.1405164633622623
1.36983,-0.0006951853540302342,0.14051576817690828
1.38979,-0.0008080525952897118,0.140514960124313
1.40993,-0.0008806620016858091,0.1405140794623113
1.42989,-0.0006426412059689329,0.14051343682110534
1.44969,-0.00030879535406473055,0.14051312802575128
1.46974,-0.00017339621545511892,0.1405129546295358
1.48958,-0.00016456426537472943,0.14051279006527045
1.50963,-0.00043915370422577444,0.14051235091156622
1.52968,-0.0005393611500137425,0.14051181155041623
1.54961,-0.0004840329529139988,0.14051132751746329
1.56959,-0.0003203861441059723,0.1405110071313192
1.58949,-0.00018921163648646247,0.1405108179196827
1.60942,-0.00019339793831371112,0.14051062452174437
1.62956,-0.00030715470478726324,0.1405103173670396
1.64946,-0.00034125667867672497,0.14050997611036092
1.66957,-0.0004064146344861461,0.14050956969572645
1.68959,-0.00025007800733893695,0.14050931961771912
1.70946,-9.70494390552529e-05,0.14050922256828005
1.72954,-0.00017535979405626376,0.140509047208486
1.74953,-0.00022324078657712427,0.14050882396769945
1.76961,-0.00042697733218041684,0.14050839699036727
1.7896,-0.00046650436453566946,0.14050793048600274
1.80965,-0.0007349351361464548,0.1405071955508666
1.82973,-0.0010121761726190905,0.14050618337469398
1.84993,-0.0012299852720335444,0.14050495338942193
1.86995,-0.0012025835862744764,0.1405037508058357
1.88991,-0.0011842758344006387,0.1405025665300013
1.91002,-0.0011229570687519622,0.1405014435729325
1.92989,-0.001060519577710533,0.1405003830533548
1.94987,-0.0011322887425104739,0.1404992507646123
1.96995,-0.0009950069063231414,0.140498255757706
1.98982,-0.0006906114414284438,0.14049756514626455
2.00969,-0.00047595539538932286,0.14049708919086917
2.02968,-0.0005138574651462887,0.14049657533340404
2.04967,-0.0007636586071056656,0.14049581167479694
2.06972,-0.0010488533322066083,0.14049476282146472
2.08983,-0.0010812105342127335,0.1404936816109305
2.10982,-0.000977019630977747,0.14049270459129956
2.12984,-0.0009036891281243209,0.14049180090217142
2.14986,-0.0009009692636487608,0.14049089993290775
2.16988,-0.0008220677339298392,0.1404900778651738
2.18983,-0.0007382258853126113,0.14048933963928853
2.20973,-0.0006680080248228906,0.1404886716312637
2.22978,-0.0008750792192519115,0.14048779655204446
2.24974,-0.001068854279463792,0.140486727697765
2.26988,-0.0012579768534261844,0.14048546972091158
2.28984,-0.0013236944431597197,0.14048414602646841
2.30986,-0.0013823855965668977,0.14048276364087184
2.33,-0.001457769497345013,0.1404813058713745
2.34987,-0.0011836524483606543,0.14048012221892614
2.36989,-0.0011216589921763612,0.14047900055993395
2.38975,-0.0007871404705118747,0.14047821341946343
2.4098,-0.0008036868423297455,0.14047740973262113
2.4297,-0.0006158209276359325,0.1404767939116935
2.44975,-0.000783072329415917,0.14047601083936406
2.46971,-0.000688344493430245,0.14047532249487063
2.48979,-0.0008476949948942466,0.14047447479987574
2.50969,-0.0006980337226493678,0.1404737767661531
2.52983,-0.0008470906377063148,0.1404729296755154
2.54964,-0.0008562637824189041,0.14047207341173298
2.56984,-0.0010917932031926634,0.14047098161852978
2.58986,-0.0009213228995938069,0.1404700602956302
2.60976,-0.0008333034101448947,0.14046922699222006
2.62981,-0.0008628248168137906,0.14046836416740327
2.64983,-0.0010235527238436984,0.14046734061467941
2.66981,-0.0011836057294237188,0.14046615700895
2.6899,-0.0011688514774496508,0.14046498815747255
2.70976,-0.0010184164869524637,0.1404639697409856
2.72978,-0.0009332740940710916,0.1404630364668915
2.74977,-0.0009209575306517788,0.14046211550936089
2.76967,-0.0010611559583909842,0.1404610543534025
2.78984,-0.0012107079523053137,0.1404598436454502
2.80983,-0.0010903596322709207,0.14045875328581792
2.82973,-0.0010939819558165478,0.14045765930386211
2.84978,-0.0011397342864900395,0.14045651956957564
2.86983,-0.001125496032574489,0.14045539407354304
2.88972,-0.0009659886689303727,0.14045442808487413
2.90971,-0.0009696944085643807,0.14045345839046555
2.92973,-0.0008926327788733643,0.14045256575768666
2.94975,-0.0008453534787294972,0.14045172040420795
2.96965,-0.0007973105752653592,0.1404509230936327
2.98964,-0.0009197076914842355,0.1404500033859412
3.00978,-0.0010993232362507758,0.14044890406270497
3.02968,-0.0011202821178410633,0.14044778378058712
3.04979,-0.001236814477236862,0.1404465469661099
3.06975,-0.0011467480941836224,0.1404454002180157
3.0898,-0.0010993371066547698,0.14044430088090903
3.10973,-0.0008664850259734601,0.14044343439588305
3.12965,-0.0007871349590164419,0.14044264726092406
3.14964,-0.0007888143519243092,0.14044185844657214
3.16969,-0.0009529170235844719,0.14044090552954855
3.18968,-0.0011588136906150262,0.14043974671585793
3.20979,-0.001414938022236221,0.14043833177783568
3.22987,-0.001531941123575279,0.14043679983671212
3.24986,-0.0014354605032049184,0.1404353643762089
3.26988,-0.001442761686301893,0.14043392161452262
3.28981,-0.0011771125836386423,0.140432744501939
3.30995,-0.0011078740504008218,0.14043163662788857
3.32964,-0.000859430384021492,0.14043077719750455
3.34981,-0.001061549430980094,0.14042971564807358
3.36977,-0.00094606104232896,0.14042876958703124
3.38969,-0.0009940743532686404,0.140427775512678
3.40971,-0.000925182126788683,0.1404268503305512
3.4297,-0.000862214020625632,0.14042598811653056
3.44966,-0.000784494961718998,0.14042520362156885
3.46968,-0.0007798438397765086,0.14042442377772907
3.48961,-0.0009281647910240812,0.14042349561293804
3.50969,-0.0012870391190553273,0.14042220857381899
3.52983,-0.0015397001549058416,0.14042066887366408
3.54985,-0.001632429135601098,0.1404190364445285
3.56993,-0.0015856593989354555,0.14041745078512954
3.58995,-0.0013598181884022364,0.14041609096694116
3.60985,-0.0012868918451903364,0.14041480407509596
3.62984,-0.0013749711389136343,0.14041342910395704
3.65001,-0.0015593141454604451,0.1404118697898116
3.66991,-0.0016407392811176368,0.14041022905053047
3.69002,-0.0019034350758378362,0.14040832561545463
3.71004,-0.0020143543969397197,0.14040631126105768
3.73012,-0.0020577869431255775,0.1404042534741146
3.75008,-0.0018018565375987916,0.14040245161757697
3.76994,-0.001716736863514329,0.14040073488071345
3.78996,-0.001716824396760784,0.14039901805631666
3.81007,-0.001823208190412667,0.14039719484812627
3.82997,-0.0017802092351262048,0.14039541463889113
3.85008,-0.0019071126609435081,0.14039350752623017
3.8701,-0.0017509804398336186,0.14039175654579036
3.89006,-0.0016687326788389588,0.14039008781311152
3.91002,-0.0016083123151075965,0.14038847950079641
3.93007,-0.0017642728976511699,0.14038671522789875
3.95015,-0.0019783819552283825,0.14038473684594352
3.9702,-0.0021458261942482147,0.1403825910197493
3.99022,-0.0022060672408502303,0.14038038495250843
4.01027,-0.0019901831411532475,0.14037839476936728
4.0302,-0.0018080561745446354,0.14037658671319272
4.05006,-0.0017274933597625573,0.14037485921983298
4.07024,-0.0018914334592006923,0.14037296778637376
4.0901,-0.001752392391765624,0.14037121539398198
4.11009,-0.0018351197144343024,0.14036938027426754
4.13008,-0.0016223073782461784,0.1403677579668893
4.1501,-0.0016315792377527333,0.14036612638765153
4.16994,-0.001553126038996697,0.14036457326161253
4.19011,-0.0017723422931491728,0.14036280091931938
4.2101,-0.001695149613684085,0.1403611057697057
4.23015,-0.001805678490421517,0.14035930009121528
4.25014,-0.0014919745235384028,0.14035780811669174
4.2701,-0.0014397526747333771,0.140356368364017
4.2899,-0.0012386667448542532,0.14035512969727215
4.3101,-0.0014330001693923736,0.14035369669710276
4.32991,-0.0013109306583898859,0.14035238576644438
4.35002,-0.0018051664420407488,0.14035058060000233
4.3701,-0.0021297786861480877,0.1403484508213162
4.39033,-0.002589395246275656,0.14034586142606992
4.41042,-0.0025597357280585666,0.14034330169034187
4.43037,-0.0024545905461846825,0.14034084709979566
4.45033,-0.002285866410947767,0.14033856123338473
4.47032,-0.002152474591005486,0.14033640875879372
4.49022,-0.002172567275105374,0.1403342361915186
4.51024,-0.002436917148693136,0.14033179927436992
4.53038,-0.0026679481733461676,0.1403291313261966
4.55043,-0.0026790290924880197,0.14032645229710408
4.57036,-0.0025195493486697986,0.14032393274775543
4.59041,-0.0024314782708769697,0.14032150126948456
4.61034,-0.0023261126641903997,0.14031917515682038
4.63036,-0.0024044658372997384,0.14031677069098308
4.65028,-0.002435609518293097,0.1403143350814648
4.67036,-0.0027406497348742296,0.1403115944317299
4.69041,-0.0028605924852097265,0.1403087338392447
4.71056,-0.003001929246016717,0.1403057319099987
4.73048,-0.002618716366911015,0.14030311319363176
4.75044,-0.002425646083618974,0.14030068754754815
4.77022,-0.0021687923814141096,0.14029851875516675
4.79033,-0.0023077043301761558,0.14029621105083656
4.81023,-0.0022784314876442596,0.14029393261934892
4.83025,-0.002234937755450946,0.14029169768159347
4.85026,-0.0019448955477348322,0.14028975278604575
4.87004,-0.0017010094679524032,0.1402880517765778
4.89006,-0.0016505589942408926,0.14028640121758357
4.91011,-0.0015202400798790974,0.14028488097750366
4.92998,-0.0014716365000130252,0.14028340934100367
4.95003,-0.0016773306191785382,0.1402817320103845
4.97011,-0.0020495772539492825,0.14027968243313052
4.99022,-0.0022989060509689754,0.14027738352707955
5.01036,-0.0023697704994108644,0.14027501375658014
5.03026,-0.002191678693883718,0.14027282207788624
5.05034,-0.002305859560747293,0.1402705162183255
5.07033,-0.0023457115858108515,0.1402681705067397
5.09038,-0.0025163864000132263,0.1402656541203397
5.11043,-0.0025527222277674237,0.14026310139811193
5.13045,-0.0025529906335402747,0.1402605484074784
5.15044,-0.0026888487331794973,0.1402578595587452
5.17052,-0.002882577213256314,0.14025497698153194
5.19066,-0.0030023564381565144,0.1402519746250938
5.21068,-0.0028660566129164733,0.14024910856848088
5.23057,-0.0026950054689446738,0.14024641356301193
5.25059,-0.002793619472560357,0.14024361994353937
5.27061,-0.0029686511134519723,0.1402406512924259
5.29079,-0.003271395717875429,0.140237379896708
5.31068,-0.0032311800140778016,0.14023414871669396
5.33076,-0.0033620842373341376,0.1402307866324566
5.35069,-0.0031374245649209054,0.14022764920789169
5.37071,-0.00306991760926486,0.14022457929028245
5.39055,-0.0027134248121225796,0.1402218658654703
5.41057,-0.002517204819962356,0.14021934866065036
5.4304,-0.0021566216829902304,0.14021719203896738
5.45033,-0.0021189318835698953,0.1402150731070838
5.47023,-0.00214586137903965,0.14021292724570478
5.49028,-0.0023409573796390926,0.14021058628832517
5.51033,-0.0021937938578541613,0.1402083924944673
5.53029,-0.001934506646139224,0.14020645798782116
5.55009,-0.0016825037280439865,0.14020477548409313
5.57014,-0.0016853047046974808,0.14020309017938842
5.59013,-0.0016478396137593787,0.1402014423397747
5.61006,-0.0017417191186867027,0.140199700620656
5.63014,-0.001963771409867224,0.14019773684924614
5.65022,-0.002175986011455962,0.14019556086323468
5.67033,-0.0024091064313243407,0.14019315175680336
5.69041,-0.0023877436768994747,0.14019076401312647
5.71043,-0.002362016197032021,0.14018840199692945
5.73039,-0.0024544277159832084,0.14018594756921346
5.7505,-0.0027260387318131874,0.14018322153048163
5.77064,-0.002910272712607168,0.14018031125776903
5.7906,-0.002844694574901725,0.14017746656319416
5.81062,-0.00274487963969975,0.14017472168355447
5.83052,-0.0025822803484397165,0.14017213940320603
5.85051,-0.0027805884814182855,0.14016935881472462
5.87053,-0.0029181340612001007,0.14016644068066342
5.89067,-0.003069020587055326,0.14016337166007636
5.9106,-0.0028915612380892093,0.14016048009883827
5.93056,-0.003107963174648623,0.14015737213566362
5.95055,-0.0034366131665549845,0.14015393552249708
5.97078,-0.003768990933249299,0.14015016653156384
5.99077,-0.0035004533981216105,0.14014666607816573
6.0106,-0.0030865496321394155,0.14014357952853357
6.03053,-0.0027958583996057548,0.14014078367013397
6.05046,-0.0025744028919563702,0.14013820926724202
6.07036,-0.0025176956336981334,0.14013569157160835
6.09026,-0.002441896557703632,0.14013324967505064
6.11034,-0.0025212882813731613,0.14013072838676927
6.13026,-0.0024873060919376037,0.1401282410806773
6.15031,-0.0025821054220169634,0.14012565897525528
6.17024,-0.002651077059134278,0.14012300789819615
6.19032,-0.002856869891046343,0.1401201510283051
6.21037,-0.0028675481831575735,0.14011728348012192
6.23036,-0.002723365442275423,0.14011456011467965
6.25029,-0.002473061852390906,0.14011208705282727
6.27022,-0.0023833102397514236,0.1401097037425875
6.29024,-0.002448453043647398,0.14010725528954385
6.31032,-0.0025407488797804896,0.1401047145406641
6.33031,-0.002619614441722103,0.14010209492622236
6.3503,-0.002708621814162804,0.1400993863044082
6.37041,-0.0027381043661401355,0.14009664820004208
6.39033,-0.002608928909663425,0.1400940392711324
6.41026,-0.0025173694603969087,0.140091521901672
6.43022,-0.002471288278771687,0.14008905061339325
6.45015,-0.0024976101670657917,0.14008655300322617
6.4702,-0.002577590250571613,0.1400839754129756
6.49019,-0.0026050669348386497,0.14008137034604073
6.51024,-0.0027227184971065454,0.14007864762754363
6.53023,-0.0029840246036799485,0.14007566360293996
6.5504,-0.0031938348951969465,0.14007246976804477
6.57048,-0.003154268669803575,0.14006931549937496
6.59032,-0.002971016208066068,0.14006634448316688
6.61031,-0.002850259473843413,0.14006349422369305
6.63032,-0.0026632865176315222,0.1400608309371754
6.65019,-0.0025706077144471012,0.14005826032946092
6.67021,-0.0025942621659249673,0.140055666067295
6.69023,-0.0027545608753309896,0.14005291150641966
6.71022,-0.002774809466528526,0.14005013669695315
6.7303,-0.002877808963594931,0.14004725888798952
6.75017,-0.0027824011107214336,0.14004447648687882
6.77034,-0.002944532074061704,0.14004153195480476
6.79027,-0.00284169221278782,0.14003869026259197
6.81026,-0.0029044504890235467,0.14003578581210296
6.83031,-0.0027325060645863623,0.14003305330603838
6.85017,-0.002588653305757202,0.1400304646527326
6.87013,-0.0025802372729477746,0.14002788441545966
6.89021,-0.0025688587250944804,0.1400253155567346
6.91014,-0.002535852822898357,0.1400227797039117
6.9301,-0.002526619309289621,0.1400202530846024
6.95018,-0.0028010889830117304,0.14001745199561938
6.9702,-0.003152697955135784,0.14001429929766426
6.99046,-0.0035438846620542636,0.1400107554130022
7.01042,-0.003510716591270253,0.1400072446964109
7.03044,-0.003494835043080498,0.14000374986136782
7.05046,-0.003310926584171835,0.14000043893478367
7.07033,-0.0031797862607750656,0.1399972591485229
7.09029,-0.0031881746220037066,0.13999407097390087
7.11034,-0.0032229836754449383,0.13999084799022543
7.13032,-0.003105176225266746,0.13998774281400017
7.15025,-0.0029629049508503374,0.1399847799090493
7.17012,-0.0029174540176096254,0.1399818624550317
7.19023,-0.003129389744573602,0.13997873306528713
7.21028,-0.00309754431254724,0.13997563552097458
7.23018,-0.0030541562891815113,0.1399725813646854
7.25011,-0.002831182401323571,0.13996975018228408
7.27016,-0.0027116576161020185,0.139967038524668
7.28999,-0.00258350218548761,0.13996445502248248
7.31007,-0.0027158747263813627,0.1399617391477561
7.33009,-0.0027407299909412426,0.13995899841776516
7.35002,-0.002827358818104518,0.13995617105894703
7.3701,-0.002916026691268527,0.13995325503225575
7.39012,-0.0029809728495360146,0.13995027405940622
7.41017,-0.003060535586598219,0.1399472135238196
7.43019,-0.003115696828529511,0.1399440978269911
7.45018,-0.0030403561113993074,0.1399410574708797
7.4702,-0.003015024698448612,0.13993804244618124
7.4901,-0.0029140343652505154,0.139935128411816
7.51012,-0.002951131019362486,0.13993217728079663
7.5301,-0.0028293010146314217,0.13992934797978201
7.55006,-0.002445295849964936,0.13992690268393204
7.56996,-0.0020867042836812794,0.13992481597964837
7.58971,-0.0018626990326366063,0.13992295328061574
7.60994,-0.0020444670528966084,0.13992090881356287
7.62987,-0.0019794128070680264,0.1399189294007558
7.64986,-0.002172996525887257,0.1399167564042299
7.66994,-0.002292729209442945,0.13991446367502045
7.68993,-0.002635267613632062,0.13991182840740682
7.71004,-0.0029437802578907045,0.13990888462714893
7.73015,-0.0030593374669618738,0.13990582528968196
7.75008,-0.0029163271096430193,0.13990290896257235
7.77003,-0.0028990074233757874,0.13990000995514898
7.79005,-0.002726640464258244,0.1398972833146847
7.81004,-0.0026149692788695403,0.13989466834540581
7.82988,-0.0024905106214333193,0.1398921778347844
7.84996,-0.002580688380678755,0.1398895971464037
7.87001,-0.0024725654789791844,0.13988712458092475
7.88991,-0.002492302625149247,0.1398846322782996
7.90993,-0.0026317009806205273,0.13988200057731898
7.9301,-0.00284229578048641,0.1398791582815385
7.95012,-0.002922179122270378,0.13987623610241623
7.97014,-0.00293172018087391,0.13987330438223536
7.99016,-0.003014587813824869,0.13987028979442154
8.01021,-0.0030699153035004126,0.13986721987911802
8.03032,-0.0031458331795258085,0.13986407404593848
8.05022,-0.00321790472974401,0.13986085614120874
8.07036,-0.0033377925177916455,0.13985751834869095
8.09047,-0.003252641811522064,0.13985426570687945
8.11021,-0.003006933647801477,0.13985125877323162
8.13023,-0.00316628133834817,0.13984809249189328
8.15016,-0.003251580046072289,0.1398448409118472
8.17033,-0.0034696144337696194,0.13984137129741342
8.19023,-0.0032229647755705583,0.13983814833263786
8.21016,-0.0031078005603079727,0.13983504053207754
8.23009,-0.002961962380665726,0.13983207856969687
8.25011,-0.0029902169231111847,0.13982908835277377
8.27003,-0.002985859670676032,0.1398261024931031
8.29008,-0.0030259977818331315,0.13982307649532127
8.31004,-0.002922060703125961,0.13982015443461815
8.33006,-0.0029019256104376406,0.1398172525090077
8.35005,-0.0028494765616513982,0.13981440303244602
8.37007,-0.002999949606872338,0.13981140308283915
8.39009,-0.0029148476474564196,0.1398084882351917
8.41014,-0.0027233459714162164,0.13980576488922028
8.42989,-0.0025072368609067737,0.13980325765235938
8.44997,-0.0026864980580751045,0.1398005711543013
8.47005,-0.0029893080674773882,0.13979758184623384
8.49004,-0.003276757766525442,0.13979430508846732
8.51024,-0.0034185953391664197,0.13979088649312818
8.53014,-0.0031505155958325404,0.13978773597753236
8.55012,-0.0029015367630753812,0.1397848344407693
8.57002,-0.002503231570291676,0.139782331209199
8.58992,-0.002215488771447137,0.13978011572042756
8.60982,-0.0021139355246590037,0.1397780017849029
8.62978,-0.002218360382312586,0.1397757834245206
8.64986,-0.0026638894216936414,0.1397731195350989
8.67,-0.003216329393229467,0.13976990320570568
8.69026,-0.003821562091158754,0.1397660816436145
8.7104,-0.004093147610047498,0.1397619884960045
8.73051,-0.004250468796929094,0.13975773802720756
8.7505,-0.004129745724391859,0.13975360828148317
8.77055,-0.0038882586666433377,0.13974972002281652
8.79036,-0.003452989053005759,0.1397462670337635
8.81023,-0.0031669290761450137,0.13974310010468738
8.83015,-0.002923657941619833,0.13974017644674575
8.84999,-0.0026984984419329053,0.13973747794830382
8.86989,-0.002537564737539646,0.1397349403835663
8.88982,-0.0023248272517901528,0.1397326155563145
8.90974,-0.0022603503975578095,0.13973035520591695
8.9297,-0.0022850368021680935,0.1397280701691148
8.94975,-0.002383397725887125,0.1397256867713889
8.9698,-0.002377082919148459,0.13972330968846977
8.98976,-0.0024065818617557003,0.139720903106608
9.00981,-0.002474058445382409,0.13971842904816262
9.02989,-0.0025562899173650496,0.13971587275824524
9.04991,-0.002692134254899917,0.13971318062399035
9.06996,-0.0028790541957025464,0.13971030156979464
9.09013,-0.0030970940857835186,0.13970720447570886
9.11009,-0.0033279474490279727,0.13970387652825983
9.13026,-0.003652964269010449,0.13970022356399084
9.15044,-0.0038943781797441644,0.13969632918581107
9.17039,-0.004147169121413648,0.13969218201668968
9.19063,-0.004379766963178289,0.1396878022497265
9.21065,-0.004151565440671208,0.13968365068428581
9.23054,-0.003847676948797678,0.139679803007337
9.25044,-0.0035524217402420105,0.13967625058559677
9.27037,-0.0034074564923665517,0.1396728431291044
9.2903,-0.003278699851035179,0.13966956442925338
9.31013,-0.0031605754512306202,0.13966640385380213
9.33006,-0.0031902039359370843,0.13966321364986622
9.35008,-0.003061241267579991,0.13966015240859864
9.37004,-0.0030017402419812685,0.13965715066835666
9.38988,-0.002880302675021373,0.13965427036568165
9.41008,-0.003207239464739286,0.13965106312621692
9.42998,-0.003301705340270445,0.13964776142087665
9.45021,-0.00360869224759599,0.13964415272862904
9.47014,-0.003631254552982524,0.13964052147407607
9.49025,-0.0037904740617038233,0.13963673100001436
9.51039,-0.0037279481635671776,0.13963300305185078
9.5302,-0.003460795450200372,0.1396295422564006
9.55022,-0.0034210589465559324,0.13962612119745405
9.57011,-0.00313581120625733,0.1396229853862478
9.59007,-0.0030212102271281864,0.13961996417602066
9.60985,-0.002831938781336665,0.13961713223723934
9.62996,-0.00299132786894351,0.13961414090937038
9.64998,-0.0029460360113432284,0.13961119487335905
9.66997,-0.002953996396196297,0.13960824087696286
9.6899,-0.00299118483681539,0.13960524969212604
9.71004,-0.0031911022343800183,0.13960205858989164
9.73018,-0.003324936741972645,0.13959873365314968
9.75014,-0.003331021846327472,0.13959540263130338
9.77022,-0.003418921079353824,0.13959198371022402
9.79021,-0.0033715167836825795,0.13958861219344035
9.81029,-0.003361937554842817,0.1395852502558855
9.83012,-0.003339625648235799,0.13958191063023725
9.8502,-0.003518616796114164,0.13957839201344116
9.87028,-0.0036240612076278277,0.13957476795223353
9.89024,-0.0037414748114017278,0.13957102647742214
9.91032,-0.0038513415380003945,0.13956717513588413
9.93037,-0.0037695206336614048,0.1395634056152505
9.95024,-0.0037577423802790566,0.1395596478728702
9.97023,-0.003707843109471956,0.1395559400297607
9.99031,-0.0037195631148488084,0.13955222046664587
